

================================================================
== Vitis HLS Report for 'kernel'
================================================================
* Date:           Thu Mar 19 03:45:11 2026

* Version:        2025.1 (Build 6135595 on May 21 2025)
* Project:        work
* Solution:       hls (Vitis Kernel Flow Target)
* Product family: virtexuplus
* Target device:  xcu200-fsgd2104-2-e


================================================================
== Performance Estimates
================================================================
+ Timing: 
    * Summary: 
    +--------+---------+----------+------------+
    |  Clock |  Target | Estimated| Uncertainty|
    +--------+---------+----------+------------+
    |ap_clk  |  5.00 ns|  3.650 ns|     1.35 ns|
    +--------+---------+----------+------------+

+ Latency: 
    * Summary: 
    +---------+---------+----------+----------+-----+-----+---------+
    |  Latency (cycles) |  Latency (absolute) |  Interval | Pipeline|
    |   min   |   max   |    min   |    max   | min | max |   Type  |
    +---------+---------+----------+----------+-----+-----+---------+
    |      145|      145|  0.725 us|  0.725 us|  146|  146|       no|
    +---------+---------+----------+----------+-----+-----+---------+

    + Detail: 
        * Instance: 
        N/A

        * Loop: 
        +----------+---------+---------+----------+-----------+-----------+------+----------+
        |          |  Latency (cycles) | Iteration|  Initiation Interval  | Trip |          |
        | Loop Name|   min   |   max   |  Latency |  achieved |   target  | Count| Pipelined|
        +----------+---------+---------+----------+-----------+-----------+------+----------+
        |- loop    |        1|        1|         1|          1|          2|     2|       yes|
        +----------+---------+---------+----------+-----------+-----------+------+----------+



================================================================
== Utilization Estimates
================================================================
* Summary: 
+---------------------+---------+------+---------+---------+-----+
|         Name        | BRAM_18K|  DSP |    FF   |   LUT   | URAM|
+---------------------+---------+------+---------+---------+-----+
|DSP                  |        -|     -|        -|        -|    -|
|Expression           |        -|     -|        0|      152|    -|
|FIFO                 |        -|     -|        -|        -|    -|
|Instance             |       16|     -|    15940|    20104|    0|
|Memory               |        -|     -|        -|        -|    -|
|Multiplexer          |        -|     -|        0|     1507|    -|
|Register             |        -|     -|     2658|        -|    -|
+---------------------+---------+------+---------+---------+-----+
|Total                |       16|     0|    18598|    21763|    0|
+---------------------+---------+------+---------+---------+-----+
|Available SLR        |     1440|  2280|   788160|   394080|  320|
+---------------------+---------+------+---------+---------+-----+
|Utilization SLR (%)  |        1|     0|        2|        5|    0|
+---------------------+---------+------+---------+---------+-----+
|Available            |     4320|  6840|  2364480|  1182240|  960|
+---------------------+---------+------+---------+---------+-----+
|Utilization (%)      |       ~0|     0|       ~0|        1|    0|
+---------------------+---------+------+---------+---------+-----+

+ Detail: 
    * Instance: 
    +-----------------+---------------+---------+----+------+------+-----+
    |     Instance    |     Module    | BRAM_18K| DSP|  FF  |  LUT | URAM|
    +-----------------+---------------+---------+----+------+------+-----+
    |control_s_axi_U  |control_s_axi  |        0|   0|  1716|  3112|    0|
    |gmem0_0_m_axi_U  |gmem0_0_m_axi  |        1|   0|   629|   747|    0|
    |gmem0_1_m_axi_U  |gmem0_1_m_axi  |        1|   0|   629|   747|    0|
    |gmem0_2_m_axi_U  |gmem0_2_m_axi  |        1|   0|   629|   747|    0|
    |gmem0_3_m_axi_U  |gmem0_3_m_axi  |        1|   0|   629|   747|    0|
    |gmem0_4_m_axi_U  |gmem0_4_m_axi  |        1|   0|   629|   747|    0|
    |gmem0_5_m_axi_U  |gmem0_5_m_axi  |        1|   0|   629|   747|    0|
    |gmem0_6_m_axi_U  |gmem0_6_m_axi  |        1|   0|   629|   747|    0|
    |gmem0_7_m_axi_U  |gmem0_7_m_axi  |        1|   0|   629|   747|    0|
    |gmem1_0_m_axi_U  |gmem1_0_m_axi  |        1|   0|   629|   747|    0|
    |gmem1_1_m_axi_U  |gmem1_1_m_axi  |        1|   0|   629|   747|    0|
    |gmem1_2_m_axi_U  |gmem1_2_m_axi  |        1|   0|   629|   747|    0|
    |gmem1_3_m_axi_U  |gmem1_3_m_axi  |        1|   0|   629|   747|    0|
    |gmem1_4_m_axi_U  |gmem1_4_m_axi  |        1|   0|   629|   747|    0|
    |gmem1_5_m_axi_U  |gmem1_5_m_axi  |        1|   0|   629|   747|    0|
    |gmem1_6_m_axi_U  |gmem1_6_m_axi  |        1|   0|   629|   747|    0|
    |gmem1_7_m_axi_U  |gmem1_7_m_axi  |        1|   0|   629|   747|    0|
    |gmem2_0_m_axi_U  |gmem2_0_m_axi  |        0|   0|   520|   630|    0|
    |gmem2_1_m_axi_U  |gmem2_1_m_axi  |        0|   0|   520|   630|    0|
    |gmem2_2_m_axi_U  |gmem2_2_m_axi  |        0|   0|   520|   630|    0|
    |gmem2_3_m_axi_U  |gmem2_3_m_axi  |        0|   0|   520|   630|    0|
    |gmem2_4_m_axi_U  |gmem2_4_m_axi  |        0|   0|   520|   630|    0|
    |gmem2_5_m_axi_U  |gmem2_5_m_axi  |        0|   0|   520|   630|    0|
    |gmem2_6_m_axi_U  |gmem2_6_m_axi  |        0|   0|   520|   630|    0|
    |gmem2_7_m_axi_U  |gmem2_7_m_axi  |        0|   0|   520|   630|    0|
    +-----------------+---------------+---------+----+------+------+-----+
    |Total            |               |       16|   0| 15940| 20104|    0|
    +-----------------+---------------+---------+----+------+------+-----+

    * DSP: 
    N/A

    * Memory: 
    N/A

    * FIFO: 
    N/A

    * Expression: 
    +-----------------------+----------+----+---+----+------------+------------+
    |     Variable Name     | Operation| DSP| FF| LUT| Bitwidth P0| Bitwidth P1|
    +-----------------------+----------+----+---+----+------------+------------+
    |add_ln22_1_fu_1768_p2  |         +|   0|  0|  16|           9|           9|
    |add_ln22_2_fu_1796_p2  |         +|   0|  0|  16|           9|           9|
    |add_ln22_3_fu_1824_p2  |         +|   0|  0|  16|           9|           9|
    |add_ln22_4_fu_1852_p2  |         +|   0|  0|  16|           9|           9|
    |add_ln22_5_fu_1880_p2  |         +|   0|  0|  16|           9|           9|
    |add_ln22_6_fu_1908_p2  |         +|   0|  0|  16|           9|           9|
    |add_ln22_7_fu_1936_p2  |         +|   0|  0|  16|           9|           9|
    |add_ln22_fu_1586_p2    |         +|   0|  0|  16|           9|           9|
    |i_fu_2150_p2           |         +|   0|  0|  12|           5|           4|
    |ap_block_state1        |        or|   0|  0|   2|           1|           1|
    |ap_block_state145      |        or|   0|  0|   2|           1|           1|
    |ap_block_state2_io     |        or|   0|  0|   2|           1|           1|
    |ap_block_state73       |        or|   0|  0|   2|           1|           1|
    |ap_block_state76_io    |        or|   0|  0|   2|           1|           1|
    |ap_block_state77_io    |        or|   0|  0|   2|           1|           1|
    +-----------------------+----------+----+---+----+------------+------------+
    |Total                  |          |   0|  0| 152|          83|          82|
    +-----------------------+----------+----+---+----+------------+------------+

    * Multiplexer: 
    +---------------------+-----+-----------+-----+-----------+
    |         Name        | LUT | Input Size| Bits| Total Bits|
    +---------------------+-----+-----------+-----+-----------+
    |ap_NS_fsm            |  769|        146|    1|        146|
    |ap_done              |    9|          2|    1|          2|
    |gmem0_0_blk_n_AR     |    9|          2|    1|          2|
    |gmem0_0_blk_n_R      |    9|          2|    1|          2|
    |gmem0_1_blk_n_AR     |    9|          2|    1|          2|
    |gmem0_1_blk_n_R      |    9|          2|    1|          2|
    |gmem0_2_blk_n_AR     |    9|          2|    1|          2|
    |gmem0_2_blk_n_R      |    9|          2|    1|          2|
    |gmem0_3_blk_n_AR     |    9|          2|    1|          2|
    |gmem0_3_blk_n_R      |    9|          2|    1|          2|
    |gmem0_4_blk_n_AR     |    9|          2|    1|          2|
    |gmem0_4_blk_n_R      |    9|          2|    1|          2|
    |gmem0_5_blk_n_AR     |    9|          2|    1|          2|
    |gmem0_5_blk_n_R      |    9|          2|    1|          2|
    |gmem0_6_blk_n_AR     |    9|          2|    1|          2|
    |gmem0_6_blk_n_R      |    9|          2|    1|          2|
    |gmem0_7_blk_n_AR     |    9|          2|    1|          2|
    |gmem0_7_blk_n_R      |    9|          2|    1|          2|
    |gmem1_0_blk_n_AR     |    9|          2|    1|          2|
    |gmem1_0_blk_n_R      |    9|          2|    1|          2|
    |gmem1_1_blk_n_AR     |    9|          2|    1|          2|
    |gmem1_1_blk_n_R      |    9|          2|    1|          2|
    |gmem1_2_blk_n_AR     |    9|          2|    1|          2|
    |gmem1_2_blk_n_R      |    9|          2|    1|          2|
    |gmem1_3_blk_n_AR     |    9|          2|    1|          2|
    |gmem1_3_blk_n_R      |    9|          2|    1|          2|
    |gmem1_4_blk_n_AR     |    9|          2|    1|          2|
    |gmem1_4_blk_n_R      |    9|          2|    1|          2|
    |gmem1_5_blk_n_AR     |    9|          2|    1|          2|
    |gmem1_5_blk_n_R      |    9|          2|    1|          2|
    |gmem1_6_blk_n_AR     |    9|          2|    1|          2|
    |gmem1_6_blk_n_R      |    9|          2|    1|          2|
    |gmem1_7_blk_n_AR     |    9|          2|    1|          2|
    |gmem1_7_blk_n_R      |    9|          2|    1|          2|
    |gmem2_0_blk_n_AW     |    9|          2|    1|          2|
    |gmem2_0_blk_n_B      |    9|          2|    1|          2|
    |gmem2_0_blk_n_W      |    9|          2|    1|          2|
    |gmem2_1_blk_n_AW     |    9|          2|    1|          2|
    |gmem2_1_blk_n_B      |    9|          2|    1|          2|
    |gmem2_1_blk_n_W      |    9|          2|    1|          2|
    |gmem2_2_blk_n_AW     |    9|          2|    1|          2|
    |gmem2_2_blk_n_B      |    9|          2|    1|          2|
    |gmem2_2_blk_n_W      |    9|          2|    1|          2|
    |gmem2_3_blk_n_AW     |    9|          2|    1|          2|
    |gmem2_3_blk_n_B      |    9|          2|    1|          2|
    |gmem2_3_blk_n_W      |    9|          2|    1|          2|
    |gmem2_4_blk_n_AW     |    9|          2|    1|          2|
    |gmem2_4_blk_n_B      |    9|          2|    1|          2|
    |gmem2_4_blk_n_W      |    9|          2|    1|          2|
    |gmem2_5_blk_n_AW     |    9|          2|    1|          2|
    |gmem2_5_blk_n_B      |    9|          2|    1|          2|
    |gmem2_5_blk_n_W      |    9|          2|    1|          2|
    |gmem2_6_blk_n_AW     |    9|          2|    1|          2|
    |gmem2_6_blk_n_B      |    9|          2|    1|          2|
    |gmem2_6_blk_n_W      |    9|          2|    1|          2|
    |gmem2_7_blk_n_AW     |    9|          2|    1|          2|
    |gmem2_7_blk_n_B      |    9|          2|    1|          2|
    |gmem2_7_blk_n_W      |    9|          2|    1|          2|
    |i1_fu_282            |    9|          2|    5|         10|
    |shiftreg2_fu_286     |    9|          2|   16|         32|
    |shiftreg323_fu_290   |    9|          2|   16|         32|
    |shiftreg344_fu_294   |    9|          2|   16|         32|
    |shiftreg365_fu_298   |    9|          2|   16|         32|
    |shiftreg386_fu_302   |    9|          2|   16|         32|
    |shiftreg407_fu_306   |    9|          2|   16|         32|
    |shiftreg428_fu_310   |    9|          2|   16|         32|
    |shiftreg449_fu_314   |    9|          2|   16|         32|
    |shiftreg4610_fu_318  |    9|          2|   16|         32|
    |shiftreg4811_fu_322  |    9|          2|   16|         32|
    |shiftreg5012_fu_326  |    9|          2|   16|         32|
    |shiftreg5213_fu_330  |    9|          2|   16|         32|
    |shiftreg5414_fu_334  |    9|          2|   16|         32|
    |shiftreg5615_fu_338  |    9|          2|   16|         32|
    |shiftreg5816_fu_342  |    9|          2|   16|         32|
    |shiftreg6017_fu_346  |    9|          2|   16|         32|
    |shiftreg6218_fu_350  |    9|          2|   25|         50|
    |shiftreg6420_fu_354  |    9|          2|   25|         50|
    |shiftreg6622_fu_358  |    9|          2|   25|         50|
    |shiftreg6824_fu_362  |    9|          2|   25|         50|
    |shiftreg7026_fu_366  |    9|          2|   25|         50|
    |shiftreg7228_fu_370  |    9|          2|   25|         50|
    |shiftreg7430_fu_374  |    9|          2|   25|         50|
    |shiftreg7632_fu_378  |    9|          2|   25|         50|
    +---------------------+-----+-----------+-----+-----------+
    |Total                | 1507|        310|  519|       1182|
    +---------------------+-----+-----------+-----+-----------+

    * Register: 
    +----------------------------+-----+----+-----+-----------+
    |            Name            |  FF | LUT| Bits| Const Bits|
    +----------------------------+-----+----+-----+-----------+
    |ap_CS_fsm                   |  145|   0|  145|          0|
    |ap_done_reg                 |    1|   0|    1|          0|
    |ap_rst_n_inv                |    1|   0|    1|          0|
    |ap_rst_reg_1                |    1|   0|    1|          0|
    |ap_rst_reg_2                |    1|   0|    1|          0|
    |gmem0_0_addr_read_reg_2616  |   16|   0|   16|          0|
    |gmem0_0_addr_reg_2464       |   64|   0|   64|          0|
    |gmem0_1_addr_read_reg_2626  |   16|   0|   16|          0|
    |gmem0_1_addr_reg_2476       |   64|   0|   64|          0|
    |gmem0_2_addr_read_reg_2631  |   16|   0|   16|          0|
    |gmem0_2_addr_reg_2482       |   64|   0|   64|          0|
    |gmem0_3_addr_read_reg_2636  |   16|   0|   16|          0|
    |gmem0_3_addr_reg_2488       |   64|   0|   64|          0|
    |gmem0_4_addr_read_reg_2641  |   16|   0|   16|          0|
    |gmem0_4_addr_reg_2494       |   64|   0|   64|          0|
    |gmem0_5_addr_read_reg_2646  |   16|   0|   16|          0|
    |gmem0_5_addr_reg_2500       |   64|   0|   64|          0|
    |gmem0_6_addr_read_reg_2651  |   16|   0|   16|          0|
    |gmem0_6_addr_reg_2506       |   64|   0|   64|          0|
    |gmem0_7_addr_read_reg_2656  |   16|   0|   16|          0|
    |gmem0_7_addr_reg_2512       |   64|   0|   64|          0|
    |gmem1_0_addr_read_reg_2621  |   16|   0|   16|          0|
    |gmem1_0_addr_reg_2470       |   64|   0|   64|          0|
    |gmem1_1_addr_read_reg_2661  |   16|   0|   16|          0|
    |gmem1_1_addr_reg_2518       |   64|   0|   64|          0|
    |gmem1_2_addr_read_reg_2666  |   16|   0|   16|          0|
    |gmem1_2_addr_reg_2524       |   64|   0|   64|          0|
    |gmem1_3_addr_read_reg_2671  |   16|   0|   16|          0|
    |gmem1_3_addr_reg_2530       |   64|   0|   64|          0|
    |gmem1_4_addr_read_reg_2676  |   16|   0|   16|          0|
    |gmem1_4_addr_reg_2536       |   64|   0|   64|          0|
    |gmem1_5_addr_read_reg_2681  |   16|   0|   16|          0|
    |gmem1_5_addr_reg_2542       |   64|   0|   64|          0|
    |gmem1_6_addr_read_reg_2686  |   16|   0|   16|          0|
    |gmem1_6_addr_reg_2548       |   64|   0|   64|          0|
    |gmem1_7_addr_read_reg_2691  |   16|   0|   16|          0|
    |gmem1_7_addr_reg_2554       |   64|   0|   64|          0|
    |gmem2_0_addr_reg_2609       |   64|   0|   64|          0|
    |gmem2_1_addr_reg_2602       |   64|   0|   64|          0|
    |gmem2_2_addr_reg_2595       |   64|   0|   64|          0|
    |gmem2_3_addr_reg_2588       |   64|   0|   64|          0|
    |gmem2_4_addr_reg_2581       |   64|   0|   64|          0|
    |gmem2_5_addr_reg_2574       |   64|   0|   64|          0|
    |gmem2_6_addr_reg_2567       |   64|   0|   64|          0|
    |gmem2_7_addr_reg_2560       |   64|   0|   64|          0|
    |i1_fu_282                   |    5|   0|    5|          0|
    |sext_ln22_16_reg_2696       |   32|   0|   32|          0|
    |sext_ln22_17_reg_2701       |   32|   0|   32|          0|
    |sext_ln22_18_reg_2706       |   32|   0|   32|          0|
    |sext_ln22_19_reg_2711       |   32|   0|   32|          0|
    |sext_ln22_20_reg_2716       |   32|   0|   32|          0|
    |sext_ln22_21_reg_2721       |   32|   0|   32|          0|
    |sext_ln22_22_reg_2726       |   32|   0|   32|          0|
    |sext_ln22_23_reg_2731       |   32|   0|   32|          0|
    |shiftreg2_fu_286            |   16|   0|   16|          0|
    |shiftreg323_fu_290          |   16|   0|   16|          0|
    |shiftreg344_fu_294          |   16|   0|   16|          0|
    |shiftreg365_fu_298          |   16|   0|   16|          0|
    |shiftreg386_fu_302          |   16|   0|   16|          0|
    |shiftreg407_fu_306          |   16|   0|   16|          0|
    |shiftreg428_fu_310          |   16|   0|   16|          0|
    |shiftreg449_fu_314          |   16|   0|   16|          0|
    |shiftreg4610_fu_318         |   16|   0|   16|          0|
    |shiftreg4811_fu_322         |   16|   0|   16|          0|
    |shiftreg5012_fu_326         |   16|   0|   16|          0|
    |shiftreg5213_fu_330         |   16|   0|   16|          0|
    |shiftreg5414_fu_334         |   16|   0|   16|          0|
    |shiftreg5615_fu_338         |   16|   0|   16|          0|
    |shiftreg5816_fu_342         |   16|   0|   16|          0|
    |shiftreg6017_fu_346         |   16|   0|   16|          0|
    |shiftreg6218_fu_350         |   25|   0|   25|          0|
    |shiftreg6420_fu_354         |   25|   0|   25|          0|
    |shiftreg6622_fu_358         |   25|   0|   25|          0|
    |shiftreg6824_fu_362         |   25|   0|   25|          0|
    |shiftreg7026_fu_366         |   25|   0|   25|          0|
    |shiftreg7228_fu_370         |   25|   0|   25|          0|
    |shiftreg7430_fu_374         |   25|   0|   25|          0|
    |shiftreg7632_fu_378         |   25|   0|   25|          0|
    +----------------------------+-----+----+-----+-----------+
    |Total                       | 2658|   0| 2658|          0|
    +----------------------------+-----+----+-----+-----------+



================================================================
== Interface
================================================================
* Summary: 
+------------------------+-----+-----+---------------+--------------+--------------+
|        RTL Ports       | Dir | Bits|    Protocol   | Source Object|    C Type    |
+------------------------+-----+-----+---------------+--------------+--------------+
|s_axi_control_AWVALID   |   in|    1|          s_axi|       control|        scalar|
|s_axi_control_AWREADY   |  out|    1|          s_axi|       control|        scalar|
|s_axi_control_AWADDR    |   in|    9|          s_axi|       control|        scalar|
|s_axi_control_WVALID    |   in|    1|          s_axi|       control|        scalar|
|s_axi_control_WREADY    |  out|    1|          s_axi|       control|        scalar|
|s_axi_control_WDATA     |   in|   32|          s_axi|       control|        scalar|
|s_axi_control_WSTRB     |   in|    4|          s_axi|       control|        scalar|
|s_axi_control_ARVALID   |   in|    1|          s_axi|       control|        scalar|
|s_axi_control_ARREADY   |  out|    1|          s_axi|       control|        scalar|
|s_axi_control_ARADDR    |   in|    9|          s_axi|       control|        scalar|
|s_axi_control_RVALID    |  out|    1|          s_axi|       control|        scalar|
|s_axi_control_RREADY    |   in|    1|          s_axi|       control|        scalar|
|s_axi_control_RDATA     |  out|   32|          s_axi|       control|        scalar|
|s_axi_control_RRESP     |  out|    2|          s_axi|       control|        scalar|
|s_axi_control_BVALID    |  out|    1|          s_axi|       control|        scalar|
|s_axi_control_BREADY    |   in|    1|          s_axi|       control|        scalar|
|s_axi_control_BRESP     |  out|    2|          s_axi|       control|        scalar|
|ap_clk                  |   in|    1|  ap_ctrl_chain|        kernel|  return value|
|ap_rst_n                |   in|    1|  ap_ctrl_chain|        kernel|  return value|
|interrupt               |  out|    1|  ap_ctrl_chain|        kernel|  return value|
|m_axi_gmem0_0_AWVALID   |  out|    1|          m_axi|       gmem0_0|       pointer|
|m_axi_gmem0_0_AWREADY   |   in|    1|          m_axi|       gmem0_0|       pointer|
|m_axi_gmem0_0_AWADDR    |  out|   64|          m_axi|       gmem0_0|       pointer|
|m_axi_gmem0_0_AWID      |  out|    1|          m_axi|       gmem0_0|       pointer|
|m_axi_gmem0_0_AWLEN     |  out|    8|          m_axi|       gmem0_0|       pointer|
|m_axi_gmem0_0_AWSIZE    |  out|    3|          m_axi|       gmem0_0|       pointer|
|m_axi_gmem0_0_AWBURST   |  out|    2|          m_axi|       gmem0_0|       pointer|
|m_axi_gmem0_0_AWLOCK    |  out|    2|          m_axi|       gmem0_0|       pointer|
|m_axi_gmem0_0_AWCACHE   |  out|    4|          m_axi|       gmem0_0|       pointer|
|m_axi_gmem0_0_AWPROT    |  out|    3|          m_axi|       gmem0_0|       pointer|
|m_axi_gmem0_0_AWQOS     |  out|    4|          m_axi|       gmem0_0|       pointer|
|m_axi_gmem0_0_AWREGION  |  out|    4|          m_axi|       gmem0_0|       pointer|
|m_axi_gmem0_0_AWUSER    |  out|    1|          m_axi|       gmem0_0|       pointer|
|m_axi_gmem0_0_WVALID    |  out|    1|          m_axi|       gmem0_0|       pointer|
|m_axi_gmem0_0_WREADY    |   in|    1|          m_axi|       gmem0_0|       pointer|
|m_axi_gmem0_0_WDATA     |  out|   32|          m_axi|       gmem0_0|       pointer|
|m_axi_gmem0_0_WSTRB     |  out|    4|          m_axi|       gmem0_0|       pointer|
|m_axi_gmem0_0_WLAST     |  out|    1|          m_axi|       gmem0_0|       pointer|
|m_axi_gmem0_0_WID       |  out|    1|          m_axi|       gmem0_0|       pointer|
|m_axi_gmem0_0_WUSER     |  out|    1|          m_axi|       gmem0_0|       pointer|
|m_axi_gmem0_0_ARVALID   |  out|    1|          m_axi|       gmem0_0|       pointer|
|m_axi_gmem0_0_ARREADY   |   in|    1|          m_axi|       gmem0_0|       pointer|
|m_axi_gmem0_0_ARADDR    |  out|   64|          m_axi|       gmem0_0|       pointer|
|m_axi_gmem0_0_ARID      |  out|    1|          m_axi|       gmem0_0|       pointer|
|m_axi_gmem0_0_ARLEN     |  out|    8|          m_axi|       gmem0_0|       pointer|
|m_axi_gmem0_0_ARSIZE    |  out|    3|          m_axi|       gmem0_0|       pointer|
|m_axi_gmem0_0_ARBURST   |  out|    2|          m_axi|       gmem0_0|       pointer|
|m_axi_gmem0_0_ARLOCK    |  out|    2|          m_axi|       gmem0_0|       pointer|
|m_axi_gmem0_0_ARCACHE   |  out|    4|          m_axi|       gmem0_0|       pointer|
|m_axi_gmem0_0_ARPROT    |  out|    3|          m_axi|       gmem0_0|       pointer|
|m_axi_gmem0_0_ARQOS     |  out|    4|          m_axi|       gmem0_0|       pointer|
|m_axi_gmem0_0_ARREGION  |  out|    4|          m_axi|       gmem0_0|       pointer|
|m_axi_gmem0_0_ARUSER    |  out|    1|          m_axi|       gmem0_0|       pointer|
|m_axi_gmem0_0_RVALID    |   in|    1|          m_axi|       gmem0_0|       pointer|
|m_axi_gmem0_0_RREADY    |  out|    1|          m_axi|       gmem0_0|       pointer|
|m_axi_gmem0_0_RDATA     |   in|   32|          m_axi|       gmem0_0|       pointer|
|m_axi_gmem0_0_RLAST     |   in|    1|          m_axi|       gmem0_0|       pointer|
|m_axi_gmem0_0_RID       |   in|    1|          m_axi|       gmem0_0|       pointer|
|m_axi_gmem0_0_RUSER     |   in|    1|          m_axi|       gmem0_0|       pointer|
|m_axi_gmem0_0_RRESP     |   in|    2|          m_axi|       gmem0_0|       pointer|
|m_axi_gmem0_0_BVALID    |   in|    1|          m_axi|       gmem0_0|       pointer|
|m_axi_gmem0_0_BREADY    |  out|    1|          m_axi|       gmem0_0|       pointer|
|m_axi_gmem0_0_BRESP     |   in|    2|          m_axi|       gmem0_0|       pointer|
|m_axi_gmem0_0_BID       |   in|    1|          m_axi|       gmem0_0|       pointer|
|m_axi_gmem0_0_BUSER     |   in|    1|          m_axi|       gmem0_0|       pointer|
|m_axi_gmem0_1_AWVALID   |  out|    1|          m_axi|       gmem0_1|       pointer|
|m_axi_gmem0_1_AWREADY   |   in|    1|          m_axi|       gmem0_1|       pointer|
|m_axi_gmem0_1_AWADDR    |  out|   64|          m_axi|       gmem0_1|       pointer|
|m_axi_gmem0_1_AWID      |  out|    1|          m_axi|       gmem0_1|       pointer|
|m_axi_gmem0_1_AWLEN     |  out|    8|          m_axi|       gmem0_1|       pointer|
|m_axi_gmem0_1_AWSIZE    |  out|    3|          m_axi|       gmem0_1|       pointer|
|m_axi_gmem0_1_AWBURST   |  out|    2|          m_axi|       gmem0_1|       pointer|
|m_axi_gmem0_1_AWLOCK    |  out|    2|          m_axi|       gmem0_1|       pointer|
|m_axi_gmem0_1_AWCACHE   |  out|    4|          m_axi|       gmem0_1|       pointer|
|m_axi_gmem0_1_AWPROT    |  out|    3|          m_axi|       gmem0_1|       pointer|
|m_axi_gmem0_1_AWQOS     |  out|    4|          m_axi|       gmem0_1|       pointer|
|m_axi_gmem0_1_AWREGION  |  out|    4|          m_axi|       gmem0_1|       pointer|
|m_axi_gmem0_1_AWUSER    |  out|    1|          m_axi|       gmem0_1|       pointer|
|m_axi_gmem0_1_WVALID    |  out|    1|          m_axi|       gmem0_1|       pointer|
|m_axi_gmem0_1_WREADY    |   in|    1|          m_axi|       gmem0_1|       pointer|
|m_axi_gmem0_1_WDATA     |  out|   32|          m_axi|       gmem0_1|       pointer|
|m_axi_gmem0_1_WSTRB     |  out|    4|          m_axi|       gmem0_1|       pointer|
|m_axi_gmem0_1_WLAST     |  out|    1|          m_axi|       gmem0_1|       pointer|
|m_axi_gmem0_1_WID       |  out|    1|          m_axi|       gmem0_1|       pointer|
|m_axi_gmem0_1_WUSER     |  out|    1|          m_axi|       gmem0_1|       pointer|
|m_axi_gmem0_1_ARVALID   |  out|    1|          m_axi|       gmem0_1|       pointer|
|m_axi_gmem0_1_ARREADY   |   in|    1|          m_axi|       gmem0_1|       pointer|
|m_axi_gmem0_1_ARADDR    |  out|   64|          m_axi|       gmem0_1|       pointer|
|m_axi_gmem0_1_ARID      |  out|    1|          m_axi|       gmem0_1|       pointer|
|m_axi_gmem0_1_ARLEN     |  out|    8|          m_axi|       gmem0_1|       pointer|
|m_axi_gmem0_1_ARSIZE    |  out|    3|          m_axi|       gmem0_1|       pointer|
|m_axi_gmem0_1_ARBURST   |  out|    2|          m_axi|       gmem0_1|       pointer|
|m_axi_gmem0_1_ARLOCK    |  out|    2|          m_axi|       gmem0_1|       pointer|
|m_axi_gmem0_1_ARCACHE   |  out|    4|          m_axi|       gmem0_1|       pointer|
|m_axi_gmem0_1_ARPROT    |  out|    3|          m_axi|       gmem0_1|       pointer|
|m_axi_gmem0_1_ARQOS     |  out|    4|          m_axi|       gmem0_1|       pointer|
|m_axi_gmem0_1_ARREGION  |  out|    4|          m_axi|       gmem0_1|       pointer|
|m_axi_gmem0_1_ARUSER    |  out|    1|          m_axi|       gmem0_1|       pointer|
|m_axi_gmem0_1_RVALID    |   in|    1|          m_axi|       gmem0_1|       pointer|
|m_axi_gmem0_1_RREADY    |  out|    1|          m_axi|       gmem0_1|       pointer|
|m_axi_gmem0_1_RDATA     |   in|   32|          m_axi|       gmem0_1|       pointer|
|m_axi_gmem0_1_RLAST     |   in|    1|          m_axi|       gmem0_1|       pointer|
|m_axi_gmem0_1_RID       |   in|    1|          m_axi|       gmem0_1|       pointer|
|m_axi_gmem0_1_RUSER     |   in|    1|          m_axi|       gmem0_1|       pointer|
|m_axi_gmem0_1_RRESP     |   in|    2|          m_axi|       gmem0_1|       pointer|
|m_axi_gmem0_1_BVALID    |   in|    1|          m_axi|       gmem0_1|       pointer|
|m_axi_gmem0_1_BREADY    |  out|    1|          m_axi|       gmem0_1|       pointer|
|m_axi_gmem0_1_BRESP     |   in|    2|          m_axi|       gmem0_1|       pointer|
|m_axi_gmem0_1_BID       |   in|    1|          m_axi|       gmem0_1|       pointer|
|m_axi_gmem0_1_BUSER     |   in|    1|          m_axi|       gmem0_1|       pointer|
|m_axi_gmem0_2_AWVALID   |  out|    1|          m_axi|       gmem0_2|       pointer|
|m_axi_gmem0_2_AWREADY   |   in|    1|          m_axi|       gmem0_2|       pointer|
|m_axi_gmem0_2_AWADDR    |  out|   64|          m_axi|       gmem0_2|       pointer|
|m_axi_gmem0_2_AWID      |  out|    1|          m_axi|       gmem0_2|       pointer|
|m_axi_gmem0_2_AWLEN     |  out|    8|          m_axi|       gmem0_2|       pointer|
|m_axi_gmem0_2_AWSIZE    |  out|    3|          m_axi|       gmem0_2|       pointer|
|m_axi_gmem0_2_AWBURST   |  out|    2|          m_axi|       gmem0_2|       pointer|
|m_axi_gmem0_2_AWLOCK    |  out|    2|          m_axi|       gmem0_2|       pointer|
|m_axi_gmem0_2_AWCACHE   |  out|    4|          m_axi|       gmem0_2|       pointer|
|m_axi_gmem0_2_AWPROT    |  out|    3|          m_axi|       gmem0_2|       pointer|
|m_axi_gmem0_2_AWQOS     |  out|    4|          m_axi|       gmem0_2|       pointer|
|m_axi_gmem0_2_AWREGION  |  out|    4|          m_axi|       gmem0_2|       pointer|
|m_axi_gmem0_2_AWUSER    |  out|    1|          m_axi|       gmem0_2|       pointer|
|m_axi_gmem0_2_WVALID    |  out|    1|          m_axi|       gmem0_2|       pointer|
|m_axi_gmem0_2_WREADY    |   in|    1|          m_axi|       gmem0_2|       pointer|
|m_axi_gmem0_2_WDATA     |  out|   32|          m_axi|       gmem0_2|       pointer|
|m_axi_gmem0_2_WSTRB     |  out|    4|          m_axi|       gmem0_2|       pointer|
|m_axi_gmem0_2_WLAST     |  out|    1|          m_axi|       gmem0_2|       pointer|
|m_axi_gmem0_2_WID       |  out|    1|          m_axi|       gmem0_2|       pointer|
|m_axi_gmem0_2_WUSER     |  out|    1|          m_axi|       gmem0_2|       pointer|
|m_axi_gmem0_2_ARVALID   |  out|    1|          m_axi|       gmem0_2|       pointer|
|m_axi_gmem0_2_ARREADY   |   in|    1|          m_axi|       gmem0_2|       pointer|
|m_axi_gmem0_2_ARADDR    |  out|   64|          m_axi|       gmem0_2|       pointer|
|m_axi_gmem0_2_ARID      |  out|    1|          m_axi|       gmem0_2|       pointer|
|m_axi_gmem0_2_ARLEN     |  out|    8|          m_axi|       gmem0_2|       pointer|
|m_axi_gmem0_2_ARSIZE    |  out|    3|          m_axi|       gmem0_2|       pointer|
|m_axi_gmem0_2_ARBURST   |  out|    2|          m_axi|       gmem0_2|       pointer|
|m_axi_gmem0_2_ARLOCK    |  out|    2|          m_axi|       gmem0_2|       pointer|
|m_axi_gmem0_2_ARCACHE   |  out|    4|          m_axi|       gmem0_2|       pointer|
|m_axi_gmem0_2_ARPROT    |  out|    3|          m_axi|       gmem0_2|       pointer|
|m_axi_gmem0_2_ARQOS     |  out|    4|          m_axi|       gmem0_2|       pointer|
|m_axi_gmem0_2_ARREGION  |  out|    4|          m_axi|       gmem0_2|       pointer|
|m_axi_gmem0_2_ARUSER    |  out|    1|          m_axi|       gmem0_2|       pointer|
|m_axi_gmem0_2_RVALID    |   in|    1|          m_axi|       gmem0_2|       pointer|
|m_axi_gmem0_2_RREADY    |  out|    1|          m_axi|       gmem0_2|       pointer|
|m_axi_gmem0_2_RDATA     |   in|   32|          m_axi|       gmem0_2|       pointer|
|m_axi_gmem0_2_RLAST     |   in|    1|          m_axi|       gmem0_2|       pointer|
|m_axi_gmem0_2_RID       |   in|    1|          m_axi|       gmem0_2|       pointer|
|m_axi_gmem0_2_RUSER     |   in|    1|          m_axi|       gmem0_2|       pointer|
|m_axi_gmem0_2_RRESP     |   in|    2|          m_axi|       gmem0_2|       pointer|
|m_axi_gmem0_2_BVALID    |   in|    1|          m_axi|       gmem0_2|       pointer|
|m_axi_gmem0_2_BREADY    |  out|    1|          m_axi|       gmem0_2|       pointer|
|m_axi_gmem0_2_BRESP     |   in|    2|          m_axi|       gmem0_2|       pointer|
|m_axi_gmem0_2_BID       |   in|    1|          m_axi|       gmem0_2|       pointer|
|m_axi_gmem0_2_BUSER     |   in|    1|          m_axi|       gmem0_2|       pointer|
|m_axi_gmem0_3_AWVALID   |  out|    1|          m_axi|       gmem0_3|       pointer|
|m_axi_gmem0_3_AWREADY   |   in|    1|          m_axi|       gmem0_3|       pointer|
|m_axi_gmem0_3_AWADDR    |  out|   64|          m_axi|       gmem0_3|       pointer|
|m_axi_gmem0_3_AWID      |  out|    1|          m_axi|       gmem0_3|       pointer|
|m_axi_gmem0_3_AWLEN     |  out|    8|          m_axi|       gmem0_3|       pointer|
|m_axi_gmem0_3_AWSIZE    |  out|    3|          m_axi|       gmem0_3|       pointer|
|m_axi_gmem0_3_AWBURST   |  out|    2|          m_axi|       gmem0_3|       pointer|
|m_axi_gmem0_3_AWLOCK    |  out|    2|          m_axi|       gmem0_3|       pointer|
|m_axi_gmem0_3_AWCACHE   |  out|    4|          m_axi|       gmem0_3|       pointer|
|m_axi_gmem0_3_AWPROT    |  out|    3|          m_axi|       gmem0_3|       pointer|
|m_axi_gmem0_3_AWQOS     |  out|    4|          m_axi|       gmem0_3|       pointer|
|m_axi_gmem0_3_AWREGION  |  out|    4|          m_axi|       gmem0_3|       pointer|
|m_axi_gmem0_3_AWUSER    |  out|    1|          m_axi|       gmem0_3|       pointer|
|m_axi_gmem0_3_WVALID    |  out|    1|          m_axi|       gmem0_3|       pointer|
|m_axi_gmem0_3_WREADY    |   in|    1|          m_axi|       gmem0_3|       pointer|
|m_axi_gmem0_3_WDATA     |  out|   32|          m_axi|       gmem0_3|       pointer|
|m_axi_gmem0_3_WSTRB     |  out|    4|          m_axi|       gmem0_3|       pointer|
|m_axi_gmem0_3_WLAST     |  out|    1|          m_axi|       gmem0_3|       pointer|
|m_axi_gmem0_3_WID       |  out|    1|          m_axi|       gmem0_3|       pointer|
|m_axi_gmem0_3_WUSER     |  out|    1|          m_axi|       gmem0_3|       pointer|
|m_axi_gmem0_3_ARVALID   |  out|    1|          m_axi|       gmem0_3|       pointer|
|m_axi_gmem0_3_ARREADY   |   in|    1|          m_axi|       gmem0_3|       pointer|
|m_axi_gmem0_3_ARADDR    |  out|   64|          m_axi|       gmem0_3|       pointer|
|m_axi_gmem0_3_ARID      |  out|    1|          m_axi|       gmem0_3|       pointer|
|m_axi_gmem0_3_ARLEN     |  out|    8|          m_axi|       gmem0_3|       pointer|
|m_axi_gmem0_3_ARSIZE    |  out|    3|          m_axi|       gmem0_3|       pointer|
|m_axi_gmem0_3_ARBURST   |  out|    2|          m_axi|       gmem0_3|       pointer|
|m_axi_gmem0_3_ARLOCK    |  out|    2|          m_axi|       gmem0_3|       pointer|
|m_axi_gmem0_3_ARCACHE   |  out|    4|          m_axi|       gmem0_3|       pointer|
|m_axi_gmem0_3_ARPROT    |  out|    3|          m_axi|       gmem0_3|       pointer|
|m_axi_gmem0_3_ARQOS     |  out|    4|          m_axi|       gmem0_3|       pointer|
|m_axi_gmem0_3_ARREGION  |  out|    4|          m_axi|       gmem0_3|       pointer|
|m_axi_gmem0_3_ARUSER    |  out|    1|          m_axi|       gmem0_3|       pointer|
|m_axi_gmem0_3_RVALID    |   in|    1|          m_axi|       gmem0_3|       pointer|
|m_axi_gmem0_3_RREADY    |  out|    1|          m_axi|       gmem0_3|       pointer|
|m_axi_gmem0_3_RDATA     |   in|   32|          m_axi|       gmem0_3|       pointer|
|m_axi_gmem0_3_RLAST     |   in|    1|          m_axi|       gmem0_3|       pointer|
|m_axi_gmem0_3_RID       |   in|    1|          m_axi|       gmem0_3|       pointer|
|m_axi_gmem0_3_RUSER     |   in|    1|          m_axi|       gmem0_3|       pointer|
|m_axi_gmem0_3_RRESP     |   in|    2|          m_axi|       gmem0_3|       pointer|
|m_axi_gmem0_3_BVALID    |   in|    1|          m_axi|       gmem0_3|       pointer|
|m_axi_gmem0_3_BREADY    |  out|    1|          m_axi|       gmem0_3|       pointer|
|m_axi_gmem0_3_BRESP     |   in|    2|          m_axi|       gmem0_3|       pointer|
|m_axi_gmem0_3_BID       |   in|    1|          m_axi|       gmem0_3|       pointer|
|m_axi_gmem0_3_BUSER     |   in|    1|          m_axi|       gmem0_3|       pointer|
|m_axi_gmem0_4_AWVALID   |  out|    1|          m_axi|       gmem0_4|       pointer|
|m_axi_gmem0_4_AWREADY   |   in|    1|          m_axi|       gmem0_4|       pointer|
|m_axi_gmem0_4_AWADDR    |  out|   64|          m_axi|       gmem0_4|       pointer|
|m_axi_gmem0_4_AWID      |  out|    1|          m_axi|       gmem0_4|       pointer|
|m_axi_gmem0_4_AWLEN     |  out|    8|          m_axi|       gmem0_4|       pointer|
|m_axi_gmem0_4_AWSIZE    |  out|    3|          m_axi|       gmem0_4|       pointer|
|m_axi_gmem0_4_AWBURST   |  out|    2|          m_axi|       gmem0_4|       pointer|
|m_axi_gmem0_4_AWLOCK    |  out|    2|          m_axi|       gmem0_4|       pointer|
|m_axi_gmem0_4_AWCACHE   |  out|    4|          m_axi|       gmem0_4|       pointer|
|m_axi_gmem0_4_AWPROT    |  out|    3|          m_axi|       gmem0_4|       pointer|
|m_axi_gmem0_4_AWQOS     |  out|    4|          m_axi|       gmem0_4|       pointer|
|m_axi_gmem0_4_AWREGION  |  out|    4|          m_axi|       gmem0_4|       pointer|
|m_axi_gmem0_4_AWUSER    |  out|    1|          m_axi|       gmem0_4|       pointer|
|m_axi_gmem0_4_WVALID    |  out|    1|          m_axi|       gmem0_4|       pointer|
|m_axi_gmem0_4_WREADY    |   in|    1|          m_axi|       gmem0_4|       pointer|
|m_axi_gmem0_4_WDATA     |  out|   32|          m_axi|       gmem0_4|       pointer|
|m_axi_gmem0_4_WSTRB     |  out|    4|          m_axi|       gmem0_4|       pointer|
|m_axi_gmem0_4_WLAST     |  out|    1|          m_axi|       gmem0_4|       pointer|
|m_axi_gmem0_4_WID       |  out|    1|          m_axi|       gmem0_4|       pointer|
|m_axi_gmem0_4_WUSER     |  out|    1|          m_axi|       gmem0_4|       pointer|
|m_axi_gmem0_4_ARVALID   |  out|    1|          m_axi|       gmem0_4|       pointer|
|m_axi_gmem0_4_ARREADY   |   in|    1|          m_axi|       gmem0_4|       pointer|
|m_axi_gmem0_4_ARADDR    |  out|   64|          m_axi|       gmem0_4|       pointer|
|m_axi_gmem0_4_ARID      |  out|    1|          m_axi|       gmem0_4|       pointer|
|m_axi_gmem0_4_ARLEN     |  out|    8|          m_axi|       gmem0_4|       pointer|
|m_axi_gmem0_4_ARSIZE    |  out|    3|          m_axi|       gmem0_4|       pointer|
|m_axi_gmem0_4_ARBURST   |  out|    2|          m_axi|       gmem0_4|       pointer|
|m_axi_gmem0_4_ARLOCK    |  out|    2|          m_axi|       gmem0_4|       pointer|
|m_axi_gmem0_4_ARCACHE   |  out|    4|          m_axi|       gmem0_4|       pointer|
|m_axi_gmem0_4_ARPROT    |  out|    3|          m_axi|       gmem0_4|       pointer|
|m_axi_gmem0_4_ARQOS     |  out|    4|          m_axi|       gmem0_4|       pointer|
|m_axi_gmem0_4_ARREGION  |  out|    4|          m_axi|       gmem0_4|       pointer|
|m_axi_gmem0_4_ARUSER    |  out|    1|          m_axi|       gmem0_4|       pointer|
|m_axi_gmem0_4_RVALID    |   in|    1|          m_axi|       gmem0_4|       pointer|
|m_axi_gmem0_4_RREADY    |  out|    1|          m_axi|       gmem0_4|       pointer|
|m_axi_gmem0_4_RDATA     |   in|   32|          m_axi|       gmem0_4|       pointer|
|m_axi_gmem0_4_RLAST     |   in|    1|          m_axi|       gmem0_4|       pointer|
|m_axi_gmem0_4_RID       |   in|    1|          m_axi|       gmem0_4|       pointer|
|m_axi_gmem0_4_RUSER     |   in|    1|          m_axi|       gmem0_4|       pointer|
|m_axi_gmem0_4_RRESP     |   in|    2|          m_axi|       gmem0_4|       pointer|
|m_axi_gmem0_4_BVALID    |   in|    1|          m_axi|       gmem0_4|       pointer|
|m_axi_gmem0_4_BREADY    |  out|    1|          m_axi|       gmem0_4|       pointer|
|m_axi_gmem0_4_BRESP     |   in|    2|          m_axi|       gmem0_4|       pointer|
|m_axi_gmem0_4_BID       |   in|    1|          m_axi|       gmem0_4|       pointer|
|m_axi_gmem0_4_BUSER     |   in|    1|          m_axi|       gmem0_4|       pointer|
|m_axi_gmem0_5_AWVALID   |  out|    1|          m_axi|       gmem0_5|       pointer|
|m_axi_gmem0_5_AWREADY   |   in|    1|          m_axi|       gmem0_5|       pointer|
|m_axi_gmem0_5_AWADDR    |  out|   64|          m_axi|       gmem0_5|       pointer|
|m_axi_gmem0_5_AWID      |  out|    1|          m_axi|       gmem0_5|       pointer|
|m_axi_gmem0_5_AWLEN     |  out|    8|          m_axi|       gmem0_5|       pointer|
|m_axi_gmem0_5_AWSIZE    |  out|    3|          m_axi|       gmem0_5|       pointer|
|m_axi_gmem0_5_AWBURST   |  out|    2|          m_axi|       gmem0_5|       pointer|
|m_axi_gmem0_5_AWLOCK    |  out|    2|          m_axi|       gmem0_5|       pointer|
|m_axi_gmem0_5_AWCACHE   |  out|    4|          m_axi|       gmem0_5|       pointer|
|m_axi_gmem0_5_AWPROT    |  out|    3|          m_axi|       gmem0_5|       pointer|
|m_axi_gmem0_5_AWQOS     |  out|    4|          m_axi|       gmem0_5|       pointer|
|m_axi_gmem0_5_AWREGION  |  out|    4|          m_axi|       gmem0_5|       pointer|
|m_axi_gmem0_5_AWUSER    |  out|    1|          m_axi|       gmem0_5|       pointer|
|m_axi_gmem0_5_WVALID    |  out|    1|          m_axi|       gmem0_5|       pointer|
|m_axi_gmem0_5_WREADY    |   in|    1|          m_axi|       gmem0_5|       pointer|
|m_axi_gmem0_5_WDATA     |  out|   32|          m_axi|       gmem0_5|       pointer|
|m_axi_gmem0_5_WSTRB     |  out|    4|          m_axi|       gmem0_5|       pointer|
|m_axi_gmem0_5_WLAST     |  out|    1|          m_axi|       gmem0_5|       pointer|
|m_axi_gmem0_5_WID       |  out|    1|          m_axi|       gmem0_5|       pointer|
|m_axi_gmem0_5_WUSER     |  out|    1|          m_axi|       gmem0_5|       pointer|
|m_axi_gmem0_5_ARVALID   |  out|    1|          m_axi|       gmem0_5|       pointer|
|m_axi_gmem0_5_ARREADY   |   in|    1|          m_axi|       gmem0_5|       pointer|
|m_axi_gmem0_5_ARADDR    |  out|   64|          m_axi|       gmem0_5|       pointer|
|m_axi_gmem0_5_ARID      |  out|    1|          m_axi|       gmem0_5|       pointer|
|m_axi_gmem0_5_ARLEN     |  out|    8|          m_axi|       gmem0_5|       pointer|
|m_axi_gmem0_5_ARSIZE    |  out|    3|          m_axi|       gmem0_5|       pointer|
|m_axi_gmem0_5_ARBURST   |  out|    2|          m_axi|       gmem0_5|       pointer|
|m_axi_gmem0_5_ARLOCK    |  out|    2|          m_axi|       gmem0_5|       pointer|
|m_axi_gmem0_5_ARCACHE   |  out|    4|          m_axi|       gmem0_5|       pointer|
|m_axi_gmem0_5_ARPROT    |  out|    3|          m_axi|       gmem0_5|       pointer|
|m_axi_gmem0_5_ARQOS     |  out|    4|          m_axi|       gmem0_5|       pointer|
|m_axi_gmem0_5_ARREGION  |  out|    4|          m_axi|       gmem0_5|       pointer|
|m_axi_gmem0_5_ARUSER    |  out|    1|          m_axi|       gmem0_5|       pointer|
|m_axi_gmem0_5_RVALID    |   in|    1|          m_axi|       gmem0_5|       pointer|
|m_axi_gmem0_5_RREADY    |  out|    1|          m_axi|       gmem0_5|       pointer|
|m_axi_gmem0_5_RDATA     |   in|   32|          m_axi|       gmem0_5|       pointer|
|m_axi_gmem0_5_RLAST     |   in|    1|          m_axi|       gmem0_5|       pointer|
|m_axi_gmem0_5_RID       |   in|    1|          m_axi|       gmem0_5|       pointer|
|m_axi_gmem0_5_RUSER     |   in|    1|          m_axi|       gmem0_5|       pointer|
|m_axi_gmem0_5_RRESP     |   in|    2|          m_axi|       gmem0_5|       pointer|
|m_axi_gmem0_5_BVALID    |   in|    1|          m_axi|       gmem0_5|       pointer|
|m_axi_gmem0_5_BREADY    |  out|    1|          m_axi|       gmem0_5|       pointer|
|m_axi_gmem0_5_BRESP     |   in|    2|          m_axi|       gmem0_5|       pointer|
|m_axi_gmem0_5_BID       |   in|    1|          m_axi|       gmem0_5|       pointer|
|m_axi_gmem0_5_BUSER     |   in|    1|          m_axi|       gmem0_5|       pointer|
|m_axi_gmem0_6_AWVALID   |  out|    1|          m_axi|       gmem0_6|       pointer|
|m_axi_gmem0_6_AWREADY   |   in|    1|          m_axi|       gmem0_6|       pointer|
|m_axi_gmem0_6_AWADDR    |  out|   64|          m_axi|       gmem0_6|       pointer|
|m_axi_gmem0_6_AWID      |  out|    1|          m_axi|       gmem0_6|       pointer|
|m_axi_gmem0_6_AWLEN     |  out|    8|          m_axi|       gmem0_6|       pointer|
|m_axi_gmem0_6_AWSIZE    |  out|    3|          m_axi|       gmem0_6|       pointer|
|m_axi_gmem0_6_AWBURST   |  out|    2|          m_axi|       gmem0_6|       pointer|
|m_axi_gmem0_6_AWLOCK    |  out|    2|          m_axi|       gmem0_6|       pointer|
|m_axi_gmem0_6_AWCACHE   |  out|    4|          m_axi|       gmem0_6|       pointer|
|m_axi_gmem0_6_AWPROT    |  out|    3|          m_axi|       gmem0_6|       pointer|
|m_axi_gmem0_6_AWQOS     |  out|    4|          m_axi|       gmem0_6|       pointer|
|m_axi_gmem0_6_AWREGION  |  out|    4|          m_axi|       gmem0_6|       pointer|
|m_axi_gmem0_6_AWUSER    |  out|    1|          m_axi|       gmem0_6|       pointer|
|m_axi_gmem0_6_WVALID    |  out|    1|          m_axi|       gmem0_6|       pointer|
|m_axi_gmem0_6_WREADY    |   in|    1|          m_axi|       gmem0_6|       pointer|
|m_axi_gmem0_6_WDATA     |  out|   32|          m_axi|       gmem0_6|       pointer|
|m_axi_gmem0_6_WSTRB     |  out|    4|          m_axi|       gmem0_6|       pointer|
|m_axi_gmem0_6_WLAST     |  out|    1|          m_axi|       gmem0_6|       pointer|
|m_axi_gmem0_6_WID       |  out|    1|          m_axi|       gmem0_6|       pointer|
|m_axi_gmem0_6_WUSER     |  out|    1|          m_axi|       gmem0_6|       pointer|
|m_axi_gmem0_6_ARVALID   |  out|    1|          m_axi|       gmem0_6|       pointer|
|m_axi_gmem0_6_ARREADY   |   in|    1|          m_axi|       gmem0_6|       pointer|
|m_axi_gmem0_6_ARADDR    |  out|   64|          m_axi|       gmem0_6|       pointer|
|m_axi_gmem0_6_ARID      |  out|    1|          m_axi|       gmem0_6|       pointer|
|m_axi_gmem0_6_ARLEN     |  out|    8|          m_axi|       gmem0_6|       pointer|
|m_axi_gmem0_6_ARSIZE    |  out|    3|          m_axi|       gmem0_6|       pointer|
|m_axi_gmem0_6_ARBURST   |  out|    2|          m_axi|       gmem0_6|       pointer|
|m_axi_gmem0_6_ARLOCK    |  out|    2|          m_axi|       gmem0_6|       pointer|
|m_axi_gmem0_6_ARCACHE   |  out|    4|          m_axi|       gmem0_6|       pointer|
|m_axi_gmem0_6_ARPROT    |  out|    3|          m_axi|       gmem0_6|       pointer|
|m_axi_gmem0_6_ARQOS     |  out|    4|          m_axi|       gmem0_6|       pointer|
|m_axi_gmem0_6_ARREGION  |  out|    4|          m_axi|       gmem0_6|       pointer|
|m_axi_gmem0_6_ARUSER    |  out|    1|          m_axi|       gmem0_6|       pointer|
|m_axi_gmem0_6_RVALID    |   in|    1|          m_axi|       gmem0_6|       pointer|
|m_axi_gmem0_6_RREADY    |  out|    1|          m_axi|       gmem0_6|       pointer|
|m_axi_gmem0_6_RDATA     |   in|   32|          m_axi|       gmem0_6|       pointer|
|m_axi_gmem0_6_RLAST     |   in|    1|          m_axi|       gmem0_6|       pointer|
|m_axi_gmem0_6_RID       |   in|    1|          m_axi|       gmem0_6|       pointer|
|m_axi_gmem0_6_RUSER     |   in|    1|          m_axi|       gmem0_6|       pointer|
|m_axi_gmem0_6_RRESP     |   in|    2|          m_axi|       gmem0_6|       pointer|
|m_axi_gmem0_6_BVALID    |   in|    1|          m_axi|       gmem0_6|       pointer|
|m_axi_gmem0_6_BREADY    |  out|    1|          m_axi|       gmem0_6|       pointer|
|m_axi_gmem0_6_BRESP     |   in|    2|          m_axi|       gmem0_6|       pointer|
|m_axi_gmem0_6_BID       |   in|    1|          m_axi|       gmem0_6|       pointer|
|m_axi_gmem0_6_BUSER     |   in|    1|          m_axi|       gmem0_6|       pointer|
|m_axi_gmem0_7_AWVALID   |  out|    1|          m_axi|       gmem0_7|       pointer|
|m_axi_gmem0_7_AWREADY   |   in|    1|          m_axi|       gmem0_7|       pointer|
|m_axi_gmem0_7_AWADDR    |  out|   64|          m_axi|       gmem0_7|       pointer|
|m_axi_gmem0_7_AWID      |  out|    1|          m_axi|       gmem0_7|       pointer|
|m_axi_gmem0_7_AWLEN     |  out|    8|          m_axi|       gmem0_7|       pointer|
|m_axi_gmem0_7_AWSIZE    |  out|    3|          m_axi|       gmem0_7|       pointer|
|m_axi_gmem0_7_AWBURST   |  out|    2|          m_axi|       gmem0_7|       pointer|
|m_axi_gmem0_7_AWLOCK    |  out|    2|          m_axi|       gmem0_7|       pointer|
|m_axi_gmem0_7_AWCACHE   |  out|    4|          m_axi|       gmem0_7|       pointer|
|m_axi_gmem0_7_AWPROT    |  out|    3|          m_axi|       gmem0_7|       pointer|
|m_axi_gmem0_7_AWQOS     |  out|    4|          m_axi|       gmem0_7|       pointer|
|m_axi_gmem0_7_AWREGION  |  out|    4|          m_axi|       gmem0_7|       pointer|
|m_axi_gmem0_7_AWUSER    |  out|    1|          m_axi|       gmem0_7|       pointer|
|m_axi_gmem0_7_WVALID    |  out|    1|          m_axi|       gmem0_7|       pointer|
|m_axi_gmem0_7_WREADY    |   in|    1|          m_axi|       gmem0_7|       pointer|
|m_axi_gmem0_7_WDATA     |  out|   32|          m_axi|       gmem0_7|       pointer|
|m_axi_gmem0_7_WSTRB     |  out|    4|          m_axi|       gmem0_7|       pointer|
|m_axi_gmem0_7_WLAST     |  out|    1|          m_axi|       gmem0_7|       pointer|
|m_axi_gmem0_7_WID       |  out|    1|          m_axi|       gmem0_7|       pointer|
|m_axi_gmem0_7_WUSER     |  out|    1|          m_axi|       gmem0_7|       pointer|
|m_axi_gmem0_7_ARVALID   |  out|    1|          m_axi|       gmem0_7|       pointer|
|m_axi_gmem0_7_ARREADY   |   in|    1|          m_axi|       gmem0_7|       pointer|
|m_axi_gmem0_7_ARADDR    |  out|   64|          m_axi|       gmem0_7|       pointer|
|m_axi_gmem0_7_ARID      |  out|    1|          m_axi|       gmem0_7|       pointer|
|m_axi_gmem0_7_ARLEN     |  out|    8|          m_axi|       gmem0_7|       pointer|
|m_axi_gmem0_7_ARSIZE    |  out|    3|          m_axi|       gmem0_7|       pointer|
|m_axi_gmem0_7_ARBURST   |  out|    2|          m_axi|       gmem0_7|       pointer|
|m_axi_gmem0_7_ARLOCK    |  out|    2|          m_axi|       gmem0_7|       pointer|
|m_axi_gmem0_7_ARCACHE   |  out|    4|          m_axi|       gmem0_7|       pointer|
|m_axi_gmem0_7_ARPROT    |  out|    3|          m_axi|       gmem0_7|       pointer|
|m_axi_gmem0_7_ARQOS     |  out|    4|          m_axi|       gmem0_7|       pointer|
|m_axi_gmem0_7_ARREGION  |  out|    4|          m_axi|       gmem0_7|       pointer|
|m_axi_gmem0_7_ARUSER    |  out|    1|          m_axi|       gmem0_7|       pointer|
|m_axi_gmem0_7_RVALID    |   in|    1|          m_axi|       gmem0_7|       pointer|
|m_axi_gmem0_7_RREADY    |  out|    1|          m_axi|       gmem0_7|       pointer|
|m_axi_gmem0_7_RDATA     |   in|   32|          m_axi|       gmem0_7|       pointer|
|m_axi_gmem0_7_RLAST     |   in|    1|          m_axi|       gmem0_7|       pointer|
|m_axi_gmem0_7_RID       |   in|    1|          m_axi|       gmem0_7|       pointer|
|m_axi_gmem0_7_RUSER     |   in|    1|          m_axi|       gmem0_7|       pointer|
|m_axi_gmem0_7_RRESP     |   in|    2|          m_axi|       gmem0_7|       pointer|
|m_axi_gmem0_7_BVALID    |   in|    1|          m_axi|       gmem0_7|       pointer|
|m_axi_gmem0_7_BREADY    |  out|    1|          m_axi|       gmem0_7|       pointer|
|m_axi_gmem0_7_BRESP     |   in|    2|          m_axi|       gmem0_7|       pointer|
|m_axi_gmem0_7_BID       |   in|    1|          m_axi|       gmem0_7|       pointer|
|m_axi_gmem0_7_BUSER     |   in|    1|          m_axi|       gmem0_7|       pointer|
|m_axi_gmem1_0_AWVALID   |  out|    1|          m_axi|       gmem1_0|       pointer|
|m_axi_gmem1_0_AWREADY   |   in|    1|          m_axi|       gmem1_0|       pointer|
|m_axi_gmem1_0_AWADDR    |  out|   64|          m_axi|       gmem1_0|       pointer|
|m_axi_gmem1_0_AWID      |  out|    1|          m_axi|       gmem1_0|       pointer|
|m_axi_gmem1_0_AWLEN     |  out|    8|          m_axi|       gmem1_0|       pointer|
|m_axi_gmem1_0_AWSIZE    |  out|    3|          m_axi|       gmem1_0|       pointer|
|m_axi_gmem1_0_AWBURST   |  out|    2|          m_axi|       gmem1_0|       pointer|
|m_axi_gmem1_0_AWLOCK    |  out|    2|          m_axi|       gmem1_0|       pointer|
|m_axi_gmem1_0_AWCACHE   |  out|    4|          m_axi|       gmem1_0|       pointer|
|m_axi_gmem1_0_AWPROT    |  out|    3|          m_axi|       gmem1_0|       pointer|
|m_axi_gmem1_0_AWQOS     |  out|    4|          m_axi|       gmem1_0|       pointer|
|m_axi_gmem1_0_AWREGION  |  out|    4|          m_axi|       gmem1_0|       pointer|
|m_axi_gmem1_0_AWUSER    |  out|    1|          m_axi|       gmem1_0|       pointer|
|m_axi_gmem1_0_WVALID    |  out|    1|          m_axi|       gmem1_0|       pointer|
|m_axi_gmem1_0_WREADY    |   in|    1|          m_axi|       gmem1_0|       pointer|
|m_axi_gmem1_0_WDATA     |  out|   32|          m_axi|       gmem1_0|       pointer|
|m_axi_gmem1_0_WSTRB     |  out|    4|          m_axi|       gmem1_0|       pointer|
|m_axi_gmem1_0_WLAST     |  out|    1|          m_axi|       gmem1_0|       pointer|
|m_axi_gmem1_0_WID       |  out|    1|          m_axi|       gmem1_0|       pointer|
|m_axi_gmem1_0_WUSER     |  out|    1|          m_axi|       gmem1_0|       pointer|
|m_axi_gmem1_0_ARVALID   |  out|    1|          m_axi|       gmem1_0|       pointer|
|m_axi_gmem1_0_ARREADY   |   in|    1|          m_axi|       gmem1_0|       pointer|
|m_axi_gmem1_0_ARADDR    |  out|   64|          m_axi|       gmem1_0|       pointer|
|m_axi_gmem1_0_ARID      |  out|    1|          m_axi|       gmem1_0|       pointer|
|m_axi_gmem1_0_ARLEN     |  out|    8|          m_axi|       gmem1_0|       pointer|
|m_axi_gmem1_0_ARSIZE    |  out|    3|          m_axi|       gmem1_0|       pointer|
|m_axi_gmem1_0_ARBURST   |  out|    2|          m_axi|       gmem1_0|       pointer|
|m_axi_gmem1_0_ARLOCK    |  out|    2|          m_axi|       gmem1_0|       pointer|
|m_axi_gmem1_0_ARCACHE   |  out|    4|          m_axi|       gmem1_0|       pointer|
|m_axi_gmem1_0_ARPROT    |  out|    3|          m_axi|       gmem1_0|       pointer|
|m_axi_gmem1_0_ARQOS     |  out|    4|          m_axi|       gmem1_0|       pointer|
|m_axi_gmem1_0_ARREGION  |  out|    4|          m_axi|       gmem1_0|       pointer|
|m_axi_gmem1_0_ARUSER    |  out|    1|          m_axi|       gmem1_0|       pointer|
|m_axi_gmem1_0_RVALID    |   in|    1|          m_axi|       gmem1_0|       pointer|
|m_axi_gmem1_0_RREADY    |  out|    1|          m_axi|       gmem1_0|       pointer|
|m_axi_gmem1_0_RDATA     |   in|   32|          m_axi|       gmem1_0|       pointer|
|m_axi_gmem1_0_RLAST     |   in|    1|          m_axi|       gmem1_0|       pointer|
|m_axi_gmem1_0_RID       |   in|    1|          m_axi|       gmem1_0|       pointer|
|m_axi_gmem1_0_RUSER     |   in|    1|          m_axi|       gmem1_0|       pointer|
|m_axi_gmem1_0_RRESP     |   in|    2|          m_axi|       gmem1_0|       pointer|
|m_axi_gmem1_0_BVALID    |   in|    1|          m_axi|       gmem1_0|       pointer|
|m_axi_gmem1_0_BREADY    |  out|    1|          m_axi|       gmem1_0|       pointer|
|m_axi_gmem1_0_BRESP     |   in|    2|          m_axi|       gmem1_0|       pointer|
|m_axi_gmem1_0_BID       |   in|    1|          m_axi|       gmem1_0|       pointer|
|m_axi_gmem1_0_BUSER     |   in|    1|          m_axi|       gmem1_0|       pointer|
|m_axi_gmem1_1_AWVALID   |  out|    1|          m_axi|       gmem1_1|       pointer|
|m_axi_gmem1_1_AWREADY   |   in|    1|          m_axi|       gmem1_1|       pointer|
|m_axi_gmem1_1_AWADDR    |  out|   64|          m_axi|       gmem1_1|       pointer|
|m_axi_gmem1_1_AWID      |  out|    1|          m_axi|       gmem1_1|       pointer|
|m_axi_gmem1_1_AWLEN     |  out|    8|          m_axi|       gmem1_1|       pointer|
|m_axi_gmem1_1_AWSIZE    |  out|    3|          m_axi|       gmem1_1|       pointer|
|m_axi_gmem1_1_AWBURST   |  out|    2|          m_axi|       gmem1_1|       pointer|
|m_axi_gmem1_1_AWLOCK    |  out|    2|          m_axi|       gmem1_1|       pointer|
|m_axi_gmem1_1_AWCACHE   |  out|    4|          m_axi|       gmem1_1|       pointer|
|m_axi_gmem1_1_AWPROT    |  out|    3|          m_axi|       gmem1_1|       pointer|
|m_axi_gmem1_1_AWQOS     |  out|    4|          m_axi|       gmem1_1|       pointer|
|m_axi_gmem1_1_AWREGION  |  out|    4|          m_axi|       gmem1_1|       pointer|
|m_axi_gmem1_1_AWUSER    |  out|    1|          m_axi|       gmem1_1|       pointer|
|m_axi_gmem1_1_WVALID    |  out|    1|          m_axi|       gmem1_1|       pointer|
|m_axi_gmem1_1_WREADY    |   in|    1|          m_axi|       gmem1_1|       pointer|
|m_axi_gmem1_1_WDATA     |  out|   32|          m_axi|       gmem1_1|       pointer|
|m_axi_gmem1_1_WSTRB     |  out|    4|          m_axi|       gmem1_1|       pointer|
|m_axi_gmem1_1_WLAST     |  out|    1|          m_axi|       gmem1_1|       pointer|
|m_axi_gmem1_1_WID       |  out|    1|          m_axi|       gmem1_1|       pointer|
|m_axi_gmem1_1_WUSER     |  out|    1|          m_axi|       gmem1_1|       pointer|
|m_axi_gmem1_1_ARVALID   |  out|    1|          m_axi|       gmem1_1|       pointer|
|m_axi_gmem1_1_ARREADY   |   in|    1|          m_axi|       gmem1_1|       pointer|
|m_axi_gmem1_1_ARADDR    |  out|   64|          m_axi|       gmem1_1|       pointer|
|m_axi_gmem1_1_ARID      |  out|    1|          m_axi|       gmem1_1|       pointer|
|m_axi_gmem1_1_ARLEN     |  out|    8|          m_axi|       gmem1_1|       pointer|
|m_axi_gmem1_1_ARSIZE    |  out|    3|          m_axi|       gmem1_1|       pointer|
|m_axi_gmem1_1_ARBURST   |  out|    2|          m_axi|       gmem1_1|       pointer|
|m_axi_gmem1_1_ARLOCK    |  out|    2|          m_axi|       gmem1_1|       pointer|
|m_axi_gmem1_1_ARCACHE   |  out|    4|          m_axi|       gmem1_1|       pointer|
|m_axi_gmem1_1_ARPROT    |  out|    3|          m_axi|       gmem1_1|       pointer|
|m_axi_gmem1_1_ARQOS     |  out|    4|          m_axi|       gmem1_1|       pointer|
|m_axi_gmem1_1_ARREGION  |  out|    4|          m_axi|       gmem1_1|       pointer|
|m_axi_gmem1_1_ARUSER    |  out|    1|          m_axi|       gmem1_1|       pointer|
|m_axi_gmem1_1_RVALID    |   in|    1|          m_axi|       gmem1_1|       pointer|
|m_axi_gmem1_1_RREADY    |  out|    1|          m_axi|       gmem1_1|       pointer|
|m_axi_gmem1_1_RDATA     |   in|   32|          m_axi|       gmem1_1|       pointer|
|m_axi_gmem1_1_RLAST     |   in|    1|          m_axi|       gmem1_1|       pointer|
|m_axi_gmem1_1_RID       |   in|    1|          m_axi|       gmem1_1|       pointer|
|m_axi_gmem1_1_RUSER     |   in|    1|          m_axi|       gmem1_1|       pointer|
|m_axi_gmem1_1_RRESP     |   in|    2|          m_axi|       gmem1_1|       pointer|
|m_axi_gmem1_1_BVALID    |   in|    1|          m_axi|       gmem1_1|       pointer|
|m_axi_gmem1_1_BREADY    |  out|    1|          m_axi|       gmem1_1|       pointer|
|m_axi_gmem1_1_BRESP     |   in|    2|          m_axi|       gmem1_1|       pointer|
|m_axi_gmem1_1_BID       |   in|    1|          m_axi|       gmem1_1|       pointer|
|m_axi_gmem1_1_BUSER     |   in|    1|          m_axi|       gmem1_1|       pointer|
|m_axi_gmem1_2_AWVALID   |  out|    1|          m_axi|       gmem1_2|       pointer|
|m_axi_gmem1_2_AWREADY   |   in|    1|          m_axi|       gmem1_2|       pointer|
|m_axi_gmem1_2_AWADDR    |  out|   64|          m_axi|       gmem1_2|       pointer|
|m_axi_gmem1_2_AWID      |  out|    1|          m_axi|       gmem1_2|       pointer|
|m_axi_gmem1_2_AWLEN     |  out|    8|          m_axi|       gmem1_2|       pointer|
|m_axi_gmem1_2_AWSIZE    |  out|    3|          m_axi|       gmem1_2|       pointer|
|m_axi_gmem1_2_AWBURST   |  out|    2|          m_axi|       gmem1_2|       pointer|
|m_axi_gmem1_2_AWLOCK    |  out|    2|          m_axi|       gmem1_2|       pointer|
|m_axi_gmem1_2_AWCACHE   |  out|    4|          m_axi|       gmem1_2|       pointer|
|m_axi_gmem1_2_AWPROT    |  out|    3|          m_axi|       gmem1_2|       pointer|
|m_axi_gmem1_2_AWQOS     |  out|    4|          m_axi|       gmem1_2|       pointer|
|m_axi_gmem1_2_AWREGION  |  out|    4|          m_axi|       gmem1_2|       pointer|
|m_axi_gmem1_2_AWUSER    |  out|    1|          m_axi|       gmem1_2|       pointer|
|m_axi_gmem1_2_WVALID    |  out|    1|          m_axi|       gmem1_2|       pointer|
|m_axi_gmem1_2_WREADY    |   in|    1|          m_axi|       gmem1_2|       pointer|
|m_axi_gmem1_2_WDATA     |  out|   32|          m_axi|       gmem1_2|       pointer|
|m_axi_gmem1_2_WSTRB     |  out|    4|          m_axi|       gmem1_2|       pointer|
|m_axi_gmem1_2_WLAST     |  out|    1|          m_axi|       gmem1_2|       pointer|
|m_axi_gmem1_2_WID       |  out|    1|          m_axi|       gmem1_2|       pointer|
|m_axi_gmem1_2_WUSER     |  out|    1|          m_axi|       gmem1_2|       pointer|
|m_axi_gmem1_2_ARVALID   |  out|    1|          m_axi|       gmem1_2|       pointer|
|m_axi_gmem1_2_ARREADY   |   in|    1|          m_axi|       gmem1_2|       pointer|
|m_axi_gmem1_2_ARADDR    |  out|   64|          m_axi|       gmem1_2|       pointer|
|m_axi_gmem1_2_ARID      |  out|    1|          m_axi|       gmem1_2|       pointer|
|m_axi_gmem1_2_ARLEN     |  out|    8|          m_axi|       gmem1_2|       pointer|
|m_axi_gmem1_2_ARSIZE    |  out|    3|          m_axi|       gmem1_2|       pointer|
|m_axi_gmem1_2_ARBURST   |  out|    2|          m_axi|       gmem1_2|       pointer|
|m_axi_gmem1_2_ARLOCK    |  out|    2|          m_axi|       gmem1_2|       pointer|
|m_axi_gmem1_2_ARCACHE   |  out|    4|          m_axi|       gmem1_2|       pointer|
|m_axi_gmem1_2_ARPROT    |  out|    3|          m_axi|       gmem1_2|       pointer|
|m_axi_gmem1_2_ARQOS     |  out|    4|          m_axi|       gmem1_2|       pointer|
|m_axi_gmem1_2_ARREGION  |  out|    4|          m_axi|       gmem1_2|       pointer|
|m_axi_gmem1_2_ARUSER    |  out|    1|          m_axi|       gmem1_2|       pointer|
|m_axi_gmem1_2_RVALID    |   in|    1|          m_axi|       gmem1_2|       pointer|
|m_axi_gmem1_2_RREADY    |  out|    1|          m_axi|       gmem1_2|       pointer|
|m_axi_gmem1_2_RDATA     |   in|   32|          m_axi|       gmem1_2|       pointer|
|m_axi_gmem1_2_RLAST     |   in|    1|          m_axi|       gmem1_2|       pointer|
|m_axi_gmem1_2_RID       |   in|    1|          m_axi|       gmem1_2|       pointer|
|m_axi_gmem1_2_RUSER     |   in|    1|          m_axi|       gmem1_2|       pointer|
|m_axi_gmem1_2_RRESP     |   in|    2|          m_axi|       gmem1_2|       pointer|
|m_axi_gmem1_2_BVALID    |   in|    1|          m_axi|       gmem1_2|       pointer|
|m_axi_gmem1_2_BREADY    |  out|    1|          m_axi|       gmem1_2|       pointer|
|m_axi_gmem1_2_BRESP     |   in|    2|          m_axi|       gmem1_2|       pointer|
|m_axi_gmem1_2_BID       |   in|    1|          m_axi|       gmem1_2|       pointer|
|m_axi_gmem1_2_BUSER     |   in|    1|          m_axi|       gmem1_2|       pointer|
|m_axi_gmem1_3_AWVALID   |  out|    1|          m_axi|       gmem1_3|       pointer|
|m_axi_gmem1_3_AWREADY   |   in|    1|          m_axi|       gmem1_3|       pointer|
|m_axi_gmem1_3_AWADDR    |  out|   64|          m_axi|       gmem1_3|       pointer|
|m_axi_gmem1_3_AWID      |  out|    1|          m_axi|       gmem1_3|       pointer|
|m_axi_gmem1_3_AWLEN     |  out|    8|          m_axi|       gmem1_3|       pointer|
|m_axi_gmem1_3_AWSIZE    |  out|    3|          m_axi|       gmem1_3|       pointer|
|m_axi_gmem1_3_AWBURST   |  out|    2|          m_axi|       gmem1_3|       pointer|
|m_axi_gmem1_3_AWLOCK    |  out|    2|          m_axi|       gmem1_3|       pointer|
|m_axi_gmem1_3_AWCACHE   |  out|    4|          m_axi|       gmem1_3|       pointer|
|m_axi_gmem1_3_AWPROT    |  out|    3|          m_axi|       gmem1_3|       pointer|
|m_axi_gmem1_3_AWQOS     |  out|    4|          m_axi|       gmem1_3|       pointer|
|m_axi_gmem1_3_AWREGION  |  out|    4|          m_axi|       gmem1_3|       pointer|
|m_axi_gmem1_3_AWUSER    |  out|    1|          m_axi|       gmem1_3|       pointer|
|m_axi_gmem1_3_WVALID    |  out|    1|          m_axi|       gmem1_3|       pointer|
|m_axi_gmem1_3_WREADY    |   in|    1|          m_axi|       gmem1_3|       pointer|
|m_axi_gmem1_3_WDATA     |  out|   32|          m_axi|       gmem1_3|       pointer|
|m_axi_gmem1_3_WSTRB     |  out|    4|          m_axi|       gmem1_3|       pointer|
|m_axi_gmem1_3_WLAST     |  out|    1|          m_axi|       gmem1_3|       pointer|
|m_axi_gmem1_3_WID       |  out|    1|          m_axi|       gmem1_3|       pointer|
|m_axi_gmem1_3_WUSER     |  out|    1|          m_axi|       gmem1_3|       pointer|
|m_axi_gmem1_3_ARVALID   |  out|    1|          m_axi|       gmem1_3|       pointer|
|m_axi_gmem1_3_ARREADY   |   in|    1|          m_axi|       gmem1_3|       pointer|
|m_axi_gmem1_3_ARADDR    |  out|   64|          m_axi|       gmem1_3|       pointer|
|m_axi_gmem1_3_ARID      |  out|    1|          m_axi|       gmem1_3|       pointer|
|m_axi_gmem1_3_ARLEN     |  out|    8|          m_axi|       gmem1_3|       pointer|
|m_axi_gmem1_3_ARSIZE    |  out|    3|          m_axi|       gmem1_3|       pointer|
|m_axi_gmem1_3_ARBURST   |  out|    2|          m_axi|       gmem1_3|       pointer|
|m_axi_gmem1_3_ARLOCK    |  out|    2|          m_axi|       gmem1_3|       pointer|
|m_axi_gmem1_3_ARCACHE   |  out|    4|          m_axi|       gmem1_3|       pointer|
|m_axi_gmem1_3_ARPROT    |  out|    3|          m_axi|       gmem1_3|       pointer|
|m_axi_gmem1_3_ARQOS     |  out|    4|          m_axi|       gmem1_3|       pointer|
|m_axi_gmem1_3_ARREGION  |  out|    4|          m_axi|       gmem1_3|       pointer|
|m_axi_gmem1_3_ARUSER    |  out|    1|          m_axi|       gmem1_3|       pointer|
|m_axi_gmem1_3_RVALID    |   in|    1|          m_axi|       gmem1_3|       pointer|
|m_axi_gmem1_3_RREADY    |  out|    1|          m_axi|       gmem1_3|       pointer|
|m_axi_gmem1_3_RDATA     |   in|   32|          m_axi|       gmem1_3|       pointer|
|m_axi_gmem1_3_RLAST     |   in|    1|          m_axi|       gmem1_3|       pointer|
|m_axi_gmem1_3_RID       |   in|    1|          m_axi|       gmem1_3|       pointer|
|m_axi_gmem1_3_RUSER     |   in|    1|          m_axi|       gmem1_3|       pointer|
|m_axi_gmem1_3_RRESP     |   in|    2|          m_axi|       gmem1_3|       pointer|
|m_axi_gmem1_3_BVALID    |   in|    1|          m_axi|       gmem1_3|       pointer|
|m_axi_gmem1_3_BREADY    |  out|    1|          m_axi|       gmem1_3|       pointer|
|m_axi_gmem1_3_BRESP     |   in|    2|          m_axi|       gmem1_3|       pointer|
|m_axi_gmem1_3_BID       |   in|    1|          m_axi|       gmem1_3|       pointer|
|m_axi_gmem1_3_BUSER     |   in|    1|          m_axi|       gmem1_3|       pointer|
|m_axi_gmem1_4_AWVALID   |  out|    1|          m_axi|       gmem1_4|       pointer|
|m_axi_gmem1_4_AWREADY   |   in|    1|          m_axi|       gmem1_4|       pointer|
|m_axi_gmem1_4_AWADDR    |  out|   64|          m_axi|       gmem1_4|       pointer|
|m_axi_gmem1_4_AWID      |  out|    1|          m_axi|       gmem1_4|       pointer|
|m_axi_gmem1_4_AWLEN     |  out|    8|          m_axi|       gmem1_4|       pointer|
|m_axi_gmem1_4_AWSIZE    |  out|    3|          m_axi|       gmem1_4|       pointer|
|m_axi_gmem1_4_AWBURST   |  out|    2|          m_axi|       gmem1_4|       pointer|
|m_axi_gmem1_4_AWLOCK    |  out|    2|          m_axi|       gmem1_4|       pointer|
|m_axi_gmem1_4_AWCACHE   |  out|    4|          m_axi|       gmem1_4|       pointer|
|m_axi_gmem1_4_AWPROT    |  out|    3|          m_axi|       gmem1_4|       pointer|
|m_axi_gmem1_4_AWQOS     |  out|    4|          m_axi|       gmem1_4|       pointer|
|m_axi_gmem1_4_AWREGION  |  out|    4|          m_axi|       gmem1_4|       pointer|
|m_axi_gmem1_4_AWUSER    |  out|    1|          m_axi|       gmem1_4|       pointer|
|m_axi_gmem1_4_WVALID    |  out|    1|          m_axi|       gmem1_4|       pointer|
|m_axi_gmem1_4_WREADY    |   in|    1|          m_axi|       gmem1_4|       pointer|
|m_axi_gmem1_4_WDATA     |  out|   32|          m_axi|       gmem1_4|       pointer|
|m_axi_gmem1_4_WSTRB     |  out|    4|          m_axi|       gmem1_4|       pointer|
|m_axi_gmem1_4_WLAST     |  out|    1|          m_axi|       gmem1_4|       pointer|
|m_axi_gmem1_4_WID       |  out|    1|          m_axi|       gmem1_4|       pointer|
|m_axi_gmem1_4_WUSER     |  out|    1|          m_axi|       gmem1_4|       pointer|
|m_axi_gmem1_4_ARVALID   |  out|    1|          m_axi|       gmem1_4|       pointer|
|m_axi_gmem1_4_ARREADY   |   in|    1|          m_axi|       gmem1_4|       pointer|
|m_axi_gmem1_4_ARADDR    |  out|   64|          m_axi|       gmem1_4|       pointer|
|m_axi_gmem1_4_ARID      |  out|    1|          m_axi|       gmem1_4|       pointer|
|m_axi_gmem1_4_ARLEN     |  out|    8|          m_axi|       gmem1_4|       pointer|
|m_axi_gmem1_4_ARSIZE    |  out|    3|          m_axi|       gmem1_4|       pointer|
|m_axi_gmem1_4_ARBURST   |  out|    2|          m_axi|       gmem1_4|       pointer|
|m_axi_gmem1_4_ARLOCK    |  out|    2|          m_axi|       gmem1_4|       pointer|
|m_axi_gmem1_4_ARCACHE   |  out|    4|          m_axi|       gmem1_4|       pointer|
|m_axi_gmem1_4_ARPROT    |  out|    3|          m_axi|       gmem1_4|       pointer|
|m_axi_gmem1_4_ARQOS     |  out|    4|          m_axi|       gmem1_4|       pointer|
|m_axi_gmem1_4_ARREGION  |  out|    4|          m_axi|       gmem1_4|       pointer|
|m_axi_gmem1_4_ARUSER    |  out|    1|          m_axi|       gmem1_4|       pointer|
|m_axi_gmem1_4_RVALID    |   in|    1|          m_axi|       gmem1_4|       pointer|
|m_axi_gmem1_4_RREADY    |  out|    1|          m_axi|       gmem1_4|       pointer|
|m_axi_gmem1_4_RDATA     |   in|   32|          m_axi|       gmem1_4|       pointer|
|m_axi_gmem1_4_RLAST     |   in|    1|          m_axi|       gmem1_4|       pointer|
|m_axi_gmem1_4_RID       |   in|    1|          m_axi|       gmem1_4|       pointer|
|m_axi_gmem1_4_RUSER     |   in|    1|          m_axi|       gmem1_4|       pointer|
|m_axi_gmem1_4_RRESP     |   in|    2|          m_axi|       gmem1_4|       pointer|
|m_axi_gmem1_4_BVALID    |   in|    1|          m_axi|       gmem1_4|       pointer|
|m_axi_gmem1_4_BREADY    |  out|    1|          m_axi|       gmem1_4|       pointer|
|m_axi_gmem1_4_BRESP     |   in|    2|          m_axi|       gmem1_4|       pointer|
|m_axi_gmem1_4_BID       |   in|    1|          m_axi|       gmem1_4|       pointer|
|m_axi_gmem1_4_BUSER     |   in|    1|          m_axi|       gmem1_4|       pointer|
|m_axi_gmem1_5_AWVALID   |  out|    1|          m_axi|       gmem1_5|       pointer|
|m_axi_gmem1_5_AWREADY   |   in|    1|          m_axi|       gmem1_5|       pointer|
|m_axi_gmem1_5_AWADDR    |  out|   64|          m_axi|       gmem1_5|       pointer|
|m_axi_gmem1_5_AWID      |  out|    1|          m_axi|       gmem1_5|       pointer|
|m_axi_gmem1_5_AWLEN     |  out|    8|          m_axi|       gmem1_5|       pointer|
|m_axi_gmem1_5_AWSIZE    |  out|    3|          m_axi|       gmem1_5|       pointer|
|m_axi_gmem1_5_AWBURST   |  out|    2|          m_axi|       gmem1_5|       pointer|
|m_axi_gmem1_5_AWLOCK    |  out|    2|          m_axi|       gmem1_5|       pointer|
|m_axi_gmem1_5_AWCACHE   |  out|    4|          m_axi|       gmem1_5|       pointer|
|m_axi_gmem1_5_AWPROT    |  out|    3|          m_axi|       gmem1_5|       pointer|
|m_axi_gmem1_5_AWQOS     |  out|    4|          m_axi|       gmem1_5|       pointer|
|m_axi_gmem1_5_AWREGION  |  out|    4|          m_axi|       gmem1_5|       pointer|
|m_axi_gmem1_5_AWUSER    |  out|    1|          m_axi|       gmem1_5|       pointer|
|m_axi_gmem1_5_WVALID    |  out|    1|          m_axi|       gmem1_5|       pointer|
|m_axi_gmem1_5_WREADY    |   in|    1|          m_axi|       gmem1_5|       pointer|
|m_axi_gmem1_5_WDATA     |  out|   32|          m_axi|       gmem1_5|       pointer|
|m_axi_gmem1_5_WSTRB     |  out|    4|          m_axi|       gmem1_5|       pointer|
|m_axi_gmem1_5_WLAST     |  out|    1|          m_axi|       gmem1_5|       pointer|
|m_axi_gmem1_5_WID       |  out|    1|          m_axi|       gmem1_5|       pointer|
|m_axi_gmem1_5_WUSER     |  out|    1|          m_axi|       gmem1_5|       pointer|
|m_axi_gmem1_5_ARVALID   |  out|    1|          m_axi|       gmem1_5|       pointer|
|m_axi_gmem1_5_ARREADY   |   in|    1|          m_axi|       gmem1_5|       pointer|
|m_axi_gmem1_5_ARADDR    |  out|   64|          m_axi|       gmem1_5|       pointer|
|m_axi_gmem1_5_ARID      |  out|    1|          m_axi|       gmem1_5|       pointer|
|m_axi_gmem1_5_ARLEN     |  out|    8|          m_axi|       gmem1_5|       pointer|
|m_axi_gmem1_5_ARSIZE    |  out|    3|          m_axi|       gmem1_5|       pointer|
|m_axi_gmem1_5_ARBURST   |  out|    2|          m_axi|       gmem1_5|       pointer|
|m_axi_gmem1_5_ARLOCK    |  out|    2|          m_axi|       gmem1_5|       pointer|
|m_axi_gmem1_5_ARCACHE   |  out|    4|          m_axi|       gmem1_5|       pointer|
|m_axi_gmem1_5_ARPROT    |  out|    3|          m_axi|       gmem1_5|       pointer|
|m_axi_gmem1_5_ARQOS     |  out|    4|          m_axi|       gmem1_5|       pointer|
|m_axi_gmem1_5_ARREGION  |  out|    4|          m_axi|       gmem1_5|       pointer|
|m_axi_gmem1_5_ARUSER    |  out|    1|          m_axi|       gmem1_5|       pointer|
|m_axi_gmem1_5_RVALID    |   in|    1|          m_axi|       gmem1_5|       pointer|
|m_axi_gmem1_5_RREADY    |  out|    1|          m_axi|       gmem1_5|       pointer|
|m_axi_gmem1_5_RDATA     |   in|   32|          m_axi|       gmem1_5|       pointer|
|m_axi_gmem1_5_RLAST     |   in|    1|          m_axi|       gmem1_5|       pointer|
|m_axi_gmem1_5_RID       |   in|    1|          m_axi|       gmem1_5|       pointer|
|m_axi_gmem1_5_RUSER     |   in|    1|          m_axi|       gmem1_5|       pointer|
|m_axi_gmem1_5_RRESP     |   in|    2|          m_axi|       gmem1_5|       pointer|
|m_axi_gmem1_5_BVALID    |   in|    1|          m_axi|       gmem1_5|       pointer|
|m_axi_gmem1_5_BREADY    |  out|    1|          m_axi|       gmem1_5|       pointer|
|m_axi_gmem1_5_BRESP     |   in|    2|          m_axi|       gmem1_5|       pointer|
|m_axi_gmem1_5_BID       |   in|    1|          m_axi|       gmem1_5|       pointer|
|m_axi_gmem1_5_BUSER     |   in|    1|          m_axi|       gmem1_5|       pointer|
|m_axi_gmem1_6_AWVALID   |  out|    1|          m_axi|       gmem1_6|       pointer|
|m_axi_gmem1_6_AWREADY   |   in|    1|          m_axi|       gmem1_6|       pointer|
|m_axi_gmem1_6_AWADDR    |  out|   64|          m_axi|       gmem1_6|       pointer|
|m_axi_gmem1_6_AWID      |  out|    1|          m_axi|       gmem1_6|       pointer|
|m_axi_gmem1_6_AWLEN     |  out|    8|          m_axi|       gmem1_6|       pointer|
|m_axi_gmem1_6_AWSIZE    |  out|    3|          m_axi|       gmem1_6|       pointer|
|m_axi_gmem1_6_AWBURST   |  out|    2|          m_axi|       gmem1_6|       pointer|
|m_axi_gmem1_6_AWLOCK    |  out|    2|          m_axi|       gmem1_6|       pointer|
|m_axi_gmem1_6_AWCACHE   |  out|    4|          m_axi|       gmem1_6|       pointer|
|m_axi_gmem1_6_AWPROT    |  out|    3|          m_axi|       gmem1_6|       pointer|
|m_axi_gmem1_6_AWQOS     |  out|    4|          m_axi|       gmem1_6|       pointer|
|m_axi_gmem1_6_AWREGION  |  out|    4|          m_axi|       gmem1_6|       pointer|
|m_axi_gmem1_6_AWUSER    |  out|    1|          m_axi|       gmem1_6|       pointer|
|m_axi_gmem1_6_WVALID    |  out|    1|          m_axi|       gmem1_6|       pointer|
|m_axi_gmem1_6_WREADY    |   in|    1|          m_axi|       gmem1_6|       pointer|
|m_axi_gmem1_6_WDATA     |  out|   32|          m_axi|       gmem1_6|       pointer|
|m_axi_gmem1_6_WSTRB     |  out|    4|          m_axi|       gmem1_6|       pointer|
|m_axi_gmem1_6_WLAST     |  out|    1|          m_axi|       gmem1_6|       pointer|
|m_axi_gmem1_6_WID       |  out|    1|          m_axi|       gmem1_6|       pointer|
|m_axi_gmem1_6_WUSER     |  out|    1|          m_axi|       gmem1_6|       pointer|
|m_axi_gmem1_6_ARVALID   |  out|    1|          m_axi|       gmem1_6|       pointer|
|m_axi_gmem1_6_ARREADY   |   in|    1|          m_axi|       gmem1_6|       pointer|
|m_axi_gmem1_6_ARADDR    |  out|   64|          m_axi|       gmem1_6|       pointer|
|m_axi_gmem1_6_ARID      |  out|    1|          m_axi|       gmem1_6|       pointer|
|m_axi_gmem1_6_ARLEN     |  out|    8|          m_axi|       gmem1_6|       pointer|
|m_axi_gmem1_6_ARSIZE    |  out|    3|          m_axi|       gmem1_6|       pointer|
|m_axi_gmem1_6_ARBURST   |  out|    2|          m_axi|       gmem1_6|       pointer|
|m_axi_gmem1_6_ARLOCK    |  out|    2|          m_axi|       gmem1_6|       pointer|
|m_axi_gmem1_6_ARCACHE   |  out|    4|          m_axi|       gmem1_6|       pointer|
|m_axi_gmem1_6_ARPROT    |  out|    3|          m_axi|       gmem1_6|       pointer|
|m_axi_gmem1_6_ARQOS     |  out|    4|          m_axi|       gmem1_6|       pointer|
|m_axi_gmem1_6_ARREGION  |  out|    4|          m_axi|       gmem1_6|       pointer|
|m_axi_gmem1_6_ARUSER    |  out|    1|          m_axi|       gmem1_6|       pointer|
|m_axi_gmem1_6_RVALID    |   in|    1|          m_axi|       gmem1_6|       pointer|
|m_axi_gmem1_6_RREADY    |  out|    1|          m_axi|       gmem1_6|       pointer|
|m_axi_gmem1_6_RDATA     |   in|   32|          m_axi|       gmem1_6|       pointer|
|m_axi_gmem1_6_RLAST     |   in|    1|          m_axi|       gmem1_6|       pointer|
|m_axi_gmem1_6_RID       |   in|    1|          m_axi|       gmem1_6|       pointer|
|m_axi_gmem1_6_RUSER     |   in|    1|          m_axi|       gmem1_6|       pointer|
|m_axi_gmem1_6_RRESP     |   in|    2|          m_axi|       gmem1_6|       pointer|
|m_axi_gmem1_6_BVALID    |   in|    1|          m_axi|       gmem1_6|       pointer|
|m_axi_gmem1_6_BREADY    |  out|    1|          m_axi|       gmem1_6|       pointer|
|m_axi_gmem1_6_BRESP     |   in|    2|          m_axi|       gmem1_6|       pointer|
|m_axi_gmem1_6_BID       |   in|    1|          m_axi|       gmem1_6|       pointer|
|m_axi_gmem1_6_BUSER     |   in|    1|          m_axi|       gmem1_6|       pointer|
|m_axi_gmem1_7_AWVALID   |  out|    1|          m_axi|       gmem1_7|       pointer|
|m_axi_gmem1_7_AWREADY   |   in|    1|          m_axi|       gmem1_7|       pointer|
|m_axi_gmem1_7_AWADDR    |  out|   64|          m_axi|       gmem1_7|       pointer|
|m_axi_gmem1_7_AWID      |  out|    1|          m_axi|       gmem1_7|       pointer|
|m_axi_gmem1_7_AWLEN     |  out|    8|          m_axi|       gmem1_7|       pointer|
|m_axi_gmem1_7_AWSIZE    |  out|    3|          m_axi|       gmem1_7|       pointer|
|m_axi_gmem1_7_AWBURST   |  out|    2|          m_axi|       gmem1_7|       pointer|
|m_axi_gmem1_7_AWLOCK    |  out|    2|          m_axi|       gmem1_7|       pointer|
|m_axi_gmem1_7_AWCACHE   |  out|    4|          m_axi|       gmem1_7|       pointer|
|m_axi_gmem1_7_AWPROT    |  out|    3|          m_axi|       gmem1_7|       pointer|
|m_axi_gmem1_7_AWQOS     |  out|    4|          m_axi|       gmem1_7|       pointer|
|m_axi_gmem1_7_AWREGION  |  out|    4|          m_axi|       gmem1_7|       pointer|
|m_axi_gmem1_7_AWUSER    |  out|    1|          m_axi|       gmem1_7|       pointer|
|m_axi_gmem1_7_WVALID    |  out|    1|          m_axi|       gmem1_7|       pointer|
|m_axi_gmem1_7_WREADY    |   in|    1|          m_axi|       gmem1_7|       pointer|
|m_axi_gmem1_7_WDATA     |  out|   32|          m_axi|       gmem1_7|       pointer|
|m_axi_gmem1_7_WSTRB     |  out|    4|          m_axi|       gmem1_7|       pointer|
|m_axi_gmem1_7_WLAST     |  out|    1|          m_axi|       gmem1_7|       pointer|
|m_axi_gmem1_7_WID       |  out|    1|          m_axi|       gmem1_7|       pointer|
|m_axi_gmem1_7_WUSER     |  out|    1|          m_axi|       gmem1_7|       pointer|
|m_axi_gmem1_7_ARVALID   |  out|    1|          m_axi|       gmem1_7|       pointer|
|m_axi_gmem1_7_ARREADY   |   in|    1|          m_axi|       gmem1_7|       pointer|
|m_axi_gmem1_7_ARADDR    |  out|   64|          m_axi|       gmem1_7|       pointer|
|m_axi_gmem1_7_ARID      |  out|    1|          m_axi|       gmem1_7|       pointer|
|m_axi_gmem1_7_ARLEN     |  out|    8|          m_axi|       gmem1_7|       pointer|
|m_axi_gmem1_7_ARSIZE    |  out|    3|          m_axi|       gmem1_7|       pointer|
|m_axi_gmem1_7_ARBURST   |  out|    2|          m_axi|       gmem1_7|       pointer|
|m_axi_gmem1_7_ARLOCK    |  out|    2|          m_axi|       gmem1_7|       pointer|
|m_axi_gmem1_7_ARCACHE   |  out|    4|          m_axi|       gmem1_7|       pointer|
|m_axi_gmem1_7_ARPROT    |  out|    3|          m_axi|       gmem1_7|       pointer|
|m_axi_gmem1_7_ARQOS     |  out|    4|          m_axi|       gmem1_7|       pointer|
|m_axi_gmem1_7_ARREGION  |  out|    4|          m_axi|       gmem1_7|       pointer|
|m_axi_gmem1_7_ARUSER    |  out|    1|          m_axi|       gmem1_7|       pointer|
|m_axi_gmem1_7_RVALID    |   in|    1|          m_axi|       gmem1_7|       pointer|
|m_axi_gmem1_7_RREADY    |  out|    1|          m_axi|       gmem1_7|       pointer|
|m_axi_gmem1_7_RDATA     |   in|   32|          m_axi|       gmem1_7|       pointer|
|m_axi_gmem1_7_RLAST     |   in|    1|          m_axi|       gmem1_7|       pointer|
|m_axi_gmem1_7_RID       |   in|    1|          m_axi|       gmem1_7|       pointer|
|m_axi_gmem1_7_RUSER     |   in|    1|          m_axi|       gmem1_7|       pointer|
|m_axi_gmem1_7_RRESP     |   in|    2|          m_axi|       gmem1_7|       pointer|
|m_axi_gmem1_7_BVALID    |   in|    1|          m_axi|       gmem1_7|       pointer|
|m_axi_gmem1_7_BREADY    |  out|    1|          m_axi|       gmem1_7|       pointer|
|m_axi_gmem1_7_BRESP     |   in|    2|          m_axi|       gmem1_7|       pointer|
|m_axi_gmem1_7_BID       |   in|    1|          m_axi|       gmem1_7|       pointer|
|m_axi_gmem1_7_BUSER     |   in|    1|          m_axi|       gmem1_7|       pointer|
|m_axi_gmem2_0_AWVALID   |  out|    1|          m_axi|       gmem2_0|       pointer|
|m_axi_gmem2_0_AWREADY   |   in|    1|          m_axi|       gmem2_0|       pointer|
|m_axi_gmem2_0_AWADDR    |  out|   64|          m_axi|       gmem2_0|       pointer|
|m_axi_gmem2_0_AWID      |  out|    1|          m_axi|       gmem2_0|       pointer|
|m_axi_gmem2_0_AWLEN     |  out|    8|          m_axi|       gmem2_0|       pointer|
|m_axi_gmem2_0_AWSIZE    |  out|    3|          m_axi|       gmem2_0|       pointer|
|m_axi_gmem2_0_AWBURST   |  out|    2|          m_axi|       gmem2_0|       pointer|
|m_axi_gmem2_0_AWLOCK    |  out|    2|          m_axi|       gmem2_0|       pointer|
|m_axi_gmem2_0_AWCACHE   |  out|    4|          m_axi|       gmem2_0|       pointer|
|m_axi_gmem2_0_AWPROT    |  out|    3|          m_axi|       gmem2_0|       pointer|
|m_axi_gmem2_0_AWQOS     |  out|    4|          m_axi|       gmem2_0|       pointer|
|m_axi_gmem2_0_AWREGION  |  out|    4|          m_axi|       gmem2_0|       pointer|
|m_axi_gmem2_0_AWUSER    |  out|    1|          m_axi|       gmem2_0|       pointer|
|m_axi_gmem2_0_WVALID    |  out|    1|          m_axi|       gmem2_0|       pointer|
|m_axi_gmem2_0_WREADY    |   in|    1|          m_axi|       gmem2_0|       pointer|
|m_axi_gmem2_0_WDATA     |  out|   32|          m_axi|       gmem2_0|       pointer|
|m_axi_gmem2_0_WSTRB     |  out|    4|          m_axi|       gmem2_0|       pointer|
|m_axi_gmem2_0_WLAST     |  out|    1|          m_axi|       gmem2_0|       pointer|
|m_axi_gmem2_0_WID       |  out|    1|          m_axi|       gmem2_0|       pointer|
|m_axi_gmem2_0_WUSER     |  out|    1|          m_axi|       gmem2_0|       pointer|
|m_axi_gmem2_0_ARVALID   |  out|    1|          m_axi|       gmem2_0|       pointer|
|m_axi_gmem2_0_ARREADY   |   in|    1|          m_axi|       gmem2_0|       pointer|
|m_axi_gmem2_0_ARADDR    |  out|   64|          m_axi|       gmem2_0|       pointer|
|m_axi_gmem2_0_ARID      |  out|    1|          m_axi|       gmem2_0|       pointer|
|m_axi_gmem2_0_ARLEN     |  out|    8|          m_axi|       gmem2_0|       pointer|
|m_axi_gmem2_0_ARSIZE    |  out|    3|          m_axi|       gmem2_0|       pointer|
|m_axi_gmem2_0_ARBURST   |  out|    2|          m_axi|       gmem2_0|       pointer|
|m_axi_gmem2_0_ARLOCK    |  out|    2|          m_axi|       gmem2_0|       pointer|
|m_axi_gmem2_0_ARCACHE   |  out|    4|          m_axi|       gmem2_0|       pointer|
|m_axi_gmem2_0_ARPROT    |  out|    3|          m_axi|       gmem2_0|       pointer|
|m_axi_gmem2_0_ARQOS     |  out|    4|          m_axi|       gmem2_0|       pointer|
|m_axi_gmem2_0_ARREGION  |  out|    4|          m_axi|       gmem2_0|       pointer|
|m_axi_gmem2_0_ARUSER    |  out|    1|          m_axi|       gmem2_0|       pointer|
|m_axi_gmem2_0_RVALID    |   in|    1|          m_axi|       gmem2_0|       pointer|
|m_axi_gmem2_0_RREADY    |  out|    1|          m_axi|       gmem2_0|       pointer|
|m_axi_gmem2_0_RDATA     |   in|   32|          m_axi|       gmem2_0|       pointer|
|m_axi_gmem2_0_RLAST     |   in|    1|          m_axi|       gmem2_0|       pointer|
|m_axi_gmem2_0_RID       |   in|    1|          m_axi|       gmem2_0|       pointer|
|m_axi_gmem2_0_RUSER     |   in|    1|          m_axi|       gmem2_0|       pointer|
|m_axi_gmem2_0_RRESP     |   in|    2|          m_axi|       gmem2_0|       pointer|
|m_axi_gmem2_0_BVALID    |   in|    1|          m_axi|       gmem2_0|       pointer|
|m_axi_gmem2_0_BREADY    |  out|    1|          m_axi|       gmem2_0|       pointer|
|m_axi_gmem2_0_BRESP     |   in|    2|          m_axi|       gmem2_0|       pointer|
|m_axi_gmem2_0_BID       |   in|    1|          m_axi|       gmem2_0|       pointer|
|m_axi_gmem2_0_BUSER     |   in|    1|          m_axi|       gmem2_0|       pointer|
|m_axi_gmem2_1_AWVALID   |  out|    1|          m_axi|       gmem2_1|       pointer|
|m_axi_gmem2_1_AWREADY   |   in|    1|          m_axi|       gmem2_1|       pointer|
|m_axi_gmem2_1_AWADDR    |  out|   64|          m_axi|       gmem2_1|       pointer|
|m_axi_gmem2_1_AWID      |  out|    1|          m_axi|       gmem2_1|       pointer|
|m_axi_gmem2_1_AWLEN     |  out|    8|          m_axi|       gmem2_1|       pointer|
|m_axi_gmem2_1_AWSIZE    |  out|    3|          m_axi|       gmem2_1|       pointer|
|m_axi_gmem2_1_AWBURST   |  out|    2|          m_axi|       gmem2_1|       pointer|
|m_axi_gmem2_1_AWLOCK    |  out|    2|          m_axi|       gmem2_1|       pointer|
|m_axi_gmem2_1_AWCACHE   |  out|    4|          m_axi|       gmem2_1|       pointer|
|m_axi_gmem2_1_AWPROT    |  out|    3|          m_axi|       gmem2_1|       pointer|
|m_axi_gmem2_1_AWQOS     |  out|    4|          m_axi|       gmem2_1|       pointer|
|m_axi_gmem2_1_AWREGION  |  out|    4|          m_axi|       gmem2_1|       pointer|
|m_axi_gmem2_1_AWUSER    |  out|    1|          m_axi|       gmem2_1|       pointer|
|m_axi_gmem2_1_WVALID    |  out|    1|          m_axi|       gmem2_1|       pointer|
|m_axi_gmem2_1_WREADY    |   in|    1|          m_axi|       gmem2_1|       pointer|
|m_axi_gmem2_1_WDATA     |  out|   32|          m_axi|       gmem2_1|       pointer|
|m_axi_gmem2_1_WSTRB     |  out|    4|          m_axi|       gmem2_1|       pointer|
|m_axi_gmem2_1_WLAST     |  out|    1|          m_axi|       gmem2_1|       pointer|
|m_axi_gmem2_1_WID       |  out|    1|          m_axi|       gmem2_1|       pointer|
|m_axi_gmem2_1_WUSER     |  out|    1|          m_axi|       gmem2_1|       pointer|
|m_axi_gmem2_1_ARVALID   |  out|    1|          m_axi|       gmem2_1|       pointer|
|m_axi_gmem2_1_ARREADY   |   in|    1|          m_axi|       gmem2_1|       pointer|
|m_axi_gmem2_1_ARADDR    |  out|   64|          m_axi|       gmem2_1|       pointer|
|m_axi_gmem2_1_ARID      |  out|    1|          m_axi|       gmem2_1|       pointer|
|m_axi_gmem2_1_ARLEN     |  out|    8|          m_axi|       gmem2_1|       pointer|
|m_axi_gmem2_1_ARSIZE    |  out|    3|          m_axi|       gmem2_1|       pointer|
|m_axi_gmem2_1_ARBURST   |  out|    2|          m_axi|       gmem2_1|       pointer|
|m_axi_gmem2_1_ARLOCK    |  out|    2|          m_axi|       gmem2_1|       pointer|
|m_axi_gmem2_1_ARCACHE   |  out|    4|          m_axi|       gmem2_1|       pointer|
|m_axi_gmem2_1_ARPROT    |  out|    3|          m_axi|       gmem2_1|       pointer|
|m_axi_gmem2_1_ARQOS     |  out|    4|          m_axi|       gmem2_1|       pointer|
|m_axi_gmem2_1_ARREGION  |  out|    4|          m_axi|       gmem2_1|       pointer|
|m_axi_gmem2_1_ARUSER    |  out|    1|          m_axi|       gmem2_1|       pointer|
|m_axi_gmem2_1_RVALID    |   in|    1|          m_axi|       gmem2_1|       pointer|
|m_axi_gmem2_1_RREADY    |  out|    1|          m_axi|       gmem2_1|       pointer|
|m_axi_gmem2_1_RDATA     |   in|   32|          m_axi|       gmem2_1|       pointer|
|m_axi_gmem2_1_RLAST     |   in|    1|          m_axi|       gmem2_1|       pointer|
|m_axi_gmem2_1_RID       |   in|    1|          m_axi|       gmem2_1|       pointer|
|m_axi_gmem2_1_RUSER     |   in|    1|          m_axi|       gmem2_1|       pointer|
|m_axi_gmem2_1_RRESP     |   in|    2|          m_axi|       gmem2_1|       pointer|
|m_axi_gmem2_1_BVALID    |   in|    1|          m_axi|       gmem2_1|       pointer|
|m_axi_gmem2_1_BREADY    |  out|    1|          m_axi|       gmem2_1|       pointer|
|m_axi_gmem2_1_BRESP     |   in|    2|          m_axi|       gmem2_1|       pointer|
|m_axi_gmem2_1_BID       |   in|    1|          m_axi|       gmem2_1|       pointer|
|m_axi_gmem2_1_BUSER     |   in|    1|          m_axi|       gmem2_1|       pointer|
|m_axi_gmem2_2_AWVALID   |  out|    1|          m_axi|       gmem2_2|       pointer|
|m_axi_gmem2_2_AWREADY   |   in|    1|          m_axi|       gmem2_2|       pointer|
|m_axi_gmem2_2_AWADDR    |  out|   64|          m_axi|       gmem2_2|       pointer|
|m_axi_gmem2_2_AWID      |  out|    1|          m_axi|       gmem2_2|       pointer|
|m_axi_gmem2_2_AWLEN     |  out|    8|          m_axi|       gmem2_2|       pointer|
|m_axi_gmem2_2_AWSIZE    |  out|    3|          m_axi|       gmem2_2|       pointer|
|m_axi_gmem2_2_AWBURST   |  out|    2|          m_axi|       gmem2_2|       pointer|
|m_axi_gmem2_2_AWLOCK    |  out|    2|          m_axi|       gmem2_2|       pointer|
|m_axi_gmem2_2_AWCACHE   |  out|    4|          m_axi|       gmem2_2|       pointer|
|m_axi_gmem2_2_AWPROT    |  out|    3|          m_axi|       gmem2_2|       pointer|
|m_axi_gmem2_2_AWQOS     |  out|    4|          m_axi|       gmem2_2|       pointer|
|m_axi_gmem2_2_AWREGION  |  out|    4|          m_axi|       gmem2_2|       pointer|
|m_axi_gmem2_2_AWUSER    |  out|    1|          m_axi|       gmem2_2|       pointer|
|m_axi_gmem2_2_WVALID    |  out|    1|          m_axi|       gmem2_2|       pointer|
|m_axi_gmem2_2_WREADY    |   in|    1|          m_axi|       gmem2_2|       pointer|
|m_axi_gmem2_2_WDATA     |  out|   32|          m_axi|       gmem2_2|       pointer|
|m_axi_gmem2_2_WSTRB     |  out|    4|          m_axi|       gmem2_2|       pointer|
|m_axi_gmem2_2_WLAST     |  out|    1|          m_axi|       gmem2_2|       pointer|
|m_axi_gmem2_2_WID       |  out|    1|          m_axi|       gmem2_2|       pointer|
|m_axi_gmem2_2_WUSER     |  out|    1|          m_axi|       gmem2_2|       pointer|
|m_axi_gmem2_2_ARVALID   |  out|    1|          m_axi|       gmem2_2|       pointer|
|m_axi_gmem2_2_ARREADY   |   in|    1|          m_axi|       gmem2_2|       pointer|
|m_axi_gmem2_2_ARADDR    |  out|   64|          m_axi|       gmem2_2|       pointer|
|m_axi_gmem2_2_ARID      |  out|    1|          m_axi|       gmem2_2|       pointer|
|m_axi_gmem2_2_ARLEN     |  out|    8|          m_axi|       gmem2_2|       pointer|
|m_axi_gmem2_2_ARSIZE    |  out|    3|          m_axi|       gmem2_2|       pointer|
|m_axi_gmem2_2_ARBURST   |  out|    2|          m_axi|       gmem2_2|       pointer|
|m_axi_gmem2_2_ARLOCK    |  out|    2|          m_axi|       gmem2_2|       pointer|
|m_axi_gmem2_2_ARCACHE   |  out|    4|          m_axi|       gmem2_2|       pointer|
|m_axi_gmem2_2_ARPROT    |  out|    3|          m_axi|       gmem2_2|       pointer|
|m_axi_gmem2_2_ARQOS     |  out|    4|          m_axi|       gmem2_2|       pointer|
|m_axi_gmem2_2_ARREGION  |  out|    4|          m_axi|       gmem2_2|       pointer|
|m_axi_gmem2_2_ARUSER    |  out|    1|          m_axi|       gmem2_2|       pointer|
|m_axi_gmem2_2_RVALID    |   in|    1|          m_axi|       gmem2_2|       pointer|
|m_axi_gmem2_2_RREADY    |  out|    1|          m_axi|       gmem2_2|       pointer|
|m_axi_gmem2_2_RDATA     |   in|   32|          m_axi|       gmem2_2|       pointer|
|m_axi_gmem2_2_RLAST     |   in|    1|          m_axi|       gmem2_2|       pointer|
|m_axi_gmem2_2_RID       |   in|    1|          m_axi|       gmem2_2|       pointer|
|m_axi_gmem2_2_RUSER     |   in|    1|          m_axi|       gmem2_2|       pointer|
|m_axi_gmem2_2_RRESP     |   in|    2|          m_axi|       gmem2_2|       pointer|
|m_axi_gmem2_2_BVALID    |   in|    1|          m_axi|       gmem2_2|       pointer|
|m_axi_gmem2_2_BREADY    |  out|    1|          m_axi|       gmem2_2|       pointer|
|m_axi_gmem2_2_BRESP     |   in|    2|          m_axi|       gmem2_2|       pointer|
|m_axi_gmem2_2_BID       |   in|    1|          m_axi|       gmem2_2|       pointer|
|m_axi_gmem2_2_BUSER     |   in|    1|          m_axi|       gmem2_2|       pointer|
|m_axi_gmem2_3_AWVALID   |  out|    1|          m_axi|       gmem2_3|       pointer|
|m_axi_gmem2_3_AWREADY   |   in|    1|          m_axi|       gmem2_3|       pointer|
|m_axi_gmem2_3_AWADDR    |  out|   64|          m_axi|       gmem2_3|       pointer|
|m_axi_gmem2_3_AWID      |  out|    1|          m_axi|       gmem2_3|       pointer|
|m_axi_gmem2_3_AWLEN     |  out|    8|          m_axi|       gmem2_3|       pointer|
|m_axi_gmem2_3_AWSIZE    |  out|    3|          m_axi|       gmem2_3|       pointer|
|m_axi_gmem2_3_AWBURST   |  out|    2|          m_axi|       gmem2_3|       pointer|
|m_axi_gmem2_3_AWLOCK    |  out|    2|          m_axi|       gmem2_3|       pointer|
|m_axi_gmem2_3_AWCACHE   |  out|    4|          m_axi|       gmem2_3|       pointer|
|m_axi_gmem2_3_AWPROT    |  out|    3|          m_axi|       gmem2_3|       pointer|
|m_axi_gmem2_3_AWQOS     |  out|    4|          m_axi|       gmem2_3|       pointer|
|m_axi_gmem2_3_AWREGION  |  out|    4|          m_axi|       gmem2_3|       pointer|
|m_axi_gmem2_3_AWUSER    |  out|    1|          m_axi|       gmem2_3|       pointer|
|m_axi_gmem2_3_WVALID    |  out|    1|          m_axi|       gmem2_3|       pointer|
|m_axi_gmem2_3_WREADY    |   in|    1|          m_axi|       gmem2_3|       pointer|
|m_axi_gmem2_3_WDATA     |  out|   32|          m_axi|       gmem2_3|       pointer|
|m_axi_gmem2_3_WSTRB     |  out|    4|          m_axi|       gmem2_3|       pointer|
|m_axi_gmem2_3_WLAST     |  out|    1|          m_axi|       gmem2_3|       pointer|
|m_axi_gmem2_3_WID       |  out|    1|          m_axi|       gmem2_3|       pointer|
|m_axi_gmem2_3_WUSER     |  out|    1|          m_axi|       gmem2_3|       pointer|
|m_axi_gmem2_3_ARVALID   |  out|    1|          m_axi|       gmem2_3|       pointer|
|m_axi_gmem2_3_ARREADY   |   in|    1|          m_axi|       gmem2_3|       pointer|
|m_axi_gmem2_3_ARADDR    |  out|   64|          m_axi|       gmem2_3|       pointer|
|m_axi_gmem2_3_ARID      |  out|    1|          m_axi|       gmem2_3|       pointer|
|m_axi_gmem2_3_ARLEN     |  out|    8|          m_axi|       gmem2_3|       pointer|
|m_axi_gmem2_3_ARSIZE    |  out|    3|          m_axi|       gmem2_3|       pointer|
|m_axi_gmem2_3_ARBURST   |  out|    2|          m_axi|       gmem2_3|       pointer|
|m_axi_gmem2_3_ARLOCK    |  out|    2|          m_axi|       gmem2_3|       pointer|
|m_axi_gmem2_3_ARCACHE   |  out|    4|          m_axi|       gmem2_3|       pointer|
|m_axi_gmem2_3_ARPROT    |  out|    3|          m_axi|       gmem2_3|       pointer|
|m_axi_gmem2_3_ARQOS     |  out|    4|          m_axi|       gmem2_3|       pointer|
|m_axi_gmem2_3_ARREGION  |  out|    4|          m_axi|       gmem2_3|       pointer|
|m_axi_gmem2_3_ARUSER    |  out|    1|          m_axi|       gmem2_3|       pointer|
|m_axi_gmem2_3_RVALID    |   in|    1|          m_axi|       gmem2_3|       pointer|
|m_axi_gmem2_3_RREADY    |  out|    1|          m_axi|       gmem2_3|       pointer|
|m_axi_gmem2_3_RDATA     |   in|   32|          m_axi|       gmem2_3|       pointer|
|m_axi_gmem2_3_RLAST     |   in|    1|          m_axi|       gmem2_3|       pointer|
|m_axi_gmem2_3_RID       |   in|    1|          m_axi|       gmem2_3|       pointer|
|m_axi_gmem2_3_RUSER     |   in|    1|          m_axi|       gmem2_3|       pointer|
|m_axi_gmem2_3_RRESP     |   in|    2|          m_axi|       gmem2_3|       pointer|
|m_axi_gmem2_3_BVALID    |   in|    1|          m_axi|       gmem2_3|       pointer|
|m_axi_gmem2_3_BREADY    |  out|    1|          m_axi|       gmem2_3|       pointer|
|m_axi_gmem2_3_BRESP     |   in|    2|          m_axi|       gmem2_3|       pointer|
|m_axi_gmem2_3_BID       |   in|    1|          m_axi|       gmem2_3|       pointer|
|m_axi_gmem2_3_BUSER     |   in|    1|          m_axi|       gmem2_3|       pointer|
|m_axi_gmem2_4_AWVALID   |  out|    1|          m_axi|       gmem2_4|       pointer|
|m_axi_gmem2_4_AWREADY   |   in|    1|          m_axi|       gmem2_4|       pointer|
|m_axi_gmem2_4_AWADDR    |  out|   64|          m_axi|       gmem2_4|       pointer|
|m_axi_gmem2_4_AWID      |  out|    1|          m_axi|       gmem2_4|       pointer|
|m_axi_gmem2_4_AWLEN     |  out|    8|          m_axi|       gmem2_4|       pointer|
|m_axi_gmem2_4_AWSIZE    |  out|    3|          m_axi|       gmem2_4|       pointer|
|m_axi_gmem2_4_AWBURST   |  out|    2|          m_axi|       gmem2_4|       pointer|
|m_axi_gmem2_4_AWLOCK    |  out|    2|          m_axi|       gmem2_4|       pointer|
|m_axi_gmem2_4_AWCACHE   |  out|    4|          m_axi|       gmem2_4|       pointer|
|m_axi_gmem2_4_AWPROT    |  out|    3|          m_axi|       gmem2_4|       pointer|
|m_axi_gmem2_4_AWQOS     |  out|    4|          m_axi|       gmem2_4|       pointer|
|m_axi_gmem2_4_AWREGION  |  out|    4|          m_axi|       gmem2_4|       pointer|
|m_axi_gmem2_4_AWUSER    |  out|    1|          m_axi|       gmem2_4|       pointer|
|m_axi_gmem2_4_WVALID    |  out|    1|          m_axi|       gmem2_4|       pointer|
|m_axi_gmem2_4_WREADY    |   in|    1|          m_axi|       gmem2_4|       pointer|
|m_axi_gmem2_4_WDATA     |  out|   32|          m_axi|       gmem2_4|       pointer|
|m_axi_gmem2_4_WSTRB     |  out|    4|          m_axi|       gmem2_4|       pointer|
|m_axi_gmem2_4_WLAST     |  out|    1|          m_axi|       gmem2_4|       pointer|
|m_axi_gmem2_4_WID       |  out|    1|          m_axi|       gmem2_4|       pointer|
|m_axi_gmem2_4_WUSER     |  out|    1|          m_axi|       gmem2_4|       pointer|
|m_axi_gmem2_4_ARVALID   |  out|    1|          m_axi|       gmem2_4|       pointer|
|m_axi_gmem2_4_ARREADY   |   in|    1|          m_axi|       gmem2_4|       pointer|
|m_axi_gmem2_4_ARADDR    |  out|   64|          m_axi|       gmem2_4|       pointer|
|m_axi_gmem2_4_ARID      |  out|    1|          m_axi|       gmem2_4|       pointer|
|m_axi_gmem2_4_ARLEN     |  out|    8|          m_axi|       gmem2_4|       pointer|
|m_axi_gmem2_4_ARSIZE    |  out|    3|          m_axi|       gmem2_4|       pointer|
|m_axi_gmem2_4_ARBURST   |  out|    2|          m_axi|       gmem2_4|       pointer|
|m_axi_gmem2_4_ARLOCK    |  out|    2|          m_axi|       gmem2_4|       pointer|
|m_axi_gmem2_4_ARCACHE   |  out|    4|          m_axi|       gmem2_4|       pointer|
|m_axi_gmem2_4_ARPROT    |  out|    3|          m_axi|       gmem2_4|       pointer|
|m_axi_gmem2_4_ARQOS     |  out|    4|          m_axi|       gmem2_4|       pointer|
|m_axi_gmem2_4_ARREGION  |  out|    4|          m_axi|       gmem2_4|       pointer|
|m_axi_gmem2_4_ARUSER    |  out|    1|          m_axi|       gmem2_4|       pointer|
|m_axi_gmem2_4_RVALID    |   in|    1|          m_axi|       gmem2_4|       pointer|
|m_axi_gmem2_4_RREADY    |  out|    1|          m_axi|       gmem2_4|       pointer|
|m_axi_gmem2_4_RDATA     |   in|   32|          m_axi|       gmem2_4|       pointer|
|m_axi_gmem2_4_RLAST     |   in|    1|          m_axi|       gmem2_4|       pointer|
|m_axi_gmem2_4_RID       |   in|    1|          m_axi|       gmem2_4|       pointer|
|m_axi_gmem2_4_RUSER     |   in|    1|          m_axi|       gmem2_4|       pointer|
|m_axi_gmem2_4_RRESP     |   in|    2|          m_axi|       gmem2_4|       pointer|
|m_axi_gmem2_4_BVALID    |   in|    1|          m_axi|       gmem2_4|       pointer|
|m_axi_gmem2_4_BREADY    |  out|    1|          m_axi|       gmem2_4|       pointer|
|m_axi_gmem2_4_BRESP     |   in|    2|          m_axi|       gmem2_4|       pointer|
|m_axi_gmem2_4_BID       |   in|    1|          m_axi|       gmem2_4|       pointer|
|m_axi_gmem2_4_BUSER     |   in|    1|          m_axi|       gmem2_4|       pointer|
|m_axi_gmem2_5_AWVALID   |  out|    1|          m_axi|       gmem2_5|       pointer|
|m_axi_gmem2_5_AWREADY   |   in|    1|          m_axi|       gmem2_5|       pointer|
|m_axi_gmem2_5_AWADDR    |  out|   64|          m_axi|       gmem2_5|       pointer|
|m_axi_gmem2_5_AWID      |  out|    1|          m_axi|       gmem2_5|       pointer|
|m_axi_gmem2_5_AWLEN     |  out|    8|          m_axi|       gmem2_5|       pointer|
|m_axi_gmem2_5_AWSIZE    |  out|    3|          m_axi|       gmem2_5|       pointer|
|m_axi_gmem2_5_AWBURST   |  out|    2|          m_axi|       gmem2_5|       pointer|
|m_axi_gmem2_5_AWLOCK    |  out|    2|          m_axi|       gmem2_5|       pointer|
|m_axi_gmem2_5_AWCACHE   |  out|    4|          m_axi|       gmem2_5|       pointer|
|m_axi_gmem2_5_AWPROT    |  out|    3|          m_axi|       gmem2_5|       pointer|
|m_axi_gmem2_5_AWQOS     |  out|    4|          m_axi|       gmem2_5|       pointer|
|m_axi_gmem2_5_AWREGION  |  out|    4|          m_axi|       gmem2_5|       pointer|
|m_axi_gmem2_5_AWUSER    |  out|    1|          m_axi|       gmem2_5|       pointer|
|m_axi_gmem2_5_WVALID    |  out|    1|          m_axi|       gmem2_5|       pointer|
|m_axi_gmem2_5_WREADY    |   in|    1|          m_axi|       gmem2_5|       pointer|
|m_axi_gmem2_5_WDATA     |  out|   32|          m_axi|       gmem2_5|       pointer|
|m_axi_gmem2_5_WSTRB     |  out|    4|          m_axi|       gmem2_5|       pointer|
|m_axi_gmem2_5_WLAST     |  out|    1|          m_axi|       gmem2_5|       pointer|
|m_axi_gmem2_5_WID       |  out|    1|          m_axi|       gmem2_5|       pointer|
|m_axi_gmem2_5_WUSER     |  out|    1|          m_axi|       gmem2_5|       pointer|
|m_axi_gmem2_5_ARVALID   |  out|    1|          m_axi|       gmem2_5|       pointer|
|m_axi_gmem2_5_ARREADY   |   in|    1|          m_axi|       gmem2_5|       pointer|
|m_axi_gmem2_5_ARADDR    |  out|   64|          m_axi|       gmem2_5|       pointer|
|m_axi_gmem2_5_ARID      |  out|    1|          m_axi|       gmem2_5|       pointer|
|m_axi_gmem2_5_ARLEN     |  out|    8|          m_axi|       gmem2_5|       pointer|
|m_axi_gmem2_5_ARSIZE    |  out|    3|          m_axi|       gmem2_5|       pointer|
|m_axi_gmem2_5_ARBURST   |  out|    2|          m_axi|       gmem2_5|       pointer|
|m_axi_gmem2_5_ARLOCK    |  out|    2|          m_axi|       gmem2_5|       pointer|
|m_axi_gmem2_5_ARCACHE   |  out|    4|          m_axi|       gmem2_5|       pointer|
|m_axi_gmem2_5_ARPROT    |  out|    3|          m_axi|       gmem2_5|       pointer|
|m_axi_gmem2_5_ARQOS     |  out|    4|          m_axi|       gmem2_5|       pointer|
|m_axi_gmem2_5_ARREGION  |  out|    4|          m_axi|       gmem2_5|       pointer|
|m_axi_gmem2_5_ARUSER    |  out|    1|          m_axi|       gmem2_5|       pointer|
|m_axi_gmem2_5_RVALID    |   in|    1|          m_axi|       gmem2_5|       pointer|
|m_axi_gmem2_5_RREADY    |  out|    1|          m_axi|       gmem2_5|       pointer|
|m_axi_gmem2_5_RDATA     |   in|   32|          m_axi|       gmem2_5|       pointer|
|m_axi_gmem2_5_RLAST     |   in|    1|          m_axi|       gmem2_5|       pointer|
|m_axi_gmem2_5_RID       |   in|    1|          m_axi|       gmem2_5|       pointer|
|m_axi_gmem2_5_RUSER     |   in|    1|          m_axi|       gmem2_5|       pointer|
|m_axi_gmem2_5_RRESP     |   in|    2|          m_axi|       gmem2_5|       pointer|
|m_axi_gmem2_5_BVALID    |   in|    1|          m_axi|       gmem2_5|       pointer|
|m_axi_gmem2_5_BREADY    |  out|    1|          m_axi|       gmem2_5|       pointer|
|m_axi_gmem2_5_BRESP     |   in|    2|          m_axi|       gmem2_5|       pointer|
|m_axi_gmem2_5_BID       |   in|    1|          m_axi|       gmem2_5|       pointer|
|m_axi_gmem2_5_BUSER     |   in|    1|          m_axi|       gmem2_5|       pointer|
|m_axi_gmem2_6_AWVALID   |  out|    1|          m_axi|       gmem2_6|       pointer|
|m_axi_gmem2_6_AWREADY   |   in|    1|          m_axi|       gmem2_6|       pointer|
|m_axi_gmem2_6_AWADDR    |  out|   64|          m_axi|       gmem2_6|       pointer|
|m_axi_gmem2_6_AWID      |  out|    1|          m_axi|       gmem2_6|       pointer|
|m_axi_gmem2_6_AWLEN     |  out|    8|          m_axi|       gmem2_6|       pointer|
|m_axi_gmem2_6_AWSIZE    |  out|    3|          m_axi|       gmem2_6|       pointer|
|m_axi_gmem2_6_AWBURST   |  out|    2|          m_axi|       gmem2_6|       pointer|
|m_axi_gmem2_6_AWLOCK    |  out|    2|          m_axi|       gmem2_6|       pointer|
|m_axi_gmem2_6_AWCACHE   |  out|    4|          m_axi|       gmem2_6|       pointer|
|m_axi_gmem2_6_AWPROT    |  out|    3|          m_axi|       gmem2_6|       pointer|
|m_axi_gmem2_6_AWQOS     |  out|    4|          m_axi|       gmem2_6|       pointer|
|m_axi_gmem2_6_AWREGION  |  out|    4|          m_axi|       gmem2_6|       pointer|
|m_axi_gmem2_6_AWUSER    |  out|    1|          m_axi|       gmem2_6|       pointer|
|m_axi_gmem2_6_WVALID    |  out|    1|          m_axi|       gmem2_6|       pointer|
|m_axi_gmem2_6_WREADY    |   in|    1|          m_axi|       gmem2_6|       pointer|
|m_axi_gmem2_6_WDATA     |  out|   32|          m_axi|       gmem2_6|       pointer|
|m_axi_gmem2_6_WSTRB     |  out|    4|          m_axi|       gmem2_6|       pointer|
|m_axi_gmem2_6_WLAST     |  out|    1|          m_axi|       gmem2_6|       pointer|
|m_axi_gmem2_6_WID       |  out|    1|          m_axi|       gmem2_6|       pointer|
|m_axi_gmem2_6_WUSER     |  out|    1|          m_axi|       gmem2_6|       pointer|
|m_axi_gmem2_6_ARVALID   |  out|    1|          m_axi|       gmem2_6|       pointer|
|m_axi_gmem2_6_ARREADY   |   in|    1|          m_axi|       gmem2_6|       pointer|
|m_axi_gmem2_6_ARADDR    |  out|   64|          m_axi|       gmem2_6|       pointer|
|m_axi_gmem2_6_ARID      |  out|    1|          m_axi|       gmem2_6|       pointer|
|m_axi_gmem2_6_ARLEN     |  out|    8|          m_axi|       gmem2_6|       pointer|
|m_axi_gmem2_6_ARSIZE    |  out|    3|          m_axi|       gmem2_6|       pointer|
|m_axi_gmem2_6_ARBURST   |  out|    2|          m_axi|       gmem2_6|       pointer|
|m_axi_gmem2_6_ARLOCK    |  out|    2|          m_axi|       gmem2_6|       pointer|
|m_axi_gmem2_6_ARCACHE   |  out|    4|          m_axi|       gmem2_6|       pointer|
|m_axi_gmem2_6_ARPROT    |  out|    3|          m_axi|       gmem2_6|       pointer|
|m_axi_gmem2_6_ARQOS     |  out|    4|          m_axi|       gmem2_6|       pointer|
|m_axi_gmem2_6_ARREGION  |  out|    4|          m_axi|       gmem2_6|       pointer|
|m_axi_gmem2_6_ARUSER    |  out|    1|          m_axi|       gmem2_6|       pointer|
|m_axi_gmem2_6_RVALID    |   in|    1|          m_axi|       gmem2_6|       pointer|
|m_axi_gmem2_6_RREADY    |  out|    1|          m_axi|       gmem2_6|       pointer|
|m_axi_gmem2_6_RDATA     |   in|   32|          m_axi|       gmem2_6|       pointer|
|m_axi_gmem2_6_RLAST     |   in|    1|          m_axi|       gmem2_6|       pointer|
|m_axi_gmem2_6_RID       |   in|    1|          m_axi|       gmem2_6|       pointer|
|m_axi_gmem2_6_RUSER     |   in|    1|          m_axi|       gmem2_6|       pointer|
|m_axi_gmem2_6_RRESP     |   in|    2|          m_axi|       gmem2_6|       pointer|
|m_axi_gmem2_6_BVALID    |   in|    1|          m_axi|       gmem2_6|       pointer|
|m_axi_gmem2_6_BREADY    |  out|    1|          m_axi|       gmem2_6|       pointer|
|m_axi_gmem2_6_BRESP     |   in|    2|          m_axi|       gmem2_6|       pointer|
|m_axi_gmem2_6_BID       |   in|    1|          m_axi|       gmem2_6|       pointer|
|m_axi_gmem2_6_BUSER     |   in|    1|          m_axi|       gmem2_6|       pointer|
|m_axi_gmem2_7_AWVALID   |  out|    1|          m_axi|       gmem2_7|       pointer|
|m_axi_gmem2_7_AWREADY   |   in|    1|          m_axi|       gmem2_7|       pointer|
|m_axi_gmem2_7_AWADDR    |  out|   64|          m_axi|       gmem2_7|       pointer|
|m_axi_gmem2_7_AWID      |  out|    1|          m_axi|       gmem2_7|       pointer|
|m_axi_gmem2_7_AWLEN     |  out|    8|          m_axi|       gmem2_7|       pointer|
|m_axi_gmem2_7_AWSIZE    |  out|    3|          m_axi|       gmem2_7|       pointer|
|m_axi_gmem2_7_AWBURST   |  out|    2|          m_axi|       gmem2_7|       pointer|
|m_axi_gmem2_7_AWLOCK    |  out|    2|          m_axi|       gmem2_7|       pointer|
|m_axi_gmem2_7_AWCACHE   |  out|    4|          m_axi|       gmem2_7|       pointer|
|m_axi_gmem2_7_AWPROT    |  out|    3|          m_axi|       gmem2_7|       pointer|
|m_axi_gmem2_7_AWQOS     |  out|    4|          m_axi|       gmem2_7|       pointer|
|m_axi_gmem2_7_AWREGION  |  out|    4|          m_axi|       gmem2_7|       pointer|
|m_axi_gmem2_7_AWUSER    |  out|    1|          m_axi|       gmem2_7|       pointer|
|m_axi_gmem2_7_WVALID    |  out|    1|          m_axi|       gmem2_7|       pointer|
|m_axi_gmem2_7_WREADY    |   in|    1|          m_axi|       gmem2_7|       pointer|
|m_axi_gmem2_7_WDATA     |  out|   32|          m_axi|       gmem2_7|       pointer|
|m_axi_gmem2_7_WSTRB     |  out|    4|          m_axi|       gmem2_7|       pointer|
|m_axi_gmem2_7_WLAST     |  out|    1|          m_axi|       gmem2_7|       pointer|
|m_axi_gmem2_7_WID       |  out|    1|          m_axi|       gmem2_7|       pointer|
|m_axi_gmem2_7_WUSER     |  out|    1|          m_axi|       gmem2_7|       pointer|
|m_axi_gmem2_7_ARVALID   |  out|    1|          m_axi|       gmem2_7|       pointer|
|m_axi_gmem2_7_ARREADY   |   in|    1|          m_axi|       gmem2_7|       pointer|
|m_axi_gmem2_7_ARADDR    |  out|   64|          m_axi|       gmem2_7|       pointer|
|m_axi_gmem2_7_ARID      |  out|    1|          m_axi|       gmem2_7|       pointer|
|m_axi_gmem2_7_ARLEN     |  out|    8|          m_axi|       gmem2_7|       pointer|
|m_axi_gmem2_7_ARSIZE    |  out|    3|          m_axi|       gmem2_7|       pointer|
|m_axi_gmem2_7_ARBURST   |  out|    2|          m_axi|       gmem2_7|       pointer|
|m_axi_gmem2_7_ARLOCK    |  out|    2|          m_axi|       gmem2_7|       pointer|
|m_axi_gmem2_7_ARCACHE   |  out|    4|          m_axi|       gmem2_7|       pointer|
|m_axi_gmem2_7_ARPROT    |  out|    3|          m_axi|       gmem2_7|       pointer|
|m_axi_gmem2_7_ARQOS     |  out|    4|          m_axi|       gmem2_7|       pointer|
|m_axi_gmem2_7_ARREGION  |  out|    4|          m_axi|       gmem2_7|       pointer|
|m_axi_gmem2_7_ARUSER    |  out|    1|          m_axi|       gmem2_7|       pointer|
|m_axi_gmem2_7_RVALID    |   in|    1|          m_axi|       gmem2_7|       pointer|
|m_axi_gmem2_7_RREADY    |  out|    1|          m_axi|       gmem2_7|       pointer|
|m_axi_gmem2_7_RDATA     |   in|   32|          m_axi|       gmem2_7|       pointer|
|m_axi_gmem2_7_RLAST     |   in|    1|          m_axi|       gmem2_7|       pointer|
|m_axi_gmem2_7_RID       |   in|    1|          m_axi|       gmem2_7|       pointer|
|m_axi_gmem2_7_RUSER     |   in|    1|          m_axi|       gmem2_7|       pointer|
|m_axi_gmem2_7_RRESP     |   in|    2|          m_axi|       gmem2_7|       pointer|
|m_axi_gmem2_7_BVALID    |   in|    1|          m_axi|       gmem2_7|       pointer|
|m_axi_gmem2_7_BREADY    |  out|    1|          m_axi|       gmem2_7|       pointer|
|m_axi_gmem2_7_BRESP     |   in|    2|          m_axi|       gmem2_7|       pointer|
|m_axi_gmem2_7_BID       |   in|    1|          m_axi|       gmem2_7|       pointer|
|m_axi_gmem2_7_BUSER     |   in|    1|          m_axi|       gmem2_7|       pointer|
+------------------------+-----+-----+---------------+--------------+--------------+

