

================================================================
== Vitis HLS Report for 'kernel'
================================================================
* Date:           Thu Mar 19 03:43:06 2026

* Version:        2025.1 (Build 6135595 on May 21 2025)
* Project:        work
* Solution:       hls (Vitis Kernel Flow Target)
* Product family: zynq
* Target device:  xc7z020-clg400-1


================================================================
== Performance Estimates
================================================================
+ Timing: 
    * Summary: 
    +--------+----------+----------+------------+
    |  Clock |  Target  | Estimated| Uncertainty|
    +--------+----------+----------+------------+
    |ap_clk  |  10.00 ns|  7.300 ns|     2.70 ns|
    +--------+----------+----------+------------+

+ Latency: 
    * Summary: 
    +---------+---------+----------+----------+-----+-----+---------+
    |  Latency (cycles) |  Latency (absolute) |  Interval | Pipeline|
    |   min   |   max   |    min   |    max   | min | max |   Type  |
    +---------+---------+----------+----------+-----+-----+---------+
    |      159|      159|  1.590 us|  1.590 us|  160|  160|       no|
    +---------+---------+----------+----------+-----+-----+---------+

    + Detail: 
        * Instance: 
        N/A

        * Loop: 
        +----------+---------+---------+----------+-----------+-----------+------+----------+
        |          |  Latency (cycles) | Iteration|  Initiation Interval  | Trip |          |
        | Loop Name|   min   |   max   |  Latency |  achieved |   target  | Count| Pipelined|
        +----------+---------+---------+----------+-----------+-----------+------+----------+
        |- loop_c  |       15|       15|         1|          1|         16|    16|       yes|
        +----------+---------+---------+----------+-----------+-----------+------+----------+

============================================================
+ Verbose Summary: Synthesis Manager
============================================================
InlineROM: 1
ExposeGlobal: 0
============================================================
+ Verbose Summary: CDFG Model
============================================================
IsTopModel: 1
ResetActiveHigh: 1
IsCombinational: 0
IsDatapathOnly: 0
HasWiredReturn: 1
HasMFsm: 2
HasVarLatency: 1
IsPipeline: 0
IsRtlPipelined: 0
IsInstanceOverlapped: 0
IsDontTouch: 0
HasImplIP: 0
IsGatedGlobalClock: 0

+ Individual pipeline summary: 
  * Pipeline-0: initiation interval (II) = 1, depth = 1


============================================================
+ Verbose Summary: Schedule
============================================================
* Number of FSM states : 145
* Pipeline : 1
  Pipeline-0 : II = 1, D = 1, States = { 75 }
* Dataflow Pipeline: 0

* FSM state transitions: 
1 --> 2 
2 --> 3 
3 --> 4 
4 --> 5 
5 --> 6 
6 --> 7 
7 --> 8 
8 --> 9 
9 --> 10 
10 --> 11 
11 --> 12 
12 --> 13 
13 --> 14 
14 --> 15 
15 --> 16 
16 --> 17 
17 --> 18 
18 --> 19 
19 --> 20 
20 --> 21 
21 --> 22 
22 --> 23 
23 --> 24 
24 --> 25 
25 --> 26 
26 --> 27 
27 --> 28 
28 --> 29 
29 --> 30 
30 --> 31 
31 --> 32 
32 --> 33 
33 --> 34 
34 --> 35 
35 --> 36 
36 --> 37 
37 --> 38 
38 --> 39 
39 --> 40 
40 --> 41 
41 --> 42 
42 --> 43 
43 --> 44 
44 --> 45 
45 --> 46 
46 --> 47 
47 --> 48 
48 --> 49 
49 --> 50 
50 --> 51 
51 --> 52 
52 --> 53 
53 --> 54 
54 --> 55 
55 --> 56 
56 --> 57 
57 --> 58 
58 --> 59 
59 --> 60 
60 --> 61 
61 --> 62 
62 --> 63 
63 --> 64 
64 --> 65 
65 --> 66 
66 --> 67 
67 --> 68 
68 --> 69 
69 --> 70 
70 --> 71 
71 --> 72 
72 --> 73 
73 --> 74 
74 --> 75 
75 --> 76 75 
76 --> 77 
77 --> 78 
78 --> 79 
79 --> 80 
80 --> 81 
81 --> 82 
82 --> 83 
83 --> 84 
84 --> 85 
85 --> 86 
86 --> 87 
87 --> 88 
88 --> 89 
89 --> 90 
90 --> 91 
91 --> 92 
92 --> 93 
93 --> 94 
94 --> 95 
95 --> 96 
96 --> 97 
97 --> 98 
98 --> 99 
99 --> 100 
100 --> 101 
101 --> 102 
102 --> 103 
103 --> 104 
104 --> 105 
105 --> 106 
106 --> 107 
107 --> 108 
108 --> 109 
109 --> 110 
110 --> 111 
111 --> 112 
112 --> 113 
113 --> 114 
114 --> 115 
115 --> 116 
116 --> 117 
117 --> 118 
118 --> 119 
119 --> 120 
120 --> 121 
121 --> 122 
122 --> 123 
123 --> 124 
124 --> 125 
125 --> 126 
126 --> 127 
127 --> 128 
128 --> 129 
129 --> 130 
130 --> 131 
131 --> 132 
132 --> 133 
133 --> 134 
134 --> 135 
135 --> 136 
136 --> 137 
137 --> 138 
138 --> 139 
139 --> 140 
140 --> 141 
141 --> 142 
142 --> 143 
143 --> 144 
144 --> 145 
145 --> 

* FSM state operations: 

State 1 <SV = 0> <Delay = 1.58>
ST_1 : Operation 146 [1/1] (0.00ns)   --->   "%i1 = alloca i32 1"   --->   Operation 146 'alloca' 'i1' <Predicate = true> <Delay = 0.00>
ST_1 : Operation 147 [1/1] (0.00ns)   --->   "%shiftreg2 = alloca i32 1"   --->   Operation 147 'alloca' 'shiftreg2' <Predicate = true> <Delay = 0.00>
ST_1 : Operation 148 [1/1] (0.00ns)   --->   "%shiftreg83 = alloca i32 1"   --->   Operation 148 'alloca' 'shiftreg83' <Predicate = true> <Delay = 0.00>
ST_1 : Operation 149 [1/1] (0.00ns)   --->   "%shiftreg104 = alloca i32 1"   --->   Operation 149 'alloca' 'shiftreg104' <Predicate = true> <Delay = 0.00>
ST_1 : Operation 150 [1/1] (1.00ns)   --->   "%c_read = read i64 @_ssdm_op_Read.s_axilite.i64, i64 %c" [kernel.cpp:5]   --->   Operation 150 'read' 'c_read' <Predicate = true> <Delay = 1.00> <CoreInst = "s_axilite">   --->   Core 112 's_axilite' <Latency = 0> <II = 1> <Delay = 1.00> <Adapter> <Opcode : 'read' 'write'>
ST_1 : Operation 151 [1/1] (1.00ns)   --->   "%b_read = read i64 @_ssdm_op_Read.s_axilite.i64, i64 %b" [kernel.cpp:5]   --->   Operation 151 'read' 'b_read' <Predicate = true> <Delay = 1.00> <CoreInst = "s_axilite">   --->   Core 112 's_axilite' <Latency = 0> <II = 1> <Delay = 1.00> <Adapter> <Opcode : 'read' 'write'>
ST_1 : Operation 152 [1/1] (1.00ns)   --->   "%a_read = read i64 @_ssdm_op_Read.s_axilite.i64, i64 %a" [kernel.cpp:5]   --->   Operation 152 'read' 'a_read' <Predicate = true> <Delay = 1.00> <CoreInst = "s_axilite">   --->   Core 112 's_axilite' <Latency = 0> <II = 1> <Delay = 1.00> <Adapter> <Opcode : 'read' 'write'>
ST_1 : Operation 153 [1/1] (0.00ns)   --->   "%trunc_ln = partselect i60 @_ssdm_op_PartSelect.i60.i64.i32.i32, i64 %a_read, i32 4, i32 63" [kernel.cpp:15]   --->   Operation 153 'partselect' 'trunc_ln' <Predicate = true> <Delay = 0.00>
ST_1 : Operation 154 [1/1] (0.00ns)   --->   "%trunc_ln15_1 = partselect i60 @_ssdm_op_PartSelect.i60.i64.i32.i32, i64 %b_read, i32 4, i32 63" [kernel.cpp:15]   --->   Operation 154 'partselect' 'trunc_ln15_1' <Predicate = true> <Delay = 0.00>
ST_1 : Operation 155 [1/1] (1.58ns)   --->   "%store_ln0 = store i249 0, i249 %shiftreg104"   --->   Operation 155 'store' 'store_ln0' <Predicate = true> <Delay = 1.58>
ST_1 : Operation 156 [1/1] (1.58ns)   --->   "%store_ln0 = store i4 0, i4 %i1"   --->   Operation 156 'store' 'store_ln0' <Predicate = true> <Delay = 1.58>

State 2 <SV = 1> <Delay = 7.30>
ST_2 : Operation 157 [1/1] (0.00ns)   --->   "%sext_ln15 = sext i60 %trunc_ln" [kernel.cpp:15]   --->   Operation 157 'sext' 'sext_ln15' <Predicate = true> <Delay = 0.00>
ST_2 : Operation 158 [1/1] (0.00ns)   --->   "%gmem0_addr = getelementptr i128 %gmem0, i64 %sext_ln15" [kernel.cpp:15]   --->   Operation 158 'getelementptr' 'gmem0_addr' <Predicate = true> <Delay = 0.00>
ST_2 : Operation 159 [71/71] (7.30ns)   --->   "%gmem0_load_req = readreq i1 @_ssdm_op_ReadReq.m_axi.i128P1A, i128 %gmem0_addr, i64 1" [kernel.cpp:15]   --->   Operation 159 'readreq' 'gmem0_load_req' <Predicate = true> <Delay = 7.30> <CoreInst = "m_axi">   --->   Core 111 'm_axi' <Latency = 6> <II = 1> <Delay = 1.00> <Adapter> <Opcode : 'read' 'write' 'readreq' 'writereq' 'writeresp'>
ST_2 : Operation 160 [1/1] (0.00ns)   --->   "%sext_ln15_1 = sext i60 %trunc_ln15_1" [kernel.cpp:15]   --->   Operation 160 'sext' 'sext_ln15_1' <Predicate = true> <Delay = 0.00>
ST_2 : Operation 161 [1/1] (0.00ns)   --->   "%gmem1_addr = getelementptr i128 %gmem1, i64 %sext_ln15_1" [kernel.cpp:15]   --->   Operation 161 'getelementptr' 'gmem1_addr' <Predicate = true> <Delay = 0.00>
ST_2 : Operation 162 [71/71] (7.30ns)   --->   "%gmem1_load_req = readreq i1 @_ssdm_op_ReadReq.m_axi.i128P1A, i128 %gmem1_addr, i64 1" [kernel.cpp:15]   --->   Operation 162 'readreq' 'gmem1_load_req' <Predicate = true> <Delay = 7.30> <CoreInst = "m_axi">   --->   Core 111 'm_axi' <Latency = 6> <II = 1> <Delay = 1.00> <Adapter> <Opcode : 'read' 'write' 'readreq' 'writereq' 'writeresp'>

State 3 <SV = 2> <Delay = 7.30>
ST_3 : Operation 163 [70/71] (7.30ns)   --->   "%gmem0_load_req = readreq i1 @_ssdm_op_ReadReq.m_axi.i128P1A, i128 %gmem0_addr, i64 1" [kernel.cpp:15]   --->   Operation 163 'readreq' 'gmem0_load_req' <Predicate = true> <Delay = 7.30> <CoreInst = "m_axi">   --->   Core 111 'm_axi' <Latency = 6> <II = 1> <Delay = 1.00> <Adapter> <Opcode : 'read' 'write' 'readreq' 'writereq' 'writeresp'>
ST_3 : Operation 164 [70/71] (7.30ns)   --->   "%gmem1_load_req = readreq i1 @_ssdm_op_ReadReq.m_axi.i128P1A, i128 %gmem1_addr, i64 1" [kernel.cpp:15]   --->   Operation 164 'readreq' 'gmem1_load_req' <Predicate = true> <Delay = 7.30> <CoreInst = "m_axi">   --->   Core 111 'm_axi' <Latency = 6> <II = 1> <Delay = 1.00> <Adapter> <Opcode : 'read' 'write' 'readreq' 'writereq' 'writeresp'>

State 4 <SV = 3> <Delay = 7.30>
ST_4 : Operation 165 [69/71] (7.30ns)   --->   "%gmem0_load_req = readreq i1 @_ssdm_op_ReadReq.m_axi.i128P1A, i128 %gmem0_addr, i64 1" [kernel.cpp:15]   --->   Operation 165 'readreq' 'gmem0_load_req' <Predicate = true> <Delay = 7.30> <CoreInst = "m_axi">   --->   Core 111 'm_axi' <Latency = 6> <II = 1> <Delay = 1.00> <Adapter> <Opcode : 'read' 'write' 'readreq' 'writereq' 'writeresp'>
ST_4 : Operation 166 [69/71] (7.30ns)   --->   "%gmem1_load_req = readreq i1 @_ssdm_op_ReadReq.m_axi.i128P1A, i128 %gmem1_addr, i64 1" [kernel.cpp:15]   --->   Operation 166 'readreq' 'gmem1_load_req' <Predicate = true> <Delay = 7.30> <CoreInst = "m_axi">   --->   Core 111 'm_axi' <Latency = 6> <II = 1> <Delay = 1.00> <Adapter> <Opcode : 'read' 'write' 'readreq' 'writereq' 'writeresp'>

State 5 <SV = 4> <Delay = 7.30>
ST_5 : Operation 167 [68/71] (7.30ns)   --->   "%gmem0_load_req = readreq i1 @_ssdm_op_ReadReq.m_axi.i128P1A, i128 %gmem0_addr, i64 1" [kernel.cpp:15]   --->   Operation 167 'readreq' 'gmem0_load_req' <Predicate = true> <Delay = 7.30> <CoreInst = "m_axi">   --->   Core 111 'm_axi' <Latency = 6> <II = 1> <Delay = 1.00> <Adapter> <Opcode : 'read' 'write' 'readreq' 'writereq' 'writeresp'>
ST_5 : Operation 168 [68/71] (7.30ns)   --->   "%gmem1_load_req = readreq i1 @_ssdm_op_ReadReq.m_axi.i128P1A, i128 %gmem1_addr, i64 1" [kernel.cpp:15]   --->   Operation 168 'readreq' 'gmem1_load_req' <Predicate = true> <Delay = 7.30> <CoreInst = "m_axi">   --->   Core 111 'm_axi' <Latency = 6> <II = 1> <Delay = 1.00> <Adapter> <Opcode : 'read' 'write' 'readreq' 'writereq' 'writeresp'>

State 6 <SV = 5> <Delay = 7.30>
ST_6 : Operation 169 [67/71] (7.30ns)   --->   "%gmem0_load_req = readreq i1 @_ssdm_op_ReadReq.m_axi.i128P1A, i128 %gmem0_addr, i64 1" [kernel.cpp:15]   --->   Operation 169 'readreq' 'gmem0_load_req' <Predicate = true> <Delay = 7.30> <CoreInst = "m_axi">   --->   Core 111 'm_axi' <Latency = 6> <II = 1> <Delay = 1.00> <Adapter> <Opcode : 'read' 'write' 'readreq' 'writereq' 'writeresp'>
ST_6 : Operation 170 [67/71] (7.30ns)   --->   "%gmem1_load_req = readreq i1 @_ssdm_op_ReadReq.m_axi.i128P1A, i128 %gmem1_addr, i64 1" [kernel.cpp:15]   --->   Operation 170 'readreq' 'gmem1_load_req' <Predicate = true> <Delay = 7.30> <CoreInst = "m_axi">   --->   Core 111 'm_axi' <Latency = 6> <II = 1> <Delay = 1.00> <Adapter> <Opcode : 'read' 'write' 'readreq' 'writereq' 'writeresp'>

State 7 <SV = 6> <Delay = 7.30>
ST_7 : Operation 171 [66/71] (7.30ns)   --->   "%gmem0_load_req = readreq i1 @_ssdm_op_ReadReq.m_axi.i128P1A, i128 %gmem0_addr, i64 1" [kernel.cpp:15]   --->   Operation 171 'readreq' 'gmem0_load_req' <Predicate = true> <Delay = 7.30> <CoreInst = "m_axi">   --->   Core 111 'm_axi' <Latency = 6> <II = 1> <Delay = 1.00> <Adapter> <Opcode : 'read' 'write' 'readreq' 'writereq' 'writeresp'>
ST_7 : Operation 172 [66/71] (7.30ns)   --->   "%gmem1_load_req = readreq i1 @_ssdm_op_ReadReq.m_axi.i128P1A, i128 %gmem1_addr, i64 1" [kernel.cpp:15]   --->   Operation 172 'readreq' 'gmem1_load_req' <Predicate = true> <Delay = 7.30> <CoreInst = "m_axi">   --->   Core 111 'm_axi' <Latency = 6> <II = 1> <Delay = 1.00> <Adapter> <Opcode : 'read' 'write' 'readreq' 'writereq' 'writeresp'>

State 8 <SV = 7> <Delay = 7.30>
ST_8 : Operation 173 [65/71] (7.30ns)   --->   "%gmem0_load_req = readreq i1 @_ssdm_op_ReadReq.m_axi.i128P1A, i128 %gmem0_addr, i64 1" [kernel.cpp:15]   --->   Operation 173 'readreq' 'gmem0_load_req' <Predicate = true> <Delay = 7.30> <CoreInst = "m_axi">   --->   Core 111 'm_axi' <Latency = 6> <II = 1> <Delay = 1.00> <Adapter> <Opcode : 'read' 'write' 'readreq' 'writereq' 'writeresp'>
ST_8 : Operation 174 [65/71] (7.30ns)   --->   "%gmem1_load_req = readreq i1 @_ssdm_op_ReadReq.m_axi.i128P1A, i128 %gmem1_addr, i64 1" [kernel.cpp:15]   --->   Operation 174 'readreq' 'gmem1_load_req' <Predicate = true> <Delay = 7.30> <CoreInst = "m_axi">   --->   Core 111 'm_axi' <Latency = 6> <II = 1> <Delay = 1.00> <Adapter> <Opcode : 'read' 'write' 'readreq' 'writereq' 'writeresp'>

State 9 <SV = 8> <Delay = 7.30>
ST_9 : Operation 175 [64/71] (7.30ns)   --->   "%gmem0_load_req = readreq i1 @_ssdm_op_ReadReq.m_axi.i128P1A, i128 %gmem0_addr, i64 1" [kernel.cpp:15]   --->   Operation 175 'readreq' 'gmem0_load_req' <Predicate = true> <Delay = 7.30> <CoreInst = "m_axi">   --->   Core 111 'm_axi' <Latency = 6> <II = 1> <Delay = 1.00> <Adapter> <Opcode : 'read' 'write' 'readreq' 'writereq' 'writeresp'>
ST_9 : Operation 176 [64/71] (7.30ns)   --->   "%gmem1_load_req = readreq i1 @_ssdm_op_ReadReq.m_axi.i128P1A, i128 %gmem1_addr, i64 1" [kernel.cpp:15]   --->   Operation 176 'readreq' 'gmem1_load_req' <Predicate = true> <Delay = 7.30> <CoreInst = "m_axi">   --->   Core 111 'm_axi' <Latency = 6> <II = 1> <Delay = 1.00> <Adapter> <Opcode : 'read' 'write' 'readreq' 'writereq' 'writeresp'>

State 10 <SV = 9> <Delay = 7.30>
ST_10 : Operation 177 [63/71] (7.30ns)   --->   "%gmem0_load_req = readreq i1 @_ssdm_op_ReadReq.m_axi.i128P1A, i128 %gmem0_addr, i64 1" [kernel.cpp:15]   --->   Operation 177 'readreq' 'gmem0_load_req' <Predicate = true> <Delay = 7.30> <CoreInst = "m_axi">   --->   Core 111 'm_axi' <Latency = 6> <II = 1> <Delay = 1.00> <Adapter> <Opcode : 'read' 'write' 'readreq' 'writereq' 'writeresp'>
ST_10 : Operation 178 [63/71] (7.30ns)   --->   "%gmem1_load_req = readreq i1 @_ssdm_op_ReadReq.m_axi.i128P1A, i128 %gmem1_addr, i64 1" [kernel.cpp:15]   --->   Operation 178 'readreq' 'gmem1_load_req' <Predicate = true> <Delay = 7.30> <CoreInst = "m_axi">   --->   Core 111 'm_axi' <Latency = 6> <II = 1> <Delay = 1.00> <Adapter> <Opcode : 'read' 'write' 'readreq' 'writereq' 'writeresp'>

State 11 <SV = 10> <Delay = 7.30>
ST_11 : Operation 179 [62/71] (7.30ns)   --->   "%gmem0_load_req = readreq i1 @_ssdm_op_ReadReq.m_axi.i128P1A, i128 %gmem0_addr, i64 1" [kernel.cpp:15]   --->   Operation 179 'readreq' 'gmem0_load_req' <Predicate = true> <Delay = 7.30> <CoreInst = "m_axi">   --->   Core 111 'm_axi' <Latency = 6> <II = 1> <Delay = 1.00> <Adapter> <Opcode : 'read' 'write' 'readreq' 'writereq' 'writeresp'>
ST_11 : Operation 180 [62/71] (7.30ns)   --->   "%gmem1_load_req = readreq i1 @_ssdm_op_ReadReq.m_axi.i128P1A, i128 %gmem1_addr, i64 1" [kernel.cpp:15]   --->   Operation 180 'readreq' 'gmem1_load_req' <Predicate = true> <Delay = 7.30> <CoreInst = "m_axi">   --->   Core 111 'm_axi' <Latency = 6> <II = 1> <Delay = 1.00> <Adapter> <Opcode : 'read' 'write' 'readreq' 'writereq' 'writeresp'>

State 12 <SV = 11> <Delay = 7.30>
ST_12 : Operation 181 [61/71] (7.30ns)   --->   "%gmem0_load_req = readreq i1 @_ssdm_op_ReadReq.m_axi.i128P1A, i128 %gmem0_addr, i64 1" [kernel.cpp:15]   --->   Operation 181 'readreq' 'gmem0_load_req' <Predicate = true> <Delay = 7.30> <CoreInst = "m_axi">   --->   Core 111 'm_axi' <Latency = 6> <II = 1> <Delay = 1.00> <Adapter> <Opcode : 'read' 'write' 'readreq' 'writereq' 'writeresp'>
ST_12 : Operation 182 [61/71] (7.30ns)   --->   "%gmem1_load_req = readreq i1 @_ssdm_op_ReadReq.m_axi.i128P1A, i128 %gmem1_addr, i64 1" [kernel.cpp:15]   --->   Operation 182 'readreq' 'gmem1_load_req' <Predicate = true> <Delay = 7.30> <CoreInst = "m_axi">   --->   Core 111 'm_axi' <Latency = 6> <II = 1> <Delay = 1.00> <Adapter> <Opcode : 'read' 'write' 'readreq' 'writereq' 'writeresp'>

State 13 <SV = 12> <Delay = 7.30>
ST_13 : Operation 183 [60/71] (7.30ns)   --->   "%gmem0_load_req = readreq i1 @_ssdm_op_ReadReq.m_axi.i128P1A, i128 %gmem0_addr, i64 1" [kernel.cpp:15]   --->   Operation 183 'readreq' 'gmem0_load_req' <Predicate = true> <Delay = 7.30> <CoreInst = "m_axi">   --->   Core 111 'm_axi' <Latency = 6> <II = 1> <Delay = 1.00> <Adapter> <Opcode : 'read' 'write' 'readreq' 'writereq' 'writeresp'>
ST_13 : Operation 184 [60/71] (7.30ns)   --->   "%gmem1_load_req = readreq i1 @_ssdm_op_ReadReq.m_axi.i128P1A, i128 %gmem1_addr, i64 1" [kernel.cpp:15]   --->   Operation 184 'readreq' 'gmem1_load_req' <Predicate = true> <Delay = 7.30> <CoreInst = "m_axi">   --->   Core 111 'm_axi' <Latency = 6> <II = 1> <Delay = 1.00> <Adapter> <Opcode : 'read' 'write' 'readreq' 'writereq' 'writeresp'>

State 14 <SV = 13> <Delay = 7.30>
ST_14 : Operation 185 [59/71] (7.30ns)   --->   "%gmem0_load_req = readreq i1 @_ssdm_op_ReadReq.m_axi.i128P1A, i128 %gmem0_addr, i64 1" [kernel.cpp:15]   --->   Operation 185 'readreq' 'gmem0_load_req' <Predicate = true> <Delay = 7.30> <CoreInst = "m_axi">   --->   Core 111 'm_axi' <Latency = 6> <II = 1> <Delay = 1.00> <Adapter> <Opcode : 'read' 'write' 'readreq' 'writereq' 'writeresp'>
ST_14 : Operation 186 [59/71] (7.30ns)   --->   "%gmem1_load_req = readreq i1 @_ssdm_op_ReadReq.m_axi.i128P1A, i128 %gmem1_addr, i64 1" [kernel.cpp:15]   --->   Operation 186 'readreq' 'gmem1_load_req' <Predicate = true> <Delay = 7.30> <CoreInst = "m_axi">   --->   Core 111 'm_axi' <Latency = 6> <II = 1> <Delay = 1.00> <Adapter> <Opcode : 'read' 'write' 'readreq' 'writereq' 'writeresp'>

State 15 <SV = 14> <Delay = 7.30>
ST_15 : Operation 187 [58/71] (7.30ns)   --->   "%gmem0_load_req = readreq i1 @_ssdm_op_ReadReq.m_axi.i128P1A, i128 %gmem0_addr, i64 1" [kernel.cpp:15]   --->   Operation 187 'readreq' 'gmem0_load_req' <Predicate = true> <Delay = 7.30> <CoreInst = "m_axi">   --->   Core 111 'm_axi' <Latency = 6> <II = 1> <Delay = 1.00> <Adapter> <Opcode : 'read' 'write' 'readreq' 'writereq' 'writeresp'>
ST_15 : Operation 188 [58/71] (7.30ns)   --->   "%gmem1_load_req = readreq i1 @_ssdm_op_ReadReq.m_axi.i128P1A, i128 %gmem1_addr, i64 1" [kernel.cpp:15]   --->   Operation 188 'readreq' 'gmem1_load_req' <Predicate = true> <Delay = 7.30> <CoreInst = "m_axi">   --->   Core 111 'm_axi' <Latency = 6> <II = 1> <Delay = 1.00> <Adapter> <Opcode : 'read' 'write' 'readreq' 'writereq' 'writeresp'>

State 16 <SV = 15> <Delay = 7.30>
ST_16 : Operation 189 [57/71] (7.30ns)   --->   "%gmem0_load_req = readreq i1 @_ssdm_op_ReadReq.m_axi.i128P1A, i128 %gmem0_addr, i64 1" [kernel.cpp:15]   --->   Operation 189 'readreq' 'gmem0_load_req' <Predicate = true> <Delay = 7.30> <CoreInst = "m_axi">   --->   Core 111 'm_axi' <Latency = 6> <II = 1> <Delay = 1.00> <Adapter> <Opcode : 'read' 'write' 'readreq' 'writereq' 'writeresp'>
ST_16 : Operation 190 [57/71] (7.30ns)   --->   "%gmem1_load_req = readreq i1 @_ssdm_op_ReadReq.m_axi.i128P1A, i128 %gmem1_addr, i64 1" [kernel.cpp:15]   --->   Operation 190 'readreq' 'gmem1_load_req' <Predicate = true> <Delay = 7.30> <CoreInst = "m_axi">   --->   Core 111 'm_axi' <Latency = 6> <II = 1> <Delay = 1.00> <Adapter> <Opcode : 'read' 'write' 'readreq' 'writereq' 'writeresp'>

State 17 <SV = 16> <Delay = 7.30>
ST_17 : Operation 191 [56/71] (7.30ns)   --->   "%gmem0_load_req = readreq i1 @_ssdm_op_ReadReq.m_axi.i128P1A, i128 %gmem0_addr, i64 1" [kernel.cpp:15]   --->   Operation 191 'readreq' 'gmem0_load_req' <Predicate = true> <Delay = 7.30> <CoreInst = "m_axi">   --->   Core 111 'm_axi' <Latency = 6> <II = 1> <Delay = 1.00> <Adapter> <Opcode : 'read' 'write' 'readreq' 'writereq' 'writeresp'>
ST_17 : Operation 192 [56/71] (7.30ns)   --->   "%gmem1_load_req = readreq i1 @_ssdm_op_ReadReq.m_axi.i128P1A, i128 %gmem1_addr, i64 1" [kernel.cpp:15]   --->   Operation 192 'readreq' 'gmem1_load_req' <Predicate = true> <Delay = 7.30> <CoreInst = "m_axi">   --->   Core 111 'm_axi' <Latency = 6> <II = 1> <Delay = 1.00> <Adapter> <Opcode : 'read' 'write' 'readreq' 'writereq' 'writeresp'>

State 18 <SV = 17> <Delay = 7.30>
ST_18 : Operation 193 [55/71] (7.30ns)   --->   "%gmem0_load_req = readreq i1 @_ssdm_op_ReadReq.m_axi.i128P1A, i128 %gmem0_addr, i64 1" [kernel.cpp:15]   --->   Operation 193 'readreq' 'gmem0_load_req' <Predicate = true> <Delay = 7.30> <CoreInst = "m_axi">   --->   Core 111 'm_axi' <Latency = 6> <II = 1> <Delay = 1.00> <Adapter> <Opcode : 'read' 'write' 'readreq' 'writereq' 'writeresp'>
ST_18 : Operation 194 [55/71] (7.30ns)   --->   "%gmem1_load_req = readreq i1 @_ssdm_op_ReadReq.m_axi.i128P1A, i128 %gmem1_addr, i64 1" [kernel.cpp:15]   --->   Operation 194 'readreq' 'gmem1_load_req' <Predicate = true> <Delay = 7.30> <CoreInst = "m_axi">   --->   Core 111 'm_axi' <Latency = 6> <II = 1> <Delay = 1.00> <Adapter> <Opcode : 'read' 'write' 'readreq' 'writereq' 'writeresp'>

State 19 <SV = 18> <Delay = 7.30>
ST_19 : Operation 195 [54/71] (7.30ns)   --->   "%gmem0_load_req = readreq i1 @_ssdm_op_ReadReq.m_axi.i128P1A, i128 %gmem0_addr, i64 1" [kernel.cpp:15]   --->   Operation 195 'readreq' 'gmem0_load_req' <Predicate = true> <Delay = 7.30> <CoreInst = "m_axi">   --->   Core 111 'm_axi' <Latency = 6> <II = 1> <Delay = 1.00> <Adapter> <Opcode : 'read' 'write' 'readreq' 'writereq' 'writeresp'>
ST_19 : Operation 196 [54/71] (7.30ns)   --->   "%gmem1_load_req = readreq i1 @_ssdm_op_ReadReq.m_axi.i128P1A, i128 %gmem1_addr, i64 1" [kernel.cpp:15]   --->   Operation 196 'readreq' 'gmem1_load_req' <Predicate = true> <Delay = 7.30> <CoreInst = "m_axi">   --->   Core 111 'm_axi' <Latency = 6> <II = 1> <Delay = 1.00> <Adapter> <Opcode : 'read' 'write' 'readreq' 'writereq' 'writeresp'>

State 20 <SV = 19> <Delay = 7.30>
ST_20 : Operation 197 [53/71] (7.30ns)   --->   "%gmem0_load_req = readreq i1 @_ssdm_op_ReadReq.m_axi.i128P1A, i128 %gmem0_addr, i64 1" [kernel.cpp:15]   --->   Operation 197 'readreq' 'gmem0_load_req' <Predicate = true> <Delay = 7.30> <CoreInst = "m_axi">   --->   Core 111 'm_axi' <Latency = 6> <II = 1> <Delay = 1.00> <Adapter> <Opcode : 'read' 'write' 'readreq' 'writereq' 'writeresp'>
ST_20 : Operation 198 [53/71] (7.30ns)   --->   "%gmem1_load_req = readreq i1 @_ssdm_op_ReadReq.m_axi.i128P1A, i128 %gmem1_addr, i64 1" [kernel.cpp:15]   --->   Operation 198 'readreq' 'gmem1_load_req' <Predicate = true> <Delay = 7.30> <CoreInst = "m_axi">   --->   Core 111 'm_axi' <Latency = 6> <II = 1> <Delay = 1.00> <Adapter> <Opcode : 'read' 'write' 'readreq' 'writereq' 'writeresp'>

State 21 <SV = 20> <Delay = 7.30>
ST_21 : Operation 199 [52/71] (7.30ns)   --->   "%gmem0_load_req = readreq i1 @_ssdm_op_ReadReq.m_axi.i128P1A, i128 %gmem0_addr, i64 1" [kernel.cpp:15]   --->   Operation 199 'readreq' 'gmem0_load_req' <Predicate = true> <Delay = 7.30> <CoreInst = "m_axi">   --->   Core 111 'm_axi' <Latency = 6> <II = 1> <Delay = 1.00> <Adapter> <Opcode : 'read' 'write' 'readreq' 'writereq' 'writeresp'>
ST_21 : Operation 200 [52/71] (7.30ns)   --->   "%gmem1_load_req = readreq i1 @_ssdm_op_ReadReq.m_axi.i128P1A, i128 %gmem1_addr, i64 1" [kernel.cpp:15]   --->   Operation 200 'readreq' 'gmem1_load_req' <Predicate = true> <Delay = 7.30> <CoreInst = "m_axi">   --->   Core 111 'm_axi' <Latency = 6> <II = 1> <Delay = 1.00> <Adapter> <Opcode : 'read' 'write' 'readreq' 'writereq' 'writeresp'>

State 22 <SV = 21> <Delay = 7.30>
ST_22 : Operation 201 [51/71] (7.30ns)   --->   "%gmem0_load_req = readreq i1 @_ssdm_op_ReadReq.m_axi.i128P1A, i128 %gmem0_addr, i64 1" [kernel.cpp:15]   --->   Operation 201 'readreq' 'gmem0_load_req' <Predicate = true> <Delay = 7.30> <CoreInst = "m_axi">   --->   Core 111 'm_axi' <Latency = 6> <II = 1> <Delay = 1.00> <Adapter> <Opcode : 'read' 'write' 'readreq' 'writereq' 'writeresp'>
ST_22 : Operation 202 [51/71] (7.30ns)   --->   "%gmem1_load_req = readreq i1 @_ssdm_op_ReadReq.m_axi.i128P1A, i128 %gmem1_addr, i64 1" [kernel.cpp:15]   --->   Operation 202 'readreq' 'gmem1_load_req' <Predicate = true> <Delay = 7.30> <CoreInst = "m_axi">   --->   Core 111 'm_axi' <Latency = 6> <II = 1> <Delay = 1.00> <Adapter> <Opcode : 'read' 'write' 'readreq' 'writereq' 'writeresp'>

State 23 <SV = 22> <Delay = 7.30>
ST_23 : Operation 203 [50/71] (7.30ns)   --->   "%gmem0_load_req = readreq i1 @_ssdm_op_ReadReq.m_axi.i128P1A, i128 %gmem0_addr, i64 1" [kernel.cpp:15]   --->   Operation 203 'readreq' 'gmem0_load_req' <Predicate = true> <Delay = 7.30> <CoreInst = "m_axi">   --->   Core 111 'm_axi' <Latency = 6> <II = 1> <Delay = 1.00> <Adapter> <Opcode : 'read' 'write' 'readreq' 'writereq' 'writeresp'>
ST_23 : Operation 204 [50/71] (7.30ns)   --->   "%gmem1_load_req = readreq i1 @_ssdm_op_ReadReq.m_axi.i128P1A, i128 %gmem1_addr, i64 1" [kernel.cpp:15]   --->   Operation 204 'readreq' 'gmem1_load_req' <Predicate = true> <Delay = 7.30> <CoreInst = "m_axi">   --->   Core 111 'm_axi' <Latency = 6> <II = 1> <Delay = 1.00> <Adapter> <Opcode : 'read' 'write' 'readreq' 'writereq' 'writeresp'>

State 24 <SV = 23> <Delay = 7.30>
ST_24 : Operation 205 [49/71] (7.30ns)   --->   "%gmem0_load_req = readreq i1 @_ssdm_op_ReadReq.m_axi.i128P1A, i128 %gmem0_addr, i64 1" [kernel.cpp:15]   --->   Operation 205 'readreq' 'gmem0_load_req' <Predicate = true> <Delay = 7.30> <CoreInst = "m_axi">   --->   Core 111 'm_axi' <Latency = 6> <II = 1> <Delay = 1.00> <Adapter> <Opcode : 'read' 'write' 'readreq' 'writereq' 'writeresp'>
ST_24 : Operation 206 [49/71] (7.30ns)   --->   "%gmem1_load_req = readreq i1 @_ssdm_op_ReadReq.m_axi.i128P1A, i128 %gmem1_addr, i64 1" [kernel.cpp:15]   --->   Operation 206 'readreq' 'gmem1_load_req' <Predicate = true> <Delay = 7.30> <CoreInst = "m_axi">   --->   Core 111 'm_axi' <Latency = 6> <II = 1> <Delay = 1.00> <Adapter> <Opcode : 'read' 'write' 'readreq' 'writereq' 'writeresp'>

State 25 <SV = 24> <Delay = 7.30>
ST_25 : Operation 207 [48/71] (7.30ns)   --->   "%gmem0_load_req = readreq i1 @_ssdm_op_ReadReq.m_axi.i128P1A, i128 %gmem0_addr, i64 1" [kernel.cpp:15]   --->   Operation 207 'readreq' 'gmem0_load_req' <Predicate = true> <Delay = 7.30> <CoreInst = "m_axi">   --->   Core 111 'm_axi' <Latency = 6> <II = 1> <Delay = 1.00> <Adapter> <Opcode : 'read' 'write' 'readreq' 'writereq' 'writeresp'>
ST_25 : Operation 208 [48/71] (7.30ns)   --->   "%gmem1_load_req = readreq i1 @_ssdm_op_ReadReq.m_axi.i128P1A, i128 %gmem1_addr, i64 1" [kernel.cpp:15]   --->   Operation 208 'readreq' 'gmem1_load_req' <Predicate = true> <Delay = 7.30> <CoreInst = "m_axi">   --->   Core 111 'm_axi' <Latency = 6> <II = 1> <Delay = 1.00> <Adapter> <Opcode : 'read' 'write' 'readreq' 'writereq' 'writeresp'>

State 26 <SV = 25> <Delay = 7.30>
ST_26 : Operation 209 [47/71] (7.30ns)   --->   "%gmem0_load_req = readreq i1 @_ssdm_op_ReadReq.m_axi.i128P1A, i128 %gmem0_addr, i64 1" [kernel.cpp:15]   --->   Operation 209 'readreq' 'gmem0_load_req' <Predicate = true> <Delay = 7.30> <CoreInst = "m_axi">   --->   Core 111 'm_axi' <Latency = 6> <II = 1> <Delay = 1.00> <Adapter> <Opcode : 'read' 'write' 'readreq' 'writereq' 'writeresp'>
ST_26 : Operation 210 [47/71] (7.30ns)   --->   "%gmem1_load_req = readreq i1 @_ssdm_op_ReadReq.m_axi.i128P1A, i128 %gmem1_addr, i64 1" [kernel.cpp:15]   --->   Operation 210 'readreq' 'gmem1_load_req' <Predicate = true> <Delay = 7.30> <CoreInst = "m_axi">   --->   Core 111 'm_axi' <Latency = 6> <II = 1> <Delay = 1.00> <Adapter> <Opcode : 'read' 'write' 'readreq' 'writereq' 'writeresp'>

State 27 <SV = 26> <Delay = 7.30>
ST_27 : Operation 211 [46/71] (7.30ns)   --->   "%gmem0_load_req = readreq i1 @_ssdm_op_ReadReq.m_axi.i128P1A, i128 %gmem0_addr, i64 1" [kernel.cpp:15]   --->   Operation 211 'readreq' 'gmem0_load_req' <Predicate = true> <Delay = 7.30> <CoreInst = "m_axi">   --->   Core 111 'm_axi' <Latency = 6> <II = 1> <Delay = 1.00> <Adapter> <Opcode : 'read' 'write' 'readreq' 'writereq' 'writeresp'>
ST_27 : Operation 212 [46/71] (7.30ns)   --->   "%gmem1_load_req = readreq i1 @_ssdm_op_ReadReq.m_axi.i128P1A, i128 %gmem1_addr, i64 1" [kernel.cpp:15]   --->   Operation 212 'readreq' 'gmem1_load_req' <Predicate = true> <Delay = 7.30> <CoreInst = "m_axi">   --->   Core 111 'm_axi' <Latency = 6> <II = 1> <Delay = 1.00> <Adapter> <Opcode : 'read' 'write' 'readreq' 'writereq' 'writeresp'>

State 28 <SV = 27> <Delay = 7.30>
ST_28 : Operation 213 [45/71] (7.30ns)   --->   "%gmem0_load_req = readreq i1 @_ssdm_op_ReadReq.m_axi.i128P1A, i128 %gmem0_addr, i64 1" [kernel.cpp:15]   --->   Operation 213 'readreq' 'gmem0_load_req' <Predicate = true> <Delay = 7.30> <CoreInst = "m_axi">   --->   Core 111 'm_axi' <Latency = 6> <II = 1> <Delay = 1.00> <Adapter> <Opcode : 'read' 'write' 'readreq' 'writereq' 'writeresp'>
ST_28 : Operation 214 [45/71] (7.30ns)   --->   "%gmem1_load_req = readreq i1 @_ssdm_op_ReadReq.m_axi.i128P1A, i128 %gmem1_addr, i64 1" [kernel.cpp:15]   --->   Operation 214 'readreq' 'gmem1_load_req' <Predicate = true> <Delay = 7.30> <CoreInst = "m_axi">   --->   Core 111 'm_axi' <Latency = 6> <II = 1> <Delay = 1.00> <Adapter> <Opcode : 'read' 'write' 'readreq' 'writereq' 'writeresp'>

State 29 <SV = 28> <Delay = 7.30>
ST_29 : Operation 215 [44/71] (7.30ns)   --->   "%gmem0_load_req = readreq i1 @_ssdm_op_ReadReq.m_axi.i128P1A, i128 %gmem0_addr, i64 1" [kernel.cpp:15]   --->   Operation 215 'readreq' 'gmem0_load_req' <Predicate = true> <Delay = 7.30> <CoreInst = "m_axi">   --->   Core 111 'm_axi' <Latency = 6> <II = 1> <Delay = 1.00> <Adapter> <Opcode : 'read' 'write' 'readreq' 'writereq' 'writeresp'>
ST_29 : Operation 216 [44/71] (7.30ns)   --->   "%gmem1_load_req = readreq i1 @_ssdm_op_ReadReq.m_axi.i128P1A, i128 %gmem1_addr, i64 1" [kernel.cpp:15]   --->   Operation 216 'readreq' 'gmem1_load_req' <Predicate = true> <Delay = 7.30> <CoreInst = "m_axi">   --->   Core 111 'm_axi' <Latency = 6> <II = 1> <Delay = 1.00> <Adapter> <Opcode : 'read' 'write' 'readreq' 'writereq' 'writeresp'>

State 30 <SV = 29> <Delay = 7.30>
ST_30 : Operation 217 [43/71] (7.30ns)   --->   "%gmem0_load_req = readreq i1 @_ssdm_op_ReadReq.m_axi.i128P1A, i128 %gmem0_addr, i64 1" [kernel.cpp:15]   --->   Operation 217 'readreq' 'gmem0_load_req' <Predicate = true> <Delay = 7.30> <CoreInst = "m_axi">   --->   Core 111 'm_axi' <Latency = 6> <II = 1> <Delay = 1.00> <Adapter> <Opcode : 'read' 'write' 'readreq' 'writereq' 'writeresp'>
ST_30 : Operation 218 [43/71] (7.30ns)   --->   "%gmem1_load_req = readreq i1 @_ssdm_op_ReadReq.m_axi.i128P1A, i128 %gmem1_addr, i64 1" [kernel.cpp:15]   --->   Operation 218 'readreq' 'gmem1_load_req' <Predicate = true> <Delay = 7.30> <CoreInst = "m_axi">   --->   Core 111 'm_axi' <Latency = 6> <II = 1> <Delay = 1.00> <Adapter> <Opcode : 'read' 'write' 'readreq' 'writereq' 'writeresp'>

State 31 <SV = 30> <Delay = 7.30>
ST_31 : Operation 219 [42/71] (7.30ns)   --->   "%gmem0_load_req = readreq i1 @_ssdm_op_ReadReq.m_axi.i128P1A, i128 %gmem0_addr, i64 1" [kernel.cpp:15]   --->   Operation 219 'readreq' 'gmem0_load_req' <Predicate = true> <Delay = 7.30> <CoreInst = "m_axi">   --->   Core 111 'm_axi' <Latency = 6> <II = 1> <Delay = 1.00> <Adapter> <Opcode : 'read' 'write' 'readreq' 'writereq' 'writeresp'>
ST_31 : Operation 220 [42/71] (7.30ns)   --->   "%gmem1_load_req = readreq i1 @_ssdm_op_ReadReq.m_axi.i128P1A, i128 %gmem1_addr, i64 1" [kernel.cpp:15]   --->   Operation 220 'readreq' 'gmem1_load_req' <Predicate = true> <Delay = 7.30> <CoreInst = "m_axi">   --->   Core 111 'm_axi' <Latency = 6> <II = 1> <Delay = 1.00> <Adapter> <Opcode : 'read' 'write' 'readreq' 'writereq' 'writeresp'>

State 32 <SV = 31> <Delay = 7.30>
ST_32 : Operation 221 [41/71] (7.30ns)   --->   "%gmem0_load_req = readreq i1 @_ssdm_op_ReadReq.m_axi.i128P1A, i128 %gmem0_addr, i64 1" [kernel.cpp:15]   --->   Operation 221 'readreq' 'gmem0_load_req' <Predicate = true> <Delay = 7.30> <CoreInst = "m_axi">   --->   Core 111 'm_axi' <Latency = 6> <II = 1> <Delay = 1.00> <Adapter> <Opcode : 'read' 'write' 'readreq' 'writereq' 'writeresp'>
ST_32 : Operation 222 [41/71] (7.30ns)   --->   "%gmem1_load_req = readreq i1 @_ssdm_op_ReadReq.m_axi.i128P1A, i128 %gmem1_addr, i64 1" [kernel.cpp:15]   --->   Operation 222 'readreq' 'gmem1_load_req' <Predicate = true> <Delay = 7.30> <CoreInst = "m_axi">   --->   Core 111 'm_axi' <Latency = 6> <II = 1> <Delay = 1.00> <Adapter> <Opcode : 'read' 'write' 'readreq' 'writereq' 'writeresp'>

State 33 <SV = 32> <Delay = 7.30>
ST_33 : Operation 223 [40/71] (7.30ns)   --->   "%gmem0_load_req = readreq i1 @_ssdm_op_ReadReq.m_axi.i128P1A, i128 %gmem0_addr, i64 1" [kernel.cpp:15]   --->   Operation 223 'readreq' 'gmem0_load_req' <Predicate = true> <Delay = 7.30> <CoreInst = "m_axi">   --->   Core 111 'm_axi' <Latency = 6> <II = 1> <Delay = 1.00> <Adapter> <Opcode : 'read' 'write' 'readreq' 'writereq' 'writeresp'>
ST_33 : Operation 224 [40/71] (7.30ns)   --->   "%gmem1_load_req = readreq i1 @_ssdm_op_ReadReq.m_axi.i128P1A, i128 %gmem1_addr, i64 1" [kernel.cpp:15]   --->   Operation 224 'readreq' 'gmem1_load_req' <Predicate = true> <Delay = 7.30> <CoreInst = "m_axi">   --->   Core 111 'm_axi' <Latency = 6> <II = 1> <Delay = 1.00> <Adapter> <Opcode : 'read' 'write' 'readreq' 'writereq' 'writeresp'>

State 34 <SV = 33> <Delay = 7.30>
ST_34 : Operation 225 [39/71] (7.30ns)   --->   "%gmem0_load_req = readreq i1 @_ssdm_op_ReadReq.m_axi.i128P1A, i128 %gmem0_addr, i64 1" [kernel.cpp:15]   --->   Operation 225 'readreq' 'gmem0_load_req' <Predicate = true> <Delay = 7.30> <CoreInst = "m_axi">   --->   Core 111 'm_axi' <Latency = 6> <II = 1> <Delay = 1.00> <Adapter> <Opcode : 'read' 'write' 'readreq' 'writereq' 'writeresp'>
ST_34 : Operation 226 [39/71] (7.30ns)   --->   "%gmem1_load_req = readreq i1 @_ssdm_op_ReadReq.m_axi.i128P1A, i128 %gmem1_addr, i64 1" [kernel.cpp:15]   --->   Operation 226 'readreq' 'gmem1_load_req' <Predicate = true> <Delay = 7.30> <CoreInst = "m_axi">   --->   Core 111 'm_axi' <Latency = 6> <II = 1> <Delay = 1.00> <Adapter> <Opcode : 'read' 'write' 'readreq' 'writereq' 'writeresp'>

State 35 <SV = 34> <Delay = 7.30>
ST_35 : Operation 227 [38/71] (7.30ns)   --->   "%gmem0_load_req = readreq i1 @_ssdm_op_ReadReq.m_axi.i128P1A, i128 %gmem0_addr, i64 1" [kernel.cpp:15]   --->   Operation 227 'readreq' 'gmem0_load_req' <Predicate = true> <Delay = 7.30> <CoreInst = "m_axi">   --->   Core 111 'm_axi' <Latency = 6> <II = 1> <Delay = 1.00> <Adapter> <Opcode : 'read' 'write' 'readreq' 'writereq' 'writeresp'>
ST_35 : Operation 228 [38/71] (7.30ns)   --->   "%gmem1_load_req = readreq i1 @_ssdm_op_ReadReq.m_axi.i128P1A, i128 %gmem1_addr, i64 1" [kernel.cpp:15]   --->   Operation 228 'readreq' 'gmem1_load_req' <Predicate = true> <Delay = 7.30> <CoreInst = "m_axi">   --->   Core 111 'm_axi' <Latency = 6> <II = 1> <Delay = 1.00> <Adapter> <Opcode : 'read' 'write' 'readreq' 'writereq' 'writeresp'>

State 36 <SV = 35> <Delay = 7.30>
ST_36 : Operation 229 [37/71] (7.30ns)   --->   "%gmem0_load_req = readreq i1 @_ssdm_op_ReadReq.m_axi.i128P1A, i128 %gmem0_addr, i64 1" [kernel.cpp:15]   --->   Operation 229 'readreq' 'gmem0_load_req' <Predicate = true> <Delay = 7.30> <CoreInst = "m_axi">   --->   Core 111 'm_axi' <Latency = 6> <II = 1> <Delay = 1.00> <Adapter> <Opcode : 'read' 'write' 'readreq' 'writereq' 'writeresp'>
ST_36 : Operation 230 [37/71] (7.30ns)   --->   "%gmem1_load_req = readreq i1 @_ssdm_op_ReadReq.m_axi.i128P1A, i128 %gmem1_addr, i64 1" [kernel.cpp:15]   --->   Operation 230 'readreq' 'gmem1_load_req' <Predicate = true> <Delay = 7.30> <CoreInst = "m_axi">   --->   Core 111 'm_axi' <Latency = 6> <II = 1> <Delay = 1.00> <Adapter> <Opcode : 'read' 'write' 'readreq' 'writereq' 'writeresp'>

State 37 <SV = 36> <Delay = 7.30>
ST_37 : Operation 231 [36/71] (7.30ns)   --->   "%gmem0_load_req = readreq i1 @_ssdm_op_ReadReq.m_axi.i128P1A, i128 %gmem0_addr, i64 1" [kernel.cpp:15]   --->   Operation 231 'readreq' 'gmem0_load_req' <Predicate = true> <Delay = 7.30> <CoreInst = "m_axi">   --->   Core 111 'm_axi' <Latency = 6> <II = 1> <Delay = 1.00> <Adapter> <Opcode : 'read' 'write' 'readreq' 'writereq' 'writeresp'>
ST_37 : Operation 232 [36/71] (7.30ns)   --->   "%gmem1_load_req = readreq i1 @_ssdm_op_ReadReq.m_axi.i128P1A, i128 %gmem1_addr, i64 1" [kernel.cpp:15]   --->   Operation 232 'readreq' 'gmem1_load_req' <Predicate = true> <Delay = 7.30> <CoreInst = "m_axi">   --->   Core 111 'm_axi' <Latency = 6> <II = 1> <Delay = 1.00> <Adapter> <Opcode : 'read' 'write' 'readreq' 'writereq' 'writeresp'>

State 38 <SV = 37> <Delay = 7.30>
ST_38 : Operation 233 [35/71] (7.30ns)   --->   "%gmem0_load_req = readreq i1 @_ssdm_op_ReadReq.m_axi.i128P1A, i128 %gmem0_addr, i64 1" [kernel.cpp:15]   --->   Operation 233 'readreq' 'gmem0_load_req' <Predicate = true> <Delay = 7.30> <CoreInst = "m_axi">   --->   Core 111 'm_axi' <Latency = 6> <II = 1> <Delay = 1.00> <Adapter> <Opcode : 'read' 'write' 'readreq' 'writereq' 'writeresp'>
ST_38 : Operation 234 [35/71] (7.30ns)   --->   "%gmem1_load_req = readreq i1 @_ssdm_op_ReadReq.m_axi.i128P1A, i128 %gmem1_addr, i64 1" [kernel.cpp:15]   --->   Operation 234 'readreq' 'gmem1_load_req' <Predicate = true> <Delay = 7.30> <CoreInst = "m_axi">   --->   Core 111 'm_axi' <Latency = 6> <II = 1> <Delay = 1.00> <Adapter> <Opcode : 'read' 'write' 'readreq' 'writereq' 'writeresp'>

State 39 <SV = 38> <Delay = 7.30>
ST_39 : Operation 235 [34/71] (7.30ns)   --->   "%gmem0_load_req = readreq i1 @_ssdm_op_ReadReq.m_axi.i128P1A, i128 %gmem0_addr, i64 1" [kernel.cpp:15]   --->   Operation 235 'readreq' 'gmem0_load_req' <Predicate = true> <Delay = 7.30> <CoreInst = "m_axi">   --->   Core 111 'm_axi' <Latency = 6> <II = 1> <Delay = 1.00> <Adapter> <Opcode : 'read' 'write' 'readreq' 'writereq' 'writeresp'>
ST_39 : Operation 236 [34/71] (7.30ns)   --->   "%gmem1_load_req = readreq i1 @_ssdm_op_ReadReq.m_axi.i128P1A, i128 %gmem1_addr, i64 1" [kernel.cpp:15]   --->   Operation 236 'readreq' 'gmem1_load_req' <Predicate = true> <Delay = 7.30> <CoreInst = "m_axi">   --->   Core 111 'm_axi' <Latency = 6> <II = 1> <Delay = 1.00> <Adapter> <Opcode : 'read' 'write' 'readreq' 'writereq' 'writeresp'>

State 40 <SV = 39> <Delay = 7.30>
ST_40 : Operation 237 [33/71] (7.30ns)   --->   "%gmem0_load_req = readreq i1 @_ssdm_op_ReadReq.m_axi.i128P1A, i128 %gmem0_addr, i64 1" [kernel.cpp:15]   --->   Operation 237 'readreq' 'gmem0_load_req' <Predicate = true> <Delay = 7.30> <CoreInst = "m_axi">   --->   Core 111 'm_axi' <Latency = 6> <II = 1> <Delay = 1.00> <Adapter> <Opcode : 'read' 'write' 'readreq' 'writereq' 'writeresp'>
ST_40 : Operation 238 [33/71] (7.30ns)   --->   "%gmem1_load_req = readreq i1 @_ssdm_op_ReadReq.m_axi.i128P1A, i128 %gmem1_addr, i64 1" [kernel.cpp:15]   --->   Operation 238 'readreq' 'gmem1_load_req' <Predicate = true> <Delay = 7.30> <CoreInst = "m_axi">   --->   Core 111 'm_axi' <Latency = 6> <II = 1> <Delay = 1.00> <Adapter> <Opcode : 'read' 'write' 'readreq' 'writereq' 'writeresp'>

State 41 <SV = 40> <Delay = 7.30>
ST_41 : Operation 239 [32/71] (7.30ns)   --->   "%gmem0_load_req = readreq i1 @_ssdm_op_ReadReq.m_axi.i128P1A, i128 %gmem0_addr, i64 1" [kernel.cpp:15]   --->   Operation 239 'readreq' 'gmem0_load_req' <Predicate = true> <Delay = 7.30> <CoreInst = "m_axi">   --->   Core 111 'm_axi' <Latency = 6> <II = 1> <Delay = 1.00> <Adapter> <Opcode : 'read' 'write' 'readreq' 'writereq' 'writeresp'>
ST_41 : Operation 240 [32/71] (7.30ns)   --->   "%gmem1_load_req = readreq i1 @_ssdm_op_ReadReq.m_axi.i128P1A, i128 %gmem1_addr, i64 1" [kernel.cpp:15]   --->   Operation 240 'readreq' 'gmem1_load_req' <Predicate = true> <Delay = 7.30> <CoreInst = "m_axi">   --->   Core 111 'm_axi' <Latency = 6> <II = 1> <Delay = 1.00> <Adapter> <Opcode : 'read' 'write' 'readreq' 'writereq' 'writeresp'>

State 42 <SV = 41> <Delay = 7.30>
ST_42 : Operation 241 [31/71] (7.30ns)   --->   "%gmem0_load_req = readreq i1 @_ssdm_op_ReadReq.m_axi.i128P1A, i128 %gmem0_addr, i64 1" [kernel.cpp:15]   --->   Operation 241 'readreq' 'gmem0_load_req' <Predicate = true> <Delay = 7.30> <CoreInst = "m_axi">   --->   Core 111 'm_axi' <Latency = 6> <II = 1> <Delay = 1.00> <Adapter> <Opcode : 'read' 'write' 'readreq' 'writereq' 'writeresp'>
ST_42 : Operation 242 [31/71] (7.30ns)   --->   "%gmem1_load_req = readreq i1 @_ssdm_op_ReadReq.m_axi.i128P1A, i128 %gmem1_addr, i64 1" [kernel.cpp:15]   --->   Operation 242 'readreq' 'gmem1_load_req' <Predicate = true> <Delay = 7.30> <CoreInst = "m_axi">   --->   Core 111 'm_axi' <Latency = 6> <II = 1> <Delay = 1.00> <Adapter> <Opcode : 'read' 'write' 'readreq' 'writereq' 'writeresp'>

State 43 <SV = 42> <Delay = 7.30>
ST_43 : Operation 243 [30/71] (7.30ns)   --->   "%gmem0_load_req = readreq i1 @_ssdm_op_ReadReq.m_axi.i128P1A, i128 %gmem0_addr, i64 1" [kernel.cpp:15]   --->   Operation 243 'readreq' 'gmem0_load_req' <Predicate = true> <Delay = 7.30> <CoreInst = "m_axi">   --->   Core 111 'm_axi' <Latency = 6> <II = 1> <Delay = 1.00> <Adapter> <Opcode : 'read' 'write' 'readreq' 'writereq' 'writeresp'>
ST_43 : Operation 244 [30/71] (7.30ns)   --->   "%gmem1_load_req = readreq i1 @_ssdm_op_ReadReq.m_axi.i128P1A, i128 %gmem1_addr, i64 1" [kernel.cpp:15]   --->   Operation 244 'readreq' 'gmem1_load_req' <Predicate = true> <Delay = 7.30> <CoreInst = "m_axi">   --->   Core 111 'm_axi' <Latency = 6> <II = 1> <Delay = 1.00> <Adapter> <Opcode : 'read' 'write' 'readreq' 'writereq' 'writeresp'>

State 44 <SV = 43> <Delay = 7.30>
ST_44 : Operation 245 [29/71] (7.30ns)   --->   "%gmem0_load_req = readreq i1 @_ssdm_op_ReadReq.m_axi.i128P1A, i128 %gmem0_addr, i64 1" [kernel.cpp:15]   --->   Operation 245 'readreq' 'gmem0_load_req' <Predicate = true> <Delay = 7.30> <CoreInst = "m_axi">   --->   Core 111 'm_axi' <Latency = 6> <II = 1> <Delay = 1.00> <Adapter> <Opcode : 'read' 'write' 'readreq' 'writereq' 'writeresp'>
ST_44 : Operation 246 [29/71] (7.30ns)   --->   "%gmem1_load_req = readreq i1 @_ssdm_op_ReadReq.m_axi.i128P1A, i128 %gmem1_addr, i64 1" [kernel.cpp:15]   --->   Operation 246 'readreq' 'gmem1_load_req' <Predicate = true> <Delay = 7.30> <CoreInst = "m_axi">   --->   Core 111 'm_axi' <Latency = 6> <II = 1> <Delay = 1.00> <Adapter> <Opcode : 'read' 'write' 'readreq' 'writereq' 'writeresp'>

State 45 <SV = 44> <Delay = 7.30>
ST_45 : Operation 247 [28/71] (7.30ns)   --->   "%gmem0_load_req = readreq i1 @_ssdm_op_ReadReq.m_axi.i128P1A, i128 %gmem0_addr, i64 1" [kernel.cpp:15]   --->   Operation 247 'readreq' 'gmem0_load_req' <Predicate = true> <Delay = 7.30> <CoreInst = "m_axi">   --->   Core 111 'm_axi' <Latency = 6> <II = 1> <Delay = 1.00> <Adapter> <Opcode : 'read' 'write' 'readreq' 'writereq' 'writeresp'>
ST_45 : Operation 248 [28/71] (7.30ns)   --->   "%gmem1_load_req = readreq i1 @_ssdm_op_ReadReq.m_axi.i128P1A, i128 %gmem1_addr, i64 1" [kernel.cpp:15]   --->   Operation 248 'readreq' 'gmem1_load_req' <Predicate = true> <Delay = 7.30> <CoreInst = "m_axi">   --->   Core 111 'm_axi' <Latency = 6> <II = 1> <Delay = 1.00> <Adapter> <Opcode : 'read' 'write' 'readreq' 'writereq' 'writeresp'>

State 46 <SV = 45> <Delay = 7.30>
ST_46 : Operation 249 [27/71] (7.30ns)   --->   "%gmem0_load_req = readreq i1 @_ssdm_op_ReadReq.m_axi.i128P1A, i128 %gmem0_addr, i64 1" [kernel.cpp:15]   --->   Operation 249 'readreq' 'gmem0_load_req' <Predicate = true> <Delay = 7.30> <CoreInst = "m_axi">   --->   Core 111 'm_axi' <Latency = 6> <II = 1> <Delay = 1.00> <Adapter> <Opcode : 'read' 'write' 'readreq' 'writereq' 'writeresp'>
ST_46 : Operation 250 [27/71] (7.30ns)   --->   "%gmem1_load_req = readreq i1 @_ssdm_op_ReadReq.m_axi.i128P1A, i128 %gmem1_addr, i64 1" [kernel.cpp:15]   --->   Operation 250 'readreq' 'gmem1_load_req' <Predicate = true> <Delay = 7.30> <CoreInst = "m_axi">   --->   Core 111 'm_axi' <Latency = 6> <II = 1> <Delay = 1.00> <Adapter> <Opcode : 'read' 'write' 'readreq' 'writereq' 'writeresp'>

State 47 <SV = 46> <Delay = 7.30>
ST_47 : Operation 251 [26/71] (7.30ns)   --->   "%gmem0_load_req = readreq i1 @_ssdm_op_ReadReq.m_axi.i128P1A, i128 %gmem0_addr, i64 1" [kernel.cpp:15]   --->   Operation 251 'readreq' 'gmem0_load_req' <Predicate = true> <Delay = 7.30> <CoreInst = "m_axi">   --->   Core 111 'm_axi' <Latency = 6> <II = 1> <Delay = 1.00> <Adapter> <Opcode : 'read' 'write' 'readreq' 'writereq' 'writeresp'>
ST_47 : Operation 252 [26/71] (7.30ns)   --->   "%gmem1_load_req = readreq i1 @_ssdm_op_ReadReq.m_axi.i128P1A, i128 %gmem1_addr, i64 1" [kernel.cpp:15]   --->   Operation 252 'readreq' 'gmem1_load_req' <Predicate = true> <Delay = 7.30> <CoreInst = "m_axi">   --->   Core 111 'm_axi' <Latency = 6> <II = 1> <Delay = 1.00> <Adapter> <Opcode : 'read' 'write' 'readreq' 'writereq' 'writeresp'>

State 48 <SV = 47> <Delay = 7.30>
ST_48 : Operation 253 [25/71] (7.30ns)   --->   "%gmem0_load_req = readreq i1 @_ssdm_op_ReadReq.m_axi.i128P1A, i128 %gmem0_addr, i64 1" [kernel.cpp:15]   --->   Operation 253 'readreq' 'gmem0_load_req' <Predicate = true> <Delay = 7.30> <CoreInst = "m_axi">   --->   Core 111 'm_axi' <Latency = 6> <II = 1> <Delay = 1.00> <Adapter> <Opcode : 'read' 'write' 'readreq' 'writereq' 'writeresp'>
ST_48 : Operation 254 [25/71] (7.30ns)   --->   "%gmem1_load_req = readreq i1 @_ssdm_op_ReadReq.m_axi.i128P1A, i128 %gmem1_addr, i64 1" [kernel.cpp:15]   --->   Operation 254 'readreq' 'gmem1_load_req' <Predicate = true> <Delay = 7.30> <CoreInst = "m_axi">   --->   Core 111 'm_axi' <Latency = 6> <II = 1> <Delay = 1.00> <Adapter> <Opcode : 'read' 'write' 'readreq' 'writereq' 'writeresp'>

State 49 <SV = 48> <Delay = 7.30>
ST_49 : Operation 255 [24/71] (7.30ns)   --->   "%gmem0_load_req = readreq i1 @_ssdm_op_ReadReq.m_axi.i128P1A, i128 %gmem0_addr, i64 1" [kernel.cpp:15]   --->   Operation 255 'readreq' 'gmem0_load_req' <Predicate = true> <Delay = 7.30> <CoreInst = "m_axi">   --->   Core 111 'm_axi' <Latency = 6> <II = 1> <Delay = 1.00> <Adapter> <Opcode : 'read' 'write' 'readreq' 'writereq' 'writeresp'>
ST_49 : Operation 256 [24/71] (7.30ns)   --->   "%gmem1_load_req = readreq i1 @_ssdm_op_ReadReq.m_axi.i128P1A, i128 %gmem1_addr, i64 1" [kernel.cpp:15]   --->   Operation 256 'readreq' 'gmem1_load_req' <Predicate = true> <Delay = 7.30> <CoreInst = "m_axi">   --->   Core 111 'm_axi' <Latency = 6> <II = 1> <Delay = 1.00> <Adapter> <Opcode : 'read' 'write' 'readreq' 'writereq' 'writeresp'>

State 50 <SV = 49> <Delay = 7.30>
ST_50 : Operation 257 [23/71] (7.30ns)   --->   "%gmem0_load_req = readreq i1 @_ssdm_op_ReadReq.m_axi.i128P1A, i128 %gmem0_addr, i64 1" [kernel.cpp:15]   --->   Operation 257 'readreq' 'gmem0_load_req' <Predicate = true> <Delay = 7.30> <CoreInst = "m_axi">   --->   Core 111 'm_axi' <Latency = 6> <II = 1> <Delay = 1.00> <Adapter> <Opcode : 'read' 'write' 'readreq' 'writereq' 'writeresp'>
ST_50 : Operation 258 [23/71] (7.30ns)   --->   "%gmem1_load_req = readreq i1 @_ssdm_op_ReadReq.m_axi.i128P1A, i128 %gmem1_addr, i64 1" [kernel.cpp:15]   --->   Operation 258 'readreq' 'gmem1_load_req' <Predicate = true> <Delay = 7.30> <CoreInst = "m_axi">   --->   Core 111 'm_axi' <Latency = 6> <II = 1> <Delay = 1.00> <Adapter> <Opcode : 'read' 'write' 'readreq' 'writereq' 'writeresp'>

State 51 <SV = 50> <Delay = 7.30>
ST_51 : Operation 259 [22/71] (7.30ns)   --->   "%gmem0_load_req = readreq i1 @_ssdm_op_ReadReq.m_axi.i128P1A, i128 %gmem0_addr, i64 1" [kernel.cpp:15]   --->   Operation 259 'readreq' 'gmem0_load_req' <Predicate = true> <Delay = 7.30> <CoreInst = "m_axi">   --->   Core 111 'm_axi' <Latency = 6> <II = 1> <Delay = 1.00> <Adapter> <Opcode : 'read' 'write' 'readreq' 'writereq' 'writeresp'>
ST_51 : Operation 260 [22/71] (7.30ns)   --->   "%gmem1_load_req = readreq i1 @_ssdm_op_ReadReq.m_axi.i128P1A, i128 %gmem1_addr, i64 1" [kernel.cpp:15]   --->   Operation 260 'readreq' 'gmem1_load_req' <Predicate = true> <Delay = 7.30> <CoreInst = "m_axi">   --->   Core 111 'm_axi' <Latency = 6> <II = 1> <Delay = 1.00> <Adapter> <Opcode : 'read' 'write' 'readreq' 'writereq' 'writeresp'>

State 52 <SV = 51> <Delay = 7.30>
ST_52 : Operation 261 [21/71] (7.30ns)   --->   "%gmem0_load_req = readreq i1 @_ssdm_op_ReadReq.m_axi.i128P1A, i128 %gmem0_addr, i64 1" [kernel.cpp:15]   --->   Operation 261 'readreq' 'gmem0_load_req' <Predicate = true> <Delay = 7.30> <CoreInst = "m_axi">   --->   Core 111 'm_axi' <Latency = 6> <II = 1> <Delay = 1.00> <Adapter> <Opcode : 'read' 'write' 'readreq' 'writereq' 'writeresp'>
ST_52 : Operation 262 [21/71] (7.30ns)   --->   "%gmem1_load_req = readreq i1 @_ssdm_op_ReadReq.m_axi.i128P1A, i128 %gmem1_addr, i64 1" [kernel.cpp:15]   --->   Operation 262 'readreq' 'gmem1_load_req' <Predicate = true> <Delay = 7.30> <CoreInst = "m_axi">   --->   Core 111 'm_axi' <Latency = 6> <II = 1> <Delay = 1.00> <Adapter> <Opcode : 'read' 'write' 'readreq' 'writereq' 'writeresp'>

State 53 <SV = 52> <Delay = 7.30>
ST_53 : Operation 263 [20/71] (7.30ns)   --->   "%gmem0_load_req = readreq i1 @_ssdm_op_ReadReq.m_axi.i128P1A, i128 %gmem0_addr, i64 1" [kernel.cpp:15]   --->   Operation 263 'readreq' 'gmem0_load_req' <Predicate = true> <Delay = 7.30> <CoreInst = "m_axi">   --->   Core 111 'm_axi' <Latency = 6> <II = 1> <Delay = 1.00> <Adapter> <Opcode : 'read' 'write' 'readreq' 'writereq' 'writeresp'>
ST_53 : Operation 264 [20/71] (7.30ns)   --->   "%gmem1_load_req = readreq i1 @_ssdm_op_ReadReq.m_axi.i128P1A, i128 %gmem1_addr, i64 1" [kernel.cpp:15]   --->   Operation 264 'readreq' 'gmem1_load_req' <Predicate = true> <Delay = 7.30> <CoreInst = "m_axi">   --->   Core 111 'm_axi' <Latency = 6> <II = 1> <Delay = 1.00> <Adapter> <Opcode : 'read' 'write' 'readreq' 'writereq' 'writeresp'>

State 54 <SV = 53> <Delay = 7.30>
ST_54 : Operation 265 [19/71] (7.30ns)   --->   "%gmem0_load_req = readreq i1 @_ssdm_op_ReadReq.m_axi.i128P1A, i128 %gmem0_addr, i64 1" [kernel.cpp:15]   --->   Operation 265 'readreq' 'gmem0_load_req' <Predicate = true> <Delay = 7.30> <CoreInst = "m_axi">   --->   Core 111 'm_axi' <Latency = 6> <II = 1> <Delay = 1.00> <Adapter> <Opcode : 'read' 'write' 'readreq' 'writereq' 'writeresp'>
ST_54 : Operation 266 [19/71] (7.30ns)   --->   "%gmem1_load_req = readreq i1 @_ssdm_op_ReadReq.m_axi.i128P1A, i128 %gmem1_addr, i64 1" [kernel.cpp:15]   --->   Operation 266 'readreq' 'gmem1_load_req' <Predicate = true> <Delay = 7.30> <CoreInst = "m_axi">   --->   Core 111 'm_axi' <Latency = 6> <II = 1> <Delay = 1.00> <Adapter> <Opcode : 'read' 'write' 'readreq' 'writereq' 'writeresp'>

State 55 <SV = 54> <Delay = 7.30>
ST_55 : Operation 267 [18/71] (7.30ns)   --->   "%gmem0_load_req = readreq i1 @_ssdm_op_ReadReq.m_axi.i128P1A, i128 %gmem0_addr, i64 1" [kernel.cpp:15]   --->   Operation 267 'readreq' 'gmem0_load_req' <Predicate = true> <Delay = 7.30> <CoreInst = "m_axi">   --->   Core 111 'm_axi' <Latency = 6> <II = 1> <Delay = 1.00> <Adapter> <Opcode : 'read' 'write' 'readreq' 'writereq' 'writeresp'>
ST_55 : Operation 268 [18/71] (7.30ns)   --->   "%gmem1_load_req = readreq i1 @_ssdm_op_ReadReq.m_axi.i128P1A, i128 %gmem1_addr, i64 1" [kernel.cpp:15]   --->   Operation 268 'readreq' 'gmem1_load_req' <Predicate = true> <Delay = 7.30> <CoreInst = "m_axi">   --->   Core 111 'm_axi' <Latency = 6> <II = 1> <Delay = 1.00> <Adapter> <Opcode : 'read' 'write' 'readreq' 'writereq' 'writeresp'>

State 56 <SV = 55> <Delay = 7.30>
ST_56 : Operation 269 [17/71] (7.30ns)   --->   "%gmem0_load_req = readreq i1 @_ssdm_op_ReadReq.m_axi.i128P1A, i128 %gmem0_addr, i64 1" [kernel.cpp:15]   --->   Operation 269 'readreq' 'gmem0_load_req' <Predicate = true> <Delay = 7.30> <CoreInst = "m_axi">   --->   Core 111 'm_axi' <Latency = 6> <II = 1> <Delay = 1.00> <Adapter> <Opcode : 'read' 'write' 'readreq' 'writereq' 'writeresp'>
ST_56 : Operation 270 [17/71] (7.30ns)   --->   "%gmem1_load_req = readreq i1 @_ssdm_op_ReadReq.m_axi.i128P1A, i128 %gmem1_addr, i64 1" [kernel.cpp:15]   --->   Operation 270 'readreq' 'gmem1_load_req' <Predicate = true> <Delay = 7.30> <CoreInst = "m_axi">   --->   Core 111 'm_axi' <Latency = 6> <II = 1> <Delay = 1.00> <Adapter> <Opcode : 'read' 'write' 'readreq' 'writereq' 'writeresp'>

State 57 <SV = 56> <Delay = 7.30>
ST_57 : Operation 271 [16/71] (7.30ns)   --->   "%gmem0_load_req = readreq i1 @_ssdm_op_ReadReq.m_axi.i128P1A, i128 %gmem0_addr, i64 1" [kernel.cpp:15]   --->   Operation 271 'readreq' 'gmem0_load_req' <Predicate = true> <Delay = 7.30> <CoreInst = "m_axi">   --->   Core 111 'm_axi' <Latency = 6> <II = 1> <Delay = 1.00> <Adapter> <Opcode : 'read' 'write' 'readreq' 'writereq' 'writeresp'>
ST_57 : Operation 272 [16/71] (7.30ns)   --->   "%gmem1_load_req = readreq i1 @_ssdm_op_ReadReq.m_axi.i128P1A, i128 %gmem1_addr, i64 1" [kernel.cpp:15]   --->   Operation 272 'readreq' 'gmem1_load_req' <Predicate = true> <Delay = 7.30> <CoreInst = "m_axi">   --->   Core 111 'm_axi' <Latency = 6> <II = 1> <Delay = 1.00> <Adapter> <Opcode : 'read' 'write' 'readreq' 'writereq' 'writeresp'>

State 58 <SV = 57> <Delay = 7.30>
ST_58 : Operation 273 [15/71] (7.30ns)   --->   "%gmem0_load_req = readreq i1 @_ssdm_op_ReadReq.m_axi.i128P1A, i128 %gmem0_addr, i64 1" [kernel.cpp:15]   --->   Operation 273 'readreq' 'gmem0_load_req' <Predicate = true> <Delay = 7.30> <CoreInst = "m_axi">   --->   Core 111 'm_axi' <Latency = 6> <II = 1> <Delay = 1.00> <Adapter> <Opcode : 'read' 'write' 'readreq' 'writereq' 'writeresp'>
ST_58 : Operation 274 [15/71] (7.30ns)   --->   "%gmem1_load_req = readreq i1 @_ssdm_op_ReadReq.m_axi.i128P1A, i128 %gmem1_addr, i64 1" [kernel.cpp:15]   --->   Operation 274 'readreq' 'gmem1_load_req' <Predicate = true> <Delay = 7.30> <CoreInst = "m_axi">   --->   Core 111 'm_axi' <Latency = 6> <II = 1> <Delay = 1.00> <Adapter> <Opcode : 'read' 'write' 'readreq' 'writereq' 'writeresp'>

State 59 <SV = 58> <Delay = 7.30>
ST_59 : Operation 275 [14/71] (7.30ns)   --->   "%gmem0_load_req = readreq i1 @_ssdm_op_ReadReq.m_axi.i128P1A, i128 %gmem0_addr, i64 1" [kernel.cpp:15]   --->   Operation 275 'readreq' 'gmem0_load_req' <Predicate = true> <Delay = 7.30> <CoreInst = "m_axi">   --->   Core 111 'm_axi' <Latency = 6> <II = 1> <Delay = 1.00> <Adapter> <Opcode : 'read' 'write' 'readreq' 'writereq' 'writeresp'>
ST_59 : Operation 276 [14/71] (7.30ns)   --->   "%gmem1_load_req = readreq i1 @_ssdm_op_ReadReq.m_axi.i128P1A, i128 %gmem1_addr, i64 1" [kernel.cpp:15]   --->   Operation 276 'readreq' 'gmem1_load_req' <Predicate = true> <Delay = 7.30> <CoreInst = "m_axi">   --->   Core 111 'm_axi' <Latency = 6> <II = 1> <Delay = 1.00> <Adapter> <Opcode : 'read' 'write' 'readreq' 'writereq' 'writeresp'>

State 60 <SV = 59> <Delay = 7.30>
ST_60 : Operation 277 [13/71] (7.30ns)   --->   "%gmem0_load_req = readreq i1 @_ssdm_op_ReadReq.m_axi.i128P1A, i128 %gmem0_addr, i64 1" [kernel.cpp:15]   --->   Operation 277 'readreq' 'gmem0_load_req' <Predicate = true> <Delay = 7.30> <CoreInst = "m_axi">   --->   Core 111 'm_axi' <Latency = 6> <II = 1> <Delay = 1.00> <Adapter> <Opcode : 'read' 'write' 'readreq' 'writereq' 'writeresp'>
ST_60 : Operation 278 [13/71] (7.30ns)   --->   "%gmem1_load_req = readreq i1 @_ssdm_op_ReadReq.m_axi.i128P1A, i128 %gmem1_addr, i64 1" [kernel.cpp:15]   --->   Operation 278 'readreq' 'gmem1_load_req' <Predicate = true> <Delay = 7.30> <CoreInst = "m_axi">   --->   Core 111 'm_axi' <Latency = 6> <II = 1> <Delay = 1.00> <Adapter> <Opcode : 'read' 'write' 'readreq' 'writereq' 'writeresp'>

State 61 <SV = 60> <Delay = 7.30>
ST_61 : Operation 279 [12/71] (7.30ns)   --->   "%gmem0_load_req = readreq i1 @_ssdm_op_ReadReq.m_axi.i128P1A, i128 %gmem0_addr, i64 1" [kernel.cpp:15]   --->   Operation 279 'readreq' 'gmem0_load_req' <Predicate = true> <Delay = 7.30> <CoreInst = "m_axi">   --->   Core 111 'm_axi' <Latency = 6> <II = 1> <Delay = 1.00> <Adapter> <Opcode : 'read' 'write' 'readreq' 'writereq' 'writeresp'>
ST_61 : Operation 280 [12/71] (7.30ns)   --->   "%gmem1_load_req = readreq i1 @_ssdm_op_ReadReq.m_axi.i128P1A, i128 %gmem1_addr, i64 1" [kernel.cpp:15]   --->   Operation 280 'readreq' 'gmem1_load_req' <Predicate = true> <Delay = 7.30> <CoreInst = "m_axi">   --->   Core 111 'm_axi' <Latency = 6> <II = 1> <Delay = 1.00> <Adapter> <Opcode : 'read' 'write' 'readreq' 'writereq' 'writeresp'>

State 62 <SV = 61> <Delay = 7.30>
ST_62 : Operation 281 [11/71] (7.30ns)   --->   "%gmem0_load_req = readreq i1 @_ssdm_op_ReadReq.m_axi.i128P1A, i128 %gmem0_addr, i64 1" [kernel.cpp:15]   --->   Operation 281 'readreq' 'gmem0_load_req' <Predicate = true> <Delay = 7.30> <CoreInst = "m_axi">   --->   Core 111 'm_axi' <Latency = 6> <II = 1> <Delay = 1.00> <Adapter> <Opcode : 'read' 'write' 'readreq' 'writereq' 'writeresp'>
ST_62 : Operation 282 [11/71] (7.30ns)   --->   "%gmem1_load_req = readreq i1 @_ssdm_op_ReadReq.m_axi.i128P1A, i128 %gmem1_addr, i64 1" [kernel.cpp:15]   --->   Operation 282 'readreq' 'gmem1_load_req' <Predicate = true> <Delay = 7.30> <CoreInst = "m_axi">   --->   Core 111 'm_axi' <Latency = 6> <II = 1> <Delay = 1.00> <Adapter> <Opcode : 'read' 'write' 'readreq' 'writereq' 'writeresp'>

State 63 <SV = 62> <Delay = 7.30>
ST_63 : Operation 283 [10/71] (7.30ns)   --->   "%gmem0_load_req = readreq i1 @_ssdm_op_ReadReq.m_axi.i128P1A, i128 %gmem0_addr, i64 1" [kernel.cpp:15]   --->   Operation 283 'readreq' 'gmem0_load_req' <Predicate = true> <Delay = 7.30> <CoreInst = "m_axi">   --->   Core 111 'm_axi' <Latency = 6> <II = 1> <Delay = 1.00> <Adapter> <Opcode : 'read' 'write' 'readreq' 'writereq' 'writeresp'>
ST_63 : Operation 284 [10/71] (7.30ns)   --->   "%gmem1_load_req = readreq i1 @_ssdm_op_ReadReq.m_axi.i128P1A, i128 %gmem1_addr, i64 1" [kernel.cpp:15]   --->   Operation 284 'readreq' 'gmem1_load_req' <Predicate = true> <Delay = 7.30> <CoreInst = "m_axi">   --->   Core 111 'm_axi' <Latency = 6> <II = 1> <Delay = 1.00> <Adapter> <Opcode : 'read' 'write' 'readreq' 'writereq' 'writeresp'>

State 64 <SV = 63> <Delay = 7.30>
ST_64 : Operation 285 [9/71] (7.30ns)   --->   "%gmem0_load_req = readreq i1 @_ssdm_op_ReadReq.m_axi.i128P1A, i128 %gmem0_addr, i64 1" [kernel.cpp:15]   --->   Operation 285 'readreq' 'gmem0_load_req' <Predicate = true> <Delay = 7.30> <CoreInst = "m_axi">   --->   Core 111 'm_axi' <Latency = 6> <II = 1> <Delay = 1.00> <Adapter> <Opcode : 'read' 'write' 'readreq' 'writereq' 'writeresp'>
ST_64 : Operation 286 [9/71] (7.30ns)   --->   "%gmem1_load_req = readreq i1 @_ssdm_op_ReadReq.m_axi.i128P1A, i128 %gmem1_addr, i64 1" [kernel.cpp:15]   --->   Operation 286 'readreq' 'gmem1_load_req' <Predicate = true> <Delay = 7.30> <CoreInst = "m_axi">   --->   Core 111 'm_axi' <Latency = 6> <II = 1> <Delay = 1.00> <Adapter> <Opcode : 'read' 'write' 'readreq' 'writereq' 'writeresp'>

State 65 <SV = 64> <Delay = 7.30>
ST_65 : Operation 287 [8/71] (7.30ns)   --->   "%gmem0_load_req = readreq i1 @_ssdm_op_ReadReq.m_axi.i128P1A, i128 %gmem0_addr, i64 1" [kernel.cpp:15]   --->   Operation 287 'readreq' 'gmem0_load_req' <Predicate = true> <Delay = 7.30> <CoreInst = "m_axi">   --->   Core 111 'm_axi' <Latency = 6> <II = 1> <Delay = 1.00> <Adapter> <Opcode : 'read' 'write' 'readreq' 'writereq' 'writeresp'>
ST_65 : Operation 288 [8/71] (7.30ns)   --->   "%gmem1_load_req = readreq i1 @_ssdm_op_ReadReq.m_axi.i128P1A, i128 %gmem1_addr, i64 1" [kernel.cpp:15]   --->   Operation 288 'readreq' 'gmem1_load_req' <Predicate = true> <Delay = 7.30> <CoreInst = "m_axi">   --->   Core 111 'm_axi' <Latency = 6> <II = 1> <Delay = 1.00> <Adapter> <Opcode : 'read' 'write' 'readreq' 'writereq' 'writeresp'>

State 66 <SV = 65> <Delay = 7.30>
ST_66 : Operation 289 [7/71] (7.30ns)   --->   "%gmem0_load_req = readreq i1 @_ssdm_op_ReadReq.m_axi.i128P1A, i128 %gmem0_addr, i64 1" [kernel.cpp:15]   --->   Operation 289 'readreq' 'gmem0_load_req' <Predicate = true> <Delay = 7.30> <CoreInst = "m_axi">   --->   Core 111 'm_axi' <Latency = 6> <II = 1> <Delay = 1.00> <Adapter> <Opcode : 'read' 'write' 'readreq' 'writereq' 'writeresp'>
ST_66 : Operation 290 [7/71] (7.30ns)   --->   "%gmem1_load_req = readreq i1 @_ssdm_op_ReadReq.m_axi.i128P1A, i128 %gmem1_addr, i64 1" [kernel.cpp:15]   --->   Operation 290 'readreq' 'gmem1_load_req' <Predicate = true> <Delay = 7.30> <CoreInst = "m_axi">   --->   Core 111 'm_axi' <Latency = 6> <II = 1> <Delay = 1.00> <Adapter> <Opcode : 'read' 'write' 'readreq' 'writereq' 'writeresp'>

State 67 <SV = 66> <Delay = 7.30>
ST_67 : Operation 291 [6/71] (7.30ns)   --->   "%gmem0_load_req = readreq i1 @_ssdm_op_ReadReq.m_axi.i128P1A, i128 %gmem0_addr, i64 1" [kernel.cpp:15]   --->   Operation 291 'readreq' 'gmem0_load_req' <Predicate = true> <Delay = 7.30> <CoreInst = "m_axi">   --->   Core 111 'm_axi' <Latency = 6> <II = 1> <Delay = 1.00> <Adapter> <Opcode : 'read' 'write' 'readreq' 'writereq' 'writeresp'>
ST_67 : Operation 292 [6/71] (7.30ns)   --->   "%gmem1_load_req = readreq i1 @_ssdm_op_ReadReq.m_axi.i128P1A, i128 %gmem1_addr, i64 1" [kernel.cpp:15]   --->   Operation 292 'readreq' 'gmem1_load_req' <Predicate = true> <Delay = 7.30> <CoreInst = "m_axi">   --->   Core 111 'm_axi' <Latency = 6> <II = 1> <Delay = 1.00> <Adapter> <Opcode : 'read' 'write' 'readreq' 'writereq' 'writeresp'>

State 68 <SV = 67> <Delay = 7.30>
ST_68 : Operation 293 [5/71] (7.30ns)   --->   "%gmem0_load_req = readreq i1 @_ssdm_op_ReadReq.m_axi.i128P1A, i128 %gmem0_addr, i64 1" [kernel.cpp:15]   --->   Operation 293 'readreq' 'gmem0_load_req' <Predicate = true> <Delay = 7.30> <CoreInst = "m_axi">   --->   Core 111 'm_axi' <Latency = 6> <II = 1> <Delay = 1.00> <Adapter> <Opcode : 'read' 'write' 'readreq' 'writereq' 'writeresp'>
ST_68 : Operation 294 [5/71] (7.30ns)   --->   "%gmem1_load_req = readreq i1 @_ssdm_op_ReadReq.m_axi.i128P1A, i128 %gmem1_addr, i64 1" [kernel.cpp:15]   --->   Operation 294 'readreq' 'gmem1_load_req' <Predicate = true> <Delay = 7.30> <CoreInst = "m_axi">   --->   Core 111 'm_axi' <Latency = 6> <II = 1> <Delay = 1.00> <Adapter> <Opcode : 'read' 'write' 'readreq' 'writereq' 'writeresp'>

State 69 <SV = 68> <Delay = 7.30>
ST_69 : Operation 295 [4/71] (7.30ns)   --->   "%gmem0_load_req = readreq i1 @_ssdm_op_ReadReq.m_axi.i128P1A, i128 %gmem0_addr, i64 1" [kernel.cpp:15]   --->   Operation 295 'readreq' 'gmem0_load_req' <Predicate = true> <Delay = 7.30> <CoreInst = "m_axi">   --->   Core 111 'm_axi' <Latency = 6> <II = 1> <Delay = 1.00> <Adapter> <Opcode : 'read' 'write' 'readreq' 'writereq' 'writeresp'>
ST_69 : Operation 296 [4/71] (7.30ns)   --->   "%gmem1_load_req = readreq i1 @_ssdm_op_ReadReq.m_axi.i128P1A, i128 %gmem1_addr, i64 1" [kernel.cpp:15]   --->   Operation 296 'readreq' 'gmem1_load_req' <Predicate = true> <Delay = 7.30> <CoreInst = "m_axi">   --->   Core 111 'm_axi' <Latency = 6> <II = 1> <Delay = 1.00> <Adapter> <Opcode : 'read' 'write' 'readreq' 'writereq' 'writeresp'>

State 70 <SV = 69> <Delay = 7.30>
ST_70 : Operation 297 [3/71] (7.30ns)   --->   "%gmem0_load_req = readreq i1 @_ssdm_op_ReadReq.m_axi.i128P1A, i128 %gmem0_addr, i64 1" [kernel.cpp:15]   --->   Operation 297 'readreq' 'gmem0_load_req' <Predicate = true> <Delay = 7.30> <CoreInst = "m_axi">   --->   Core 111 'm_axi' <Latency = 6> <II = 1> <Delay = 1.00> <Adapter> <Opcode : 'read' 'write' 'readreq' 'writereq' 'writeresp'>
ST_70 : Operation 298 [3/71] (7.30ns)   --->   "%gmem1_load_req = readreq i1 @_ssdm_op_ReadReq.m_axi.i128P1A, i128 %gmem1_addr, i64 1" [kernel.cpp:15]   --->   Operation 298 'readreq' 'gmem1_load_req' <Predicate = true> <Delay = 7.30> <CoreInst = "m_axi">   --->   Core 111 'm_axi' <Latency = 6> <II = 1> <Delay = 1.00> <Adapter> <Opcode : 'read' 'write' 'readreq' 'writereq' 'writeresp'>

State 71 <SV = 70> <Delay = 7.30>
ST_71 : Operation 299 [2/71] (7.30ns)   --->   "%gmem0_load_req = readreq i1 @_ssdm_op_ReadReq.m_axi.i128P1A, i128 %gmem0_addr, i64 1" [kernel.cpp:15]   --->   Operation 299 'readreq' 'gmem0_load_req' <Predicate = true> <Delay = 7.30> <CoreInst = "m_axi">   --->   Core 111 'm_axi' <Latency = 6> <II = 1> <Delay = 1.00> <Adapter> <Opcode : 'read' 'write' 'readreq' 'writereq' 'writeresp'>
ST_71 : Operation 300 [2/71] (7.30ns)   --->   "%gmem1_load_req = readreq i1 @_ssdm_op_ReadReq.m_axi.i128P1A, i128 %gmem1_addr, i64 1" [kernel.cpp:15]   --->   Operation 300 'readreq' 'gmem1_load_req' <Predicate = true> <Delay = 7.30> <CoreInst = "m_axi">   --->   Core 111 'm_axi' <Latency = 6> <II = 1> <Delay = 1.00> <Adapter> <Opcode : 'read' 'write' 'readreq' 'writereq' 'writeresp'>

State 72 <SV = 71> <Delay = 7.30>
ST_72 : Operation 301 [1/71] (7.30ns)   --->   "%gmem0_load_req = readreq i1 @_ssdm_op_ReadReq.m_axi.i128P1A, i128 %gmem0_addr, i64 1" [kernel.cpp:15]   --->   Operation 301 'readreq' 'gmem0_load_req' <Predicate = true> <Delay = 7.30> <CoreInst = "m_axi">   --->   Core 111 'm_axi' <Latency = 6> <II = 1> <Delay = 1.00> <Adapter> <Opcode : 'read' 'write' 'readreq' 'writereq' 'writeresp'>
ST_72 : Operation 302 [1/71] (7.30ns)   --->   "%gmem1_load_req = readreq i1 @_ssdm_op_ReadReq.m_axi.i128P1A, i128 %gmem1_addr, i64 1" [kernel.cpp:15]   --->   Operation 302 'readreq' 'gmem1_load_req' <Predicate = true> <Delay = 7.30> <CoreInst = "m_axi">   --->   Core 111 'm_axi' <Latency = 6> <II = 1> <Delay = 1.00> <Adapter> <Opcode : 'read' 'write' 'readreq' 'writereq' 'writeresp'>

State 73 <SV = 72> <Delay = 7.30>
ST_73 : Operation 303 [1/1] (7.30ns)   --->   "%gmem0_addr_read = read i128 @_ssdm_op_Read.m_axi.i128P1A, i128 %gmem0_addr" [kernel.cpp:15]   --->   Operation 303 'read' 'gmem0_addr_read' <Predicate = true> <Delay = 7.30> <CoreInst = "m_axi">   --->   Core 111 'm_axi' <Latency = 3> <II = 1> <Delay = 1.00> <Adapter> <Opcode : 'read' 'write' 'readreq' 'writereq' 'writeresp'>
ST_73 : Operation 304 [1/1] (7.30ns)   --->   "%gmem1_addr_read = read i128 @_ssdm_op_Read.m_axi.i128P1A, i128 %gmem1_addr" [kernel.cpp:15]   --->   Operation 304 'read' 'gmem1_addr_read' <Predicate = true> <Delay = 7.30> <CoreInst = "m_axi">   --->   Core 111 'm_axi' <Latency = 3> <II = 1> <Delay = 1.00> <Adapter> <Opcode : 'read' 'write' 'readreq' 'writereq' 'writeresp'>

State 74 <SV = 73> <Delay = 1.58>
ST_74 : Operation 305 [1/1] (0.00ns)   --->   "%spectopmodule_ln5 = spectopmodule void @_ssdm_op_SpecTopModule, void @empty_9" [kernel.cpp:5]   --->   Operation 305 'spectopmodule' 'spectopmodule_ln5' <Predicate = true> <Delay = 0.00>
ST_74 : Operation 306 [1/1] (0.00ns)   --->   "%specinterface_ln5 = specinterface void @_ssdm_op_SpecInterface, i32 0, void @empty_0, i32 0, i32 0, void @empty_3, i32 0, i32 0, void @empty_3, void @empty_3, void @empty_3, i32 0, i32 0, i32 0, i32 0, void @empty_3, void @empty_3, i32 4294967295, i32 0, i32 0" [kernel.cpp:5]   --->   Operation 306 'specinterface' 'specinterface_ln5' <Predicate = true> <Delay = 0.00>
ST_74 : Operation 307 [1/1] (0.00ns)   --->   "%specinterface_ln0 = specinterface void @_ssdm_op_SpecInterface, i128 %gmem0, void @empty_2, i32 0, i32 0, void @empty_3, i32 64, i32 0, void @empty_4, void @empty_5, void @empty_3, i32 16, i32 16, i32 16, i32 16, void @empty_3, void @empty_3, i32 4294967295, i32 0, i32 0"   --->   Operation 307 'specinterface' 'specinterface_ln0' <Predicate = true> <Delay = 0.00>
ST_74 : Operation 308 [1/1] (0.00ns)   --->   "%specbitsmap_ln0 = specbitsmap void @_ssdm_op_SpecBitsMap, i128 %gmem0"   --->   Operation 308 'specbitsmap' 'specbitsmap_ln0' <Predicate = true> <Delay = 0.00>
ST_74 : Operation 309 [1/1] (0.00ns)   --->   "%specinterface_ln0 = specinterface void @_ssdm_op_SpecInterface, i128 %gmem1, void @empty_2, i32 0, i32 0, void @empty_3, i32 64, i32 0, void @empty_6, void @empty_5, void @empty_3, i32 16, i32 16, i32 16, i32 16, void @empty_3, void @empty_3, i32 4294967295, i32 0, i32 0"   --->   Operation 309 'specinterface' 'specinterface_ln0' <Predicate = true> <Delay = 0.00>
ST_74 : Operation 310 [1/1] (0.00ns)   --->   "%specbitsmap_ln0 = specbitsmap void @_ssdm_op_SpecBitsMap, i128 %gmem1"   --->   Operation 310 'specbitsmap' 'specbitsmap_ln0' <Predicate = true> <Delay = 0.00>
ST_74 : Operation 311 [1/1] (0.00ns)   --->   "%specinterface_ln0 = specinterface void @_ssdm_op_SpecInterface, i256 %gmem2, void @empty_2, i32 0, i32 0, void @empty_3, i32 64, i32 0, void @empty, void @empty_5, void @empty_3, i32 16, i32 16, i32 16, i32 16, void @empty_3, void @empty_3, i32 4294967295, i32 0, i32 0"   --->   Operation 311 'specinterface' 'specinterface_ln0' <Predicate = true> <Delay = 0.00>
ST_74 : Operation 312 [1/1] (0.00ns)   --->   "%specbitsmap_ln0 = specbitsmap void @_ssdm_op_SpecBitsMap, i256 %gmem2"   --->   Operation 312 'specbitsmap' 'specbitsmap_ln0' <Predicate = true> <Delay = 0.00>
ST_74 : Operation 313 [1/1] (0.00ns)   --->   "%specinterface_ln0 = specinterface void @_ssdm_op_SpecInterface, i64 %a, void @empty_1, i32 4294967295, i32 4294967295, void @empty_8, i32 0, i32 0, void @empty_11, void @empty_12, void @empty_3, i32 0, i32 0, i32 0, i32 0, void @empty_3, void @empty_13, i32 4294967295, i32 0, i32 0"   --->   Operation 313 'specinterface' 'specinterface_ln0' <Predicate = true> <Delay = 0.00>
ST_74 : Operation 314 [1/1] (0.00ns)   --->   "%specinterface_ln0 = specinterface void @_ssdm_op_SpecInterface, i64 %a, void @empty_14, i32 4294967295, i32 4294967295, void @empty_3, i32 0, i32 0, void @empty_3, void @empty_3, void @empty_3, i32 0, i32 0, i32 0, i32 0, void @empty_3, void @empty_13, i32 4294967295, i32 0, i32 0"   --->   Operation 314 'specinterface' 'specinterface_ln0' <Predicate = true> <Delay = 0.00>
ST_74 : Operation 315 [1/1] (0.00ns)   --->   "%specinterface_ln0 = specinterface void @_ssdm_op_SpecInterface, i64 %b, void @empty_1, i32 4294967295, i32 4294967295, void @empty_8, i32 0, i32 0, void @empty_11, void @empty_15, void @empty_3, i32 0, i32 0, i32 0, i32 0, void @empty_3, void @empty_13, i32 4294967295, i32 0, i32 0"   --->   Operation 315 'specinterface' 'specinterface_ln0' <Predicate = true> <Delay = 0.00>
ST_74 : Operation 316 [1/1] (0.00ns)   --->   "%specinterface_ln0 = specinterface void @_ssdm_op_SpecInterface, i64 %b, void @empty_14, i32 4294967295, i32 4294967295, void @empty_3, i32 0, i32 0, void @empty_3, void @empty_3, void @empty_3, i32 0, i32 0, i32 0, i32 0, void @empty_3, void @empty_13, i32 4294967295, i32 0, i32 0"   --->   Operation 316 'specinterface' 'specinterface_ln0' <Predicate = true> <Delay = 0.00>
ST_74 : Operation 317 [1/1] (0.00ns)   --->   "%specinterface_ln0 = specinterface void @_ssdm_op_SpecInterface, i64 %c, void @empty_1, i32 4294967295, i32 4294967295, void @empty_8, i32 0, i32 0, void @empty_11, void @empty_7, void @empty_3, i32 0, i32 0, i32 0, i32 0, void @empty_3, void @empty_13, i32 4294967295, i32 0, i32 0"   --->   Operation 317 'specinterface' 'specinterface_ln0' <Predicate = true> <Delay = 0.00>
ST_74 : Operation 318 [1/1] (0.00ns)   --->   "%specinterface_ln0 = specinterface void @_ssdm_op_SpecInterface, i64 %c, void @empty_14, i32 4294967295, i32 4294967295, void @empty_3, i32 0, i32 0, void @empty_3, void @empty_3, void @empty_3, i32 0, i32 0, i32 0, i32 0, void @empty_3, void @empty_13, i32 4294967295, i32 0, i32 0"   --->   Operation 318 'specinterface' 'specinterface_ln0' <Predicate = true> <Delay = 0.00>
ST_74 : Operation 319 [1/1] (0.00ns)   --->   "%specinterface_ln0 = specinterface void @_ssdm_op_SpecInterface, i32 0, void @empty_1, i32 0, i32 0, void @empty_3, i32 0, i32 0, void @empty_11, void @empty_3, void @empty_3, i32 0, i32 0, i32 0, i32 0, void @empty_3, void @empty_3, i32 4294967295, i32 0, i32 0"   --->   Operation 319 'specinterface' 'specinterface_ln0' <Predicate = true> <Delay = 0.00>
ST_74 : Operation 320 [1/1] (1.58ns)   --->   "%store_ln15 = store i128 %gmem1_addr_read, i128 %shiftreg83" [kernel.cpp:15]   --->   Operation 320 'store' 'store_ln15' <Predicate = true> <Delay = 1.58>
ST_74 : Operation 321 [1/1] (1.58ns)   --->   "%store_ln15 = store i128 %gmem0_addr_read, i128 %shiftreg2" [kernel.cpp:15]   --->   Operation 321 'store' 'store_ln15' <Predicate = true> <Delay = 1.58>
ST_74 : Operation 322 [1/1] (0.00ns)   --->   "%br_ln15 = br void %for.inc.split" [kernel.cpp:15]   --->   Operation 322 'br' 'br_ln15' <Predicate = true> <Delay = 0.00>

State 75 <SV = 74> <Delay = 3.50>
ST_75 : Operation 323 [1/1] (0.00ns)   --->   "%i1_load = load i4 %i1" [kernel.cpp:15]   --->   Operation 323 'load' 'i1_load' <Predicate = true> <Delay = 0.00>
ST_75 : Operation 324 [1/1] (0.00ns)   --->   "%shiftreg2_load = load i128 %shiftreg2" [kernel.cpp:17]   --->   Operation 324 'load' 'shiftreg2_load' <Predicate = true> <Delay = 0.00>
ST_75 : Operation 325 [1/1] (0.00ns)   --->   "%shiftreg83_load = load i128 %shiftreg83" [kernel.cpp:17]   --->   Operation 325 'load' 'shiftreg83_load' <Predicate = true> <Delay = 0.00>
ST_75 : Operation 326 [1/1] (0.00ns)   --->   "%shiftreg104_load = load i249 %shiftreg104" [kernel.cpp:17]   --->   Operation 326 'load' 'shiftreg104_load' <Predicate = true> <Delay = 0.00>
ST_75 : Operation 327 [1/1] (0.00ns)   --->   "%specpipeline_ln16 = specpipeline void @_ssdm_op_SpecPipeline, i32 16, i32 0, i32 0, i32 0, void @empty_3" [kernel.cpp:16]   --->   Operation 327 'specpipeline' 'specpipeline_ln16' <Predicate = true> <Delay = 0.00>
ST_75 : Operation 328 [1/1] (0.00ns)   --->   "%speclooptripcount_ln15 = speclooptripcount void @_ssdm_op_SpecLoopTripCount, i64 16, i64 16, i64 16" [kernel.cpp:15]   --->   Operation 328 'speclooptripcount' 'speclooptripcount_ln15' <Predicate = true> <Delay = 0.00>
ST_75 : Operation 329 [1/1] (0.00ns)   --->   "%specloopname_ln15 = specloopname void @_ssdm_op_SpecLoopName, void @empty_10" [kernel.cpp:15]   --->   Operation 329 'specloopname' 'specloopname_ln15' <Predicate = true> <Delay = 0.00>
ST_75 : Operation 330 [1/1] (0.00ns)   --->   "%trunc_ln17 = trunc i128 %shiftreg2_load" [kernel.cpp:17]   --->   Operation 330 'trunc' 'trunc_ln17' <Predicate = true> <Delay = 0.00>
ST_75 : Operation 331 [1/1] (0.00ns)   --->   "%lshr_ln = partselect i120 @_ssdm_op_PartSelect.i120.i128.i32.i32, i128 %shiftreg2_load, i32 8, i32 127" [kernel.cpp:17]   --->   Operation 331 'partselect' 'lshr_ln' <Predicate = true> <Delay = 0.00>
ST_75 : Operation 332 [1/1] (0.00ns)   --->   "%zext_ln17 = zext i120 %lshr_ln" [kernel.cpp:17]   --->   Operation 332 'zext' 'zext_ln17' <Predicate = true> <Delay = 0.00>
ST_75 : Operation 333 [1/1] (0.00ns)   --->   "%sext_ln17 = sext i8 %trunc_ln17" [kernel.cpp:17]   --->   Operation 333 'sext' 'sext_ln17' <Predicate = true> <Delay = 0.00>
ST_75 : Operation 334 [1/1] (0.00ns)   --->   "%trunc_ln17_1 = trunc i128 %shiftreg83_load" [kernel.cpp:17]   --->   Operation 334 'trunc' 'trunc_ln17_1' <Predicate = true> <Delay = 0.00>
ST_75 : Operation 335 [1/1] (0.00ns)   --->   "%lshr_ln17_1 = partselect i120 @_ssdm_op_PartSelect.i120.i128.i32.i32, i128 %shiftreg83_load, i32 8, i32 127" [kernel.cpp:17]   --->   Operation 335 'partselect' 'lshr_ln17_1' <Predicate = true> <Delay = 0.00>
ST_75 : Operation 336 [1/1] (0.00ns)   --->   "%zext_ln17_1 = zext i120 %lshr_ln17_1" [kernel.cpp:17]   --->   Operation 336 'zext' 'zext_ln17_1' <Predicate = true> <Delay = 0.00>
ST_75 : Operation 337 [1/1] (0.00ns)   --->   "%sext_ln17_1 = sext i8 %trunc_ln17_1" [kernel.cpp:17]   --->   Operation 337 'sext' 'sext_ln17_1' <Predicate = true> <Delay = 0.00>
ST_75 : Operation 338 [1/1] (1.91ns)   --->   "%add_ln17 = add i9 %sext_ln17_1, i9 %sext_ln17" [kernel.cpp:17]   --->   Operation 338 'add' 'add_ln17' <Predicate = true> <Delay = 1.91> <CoreInst = "Adder">   --->   Core 1 'Adder' <Latency = 0> <II = 1> <Delay = 1.91> <FuncUnit> <Opcode : 'add' 'sub'> <InPorts = 2> <OutPorts = 1>
ST_75 : Operation 339 [1/1] (0.00ns)   --->   "%tmp_1 = partselect i233 @_ssdm_op_PartSelect.i233.i249.i32.i32, i249 %shiftreg104_load, i32 16, i32 248" [kernel.cpp:17]   --->   Operation 339 'partselect' 'tmp_1' <Predicate = true> <Delay = 0.00>
ST_75 : Operation 340 [1/1] (0.00ns)   --->   "%sext_ln17_2 = sext i233 %tmp_1" [kernel.cpp:17]   --->   Operation 340 'sext' 'sext_ln17_2' <Predicate = true> <Delay = 0.00>
ST_75 : Operation 341 [1/1] (0.00ns)   --->   "%tmp = bitconcatenate i249 @_ssdm_op_BitConcatenate.i249.i9.i6.i234, i9 %add_ln17, i6 0, i234 %sext_ln17_2" [kernel.cpp:17]   --->   Operation 341 'bitconcatenate' 'tmp' <Predicate = true> <Delay = 0.00>
ST_75 : Operation 342 [1/1] (1.73ns)   --->   "%i = add i4 %i1_load, i4 1" [kernel.cpp:15]   --->   Operation 342 'add' 'i' <Predicate = true> <Delay = 1.73> <CoreInst = "Adder">   --->   Core 1 'Adder' <Latency = 0> <II = 1> <Delay = 1.73> <FuncUnit> <Opcode : 'add' 'sub'> <InPorts = 2> <OutPorts = 1>
ST_75 : Operation 343 [1/1] (1.73ns)   --->   "%icmp_ln15 = icmp_eq  i4 %i1_load, i4 15" [kernel.cpp:15]   --->   Operation 343 'icmp' 'icmp_ln15' <Predicate = true> <Delay = 1.73> <CoreInst = "Cmp">   --->   Core 9 'Cmp' <Latency = 0> <II = 1> <Delay = 1.73> <FuncUnit> <Opcode : 'seteq' 'setne' 'setle' 'setge' 'setlt' 'setgt'> <InPorts = 2> <OutPorts = 1>
ST_75 : Operation 344 [1/1] (1.58ns)   --->   "%store_ln17 = store i249 %tmp, i249 %shiftreg104" [kernel.cpp:17]   --->   Operation 344 'store' 'store_ln17' <Predicate = true> <Delay = 1.58>
ST_75 : Operation 345 [1/1] (1.58ns)   --->   "%store_ln17 = store i128 %zext_ln17_1, i128 %shiftreg83" [kernel.cpp:17]   --->   Operation 345 'store' 'store_ln17' <Predicate = true> <Delay = 1.58>
ST_75 : Operation 346 [1/1] (1.58ns)   --->   "%store_ln17 = store i128 %zext_ln17, i128 %shiftreg2" [kernel.cpp:17]   --->   Operation 346 'store' 'store_ln17' <Predicate = true> <Delay = 1.58>
ST_75 : Operation 347 [1/1] (1.58ns)   --->   "%store_ln15 = store i4 %i, i4 %i1" [kernel.cpp:15]   --->   Operation 347 'store' 'store_ln15' <Predicate = true> <Delay = 1.58>
ST_75 : Operation 348 [1/1] (0.00ns)   --->   "%br_ln15 = br i1 %icmp_ln15, void %for.inc.split, void %for.end" [kernel.cpp:15]   --->   Operation 348 'br' 'br_ln15' <Predicate = true> <Delay = 0.00>

State 76 <SV = 75> <Delay = 7.30>
ST_76 : Operation 349 [1/1] (0.00ns)   --->   "%trunc_ln1 = partselect i59 @_ssdm_op_PartSelect.i59.i64.i32.i32, i64 %c_read, i32 5, i32 63" [kernel.cpp:19]   --->   Operation 349 'partselect' 'trunc_ln1' <Predicate = true> <Delay = 0.00>
ST_76 : Operation 350 [1/1] (0.00ns)   --->   "%sext_ln19 = sext i59 %trunc_ln1" [kernel.cpp:19]   --->   Operation 350 'sext' 'sext_ln19' <Predicate = true> <Delay = 0.00>
ST_76 : Operation 351 [1/1] (0.00ns)   --->   "%gmem2_addr = getelementptr i256 %gmem2, i64 %sext_ln19" [kernel.cpp:19]   --->   Operation 351 'getelementptr' 'gmem2_addr' <Predicate = true> <Delay = 0.00>
ST_76 : Operation 352 [1/1] (7.30ns)   --->   "%gmem2_addr_req = writereq i1 @_ssdm_op_WriteReq.m_axi.i256P1A, i256 %gmem2_addr, i64 1" [kernel.cpp:19]   --->   Operation 352 'writereq' 'gmem2_addr_req' <Predicate = true> <Delay = 7.30> <CoreInst = "m_axi">   --->   Core 111 'm_axi' <Latency = 9> <II = 1> <Delay = 1.00> <Adapter> <Opcode : 'read' 'write' 'readreq' 'writereq' 'writeresp'>

State 77 <SV = 76> <Delay = 7.30>
ST_77 : Operation 353 [1/1] (0.00ns)   --->   "%sext_ln15_2 = sext i249 %tmp" [kernel.cpp:15]   --->   Operation 353 'sext' 'sext_ln15_2' <Predicate = true> <Delay = 0.00>
ST_77 : Operation 354 [1/1] (0.00ns)   --->   "%zext_ln15 = zext i250 %sext_ln15_2" [kernel.cpp:15]   --->   Operation 354 'zext' 'zext_ln15' <Predicate = true> <Delay = 0.00>
ST_77 : Operation 355 [1/1] (7.30ns)   --->   "%write_ln19 = write void @_ssdm_op_Write.m_axi.i256P1A, i256 %gmem2_addr, i256 %zext_ln15, i32 4294967295" [kernel.cpp:19]   --->   Operation 355 'write' 'write_ln19' <Predicate = true> <Delay = 7.30> <CoreInst = "m_axi">   --->   Core 111 'm_axi' <Latency = 5> <II = 1> <Delay = 1.00> <Adapter> <Opcode : 'read' 'write' 'readreq' 'writereq' 'writeresp'>

State 78 <SV = 77> <Delay = 7.30>
ST_78 : Operation 356 [68/68] (7.30ns)   --->   "%gmem2_addr_resp = writeresp i1 @_ssdm_op_WriteResp.m_axi.i256P1A, i256 %gmem2_addr" [kernel.cpp:19]   --->   Operation 356 'writeresp' 'gmem2_addr_resp' <Predicate = true> <Delay = 7.30> <CoreInst = "m_axi">   --->   Core 111 'm_axi' <Latency = 3> <II = 1> <Delay = 1.00> <Adapter> <Opcode : 'read' 'write' 'readreq' 'writereq' 'writeresp'>

State 79 <SV = 78> <Delay = 7.30>
ST_79 : Operation 357 [67/68] (7.30ns)   --->   "%gmem2_addr_resp = writeresp i1 @_ssdm_op_WriteResp.m_axi.i256P1A, i256 %gmem2_addr" [kernel.cpp:19]   --->   Operation 357 'writeresp' 'gmem2_addr_resp' <Predicate = true> <Delay = 7.30> <CoreInst = "m_axi">   --->   Core 111 'm_axi' <Latency = 3> <II = 1> <Delay = 1.00> <Adapter> <Opcode : 'read' 'write' 'readreq' 'writereq' 'writeresp'>

State 80 <SV = 79> <Delay = 7.30>
ST_80 : Operation 358 [66/68] (7.30ns)   --->   "%gmem2_addr_resp = writeresp i1 @_ssdm_op_WriteResp.m_axi.i256P1A, i256 %gmem2_addr" [kernel.cpp:19]   --->   Operation 358 'writeresp' 'gmem2_addr_resp' <Predicate = true> <Delay = 7.30> <CoreInst = "m_axi">   --->   Core 111 'm_axi' <Latency = 3> <II = 1> <Delay = 1.00> <Adapter> <Opcode : 'read' 'write' 'readreq' 'writereq' 'writeresp'>

State 81 <SV = 80> <Delay = 7.30>
ST_81 : Operation 359 [65/68] (7.30ns)   --->   "%gmem2_addr_resp = writeresp i1 @_ssdm_op_WriteResp.m_axi.i256P1A, i256 %gmem2_addr" [kernel.cpp:19]   --->   Operation 359 'writeresp' 'gmem2_addr_resp' <Predicate = true> <Delay = 7.30> <CoreInst = "m_axi">   --->   Core 111 'm_axi' <Latency = 3> <II = 1> <Delay = 1.00> <Adapter> <Opcode : 'read' 'write' 'readreq' 'writereq' 'writeresp'>

State 82 <SV = 81> <Delay = 7.30>
ST_82 : Operation 360 [64/68] (7.30ns)   --->   "%gmem2_addr_resp = writeresp i1 @_ssdm_op_WriteResp.m_axi.i256P1A, i256 %gmem2_addr" [kernel.cpp:19]   --->   Operation 360 'writeresp' 'gmem2_addr_resp' <Predicate = true> <Delay = 7.30> <CoreInst = "m_axi">   --->   Core 111 'm_axi' <Latency = 3> <II = 1> <Delay = 1.00> <Adapter> <Opcode : 'read' 'write' 'readreq' 'writereq' 'writeresp'>

State 83 <SV = 82> <Delay = 7.30>
ST_83 : Operation 361 [63/68] (7.30ns)   --->   "%gmem2_addr_resp = writeresp i1 @_ssdm_op_WriteResp.m_axi.i256P1A, i256 %gmem2_addr" [kernel.cpp:19]   --->   Operation 361 'writeresp' 'gmem2_addr_resp' <Predicate = true> <Delay = 7.30> <CoreInst = "m_axi">   --->   Core 111 'm_axi' <Latency = 3> <II = 1> <Delay = 1.00> <Adapter> <Opcode : 'read' 'write' 'readreq' 'writereq' 'writeresp'>

State 84 <SV = 83> <Delay = 7.30>
ST_84 : Operation 362 [62/68] (7.30ns)   --->   "%gmem2_addr_resp = writeresp i1 @_ssdm_op_WriteResp.m_axi.i256P1A, i256 %gmem2_addr" [kernel.cpp:19]   --->   Operation 362 'writeresp' 'gmem2_addr_resp' <Predicate = true> <Delay = 7.30> <CoreInst = "m_axi">   --->   Core 111 'm_axi' <Latency = 3> <II = 1> <Delay = 1.00> <Adapter> <Opcode : 'read' 'write' 'readreq' 'writereq' 'writeresp'>

State 85 <SV = 84> <Delay = 7.30>
ST_85 : Operation 363 [61/68] (7.30ns)   --->   "%gmem2_addr_resp = writeresp i1 @_ssdm_op_WriteResp.m_axi.i256P1A, i256 %gmem2_addr" [kernel.cpp:19]   --->   Operation 363 'writeresp' 'gmem2_addr_resp' <Predicate = true> <Delay = 7.30> <CoreInst = "m_axi">   --->   Core 111 'm_axi' <Latency = 3> <II = 1> <Delay = 1.00> <Adapter> <Opcode : 'read' 'write' 'readreq' 'writereq' 'writeresp'>

State 86 <SV = 85> <Delay = 7.30>
ST_86 : Operation 364 [60/68] (7.30ns)   --->   "%gmem2_addr_resp = writeresp i1 @_ssdm_op_WriteResp.m_axi.i256P1A, i256 %gmem2_addr" [kernel.cpp:19]   --->   Operation 364 'writeresp' 'gmem2_addr_resp' <Predicate = true> <Delay = 7.30> <CoreInst = "m_axi">   --->   Core 111 'm_axi' <Latency = 3> <II = 1> <Delay = 1.00> <Adapter> <Opcode : 'read' 'write' 'readreq' 'writereq' 'writeresp'>

State 87 <SV = 86> <Delay = 7.30>
ST_87 : Operation 365 [59/68] (7.30ns)   --->   "%gmem2_addr_resp = writeresp i1 @_ssdm_op_WriteResp.m_axi.i256P1A, i256 %gmem2_addr" [kernel.cpp:19]   --->   Operation 365 'writeresp' 'gmem2_addr_resp' <Predicate = true> <Delay = 7.30> <CoreInst = "m_axi">   --->   Core 111 'm_axi' <Latency = 3> <II = 1> <Delay = 1.00> <Adapter> <Opcode : 'read' 'write' 'readreq' 'writereq' 'writeresp'>

State 88 <SV = 87> <Delay = 7.30>
ST_88 : Operation 366 [58/68] (7.30ns)   --->   "%gmem2_addr_resp = writeresp i1 @_ssdm_op_WriteResp.m_axi.i256P1A, i256 %gmem2_addr" [kernel.cpp:19]   --->   Operation 366 'writeresp' 'gmem2_addr_resp' <Predicate = true> <Delay = 7.30> <CoreInst = "m_axi">   --->   Core 111 'm_axi' <Latency = 3> <II = 1> <Delay = 1.00> <Adapter> <Opcode : 'read' 'write' 'readreq' 'writereq' 'writeresp'>

State 89 <SV = 88> <Delay = 7.30>
ST_89 : Operation 367 [57/68] (7.30ns)   --->   "%gmem2_addr_resp = writeresp i1 @_ssdm_op_WriteResp.m_axi.i256P1A, i256 %gmem2_addr" [kernel.cpp:19]   --->   Operation 367 'writeresp' 'gmem2_addr_resp' <Predicate = true> <Delay = 7.30> <CoreInst = "m_axi">   --->   Core 111 'm_axi' <Latency = 3> <II = 1> <Delay = 1.00> <Adapter> <Opcode : 'read' 'write' 'readreq' 'writereq' 'writeresp'>

State 90 <SV = 89> <Delay = 7.30>
ST_90 : Operation 368 [56/68] (7.30ns)   --->   "%gmem2_addr_resp = writeresp i1 @_ssdm_op_WriteResp.m_axi.i256P1A, i256 %gmem2_addr" [kernel.cpp:19]   --->   Operation 368 'writeresp' 'gmem2_addr_resp' <Predicate = true> <Delay = 7.30> <CoreInst = "m_axi">   --->   Core 111 'm_axi' <Latency = 3> <II = 1> <Delay = 1.00> <Adapter> <Opcode : 'read' 'write' 'readreq' 'writereq' 'writeresp'>

State 91 <SV = 90> <Delay = 7.30>
ST_91 : Operation 369 [55/68] (7.30ns)   --->   "%gmem2_addr_resp = writeresp i1 @_ssdm_op_WriteResp.m_axi.i256P1A, i256 %gmem2_addr" [kernel.cpp:19]   --->   Operation 369 'writeresp' 'gmem2_addr_resp' <Predicate = true> <Delay = 7.30> <CoreInst = "m_axi">   --->   Core 111 'm_axi' <Latency = 3> <II = 1> <Delay = 1.00> <Adapter> <Opcode : 'read' 'write' 'readreq' 'writereq' 'writeresp'>

State 92 <SV = 91> <Delay = 7.30>
ST_92 : Operation 370 [54/68] (7.30ns)   --->   "%gmem2_addr_resp = writeresp i1 @_ssdm_op_WriteResp.m_axi.i256P1A, i256 %gmem2_addr" [kernel.cpp:19]   --->   Operation 370 'writeresp' 'gmem2_addr_resp' <Predicate = true> <Delay = 7.30> <CoreInst = "m_axi">   --->   Core 111 'm_axi' <Latency = 3> <II = 1> <Delay = 1.00> <Adapter> <Opcode : 'read' 'write' 'readreq' 'writereq' 'writeresp'>

State 93 <SV = 92> <Delay = 7.30>
ST_93 : Operation 371 [53/68] (7.30ns)   --->   "%gmem2_addr_resp = writeresp i1 @_ssdm_op_WriteResp.m_axi.i256P1A, i256 %gmem2_addr" [kernel.cpp:19]   --->   Operation 371 'writeresp' 'gmem2_addr_resp' <Predicate = true> <Delay = 7.30> <CoreInst = "m_axi">   --->   Core 111 'm_axi' <Latency = 3> <II = 1> <Delay = 1.00> <Adapter> <Opcode : 'read' 'write' 'readreq' 'writereq' 'writeresp'>

State 94 <SV = 93> <Delay = 7.30>
ST_94 : Operation 372 [52/68] (7.30ns)   --->   "%gmem2_addr_resp = writeresp i1 @_ssdm_op_WriteResp.m_axi.i256P1A, i256 %gmem2_addr" [kernel.cpp:19]   --->   Operation 372 'writeresp' 'gmem2_addr_resp' <Predicate = true> <Delay = 7.30> <CoreInst = "m_axi">   --->   Core 111 'm_axi' <Latency = 3> <II = 1> <Delay = 1.00> <Adapter> <Opcode : 'read' 'write' 'readreq' 'writereq' 'writeresp'>

State 95 <SV = 94> <Delay = 7.30>
ST_95 : Operation 373 [51/68] (7.30ns)   --->   "%gmem2_addr_resp = writeresp i1 @_ssdm_op_WriteResp.m_axi.i256P1A, i256 %gmem2_addr" [kernel.cpp:19]   --->   Operation 373 'writeresp' 'gmem2_addr_resp' <Predicate = true> <Delay = 7.30> <CoreInst = "m_axi">   --->   Core 111 'm_axi' <Latency = 3> <II = 1> <Delay = 1.00> <Adapter> <Opcode : 'read' 'write' 'readreq' 'writereq' 'writeresp'>

State 96 <SV = 95> <Delay = 7.30>
ST_96 : Operation 374 [50/68] (7.30ns)   --->   "%gmem2_addr_resp = writeresp i1 @_ssdm_op_WriteResp.m_axi.i256P1A, i256 %gmem2_addr" [kernel.cpp:19]   --->   Operation 374 'writeresp' 'gmem2_addr_resp' <Predicate = true> <Delay = 7.30> <CoreInst = "m_axi">   --->   Core 111 'm_axi' <Latency = 3> <II = 1> <Delay = 1.00> <Adapter> <Opcode : 'read' 'write' 'readreq' 'writereq' 'writeresp'>

State 97 <SV = 96> <Delay = 7.30>
ST_97 : Operation 375 [49/68] (7.30ns)   --->   "%gmem2_addr_resp = writeresp i1 @_ssdm_op_WriteResp.m_axi.i256P1A, i256 %gmem2_addr" [kernel.cpp:19]   --->   Operation 375 'writeresp' 'gmem2_addr_resp' <Predicate = true> <Delay = 7.30> <CoreInst = "m_axi">   --->   Core 111 'm_axi' <Latency = 3> <II = 1> <Delay = 1.00> <Adapter> <Opcode : 'read' 'write' 'readreq' 'writereq' 'writeresp'>

State 98 <SV = 97> <Delay = 7.30>
ST_98 : Operation 376 [48/68] (7.30ns)   --->   "%gmem2_addr_resp = writeresp i1 @_ssdm_op_WriteResp.m_axi.i256P1A, i256 %gmem2_addr" [kernel.cpp:19]   --->   Operation 376 'writeresp' 'gmem2_addr_resp' <Predicate = true> <Delay = 7.30> <CoreInst = "m_axi">   --->   Core 111 'm_axi' <Latency = 3> <II = 1> <Delay = 1.00> <Adapter> <Opcode : 'read' 'write' 'readreq' 'writereq' 'writeresp'>

State 99 <SV = 98> <Delay = 7.30>
ST_99 : Operation 377 [47/68] (7.30ns)   --->   "%gmem2_addr_resp = writeresp i1 @_ssdm_op_WriteResp.m_axi.i256P1A, i256 %gmem2_addr" [kernel.cpp:19]   --->   Operation 377 'writeresp' 'gmem2_addr_resp' <Predicate = true> <Delay = 7.30> <CoreInst = "m_axi">   --->   Core 111 'm_axi' <Latency = 3> <II = 1> <Delay = 1.00> <Adapter> <Opcode : 'read' 'write' 'readreq' 'writereq' 'writeresp'>

State 100 <SV = 99> <Delay = 7.30>
ST_100 : Operation 378 [46/68] (7.30ns)   --->   "%gmem2_addr_resp = writeresp i1 @_ssdm_op_WriteResp.m_axi.i256P1A, i256 %gmem2_addr" [kernel.cpp:19]   --->   Operation 378 'writeresp' 'gmem2_addr_resp' <Predicate = true> <Delay = 7.30> <CoreInst = "m_axi">   --->   Core 111 'm_axi' <Latency = 3> <II = 1> <Delay = 1.00> <Adapter> <Opcode : 'read' 'write' 'readreq' 'writereq' 'writeresp'>

State 101 <SV = 100> <Delay = 7.30>
ST_101 : Operation 379 [45/68] (7.30ns)   --->   "%gmem2_addr_resp = writeresp i1 @_ssdm_op_WriteResp.m_axi.i256P1A, i256 %gmem2_addr" [kernel.cpp:19]   --->   Operation 379 'writeresp' 'gmem2_addr_resp' <Predicate = true> <Delay = 7.30> <CoreInst = "m_axi">   --->   Core 111 'm_axi' <Latency = 3> <II = 1> <Delay = 1.00> <Adapter> <Opcode : 'read' 'write' 'readreq' 'writereq' 'writeresp'>

State 102 <SV = 101> <Delay = 7.30>
ST_102 : Operation 380 [44/68] (7.30ns)   --->   "%gmem2_addr_resp = writeresp i1 @_ssdm_op_WriteResp.m_axi.i256P1A, i256 %gmem2_addr" [kernel.cpp:19]   --->   Operation 380 'writeresp' 'gmem2_addr_resp' <Predicate = true> <Delay = 7.30> <CoreInst = "m_axi">   --->   Core 111 'm_axi' <Latency = 3> <II = 1> <Delay = 1.00> <Adapter> <Opcode : 'read' 'write' 'readreq' 'writereq' 'writeresp'>

State 103 <SV = 102> <Delay = 7.30>
ST_103 : Operation 381 [43/68] (7.30ns)   --->   "%gmem2_addr_resp = writeresp i1 @_ssdm_op_WriteResp.m_axi.i256P1A, i256 %gmem2_addr" [kernel.cpp:19]   --->   Operation 381 'writeresp' 'gmem2_addr_resp' <Predicate = true> <Delay = 7.30> <CoreInst = "m_axi">   --->   Core 111 'm_axi' <Latency = 3> <II = 1> <Delay = 1.00> <Adapter> <Opcode : 'read' 'write' 'readreq' 'writereq' 'writeresp'>

State 104 <SV = 103> <Delay = 7.30>
ST_104 : Operation 382 [42/68] (7.30ns)   --->   "%gmem2_addr_resp = writeresp i1 @_ssdm_op_WriteResp.m_axi.i256P1A, i256 %gmem2_addr" [kernel.cpp:19]   --->   Operation 382 'writeresp' 'gmem2_addr_resp' <Predicate = true> <Delay = 7.30> <CoreInst = "m_axi">   --->   Core 111 'm_axi' <Latency = 3> <II = 1> <Delay = 1.00> <Adapter> <Opcode : 'read' 'write' 'readreq' 'writereq' 'writeresp'>

State 105 <SV = 104> <Delay = 7.30>
ST_105 : Operation 383 [41/68] (7.30ns)   --->   "%gmem2_addr_resp = writeresp i1 @_ssdm_op_WriteResp.m_axi.i256P1A, i256 %gmem2_addr" [kernel.cpp:19]   --->   Operation 383 'writeresp' 'gmem2_addr_resp' <Predicate = true> <Delay = 7.30> <CoreInst = "m_axi">   --->   Core 111 'm_axi' <Latency = 3> <II = 1> <Delay = 1.00> <Adapter> <Opcode : 'read' 'write' 'readreq' 'writereq' 'writeresp'>

State 106 <SV = 105> <Delay = 7.30>
ST_106 : Operation 384 [40/68] (7.30ns)   --->   "%gmem2_addr_resp = writeresp i1 @_ssdm_op_WriteResp.m_axi.i256P1A, i256 %gmem2_addr" [kernel.cpp:19]   --->   Operation 384 'writeresp' 'gmem2_addr_resp' <Predicate = true> <Delay = 7.30> <CoreInst = "m_axi">   --->   Core 111 'm_axi' <Latency = 3> <II = 1> <Delay = 1.00> <Adapter> <Opcode : 'read' 'write' 'readreq' 'writereq' 'writeresp'>

State 107 <SV = 106> <Delay = 7.30>
ST_107 : Operation 385 [39/68] (7.30ns)   --->   "%gmem2_addr_resp = writeresp i1 @_ssdm_op_WriteResp.m_axi.i256P1A, i256 %gmem2_addr" [kernel.cpp:19]   --->   Operation 385 'writeresp' 'gmem2_addr_resp' <Predicate = true> <Delay = 7.30> <CoreInst = "m_axi">   --->   Core 111 'm_axi' <Latency = 3> <II = 1> <Delay = 1.00> <Adapter> <Opcode : 'read' 'write' 'readreq' 'writereq' 'writeresp'>

State 108 <SV = 107> <Delay = 7.30>
ST_108 : Operation 386 [38/68] (7.30ns)   --->   "%gmem2_addr_resp = writeresp i1 @_ssdm_op_WriteResp.m_axi.i256P1A, i256 %gmem2_addr" [kernel.cpp:19]   --->   Operation 386 'writeresp' 'gmem2_addr_resp' <Predicate = true> <Delay = 7.30> <CoreInst = "m_axi">   --->   Core 111 'm_axi' <Latency = 3> <II = 1> <Delay = 1.00> <Adapter> <Opcode : 'read' 'write' 'readreq' 'writereq' 'writeresp'>

State 109 <SV = 108> <Delay = 7.30>
ST_109 : Operation 387 [37/68] (7.30ns)   --->   "%gmem2_addr_resp = writeresp i1 @_ssdm_op_WriteResp.m_axi.i256P1A, i256 %gmem2_addr" [kernel.cpp:19]   --->   Operation 387 'writeresp' 'gmem2_addr_resp' <Predicate = true> <Delay = 7.30> <CoreInst = "m_axi">   --->   Core 111 'm_axi' <Latency = 3> <II = 1> <Delay = 1.00> <Adapter> <Opcode : 'read' 'write' 'readreq' 'writereq' 'writeresp'>

State 110 <SV = 109> <Delay = 7.30>
ST_110 : Operation 388 [36/68] (7.30ns)   --->   "%gmem2_addr_resp = writeresp i1 @_ssdm_op_WriteResp.m_axi.i256P1A, i256 %gmem2_addr" [kernel.cpp:19]   --->   Operation 388 'writeresp' 'gmem2_addr_resp' <Predicate = true> <Delay = 7.30> <CoreInst = "m_axi">   --->   Core 111 'm_axi' <Latency = 3> <II = 1> <Delay = 1.00> <Adapter> <Opcode : 'read' 'write' 'readreq' 'writereq' 'writeresp'>

State 111 <SV = 110> <Delay = 7.30>
ST_111 : Operation 389 [35/68] (7.30ns)   --->   "%gmem2_addr_resp = writeresp i1 @_ssdm_op_WriteResp.m_axi.i256P1A, i256 %gmem2_addr" [kernel.cpp:19]   --->   Operation 389 'writeresp' 'gmem2_addr_resp' <Predicate = true> <Delay = 7.30> <CoreInst = "m_axi">   --->   Core 111 'm_axi' <Latency = 3> <II = 1> <Delay = 1.00> <Adapter> <Opcode : 'read' 'write' 'readreq' 'writereq' 'writeresp'>

State 112 <SV = 111> <Delay = 7.30>
ST_112 : Operation 390 [34/68] (7.30ns)   --->   "%gmem2_addr_resp = writeresp i1 @_ssdm_op_WriteResp.m_axi.i256P1A, i256 %gmem2_addr" [kernel.cpp:19]   --->   Operation 390 'writeresp' 'gmem2_addr_resp' <Predicate = true> <Delay = 7.30> <CoreInst = "m_axi">   --->   Core 111 'm_axi' <Latency = 3> <II = 1> <Delay = 1.00> <Adapter> <Opcode : 'read' 'write' 'readreq' 'writereq' 'writeresp'>

State 113 <SV = 112> <Delay = 7.30>
ST_113 : Operation 391 [33/68] (7.30ns)   --->   "%gmem2_addr_resp = writeresp i1 @_ssdm_op_WriteResp.m_axi.i256P1A, i256 %gmem2_addr" [kernel.cpp:19]   --->   Operation 391 'writeresp' 'gmem2_addr_resp' <Predicate = true> <Delay = 7.30> <CoreInst = "m_axi">   --->   Core 111 'm_axi' <Latency = 3> <II = 1> <Delay = 1.00> <Adapter> <Opcode : 'read' 'write' 'readreq' 'writereq' 'writeresp'>

State 114 <SV = 113> <Delay = 7.30>
ST_114 : Operation 392 [32/68] (7.30ns)   --->   "%gmem2_addr_resp = writeresp i1 @_ssdm_op_WriteResp.m_axi.i256P1A, i256 %gmem2_addr" [kernel.cpp:19]   --->   Operation 392 'writeresp' 'gmem2_addr_resp' <Predicate = true> <Delay = 7.30> <CoreInst = "m_axi">   --->   Core 111 'm_axi' <Latency = 3> <II = 1> <Delay = 1.00> <Adapter> <Opcode : 'read' 'write' 'readreq' 'writereq' 'writeresp'>

State 115 <SV = 114> <Delay = 7.30>
ST_115 : Operation 393 [31/68] (7.30ns)   --->   "%gmem2_addr_resp = writeresp i1 @_ssdm_op_WriteResp.m_axi.i256P1A, i256 %gmem2_addr" [kernel.cpp:19]   --->   Operation 393 'writeresp' 'gmem2_addr_resp' <Predicate = true> <Delay = 7.30> <CoreInst = "m_axi">   --->   Core 111 'm_axi' <Latency = 3> <II = 1> <Delay = 1.00> <Adapter> <Opcode : 'read' 'write' 'readreq' 'writereq' 'writeresp'>

State 116 <SV = 115> <Delay = 7.30>
ST_116 : Operation 394 [30/68] (7.30ns)   --->   "%gmem2_addr_resp = writeresp i1 @_ssdm_op_WriteResp.m_axi.i256P1A, i256 %gmem2_addr" [kernel.cpp:19]   --->   Operation 394 'writeresp' 'gmem2_addr_resp' <Predicate = true> <Delay = 7.30> <CoreInst = "m_axi">   --->   Core 111 'm_axi' <Latency = 3> <II = 1> <Delay = 1.00> <Adapter> <Opcode : 'read' 'write' 'readreq' 'writereq' 'writeresp'>

State 117 <SV = 116> <Delay = 7.30>
ST_117 : Operation 395 [29/68] (7.30ns)   --->   "%gmem2_addr_resp = writeresp i1 @_ssdm_op_WriteResp.m_axi.i256P1A, i256 %gmem2_addr" [kernel.cpp:19]   --->   Operation 395 'writeresp' 'gmem2_addr_resp' <Predicate = true> <Delay = 7.30> <CoreInst = "m_axi">   --->   Core 111 'm_axi' <Latency = 3> <II = 1> <Delay = 1.00> <Adapter> <Opcode : 'read' 'write' 'readreq' 'writereq' 'writeresp'>

State 118 <SV = 117> <Delay = 7.30>
ST_118 : Operation 396 [28/68] (7.30ns)   --->   "%gmem2_addr_resp = writeresp i1 @_ssdm_op_WriteResp.m_axi.i256P1A, i256 %gmem2_addr" [kernel.cpp:19]   --->   Operation 396 'writeresp' 'gmem2_addr_resp' <Predicate = true> <Delay = 7.30> <CoreInst = "m_axi">   --->   Core 111 'm_axi' <Latency = 3> <II = 1> <Delay = 1.00> <Adapter> <Opcode : 'read' 'write' 'readreq' 'writereq' 'writeresp'>

State 119 <SV = 118> <Delay = 7.30>
ST_119 : Operation 397 [27/68] (7.30ns)   --->   "%gmem2_addr_resp = writeresp i1 @_ssdm_op_WriteResp.m_axi.i256P1A, i256 %gmem2_addr" [kernel.cpp:19]   --->   Operation 397 'writeresp' 'gmem2_addr_resp' <Predicate = true> <Delay = 7.30> <CoreInst = "m_axi">   --->   Core 111 'm_axi' <Latency = 3> <II = 1> <Delay = 1.00> <Adapter> <Opcode : 'read' 'write' 'readreq' 'writereq' 'writeresp'>

State 120 <SV = 119> <Delay = 7.30>
ST_120 : Operation 398 [26/68] (7.30ns)   --->   "%gmem2_addr_resp = writeresp i1 @_ssdm_op_WriteResp.m_axi.i256P1A, i256 %gmem2_addr" [kernel.cpp:19]   --->   Operation 398 'writeresp' 'gmem2_addr_resp' <Predicate = true> <Delay = 7.30> <CoreInst = "m_axi">   --->   Core 111 'm_axi' <Latency = 3> <II = 1> <Delay = 1.00> <Adapter> <Opcode : 'read' 'write' 'readreq' 'writereq' 'writeresp'>

State 121 <SV = 120> <Delay = 7.30>
ST_121 : Operation 399 [25/68] (7.30ns)   --->   "%gmem2_addr_resp = writeresp i1 @_ssdm_op_WriteResp.m_axi.i256P1A, i256 %gmem2_addr" [kernel.cpp:19]   --->   Operation 399 'writeresp' 'gmem2_addr_resp' <Predicate = true> <Delay = 7.30> <CoreInst = "m_axi">   --->   Core 111 'm_axi' <Latency = 3> <II = 1> <Delay = 1.00> <Adapter> <Opcode : 'read' 'write' 'readreq' 'writereq' 'writeresp'>

State 122 <SV = 121> <Delay = 7.30>
ST_122 : Operation 400 [24/68] (7.30ns)   --->   "%gmem2_addr_resp = writeresp i1 @_ssdm_op_WriteResp.m_axi.i256P1A, i256 %gmem2_addr" [kernel.cpp:19]   --->   Operation 400 'writeresp' 'gmem2_addr_resp' <Predicate = true> <Delay = 7.30> <CoreInst = "m_axi">   --->   Core 111 'm_axi' <Latency = 3> <II = 1> <Delay = 1.00> <Adapter> <Opcode : 'read' 'write' 'readreq' 'writereq' 'writeresp'>

State 123 <SV = 122> <Delay = 7.30>
ST_123 : Operation 401 [23/68] (7.30ns)   --->   "%gmem2_addr_resp = writeresp i1 @_ssdm_op_WriteResp.m_axi.i256P1A, i256 %gmem2_addr" [kernel.cpp:19]   --->   Operation 401 'writeresp' 'gmem2_addr_resp' <Predicate = true> <Delay = 7.30> <CoreInst = "m_axi">   --->   Core 111 'm_axi' <Latency = 3> <II = 1> <Delay = 1.00> <Adapter> <Opcode : 'read' 'write' 'readreq' 'writereq' 'writeresp'>

State 124 <SV = 123> <Delay = 7.30>
ST_124 : Operation 402 [22/68] (7.30ns)   --->   "%gmem2_addr_resp = writeresp i1 @_ssdm_op_WriteResp.m_axi.i256P1A, i256 %gmem2_addr" [kernel.cpp:19]   --->   Operation 402 'writeresp' 'gmem2_addr_resp' <Predicate = true> <Delay = 7.30> <CoreInst = "m_axi">   --->   Core 111 'm_axi' <Latency = 3> <II = 1> <Delay = 1.00> <Adapter> <Opcode : 'read' 'write' 'readreq' 'writereq' 'writeresp'>

State 125 <SV = 124> <Delay = 7.30>
ST_125 : Operation 403 [21/68] (7.30ns)   --->   "%gmem2_addr_resp = writeresp i1 @_ssdm_op_WriteResp.m_axi.i256P1A, i256 %gmem2_addr" [kernel.cpp:19]   --->   Operation 403 'writeresp' 'gmem2_addr_resp' <Predicate = true> <Delay = 7.30> <CoreInst = "m_axi">   --->   Core 111 'm_axi' <Latency = 3> <II = 1> <Delay = 1.00> <Adapter> <Opcode : 'read' 'write' 'readreq' 'writereq' 'writeresp'>

State 126 <SV = 125> <Delay = 7.30>
ST_126 : Operation 404 [20/68] (7.30ns)   --->   "%gmem2_addr_resp = writeresp i1 @_ssdm_op_WriteResp.m_axi.i256P1A, i256 %gmem2_addr" [kernel.cpp:19]   --->   Operation 404 'writeresp' 'gmem2_addr_resp' <Predicate = true> <Delay = 7.30> <CoreInst = "m_axi">   --->   Core 111 'm_axi' <Latency = 3> <II = 1> <Delay = 1.00> <Adapter> <Opcode : 'read' 'write' 'readreq' 'writereq' 'writeresp'>

State 127 <SV = 126> <Delay = 7.30>
ST_127 : Operation 405 [19/68] (7.30ns)   --->   "%gmem2_addr_resp = writeresp i1 @_ssdm_op_WriteResp.m_axi.i256P1A, i256 %gmem2_addr" [kernel.cpp:19]   --->   Operation 405 'writeresp' 'gmem2_addr_resp' <Predicate = true> <Delay = 7.30> <CoreInst = "m_axi">   --->   Core 111 'm_axi' <Latency = 3> <II = 1> <Delay = 1.00> <Adapter> <Opcode : 'read' 'write' 'readreq' 'writereq' 'writeresp'>

State 128 <SV = 127> <Delay = 7.30>
ST_128 : Operation 406 [18/68] (7.30ns)   --->   "%gmem2_addr_resp = writeresp i1 @_ssdm_op_WriteResp.m_axi.i256P1A, i256 %gmem2_addr" [kernel.cpp:19]   --->   Operation 406 'writeresp' 'gmem2_addr_resp' <Predicate = true> <Delay = 7.30> <CoreInst = "m_axi">   --->   Core 111 'm_axi' <Latency = 3> <II = 1> <Delay = 1.00> <Adapter> <Opcode : 'read' 'write' 'readreq' 'writereq' 'writeresp'>

State 129 <SV = 128> <Delay = 7.30>
ST_129 : Operation 407 [17/68] (7.30ns)   --->   "%gmem2_addr_resp = writeresp i1 @_ssdm_op_WriteResp.m_axi.i256P1A, i256 %gmem2_addr" [kernel.cpp:19]   --->   Operation 407 'writeresp' 'gmem2_addr_resp' <Predicate = true> <Delay = 7.30> <CoreInst = "m_axi">   --->   Core 111 'm_axi' <Latency = 3> <II = 1> <Delay = 1.00> <Adapter> <Opcode : 'read' 'write' 'readreq' 'writereq' 'writeresp'>

State 130 <SV = 129> <Delay = 7.30>
ST_130 : Operation 408 [16/68] (7.30ns)   --->   "%gmem2_addr_resp = writeresp i1 @_ssdm_op_WriteResp.m_axi.i256P1A, i256 %gmem2_addr" [kernel.cpp:19]   --->   Operation 408 'writeresp' 'gmem2_addr_resp' <Predicate = true> <Delay = 7.30> <CoreInst = "m_axi">   --->   Core 111 'm_axi' <Latency = 3> <II = 1> <Delay = 1.00> <Adapter> <Opcode : 'read' 'write' 'readreq' 'writereq' 'writeresp'>

State 131 <SV = 130> <Delay = 7.30>
ST_131 : Operation 409 [15/68] (7.30ns)   --->   "%gmem2_addr_resp = writeresp i1 @_ssdm_op_WriteResp.m_axi.i256P1A, i256 %gmem2_addr" [kernel.cpp:19]   --->   Operation 409 'writeresp' 'gmem2_addr_resp' <Predicate = true> <Delay = 7.30> <CoreInst = "m_axi">   --->   Core 111 'm_axi' <Latency = 3> <II = 1> <Delay = 1.00> <Adapter> <Opcode : 'read' 'write' 'readreq' 'writereq' 'writeresp'>

State 132 <SV = 131> <Delay = 7.30>
ST_132 : Operation 410 [14/68] (7.30ns)   --->   "%gmem2_addr_resp = writeresp i1 @_ssdm_op_WriteResp.m_axi.i256P1A, i256 %gmem2_addr" [kernel.cpp:19]   --->   Operation 410 'writeresp' 'gmem2_addr_resp' <Predicate = true> <Delay = 7.30> <CoreInst = "m_axi">   --->   Core 111 'm_axi' <Latency = 3> <II = 1> <Delay = 1.00> <Adapter> <Opcode : 'read' 'write' 'readreq' 'writereq' 'writeresp'>

State 133 <SV = 132> <Delay = 7.30>
ST_133 : Operation 411 [13/68] (7.30ns)   --->   "%gmem2_addr_resp = writeresp i1 @_ssdm_op_WriteResp.m_axi.i256P1A, i256 %gmem2_addr" [kernel.cpp:19]   --->   Operation 411 'writeresp' 'gmem2_addr_resp' <Predicate = true> <Delay = 7.30> <CoreInst = "m_axi">   --->   Core 111 'm_axi' <Latency = 3> <II = 1> <Delay = 1.00> <Adapter> <Opcode : 'read' 'write' 'readreq' 'writereq' 'writeresp'>

State 134 <SV = 133> <Delay = 7.30>
ST_134 : Operation 412 [12/68] (7.30ns)   --->   "%gmem2_addr_resp = writeresp i1 @_ssdm_op_WriteResp.m_axi.i256P1A, i256 %gmem2_addr" [kernel.cpp:19]   --->   Operation 412 'writeresp' 'gmem2_addr_resp' <Predicate = true> <Delay = 7.30> <CoreInst = "m_axi">   --->   Core 111 'm_axi' <Latency = 3> <II = 1> <Delay = 1.00> <Adapter> <Opcode : 'read' 'write' 'readreq' 'writereq' 'writeresp'>

State 135 <SV = 134> <Delay = 7.30>
ST_135 : Operation 413 [11/68] (7.30ns)   --->   "%gmem2_addr_resp = writeresp i1 @_ssdm_op_WriteResp.m_axi.i256P1A, i256 %gmem2_addr" [kernel.cpp:19]   --->   Operation 413 'writeresp' 'gmem2_addr_resp' <Predicate = true> <Delay = 7.30> <CoreInst = "m_axi">   --->   Core 111 'm_axi' <Latency = 3> <II = 1> <Delay = 1.00> <Adapter> <Opcode : 'read' 'write' 'readreq' 'writereq' 'writeresp'>

State 136 <SV = 135> <Delay = 7.30>
ST_136 : Operation 414 [10/68] (7.30ns)   --->   "%gmem2_addr_resp = writeresp i1 @_ssdm_op_WriteResp.m_axi.i256P1A, i256 %gmem2_addr" [kernel.cpp:19]   --->   Operation 414 'writeresp' 'gmem2_addr_resp' <Predicate = true> <Delay = 7.30> <CoreInst = "m_axi">   --->   Core 111 'm_axi' <Latency = 3> <II = 1> <Delay = 1.00> <Adapter> <Opcode : 'read' 'write' 'readreq' 'writereq' 'writeresp'>

State 137 <SV = 136> <Delay = 7.30>
ST_137 : Operation 415 [9/68] (7.30ns)   --->   "%gmem2_addr_resp = writeresp i1 @_ssdm_op_WriteResp.m_axi.i256P1A, i256 %gmem2_addr" [kernel.cpp:19]   --->   Operation 415 'writeresp' 'gmem2_addr_resp' <Predicate = true> <Delay = 7.30> <CoreInst = "m_axi">   --->   Core 111 'm_axi' <Latency = 3> <II = 1> <Delay = 1.00> <Adapter> <Opcode : 'read' 'write' 'readreq' 'writereq' 'writeresp'>

State 138 <SV = 137> <Delay = 7.30>
ST_138 : Operation 416 [8/68] (7.30ns)   --->   "%gmem2_addr_resp = writeresp i1 @_ssdm_op_WriteResp.m_axi.i256P1A, i256 %gmem2_addr" [kernel.cpp:19]   --->   Operation 416 'writeresp' 'gmem2_addr_resp' <Predicate = true> <Delay = 7.30> <CoreInst = "m_axi">   --->   Core 111 'm_axi' <Latency = 3> <II = 1> <Delay = 1.00> <Adapter> <Opcode : 'read' 'write' 'readreq' 'writereq' 'writeresp'>

State 139 <SV = 138> <Delay = 7.30>
ST_139 : Operation 417 [7/68] (7.30ns)   --->   "%gmem2_addr_resp = writeresp i1 @_ssdm_op_WriteResp.m_axi.i256P1A, i256 %gmem2_addr" [kernel.cpp:19]   --->   Operation 417 'writeresp' 'gmem2_addr_resp' <Predicate = true> <Delay = 7.30> <CoreInst = "m_axi">   --->   Core 111 'm_axi' <Latency = 3> <II = 1> <Delay = 1.00> <Adapter> <Opcode : 'read' 'write' 'readreq' 'writereq' 'writeresp'>

State 140 <SV = 139> <Delay = 7.30>
ST_140 : Operation 418 [6/68] (7.30ns)   --->   "%gmem2_addr_resp = writeresp i1 @_ssdm_op_WriteResp.m_axi.i256P1A, i256 %gmem2_addr" [kernel.cpp:19]   --->   Operation 418 'writeresp' 'gmem2_addr_resp' <Predicate = true> <Delay = 7.30> <CoreInst = "m_axi">   --->   Core 111 'm_axi' <Latency = 3> <II = 1> <Delay = 1.00> <Adapter> <Opcode : 'read' 'write' 'readreq' 'writereq' 'writeresp'>

State 141 <SV = 140> <Delay = 7.30>
ST_141 : Operation 419 [5/68] (7.30ns)   --->   "%gmem2_addr_resp = writeresp i1 @_ssdm_op_WriteResp.m_axi.i256P1A, i256 %gmem2_addr" [kernel.cpp:19]   --->   Operation 419 'writeresp' 'gmem2_addr_resp' <Predicate = true> <Delay = 7.30> <CoreInst = "m_axi">   --->   Core 111 'm_axi' <Latency = 3> <II = 1> <Delay = 1.00> <Adapter> <Opcode : 'read' 'write' 'readreq' 'writereq' 'writeresp'>

State 142 <SV = 141> <Delay = 7.30>
ST_142 : Operation 420 [4/68] (7.30ns)   --->   "%gmem2_addr_resp = writeresp i1 @_ssdm_op_WriteResp.m_axi.i256P1A, i256 %gmem2_addr" [kernel.cpp:19]   --->   Operation 420 'writeresp' 'gmem2_addr_resp' <Predicate = true> <Delay = 7.30> <CoreInst = "m_axi">   --->   Core 111 'm_axi' <Latency = 3> <II = 1> <Delay = 1.00> <Adapter> <Opcode : 'read' 'write' 'readreq' 'writereq' 'writeresp'>

State 143 <SV = 142> <Delay = 7.30>
ST_143 : Operation 421 [3/68] (7.30ns)   --->   "%gmem2_addr_resp = writeresp i1 @_ssdm_op_WriteResp.m_axi.i256P1A, i256 %gmem2_addr" [kernel.cpp:19]   --->   Operation 421 'writeresp' 'gmem2_addr_resp' <Predicate = true> <Delay = 7.30> <CoreInst = "m_axi">   --->   Core 111 'm_axi' <Latency = 3> <II = 1> <Delay = 1.00> <Adapter> <Opcode : 'read' 'write' 'readreq' 'writereq' 'writeresp'>

State 144 <SV = 143> <Delay = 7.30>
ST_144 : Operation 422 [2/68] (7.30ns)   --->   "%gmem2_addr_resp = writeresp i1 @_ssdm_op_WriteResp.m_axi.i256P1A, i256 %gmem2_addr" [kernel.cpp:19]   --->   Operation 422 'writeresp' 'gmem2_addr_resp' <Predicate = true> <Delay = 7.30> <CoreInst = "m_axi">   --->   Core 111 'm_axi' <Latency = 3> <II = 1> <Delay = 1.00> <Adapter> <Opcode : 'read' 'write' 'readreq' 'writereq' 'writeresp'>

State 145 <SV = 144> <Delay = 7.30>
ST_145 : Operation 423 [1/68] (7.30ns)   --->   "%gmem2_addr_resp = writeresp i1 @_ssdm_op_WriteResp.m_axi.i256P1A, i256 %gmem2_addr" [kernel.cpp:19]   --->   Operation 423 'writeresp' 'gmem2_addr_resp' <Predicate = true> <Delay = 7.30> <CoreInst = "m_axi">   --->   Core 111 'm_axi' <Latency = 3> <II = 1> <Delay = 1.00> <Adapter> <Opcode : 'read' 'write' 'readreq' 'writereq' 'writeresp'>
ST_145 : Operation 424 [1/1] (0.00ns)   --->   "%ret_ln19 = ret" [kernel.cpp:19]   --->   Operation 424 'ret' 'ret_ln19' <Predicate = true> <Delay = 0.00>


============================================================
+ Verbose Summary: Timing violations
============================================================
Target clock period: 10.000ns, clock uncertainty: 2.700ns.

 <State 1>: 1.588ns
The critical path consists of the following:
	'alloca' operation 249 bit ('shiftreg104') [10]  (0.000 ns)
	'store' operation 0 bit ('store_ln0') of constant 0 on local variable 'shiftreg104' [39]  (1.588 ns)

 <State 2>: 7.300ns
The critical path consists of the following:
	'getelementptr' operation 128 bit ('gmem0_addr', kernel.cpp:15) [31]  (0.000 ns)
	bus request operation ('gmem0_load_req', kernel.cpp:15) on port 'gmem0' (kernel.cpp:15) [32]  (7.300 ns)

 <State 3>: 7.300ns
The critical path consists of the following:
	bus request operation ('gmem0_load_req', kernel.cpp:15) on port 'gmem0' (kernel.cpp:15) [32]  (7.300 ns)

 <State 4>: 7.300ns
The critical path consists of the following:
	bus request operation ('gmem0_load_req', kernel.cpp:15) on port 'gmem0' (kernel.cpp:15) [32]  (7.300 ns)

 <State 5>: 7.300ns
The critical path consists of the following:
	bus request operation ('gmem0_load_req', kernel.cpp:15) on port 'gmem0' (kernel.cpp:15) [32]  (7.300 ns)

 <State 6>: 7.300ns
The critical path consists of the following:
	bus request operation ('gmem0_load_req', kernel.cpp:15) on port 'gmem0' (kernel.cpp:15) [32]  (7.300 ns)

 <State 7>: 7.300ns
The critical path consists of the following:
	bus request operation ('gmem0_load_req', kernel.cpp:15) on port 'gmem0' (kernel.cpp:15) [32]  (7.300 ns)

 <State 8>: 7.300ns
The critical path consists of the following:
	bus request operation ('gmem0_load_req', kernel.cpp:15) on port 'gmem0' (kernel.cpp:15) [32]  (7.300 ns)

 <State 9>: 7.300ns
The critical path consists of the following:
	bus request operation ('gmem0_load_req', kernel.cpp:15) on port 'gmem0' (kernel.cpp:15) [32]  (7.300 ns)

 <State 10>: 7.300ns
The critical path consists of the following:
	bus request operation ('gmem0_load_req', kernel.cpp:15) on port 'gmem0' (kernel.cpp:15) [32]  (7.300 ns)

 <State 11>: 7.300ns
The critical path consists of the following:
	bus request operation ('gmem0_load_req', kernel.cpp:15) on port 'gmem0' (kernel.cpp:15) [32]  (7.300 ns)

 <State 12>: 7.300ns
The critical path consists of the following:
	bus request operation ('gmem0_load_req', kernel.cpp:15) on port 'gmem0' (kernel.cpp:15) [32]  (7.300 ns)

 <State 13>: 7.300ns
The critical path consists of the following:
	bus request operation ('gmem0_load_req', kernel.cpp:15) on port 'gmem0' (kernel.cpp:15) [32]  (7.300 ns)

 <State 14>: 7.300ns
The critical path consists of the following:
	bus request operation ('gmem0_load_req', kernel.cpp:15) on port 'gmem0' (kernel.cpp:15) [32]  (7.300 ns)

 <State 15>: 7.300ns
The critical path consists of the following:
	bus request operation ('gmem0_load_req', kernel.cpp:15) on port 'gmem0' (kernel.cpp:15) [32]  (7.300 ns)

 <State 16>: 7.300ns
The critical path consists of the following:
	bus request operation ('gmem0_load_req', kernel.cpp:15) on port 'gmem0' (kernel.cpp:15) [32]  (7.300 ns)

 <State 17>: 7.300ns
The critical path consists of the following:
	bus request operation ('gmem0_load_req', kernel.cpp:15) on port 'gmem0' (kernel.cpp:15) [32]  (7.300 ns)

 <State 18>: 7.300ns
The critical path consists of the following:
	bus request operation ('gmem0_load_req', kernel.cpp:15) on port 'gmem0' (kernel.cpp:15) [32]  (7.300 ns)

 <State 19>: 7.300ns
The critical path consists of the following:
	bus request operation ('gmem0_load_req', kernel.cpp:15) on port 'gmem0' (kernel.cpp:15) [32]  (7.300 ns)

 <State 20>: 7.300ns
The critical path consists of the following:
	bus request operation ('gmem0_load_req', kernel.cpp:15) on port 'gmem0' (kernel.cpp:15) [32]  (7.300 ns)

 <State 21>: 7.300ns
The critical path consists of the following:
	bus request operation ('gmem0_load_req', kernel.cpp:15) on port 'gmem0' (kernel.cpp:15) [32]  (7.300 ns)

 <State 22>: 7.300ns
The critical path consists of the following:
	bus request operation ('gmem0_load_req', kernel.cpp:15) on port 'gmem0' (kernel.cpp:15) [32]  (7.300 ns)

 <State 23>: 7.300ns
The critical path consists of the following:
	bus request operation ('gmem0_load_req', kernel.cpp:15) on port 'gmem0' (kernel.cpp:15) [32]  (7.300 ns)

 <State 24>: 7.300ns
The critical path consists of the following:
	bus request operation ('gmem0_load_req', kernel.cpp:15) on port 'gmem0' (kernel.cpp:15) [32]  (7.300 ns)

 <State 25>: 7.300ns
The critical path consists of the following:
	bus request operation ('gmem0_load_req', kernel.cpp:15) on port 'gmem0' (kernel.cpp:15) [32]  (7.300 ns)

 <State 26>: 7.300ns
The critical path consists of the following:
	bus request operation ('gmem0_load_req', kernel.cpp:15) on port 'gmem0' (kernel.cpp:15) [32]  (7.300 ns)

 <State 27>: 7.300ns
The critical path consists of the following:
	bus request operation ('gmem0_load_req', kernel.cpp:15) on port 'gmem0' (kernel.cpp:15) [32]  (7.300 ns)

 <State 28>: 7.300ns
The critical path consists of the following:
	bus request operation ('gmem0_load_req', kernel.cpp:15) on port 'gmem0' (kernel.cpp:15) [32]  (7.300 ns)

 <State 29>: 7.300ns
The critical path consists of the following:
	bus request operation ('gmem0_load_req', kernel.cpp:15) on port 'gmem0' (kernel.cpp:15) [32]  (7.300 ns)

 <State 30>: 7.300ns
The critical path consists of the following:
	bus request operation ('gmem0_load_req', kernel.cpp:15) on port 'gmem0' (kernel.cpp:15) [32]  (7.300 ns)

 <State 31>: 7.300ns
The critical path consists of the following:
	bus request operation ('gmem0_load_req', kernel.cpp:15) on port 'gmem0' (kernel.cpp:15) [32]  (7.300 ns)

 <State 32>: 7.300ns
The critical path consists of the following:
	bus request operation ('gmem0_load_req', kernel.cpp:15) on port 'gmem0' (kernel.cpp:15) [32]  (7.300 ns)

 <State 33>: 7.300ns
The critical path consists of the following:
	bus request operation ('gmem0_load_req', kernel.cpp:15) on port 'gmem0' (kernel.cpp:15) [32]  (7.300 ns)

 <State 34>: 7.300ns
The critical path consists of the following:
	bus request operation ('gmem0_load_req', kernel.cpp:15) on port 'gmem0' (kernel.cpp:15) [32]  (7.300 ns)

 <State 35>: 7.300ns
The critical path consists of the following:
	bus request operation ('gmem0_load_req', kernel.cpp:15) on port 'gmem0' (kernel.cpp:15) [32]  (7.300 ns)

 <State 36>: 7.300ns
The critical path consists of the following:
	bus request operation ('gmem0_load_req', kernel.cpp:15) on port 'gmem0' (kernel.cpp:15) [32]  (7.300 ns)

 <State 37>: 7.300ns
The critical path consists of the following:
	bus request operation ('gmem0_load_req', kernel.cpp:15) on port 'gmem0' (kernel.cpp:15) [32]  (7.300 ns)

 <State 38>: 7.300ns
The critical path consists of the following:
	bus request operation ('gmem0_load_req', kernel.cpp:15) on port 'gmem0' (kernel.cpp:15) [32]  (7.300 ns)

 <State 39>: 7.300ns
The critical path consists of the following:
	bus request operation ('gmem0_load_req', kernel.cpp:15) on port 'gmem0' (kernel.cpp:15) [32]  (7.300 ns)

 <State 40>: 7.300ns
The critical path consists of the following:
	bus request operation ('gmem0_load_req', kernel.cpp:15) on port 'gmem0' (kernel.cpp:15) [32]  (7.300 ns)

 <State 41>: 7.300ns
The critical path consists of the following:
	bus request operation ('gmem0_load_req', kernel.cpp:15) on port 'gmem0' (kernel.cpp:15) [32]  (7.300 ns)

 <State 42>: 7.300ns
The critical path consists of the following:
	bus request operation ('gmem0_load_req', kernel.cpp:15) on port 'gmem0' (kernel.cpp:15) [32]  (7.300 ns)

 <State 43>: 7.300ns
The critical path consists of the following:
	bus request operation ('gmem0_load_req', kernel.cpp:15) on port 'gmem0' (kernel.cpp:15) [32]  (7.300 ns)

 <State 44>: 7.300ns
The critical path consists of the following:
	bus request operation ('gmem0_load_req', kernel.cpp:15) on port 'gmem0' (kernel.cpp:15) [32]  (7.300 ns)

 <State 45>: 7.300ns
The critical path consists of the following:
	bus request operation ('gmem0_load_req', kernel.cpp:15) on port 'gmem0' (kernel.cpp:15) [32]  (7.300 ns)

 <State 46>: 7.300ns
The critical path consists of the following:
	bus request operation ('gmem0_load_req', kernel.cpp:15) on port 'gmem0' (kernel.cpp:15) [32]  (7.300 ns)

 <State 47>: 7.300ns
The critical path consists of the following:
	bus request operation ('gmem0_load_req', kernel.cpp:15) on port 'gmem0' (kernel.cpp:15) [32]  (7.300 ns)

 <State 48>: 7.300ns
The critical path consists of the following:
	bus request operation ('gmem0_load_req', kernel.cpp:15) on port 'gmem0' (kernel.cpp:15) [32]  (7.300 ns)

 <State 49>: 7.300ns
The critical path consists of the following:
	bus request operation ('gmem0_load_req', kernel.cpp:15) on port 'gmem0' (kernel.cpp:15) [32]  (7.300 ns)

 <State 50>: 7.300ns
The critical path consists of the following:
	bus request operation ('gmem0_load_req', kernel.cpp:15) on port 'gmem0' (kernel.cpp:15) [32]  (7.300 ns)

 <State 51>: 7.300ns
The critical path consists of the following:
	bus request operation ('gmem0_load_req', kernel.cpp:15) on port 'gmem0' (kernel.cpp:15) [32]  (7.300 ns)

 <State 52>: 7.300ns
The critical path consists of the following:
	bus request operation ('gmem0_load_req', kernel.cpp:15) on port 'gmem0' (kernel.cpp:15) [32]  (7.300 ns)

 <State 53>: 7.300ns
The critical path consists of the following:
	bus request operation ('gmem0_load_req', kernel.cpp:15) on port 'gmem0' (kernel.cpp:15) [32]  (7.300 ns)

 <State 54>: 7.300ns
The critical path consists of the following:
	bus request operation ('gmem0_load_req', kernel.cpp:15) on port 'gmem0' (kernel.cpp:15) [32]  (7.300 ns)

 <State 55>: 7.300ns
The critical path consists of the following:
	bus request operation ('gmem0_load_req', kernel.cpp:15) on port 'gmem0' (kernel.cpp:15) [32]  (7.300 ns)

 <State 56>: 7.300ns
The critical path consists of the following:
	bus request operation ('gmem0_load_req', kernel.cpp:15) on port 'gmem0' (kernel.cpp:15) [32]  (7.300 ns)

 <State 57>: 7.300ns
The critical path consists of the following:
	bus request operation ('gmem0_load_req', kernel.cpp:15) on port 'gmem0' (kernel.cpp:15) [32]  (7.300 ns)

 <State 58>: 7.300ns
The critical path consists of the following:
	bus request operation ('gmem0_load_req', kernel.cpp:15) on port 'gmem0' (kernel.cpp:15) [32]  (7.300 ns)

 <State 59>: 7.300ns
The critical path consists of the following:
	bus request operation ('gmem0_load_req', kernel.cpp:15) on port 'gmem0' (kernel.cpp:15) [32]  (7.300 ns)

 <State 60>: 7.300ns
The critical path consists of the following:
	bus request operation ('gmem0_load_req', kernel.cpp:15) on port 'gmem0' (kernel.cpp:15) [32]  (7.300 ns)

 <State 61>: 7.300ns
The critical path consists of the following:
	bus request operation ('gmem0_load_req', kernel.cpp:15) on port 'gmem0' (kernel.cpp:15) [32]  (7.300 ns)

 <State 62>: 7.300ns
The critical path consists of the following:
	bus request operation ('gmem0_load_req', kernel.cpp:15) on port 'gmem0' (kernel.cpp:15) [32]  (7.300 ns)

 <State 63>: 7.300ns
The critical path consists of the following:
	bus request operation ('gmem0_load_req', kernel.cpp:15) on port 'gmem0' (kernel.cpp:15) [32]  (7.300 ns)

 <State 64>: 7.300ns
The critical path consists of the following:
	bus request operation ('gmem0_load_req', kernel.cpp:15) on port 'gmem0' (kernel.cpp:15) [32]  (7.300 ns)

 <State 65>: 7.300ns
The critical path consists of the following:
	bus request operation ('gmem0_load_req', kernel.cpp:15) on port 'gmem0' (kernel.cpp:15) [32]  (7.300 ns)

 <State 66>: 7.300ns
The critical path consists of the following:
	bus request operation ('gmem0_load_req', kernel.cpp:15) on port 'gmem0' (kernel.cpp:15) [32]  (7.300 ns)

 <State 67>: 7.300ns
The critical path consists of the following:
	bus request operation ('gmem0_load_req', kernel.cpp:15) on port 'gmem0' (kernel.cpp:15) [32]  (7.300 ns)

 <State 68>: 7.300ns
The critical path consists of the following:
	bus request operation ('gmem0_load_req', kernel.cpp:15) on port 'gmem0' (kernel.cpp:15) [32]  (7.300 ns)

 <State 69>: 7.300ns
The critical path consists of the following:
	bus request operation ('gmem0_load_req', kernel.cpp:15) on port 'gmem0' (kernel.cpp:15) [32]  (7.300 ns)

 <State 70>: 7.300ns
The critical path consists of the following:
	bus request operation ('gmem0_load_req', kernel.cpp:15) on port 'gmem0' (kernel.cpp:15) [32]  (7.300 ns)

 <State 71>: 7.300ns
The critical path consists of the following:
	bus request operation ('gmem0_load_req', kernel.cpp:15) on port 'gmem0' (kernel.cpp:15) [32]  (7.300 ns)

 <State 72>: 7.300ns
The critical path consists of the following:
	bus request operation ('gmem0_load_req', kernel.cpp:15) on port 'gmem0' (kernel.cpp:15) [32]  (7.300 ns)

 <State 73>: 7.300ns
The critical path consists of the following:
	bus read operation ('gmem0_addr_read', kernel.cpp:15) on port 'gmem0' (kernel.cpp:15) [33]  (7.300 ns)

 <State 74>: 1.588ns
The critical path consists of the following:
	'store' operation 0 bit ('store_ln15', kernel.cpp:15) of variable 'gmem1_addr_read', kernel.cpp:15 on local variable 'shiftreg83' [40]  (1.588 ns)

 <State 75>: 3.503ns
The critical path consists of the following:
	'load' operation 128 bit ('shiftreg2_load', kernel.cpp:17) on local variable 'shiftreg2' [46]  (0.000 ns)
	'add' operation 9 bit ('add_ln17', kernel.cpp:17) [60]  (1.915 ns)
	'store' operation 0 bit ('store_ln17', kernel.cpp:17) of variable 'tmp', kernel.cpp:17 on local variable 'shiftreg104' [66]  (1.588 ns)

 <State 76>: 7.300ns
The critical path consists of the following:
	'getelementptr' operation 256 bit ('gmem2_addr', kernel.cpp:19) [76]  (0.000 ns)
	bus request operation ('gmem2_addr_req', kernel.cpp:19) on port 'gmem2' (kernel.cpp:19) [77]  (7.300 ns)

 <State 77>: 7.300ns
The critical path consists of the following:
	bus write operation ('write_ln19', kernel.cpp:19) on port 'gmem2' (kernel.cpp:19) [78]  (7.300 ns)

 <State 78>: 7.300ns
The critical path consists of the following:
	bus response operation ('gmem2_addr_resp', kernel.cpp:19) on port 'gmem2' (kernel.cpp:19) [79]  (7.300 ns)

 <State 79>: 7.300ns
The critical path consists of the following:
	bus response operation ('gmem2_addr_resp', kernel.cpp:19) on port 'gmem2' (kernel.cpp:19) [79]  (7.300 ns)

 <State 80>: 7.300ns
The critical path consists of the following:
	bus response operation ('gmem2_addr_resp', kernel.cpp:19) on port 'gmem2' (kernel.cpp:19) [79]  (7.300 ns)

 <State 81>: 7.300ns
The critical path consists of the following:
	bus response operation ('gmem2_addr_resp', kernel.cpp:19) on port 'gmem2' (kernel.cpp:19) [79]  (7.300 ns)

 <State 82>: 7.300ns
The critical path consists of the following:
	bus response operation ('gmem2_addr_resp', kernel.cpp:19) on port 'gmem2' (kernel.cpp:19) [79]  (7.300 ns)

 <State 83>: 7.300ns
The critical path consists of the following:
	bus response operation ('gmem2_addr_resp', kernel.cpp:19) on port 'gmem2' (kernel.cpp:19) [79]  (7.300 ns)

 <State 84>: 7.300ns
The critical path consists of the following:
	bus response operation ('gmem2_addr_resp', kernel.cpp:19) on port 'gmem2' (kernel.cpp:19) [79]  (7.300 ns)

 <State 85>: 7.300ns
The critical path consists of the following:
	bus response operation ('gmem2_addr_resp', kernel.cpp:19) on port 'gmem2' (kernel.cpp:19) [79]  (7.300 ns)

 <State 86>: 7.300ns
The critical path consists of the following:
	bus response operation ('gmem2_addr_resp', kernel.cpp:19) on port 'gmem2' (kernel.cpp:19) [79]  (7.300 ns)

 <State 87>: 7.300ns
The critical path consists of the following:
	bus response operation ('gmem2_addr_resp', kernel.cpp:19) on port 'gmem2' (kernel.cpp:19) [79]  (7.300 ns)

 <State 88>: 7.300ns
The critical path consists of the following:
	bus response operation ('gmem2_addr_resp', kernel.cpp:19) on port 'gmem2' (kernel.cpp:19) [79]  (7.300 ns)

 <State 89>: 7.300ns
The critical path consists of the following:
	bus response operation ('gmem2_addr_resp', kernel.cpp:19) on port 'gmem2' (kernel.cpp:19) [79]  (7.300 ns)

 <State 90>: 7.300ns
The critical path consists of the following:
	bus response operation ('gmem2_addr_resp', kernel.cpp:19) on port 'gmem2' (kernel.cpp:19) [79]  (7.300 ns)

 <State 91>: 7.300ns
The critical path consists of the following:
	bus response operation ('gmem2_addr_resp', kernel.cpp:19) on port 'gmem2' (kernel.cpp:19) [79]  (7.300 ns)

 <State 92>: 7.300ns
The critical path consists of the following:
	bus response operation ('gmem2_addr_resp', kernel.cpp:19) on port 'gmem2' (kernel.cpp:19) [79]  (7.300 ns)

 <State 93>: 7.300ns
The critical path consists of the following:
	bus response operation ('gmem2_addr_resp', kernel.cpp:19) on port 'gmem2' (kernel.cpp:19) [79]  (7.300 ns)

 <State 94>: 7.300ns
The critical path consists of the following:
	bus response operation ('gmem2_addr_resp', kernel.cpp:19) on port 'gmem2' (kernel.cpp:19) [79]  (7.300 ns)

 <State 95>: 7.300ns
The critical path consists of the following:
	bus response operation ('gmem2_addr_resp', kernel.cpp:19) on port 'gmem2' (kernel.cpp:19) [79]  (7.300 ns)

 <State 96>: 7.300ns
The critical path consists of the following:
	bus response operation ('gmem2_addr_resp', kernel.cpp:19) on port 'gmem2' (kernel.cpp:19) [79]  (7.300 ns)

 <State 97>: 7.300ns
The critical path consists of the following:
	bus response operation ('gmem2_addr_resp', kernel.cpp:19) on port 'gmem2' (kernel.cpp:19) [79]  (7.300 ns)

 <State 98>: 7.300ns
The critical path consists of the following:
	bus response operation ('gmem2_addr_resp', kernel.cpp:19) on port 'gmem2' (kernel.cpp:19) [79]  (7.300 ns)

 <State 99>: 7.300ns
The critical path consists of the following:
	bus response operation ('gmem2_addr_resp', kernel.cpp:19) on port 'gmem2' (kernel.cpp:19) [79]  (7.300 ns)

 <State 100>: 7.300ns
The critical path consists of the following:
	bus response operation ('gmem2_addr_resp', kernel.cpp:19) on port 'gmem2' (kernel.cpp:19) [79]  (7.300 ns)

 <State 101>: 7.300ns
The critical path consists of the following:
	bus response operation ('gmem2_addr_resp', kernel.cpp:19) on port 'gmem2' (kernel.cpp:19) [79]  (7.300 ns)

 <State 102>: 7.300ns
The critical path consists of the following:
	bus response operation ('gmem2_addr_resp', kernel.cpp:19) on port 'gmem2' (kernel.cpp:19) [79]  (7.300 ns)

 <State 103>: 7.300ns
The critical path consists of the following:
	bus response operation ('gmem2_addr_resp', kernel.cpp:19) on port 'gmem2' (kernel.cpp:19) [79]  (7.300 ns)

 <State 104>: 7.300ns
The critical path consists of the following:
	bus response operation ('gmem2_addr_resp', kernel.cpp:19) on port 'gmem2' (kernel.cpp:19) [79]  (7.300 ns)

 <State 105>: 7.300ns
The critical path consists of the following:
	bus response operation ('gmem2_addr_resp', kernel.cpp:19) on port 'gmem2' (kernel.cpp:19) [79]  (7.300 ns)

 <State 106>: 7.300ns
The critical path consists of the following:
	bus response operation ('gmem2_addr_resp', kernel.cpp:19) on port 'gmem2' (kernel.cpp:19) [79]  (7.300 ns)

 <State 107>: 7.300ns
The critical path consists of the following:
	bus response operation ('gmem2_addr_resp', kernel.cpp:19) on port 'gmem2' (kernel.cpp:19) [79]  (7.300 ns)

 <State 108>: 7.300ns
The critical path consists of the following:
	bus response operation ('gmem2_addr_resp', kernel.cpp:19) on port 'gmem2' (kernel.cpp:19) [79]  (7.300 ns)

 <State 109>: 7.300ns
The critical path consists of the following:
	bus response operation ('gmem2_addr_resp', kernel.cpp:19) on port 'gmem2' (kernel.cpp:19) [79]  (7.300 ns)

 <State 110>: 7.300ns
The critical path consists of the following:
	bus response operation ('gmem2_addr_resp', kernel.cpp:19) on port 'gmem2' (kernel.cpp:19) [79]  (7.300 ns)

 <State 111>: 7.300ns
The critical path consists of the following:
	bus response operation ('gmem2_addr_resp', kernel.cpp:19) on port 'gmem2' (kernel.cpp:19) [79]  (7.300 ns)

 <State 112>: 7.300ns
The critical path consists of the following:
	bus response operation ('gmem2_addr_resp', kernel.cpp:19) on port 'gmem2' (kernel.cpp:19) [79]  (7.300 ns)

 <State 113>: 7.300ns
The critical path consists of the following:
	bus response operation ('gmem2_addr_resp', kernel.cpp:19) on port 'gmem2' (kernel.cpp:19) [79]  (7.300 ns)

 <State 114>: 7.300ns
The critical path consists of the following:
	bus response operation ('gmem2_addr_resp', kernel.cpp:19) on port 'gmem2' (kernel.cpp:19) [79]  (7.300 ns)

 <State 115>: 7.300ns
The critical path consists of the following:
	bus response operation ('gmem2_addr_resp', kernel.cpp:19) on port 'gmem2' (kernel.cpp:19) [79]  (7.300 ns)

 <State 116>: 7.300ns
The critical path consists of the following:
	bus response operation ('gmem2_addr_resp', kernel.cpp:19) on port 'gmem2' (kernel.cpp:19) [79]  (7.300 ns)

 <State 117>: 7.300ns
The critical path consists of the following:
	bus response operation ('gmem2_addr_resp', kernel.cpp:19) on port 'gmem2' (kernel.cpp:19) [79]  (7.300 ns)

 <State 118>: 7.300ns
The critical path consists of the following:
	bus response operation ('gmem2_addr_resp', kernel.cpp:19) on port 'gmem2' (kernel.cpp:19) [79]  (7.300 ns)

 <State 119>: 7.300ns
The critical path consists of the following:
	bus response operation ('gmem2_addr_resp', kernel.cpp:19) on port 'gmem2' (kernel.cpp:19) [79]  (7.300 ns)

 <State 120>: 7.300ns
The critical path consists of the following:
	bus response operation ('gmem2_addr_resp', kernel.cpp:19) on port 'gmem2' (kernel.cpp:19) [79]  (7.300 ns)

 <State 121>: 7.300ns
The critical path consists of the following:
	bus response operation ('gmem2_addr_resp', kernel.cpp:19) on port 'gmem2' (kernel.cpp:19) [79]  (7.300 ns)

 <State 122>: 7.300ns
The critical path consists of the following:
	bus response operation ('gmem2_addr_resp', kernel.cpp:19) on port 'gmem2' (kernel.cpp:19) [79]  (7.300 ns)

 <State 123>: 7.300ns
The critical path consists of the following:
	bus response operation ('gmem2_addr_resp', kernel.cpp:19) on port 'gmem2' (kernel.cpp:19) [79]  (7.300 ns)

 <State 124>: 7.300ns
The critical path consists of the following:
	bus response operation ('gmem2_addr_resp', kernel.cpp:19) on port 'gmem2' (kernel.cpp:19) [79]  (7.300 ns)

 <State 125>: 7.300ns
The critical path consists of the following:
	bus response operation ('gmem2_addr_resp', kernel.cpp:19) on port 'gmem2' (kernel.cpp:19) [79]  (7.300 ns)

 <State 126>: 7.300ns
The critical path consists of the following:
	bus response operation ('gmem2_addr_resp', kernel.cpp:19) on port 'gmem2' (kernel.cpp:19) [79]  (7.300 ns)

 <State 127>: 7.300ns
The critical path consists of the following:
	bus response operation ('gmem2_addr_resp', kernel.cpp:19) on port 'gmem2' (kernel.cpp:19) [79]  (7.300 ns)

 <State 128>: 7.300ns
The critical path consists of the following:
	bus response operation ('gmem2_addr_resp', kernel.cpp:19) on port 'gmem2' (kernel.cpp:19) [79]  (7.300 ns)

 <State 129>: 7.300ns
The critical path consists of the following:
	bus response operation ('gmem2_addr_resp', kernel.cpp:19) on port 'gmem2' (kernel.cpp:19) [79]  (7.300 ns)

 <State 130>: 7.300ns
The critical path consists of the following:
	bus response operation ('gmem2_addr_resp', kernel.cpp:19) on port 'gmem2' (kernel.cpp:19) [79]  (7.300 ns)

 <State 131>: 7.300ns
The critical path consists of the following:
	bus response operation ('gmem2_addr_resp', kernel.cpp:19) on port 'gmem2' (kernel.cpp:19) [79]  (7.300 ns)

 <State 132>: 7.300ns
The critical path consists of the following:
	bus response operation ('gmem2_addr_resp', kernel.cpp:19) on port 'gmem2' (kernel.cpp:19) [79]  (7.300 ns)

 <State 133>: 7.300ns
The critical path consists of the following:
	bus response operation ('gmem2_addr_resp', kernel.cpp:19) on port 'gmem2' (kernel.cpp:19) [79]  (7.300 ns)

 <State 134>: 7.300ns
The critical path consists of the following:
	bus response operation ('gmem2_addr_resp', kernel.cpp:19) on port 'gmem2' (kernel.cpp:19) [79]  (7.300 ns)

 <State 135>: 7.300ns
The critical path consists of the following:
	bus response operation ('gmem2_addr_resp', kernel.cpp:19) on port 'gmem2' (kernel.cpp:19) [79]  (7.300 ns)

 <State 136>: 7.300ns
The critical path consists of the following:
	bus response operation ('gmem2_addr_resp', kernel.cpp:19) on port 'gmem2' (kernel.cpp:19) [79]  (7.300 ns)

 <State 137>: 7.300ns
The critical path consists of the following:
	bus response operation ('gmem2_addr_resp', kernel.cpp:19) on port 'gmem2' (kernel.cpp:19) [79]  (7.300 ns)

 <State 138>: 7.300ns
The critical path consists of the following:
	bus response operation ('gmem2_addr_resp', kernel.cpp:19) on port 'gmem2' (kernel.cpp:19) [79]  (7.300 ns)

 <State 139>: 7.300ns
The critical path consists of the following:
	bus response operation ('gmem2_addr_resp', kernel.cpp:19) on port 'gmem2' (kernel.cpp:19) [79]  (7.300 ns)

 <State 140>: 7.300ns
The critical path consists of the following:
	bus response operation ('gmem2_addr_resp', kernel.cpp:19) on port 'gmem2' (kernel.cpp:19) [79]  (7.300 ns)

 <State 141>: 7.300ns
The critical path consists of the following:
	bus response operation ('gmem2_addr_resp', kernel.cpp:19) on port 'gmem2' (kernel.cpp:19) [79]  (7.300 ns)

 <State 142>: 7.300ns
The critical path consists of the following:
	bus response operation ('gmem2_addr_resp', kernel.cpp:19) on port 'gmem2' (kernel.cpp:19) [79]  (7.300 ns)

 <State 143>: 7.300ns
The critical path consists of the following:
	bus response operation ('gmem2_addr_resp', kernel.cpp:19) on port 'gmem2' (kernel.cpp:19) [79]  (7.300 ns)

 <State 144>: 7.300ns
The critical path consists of the following:
	bus response operation ('gmem2_addr_resp', kernel.cpp:19) on port 'gmem2' (kernel.cpp:19) [79]  (7.300 ns)

 <State 145>: 7.300ns
The critical path consists of the following:
	bus response operation ('gmem2_addr_resp', kernel.cpp:19) on port 'gmem2' (kernel.cpp:19) [79]  (7.300 ns)


============================================================
+ Verbose Summary: Binding
============================================================
N/A
* FSMD analyzer results:
  - Output states:
 - Input state : 
  - Chain level:
	State 1
	State 2
	State 3
	State 4
	State 5
	State 6
	State 7
	State 8
	State 9
	State 10
	State 11
	State 12
	State 13
	State 14
	State 15
	State 16
	State 17
	State 18
	State 19
	State 20
	State 21
	State 22
	State 23
	State 24
	State 25
	State 26
	State 27
	State 28
	State 29
	State 30
	State 31
	State 32
	State 33
	State 34
	State 35
	State 36
	State 37
	State 38
	State 39
	State 40
	State 41
	State 42
	State 43
	State 44
	State 45
	State 46
	State 47
	State 48
	State 49
	State 50
	State 51
	State 52
	State 53
	State 54
	State 55
	State 56
	State 57
	State 58
	State 59
	State 60
	State 61
	State 62
	State 63
	State 64
	State 65
	State 66
	State 67
	State 68
	State 69
	State 70
	State 71
	State 72
	State 73
	State 74
	State 75
	State 76
	State 77
	State 78
	State 79
	State 80
	State 81
	State 82
	State 83
	State 84
	State 85
	State 86
	State 87
	State 88
	State 89
	State 90
	State 91
	State 92
	State 93
	State 94
	State 95
	State 96
	State 97
	State 98
	State 99
	State 100
	State 101
	State 102
	State 103
	State 104
	State 105
	State 106
	State 107
	State 108
	State 109
	State 110
	State 111
	State 112
	State 113
	State 114
	State 115
	State 116
	State 117
	State 118
	State 119
	State 120
	State 121
	State 122
	State 123
	State 124
	State 125
	State 126
	State 127
	State 128
	State 129
	State 130
	State 131
	State 132
	State 133
	State 134
	State 135
	State 136
	State 137
	State 138
	State 139
	State 140
	State 141
	State 142
	State 143
	State 144
	State 145


============================================================
+ Verbose Summary: Datapath Resource usage 
============================================================
N/A
