

================================================================
== Vitis HLS Report for 'kernel'
================================================================
* Date:           Thu Mar 19 04:14:58 2026

* Version:        2025.1 (Build 6135595 on May 21 2025)
* Project:        work
* Solution:       hls (Vitis Kernel Flow Target)
* Product family: virtexuplus
* Target device:  xcu200-fsgd2104-2-e


================================================================
== Performance Estimates
================================================================
+ Timing: 
    * Summary: 
    +--------+---------+----------+------------+
    |  Clock |  Target | Estimated| Uncertainty|
    +--------+---------+----------+------------+
    |ap_clk  |  5.00 ns|  3.650 ns|     1.35 ns|
    +--------+---------+----------+------------+

+ Latency: 
    * Summary: 
    +---------+---------+----------+----------+-----+-----+---------+
    |  Latency (cycles) |  Latency (absolute) |  Interval | Pipeline|
    |   min   |   max   |    min   |    max   | min | max |   Type  |
    +---------+---------+----------+----------+-----+-----+---------+
    |      142|      142|  0.710 us|  0.710 us|  143|  143|       no|
    +---------+---------+----------+----------+-----+-----+---------+

    + Detail: 
        * Instance: 
        N/A

        * Loop: 
        N/A

============================================================
+ Verbose Summary: Synthesis Manager
============================================================
InlineROM: 1
ExposeGlobal: 0
============================================================
+ Verbose Summary: CDFG Model
============================================================
IsTopModel: 1
ResetActiveHigh: 1
IsCombinational: 0
IsDatapathOnly: 0
HasWiredReturn: 1
HasMFsm: 0
HasVarLatency: 1
IsPipeline: 0
IsRtlPipelined: 0
IsInstanceOverlapped: 0
IsDontTouch: 0
HasImplIP: 0
IsGatedGlobalClock: 0


============================================================
+ Verbose Summary: Schedule
============================================================
* Number of FSM states : 143
* Pipeline : 0
* Dataflow Pipeline: 0

* FSM state transitions: 
1 --> 2 
2 --> 3 
3 --> 4 
4 --> 5 
5 --> 6 
6 --> 7 
7 --> 8 
8 --> 9 
9 --> 10 
10 --> 11 
11 --> 12 
12 --> 13 
13 --> 14 
14 --> 15 
15 --> 16 
16 --> 17 
17 --> 18 
18 --> 19 
19 --> 20 
20 --> 21 
21 --> 22 
22 --> 23 
23 --> 24 
24 --> 25 
25 --> 26 
26 --> 27 
27 --> 28 
28 --> 29 
29 --> 30 
30 --> 31 
31 --> 32 
32 --> 33 
33 --> 34 
34 --> 35 
35 --> 36 
36 --> 37 
37 --> 38 
38 --> 39 
39 --> 40 
40 --> 41 
41 --> 42 
42 --> 43 
43 --> 44 
44 --> 45 
45 --> 46 
46 --> 47 
47 --> 48 
48 --> 49 
49 --> 50 
50 --> 51 
51 --> 52 
52 --> 53 
53 --> 54 
54 --> 55 
55 --> 56 
56 --> 57 
57 --> 58 
58 --> 59 
59 --> 60 
60 --> 61 
61 --> 62 
62 --> 63 
63 --> 64 
64 --> 65 
65 --> 66 
66 --> 67 
67 --> 68 
68 --> 69 
69 --> 70 
70 --> 71 
71 --> 72 
72 --> 73 
73 --> 74 
74 --> 75 
75 --> 76 
76 --> 77 
77 --> 78 
78 --> 79 
79 --> 80 
80 --> 81 
81 --> 82 
82 --> 83 
83 --> 84 
84 --> 85 
85 --> 86 
86 --> 87 
87 --> 88 
88 --> 89 
89 --> 90 
90 --> 91 
91 --> 92 
92 --> 93 
93 --> 94 
94 --> 95 
95 --> 96 
96 --> 97 
97 --> 98 
98 --> 99 
99 --> 100 
100 --> 101 
101 --> 102 
102 --> 103 
103 --> 104 
104 --> 105 
105 --> 106 
106 --> 107 
107 --> 108 
108 --> 109 
109 --> 110 
110 --> 111 
111 --> 112 
112 --> 113 
113 --> 114 
114 --> 115 
115 --> 116 
116 --> 117 
117 --> 118 
118 --> 119 
119 --> 120 
120 --> 121 
121 --> 122 
122 --> 123 
123 --> 124 
124 --> 125 
125 --> 126 
126 --> 127 
127 --> 128 
128 --> 129 
129 --> 130 
130 --> 131 
131 --> 132 
132 --> 133 
133 --> 134 
134 --> 135 
135 --> 136 
136 --> 137 
137 --> 138 
138 --> 139 
139 --> 140 
140 --> 141 
141 --> 142 
142 --> 143 
143 --> 

* FSM state operations: 

State 1 <SV = 0> <Delay = 1.00>
ST_1 : Operation 144 [1/1] (1.00ns)   --->   "%c_read = read i64 @_ssdm_op_Read.s_axilite.i64, i64 %c" [kernel.cpp:5]   --->   Operation 144 'read' 'c_read' <Predicate = true> <Delay = 1.00> <CoreInst = "s_axilite">   --->   Core 120 's_axilite' <Latency = 0> <II = 1> <Delay = 1.00> <Adapter> <Opcode : 'read' 'write'>
ST_1 : Operation 145 [1/1] (1.00ns)   --->   "%b_read = read i64 @_ssdm_op_Read.s_axilite.i64, i64 %b" [kernel.cpp:5]   --->   Operation 145 'read' 'b_read' <Predicate = true> <Delay = 1.00> <CoreInst = "s_axilite">   --->   Core 120 's_axilite' <Latency = 0> <II = 1> <Delay = 1.00> <Adapter> <Opcode : 'read' 'write'>
ST_1 : Operation 146 [1/1] (1.00ns)   --->   "%a_read = read i64 @_ssdm_op_Read.s_axilite.i64, i64 %a" [kernel.cpp:5]   --->   Operation 146 'read' 'a_read' <Predicate = true> <Delay = 1.00> <CoreInst = "s_axilite">   --->   Core 120 's_axilite' <Latency = 0> <II = 1> <Delay = 1.00> <Adapter> <Opcode : 'read' 'write'>
ST_1 : Operation 147 [1/1] (0.00ns)   --->   "%trunc_ln25_s = partselect i60 @_ssdm_op_PartSelect.i60.i64.i32.i32, i64 %a_read, i32 4, i32 63" [kernel.cpp:25]   --->   Operation 147 'partselect' 'trunc_ln25_s' <Predicate = true> <Delay = 0.00>
ST_1 : Operation 148 [1/1] (0.00ns)   --->   "%trunc_ln32_s = partselect i60 @_ssdm_op_PartSelect.i60.i64.i32.i32, i64 %b_read, i32 4, i32 63" [kernel.cpp:32]   --->   Operation 148 'partselect' 'trunc_ln32_s' <Predicate = true> <Delay = 0.00>
ST_1 : Operation 149 [1/1] (0.00ns)   --->   "%trunc_ln2 = partselect i59 @_ssdm_op_PartSelect.i59.i64.i32.i32, i64 %c_read, i32 5, i32 63" [kernel.cpp:48]   --->   Operation 149 'partselect' 'trunc_ln2' <Predicate = true> <Delay = 0.00>

State 2 <SV = 1> <Delay = 3.65>
ST_2 : Operation 150 [1/1] (0.00ns)   --->   "%sext_ln25 = sext i60 %trunc_ln25_s" [kernel.cpp:25]   --->   Operation 150 'sext' 'sext_ln25' <Predicate = true> <Delay = 0.00>
ST_2 : Operation 151 [1/1] (0.00ns)   --->   "%gmem0_addr = getelementptr i128 %gmem0, i64 %sext_ln25" [kernel.cpp:25]   --->   Operation 151 'getelementptr' 'gmem0_addr' <Predicate = true> <Delay = 0.00>
ST_2 : Operation 152 [71/71] (3.65ns)   --->   "%gmem0_load_req = readreq i1 @_ssdm_op_ReadReq.m_axi.i128P1A, i128 %gmem0_addr, i64 1" [kernel.cpp:25]   --->   Operation 152 'readreq' 'gmem0_load_req' <Predicate = true> <Delay = 3.65> <CoreInst = "m_axi">   --->   Core 119 'm_axi' <Latency = 6> <II = 1> <Delay = 1.00> <Adapter> <Opcode : 'read' 'write' 'readreq' 'writereq' 'writeresp'>
ST_2 : Operation 153 [1/1] (0.00ns)   --->   "%sext_ln32 = sext i60 %trunc_ln32_s" [kernel.cpp:32]   --->   Operation 153 'sext' 'sext_ln32' <Predicate = true> <Delay = 0.00>
ST_2 : Operation 154 [1/1] (0.00ns)   --->   "%gmem1_addr = getelementptr i128 %gmem1, i64 %sext_ln32" [kernel.cpp:32]   --->   Operation 154 'getelementptr' 'gmem1_addr' <Predicate = true> <Delay = 0.00>
ST_2 : Operation 155 [71/71] (3.65ns)   --->   "%gmem1_load_req = readreq i1 @_ssdm_op_ReadReq.m_axi.i128P1A, i128 %gmem1_addr, i64 1" [kernel.cpp:32]   --->   Operation 155 'readreq' 'gmem1_load_req' <Predicate = true> <Delay = 3.65> <CoreInst = "m_axi">   --->   Core 119 'm_axi' <Latency = 6> <II = 1> <Delay = 1.00> <Adapter> <Opcode : 'read' 'write' 'readreq' 'writereq' 'writeresp'>

State 3 <SV = 2> <Delay = 3.65>
ST_3 : Operation 156 [70/71] (3.65ns)   --->   "%gmem0_load_req = readreq i1 @_ssdm_op_ReadReq.m_axi.i128P1A, i128 %gmem0_addr, i64 1" [kernel.cpp:25]   --->   Operation 156 'readreq' 'gmem0_load_req' <Predicate = true> <Delay = 3.65> <CoreInst = "m_axi">   --->   Core 119 'm_axi' <Latency = 6> <II = 1> <Delay = 1.00> <Adapter> <Opcode : 'read' 'write' 'readreq' 'writereq' 'writeresp'>
ST_3 : Operation 157 [70/71] (3.65ns)   --->   "%gmem1_load_req = readreq i1 @_ssdm_op_ReadReq.m_axi.i128P1A, i128 %gmem1_addr, i64 1" [kernel.cpp:32]   --->   Operation 157 'readreq' 'gmem1_load_req' <Predicate = true> <Delay = 3.65> <CoreInst = "m_axi">   --->   Core 119 'm_axi' <Latency = 6> <II = 1> <Delay = 1.00> <Adapter> <Opcode : 'read' 'write' 'readreq' 'writereq' 'writeresp'>

State 4 <SV = 3> <Delay = 3.65>
ST_4 : Operation 158 [69/71] (3.65ns)   --->   "%gmem0_load_req = readreq i1 @_ssdm_op_ReadReq.m_axi.i128P1A, i128 %gmem0_addr, i64 1" [kernel.cpp:25]   --->   Operation 158 'readreq' 'gmem0_load_req' <Predicate = true> <Delay = 3.65> <CoreInst = "m_axi">   --->   Core 119 'm_axi' <Latency = 6> <II = 1> <Delay = 1.00> <Adapter> <Opcode : 'read' 'write' 'readreq' 'writereq' 'writeresp'>
ST_4 : Operation 159 [69/71] (3.65ns)   --->   "%gmem1_load_req = readreq i1 @_ssdm_op_ReadReq.m_axi.i128P1A, i128 %gmem1_addr, i64 1" [kernel.cpp:32]   --->   Operation 159 'readreq' 'gmem1_load_req' <Predicate = true> <Delay = 3.65> <CoreInst = "m_axi">   --->   Core 119 'm_axi' <Latency = 6> <II = 1> <Delay = 1.00> <Adapter> <Opcode : 'read' 'write' 'readreq' 'writereq' 'writeresp'>

State 5 <SV = 4> <Delay = 3.65>
ST_5 : Operation 160 [68/71] (3.65ns)   --->   "%gmem0_load_req = readreq i1 @_ssdm_op_ReadReq.m_axi.i128P1A, i128 %gmem0_addr, i64 1" [kernel.cpp:25]   --->   Operation 160 'readreq' 'gmem0_load_req' <Predicate = true> <Delay = 3.65> <CoreInst = "m_axi">   --->   Core 119 'm_axi' <Latency = 6> <II = 1> <Delay = 1.00> <Adapter> <Opcode : 'read' 'write' 'readreq' 'writereq' 'writeresp'>
ST_5 : Operation 161 [68/71] (3.65ns)   --->   "%gmem1_load_req = readreq i1 @_ssdm_op_ReadReq.m_axi.i128P1A, i128 %gmem1_addr, i64 1" [kernel.cpp:32]   --->   Operation 161 'readreq' 'gmem1_load_req' <Predicate = true> <Delay = 3.65> <CoreInst = "m_axi">   --->   Core 119 'm_axi' <Latency = 6> <II = 1> <Delay = 1.00> <Adapter> <Opcode : 'read' 'write' 'readreq' 'writereq' 'writeresp'>

State 6 <SV = 5> <Delay = 3.65>
ST_6 : Operation 162 [67/71] (3.65ns)   --->   "%gmem0_load_req = readreq i1 @_ssdm_op_ReadReq.m_axi.i128P1A, i128 %gmem0_addr, i64 1" [kernel.cpp:25]   --->   Operation 162 'readreq' 'gmem0_load_req' <Predicate = true> <Delay = 3.65> <CoreInst = "m_axi">   --->   Core 119 'm_axi' <Latency = 6> <II = 1> <Delay = 1.00> <Adapter> <Opcode : 'read' 'write' 'readreq' 'writereq' 'writeresp'>
ST_6 : Operation 163 [67/71] (3.65ns)   --->   "%gmem1_load_req = readreq i1 @_ssdm_op_ReadReq.m_axi.i128P1A, i128 %gmem1_addr, i64 1" [kernel.cpp:32]   --->   Operation 163 'readreq' 'gmem1_load_req' <Predicate = true> <Delay = 3.65> <CoreInst = "m_axi">   --->   Core 119 'm_axi' <Latency = 6> <II = 1> <Delay = 1.00> <Adapter> <Opcode : 'read' 'write' 'readreq' 'writereq' 'writeresp'>

State 7 <SV = 6> <Delay = 3.65>
ST_7 : Operation 164 [66/71] (3.65ns)   --->   "%gmem0_load_req = readreq i1 @_ssdm_op_ReadReq.m_axi.i128P1A, i128 %gmem0_addr, i64 1" [kernel.cpp:25]   --->   Operation 164 'readreq' 'gmem0_load_req' <Predicate = true> <Delay = 3.65> <CoreInst = "m_axi">   --->   Core 119 'm_axi' <Latency = 6> <II = 1> <Delay = 1.00> <Adapter> <Opcode : 'read' 'write' 'readreq' 'writereq' 'writeresp'>
ST_7 : Operation 165 [66/71] (3.65ns)   --->   "%gmem1_load_req = readreq i1 @_ssdm_op_ReadReq.m_axi.i128P1A, i128 %gmem1_addr, i64 1" [kernel.cpp:32]   --->   Operation 165 'readreq' 'gmem1_load_req' <Predicate = true> <Delay = 3.65> <CoreInst = "m_axi">   --->   Core 119 'm_axi' <Latency = 6> <II = 1> <Delay = 1.00> <Adapter> <Opcode : 'read' 'write' 'readreq' 'writereq' 'writeresp'>

State 8 <SV = 7> <Delay = 3.65>
ST_8 : Operation 166 [65/71] (3.65ns)   --->   "%gmem0_load_req = readreq i1 @_ssdm_op_ReadReq.m_axi.i128P1A, i128 %gmem0_addr, i64 1" [kernel.cpp:25]   --->   Operation 166 'readreq' 'gmem0_load_req' <Predicate = true> <Delay = 3.65> <CoreInst = "m_axi">   --->   Core 119 'm_axi' <Latency = 6> <II = 1> <Delay = 1.00> <Adapter> <Opcode : 'read' 'write' 'readreq' 'writereq' 'writeresp'>
ST_8 : Operation 167 [65/71] (3.65ns)   --->   "%gmem1_load_req = readreq i1 @_ssdm_op_ReadReq.m_axi.i128P1A, i128 %gmem1_addr, i64 1" [kernel.cpp:32]   --->   Operation 167 'readreq' 'gmem1_load_req' <Predicate = true> <Delay = 3.65> <CoreInst = "m_axi">   --->   Core 119 'm_axi' <Latency = 6> <II = 1> <Delay = 1.00> <Adapter> <Opcode : 'read' 'write' 'readreq' 'writereq' 'writeresp'>

State 9 <SV = 8> <Delay = 3.65>
ST_9 : Operation 168 [64/71] (3.65ns)   --->   "%gmem0_load_req = readreq i1 @_ssdm_op_ReadReq.m_axi.i128P1A, i128 %gmem0_addr, i64 1" [kernel.cpp:25]   --->   Operation 168 'readreq' 'gmem0_load_req' <Predicate = true> <Delay = 3.65> <CoreInst = "m_axi">   --->   Core 119 'm_axi' <Latency = 6> <II = 1> <Delay = 1.00> <Adapter> <Opcode : 'read' 'write' 'readreq' 'writereq' 'writeresp'>
ST_9 : Operation 169 [64/71] (3.65ns)   --->   "%gmem1_load_req = readreq i1 @_ssdm_op_ReadReq.m_axi.i128P1A, i128 %gmem1_addr, i64 1" [kernel.cpp:32]   --->   Operation 169 'readreq' 'gmem1_load_req' <Predicate = true> <Delay = 3.65> <CoreInst = "m_axi">   --->   Core 119 'm_axi' <Latency = 6> <II = 1> <Delay = 1.00> <Adapter> <Opcode : 'read' 'write' 'readreq' 'writereq' 'writeresp'>

State 10 <SV = 9> <Delay = 3.65>
ST_10 : Operation 170 [63/71] (3.65ns)   --->   "%gmem0_load_req = readreq i1 @_ssdm_op_ReadReq.m_axi.i128P1A, i128 %gmem0_addr, i64 1" [kernel.cpp:25]   --->   Operation 170 'readreq' 'gmem0_load_req' <Predicate = true> <Delay = 3.65> <CoreInst = "m_axi">   --->   Core 119 'm_axi' <Latency = 6> <II = 1> <Delay = 1.00> <Adapter> <Opcode : 'read' 'write' 'readreq' 'writereq' 'writeresp'>
ST_10 : Operation 171 [63/71] (3.65ns)   --->   "%gmem1_load_req = readreq i1 @_ssdm_op_ReadReq.m_axi.i128P1A, i128 %gmem1_addr, i64 1" [kernel.cpp:32]   --->   Operation 171 'readreq' 'gmem1_load_req' <Predicate = true> <Delay = 3.65> <CoreInst = "m_axi">   --->   Core 119 'm_axi' <Latency = 6> <II = 1> <Delay = 1.00> <Adapter> <Opcode : 'read' 'write' 'readreq' 'writereq' 'writeresp'>

State 11 <SV = 10> <Delay = 3.65>
ST_11 : Operation 172 [62/71] (3.65ns)   --->   "%gmem0_load_req = readreq i1 @_ssdm_op_ReadReq.m_axi.i128P1A, i128 %gmem0_addr, i64 1" [kernel.cpp:25]   --->   Operation 172 'readreq' 'gmem0_load_req' <Predicate = true> <Delay = 3.65> <CoreInst = "m_axi">   --->   Core 119 'm_axi' <Latency = 6> <II = 1> <Delay = 1.00> <Adapter> <Opcode : 'read' 'write' 'readreq' 'writereq' 'writeresp'>
ST_11 : Operation 173 [62/71] (3.65ns)   --->   "%gmem1_load_req = readreq i1 @_ssdm_op_ReadReq.m_axi.i128P1A, i128 %gmem1_addr, i64 1" [kernel.cpp:32]   --->   Operation 173 'readreq' 'gmem1_load_req' <Predicate = true> <Delay = 3.65> <CoreInst = "m_axi">   --->   Core 119 'm_axi' <Latency = 6> <II = 1> <Delay = 1.00> <Adapter> <Opcode : 'read' 'write' 'readreq' 'writereq' 'writeresp'>

State 12 <SV = 11> <Delay = 3.65>
ST_12 : Operation 174 [61/71] (3.65ns)   --->   "%gmem0_load_req = readreq i1 @_ssdm_op_ReadReq.m_axi.i128P1A, i128 %gmem0_addr, i64 1" [kernel.cpp:25]   --->   Operation 174 'readreq' 'gmem0_load_req' <Predicate = true> <Delay = 3.65> <CoreInst = "m_axi">   --->   Core 119 'm_axi' <Latency = 6> <II = 1> <Delay = 1.00> <Adapter> <Opcode : 'read' 'write' 'readreq' 'writereq' 'writeresp'>
ST_12 : Operation 175 [61/71] (3.65ns)   --->   "%gmem1_load_req = readreq i1 @_ssdm_op_ReadReq.m_axi.i128P1A, i128 %gmem1_addr, i64 1" [kernel.cpp:32]   --->   Operation 175 'readreq' 'gmem1_load_req' <Predicate = true> <Delay = 3.65> <CoreInst = "m_axi">   --->   Core 119 'm_axi' <Latency = 6> <II = 1> <Delay = 1.00> <Adapter> <Opcode : 'read' 'write' 'readreq' 'writereq' 'writeresp'>

State 13 <SV = 12> <Delay = 3.65>
ST_13 : Operation 176 [60/71] (3.65ns)   --->   "%gmem0_load_req = readreq i1 @_ssdm_op_ReadReq.m_axi.i128P1A, i128 %gmem0_addr, i64 1" [kernel.cpp:25]   --->   Operation 176 'readreq' 'gmem0_load_req' <Predicate = true> <Delay = 3.65> <CoreInst = "m_axi">   --->   Core 119 'm_axi' <Latency = 6> <II = 1> <Delay = 1.00> <Adapter> <Opcode : 'read' 'write' 'readreq' 'writereq' 'writeresp'>
ST_13 : Operation 177 [60/71] (3.65ns)   --->   "%gmem1_load_req = readreq i1 @_ssdm_op_ReadReq.m_axi.i128P1A, i128 %gmem1_addr, i64 1" [kernel.cpp:32]   --->   Operation 177 'readreq' 'gmem1_load_req' <Predicate = true> <Delay = 3.65> <CoreInst = "m_axi">   --->   Core 119 'm_axi' <Latency = 6> <II = 1> <Delay = 1.00> <Adapter> <Opcode : 'read' 'write' 'readreq' 'writereq' 'writeresp'>

State 14 <SV = 13> <Delay = 3.65>
ST_14 : Operation 178 [59/71] (3.65ns)   --->   "%gmem0_load_req = readreq i1 @_ssdm_op_ReadReq.m_axi.i128P1A, i128 %gmem0_addr, i64 1" [kernel.cpp:25]   --->   Operation 178 'readreq' 'gmem0_load_req' <Predicate = true> <Delay = 3.65> <CoreInst = "m_axi">   --->   Core 119 'm_axi' <Latency = 6> <II = 1> <Delay = 1.00> <Adapter> <Opcode : 'read' 'write' 'readreq' 'writereq' 'writeresp'>
ST_14 : Operation 179 [59/71] (3.65ns)   --->   "%gmem1_load_req = readreq i1 @_ssdm_op_ReadReq.m_axi.i128P1A, i128 %gmem1_addr, i64 1" [kernel.cpp:32]   --->   Operation 179 'readreq' 'gmem1_load_req' <Predicate = true> <Delay = 3.65> <CoreInst = "m_axi">   --->   Core 119 'm_axi' <Latency = 6> <II = 1> <Delay = 1.00> <Adapter> <Opcode : 'read' 'write' 'readreq' 'writereq' 'writeresp'>

State 15 <SV = 14> <Delay = 3.65>
ST_15 : Operation 180 [58/71] (3.65ns)   --->   "%gmem0_load_req = readreq i1 @_ssdm_op_ReadReq.m_axi.i128P1A, i128 %gmem0_addr, i64 1" [kernel.cpp:25]   --->   Operation 180 'readreq' 'gmem0_load_req' <Predicate = true> <Delay = 3.65> <CoreInst = "m_axi">   --->   Core 119 'm_axi' <Latency = 6> <II = 1> <Delay = 1.00> <Adapter> <Opcode : 'read' 'write' 'readreq' 'writereq' 'writeresp'>
ST_15 : Operation 181 [58/71] (3.65ns)   --->   "%gmem1_load_req = readreq i1 @_ssdm_op_ReadReq.m_axi.i128P1A, i128 %gmem1_addr, i64 1" [kernel.cpp:32]   --->   Operation 181 'readreq' 'gmem1_load_req' <Predicate = true> <Delay = 3.65> <CoreInst = "m_axi">   --->   Core 119 'm_axi' <Latency = 6> <II = 1> <Delay = 1.00> <Adapter> <Opcode : 'read' 'write' 'readreq' 'writereq' 'writeresp'>

State 16 <SV = 15> <Delay = 3.65>
ST_16 : Operation 182 [57/71] (3.65ns)   --->   "%gmem0_load_req = readreq i1 @_ssdm_op_ReadReq.m_axi.i128P1A, i128 %gmem0_addr, i64 1" [kernel.cpp:25]   --->   Operation 182 'readreq' 'gmem0_load_req' <Predicate = true> <Delay = 3.65> <CoreInst = "m_axi">   --->   Core 119 'm_axi' <Latency = 6> <II = 1> <Delay = 1.00> <Adapter> <Opcode : 'read' 'write' 'readreq' 'writereq' 'writeresp'>
ST_16 : Operation 183 [57/71] (3.65ns)   --->   "%gmem1_load_req = readreq i1 @_ssdm_op_ReadReq.m_axi.i128P1A, i128 %gmem1_addr, i64 1" [kernel.cpp:32]   --->   Operation 183 'readreq' 'gmem1_load_req' <Predicate = true> <Delay = 3.65> <CoreInst = "m_axi">   --->   Core 119 'm_axi' <Latency = 6> <II = 1> <Delay = 1.00> <Adapter> <Opcode : 'read' 'write' 'readreq' 'writereq' 'writeresp'>

State 17 <SV = 16> <Delay = 3.65>
ST_17 : Operation 184 [56/71] (3.65ns)   --->   "%gmem0_load_req = readreq i1 @_ssdm_op_ReadReq.m_axi.i128P1A, i128 %gmem0_addr, i64 1" [kernel.cpp:25]   --->   Operation 184 'readreq' 'gmem0_load_req' <Predicate = true> <Delay = 3.65> <CoreInst = "m_axi">   --->   Core 119 'm_axi' <Latency = 6> <II = 1> <Delay = 1.00> <Adapter> <Opcode : 'read' 'write' 'readreq' 'writereq' 'writeresp'>
ST_17 : Operation 185 [56/71] (3.65ns)   --->   "%gmem1_load_req = readreq i1 @_ssdm_op_ReadReq.m_axi.i128P1A, i128 %gmem1_addr, i64 1" [kernel.cpp:32]   --->   Operation 185 'readreq' 'gmem1_load_req' <Predicate = true> <Delay = 3.65> <CoreInst = "m_axi">   --->   Core 119 'm_axi' <Latency = 6> <II = 1> <Delay = 1.00> <Adapter> <Opcode : 'read' 'write' 'readreq' 'writereq' 'writeresp'>

State 18 <SV = 17> <Delay = 3.65>
ST_18 : Operation 186 [55/71] (3.65ns)   --->   "%gmem0_load_req = readreq i1 @_ssdm_op_ReadReq.m_axi.i128P1A, i128 %gmem0_addr, i64 1" [kernel.cpp:25]   --->   Operation 186 'readreq' 'gmem0_load_req' <Predicate = true> <Delay = 3.65> <CoreInst = "m_axi">   --->   Core 119 'm_axi' <Latency = 6> <II = 1> <Delay = 1.00> <Adapter> <Opcode : 'read' 'write' 'readreq' 'writereq' 'writeresp'>
ST_18 : Operation 187 [55/71] (3.65ns)   --->   "%gmem1_load_req = readreq i1 @_ssdm_op_ReadReq.m_axi.i128P1A, i128 %gmem1_addr, i64 1" [kernel.cpp:32]   --->   Operation 187 'readreq' 'gmem1_load_req' <Predicate = true> <Delay = 3.65> <CoreInst = "m_axi">   --->   Core 119 'm_axi' <Latency = 6> <II = 1> <Delay = 1.00> <Adapter> <Opcode : 'read' 'write' 'readreq' 'writereq' 'writeresp'>

State 19 <SV = 18> <Delay = 3.65>
ST_19 : Operation 188 [54/71] (3.65ns)   --->   "%gmem0_load_req = readreq i1 @_ssdm_op_ReadReq.m_axi.i128P1A, i128 %gmem0_addr, i64 1" [kernel.cpp:25]   --->   Operation 188 'readreq' 'gmem0_load_req' <Predicate = true> <Delay = 3.65> <CoreInst = "m_axi">   --->   Core 119 'm_axi' <Latency = 6> <II = 1> <Delay = 1.00> <Adapter> <Opcode : 'read' 'write' 'readreq' 'writereq' 'writeresp'>
ST_19 : Operation 189 [54/71] (3.65ns)   --->   "%gmem1_load_req = readreq i1 @_ssdm_op_ReadReq.m_axi.i128P1A, i128 %gmem1_addr, i64 1" [kernel.cpp:32]   --->   Operation 189 'readreq' 'gmem1_load_req' <Predicate = true> <Delay = 3.65> <CoreInst = "m_axi">   --->   Core 119 'm_axi' <Latency = 6> <II = 1> <Delay = 1.00> <Adapter> <Opcode : 'read' 'write' 'readreq' 'writereq' 'writeresp'>

State 20 <SV = 19> <Delay = 3.65>
ST_20 : Operation 190 [53/71] (3.65ns)   --->   "%gmem0_load_req = readreq i1 @_ssdm_op_ReadReq.m_axi.i128P1A, i128 %gmem0_addr, i64 1" [kernel.cpp:25]   --->   Operation 190 'readreq' 'gmem0_load_req' <Predicate = true> <Delay = 3.65> <CoreInst = "m_axi">   --->   Core 119 'm_axi' <Latency = 6> <II = 1> <Delay = 1.00> <Adapter> <Opcode : 'read' 'write' 'readreq' 'writereq' 'writeresp'>
ST_20 : Operation 191 [53/71] (3.65ns)   --->   "%gmem1_load_req = readreq i1 @_ssdm_op_ReadReq.m_axi.i128P1A, i128 %gmem1_addr, i64 1" [kernel.cpp:32]   --->   Operation 191 'readreq' 'gmem1_load_req' <Predicate = true> <Delay = 3.65> <CoreInst = "m_axi">   --->   Core 119 'm_axi' <Latency = 6> <II = 1> <Delay = 1.00> <Adapter> <Opcode : 'read' 'write' 'readreq' 'writereq' 'writeresp'>

State 21 <SV = 20> <Delay = 3.65>
ST_21 : Operation 192 [52/71] (3.65ns)   --->   "%gmem0_load_req = readreq i1 @_ssdm_op_ReadReq.m_axi.i128P1A, i128 %gmem0_addr, i64 1" [kernel.cpp:25]   --->   Operation 192 'readreq' 'gmem0_load_req' <Predicate = true> <Delay = 3.65> <CoreInst = "m_axi">   --->   Core 119 'm_axi' <Latency = 6> <II = 1> <Delay = 1.00> <Adapter> <Opcode : 'read' 'write' 'readreq' 'writereq' 'writeresp'>
ST_21 : Operation 193 [52/71] (3.65ns)   --->   "%gmem1_load_req = readreq i1 @_ssdm_op_ReadReq.m_axi.i128P1A, i128 %gmem1_addr, i64 1" [kernel.cpp:32]   --->   Operation 193 'readreq' 'gmem1_load_req' <Predicate = true> <Delay = 3.65> <CoreInst = "m_axi">   --->   Core 119 'm_axi' <Latency = 6> <II = 1> <Delay = 1.00> <Adapter> <Opcode : 'read' 'write' 'readreq' 'writereq' 'writeresp'>

State 22 <SV = 21> <Delay = 3.65>
ST_22 : Operation 194 [51/71] (3.65ns)   --->   "%gmem0_load_req = readreq i1 @_ssdm_op_ReadReq.m_axi.i128P1A, i128 %gmem0_addr, i64 1" [kernel.cpp:25]   --->   Operation 194 'readreq' 'gmem0_load_req' <Predicate = true> <Delay = 3.65> <CoreInst = "m_axi">   --->   Core 119 'm_axi' <Latency = 6> <II = 1> <Delay = 1.00> <Adapter> <Opcode : 'read' 'write' 'readreq' 'writereq' 'writeresp'>
ST_22 : Operation 195 [51/71] (3.65ns)   --->   "%gmem1_load_req = readreq i1 @_ssdm_op_ReadReq.m_axi.i128P1A, i128 %gmem1_addr, i64 1" [kernel.cpp:32]   --->   Operation 195 'readreq' 'gmem1_load_req' <Predicate = true> <Delay = 3.65> <CoreInst = "m_axi">   --->   Core 119 'm_axi' <Latency = 6> <II = 1> <Delay = 1.00> <Adapter> <Opcode : 'read' 'write' 'readreq' 'writereq' 'writeresp'>

State 23 <SV = 22> <Delay = 3.65>
ST_23 : Operation 196 [50/71] (3.65ns)   --->   "%gmem0_load_req = readreq i1 @_ssdm_op_ReadReq.m_axi.i128P1A, i128 %gmem0_addr, i64 1" [kernel.cpp:25]   --->   Operation 196 'readreq' 'gmem0_load_req' <Predicate = true> <Delay = 3.65> <CoreInst = "m_axi">   --->   Core 119 'm_axi' <Latency = 6> <II = 1> <Delay = 1.00> <Adapter> <Opcode : 'read' 'write' 'readreq' 'writereq' 'writeresp'>
ST_23 : Operation 197 [50/71] (3.65ns)   --->   "%gmem1_load_req = readreq i1 @_ssdm_op_ReadReq.m_axi.i128P1A, i128 %gmem1_addr, i64 1" [kernel.cpp:32]   --->   Operation 197 'readreq' 'gmem1_load_req' <Predicate = true> <Delay = 3.65> <CoreInst = "m_axi">   --->   Core 119 'm_axi' <Latency = 6> <II = 1> <Delay = 1.00> <Adapter> <Opcode : 'read' 'write' 'readreq' 'writereq' 'writeresp'>

State 24 <SV = 23> <Delay = 3.65>
ST_24 : Operation 198 [49/71] (3.65ns)   --->   "%gmem0_load_req = readreq i1 @_ssdm_op_ReadReq.m_axi.i128P1A, i128 %gmem0_addr, i64 1" [kernel.cpp:25]   --->   Operation 198 'readreq' 'gmem0_load_req' <Predicate = true> <Delay = 3.65> <CoreInst = "m_axi">   --->   Core 119 'm_axi' <Latency = 6> <II = 1> <Delay = 1.00> <Adapter> <Opcode : 'read' 'write' 'readreq' 'writereq' 'writeresp'>
ST_24 : Operation 199 [49/71] (3.65ns)   --->   "%gmem1_load_req = readreq i1 @_ssdm_op_ReadReq.m_axi.i128P1A, i128 %gmem1_addr, i64 1" [kernel.cpp:32]   --->   Operation 199 'readreq' 'gmem1_load_req' <Predicate = true> <Delay = 3.65> <CoreInst = "m_axi">   --->   Core 119 'm_axi' <Latency = 6> <II = 1> <Delay = 1.00> <Adapter> <Opcode : 'read' 'write' 'readreq' 'writereq' 'writeresp'>

State 25 <SV = 24> <Delay = 3.65>
ST_25 : Operation 200 [48/71] (3.65ns)   --->   "%gmem0_load_req = readreq i1 @_ssdm_op_ReadReq.m_axi.i128P1A, i128 %gmem0_addr, i64 1" [kernel.cpp:25]   --->   Operation 200 'readreq' 'gmem0_load_req' <Predicate = true> <Delay = 3.65> <CoreInst = "m_axi">   --->   Core 119 'm_axi' <Latency = 6> <II = 1> <Delay = 1.00> <Adapter> <Opcode : 'read' 'write' 'readreq' 'writereq' 'writeresp'>
ST_25 : Operation 201 [48/71] (3.65ns)   --->   "%gmem1_load_req = readreq i1 @_ssdm_op_ReadReq.m_axi.i128P1A, i128 %gmem1_addr, i64 1" [kernel.cpp:32]   --->   Operation 201 'readreq' 'gmem1_load_req' <Predicate = true> <Delay = 3.65> <CoreInst = "m_axi">   --->   Core 119 'm_axi' <Latency = 6> <II = 1> <Delay = 1.00> <Adapter> <Opcode : 'read' 'write' 'readreq' 'writereq' 'writeresp'>

State 26 <SV = 25> <Delay = 3.65>
ST_26 : Operation 202 [47/71] (3.65ns)   --->   "%gmem0_load_req = readreq i1 @_ssdm_op_ReadReq.m_axi.i128P1A, i128 %gmem0_addr, i64 1" [kernel.cpp:25]   --->   Operation 202 'readreq' 'gmem0_load_req' <Predicate = true> <Delay = 3.65> <CoreInst = "m_axi">   --->   Core 119 'm_axi' <Latency = 6> <II = 1> <Delay = 1.00> <Adapter> <Opcode : 'read' 'write' 'readreq' 'writereq' 'writeresp'>
ST_26 : Operation 203 [47/71] (3.65ns)   --->   "%gmem1_load_req = readreq i1 @_ssdm_op_ReadReq.m_axi.i128P1A, i128 %gmem1_addr, i64 1" [kernel.cpp:32]   --->   Operation 203 'readreq' 'gmem1_load_req' <Predicate = true> <Delay = 3.65> <CoreInst = "m_axi">   --->   Core 119 'm_axi' <Latency = 6> <II = 1> <Delay = 1.00> <Adapter> <Opcode : 'read' 'write' 'readreq' 'writereq' 'writeresp'>

State 27 <SV = 26> <Delay = 3.65>
ST_27 : Operation 204 [46/71] (3.65ns)   --->   "%gmem0_load_req = readreq i1 @_ssdm_op_ReadReq.m_axi.i128P1A, i128 %gmem0_addr, i64 1" [kernel.cpp:25]   --->   Operation 204 'readreq' 'gmem0_load_req' <Predicate = true> <Delay = 3.65> <CoreInst = "m_axi">   --->   Core 119 'm_axi' <Latency = 6> <II = 1> <Delay = 1.00> <Adapter> <Opcode : 'read' 'write' 'readreq' 'writereq' 'writeresp'>
ST_27 : Operation 205 [46/71] (3.65ns)   --->   "%gmem1_load_req = readreq i1 @_ssdm_op_ReadReq.m_axi.i128P1A, i128 %gmem1_addr, i64 1" [kernel.cpp:32]   --->   Operation 205 'readreq' 'gmem1_load_req' <Predicate = true> <Delay = 3.65> <CoreInst = "m_axi">   --->   Core 119 'm_axi' <Latency = 6> <II = 1> <Delay = 1.00> <Adapter> <Opcode : 'read' 'write' 'readreq' 'writereq' 'writeresp'>

State 28 <SV = 27> <Delay = 3.65>
ST_28 : Operation 206 [45/71] (3.65ns)   --->   "%gmem0_load_req = readreq i1 @_ssdm_op_ReadReq.m_axi.i128P1A, i128 %gmem0_addr, i64 1" [kernel.cpp:25]   --->   Operation 206 'readreq' 'gmem0_load_req' <Predicate = true> <Delay = 3.65> <CoreInst = "m_axi">   --->   Core 119 'm_axi' <Latency = 6> <II = 1> <Delay = 1.00> <Adapter> <Opcode : 'read' 'write' 'readreq' 'writereq' 'writeresp'>
ST_28 : Operation 207 [45/71] (3.65ns)   --->   "%gmem1_load_req = readreq i1 @_ssdm_op_ReadReq.m_axi.i128P1A, i128 %gmem1_addr, i64 1" [kernel.cpp:32]   --->   Operation 207 'readreq' 'gmem1_load_req' <Predicate = true> <Delay = 3.65> <CoreInst = "m_axi">   --->   Core 119 'm_axi' <Latency = 6> <II = 1> <Delay = 1.00> <Adapter> <Opcode : 'read' 'write' 'readreq' 'writereq' 'writeresp'>

State 29 <SV = 28> <Delay = 3.65>
ST_29 : Operation 208 [44/71] (3.65ns)   --->   "%gmem0_load_req = readreq i1 @_ssdm_op_ReadReq.m_axi.i128P1A, i128 %gmem0_addr, i64 1" [kernel.cpp:25]   --->   Operation 208 'readreq' 'gmem0_load_req' <Predicate = true> <Delay = 3.65> <CoreInst = "m_axi">   --->   Core 119 'm_axi' <Latency = 6> <II = 1> <Delay = 1.00> <Adapter> <Opcode : 'read' 'write' 'readreq' 'writereq' 'writeresp'>
ST_29 : Operation 209 [44/71] (3.65ns)   --->   "%gmem1_load_req = readreq i1 @_ssdm_op_ReadReq.m_axi.i128P1A, i128 %gmem1_addr, i64 1" [kernel.cpp:32]   --->   Operation 209 'readreq' 'gmem1_load_req' <Predicate = true> <Delay = 3.65> <CoreInst = "m_axi">   --->   Core 119 'm_axi' <Latency = 6> <II = 1> <Delay = 1.00> <Adapter> <Opcode : 'read' 'write' 'readreq' 'writereq' 'writeresp'>

State 30 <SV = 29> <Delay = 3.65>
ST_30 : Operation 210 [43/71] (3.65ns)   --->   "%gmem0_load_req = readreq i1 @_ssdm_op_ReadReq.m_axi.i128P1A, i128 %gmem0_addr, i64 1" [kernel.cpp:25]   --->   Operation 210 'readreq' 'gmem0_load_req' <Predicate = true> <Delay = 3.65> <CoreInst = "m_axi">   --->   Core 119 'm_axi' <Latency = 6> <II = 1> <Delay = 1.00> <Adapter> <Opcode : 'read' 'write' 'readreq' 'writereq' 'writeresp'>
ST_30 : Operation 211 [43/71] (3.65ns)   --->   "%gmem1_load_req = readreq i1 @_ssdm_op_ReadReq.m_axi.i128P1A, i128 %gmem1_addr, i64 1" [kernel.cpp:32]   --->   Operation 211 'readreq' 'gmem1_load_req' <Predicate = true> <Delay = 3.65> <CoreInst = "m_axi">   --->   Core 119 'm_axi' <Latency = 6> <II = 1> <Delay = 1.00> <Adapter> <Opcode : 'read' 'write' 'readreq' 'writereq' 'writeresp'>

State 31 <SV = 30> <Delay = 3.65>
ST_31 : Operation 212 [42/71] (3.65ns)   --->   "%gmem0_load_req = readreq i1 @_ssdm_op_ReadReq.m_axi.i128P1A, i128 %gmem0_addr, i64 1" [kernel.cpp:25]   --->   Operation 212 'readreq' 'gmem0_load_req' <Predicate = true> <Delay = 3.65> <CoreInst = "m_axi">   --->   Core 119 'm_axi' <Latency = 6> <II = 1> <Delay = 1.00> <Adapter> <Opcode : 'read' 'write' 'readreq' 'writereq' 'writeresp'>
ST_31 : Operation 213 [42/71] (3.65ns)   --->   "%gmem1_load_req = readreq i1 @_ssdm_op_ReadReq.m_axi.i128P1A, i128 %gmem1_addr, i64 1" [kernel.cpp:32]   --->   Operation 213 'readreq' 'gmem1_load_req' <Predicate = true> <Delay = 3.65> <CoreInst = "m_axi">   --->   Core 119 'm_axi' <Latency = 6> <II = 1> <Delay = 1.00> <Adapter> <Opcode : 'read' 'write' 'readreq' 'writereq' 'writeresp'>

State 32 <SV = 31> <Delay = 3.65>
ST_32 : Operation 214 [41/71] (3.65ns)   --->   "%gmem0_load_req = readreq i1 @_ssdm_op_ReadReq.m_axi.i128P1A, i128 %gmem0_addr, i64 1" [kernel.cpp:25]   --->   Operation 214 'readreq' 'gmem0_load_req' <Predicate = true> <Delay = 3.65> <CoreInst = "m_axi">   --->   Core 119 'm_axi' <Latency = 6> <II = 1> <Delay = 1.00> <Adapter> <Opcode : 'read' 'write' 'readreq' 'writereq' 'writeresp'>
ST_32 : Operation 215 [41/71] (3.65ns)   --->   "%gmem1_load_req = readreq i1 @_ssdm_op_ReadReq.m_axi.i128P1A, i128 %gmem1_addr, i64 1" [kernel.cpp:32]   --->   Operation 215 'readreq' 'gmem1_load_req' <Predicate = true> <Delay = 3.65> <CoreInst = "m_axi">   --->   Core 119 'm_axi' <Latency = 6> <II = 1> <Delay = 1.00> <Adapter> <Opcode : 'read' 'write' 'readreq' 'writereq' 'writeresp'>

State 33 <SV = 32> <Delay = 3.65>
ST_33 : Operation 216 [40/71] (3.65ns)   --->   "%gmem0_load_req = readreq i1 @_ssdm_op_ReadReq.m_axi.i128P1A, i128 %gmem0_addr, i64 1" [kernel.cpp:25]   --->   Operation 216 'readreq' 'gmem0_load_req' <Predicate = true> <Delay = 3.65> <CoreInst = "m_axi">   --->   Core 119 'm_axi' <Latency = 6> <II = 1> <Delay = 1.00> <Adapter> <Opcode : 'read' 'write' 'readreq' 'writereq' 'writeresp'>
ST_33 : Operation 217 [40/71] (3.65ns)   --->   "%gmem1_load_req = readreq i1 @_ssdm_op_ReadReq.m_axi.i128P1A, i128 %gmem1_addr, i64 1" [kernel.cpp:32]   --->   Operation 217 'readreq' 'gmem1_load_req' <Predicate = true> <Delay = 3.65> <CoreInst = "m_axi">   --->   Core 119 'm_axi' <Latency = 6> <II = 1> <Delay = 1.00> <Adapter> <Opcode : 'read' 'write' 'readreq' 'writereq' 'writeresp'>

State 34 <SV = 33> <Delay = 3.65>
ST_34 : Operation 218 [39/71] (3.65ns)   --->   "%gmem0_load_req = readreq i1 @_ssdm_op_ReadReq.m_axi.i128P1A, i128 %gmem0_addr, i64 1" [kernel.cpp:25]   --->   Operation 218 'readreq' 'gmem0_load_req' <Predicate = true> <Delay = 3.65> <CoreInst = "m_axi">   --->   Core 119 'm_axi' <Latency = 6> <II = 1> <Delay = 1.00> <Adapter> <Opcode : 'read' 'write' 'readreq' 'writereq' 'writeresp'>
ST_34 : Operation 219 [39/71] (3.65ns)   --->   "%gmem1_load_req = readreq i1 @_ssdm_op_ReadReq.m_axi.i128P1A, i128 %gmem1_addr, i64 1" [kernel.cpp:32]   --->   Operation 219 'readreq' 'gmem1_load_req' <Predicate = true> <Delay = 3.65> <CoreInst = "m_axi">   --->   Core 119 'm_axi' <Latency = 6> <II = 1> <Delay = 1.00> <Adapter> <Opcode : 'read' 'write' 'readreq' 'writereq' 'writeresp'>

State 35 <SV = 34> <Delay = 3.65>
ST_35 : Operation 220 [38/71] (3.65ns)   --->   "%gmem0_load_req = readreq i1 @_ssdm_op_ReadReq.m_axi.i128P1A, i128 %gmem0_addr, i64 1" [kernel.cpp:25]   --->   Operation 220 'readreq' 'gmem0_load_req' <Predicate = true> <Delay = 3.65> <CoreInst = "m_axi">   --->   Core 119 'm_axi' <Latency = 6> <II = 1> <Delay = 1.00> <Adapter> <Opcode : 'read' 'write' 'readreq' 'writereq' 'writeresp'>
ST_35 : Operation 221 [38/71] (3.65ns)   --->   "%gmem1_load_req = readreq i1 @_ssdm_op_ReadReq.m_axi.i128P1A, i128 %gmem1_addr, i64 1" [kernel.cpp:32]   --->   Operation 221 'readreq' 'gmem1_load_req' <Predicate = true> <Delay = 3.65> <CoreInst = "m_axi">   --->   Core 119 'm_axi' <Latency = 6> <II = 1> <Delay = 1.00> <Adapter> <Opcode : 'read' 'write' 'readreq' 'writereq' 'writeresp'>

State 36 <SV = 35> <Delay = 3.65>
ST_36 : Operation 222 [37/71] (3.65ns)   --->   "%gmem0_load_req = readreq i1 @_ssdm_op_ReadReq.m_axi.i128P1A, i128 %gmem0_addr, i64 1" [kernel.cpp:25]   --->   Operation 222 'readreq' 'gmem0_load_req' <Predicate = true> <Delay = 3.65> <CoreInst = "m_axi">   --->   Core 119 'm_axi' <Latency = 6> <II = 1> <Delay = 1.00> <Adapter> <Opcode : 'read' 'write' 'readreq' 'writereq' 'writeresp'>
ST_36 : Operation 223 [37/71] (3.65ns)   --->   "%gmem1_load_req = readreq i1 @_ssdm_op_ReadReq.m_axi.i128P1A, i128 %gmem1_addr, i64 1" [kernel.cpp:32]   --->   Operation 223 'readreq' 'gmem1_load_req' <Predicate = true> <Delay = 3.65> <CoreInst = "m_axi">   --->   Core 119 'm_axi' <Latency = 6> <II = 1> <Delay = 1.00> <Adapter> <Opcode : 'read' 'write' 'readreq' 'writereq' 'writeresp'>

State 37 <SV = 36> <Delay = 3.65>
ST_37 : Operation 224 [36/71] (3.65ns)   --->   "%gmem0_load_req = readreq i1 @_ssdm_op_ReadReq.m_axi.i128P1A, i128 %gmem0_addr, i64 1" [kernel.cpp:25]   --->   Operation 224 'readreq' 'gmem0_load_req' <Predicate = true> <Delay = 3.65> <CoreInst = "m_axi">   --->   Core 119 'm_axi' <Latency = 6> <II = 1> <Delay = 1.00> <Adapter> <Opcode : 'read' 'write' 'readreq' 'writereq' 'writeresp'>
ST_37 : Operation 225 [36/71] (3.65ns)   --->   "%gmem1_load_req = readreq i1 @_ssdm_op_ReadReq.m_axi.i128P1A, i128 %gmem1_addr, i64 1" [kernel.cpp:32]   --->   Operation 225 'readreq' 'gmem1_load_req' <Predicate = true> <Delay = 3.65> <CoreInst = "m_axi">   --->   Core 119 'm_axi' <Latency = 6> <II = 1> <Delay = 1.00> <Adapter> <Opcode : 'read' 'write' 'readreq' 'writereq' 'writeresp'>

State 38 <SV = 37> <Delay = 3.65>
ST_38 : Operation 226 [35/71] (3.65ns)   --->   "%gmem0_load_req = readreq i1 @_ssdm_op_ReadReq.m_axi.i128P1A, i128 %gmem0_addr, i64 1" [kernel.cpp:25]   --->   Operation 226 'readreq' 'gmem0_load_req' <Predicate = true> <Delay = 3.65> <CoreInst = "m_axi">   --->   Core 119 'm_axi' <Latency = 6> <II = 1> <Delay = 1.00> <Adapter> <Opcode : 'read' 'write' 'readreq' 'writereq' 'writeresp'>
ST_38 : Operation 227 [35/71] (3.65ns)   --->   "%gmem1_load_req = readreq i1 @_ssdm_op_ReadReq.m_axi.i128P1A, i128 %gmem1_addr, i64 1" [kernel.cpp:32]   --->   Operation 227 'readreq' 'gmem1_load_req' <Predicate = true> <Delay = 3.65> <CoreInst = "m_axi">   --->   Core 119 'm_axi' <Latency = 6> <II = 1> <Delay = 1.00> <Adapter> <Opcode : 'read' 'write' 'readreq' 'writereq' 'writeresp'>

State 39 <SV = 38> <Delay = 3.65>
ST_39 : Operation 228 [34/71] (3.65ns)   --->   "%gmem0_load_req = readreq i1 @_ssdm_op_ReadReq.m_axi.i128P1A, i128 %gmem0_addr, i64 1" [kernel.cpp:25]   --->   Operation 228 'readreq' 'gmem0_load_req' <Predicate = true> <Delay = 3.65> <CoreInst = "m_axi">   --->   Core 119 'm_axi' <Latency = 6> <II = 1> <Delay = 1.00> <Adapter> <Opcode : 'read' 'write' 'readreq' 'writereq' 'writeresp'>
ST_39 : Operation 229 [34/71] (3.65ns)   --->   "%gmem1_load_req = readreq i1 @_ssdm_op_ReadReq.m_axi.i128P1A, i128 %gmem1_addr, i64 1" [kernel.cpp:32]   --->   Operation 229 'readreq' 'gmem1_load_req' <Predicate = true> <Delay = 3.65> <CoreInst = "m_axi">   --->   Core 119 'm_axi' <Latency = 6> <II = 1> <Delay = 1.00> <Adapter> <Opcode : 'read' 'write' 'readreq' 'writereq' 'writeresp'>

State 40 <SV = 39> <Delay = 3.65>
ST_40 : Operation 230 [33/71] (3.65ns)   --->   "%gmem0_load_req = readreq i1 @_ssdm_op_ReadReq.m_axi.i128P1A, i128 %gmem0_addr, i64 1" [kernel.cpp:25]   --->   Operation 230 'readreq' 'gmem0_load_req' <Predicate = true> <Delay = 3.65> <CoreInst = "m_axi">   --->   Core 119 'm_axi' <Latency = 6> <II = 1> <Delay = 1.00> <Adapter> <Opcode : 'read' 'write' 'readreq' 'writereq' 'writeresp'>
ST_40 : Operation 231 [33/71] (3.65ns)   --->   "%gmem1_load_req = readreq i1 @_ssdm_op_ReadReq.m_axi.i128P1A, i128 %gmem1_addr, i64 1" [kernel.cpp:32]   --->   Operation 231 'readreq' 'gmem1_load_req' <Predicate = true> <Delay = 3.65> <CoreInst = "m_axi">   --->   Core 119 'm_axi' <Latency = 6> <II = 1> <Delay = 1.00> <Adapter> <Opcode : 'read' 'write' 'readreq' 'writereq' 'writeresp'>

State 41 <SV = 40> <Delay = 3.65>
ST_41 : Operation 232 [32/71] (3.65ns)   --->   "%gmem0_load_req = readreq i1 @_ssdm_op_ReadReq.m_axi.i128P1A, i128 %gmem0_addr, i64 1" [kernel.cpp:25]   --->   Operation 232 'readreq' 'gmem0_load_req' <Predicate = true> <Delay = 3.65> <CoreInst = "m_axi">   --->   Core 119 'm_axi' <Latency = 6> <II = 1> <Delay = 1.00> <Adapter> <Opcode : 'read' 'write' 'readreq' 'writereq' 'writeresp'>
ST_41 : Operation 233 [32/71] (3.65ns)   --->   "%gmem1_load_req = readreq i1 @_ssdm_op_ReadReq.m_axi.i128P1A, i128 %gmem1_addr, i64 1" [kernel.cpp:32]   --->   Operation 233 'readreq' 'gmem1_load_req' <Predicate = true> <Delay = 3.65> <CoreInst = "m_axi">   --->   Core 119 'm_axi' <Latency = 6> <II = 1> <Delay = 1.00> <Adapter> <Opcode : 'read' 'write' 'readreq' 'writereq' 'writeresp'>

State 42 <SV = 41> <Delay = 3.65>
ST_42 : Operation 234 [31/71] (3.65ns)   --->   "%gmem0_load_req = readreq i1 @_ssdm_op_ReadReq.m_axi.i128P1A, i128 %gmem0_addr, i64 1" [kernel.cpp:25]   --->   Operation 234 'readreq' 'gmem0_load_req' <Predicate = true> <Delay = 3.65> <CoreInst = "m_axi">   --->   Core 119 'm_axi' <Latency = 6> <II = 1> <Delay = 1.00> <Adapter> <Opcode : 'read' 'write' 'readreq' 'writereq' 'writeresp'>
ST_42 : Operation 235 [31/71] (3.65ns)   --->   "%gmem1_load_req = readreq i1 @_ssdm_op_ReadReq.m_axi.i128P1A, i128 %gmem1_addr, i64 1" [kernel.cpp:32]   --->   Operation 235 'readreq' 'gmem1_load_req' <Predicate = true> <Delay = 3.65> <CoreInst = "m_axi">   --->   Core 119 'm_axi' <Latency = 6> <II = 1> <Delay = 1.00> <Adapter> <Opcode : 'read' 'write' 'readreq' 'writereq' 'writeresp'>

State 43 <SV = 42> <Delay = 3.65>
ST_43 : Operation 236 [30/71] (3.65ns)   --->   "%gmem0_load_req = readreq i1 @_ssdm_op_ReadReq.m_axi.i128P1A, i128 %gmem0_addr, i64 1" [kernel.cpp:25]   --->   Operation 236 'readreq' 'gmem0_load_req' <Predicate = true> <Delay = 3.65> <CoreInst = "m_axi">   --->   Core 119 'm_axi' <Latency = 6> <II = 1> <Delay = 1.00> <Adapter> <Opcode : 'read' 'write' 'readreq' 'writereq' 'writeresp'>
ST_43 : Operation 237 [30/71] (3.65ns)   --->   "%gmem1_load_req = readreq i1 @_ssdm_op_ReadReq.m_axi.i128P1A, i128 %gmem1_addr, i64 1" [kernel.cpp:32]   --->   Operation 237 'readreq' 'gmem1_load_req' <Predicate = true> <Delay = 3.65> <CoreInst = "m_axi">   --->   Core 119 'm_axi' <Latency = 6> <II = 1> <Delay = 1.00> <Adapter> <Opcode : 'read' 'write' 'readreq' 'writereq' 'writeresp'>

State 44 <SV = 43> <Delay = 3.65>
ST_44 : Operation 238 [29/71] (3.65ns)   --->   "%gmem0_load_req = readreq i1 @_ssdm_op_ReadReq.m_axi.i128P1A, i128 %gmem0_addr, i64 1" [kernel.cpp:25]   --->   Operation 238 'readreq' 'gmem0_load_req' <Predicate = true> <Delay = 3.65> <CoreInst = "m_axi">   --->   Core 119 'm_axi' <Latency = 6> <II = 1> <Delay = 1.00> <Adapter> <Opcode : 'read' 'write' 'readreq' 'writereq' 'writeresp'>
ST_44 : Operation 239 [29/71] (3.65ns)   --->   "%gmem1_load_req = readreq i1 @_ssdm_op_ReadReq.m_axi.i128P1A, i128 %gmem1_addr, i64 1" [kernel.cpp:32]   --->   Operation 239 'readreq' 'gmem1_load_req' <Predicate = true> <Delay = 3.65> <CoreInst = "m_axi">   --->   Core 119 'm_axi' <Latency = 6> <II = 1> <Delay = 1.00> <Adapter> <Opcode : 'read' 'write' 'readreq' 'writereq' 'writeresp'>

State 45 <SV = 44> <Delay = 3.65>
ST_45 : Operation 240 [28/71] (3.65ns)   --->   "%gmem0_load_req = readreq i1 @_ssdm_op_ReadReq.m_axi.i128P1A, i128 %gmem0_addr, i64 1" [kernel.cpp:25]   --->   Operation 240 'readreq' 'gmem0_load_req' <Predicate = true> <Delay = 3.65> <CoreInst = "m_axi">   --->   Core 119 'm_axi' <Latency = 6> <II = 1> <Delay = 1.00> <Adapter> <Opcode : 'read' 'write' 'readreq' 'writereq' 'writeresp'>
ST_45 : Operation 241 [28/71] (3.65ns)   --->   "%gmem1_load_req = readreq i1 @_ssdm_op_ReadReq.m_axi.i128P1A, i128 %gmem1_addr, i64 1" [kernel.cpp:32]   --->   Operation 241 'readreq' 'gmem1_load_req' <Predicate = true> <Delay = 3.65> <CoreInst = "m_axi">   --->   Core 119 'm_axi' <Latency = 6> <II = 1> <Delay = 1.00> <Adapter> <Opcode : 'read' 'write' 'readreq' 'writereq' 'writeresp'>

State 46 <SV = 45> <Delay = 3.65>
ST_46 : Operation 242 [27/71] (3.65ns)   --->   "%gmem0_load_req = readreq i1 @_ssdm_op_ReadReq.m_axi.i128P1A, i128 %gmem0_addr, i64 1" [kernel.cpp:25]   --->   Operation 242 'readreq' 'gmem0_load_req' <Predicate = true> <Delay = 3.65> <CoreInst = "m_axi">   --->   Core 119 'm_axi' <Latency = 6> <II = 1> <Delay = 1.00> <Adapter> <Opcode : 'read' 'write' 'readreq' 'writereq' 'writeresp'>
ST_46 : Operation 243 [27/71] (3.65ns)   --->   "%gmem1_load_req = readreq i1 @_ssdm_op_ReadReq.m_axi.i128P1A, i128 %gmem1_addr, i64 1" [kernel.cpp:32]   --->   Operation 243 'readreq' 'gmem1_load_req' <Predicate = true> <Delay = 3.65> <CoreInst = "m_axi">   --->   Core 119 'm_axi' <Latency = 6> <II = 1> <Delay = 1.00> <Adapter> <Opcode : 'read' 'write' 'readreq' 'writereq' 'writeresp'>

State 47 <SV = 46> <Delay = 3.65>
ST_47 : Operation 244 [26/71] (3.65ns)   --->   "%gmem0_load_req = readreq i1 @_ssdm_op_ReadReq.m_axi.i128P1A, i128 %gmem0_addr, i64 1" [kernel.cpp:25]   --->   Operation 244 'readreq' 'gmem0_load_req' <Predicate = true> <Delay = 3.65> <CoreInst = "m_axi">   --->   Core 119 'm_axi' <Latency = 6> <II = 1> <Delay = 1.00> <Adapter> <Opcode : 'read' 'write' 'readreq' 'writereq' 'writeresp'>
ST_47 : Operation 245 [26/71] (3.65ns)   --->   "%gmem1_load_req = readreq i1 @_ssdm_op_ReadReq.m_axi.i128P1A, i128 %gmem1_addr, i64 1" [kernel.cpp:32]   --->   Operation 245 'readreq' 'gmem1_load_req' <Predicate = true> <Delay = 3.65> <CoreInst = "m_axi">   --->   Core 119 'm_axi' <Latency = 6> <II = 1> <Delay = 1.00> <Adapter> <Opcode : 'read' 'write' 'readreq' 'writereq' 'writeresp'>

State 48 <SV = 47> <Delay = 3.65>
ST_48 : Operation 246 [25/71] (3.65ns)   --->   "%gmem0_load_req = readreq i1 @_ssdm_op_ReadReq.m_axi.i128P1A, i128 %gmem0_addr, i64 1" [kernel.cpp:25]   --->   Operation 246 'readreq' 'gmem0_load_req' <Predicate = true> <Delay = 3.65> <CoreInst = "m_axi">   --->   Core 119 'm_axi' <Latency = 6> <II = 1> <Delay = 1.00> <Adapter> <Opcode : 'read' 'write' 'readreq' 'writereq' 'writeresp'>
ST_48 : Operation 247 [25/71] (3.65ns)   --->   "%gmem1_load_req = readreq i1 @_ssdm_op_ReadReq.m_axi.i128P1A, i128 %gmem1_addr, i64 1" [kernel.cpp:32]   --->   Operation 247 'readreq' 'gmem1_load_req' <Predicate = true> <Delay = 3.65> <CoreInst = "m_axi">   --->   Core 119 'm_axi' <Latency = 6> <II = 1> <Delay = 1.00> <Adapter> <Opcode : 'read' 'write' 'readreq' 'writereq' 'writeresp'>

State 49 <SV = 48> <Delay = 3.65>
ST_49 : Operation 248 [24/71] (3.65ns)   --->   "%gmem0_load_req = readreq i1 @_ssdm_op_ReadReq.m_axi.i128P1A, i128 %gmem0_addr, i64 1" [kernel.cpp:25]   --->   Operation 248 'readreq' 'gmem0_load_req' <Predicate = true> <Delay = 3.65> <CoreInst = "m_axi">   --->   Core 119 'm_axi' <Latency = 6> <II = 1> <Delay = 1.00> <Adapter> <Opcode : 'read' 'write' 'readreq' 'writereq' 'writeresp'>
ST_49 : Operation 249 [24/71] (3.65ns)   --->   "%gmem1_load_req = readreq i1 @_ssdm_op_ReadReq.m_axi.i128P1A, i128 %gmem1_addr, i64 1" [kernel.cpp:32]   --->   Operation 249 'readreq' 'gmem1_load_req' <Predicate = true> <Delay = 3.65> <CoreInst = "m_axi">   --->   Core 119 'm_axi' <Latency = 6> <II = 1> <Delay = 1.00> <Adapter> <Opcode : 'read' 'write' 'readreq' 'writereq' 'writeresp'>

State 50 <SV = 49> <Delay = 3.65>
ST_50 : Operation 250 [23/71] (3.65ns)   --->   "%gmem0_load_req = readreq i1 @_ssdm_op_ReadReq.m_axi.i128P1A, i128 %gmem0_addr, i64 1" [kernel.cpp:25]   --->   Operation 250 'readreq' 'gmem0_load_req' <Predicate = true> <Delay = 3.65> <CoreInst = "m_axi">   --->   Core 119 'm_axi' <Latency = 6> <II = 1> <Delay = 1.00> <Adapter> <Opcode : 'read' 'write' 'readreq' 'writereq' 'writeresp'>
ST_50 : Operation 251 [23/71] (3.65ns)   --->   "%gmem1_load_req = readreq i1 @_ssdm_op_ReadReq.m_axi.i128P1A, i128 %gmem1_addr, i64 1" [kernel.cpp:32]   --->   Operation 251 'readreq' 'gmem1_load_req' <Predicate = true> <Delay = 3.65> <CoreInst = "m_axi">   --->   Core 119 'm_axi' <Latency = 6> <II = 1> <Delay = 1.00> <Adapter> <Opcode : 'read' 'write' 'readreq' 'writereq' 'writeresp'>

State 51 <SV = 50> <Delay = 3.65>
ST_51 : Operation 252 [22/71] (3.65ns)   --->   "%gmem0_load_req = readreq i1 @_ssdm_op_ReadReq.m_axi.i128P1A, i128 %gmem0_addr, i64 1" [kernel.cpp:25]   --->   Operation 252 'readreq' 'gmem0_load_req' <Predicate = true> <Delay = 3.65> <CoreInst = "m_axi">   --->   Core 119 'm_axi' <Latency = 6> <II = 1> <Delay = 1.00> <Adapter> <Opcode : 'read' 'write' 'readreq' 'writereq' 'writeresp'>
ST_51 : Operation 253 [22/71] (3.65ns)   --->   "%gmem1_load_req = readreq i1 @_ssdm_op_ReadReq.m_axi.i128P1A, i128 %gmem1_addr, i64 1" [kernel.cpp:32]   --->   Operation 253 'readreq' 'gmem1_load_req' <Predicate = true> <Delay = 3.65> <CoreInst = "m_axi">   --->   Core 119 'm_axi' <Latency = 6> <II = 1> <Delay = 1.00> <Adapter> <Opcode : 'read' 'write' 'readreq' 'writereq' 'writeresp'>

State 52 <SV = 51> <Delay = 3.65>
ST_52 : Operation 254 [21/71] (3.65ns)   --->   "%gmem0_load_req = readreq i1 @_ssdm_op_ReadReq.m_axi.i128P1A, i128 %gmem0_addr, i64 1" [kernel.cpp:25]   --->   Operation 254 'readreq' 'gmem0_load_req' <Predicate = true> <Delay = 3.65> <CoreInst = "m_axi">   --->   Core 119 'm_axi' <Latency = 6> <II = 1> <Delay = 1.00> <Adapter> <Opcode : 'read' 'write' 'readreq' 'writereq' 'writeresp'>
ST_52 : Operation 255 [21/71] (3.65ns)   --->   "%gmem1_load_req = readreq i1 @_ssdm_op_ReadReq.m_axi.i128P1A, i128 %gmem1_addr, i64 1" [kernel.cpp:32]   --->   Operation 255 'readreq' 'gmem1_load_req' <Predicate = true> <Delay = 3.65> <CoreInst = "m_axi">   --->   Core 119 'm_axi' <Latency = 6> <II = 1> <Delay = 1.00> <Adapter> <Opcode : 'read' 'write' 'readreq' 'writereq' 'writeresp'>

State 53 <SV = 52> <Delay = 3.65>
ST_53 : Operation 256 [20/71] (3.65ns)   --->   "%gmem0_load_req = readreq i1 @_ssdm_op_ReadReq.m_axi.i128P1A, i128 %gmem0_addr, i64 1" [kernel.cpp:25]   --->   Operation 256 'readreq' 'gmem0_load_req' <Predicate = true> <Delay = 3.65> <CoreInst = "m_axi">   --->   Core 119 'm_axi' <Latency = 6> <II = 1> <Delay = 1.00> <Adapter> <Opcode : 'read' 'write' 'readreq' 'writereq' 'writeresp'>
ST_53 : Operation 257 [20/71] (3.65ns)   --->   "%gmem1_load_req = readreq i1 @_ssdm_op_ReadReq.m_axi.i128P1A, i128 %gmem1_addr, i64 1" [kernel.cpp:32]   --->   Operation 257 'readreq' 'gmem1_load_req' <Predicate = true> <Delay = 3.65> <CoreInst = "m_axi">   --->   Core 119 'm_axi' <Latency = 6> <II = 1> <Delay = 1.00> <Adapter> <Opcode : 'read' 'write' 'readreq' 'writereq' 'writeresp'>

State 54 <SV = 53> <Delay = 3.65>
ST_54 : Operation 258 [19/71] (3.65ns)   --->   "%gmem0_load_req = readreq i1 @_ssdm_op_ReadReq.m_axi.i128P1A, i128 %gmem0_addr, i64 1" [kernel.cpp:25]   --->   Operation 258 'readreq' 'gmem0_load_req' <Predicate = true> <Delay = 3.65> <CoreInst = "m_axi">   --->   Core 119 'm_axi' <Latency = 6> <II = 1> <Delay = 1.00> <Adapter> <Opcode : 'read' 'write' 'readreq' 'writereq' 'writeresp'>
ST_54 : Operation 259 [19/71] (3.65ns)   --->   "%gmem1_load_req = readreq i1 @_ssdm_op_ReadReq.m_axi.i128P1A, i128 %gmem1_addr, i64 1" [kernel.cpp:32]   --->   Operation 259 'readreq' 'gmem1_load_req' <Predicate = true> <Delay = 3.65> <CoreInst = "m_axi">   --->   Core 119 'm_axi' <Latency = 6> <II = 1> <Delay = 1.00> <Adapter> <Opcode : 'read' 'write' 'readreq' 'writereq' 'writeresp'>

State 55 <SV = 54> <Delay = 3.65>
ST_55 : Operation 260 [18/71] (3.65ns)   --->   "%gmem0_load_req = readreq i1 @_ssdm_op_ReadReq.m_axi.i128P1A, i128 %gmem0_addr, i64 1" [kernel.cpp:25]   --->   Operation 260 'readreq' 'gmem0_load_req' <Predicate = true> <Delay = 3.65> <CoreInst = "m_axi">   --->   Core 119 'm_axi' <Latency = 6> <II = 1> <Delay = 1.00> <Adapter> <Opcode : 'read' 'write' 'readreq' 'writereq' 'writeresp'>
ST_55 : Operation 261 [18/71] (3.65ns)   --->   "%gmem1_load_req = readreq i1 @_ssdm_op_ReadReq.m_axi.i128P1A, i128 %gmem1_addr, i64 1" [kernel.cpp:32]   --->   Operation 261 'readreq' 'gmem1_load_req' <Predicate = true> <Delay = 3.65> <CoreInst = "m_axi">   --->   Core 119 'm_axi' <Latency = 6> <II = 1> <Delay = 1.00> <Adapter> <Opcode : 'read' 'write' 'readreq' 'writereq' 'writeresp'>

State 56 <SV = 55> <Delay = 3.65>
ST_56 : Operation 262 [17/71] (3.65ns)   --->   "%gmem0_load_req = readreq i1 @_ssdm_op_ReadReq.m_axi.i128P1A, i128 %gmem0_addr, i64 1" [kernel.cpp:25]   --->   Operation 262 'readreq' 'gmem0_load_req' <Predicate = true> <Delay = 3.65> <CoreInst = "m_axi">   --->   Core 119 'm_axi' <Latency = 6> <II = 1> <Delay = 1.00> <Adapter> <Opcode : 'read' 'write' 'readreq' 'writereq' 'writeresp'>
ST_56 : Operation 263 [17/71] (3.65ns)   --->   "%gmem1_load_req = readreq i1 @_ssdm_op_ReadReq.m_axi.i128P1A, i128 %gmem1_addr, i64 1" [kernel.cpp:32]   --->   Operation 263 'readreq' 'gmem1_load_req' <Predicate = true> <Delay = 3.65> <CoreInst = "m_axi">   --->   Core 119 'm_axi' <Latency = 6> <II = 1> <Delay = 1.00> <Adapter> <Opcode : 'read' 'write' 'readreq' 'writereq' 'writeresp'>

State 57 <SV = 56> <Delay = 3.65>
ST_57 : Operation 264 [16/71] (3.65ns)   --->   "%gmem0_load_req = readreq i1 @_ssdm_op_ReadReq.m_axi.i128P1A, i128 %gmem0_addr, i64 1" [kernel.cpp:25]   --->   Operation 264 'readreq' 'gmem0_load_req' <Predicate = true> <Delay = 3.65> <CoreInst = "m_axi">   --->   Core 119 'm_axi' <Latency = 6> <II = 1> <Delay = 1.00> <Adapter> <Opcode : 'read' 'write' 'readreq' 'writereq' 'writeresp'>
ST_57 : Operation 265 [16/71] (3.65ns)   --->   "%gmem1_load_req = readreq i1 @_ssdm_op_ReadReq.m_axi.i128P1A, i128 %gmem1_addr, i64 1" [kernel.cpp:32]   --->   Operation 265 'readreq' 'gmem1_load_req' <Predicate = true> <Delay = 3.65> <CoreInst = "m_axi">   --->   Core 119 'm_axi' <Latency = 6> <II = 1> <Delay = 1.00> <Adapter> <Opcode : 'read' 'write' 'readreq' 'writereq' 'writeresp'>

State 58 <SV = 57> <Delay = 3.65>
ST_58 : Operation 266 [15/71] (3.65ns)   --->   "%gmem0_load_req = readreq i1 @_ssdm_op_ReadReq.m_axi.i128P1A, i128 %gmem0_addr, i64 1" [kernel.cpp:25]   --->   Operation 266 'readreq' 'gmem0_load_req' <Predicate = true> <Delay = 3.65> <CoreInst = "m_axi">   --->   Core 119 'm_axi' <Latency = 6> <II = 1> <Delay = 1.00> <Adapter> <Opcode : 'read' 'write' 'readreq' 'writereq' 'writeresp'>
ST_58 : Operation 267 [15/71] (3.65ns)   --->   "%gmem1_load_req = readreq i1 @_ssdm_op_ReadReq.m_axi.i128P1A, i128 %gmem1_addr, i64 1" [kernel.cpp:32]   --->   Operation 267 'readreq' 'gmem1_load_req' <Predicate = true> <Delay = 3.65> <CoreInst = "m_axi">   --->   Core 119 'm_axi' <Latency = 6> <II = 1> <Delay = 1.00> <Adapter> <Opcode : 'read' 'write' 'readreq' 'writereq' 'writeresp'>

State 59 <SV = 58> <Delay = 3.65>
ST_59 : Operation 268 [14/71] (3.65ns)   --->   "%gmem0_load_req = readreq i1 @_ssdm_op_ReadReq.m_axi.i128P1A, i128 %gmem0_addr, i64 1" [kernel.cpp:25]   --->   Operation 268 'readreq' 'gmem0_load_req' <Predicate = true> <Delay = 3.65> <CoreInst = "m_axi">   --->   Core 119 'm_axi' <Latency = 6> <II = 1> <Delay = 1.00> <Adapter> <Opcode : 'read' 'write' 'readreq' 'writereq' 'writeresp'>
ST_59 : Operation 269 [14/71] (3.65ns)   --->   "%gmem1_load_req = readreq i1 @_ssdm_op_ReadReq.m_axi.i128P1A, i128 %gmem1_addr, i64 1" [kernel.cpp:32]   --->   Operation 269 'readreq' 'gmem1_load_req' <Predicate = true> <Delay = 3.65> <CoreInst = "m_axi">   --->   Core 119 'm_axi' <Latency = 6> <II = 1> <Delay = 1.00> <Adapter> <Opcode : 'read' 'write' 'readreq' 'writereq' 'writeresp'>

State 60 <SV = 59> <Delay = 3.65>
ST_60 : Operation 270 [13/71] (3.65ns)   --->   "%gmem0_load_req = readreq i1 @_ssdm_op_ReadReq.m_axi.i128P1A, i128 %gmem0_addr, i64 1" [kernel.cpp:25]   --->   Operation 270 'readreq' 'gmem0_load_req' <Predicate = true> <Delay = 3.65> <CoreInst = "m_axi">   --->   Core 119 'm_axi' <Latency = 6> <II = 1> <Delay = 1.00> <Adapter> <Opcode : 'read' 'write' 'readreq' 'writereq' 'writeresp'>
ST_60 : Operation 271 [13/71] (3.65ns)   --->   "%gmem1_load_req = readreq i1 @_ssdm_op_ReadReq.m_axi.i128P1A, i128 %gmem1_addr, i64 1" [kernel.cpp:32]   --->   Operation 271 'readreq' 'gmem1_load_req' <Predicate = true> <Delay = 3.65> <CoreInst = "m_axi">   --->   Core 119 'm_axi' <Latency = 6> <II = 1> <Delay = 1.00> <Adapter> <Opcode : 'read' 'write' 'readreq' 'writereq' 'writeresp'>

State 61 <SV = 60> <Delay = 3.65>
ST_61 : Operation 272 [12/71] (3.65ns)   --->   "%gmem0_load_req = readreq i1 @_ssdm_op_ReadReq.m_axi.i128P1A, i128 %gmem0_addr, i64 1" [kernel.cpp:25]   --->   Operation 272 'readreq' 'gmem0_load_req' <Predicate = true> <Delay = 3.65> <CoreInst = "m_axi">   --->   Core 119 'm_axi' <Latency = 6> <II = 1> <Delay = 1.00> <Adapter> <Opcode : 'read' 'write' 'readreq' 'writereq' 'writeresp'>
ST_61 : Operation 273 [12/71] (3.65ns)   --->   "%gmem1_load_req = readreq i1 @_ssdm_op_ReadReq.m_axi.i128P1A, i128 %gmem1_addr, i64 1" [kernel.cpp:32]   --->   Operation 273 'readreq' 'gmem1_load_req' <Predicate = true> <Delay = 3.65> <CoreInst = "m_axi">   --->   Core 119 'm_axi' <Latency = 6> <II = 1> <Delay = 1.00> <Adapter> <Opcode : 'read' 'write' 'readreq' 'writereq' 'writeresp'>

State 62 <SV = 61> <Delay = 3.65>
ST_62 : Operation 274 [11/71] (3.65ns)   --->   "%gmem0_load_req = readreq i1 @_ssdm_op_ReadReq.m_axi.i128P1A, i128 %gmem0_addr, i64 1" [kernel.cpp:25]   --->   Operation 274 'readreq' 'gmem0_load_req' <Predicate = true> <Delay = 3.65> <CoreInst = "m_axi">   --->   Core 119 'm_axi' <Latency = 6> <II = 1> <Delay = 1.00> <Adapter> <Opcode : 'read' 'write' 'readreq' 'writereq' 'writeresp'>
ST_62 : Operation 275 [11/71] (3.65ns)   --->   "%gmem1_load_req = readreq i1 @_ssdm_op_ReadReq.m_axi.i128P1A, i128 %gmem1_addr, i64 1" [kernel.cpp:32]   --->   Operation 275 'readreq' 'gmem1_load_req' <Predicate = true> <Delay = 3.65> <CoreInst = "m_axi">   --->   Core 119 'm_axi' <Latency = 6> <II = 1> <Delay = 1.00> <Adapter> <Opcode : 'read' 'write' 'readreq' 'writereq' 'writeresp'>

State 63 <SV = 62> <Delay = 3.65>
ST_63 : Operation 276 [10/71] (3.65ns)   --->   "%gmem0_load_req = readreq i1 @_ssdm_op_ReadReq.m_axi.i128P1A, i128 %gmem0_addr, i64 1" [kernel.cpp:25]   --->   Operation 276 'readreq' 'gmem0_load_req' <Predicate = true> <Delay = 3.65> <CoreInst = "m_axi">   --->   Core 119 'm_axi' <Latency = 6> <II = 1> <Delay = 1.00> <Adapter> <Opcode : 'read' 'write' 'readreq' 'writereq' 'writeresp'>
ST_63 : Operation 277 [10/71] (3.65ns)   --->   "%gmem1_load_req = readreq i1 @_ssdm_op_ReadReq.m_axi.i128P1A, i128 %gmem1_addr, i64 1" [kernel.cpp:32]   --->   Operation 277 'readreq' 'gmem1_load_req' <Predicate = true> <Delay = 3.65> <CoreInst = "m_axi">   --->   Core 119 'm_axi' <Latency = 6> <II = 1> <Delay = 1.00> <Adapter> <Opcode : 'read' 'write' 'readreq' 'writereq' 'writeresp'>

State 64 <SV = 63> <Delay = 3.65>
ST_64 : Operation 278 [9/71] (3.65ns)   --->   "%gmem0_load_req = readreq i1 @_ssdm_op_ReadReq.m_axi.i128P1A, i128 %gmem0_addr, i64 1" [kernel.cpp:25]   --->   Operation 278 'readreq' 'gmem0_load_req' <Predicate = true> <Delay = 3.65> <CoreInst = "m_axi">   --->   Core 119 'm_axi' <Latency = 6> <II = 1> <Delay = 1.00> <Adapter> <Opcode : 'read' 'write' 'readreq' 'writereq' 'writeresp'>
ST_64 : Operation 279 [9/71] (3.65ns)   --->   "%gmem1_load_req = readreq i1 @_ssdm_op_ReadReq.m_axi.i128P1A, i128 %gmem1_addr, i64 1" [kernel.cpp:32]   --->   Operation 279 'readreq' 'gmem1_load_req' <Predicate = true> <Delay = 3.65> <CoreInst = "m_axi">   --->   Core 119 'm_axi' <Latency = 6> <II = 1> <Delay = 1.00> <Adapter> <Opcode : 'read' 'write' 'readreq' 'writereq' 'writeresp'>

State 65 <SV = 64> <Delay = 3.65>
ST_65 : Operation 280 [8/71] (3.65ns)   --->   "%gmem0_load_req = readreq i1 @_ssdm_op_ReadReq.m_axi.i128P1A, i128 %gmem0_addr, i64 1" [kernel.cpp:25]   --->   Operation 280 'readreq' 'gmem0_load_req' <Predicate = true> <Delay = 3.65> <CoreInst = "m_axi">   --->   Core 119 'm_axi' <Latency = 6> <II = 1> <Delay = 1.00> <Adapter> <Opcode : 'read' 'write' 'readreq' 'writereq' 'writeresp'>
ST_65 : Operation 281 [8/71] (3.65ns)   --->   "%gmem1_load_req = readreq i1 @_ssdm_op_ReadReq.m_axi.i128P1A, i128 %gmem1_addr, i64 1" [kernel.cpp:32]   --->   Operation 281 'readreq' 'gmem1_load_req' <Predicate = true> <Delay = 3.65> <CoreInst = "m_axi">   --->   Core 119 'm_axi' <Latency = 6> <II = 1> <Delay = 1.00> <Adapter> <Opcode : 'read' 'write' 'readreq' 'writereq' 'writeresp'>

State 66 <SV = 65> <Delay = 3.65>
ST_66 : Operation 282 [7/71] (3.65ns)   --->   "%gmem0_load_req = readreq i1 @_ssdm_op_ReadReq.m_axi.i128P1A, i128 %gmem0_addr, i64 1" [kernel.cpp:25]   --->   Operation 282 'readreq' 'gmem0_load_req' <Predicate = true> <Delay = 3.65> <CoreInst = "m_axi">   --->   Core 119 'm_axi' <Latency = 6> <II = 1> <Delay = 1.00> <Adapter> <Opcode : 'read' 'write' 'readreq' 'writereq' 'writeresp'>
ST_66 : Operation 283 [7/71] (3.65ns)   --->   "%gmem1_load_req = readreq i1 @_ssdm_op_ReadReq.m_axi.i128P1A, i128 %gmem1_addr, i64 1" [kernel.cpp:32]   --->   Operation 283 'readreq' 'gmem1_load_req' <Predicate = true> <Delay = 3.65> <CoreInst = "m_axi">   --->   Core 119 'm_axi' <Latency = 6> <II = 1> <Delay = 1.00> <Adapter> <Opcode : 'read' 'write' 'readreq' 'writereq' 'writeresp'>

State 67 <SV = 66> <Delay = 3.65>
ST_67 : Operation 284 [6/71] (3.65ns)   --->   "%gmem0_load_req = readreq i1 @_ssdm_op_ReadReq.m_axi.i128P1A, i128 %gmem0_addr, i64 1" [kernel.cpp:25]   --->   Operation 284 'readreq' 'gmem0_load_req' <Predicate = true> <Delay = 3.65> <CoreInst = "m_axi">   --->   Core 119 'm_axi' <Latency = 6> <II = 1> <Delay = 1.00> <Adapter> <Opcode : 'read' 'write' 'readreq' 'writereq' 'writeresp'>
ST_67 : Operation 285 [6/71] (3.65ns)   --->   "%gmem1_load_req = readreq i1 @_ssdm_op_ReadReq.m_axi.i128P1A, i128 %gmem1_addr, i64 1" [kernel.cpp:32]   --->   Operation 285 'readreq' 'gmem1_load_req' <Predicate = true> <Delay = 3.65> <CoreInst = "m_axi">   --->   Core 119 'm_axi' <Latency = 6> <II = 1> <Delay = 1.00> <Adapter> <Opcode : 'read' 'write' 'readreq' 'writereq' 'writeresp'>

State 68 <SV = 67> <Delay = 3.65>
ST_68 : Operation 286 [5/71] (3.65ns)   --->   "%gmem0_load_req = readreq i1 @_ssdm_op_ReadReq.m_axi.i128P1A, i128 %gmem0_addr, i64 1" [kernel.cpp:25]   --->   Operation 286 'readreq' 'gmem0_load_req' <Predicate = true> <Delay = 3.65> <CoreInst = "m_axi">   --->   Core 119 'm_axi' <Latency = 6> <II = 1> <Delay = 1.00> <Adapter> <Opcode : 'read' 'write' 'readreq' 'writereq' 'writeresp'>
ST_68 : Operation 287 [5/71] (3.65ns)   --->   "%gmem1_load_req = readreq i1 @_ssdm_op_ReadReq.m_axi.i128P1A, i128 %gmem1_addr, i64 1" [kernel.cpp:32]   --->   Operation 287 'readreq' 'gmem1_load_req' <Predicate = true> <Delay = 3.65> <CoreInst = "m_axi">   --->   Core 119 'm_axi' <Latency = 6> <II = 1> <Delay = 1.00> <Adapter> <Opcode : 'read' 'write' 'readreq' 'writereq' 'writeresp'>

State 69 <SV = 68> <Delay = 3.65>
ST_69 : Operation 288 [4/71] (3.65ns)   --->   "%gmem0_load_req = readreq i1 @_ssdm_op_ReadReq.m_axi.i128P1A, i128 %gmem0_addr, i64 1" [kernel.cpp:25]   --->   Operation 288 'readreq' 'gmem0_load_req' <Predicate = true> <Delay = 3.65> <CoreInst = "m_axi">   --->   Core 119 'm_axi' <Latency = 6> <II = 1> <Delay = 1.00> <Adapter> <Opcode : 'read' 'write' 'readreq' 'writereq' 'writeresp'>
ST_69 : Operation 289 [4/71] (3.65ns)   --->   "%gmem1_load_req = readreq i1 @_ssdm_op_ReadReq.m_axi.i128P1A, i128 %gmem1_addr, i64 1" [kernel.cpp:32]   --->   Operation 289 'readreq' 'gmem1_load_req' <Predicate = true> <Delay = 3.65> <CoreInst = "m_axi">   --->   Core 119 'm_axi' <Latency = 6> <II = 1> <Delay = 1.00> <Adapter> <Opcode : 'read' 'write' 'readreq' 'writereq' 'writeresp'>

State 70 <SV = 69> <Delay = 3.65>
ST_70 : Operation 290 [3/71] (3.65ns)   --->   "%gmem0_load_req = readreq i1 @_ssdm_op_ReadReq.m_axi.i128P1A, i128 %gmem0_addr, i64 1" [kernel.cpp:25]   --->   Operation 290 'readreq' 'gmem0_load_req' <Predicate = true> <Delay = 3.65> <CoreInst = "m_axi">   --->   Core 119 'm_axi' <Latency = 6> <II = 1> <Delay = 1.00> <Adapter> <Opcode : 'read' 'write' 'readreq' 'writereq' 'writeresp'>
ST_70 : Operation 291 [3/71] (3.65ns)   --->   "%gmem1_load_req = readreq i1 @_ssdm_op_ReadReq.m_axi.i128P1A, i128 %gmem1_addr, i64 1" [kernel.cpp:32]   --->   Operation 291 'readreq' 'gmem1_load_req' <Predicate = true> <Delay = 3.65> <CoreInst = "m_axi">   --->   Core 119 'm_axi' <Latency = 6> <II = 1> <Delay = 1.00> <Adapter> <Opcode : 'read' 'write' 'readreq' 'writereq' 'writeresp'>

State 71 <SV = 70> <Delay = 3.65>
ST_71 : Operation 292 [2/71] (3.65ns)   --->   "%gmem0_load_req = readreq i1 @_ssdm_op_ReadReq.m_axi.i128P1A, i128 %gmem0_addr, i64 1" [kernel.cpp:25]   --->   Operation 292 'readreq' 'gmem0_load_req' <Predicate = true> <Delay = 3.65> <CoreInst = "m_axi">   --->   Core 119 'm_axi' <Latency = 6> <II = 1> <Delay = 1.00> <Adapter> <Opcode : 'read' 'write' 'readreq' 'writereq' 'writeresp'>
ST_71 : Operation 293 [2/71] (3.65ns)   --->   "%gmem1_load_req = readreq i1 @_ssdm_op_ReadReq.m_axi.i128P1A, i128 %gmem1_addr, i64 1" [kernel.cpp:32]   --->   Operation 293 'readreq' 'gmem1_load_req' <Predicate = true> <Delay = 3.65> <CoreInst = "m_axi">   --->   Core 119 'm_axi' <Latency = 6> <II = 1> <Delay = 1.00> <Adapter> <Opcode : 'read' 'write' 'readreq' 'writereq' 'writeresp'>

State 72 <SV = 71> <Delay = 3.65>
ST_72 : Operation 294 [1/71] (3.65ns)   --->   "%gmem0_load_req = readreq i1 @_ssdm_op_ReadReq.m_axi.i128P1A, i128 %gmem0_addr, i64 1" [kernel.cpp:25]   --->   Operation 294 'readreq' 'gmem0_load_req' <Predicate = true> <Delay = 3.65> <CoreInst = "m_axi">   --->   Core 119 'm_axi' <Latency = 6> <II = 1> <Delay = 1.00> <Adapter> <Opcode : 'read' 'write' 'readreq' 'writereq' 'writeresp'>
ST_72 : Operation 295 [1/71] (3.65ns)   --->   "%gmem1_load_req = readreq i1 @_ssdm_op_ReadReq.m_axi.i128P1A, i128 %gmem1_addr, i64 1" [kernel.cpp:32]   --->   Operation 295 'readreq' 'gmem1_load_req' <Predicate = true> <Delay = 3.65> <CoreInst = "m_axi">   --->   Core 119 'm_axi' <Latency = 6> <II = 1> <Delay = 1.00> <Adapter> <Opcode : 'read' 'write' 'readreq' 'writereq' 'writeresp'>

State 73 <SV = 72> <Delay = 3.65>
ST_73 : Operation 296 [1/1] (3.65ns)   --->   "%gmem0_addr_read = read i128 @_ssdm_op_Read.m_axi.i128P1A, i128 %gmem0_addr" [kernel.cpp:25]   --->   Operation 296 'read' 'gmem0_addr_read' <Predicate = true> <Delay = 3.65> <CoreInst = "m_axi">   --->   Core 119 'm_axi' <Latency = 3> <II = 1> <Delay = 1.00> <Adapter> <Opcode : 'read' 'write' 'readreq' 'writereq' 'writeresp'>
ST_73 : Operation 297 [1/1] (0.00ns)   --->   "%trunc_ln25 = trunc i128 %gmem0_addr_read" [kernel.cpp:25]   --->   Operation 297 'trunc' 'trunc_ln25' <Predicate = true> <Delay = 0.00>
ST_73 : Operation 298 [1/1] (0.00ns)   --->   "%trunc_ln25_1 = partselect i8 @_ssdm_op_PartSelect.i8.i128.i32.i32, i128 %gmem0_addr_read, i32 8, i32 15" [kernel.cpp:25]   --->   Operation 298 'partselect' 'trunc_ln25_1' <Predicate = true> <Delay = 0.00>
ST_73 : Operation 299 [1/1] (0.00ns)   --->   "%trunc_ln25_2 = partselect i8 @_ssdm_op_PartSelect.i8.i128.i32.i32, i128 %gmem0_addr_read, i32 16, i32 23" [kernel.cpp:25]   --->   Operation 299 'partselect' 'trunc_ln25_2' <Predicate = true> <Delay = 0.00>
ST_73 : Operation 300 [1/1] (0.00ns)   --->   "%trunc_ln25_3 = partselect i8 @_ssdm_op_PartSelect.i8.i128.i32.i32, i128 %gmem0_addr_read, i32 24, i32 31" [kernel.cpp:25]   --->   Operation 300 'partselect' 'trunc_ln25_3' <Predicate = true> <Delay = 0.00>
ST_73 : Operation 301 [1/1] (0.00ns)   --->   "%trunc_ln25_4 = partselect i8 @_ssdm_op_PartSelect.i8.i128.i32.i32, i128 %gmem0_addr_read, i32 32, i32 39" [kernel.cpp:25]   --->   Operation 301 'partselect' 'trunc_ln25_4' <Predicate = true> <Delay = 0.00>
ST_73 : Operation 302 [1/1] (0.00ns)   --->   "%trunc_ln25_5 = partselect i8 @_ssdm_op_PartSelect.i8.i128.i32.i32, i128 %gmem0_addr_read, i32 40, i32 47" [kernel.cpp:25]   --->   Operation 302 'partselect' 'trunc_ln25_5' <Predicate = true> <Delay = 0.00>
ST_73 : Operation 303 [1/1] (0.00ns)   --->   "%trunc_ln25_6 = partselect i8 @_ssdm_op_PartSelect.i8.i128.i32.i32, i128 %gmem0_addr_read, i32 48, i32 55" [kernel.cpp:25]   --->   Operation 303 'partselect' 'trunc_ln25_6' <Predicate = true> <Delay = 0.00>
ST_73 : Operation 304 [1/1] (0.00ns)   --->   "%trunc_ln25_7 = partselect i8 @_ssdm_op_PartSelect.i8.i128.i32.i32, i128 %gmem0_addr_read, i32 56, i32 63" [kernel.cpp:25]   --->   Operation 304 'partselect' 'trunc_ln25_7' <Predicate = true> <Delay = 0.00>
ST_73 : Operation 305 [1/1] (0.00ns)   --->   "%trunc_ln25_8 = partselect i8 @_ssdm_op_PartSelect.i8.i128.i32.i32, i128 %gmem0_addr_read, i32 64, i32 71" [kernel.cpp:25]   --->   Operation 305 'partselect' 'trunc_ln25_8' <Predicate = true> <Delay = 0.00>
ST_73 : Operation 306 [1/1] (0.00ns)   --->   "%trunc_ln25_9 = partselect i8 @_ssdm_op_PartSelect.i8.i128.i32.i32, i128 %gmem0_addr_read, i32 72, i32 79" [kernel.cpp:25]   --->   Operation 306 'partselect' 'trunc_ln25_9' <Predicate = true> <Delay = 0.00>
ST_73 : Operation 307 [1/1] (0.00ns)   --->   "%trunc_ln25_10 = partselect i8 @_ssdm_op_PartSelect.i8.i128.i32.i32, i128 %gmem0_addr_read, i32 80, i32 87" [kernel.cpp:25]   --->   Operation 307 'partselect' 'trunc_ln25_10' <Predicate = true> <Delay = 0.00>
ST_73 : Operation 308 [1/1] (0.00ns)   --->   "%trunc_ln25_11 = partselect i8 @_ssdm_op_PartSelect.i8.i128.i32.i32, i128 %gmem0_addr_read, i32 88, i32 95" [kernel.cpp:25]   --->   Operation 308 'partselect' 'trunc_ln25_11' <Predicate = true> <Delay = 0.00>
ST_73 : Operation 309 [1/1] (0.00ns)   --->   "%trunc_ln25_12 = partselect i8 @_ssdm_op_PartSelect.i8.i128.i32.i32, i128 %gmem0_addr_read, i32 96, i32 103" [kernel.cpp:25]   --->   Operation 309 'partselect' 'trunc_ln25_12' <Predicate = true> <Delay = 0.00>
ST_73 : Operation 310 [1/1] (0.00ns)   --->   "%trunc_ln25_13 = partselect i8 @_ssdm_op_PartSelect.i8.i128.i32.i32, i128 %gmem0_addr_read, i32 104, i32 111" [kernel.cpp:25]   --->   Operation 310 'partselect' 'trunc_ln25_13' <Predicate = true> <Delay = 0.00>
ST_73 : Operation 311 [1/1] (0.00ns)   --->   "%trunc_ln25_14 = partselect i8 @_ssdm_op_PartSelect.i8.i128.i32.i32, i128 %gmem0_addr_read, i32 112, i32 119" [kernel.cpp:25]   --->   Operation 311 'partselect' 'trunc_ln25_14' <Predicate = true> <Delay = 0.00>
ST_73 : Operation 312 [1/1] (0.00ns)   --->   "%trunc_ln25_15 = partselect i8 @_ssdm_op_PartSelect.i8.i128.i32.i32, i128 %gmem0_addr_read, i32 120, i32 127" [kernel.cpp:25]   --->   Operation 312 'partselect' 'trunc_ln25_15' <Predicate = true> <Delay = 0.00>
ST_73 : Operation 313 [1/1] (3.65ns)   --->   "%gmem1_addr_read = read i128 @_ssdm_op_Read.m_axi.i128P1A, i128 %gmem1_addr" [kernel.cpp:32]   --->   Operation 313 'read' 'gmem1_addr_read' <Predicate = true> <Delay = 3.65> <CoreInst = "m_axi">   --->   Core 119 'm_axi' <Latency = 3> <II = 1> <Delay = 1.00> <Adapter> <Opcode : 'read' 'write' 'readreq' 'writereq' 'writeresp'>
ST_73 : Operation 314 [1/1] (0.00ns)   --->   "%trunc_ln32 = trunc i128 %gmem1_addr_read" [kernel.cpp:32]   --->   Operation 314 'trunc' 'trunc_ln32' <Predicate = true> <Delay = 0.00>
ST_73 : Operation 315 [1/1] (0.00ns)   --->   "%trunc_ln32_1 = partselect i8 @_ssdm_op_PartSelect.i8.i128.i32.i32, i128 %gmem1_addr_read, i32 8, i32 15" [kernel.cpp:32]   --->   Operation 315 'partselect' 'trunc_ln32_1' <Predicate = true> <Delay = 0.00>
ST_73 : Operation 316 [1/1] (0.00ns)   --->   "%trunc_ln32_2 = partselect i8 @_ssdm_op_PartSelect.i8.i128.i32.i32, i128 %gmem1_addr_read, i32 16, i32 23" [kernel.cpp:32]   --->   Operation 316 'partselect' 'trunc_ln32_2' <Predicate = true> <Delay = 0.00>
ST_73 : Operation 317 [1/1] (0.00ns)   --->   "%trunc_ln32_3 = partselect i8 @_ssdm_op_PartSelect.i8.i128.i32.i32, i128 %gmem1_addr_read, i32 24, i32 31" [kernel.cpp:32]   --->   Operation 317 'partselect' 'trunc_ln32_3' <Predicate = true> <Delay = 0.00>
ST_73 : Operation 318 [1/1] (0.00ns)   --->   "%trunc_ln32_4 = partselect i8 @_ssdm_op_PartSelect.i8.i128.i32.i32, i128 %gmem1_addr_read, i32 32, i32 39" [kernel.cpp:32]   --->   Operation 318 'partselect' 'trunc_ln32_4' <Predicate = true> <Delay = 0.00>
ST_73 : Operation 319 [1/1] (0.00ns)   --->   "%trunc_ln32_5 = partselect i8 @_ssdm_op_PartSelect.i8.i128.i32.i32, i128 %gmem1_addr_read, i32 40, i32 47" [kernel.cpp:32]   --->   Operation 319 'partselect' 'trunc_ln32_5' <Predicate = true> <Delay = 0.00>
ST_73 : Operation 320 [1/1] (0.00ns)   --->   "%trunc_ln32_6 = partselect i8 @_ssdm_op_PartSelect.i8.i128.i32.i32, i128 %gmem1_addr_read, i32 48, i32 55" [kernel.cpp:32]   --->   Operation 320 'partselect' 'trunc_ln32_6' <Predicate = true> <Delay = 0.00>
ST_73 : Operation 321 [1/1] (0.00ns)   --->   "%trunc_ln32_7 = partselect i8 @_ssdm_op_PartSelect.i8.i128.i32.i32, i128 %gmem1_addr_read, i32 56, i32 63" [kernel.cpp:32]   --->   Operation 321 'partselect' 'trunc_ln32_7' <Predicate = true> <Delay = 0.00>
ST_73 : Operation 322 [1/1] (0.00ns)   --->   "%trunc_ln32_8 = partselect i8 @_ssdm_op_PartSelect.i8.i128.i32.i32, i128 %gmem1_addr_read, i32 64, i32 71" [kernel.cpp:32]   --->   Operation 322 'partselect' 'trunc_ln32_8' <Predicate = true> <Delay = 0.00>
ST_73 : Operation 323 [1/1] (0.00ns)   --->   "%trunc_ln32_9 = partselect i8 @_ssdm_op_PartSelect.i8.i128.i32.i32, i128 %gmem1_addr_read, i32 72, i32 79" [kernel.cpp:32]   --->   Operation 323 'partselect' 'trunc_ln32_9' <Predicate = true> <Delay = 0.00>
ST_73 : Operation 324 [1/1] (0.00ns)   --->   "%trunc_ln32_10 = partselect i8 @_ssdm_op_PartSelect.i8.i128.i32.i32, i128 %gmem1_addr_read, i32 80, i32 87" [kernel.cpp:32]   --->   Operation 324 'partselect' 'trunc_ln32_10' <Predicate = true> <Delay = 0.00>
ST_73 : Operation 325 [1/1] (0.00ns)   --->   "%trunc_ln32_11 = partselect i8 @_ssdm_op_PartSelect.i8.i128.i32.i32, i128 %gmem1_addr_read, i32 88, i32 95" [kernel.cpp:32]   --->   Operation 325 'partselect' 'trunc_ln32_11' <Predicate = true> <Delay = 0.00>
ST_73 : Operation 326 [1/1] (0.00ns)   --->   "%trunc_ln32_12 = partselect i8 @_ssdm_op_PartSelect.i8.i128.i32.i32, i128 %gmem1_addr_read, i32 96, i32 103" [kernel.cpp:32]   --->   Operation 326 'partselect' 'trunc_ln32_12' <Predicate = true> <Delay = 0.00>
ST_73 : Operation 327 [1/1] (0.00ns)   --->   "%trunc_ln32_13 = partselect i8 @_ssdm_op_PartSelect.i8.i128.i32.i32, i128 %gmem1_addr_read, i32 104, i32 111" [kernel.cpp:32]   --->   Operation 327 'partselect' 'trunc_ln32_13' <Predicate = true> <Delay = 0.00>
ST_73 : Operation 328 [1/1] (0.00ns)   --->   "%trunc_ln32_14 = partselect i8 @_ssdm_op_PartSelect.i8.i128.i32.i32, i128 %gmem1_addr_read, i32 112, i32 119" [kernel.cpp:32]   --->   Operation 328 'partselect' 'trunc_ln32_14' <Predicate = true> <Delay = 0.00>
ST_73 : Operation 329 [1/1] (0.00ns)   --->   "%trunc_ln32_15 = partselect i8 @_ssdm_op_PartSelect.i8.i128.i32.i32, i128 %gmem1_addr_read, i32 120, i32 127" [kernel.cpp:32]   --->   Operation 329 'partselect' 'trunc_ln32_15' <Predicate = true> <Delay = 0.00>

State 74 <SV = 73> <Delay = 3.65>
ST_74 : Operation 330 [1/1] (0.00ns)   --->   "%sext_ln39 = sext i8 %trunc_ln25" [kernel.cpp:39]   --->   Operation 330 'sext' 'sext_ln39' <Predicate = true> <Delay = 0.00>
ST_74 : Operation 331 [1/1] (0.00ns)   --->   "%sext_ln39_1 = sext i8 %trunc_ln32" [kernel.cpp:39]   --->   Operation 331 'sext' 'sext_ln39_1' <Predicate = true> <Delay = 0.00>
ST_74 : Operation 332 [1/1] (0.70ns)   --->   "%add_ln39 = add i9 %sext_ln39_1, i9 %sext_ln39" [kernel.cpp:39]   --->   Operation 332 'add' 'add_ln39' <Predicate = true> <Delay = 0.70> <CoreInst = "Adder">   --->   Core 1 'Adder' <Latency = 0> <II = 1> <Delay = 0.70> <FuncUnit> <Opcode : 'add' 'sub'> <InPorts = 2> <OutPorts = 1>
ST_74 : Operation 333 [1/1] (0.00ns)   --->   "%sext_ln39_3 = sext i8 %trunc_ln25_1" [kernel.cpp:39]   --->   Operation 333 'sext' 'sext_ln39_3' <Predicate = true> <Delay = 0.00>
ST_74 : Operation 334 [1/1] (0.00ns)   --->   "%sext_ln39_4 = sext i8 %trunc_ln32_1" [kernel.cpp:39]   --->   Operation 334 'sext' 'sext_ln39_4' <Predicate = true> <Delay = 0.00>
ST_74 : Operation 335 [1/1] (0.70ns)   --->   "%add_ln39_1 = add i9 %sext_ln39_4, i9 %sext_ln39_3" [kernel.cpp:39]   --->   Operation 335 'add' 'add_ln39_1' <Predicate = true> <Delay = 0.70> <CoreInst = "Adder">   --->   Core 1 'Adder' <Latency = 0> <II = 1> <Delay = 0.70> <FuncUnit> <Opcode : 'add' 'sub'> <InPorts = 2> <OutPorts = 1>
ST_74 : Operation 336 [1/1] (0.00ns)   --->   "%sext_ln39_5 = sext i8 %trunc_ln25_2" [kernel.cpp:39]   --->   Operation 336 'sext' 'sext_ln39_5' <Predicate = true> <Delay = 0.00>
ST_74 : Operation 337 [1/1] (0.00ns)   --->   "%sext_ln39_6 = sext i8 %trunc_ln32_2" [kernel.cpp:39]   --->   Operation 337 'sext' 'sext_ln39_6' <Predicate = true> <Delay = 0.00>
ST_74 : Operation 338 [1/1] (0.70ns)   --->   "%add_ln39_2 = add i9 %sext_ln39_6, i9 %sext_ln39_5" [kernel.cpp:39]   --->   Operation 338 'add' 'add_ln39_2' <Predicate = true> <Delay = 0.70> <CoreInst = "Adder">   --->   Core 1 'Adder' <Latency = 0> <II = 1> <Delay = 0.70> <FuncUnit> <Opcode : 'add' 'sub'> <InPorts = 2> <OutPorts = 1>
ST_74 : Operation 339 [1/1] (0.00ns)   --->   "%sext_ln39_7 = sext i8 %trunc_ln25_3" [kernel.cpp:39]   --->   Operation 339 'sext' 'sext_ln39_7' <Predicate = true> <Delay = 0.00>
ST_74 : Operation 340 [1/1] (0.00ns)   --->   "%sext_ln39_8 = sext i8 %trunc_ln32_3" [kernel.cpp:39]   --->   Operation 340 'sext' 'sext_ln39_8' <Predicate = true> <Delay = 0.00>
ST_74 : Operation 341 [1/1] (0.70ns)   --->   "%add_ln39_3 = add i9 %sext_ln39_8, i9 %sext_ln39_7" [kernel.cpp:39]   --->   Operation 341 'add' 'add_ln39_3' <Predicate = true> <Delay = 0.70> <CoreInst = "Adder">   --->   Core 1 'Adder' <Latency = 0> <II = 1> <Delay = 0.70> <FuncUnit> <Opcode : 'add' 'sub'> <InPorts = 2> <OutPorts = 1>
ST_74 : Operation 342 [1/1] (0.00ns)   --->   "%sext_ln39_9 = sext i8 %trunc_ln25_4" [kernel.cpp:39]   --->   Operation 342 'sext' 'sext_ln39_9' <Predicate = true> <Delay = 0.00>
ST_74 : Operation 343 [1/1] (0.00ns)   --->   "%sext_ln39_10 = sext i8 %trunc_ln32_4" [kernel.cpp:39]   --->   Operation 343 'sext' 'sext_ln39_10' <Predicate = true> <Delay = 0.00>
ST_74 : Operation 344 [1/1] (0.70ns)   --->   "%add_ln39_4 = add i9 %sext_ln39_10, i9 %sext_ln39_9" [kernel.cpp:39]   --->   Operation 344 'add' 'add_ln39_4' <Predicate = true> <Delay = 0.70> <CoreInst = "Adder">   --->   Core 1 'Adder' <Latency = 0> <II = 1> <Delay = 0.70> <FuncUnit> <Opcode : 'add' 'sub'> <InPorts = 2> <OutPorts = 1>
ST_74 : Operation 345 [1/1] (0.00ns)   --->   "%sext_ln39_11 = sext i8 %trunc_ln25_5" [kernel.cpp:39]   --->   Operation 345 'sext' 'sext_ln39_11' <Predicate = true> <Delay = 0.00>
ST_74 : Operation 346 [1/1] (0.00ns)   --->   "%sext_ln39_12 = sext i8 %trunc_ln32_5" [kernel.cpp:39]   --->   Operation 346 'sext' 'sext_ln39_12' <Predicate = true> <Delay = 0.00>
ST_74 : Operation 347 [1/1] (0.70ns)   --->   "%add_ln39_5 = add i9 %sext_ln39_12, i9 %sext_ln39_11" [kernel.cpp:39]   --->   Operation 347 'add' 'add_ln39_5' <Predicate = true> <Delay = 0.70> <CoreInst = "Adder">   --->   Core 1 'Adder' <Latency = 0> <II = 1> <Delay = 0.70> <FuncUnit> <Opcode : 'add' 'sub'> <InPorts = 2> <OutPorts = 1>
ST_74 : Operation 348 [1/1] (0.00ns)   --->   "%sext_ln39_13 = sext i8 %trunc_ln25_6" [kernel.cpp:39]   --->   Operation 348 'sext' 'sext_ln39_13' <Predicate = true> <Delay = 0.00>
ST_74 : Operation 349 [1/1] (0.00ns)   --->   "%sext_ln39_14 = sext i8 %trunc_ln32_6" [kernel.cpp:39]   --->   Operation 349 'sext' 'sext_ln39_14' <Predicate = true> <Delay = 0.00>
ST_74 : Operation 350 [1/1] (0.70ns)   --->   "%add_ln39_6 = add i9 %sext_ln39_14, i9 %sext_ln39_13" [kernel.cpp:39]   --->   Operation 350 'add' 'add_ln39_6' <Predicate = true> <Delay = 0.70> <CoreInst = "Adder">   --->   Core 1 'Adder' <Latency = 0> <II = 1> <Delay = 0.70> <FuncUnit> <Opcode : 'add' 'sub'> <InPorts = 2> <OutPorts = 1>
ST_74 : Operation 351 [1/1] (0.00ns)   --->   "%sext_ln39_15 = sext i8 %trunc_ln25_7" [kernel.cpp:39]   --->   Operation 351 'sext' 'sext_ln39_15' <Predicate = true> <Delay = 0.00>
ST_74 : Operation 352 [1/1] (0.00ns)   --->   "%sext_ln39_16 = sext i8 %trunc_ln32_7" [kernel.cpp:39]   --->   Operation 352 'sext' 'sext_ln39_16' <Predicate = true> <Delay = 0.00>
ST_74 : Operation 353 [1/1] (0.70ns)   --->   "%add_ln39_7 = add i9 %sext_ln39_16, i9 %sext_ln39_15" [kernel.cpp:39]   --->   Operation 353 'add' 'add_ln39_7' <Predicate = true> <Delay = 0.70> <CoreInst = "Adder">   --->   Core 1 'Adder' <Latency = 0> <II = 1> <Delay = 0.70> <FuncUnit> <Opcode : 'add' 'sub'> <InPorts = 2> <OutPorts = 1>
ST_74 : Operation 354 [1/1] (0.00ns)   --->   "%sext_ln39_17 = sext i8 %trunc_ln25_8" [kernel.cpp:39]   --->   Operation 354 'sext' 'sext_ln39_17' <Predicate = true> <Delay = 0.00>
ST_74 : Operation 355 [1/1] (0.00ns)   --->   "%sext_ln39_18 = sext i8 %trunc_ln32_8" [kernel.cpp:39]   --->   Operation 355 'sext' 'sext_ln39_18' <Predicate = true> <Delay = 0.00>
ST_74 : Operation 356 [1/1] (0.70ns)   --->   "%add_ln39_8 = add i9 %sext_ln39_18, i9 %sext_ln39_17" [kernel.cpp:39]   --->   Operation 356 'add' 'add_ln39_8' <Predicate = true> <Delay = 0.70> <CoreInst = "Adder">   --->   Core 1 'Adder' <Latency = 0> <II = 1> <Delay = 0.70> <FuncUnit> <Opcode : 'add' 'sub'> <InPorts = 2> <OutPorts = 1>
ST_74 : Operation 357 [1/1] (0.00ns)   --->   "%sext_ln39_19 = sext i8 %trunc_ln25_9" [kernel.cpp:39]   --->   Operation 357 'sext' 'sext_ln39_19' <Predicate = true> <Delay = 0.00>
ST_74 : Operation 358 [1/1] (0.00ns)   --->   "%sext_ln39_20 = sext i8 %trunc_ln32_9" [kernel.cpp:39]   --->   Operation 358 'sext' 'sext_ln39_20' <Predicate = true> <Delay = 0.00>
ST_74 : Operation 359 [1/1] (0.70ns)   --->   "%add_ln39_9 = add i9 %sext_ln39_20, i9 %sext_ln39_19" [kernel.cpp:39]   --->   Operation 359 'add' 'add_ln39_9' <Predicate = true> <Delay = 0.70> <CoreInst = "Adder">   --->   Core 1 'Adder' <Latency = 0> <II = 1> <Delay = 0.70> <FuncUnit> <Opcode : 'add' 'sub'> <InPorts = 2> <OutPorts = 1>
ST_74 : Operation 360 [1/1] (0.00ns)   --->   "%sext_ln39_21 = sext i8 %trunc_ln25_10" [kernel.cpp:39]   --->   Operation 360 'sext' 'sext_ln39_21' <Predicate = true> <Delay = 0.00>
ST_74 : Operation 361 [1/1] (0.00ns)   --->   "%sext_ln39_22 = sext i8 %trunc_ln32_10" [kernel.cpp:39]   --->   Operation 361 'sext' 'sext_ln39_22' <Predicate = true> <Delay = 0.00>
ST_74 : Operation 362 [1/1] (0.70ns)   --->   "%add_ln39_10 = add i9 %sext_ln39_22, i9 %sext_ln39_21" [kernel.cpp:39]   --->   Operation 362 'add' 'add_ln39_10' <Predicate = true> <Delay = 0.70> <CoreInst = "Adder">   --->   Core 1 'Adder' <Latency = 0> <II = 1> <Delay = 0.70> <FuncUnit> <Opcode : 'add' 'sub'> <InPorts = 2> <OutPorts = 1>
ST_74 : Operation 363 [1/1] (0.00ns)   --->   "%sext_ln39_23 = sext i8 %trunc_ln25_11" [kernel.cpp:39]   --->   Operation 363 'sext' 'sext_ln39_23' <Predicate = true> <Delay = 0.00>
ST_74 : Operation 364 [1/1] (0.00ns)   --->   "%sext_ln39_24 = sext i8 %trunc_ln32_11" [kernel.cpp:39]   --->   Operation 364 'sext' 'sext_ln39_24' <Predicate = true> <Delay = 0.00>
ST_74 : Operation 365 [1/1] (0.70ns)   --->   "%add_ln39_11 = add i9 %sext_ln39_24, i9 %sext_ln39_23" [kernel.cpp:39]   --->   Operation 365 'add' 'add_ln39_11' <Predicate = true> <Delay = 0.70> <CoreInst = "Adder">   --->   Core 1 'Adder' <Latency = 0> <II = 1> <Delay = 0.70> <FuncUnit> <Opcode : 'add' 'sub'> <InPorts = 2> <OutPorts = 1>
ST_74 : Operation 366 [1/1] (0.00ns)   --->   "%sext_ln39_25 = sext i8 %trunc_ln25_12" [kernel.cpp:39]   --->   Operation 366 'sext' 'sext_ln39_25' <Predicate = true> <Delay = 0.00>
ST_74 : Operation 367 [1/1] (0.00ns)   --->   "%sext_ln39_26 = sext i8 %trunc_ln32_12" [kernel.cpp:39]   --->   Operation 367 'sext' 'sext_ln39_26' <Predicate = true> <Delay = 0.00>
ST_74 : Operation 368 [1/1] (0.70ns)   --->   "%add_ln39_12 = add i9 %sext_ln39_26, i9 %sext_ln39_25" [kernel.cpp:39]   --->   Operation 368 'add' 'add_ln39_12' <Predicate = true> <Delay = 0.70> <CoreInst = "Adder">   --->   Core 1 'Adder' <Latency = 0> <II = 1> <Delay = 0.70> <FuncUnit> <Opcode : 'add' 'sub'> <InPorts = 2> <OutPorts = 1>
ST_74 : Operation 369 [1/1] (0.00ns)   --->   "%sext_ln39_27 = sext i8 %trunc_ln25_13" [kernel.cpp:39]   --->   Operation 369 'sext' 'sext_ln39_27' <Predicate = true> <Delay = 0.00>
ST_74 : Operation 370 [1/1] (0.00ns)   --->   "%sext_ln39_28 = sext i8 %trunc_ln32_13" [kernel.cpp:39]   --->   Operation 370 'sext' 'sext_ln39_28' <Predicate = true> <Delay = 0.00>
ST_74 : Operation 371 [1/1] (0.70ns)   --->   "%add_ln39_13 = add i9 %sext_ln39_28, i9 %sext_ln39_27" [kernel.cpp:39]   --->   Operation 371 'add' 'add_ln39_13' <Predicate = true> <Delay = 0.70> <CoreInst = "Adder">   --->   Core 1 'Adder' <Latency = 0> <II = 1> <Delay = 0.70> <FuncUnit> <Opcode : 'add' 'sub'> <InPorts = 2> <OutPorts = 1>
ST_74 : Operation 372 [1/1] (0.00ns)   --->   "%sext_ln39_29 = sext i8 %trunc_ln25_14" [kernel.cpp:39]   --->   Operation 372 'sext' 'sext_ln39_29' <Predicate = true> <Delay = 0.00>
ST_74 : Operation 373 [1/1] (0.00ns)   --->   "%sext_ln39_30 = sext i8 %trunc_ln32_14" [kernel.cpp:39]   --->   Operation 373 'sext' 'sext_ln39_30' <Predicate = true> <Delay = 0.00>
ST_74 : Operation 374 [1/1] (0.70ns)   --->   "%add_ln39_14 = add i9 %sext_ln39_30, i9 %sext_ln39_29" [kernel.cpp:39]   --->   Operation 374 'add' 'add_ln39_14' <Predicate = true> <Delay = 0.70> <CoreInst = "Adder">   --->   Core 1 'Adder' <Latency = 0> <II = 1> <Delay = 0.70> <FuncUnit> <Opcode : 'add' 'sub'> <InPorts = 2> <OutPorts = 1>
ST_74 : Operation 375 [1/1] (0.00ns)   --->   "%sext_ln39_31 = sext i8 %trunc_ln25_15" [kernel.cpp:39]   --->   Operation 375 'sext' 'sext_ln39_31' <Predicate = true> <Delay = 0.00>
ST_74 : Operation 376 [1/1] (0.00ns)   --->   "%sext_ln39_32 = sext i8 %trunc_ln32_15" [kernel.cpp:39]   --->   Operation 376 'sext' 'sext_ln39_32' <Predicate = true> <Delay = 0.00>
ST_74 : Operation 377 [1/1] (0.70ns)   --->   "%add_ln39_15 = add i9 %sext_ln39_32, i9 %sext_ln39_31" [kernel.cpp:39]   --->   Operation 377 'add' 'add_ln39_15' <Predicate = true> <Delay = 0.70> <CoreInst = "Adder">   --->   Core 1 'Adder' <Latency = 0> <II = 1> <Delay = 0.70> <FuncUnit> <Opcode : 'add' 'sub'> <InPorts = 2> <OutPorts = 1>
ST_74 : Operation 378 [1/1] (0.00ns)   --->   "%sext_ln48_1 = sext i59 %trunc_ln2" [kernel.cpp:48]   --->   Operation 378 'sext' 'sext_ln48_1' <Predicate = true> <Delay = 0.00>
ST_74 : Operation 379 [1/1] (0.00ns)   --->   "%gmem2_addr = getelementptr i256 %gmem2, i64 %sext_ln48_1" [kernel.cpp:48]   --->   Operation 379 'getelementptr' 'gmem2_addr' <Predicate = true> <Delay = 0.00>
ST_74 : Operation 380 [1/1] (3.65ns)   --->   "%gmem2_addr_req = writereq i1 @_ssdm_op_WriteReq.m_axi.i256P1A, i256 %gmem2_addr, i64 1" [kernel.cpp:48]   --->   Operation 380 'writereq' 'gmem2_addr_req' <Predicate = true> <Delay = 3.65> <CoreInst = "m_axi">   --->   Core 119 'm_axi' <Latency = 9> <II = 1> <Delay = 1.00> <Adapter> <Opcode : 'read' 'write' 'readreq' 'writereq' 'writeresp'>

State 75 <SV = 74> <Delay = 3.65>
ST_75 : Operation 381 [1/1] (0.00ns)   --->   "%sext_ln39_2 = sext i9 %add_ln39" [kernel.cpp:39]   --->   Operation 381 'sext' 'sext_ln39_2' <Predicate = true> <Delay = 0.00>
ST_75 : Operation 382 [1/1] (0.00ns)   --->   "%sext_ln48 = sext i9 %add_ln39_1" [kernel.cpp:48]   --->   Operation 382 'sext' 'sext_ln48' <Predicate = true> <Delay = 0.00>
ST_75 : Operation 383 [1/1] (0.00ns)   --->   "%sext_ln48_2 = sext i9 %add_ln39_3" [kernel.cpp:48]   --->   Operation 383 'sext' 'sext_ln48_2' <Predicate = true> <Delay = 0.00>
ST_75 : Operation 384 [1/1] (0.00ns)   --->   "%sext_ln48_3 = sext i9 %add_ln39_5" [kernel.cpp:48]   --->   Operation 384 'sext' 'sext_ln48_3' <Predicate = true> <Delay = 0.00>
ST_75 : Operation 385 [1/1] (0.00ns)   --->   "%sext_ln48_4 = sext i9 %add_ln39_7" [kernel.cpp:48]   --->   Operation 385 'sext' 'sext_ln48_4' <Predicate = true> <Delay = 0.00>
ST_75 : Operation 386 [1/1] (0.00ns)   --->   "%sext_ln48_5 = sext i9 %add_ln39_9" [kernel.cpp:48]   --->   Operation 386 'sext' 'sext_ln48_5' <Predicate = true> <Delay = 0.00>
ST_75 : Operation 387 [1/1] (0.00ns)   --->   "%sext_ln48_6 = sext i9 %add_ln39_11" [kernel.cpp:48]   --->   Operation 387 'sext' 'sext_ln48_6' <Predicate = true> <Delay = 0.00>
ST_75 : Operation 388 [1/1] (0.00ns)   --->   "%tmp = bitconcatenate i25 @_ssdm_op_BitConcatenate.i25.i9.i16, i9 %add_ln39_2, i16 %sext_ln48" [kernel.cpp:48]   --->   Operation 388 'bitconcatenate' 'tmp' <Predicate = true> <Delay = 0.00>
ST_75 : Operation 389 [1/1] (0.00ns)   --->   "%sext_ln48_7 = sext i25 %tmp" [kernel.cpp:48]   --->   Operation 389 'sext' 'sext_ln48_7' <Predicate = true> <Delay = 0.00>
ST_75 : Operation 390 [1/1] (0.00ns)   --->   "%tmp_1 = bitconcatenate i25 @_ssdm_op_BitConcatenate.i25.i9.i16, i9 %add_ln39_4, i16 %sext_ln48_2" [kernel.cpp:48]   --->   Operation 390 'bitconcatenate' 'tmp_1' <Predicate = true> <Delay = 0.00>
ST_75 : Operation 391 [1/1] (0.00ns)   --->   "%sext_ln48_8 = sext i25 %tmp_1" [kernel.cpp:48]   --->   Operation 391 'sext' 'sext_ln48_8' <Predicate = true> <Delay = 0.00>
ST_75 : Operation 392 [1/1] (0.00ns)   --->   "%tmp_2 = bitconcatenate i105 @_ssdm_op_BitConcatenate.i105.i9.i16.i32.i32.i16, i9 %add_ln39_6, i16 %sext_ln48_3, i32 %sext_ln48_8, i32 %sext_ln48_7, i16 %sext_ln39_2" [kernel.cpp:48]   --->   Operation 392 'bitconcatenate' 'tmp_2' <Predicate = true> <Delay = 0.00>
ST_75 : Operation 393 [1/1] (0.00ns)   --->   "%sext_ln48_9 = sext i105 %tmp_2" [kernel.cpp:48]   --->   Operation 393 'sext' 'sext_ln48_9' <Predicate = true> <Delay = 0.00>
ST_75 : Operation 394 [1/1] (0.00ns)   --->   "%tmp_3 = bitconcatenate i25 @_ssdm_op_BitConcatenate.i25.i9.i16, i9 %add_ln39_8, i16 %sext_ln48_4" [kernel.cpp:48]   --->   Operation 394 'bitconcatenate' 'tmp_3' <Predicate = true> <Delay = 0.00>
ST_75 : Operation 395 [1/1] (0.00ns)   --->   "%sext_ln48_10 = sext i25 %tmp_3" [kernel.cpp:48]   --->   Operation 395 'sext' 'sext_ln48_10' <Predicate = true> <Delay = 0.00>
ST_75 : Operation 396 [1/1] (0.00ns)   --->   "%tmp_4 = bitconcatenate i57 @_ssdm_op_BitConcatenate.i57.i9.i16.i32, i9 %add_ln39_10, i16 %sext_ln48_5, i32 %sext_ln48_10" [kernel.cpp:48]   --->   Operation 396 'bitconcatenate' 'tmp_4' <Predicate = true> <Delay = 0.00>
ST_75 : Operation 397 [1/1] (0.00ns)   --->   "%sext_ln48_11 = sext i57 %tmp_4" [kernel.cpp:48]   --->   Operation 397 'sext' 'sext_ln48_11' <Predicate = true> <Delay = 0.00>
ST_75 : Operation 398 [1/1] (0.00ns)   --->   "%tmp_5 = bitconcatenate i89 @_ssdm_op_BitConcatenate.i89.i9.i16.i64, i9 %add_ln39_12, i16 %sext_ln48_6, i64 %sext_ln48_11" [kernel.cpp:48]   --->   Operation 398 'bitconcatenate' 'tmp_5' <Predicate = true> <Delay = 0.00>
ST_75 : Operation 399 [1/1] (0.00ns)   --->   "%sext_ln48_12 = sext i89 %tmp_5" [kernel.cpp:48]   --->   Operation 399 'sext' 'sext_ln48_12' <Predicate = true> <Delay = 0.00>
ST_75 : Operation 400 [1/1] (0.00ns)   --->   "%sext_ln48_13 = sext i9 %add_ln39_13" [kernel.cpp:48]   --->   Operation 400 'sext' 'sext_ln48_13' <Predicate = true> <Delay = 0.00>
ST_75 : Operation 401 [1/1] (0.00ns)   --->   "%sext_ln48_14 = sext i9 %add_ln39_14" [kernel.cpp:48]   --->   Operation 401 'sext' 'sext_ln48_14' <Predicate = true> <Delay = 0.00>
ST_75 : Operation 402 [1/1] (0.00ns)   --->   "%or_ln48_s = bitconcatenate i249 @_ssdm_op_BitConcatenate.i249.i9.i16.i16.i96.i112, i9 %add_ln39_15, i16 %sext_ln48_14, i16 %sext_ln48_13, i96 %sext_ln48_12, i112 %sext_ln48_9" [kernel.cpp:48]   --->   Operation 402 'bitconcatenate' 'or_ln48_s' <Predicate = true> <Delay = 0.00>
ST_75 : Operation 403 [1/1] (0.00ns)   --->   "%sext_ln48_15 = sext i249 %or_ln48_s" [kernel.cpp:48]   --->   Operation 403 'sext' 'sext_ln48_15' <Predicate = true> <Delay = 0.00>
ST_75 : Operation 404 [1/1] (3.65ns)   --->   "%write_ln48 = write void @_ssdm_op_Write.m_axi.i256P1A, i256 %gmem2_addr, i256 %sext_ln48_15, i32 4294967295" [kernel.cpp:48]   --->   Operation 404 'write' 'write_ln48' <Predicate = true> <Delay = 3.65> <CoreInst = "m_axi">   --->   Core 119 'm_axi' <Latency = 5> <II = 1> <Delay = 1.00> <Adapter> <Opcode : 'read' 'write' 'readreq' 'writereq' 'writeresp'>

State 76 <SV = 75> <Delay = 3.65>
ST_76 : Operation 405 [68/68] (3.65ns)   --->   "%gmem2_addr_resp = writeresp i1 @_ssdm_op_WriteResp.m_axi.i256P1A, i256 %gmem2_addr" [kernel.cpp:48]   --->   Operation 405 'writeresp' 'gmem2_addr_resp' <Predicate = true> <Delay = 3.65> <CoreInst = "m_axi">   --->   Core 119 'm_axi' <Latency = 3> <II = 1> <Delay = 1.00> <Adapter> <Opcode : 'read' 'write' 'readreq' 'writereq' 'writeresp'>

State 77 <SV = 76> <Delay = 3.65>
ST_77 : Operation 406 [67/68] (3.65ns)   --->   "%gmem2_addr_resp = writeresp i1 @_ssdm_op_WriteResp.m_axi.i256P1A, i256 %gmem2_addr" [kernel.cpp:48]   --->   Operation 406 'writeresp' 'gmem2_addr_resp' <Predicate = true> <Delay = 3.65> <CoreInst = "m_axi">   --->   Core 119 'm_axi' <Latency = 3> <II = 1> <Delay = 1.00> <Adapter> <Opcode : 'read' 'write' 'readreq' 'writereq' 'writeresp'>

State 78 <SV = 77> <Delay = 3.65>
ST_78 : Operation 407 [66/68] (3.65ns)   --->   "%gmem2_addr_resp = writeresp i1 @_ssdm_op_WriteResp.m_axi.i256P1A, i256 %gmem2_addr" [kernel.cpp:48]   --->   Operation 407 'writeresp' 'gmem2_addr_resp' <Predicate = true> <Delay = 3.65> <CoreInst = "m_axi">   --->   Core 119 'm_axi' <Latency = 3> <II = 1> <Delay = 1.00> <Adapter> <Opcode : 'read' 'write' 'readreq' 'writereq' 'writeresp'>

State 79 <SV = 78> <Delay = 3.65>
ST_79 : Operation 408 [65/68] (3.65ns)   --->   "%gmem2_addr_resp = writeresp i1 @_ssdm_op_WriteResp.m_axi.i256P1A, i256 %gmem2_addr" [kernel.cpp:48]   --->   Operation 408 'writeresp' 'gmem2_addr_resp' <Predicate = true> <Delay = 3.65> <CoreInst = "m_axi">   --->   Core 119 'm_axi' <Latency = 3> <II = 1> <Delay = 1.00> <Adapter> <Opcode : 'read' 'write' 'readreq' 'writereq' 'writeresp'>

State 80 <SV = 79> <Delay = 3.65>
ST_80 : Operation 409 [64/68] (3.65ns)   --->   "%gmem2_addr_resp = writeresp i1 @_ssdm_op_WriteResp.m_axi.i256P1A, i256 %gmem2_addr" [kernel.cpp:48]   --->   Operation 409 'writeresp' 'gmem2_addr_resp' <Predicate = true> <Delay = 3.65> <CoreInst = "m_axi">   --->   Core 119 'm_axi' <Latency = 3> <II = 1> <Delay = 1.00> <Adapter> <Opcode : 'read' 'write' 'readreq' 'writereq' 'writeresp'>

State 81 <SV = 80> <Delay = 3.65>
ST_81 : Operation 410 [63/68] (3.65ns)   --->   "%gmem2_addr_resp = writeresp i1 @_ssdm_op_WriteResp.m_axi.i256P1A, i256 %gmem2_addr" [kernel.cpp:48]   --->   Operation 410 'writeresp' 'gmem2_addr_resp' <Predicate = true> <Delay = 3.65> <CoreInst = "m_axi">   --->   Core 119 'm_axi' <Latency = 3> <II = 1> <Delay = 1.00> <Adapter> <Opcode : 'read' 'write' 'readreq' 'writereq' 'writeresp'>

State 82 <SV = 81> <Delay = 3.65>
ST_82 : Operation 411 [62/68] (3.65ns)   --->   "%gmem2_addr_resp = writeresp i1 @_ssdm_op_WriteResp.m_axi.i256P1A, i256 %gmem2_addr" [kernel.cpp:48]   --->   Operation 411 'writeresp' 'gmem2_addr_resp' <Predicate = true> <Delay = 3.65> <CoreInst = "m_axi">   --->   Core 119 'm_axi' <Latency = 3> <II = 1> <Delay = 1.00> <Adapter> <Opcode : 'read' 'write' 'readreq' 'writereq' 'writeresp'>

State 83 <SV = 82> <Delay = 3.65>
ST_83 : Operation 412 [61/68] (3.65ns)   --->   "%gmem2_addr_resp = writeresp i1 @_ssdm_op_WriteResp.m_axi.i256P1A, i256 %gmem2_addr" [kernel.cpp:48]   --->   Operation 412 'writeresp' 'gmem2_addr_resp' <Predicate = true> <Delay = 3.65> <CoreInst = "m_axi">   --->   Core 119 'm_axi' <Latency = 3> <II = 1> <Delay = 1.00> <Adapter> <Opcode : 'read' 'write' 'readreq' 'writereq' 'writeresp'>

State 84 <SV = 83> <Delay = 3.65>
ST_84 : Operation 413 [60/68] (3.65ns)   --->   "%gmem2_addr_resp = writeresp i1 @_ssdm_op_WriteResp.m_axi.i256P1A, i256 %gmem2_addr" [kernel.cpp:48]   --->   Operation 413 'writeresp' 'gmem2_addr_resp' <Predicate = true> <Delay = 3.65> <CoreInst = "m_axi">   --->   Core 119 'm_axi' <Latency = 3> <II = 1> <Delay = 1.00> <Adapter> <Opcode : 'read' 'write' 'readreq' 'writereq' 'writeresp'>

State 85 <SV = 84> <Delay = 3.65>
ST_85 : Operation 414 [59/68] (3.65ns)   --->   "%gmem2_addr_resp = writeresp i1 @_ssdm_op_WriteResp.m_axi.i256P1A, i256 %gmem2_addr" [kernel.cpp:48]   --->   Operation 414 'writeresp' 'gmem2_addr_resp' <Predicate = true> <Delay = 3.65> <CoreInst = "m_axi">   --->   Core 119 'm_axi' <Latency = 3> <II = 1> <Delay = 1.00> <Adapter> <Opcode : 'read' 'write' 'readreq' 'writereq' 'writeresp'>

State 86 <SV = 85> <Delay = 3.65>
ST_86 : Operation 415 [58/68] (3.65ns)   --->   "%gmem2_addr_resp = writeresp i1 @_ssdm_op_WriteResp.m_axi.i256P1A, i256 %gmem2_addr" [kernel.cpp:48]   --->   Operation 415 'writeresp' 'gmem2_addr_resp' <Predicate = true> <Delay = 3.65> <CoreInst = "m_axi">   --->   Core 119 'm_axi' <Latency = 3> <II = 1> <Delay = 1.00> <Adapter> <Opcode : 'read' 'write' 'readreq' 'writereq' 'writeresp'>

State 87 <SV = 86> <Delay = 3.65>
ST_87 : Operation 416 [57/68] (3.65ns)   --->   "%gmem2_addr_resp = writeresp i1 @_ssdm_op_WriteResp.m_axi.i256P1A, i256 %gmem2_addr" [kernel.cpp:48]   --->   Operation 416 'writeresp' 'gmem2_addr_resp' <Predicate = true> <Delay = 3.65> <CoreInst = "m_axi">   --->   Core 119 'm_axi' <Latency = 3> <II = 1> <Delay = 1.00> <Adapter> <Opcode : 'read' 'write' 'readreq' 'writereq' 'writeresp'>

State 88 <SV = 87> <Delay = 3.65>
ST_88 : Operation 417 [56/68] (3.65ns)   --->   "%gmem2_addr_resp = writeresp i1 @_ssdm_op_WriteResp.m_axi.i256P1A, i256 %gmem2_addr" [kernel.cpp:48]   --->   Operation 417 'writeresp' 'gmem2_addr_resp' <Predicate = true> <Delay = 3.65> <CoreInst = "m_axi">   --->   Core 119 'm_axi' <Latency = 3> <II = 1> <Delay = 1.00> <Adapter> <Opcode : 'read' 'write' 'readreq' 'writereq' 'writeresp'>

State 89 <SV = 88> <Delay = 3.65>
ST_89 : Operation 418 [55/68] (3.65ns)   --->   "%gmem2_addr_resp = writeresp i1 @_ssdm_op_WriteResp.m_axi.i256P1A, i256 %gmem2_addr" [kernel.cpp:48]   --->   Operation 418 'writeresp' 'gmem2_addr_resp' <Predicate = true> <Delay = 3.65> <CoreInst = "m_axi">   --->   Core 119 'm_axi' <Latency = 3> <II = 1> <Delay = 1.00> <Adapter> <Opcode : 'read' 'write' 'readreq' 'writereq' 'writeresp'>

State 90 <SV = 89> <Delay = 3.65>
ST_90 : Operation 419 [54/68] (3.65ns)   --->   "%gmem2_addr_resp = writeresp i1 @_ssdm_op_WriteResp.m_axi.i256P1A, i256 %gmem2_addr" [kernel.cpp:48]   --->   Operation 419 'writeresp' 'gmem2_addr_resp' <Predicate = true> <Delay = 3.65> <CoreInst = "m_axi">   --->   Core 119 'm_axi' <Latency = 3> <II = 1> <Delay = 1.00> <Adapter> <Opcode : 'read' 'write' 'readreq' 'writereq' 'writeresp'>

State 91 <SV = 90> <Delay = 3.65>
ST_91 : Operation 420 [53/68] (3.65ns)   --->   "%gmem2_addr_resp = writeresp i1 @_ssdm_op_WriteResp.m_axi.i256P1A, i256 %gmem2_addr" [kernel.cpp:48]   --->   Operation 420 'writeresp' 'gmem2_addr_resp' <Predicate = true> <Delay = 3.65> <CoreInst = "m_axi">   --->   Core 119 'm_axi' <Latency = 3> <II = 1> <Delay = 1.00> <Adapter> <Opcode : 'read' 'write' 'readreq' 'writereq' 'writeresp'>

State 92 <SV = 91> <Delay = 3.65>
ST_92 : Operation 421 [52/68] (3.65ns)   --->   "%gmem2_addr_resp = writeresp i1 @_ssdm_op_WriteResp.m_axi.i256P1A, i256 %gmem2_addr" [kernel.cpp:48]   --->   Operation 421 'writeresp' 'gmem2_addr_resp' <Predicate = true> <Delay = 3.65> <CoreInst = "m_axi">   --->   Core 119 'm_axi' <Latency = 3> <II = 1> <Delay = 1.00> <Adapter> <Opcode : 'read' 'write' 'readreq' 'writereq' 'writeresp'>

State 93 <SV = 92> <Delay = 3.65>
ST_93 : Operation 422 [51/68] (3.65ns)   --->   "%gmem2_addr_resp = writeresp i1 @_ssdm_op_WriteResp.m_axi.i256P1A, i256 %gmem2_addr" [kernel.cpp:48]   --->   Operation 422 'writeresp' 'gmem2_addr_resp' <Predicate = true> <Delay = 3.65> <CoreInst = "m_axi">   --->   Core 119 'm_axi' <Latency = 3> <II = 1> <Delay = 1.00> <Adapter> <Opcode : 'read' 'write' 'readreq' 'writereq' 'writeresp'>

State 94 <SV = 93> <Delay = 3.65>
ST_94 : Operation 423 [50/68] (3.65ns)   --->   "%gmem2_addr_resp = writeresp i1 @_ssdm_op_WriteResp.m_axi.i256P1A, i256 %gmem2_addr" [kernel.cpp:48]   --->   Operation 423 'writeresp' 'gmem2_addr_resp' <Predicate = true> <Delay = 3.65> <CoreInst = "m_axi">   --->   Core 119 'm_axi' <Latency = 3> <II = 1> <Delay = 1.00> <Adapter> <Opcode : 'read' 'write' 'readreq' 'writereq' 'writeresp'>

State 95 <SV = 94> <Delay = 3.65>
ST_95 : Operation 424 [49/68] (3.65ns)   --->   "%gmem2_addr_resp = writeresp i1 @_ssdm_op_WriteResp.m_axi.i256P1A, i256 %gmem2_addr" [kernel.cpp:48]   --->   Operation 424 'writeresp' 'gmem2_addr_resp' <Predicate = true> <Delay = 3.65> <CoreInst = "m_axi">   --->   Core 119 'm_axi' <Latency = 3> <II = 1> <Delay = 1.00> <Adapter> <Opcode : 'read' 'write' 'readreq' 'writereq' 'writeresp'>

State 96 <SV = 95> <Delay = 3.65>
ST_96 : Operation 425 [48/68] (3.65ns)   --->   "%gmem2_addr_resp = writeresp i1 @_ssdm_op_WriteResp.m_axi.i256P1A, i256 %gmem2_addr" [kernel.cpp:48]   --->   Operation 425 'writeresp' 'gmem2_addr_resp' <Predicate = true> <Delay = 3.65> <CoreInst = "m_axi">   --->   Core 119 'm_axi' <Latency = 3> <II = 1> <Delay = 1.00> <Adapter> <Opcode : 'read' 'write' 'readreq' 'writereq' 'writeresp'>

State 97 <SV = 96> <Delay = 3.65>
ST_97 : Operation 426 [47/68] (3.65ns)   --->   "%gmem2_addr_resp = writeresp i1 @_ssdm_op_WriteResp.m_axi.i256P1A, i256 %gmem2_addr" [kernel.cpp:48]   --->   Operation 426 'writeresp' 'gmem2_addr_resp' <Predicate = true> <Delay = 3.65> <CoreInst = "m_axi">   --->   Core 119 'm_axi' <Latency = 3> <II = 1> <Delay = 1.00> <Adapter> <Opcode : 'read' 'write' 'readreq' 'writereq' 'writeresp'>

State 98 <SV = 97> <Delay = 3.65>
ST_98 : Operation 427 [46/68] (3.65ns)   --->   "%gmem2_addr_resp = writeresp i1 @_ssdm_op_WriteResp.m_axi.i256P1A, i256 %gmem2_addr" [kernel.cpp:48]   --->   Operation 427 'writeresp' 'gmem2_addr_resp' <Predicate = true> <Delay = 3.65> <CoreInst = "m_axi">   --->   Core 119 'm_axi' <Latency = 3> <II = 1> <Delay = 1.00> <Adapter> <Opcode : 'read' 'write' 'readreq' 'writereq' 'writeresp'>

State 99 <SV = 98> <Delay = 3.65>
ST_99 : Operation 428 [45/68] (3.65ns)   --->   "%gmem2_addr_resp = writeresp i1 @_ssdm_op_WriteResp.m_axi.i256P1A, i256 %gmem2_addr" [kernel.cpp:48]   --->   Operation 428 'writeresp' 'gmem2_addr_resp' <Predicate = true> <Delay = 3.65> <CoreInst = "m_axi">   --->   Core 119 'm_axi' <Latency = 3> <II = 1> <Delay = 1.00> <Adapter> <Opcode : 'read' 'write' 'readreq' 'writereq' 'writeresp'>

State 100 <SV = 99> <Delay = 3.65>
ST_100 : Operation 429 [44/68] (3.65ns)   --->   "%gmem2_addr_resp = writeresp i1 @_ssdm_op_WriteResp.m_axi.i256P1A, i256 %gmem2_addr" [kernel.cpp:48]   --->   Operation 429 'writeresp' 'gmem2_addr_resp' <Predicate = true> <Delay = 3.65> <CoreInst = "m_axi">   --->   Core 119 'm_axi' <Latency = 3> <II = 1> <Delay = 1.00> <Adapter> <Opcode : 'read' 'write' 'readreq' 'writereq' 'writeresp'>

State 101 <SV = 100> <Delay = 3.65>
ST_101 : Operation 430 [43/68] (3.65ns)   --->   "%gmem2_addr_resp = writeresp i1 @_ssdm_op_WriteResp.m_axi.i256P1A, i256 %gmem2_addr" [kernel.cpp:48]   --->   Operation 430 'writeresp' 'gmem2_addr_resp' <Predicate = true> <Delay = 3.65> <CoreInst = "m_axi">   --->   Core 119 'm_axi' <Latency = 3> <II = 1> <Delay = 1.00> <Adapter> <Opcode : 'read' 'write' 'readreq' 'writereq' 'writeresp'>

State 102 <SV = 101> <Delay = 3.65>
ST_102 : Operation 431 [42/68] (3.65ns)   --->   "%gmem2_addr_resp = writeresp i1 @_ssdm_op_WriteResp.m_axi.i256P1A, i256 %gmem2_addr" [kernel.cpp:48]   --->   Operation 431 'writeresp' 'gmem2_addr_resp' <Predicate = true> <Delay = 3.65> <CoreInst = "m_axi">   --->   Core 119 'm_axi' <Latency = 3> <II = 1> <Delay = 1.00> <Adapter> <Opcode : 'read' 'write' 'readreq' 'writereq' 'writeresp'>

State 103 <SV = 102> <Delay = 3.65>
ST_103 : Operation 432 [41/68] (3.65ns)   --->   "%gmem2_addr_resp = writeresp i1 @_ssdm_op_WriteResp.m_axi.i256P1A, i256 %gmem2_addr" [kernel.cpp:48]   --->   Operation 432 'writeresp' 'gmem2_addr_resp' <Predicate = true> <Delay = 3.65> <CoreInst = "m_axi">   --->   Core 119 'm_axi' <Latency = 3> <II = 1> <Delay = 1.00> <Adapter> <Opcode : 'read' 'write' 'readreq' 'writereq' 'writeresp'>

State 104 <SV = 103> <Delay = 3.65>
ST_104 : Operation 433 [40/68] (3.65ns)   --->   "%gmem2_addr_resp = writeresp i1 @_ssdm_op_WriteResp.m_axi.i256P1A, i256 %gmem2_addr" [kernel.cpp:48]   --->   Operation 433 'writeresp' 'gmem2_addr_resp' <Predicate = true> <Delay = 3.65> <CoreInst = "m_axi">   --->   Core 119 'm_axi' <Latency = 3> <II = 1> <Delay = 1.00> <Adapter> <Opcode : 'read' 'write' 'readreq' 'writereq' 'writeresp'>

State 105 <SV = 104> <Delay = 3.65>
ST_105 : Operation 434 [39/68] (3.65ns)   --->   "%gmem2_addr_resp = writeresp i1 @_ssdm_op_WriteResp.m_axi.i256P1A, i256 %gmem2_addr" [kernel.cpp:48]   --->   Operation 434 'writeresp' 'gmem2_addr_resp' <Predicate = true> <Delay = 3.65> <CoreInst = "m_axi">   --->   Core 119 'm_axi' <Latency = 3> <II = 1> <Delay = 1.00> <Adapter> <Opcode : 'read' 'write' 'readreq' 'writereq' 'writeresp'>

State 106 <SV = 105> <Delay = 3.65>
ST_106 : Operation 435 [38/68] (3.65ns)   --->   "%gmem2_addr_resp = writeresp i1 @_ssdm_op_WriteResp.m_axi.i256P1A, i256 %gmem2_addr" [kernel.cpp:48]   --->   Operation 435 'writeresp' 'gmem2_addr_resp' <Predicate = true> <Delay = 3.65> <CoreInst = "m_axi">   --->   Core 119 'm_axi' <Latency = 3> <II = 1> <Delay = 1.00> <Adapter> <Opcode : 'read' 'write' 'readreq' 'writereq' 'writeresp'>

State 107 <SV = 106> <Delay = 3.65>
ST_107 : Operation 436 [37/68] (3.65ns)   --->   "%gmem2_addr_resp = writeresp i1 @_ssdm_op_WriteResp.m_axi.i256P1A, i256 %gmem2_addr" [kernel.cpp:48]   --->   Operation 436 'writeresp' 'gmem2_addr_resp' <Predicate = true> <Delay = 3.65> <CoreInst = "m_axi">   --->   Core 119 'm_axi' <Latency = 3> <II = 1> <Delay = 1.00> <Adapter> <Opcode : 'read' 'write' 'readreq' 'writereq' 'writeresp'>

State 108 <SV = 107> <Delay = 3.65>
ST_108 : Operation 437 [36/68] (3.65ns)   --->   "%gmem2_addr_resp = writeresp i1 @_ssdm_op_WriteResp.m_axi.i256P1A, i256 %gmem2_addr" [kernel.cpp:48]   --->   Operation 437 'writeresp' 'gmem2_addr_resp' <Predicate = true> <Delay = 3.65> <CoreInst = "m_axi">   --->   Core 119 'm_axi' <Latency = 3> <II = 1> <Delay = 1.00> <Adapter> <Opcode : 'read' 'write' 'readreq' 'writereq' 'writeresp'>

State 109 <SV = 108> <Delay = 3.65>
ST_109 : Operation 438 [35/68] (3.65ns)   --->   "%gmem2_addr_resp = writeresp i1 @_ssdm_op_WriteResp.m_axi.i256P1A, i256 %gmem2_addr" [kernel.cpp:48]   --->   Operation 438 'writeresp' 'gmem2_addr_resp' <Predicate = true> <Delay = 3.65> <CoreInst = "m_axi">   --->   Core 119 'm_axi' <Latency = 3> <II = 1> <Delay = 1.00> <Adapter> <Opcode : 'read' 'write' 'readreq' 'writereq' 'writeresp'>

State 110 <SV = 109> <Delay = 3.65>
ST_110 : Operation 439 [34/68] (3.65ns)   --->   "%gmem2_addr_resp = writeresp i1 @_ssdm_op_WriteResp.m_axi.i256P1A, i256 %gmem2_addr" [kernel.cpp:48]   --->   Operation 439 'writeresp' 'gmem2_addr_resp' <Predicate = true> <Delay = 3.65> <CoreInst = "m_axi">   --->   Core 119 'm_axi' <Latency = 3> <II = 1> <Delay = 1.00> <Adapter> <Opcode : 'read' 'write' 'readreq' 'writereq' 'writeresp'>

State 111 <SV = 110> <Delay = 3.65>
ST_111 : Operation 440 [33/68] (3.65ns)   --->   "%gmem2_addr_resp = writeresp i1 @_ssdm_op_WriteResp.m_axi.i256P1A, i256 %gmem2_addr" [kernel.cpp:48]   --->   Operation 440 'writeresp' 'gmem2_addr_resp' <Predicate = true> <Delay = 3.65> <CoreInst = "m_axi">   --->   Core 119 'm_axi' <Latency = 3> <II = 1> <Delay = 1.00> <Adapter> <Opcode : 'read' 'write' 'readreq' 'writereq' 'writeresp'>

State 112 <SV = 111> <Delay = 3.65>
ST_112 : Operation 441 [32/68] (3.65ns)   --->   "%gmem2_addr_resp = writeresp i1 @_ssdm_op_WriteResp.m_axi.i256P1A, i256 %gmem2_addr" [kernel.cpp:48]   --->   Operation 441 'writeresp' 'gmem2_addr_resp' <Predicate = true> <Delay = 3.65> <CoreInst = "m_axi">   --->   Core 119 'm_axi' <Latency = 3> <II = 1> <Delay = 1.00> <Adapter> <Opcode : 'read' 'write' 'readreq' 'writereq' 'writeresp'>

State 113 <SV = 112> <Delay = 3.65>
ST_113 : Operation 442 [31/68] (3.65ns)   --->   "%gmem2_addr_resp = writeresp i1 @_ssdm_op_WriteResp.m_axi.i256P1A, i256 %gmem2_addr" [kernel.cpp:48]   --->   Operation 442 'writeresp' 'gmem2_addr_resp' <Predicate = true> <Delay = 3.65> <CoreInst = "m_axi">   --->   Core 119 'm_axi' <Latency = 3> <II = 1> <Delay = 1.00> <Adapter> <Opcode : 'read' 'write' 'readreq' 'writereq' 'writeresp'>

State 114 <SV = 113> <Delay = 3.65>
ST_114 : Operation 443 [30/68] (3.65ns)   --->   "%gmem2_addr_resp = writeresp i1 @_ssdm_op_WriteResp.m_axi.i256P1A, i256 %gmem2_addr" [kernel.cpp:48]   --->   Operation 443 'writeresp' 'gmem2_addr_resp' <Predicate = true> <Delay = 3.65> <CoreInst = "m_axi">   --->   Core 119 'm_axi' <Latency = 3> <II = 1> <Delay = 1.00> <Adapter> <Opcode : 'read' 'write' 'readreq' 'writereq' 'writeresp'>

State 115 <SV = 114> <Delay = 3.65>
ST_115 : Operation 444 [29/68] (3.65ns)   --->   "%gmem2_addr_resp = writeresp i1 @_ssdm_op_WriteResp.m_axi.i256P1A, i256 %gmem2_addr" [kernel.cpp:48]   --->   Operation 444 'writeresp' 'gmem2_addr_resp' <Predicate = true> <Delay = 3.65> <CoreInst = "m_axi">   --->   Core 119 'm_axi' <Latency = 3> <II = 1> <Delay = 1.00> <Adapter> <Opcode : 'read' 'write' 'readreq' 'writereq' 'writeresp'>

State 116 <SV = 115> <Delay = 3.65>
ST_116 : Operation 445 [28/68] (3.65ns)   --->   "%gmem2_addr_resp = writeresp i1 @_ssdm_op_WriteResp.m_axi.i256P1A, i256 %gmem2_addr" [kernel.cpp:48]   --->   Operation 445 'writeresp' 'gmem2_addr_resp' <Predicate = true> <Delay = 3.65> <CoreInst = "m_axi">   --->   Core 119 'm_axi' <Latency = 3> <II = 1> <Delay = 1.00> <Adapter> <Opcode : 'read' 'write' 'readreq' 'writereq' 'writeresp'>

State 117 <SV = 116> <Delay = 3.65>
ST_117 : Operation 446 [27/68] (3.65ns)   --->   "%gmem2_addr_resp = writeresp i1 @_ssdm_op_WriteResp.m_axi.i256P1A, i256 %gmem2_addr" [kernel.cpp:48]   --->   Operation 446 'writeresp' 'gmem2_addr_resp' <Predicate = true> <Delay = 3.65> <CoreInst = "m_axi">   --->   Core 119 'm_axi' <Latency = 3> <II = 1> <Delay = 1.00> <Adapter> <Opcode : 'read' 'write' 'readreq' 'writereq' 'writeresp'>

State 118 <SV = 117> <Delay = 3.65>
ST_118 : Operation 447 [26/68] (3.65ns)   --->   "%gmem2_addr_resp = writeresp i1 @_ssdm_op_WriteResp.m_axi.i256P1A, i256 %gmem2_addr" [kernel.cpp:48]   --->   Operation 447 'writeresp' 'gmem2_addr_resp' <Predicate = true> <Delay = 3.65> <CoreInst = "m_axi">   --->   Core 119 'm_axi' <Latency = 3> <II = 1> <Delay = 1.00> <Adapter> <Opcode : 'read' 'write' 'readreq' 'writereq' 'writeresp'>

State 119 <SV = 118> <Delay = 3.65>
ST_119 : Operation 448 [25/68] (3.65ns)   --->   "%gmem2_addr_resp = writeresp i1 @_ssdm_op_WriteResp.m_axi.i256P1A, i256 %gmem2_addr" [kernel.cpp:48]   --->   Operation 448 'writeresp' 'gmem2_addr_resp' <Predicate = true> <Delay = 3.65> <CoreInst = "m_axi">   --->   Core 119 'm_axi' <Latency = 3> <II = 1> <Delay = 1.00> <Adapter> <Opcode : 'read' 'write' 'readreq' 'writereq' 'writeresp'>

State 120 <SV = 119> <Delay = 3.65>
ST_120 : Operation 449 [24/68] (3.65ns)   --->   "%gmem2_addr_resp = writeresp i1 @_ssdm_op_WriteResp.m_axi.i256P1A, i256 %gmem2_addr" [kernel.cpp:48]   --->   Operation 449 'writeresp' 'gmem2_addr_resp' <Predicate = true> <Delay = 3.65> <CoreInst = "m_axi">   --->   Core 119 'm_axi' <Latency = 3> <II = 1> <Delay = 1.00> <Adapter> <Opcode : 'read' 'write' 'readreq' 'writereq' 'writeresp'>

State 121 <SV = 120> <Delay = 3.65>
ST_121 : Operation 450 [23/68] (3.65ns)   --->   "%gmem2_addr_resp = writeresp i1 @_ssdm_op_WriteResp.m_axi.i256P1A, i256 %gmem2_addr" [kernel.cpp:48]   --->   Operation 450 'writeresp' 'gmem2_addr_resp' <Predicate = true> <Delay = 3.65> <CoreInst = "m_axi">   --->   Core 119 'm_axi' <Latency = 3> <II = 1> <Delay = 1.00> <Adapter> <Opcode : 'read' 'write' 'readreq' 'writereq' 'writeresp'>

State 122 <SV = 121> <Delay = 3.65>
ST_122 : Operation 451 [22/68] (3.65ns)   --->   "%gmem2_addr_resp = writeresp i1 @_ssdm_op_WriteResp.m_axi.i256P1A, i256 %gmem2_addr" [kernel.cpp:48]   --->   Operation 451 'writeresp' 'gmem2_addr_resp' <Predicate = true> <Delay = 3.65> <CoreInst = "m_axi">   --->   Core 119 'm_axi' <Latency = 3> <II = 1> <Delay = 1.00> <Adapter> <Opcode : 'read' 'write' 'readreq' 'writereq' 'writeresp'>

State 123 <SV = 122> <Delay = 3.65>
ST_123 : Operation 452 [21/68] (3.65ns)   --->   "%gmem2_addr_resp = writeresp i1 @_ssdm_op_WriteResp.m_axi.i256P1A, i256 %gmem2_addr" [kernel.cpp:48]   --->   Operation 452 'writeresp' 'gmem2_addr_resp' <Predicate = true> <Delay = 3.65> <CoreInst = "m_axi">   --->   Core 119 'm_axi' <Latency = 3> <II = 1> <Delay = 1.00> <Adapter> <Opcode : 'read' 'write' 'readreq' 'writereq' 'writeresp'>

State 124 <SV = 123> <Delay = 3.65>
ST_124 : Operation 453 [20/68] (3.65ns)   --->   "%gmem2_addr_resp = writeresp i1 @_ssdm_op_WriteResp.m_axi.i256P1A, i256 %gmem2_addr" [kernel.cpp:48]   --->   Operation 453 'writeresp' 'gmem2_addr_resp' <Predicate = true> <Delay = 3.65> <CoreInst = "m_axi">   --->   Core 119 'm_axi' <Latency = 3> <II = 1> <Delay = 1.00> <Adapter> <Opcode : 'read' 'write' 'readreq' 'writereq' 'writeresp'>

State 125 <SV = 124> <Delay = 3.65>
ST_125 : Operation 454 [19/68] (3.65ns)   --->   "%gmem2_addr_resp = writeresp i1 @_ssdm_op_WriteResp.m_axi.i256P1A, i256 %gmem2_addr" [kernel.cpp:48]   --->   Operation 454 'writeresp' 'gmem2_addr_resp' <Predicate = true> <Delay = 3.65> <CoreInst = "m_axi">   --->   Core 119 'm_axi' <Latency = 3> <II = 1> <Delay = 1.00> <Adapter> <Opcode : 'read' 'write' 'readreq' 'writereq' 'writeresp'>

State 126 <SV = 125> <Delay = 3.65>
ST_126 : Operation 455 [18/68] (3.65ns)   --->   "%gmem2_addr_resp = writeresp i1 @_ssdm_op_WriteResp.m_axi.i256P1A, i256 %gmem2_addr" [kernel.cpp:48]   --->   Operation 455 'writeresp' 'gmem2_addr_resp' <Predicate = true> <Delay = 3.65> <CoreInst = "m_axi">   --->   Core 119 'm_axi' <Latency = 3> <II = 1> <Delay = 1.00> <Adapter> <Opcode : 'read' 'write' 'readreq' 'writereq' 'writeresp'>

State 127 <SV = 126> <Delay = 3.65>
ST_127 : Operation 456 [17/68] (3.65ns)   --->   "%gmem2_addr_resp = writeresp i1 @_ssdm_op_WriteResp.m_axi.i256P1A, i256 %gmem2_addr" [kernel.cpp:48]   --->   Operation 456 'writeresp' 'gmem2_addr_resp' <Predicate = true> <Delay = 3.65> <CoreInst = "m_axi">   --->   Core 119 'm_axi' <Latency = 3> <II = 1> <Delay = 1.00> <Adapter> <Opcode : 'read' 'write' 'readreq' 'writereq' 'writeresp'>

State 128 <SV = 127> <Delay = 3.65>
ST_128 : Operation 457 [16/68] (3.65ns)   --->   "%gmem2_addr_resp = writeresp i1 @_ssdm_op_WriteResp.m_axi.i256P1A, i256 %gmem2_addr" [kernel.cpp:48]   --->   Operation 457 'writeresp' 'gmem2_addr_resp' <Predicate = true> <Delay = 3.65> <CoreInst = "m_axi">   --->   Core 119 'm_axi' <Latency = 3> <II = 1> <Delay = 1.00> <Adapter> <Opcode : 'read' 'write' 'readreq' 'writereq' 'writeresp'>

State 129 <SV = 128> <Delay = 3.65>
ST_129 : Operation 458 [15/68] (3.65ns)   --->   "%gmem2_addr_resp = writeresp i1 @_ssdm_op_WriteResp.m_axi.i256P1A, i256 %gmem2_addr" [kernel.cpp:48]   --->   Operation 458 'writeresp' 'gmem2_addr_resp' <Predicate = true> <Delay = 3.65> <CoreInst = "m_axi">   --->   Core 119 'm_axi' <Latency = 3> <II = 1> <Delay = 1.00> <Adapter> <Opcode : 'read' 'write' 'readreq' 'writereq' 'writeresp'>

State 130 <SV = 129> <Delay = 3.65>
ST_130 : Operation 459 [14/68] (3.65ns)   --->   "%gmem2_addr_resp = writeresp i1 @_ssdm_op_WriteResp.m_axi.i256P1A, i256 %gmem2_addr" [kernel.cpp:48]   --->   Operation 459 'writeresp' 'gmem2_addr_resp' <Predicate = true> <Delay = 3.65> <CoreInst = "m_axi">   --->   Core 119 'm_axi' <Latency = 3> <II = 1> <Delay = 1.00> <Adapter> <Opcode : 'read' 'write' 'readreq' 'writereq' 'writeresp'>

State 131 <SV = 130> <Delay = 3.65>
ST_131 : Operation 460 [13/68] (3.65ns)   --->   "%gmem2_addr_resp = writeresp i1 @_ssdm_op_WriteResp.m_axi.i256P1A, i256 %gmem2_addr" [kernel.cpp:48]   --->   Operation 460 'writeresp' 'gmem2_addr_resp' <Predicate = true> <Delay = 3.65> <CoreInst = "m_axi">   --->   Core 119 'm_axi' <Latency = 3> <II = 1> <Delay = 1.00> <Adapter> <Opcode : 'read' 'write' 'readreq' 'writereq' 'writeresp'>

State 132 <SV = 131> <Delay = 3.65>
ST_132 : Operation 461 [12/68] (3.65ns)   --->   "%gmem2_addr_resp = writeresp i1 @_ssdm_op_WriteResp.m_axi.i256P1A, i256 %gmem2_addr" [kernel.cpp:48]   --->   Operation 461 'writeresp' 'gmem2_addr_resp' <Predicate = true> <Delay = 3.65> <CoreInst = "m_axi">   --->   Core 119 'm_axi' <Latency = 3> <II = 1> <Delay = 1.00> <Adapter> <Opcode : 'read' 'write' 'readreq' 'writereq' 'writeresp'>

State 133 <SV = 132> <Delay = 3.65>
ST_133 : Operation 462 [11/68] (3.65ns)   --->   "%gmem2_addr_resp = writeresp i1 @_ssdm_op_WriteResp.m_axi.i256P1A, i256 %gmem2_addr" [kernel.cpp:48]   --->   Operation 462 'writeresp' 'gmem2_addr_resp' <Predicate = true> <Delay = 3.65> <CoreInst = "m_axi">   --->   Core 119 'm_axi' <Latency = 3> <II = 1> <Delay = 1.00> <Adapter> <Opcode : 'read' 'write' 'readreq' 'writereq' 'writeresp'>

State 134 <SV = 133> <Delay = 3.65>
ST_134 : Operation 463 [10/68] (3.65ns)   --->   "%gmem2_addr_resp = writeresp i1 @_ssdm_op_WriteResp.m_axi.i256P1A, i256 %gmem2_addr" [kernel.cpp:48]   --->   Operation 463 'writeresp' 'gmem2_addr_resp' <Predicate = true> <Delay = 3.65> <CoreInst = "m_axi">   --->   Core 119 'm_axi' <Latency = 3> <II = 1> <Delay = 1.00> <Adapter> <Opcode : 'read' 'write' 'readreq' 'writereq' 'writeresp'>

State 135 <SV = 134> <Delay = 3.65>
ST_135 : Operation 464 [9/68] (3.65ns)   --->   "%gmem2_addr_resp = writeresp i1 @_ssdm_op_WriteResp.m_axi.i256P1A, i256 %gmem2_addr" [kernel.cpp:48]   --->   Operation 464 'writeresp' 'gmem2_addr_resp' <Predicate = true> <Delay = 3.65> <CoreInst = "m_axi">   --->   Core 119 'm_axi' <Latency = 3> <II = 1> <Delay = 1.00> <Adapter> <Opcode : 'read' 'write' 'readreq' 'writereq' 'writeresp'>

State 136 <SV = 135> <Delay = 3.65>
ST_136 : Operation 465 [8/68] (3.65ns)   --->   "%gmem2_addr_resp = writeresp i1 @_ssdm_op_WriteResp.m_axi.i256P1A, i256 %gmem2_addr" [kernel.cpp:48]   --->   Operation 465 'writeresp' 'gmem2_addr_resp' <Predicate = true> <Delay = 3.65> <CoreInst = "m_axi">   --->   Core 119 'm_axi' <Latency = 3> <II = 1> <Delay = 1.00> <Adapter> <Opcode : 'read' 'write' 'readreq' 'writereq' 'writeresp'>

State 137 <SV = 136> <Delay = 3.65>
ST_137 : Operation 466 [7/68] (3.65ns)   --->   "%gmem2_addr_resp = writeresp i1 @_ssdm_op_WriteResp.m_axi.i256P1A, i256 %gmem2_addr" [kernel.cpp:48]   --->   Operation 466 'writeresp' 'gmem2_addr_resp' <Predicate = true> <Delay = 3.65> <CoreInst = "m_axi">   --->   Core 119 'm_axi' <Latency = 3> <II = 1> <Delay = 1.00> <Adapter> <Opcode : 'read' 'write' 'readreq' 'writereq' 'writeresp'>

State 138 <SV = 137> <Delay = 3.65>
ST_138 : Operation 467 [6/68] (3.65ns)   --->   "%gmem2_addr_resp = writeresp i1 @_ssdm_op_WriteResp.m_axi.i256P1A, i256 %gmem2_addr" [kernel.cpp:48]   --->   Operation 467 'writeresp' 'gmem2_addr_resp' <Predicate = true> <Delay = 3.65> <CoreInst = "m_axi">   --->   Core 119 'm_axi' <Latency = 3> <II = 1> <Delay = 1.00> <Adapter> <Opcode : 'read' 'write' 'readreq' 'writereq' 'writeresp'>

State 139 <SV = 138> <Delay = 3.65>
ST_139 : Operation 468 [5/68] (3.65ns)   --->   "%gmem2_addr_resp = writeresp i1 @_ssdm_op_WriteResp.m_axi.i256P1A, i256 %gmem2_addr" [kernel.cpp:48]   --->   Operation 468 'writeresp' 'gmem2_addr_resp' <Predicate = true> <Delay = 3.65> <CoreInst = "m_axi">   --->   Core 119 'm_axi' <Latency = 3> <II = 1> <Delay = 1.00> <Adapter> <Opcode : 'read' 'write' 'readreq' 'writereq' 'writeresp'>

State 140 <SV = 139> <Delay = 3.65>
ST_140 : Operation 469 [4/68] (3.65ns)   --->   "%gmem2_addr_resp = writeresp i1 @_ssdm_op_WriteResp.m_axi.i256P1A, i256 %gmem2_addr" [kernel.cpp:48]   --->   Operation 469 'writeresp' 'gmem2_addr_resp' <Predicate = true> <Delay = 3.65> <CoreInst = "m_axi">   --->   Core 119 'm_axi' <Latency = 3> <II = 1> <Delay = 1.00> <Adapter> <Opcode : 'read' 'write' 'readreq' 'writereq' 'writeresp'>

State 141 <SV = 140> <Delay = 3.65>
ST_141 : Operation 470 [3/68] (3.65ns)   --->   "%gmem2_addr_resp = writeresp i1 @_ssdm_op_WriteResp.m_axi.i256P1A, i256 %gmem2_addr" [kernel.cpp:48]   --->   Operation 470 'writeresp' 'gmem2_addr_resp' <Predicate = true> <Delay = 3.65> <CoreInst = "m_axi">   --->   Core 119 'm_axi' <Latency = 3> <II = 1> <Delay = 1.00> <Adapter> <Opcode : 'read' 'write' 'readreq' 'writereq' 'writeresp'>

State 142 <SV = 141> <Delay = 3.65>
ST_142 : Operation 471 [2/68] (3.65ns)   --->   "%gmem2_addr_resp = writeresp i1 @_ssdm_op_WriteResp.m_axi.i256P1A, i256 %gmem2_addr" [kernel.cpp:48]   --->   Operation 471 'writeresp' 'gmem2_addr_resp' <Predicate = true> <Delay = 3.65> <CoreInst = "m_axi">   --->   Core 119 'm_axi' <Latency = 3> <II = 1> <Delay = 1.00> <Adapter> <Opcode : 'read' 'write' 'readreq' 'writereq' 'writeresp'>

State 143 <SV = 142> <Delay = 3.65>
ST_143 : Operation 472 [1/1] (0.00ns)   --->   "%spectopmodule_ln5 = spectopmodule void @_ssdm_op_SpecTopModule, void @empty_11" [kernel.cpp:5]   --->   Operation 472 'spectopmodule' 'spectopmodule_ln5' <Predicate = true> <Delay = 0.00>
ST_143 : Operation 473 [1/1] (0.00ns)   --->   "%specinterface_ln5 = specinterface void @_ssdm_op_SpecInterface, i32 0, void @empty_12, i32 0, i32 0, void @empty_13, i32 0, i32 0, void @empty_13, void @empty_13, void @empty_13, i32 0, i32 0, i32 0, i32 0, void @empty_13, void @empty_13, i32 4294967295, i32 0, i32 0" [kernel.cpp:5]   --->   Operation 473 'specinterface' 'specinterface_ln5' <Predicate = true> <Delay = 0.00>
ST_143 : Operation 474 [1/1] (0.00ns)   --->   "%specinterface_ln0 = specinterface void @_ssdm_op_SpecInterface, i128 %gmem0, void @empty, i32 0, i32 0, void @empty_13, i32 64, i32 0, void @empty_0, void @empty_1, void @empty_13, i32 16, i32 16, i32 16, i32 16, void @empty_13, void @empty_13, i32 4294967295, i32 0, i32 0"   --->   Operation 474 'specinterface' 'specinterface_ln0' <Predicate = true> <Delay = 0.00>
ST_143 : Operation 475 [1/1] (0.00ns)   --->   "%specbitsmap_ln0 = specbitsmap void @_ssdm_op_SpecBitsMap, i128 %gmem0"   --->   Operation 475 'specbitsmap' 'specbitsmap_ln0' <Predicate = true> <Delay = 0.00>
ST_143 : Operation 476 [1/1] (0.00ns)   --->   "%specinterface_ln0 = specinterface void @_ssdm_op_SpecInterface, i128 %gmem1, void @empty, i32 0, i32 0, void @empty_13, i32 64, i32 0, void @empty_2, void @empty_1, void @empty_13, i32 16, i32 16, i32 16, i32 16, void @empty_13, void @empty_13, i32 4294967295, i32 0, i32 0"   --->   Operation 476 'specinterface' 'specinterface_ln0' <Predicate = true> <Delay = 0.00>
ST_143 : Operation 477 [1/1] (0.00ns)   --->   "%specbitsmap_ln0 = specbitsmap void @_ssdm_op_SpecBitsMap, i128 %gmem1"   --->   Operation 477 'specbitsmap' 'specbitsmap_ln0' <Predicate = true> <Delay = 0.00>
ST_143 : Operation 478 [1/1] (0.00ns)   --->   "%specinterface_ln0 = specinterface void @_ssdm_op_SpecInterface, i256 %gmem2, void @empty, i32 0, i32 0, void @empty_13, i32 64, i32 0, void @empty_3, void @empty_1, void @empty_13, i32 16, i32 16, i32 16, i32 16, void @empty_13, void @empty_13, i32 4294967295, i32 0, i32 0"   --->   Operation 478 'specinterface' 'specinterface_ln0' <Predicate = true> <Delay = 0.00>
ST_143 : Operation 479 [1/1] (0.00ns)   --->   "%specbitsmap_ln0 = specbitsmap void @_ssdm_op_SpecBitsMap, i256 %gmem2"   --->   Operation 479 'specbitsmap' 'specbitsmap_ln0' <Predicate = true> <Delay = 0.00>
ST_143 : Operation 480 [1/1] (0.00ns)   --->   "%specinterface_ln0 = specinterface void @_ssdm_op_SpecInterface, i64 %a, void @empty_4, i32 4294967295, i32 4294967295, void @empty_5, i32 0, i32 0, void @empty_14, void @empty_6, void @empty_13, i32 0, i32 0, i32 0, i32 0, void @empty_13, void @empty_7, i32 4294967295, i32 0, i32 0"   --->   Operation 480 'specinterface' 'specinterface_ln0' <Predicate = true> <Delay = 0.00>
ST_143 : Operation 481 [1/1] (0.00ns)   --->   "%specinterface_ln0 = specinterface void @_ssdm_op_SpecInterface, i64 %a, void @empty_8, i32 4294967295, i32 4294967295, void @empty_13, i32 0, i32 0, void @empty_13, void @empty_13, void @empty_13, i32 0, i32 0, i32 0, i32 0, void @empty_13, void @empty_7, i32 4294967295, i32 0, i32 0"   --->   Operation 481 'specinterface' 'specinterface_ln0' <Predicate = true> <Delay = 0.00>
ST_143 : Operation 482 [1/1] (0.00ns)   --->   "%specinterface_ln0 = specinterface void @_ssdm_op_SpecInterface, i64 %b, void @empty_4, i32 4294967295, i32 4294967295, void @empty_5, i32 0, i32 0, void @empty_14, void @empty_9, void @empty_13, i32 0, i32 0, i32 0, i32 0, void @empty_13, void @empty_7, i32 4294967295, i32 0, i32 0"   --->   Operation 482 'specinterface' 'specinterface_ln0' <Predicate = true> <Delay = 0.00>
ST_143 : Operation 483 [1/1] (0.00ns)   --->   "%specinterface_ln0 = specinterface void @_ssdm_op_SpecInterface, i64 %b, void @empty_8, i32 4294967295, i32 4294967295, void @empty_13, i32 0, i32 0, void @empty_13, void @empty_13, void @empty_13, i32 0, i32 0, i32 0, i32 0, void @empty_13, void @empty_7, i32 4294967295, i32 0, i32 0"   --->   Operation 483 'specinterface' 'specinterface_ln0' <Predicate = true> <Delay = 0.00>
ST_143 : Operation 484 [1/1] (0.00ns)   --->   "%specinterface_ln0 = specinterface void @_ssdm_op_SpecInterface, i64 %c, void @empty_4, i32 4294967295, i32 4294967295, void @empty_5, i32 0, i32 0, void @empty_14, void @empty_10, void @empty_13, i32 0, i32 0, i32 0, i32 0, void @empty_13, void @empty_7, i32 4294967295, i32 0, i32 0"   --->   Operation 484 'specinterface' 'specinterface_ln0' <Predicate = true> <Delay = 0.00>
ST_143 : Operation 485 [1/1] (0.00ns)   --->   "%specinterface_ln0 = specinterface void @_ssdm_op_SpecInterface, i64 %c, void @empty_8, i32 4294967295, i32 4294967295, void @empty_13, i32 0, i32 0, void @empty_13, void @empty_13, void @empty_13, i32 0, i32 0, i32 0, i32 0, void @empty_13, void @empty_7, i32 4294967295, i32 0, i32 0"   --->   Operation 485 'specinterface' 'specinterface_ln0' <Predicate = true> <Delay = 0.00>
ST_143 : Operation 486 [1/1] (0.00ns)   --->   "%specinterface_ln0 = specinterface void @_ssdm_op_SpecInterface, i32 0, void @empty_4, i32 0, i32 0, void @empty_13, i32 0, i32 0, void @empty_14, void @empty_13, void @empty_13, i32 0, i32 0, i32 0, i32 0, void @empty_13, void @empty_13, i32 4294967295, i32 0, i32 0"   --->   Operation 486 'specinterface' 'specinterface_ln0' <Predicate = true> <Delay = 0.00>
ST_143 : Operation 487 [1/68] (3.65ns)   --->   "%gmem2_addr_resp = writeresp i1 @_ssdm_op_WriteResp.m_axi.i256P1A, i256 %gmem2_addr" [kernel.cpp:48]   --->   Operation 487 'writeresp' 'gmem2_addr_resp' <Predicate = true> <Delay = 3.65> <CoreInst = "m_axi">   --->   Core 119 'm_axi' <Latency = 3> <II = 1> <Delay = 1.00> <Adapter> <Opcode : 'read' 'write' 'readreq' 'writereq' 'writeresp'>
ST_143 : Operation 488 [1/1] (0.00ns)   --->   "%ret_ln48 = ret" [kernel.cpp:48]   --->   Operation 488 'ret' 'ret_ln48' <Predicate = true> <Delay = 0.00>


============================================================
+ Verbose Summary: Timing violations
============================================================
Target clock period: 5.000ns, clock uncertainty: 1.350ns.

 <State 1>: 1.000ns
The critical path consists of the following:
	s_axi read operation ('c_read', kernel.cpp:5) on port 'c' (kernel.cpp:5) [22]  (1.000 ns)

 <State 2>: 3.650ns
The critical path consists of the following:
	'getelementptr' operation 128 bit ('gmem0_addr', kernel.cpp:25) [27]  (0.000 ns)
	bus request operation ('gmem0_load_req', kernel.cpp:25) on port 'gmem0' (kernel.cpp:25) [28]  (3.650 ns)

 <State 3>: 3.650ns
The critical path consists of the following:
	bus request operation ('gmem0_load_req', kernel.cpp:25) on port 'gmem0' (kernel.cpp:25) [28]  (3.650 ns)

 <State 4>: 3.650ns
The critical path consists of the following:
	bus request operation ('gmem0_load_req', kernel.cpp:25) on port 'gmem0' (kernel.cpp:25) [28]  (3.650 ns)

 <State 5>: 3.650ns
The critical path consists of the following:
	bus request operation ('gmem0_load_req', kernel.cpp:25) on port 'gmem0' (kernel.cpp:25) [28]  (3.650 ns)

 <State 6>: 3.650ns
The critical path consists of the following:
	bus request operation ('gmem0_load_req', kernel.cpp:25) on port 'gmem0' (kernel.cpp:25) [28]  (3.650 ns)

 <State 7>: 3.650ns
The critical path consists of the following:
	bus request operation ('gmem0_load_req', kernel.cpp:25) on port 'gmem0' (kernel.cpp:25) [28]  (3.650 ns)

 <State 8>: 3.650ns
The critical path consists of the following:
	bus request operation ('gmem0_load_req', kernel.cpp:25) on port 'gmem0' (kernel.cpp:25) [28]  (3.650 ns)

 <State 9>: 3.650ns
The critical path consists of the following:
	bus request operation ('gmem0_load_req', kernel.cpp:25) on port 'gmem0' (kernel.cpp:25) [28]  (3.650 ns)

 <State 10>: 3.650ns
The critical path consists of the following:
	bus request operation ('gmem0_load_req', kernel.cpp:25) on port 'gmem0' (kernel.cpp:25) [28]  (3.650 ns)

 <State 11>: 3.650ns
The critical path consists of the following:
	bus request operation ('gmem0_load_req', kernel.cpp:25) on port 'gmem0' (kernel.cpp:25) [28]  (3.650 ns)

 <State 12>: 3.650ns
The critical path consists of the following:
	bus request operation ('gmem0_load_req', kernel.cpp:25) on port 'gmem0' (kernel.cpp:25) [28]  (3.650 ns)

 <State 13>: 3.650ns
The critical path consists of the following:
	bus request operation ('gmem0_load_req', kernel.cpp:25) on port 'gmem0' (kernel.cpp:25) [28]  (3.650 ns)

 <State 14>: 3.650ns
The critical path consists of the following:
	bus request operation ('gmem0_load_req', kernel.cpp:25) on port 'gmem0' (kernel.cpp:25) [28]  (3.650 ns)

 <State 15>: 3.650ns
The critical path consists of the following:
	bus request operation ('gmem0_load_req', kernel.cpp:25) on port 'gmem0' (kernel.cpp:25) [28]  (3.650 ns)

 <State 16>: 3.650ns
The critical path consists of the following:
	bus request operation ('gmem0_load_req', kernel.cpp:25) on port 'gmem0' (kernel.cpp:25) [28]  (3.650 ns)

 <State 17>: 3.650ns
The critical path consists of the following:
	bus request operation ('gmem0_load_req', kernel.cpp:25) on port 'gmem0' (kernel.cpp:25) [28]  (3.650 ns)

 <State 18>: 3.650ns
The critical path consists of the following:
	bus request operation ('gmem0_load_req', kernel.cpp:25) on port 'gmem0' (kernel.cpp:25) [28]  (3.650 ns)

 <State 19>: 3.650ns
The critical path consists of the following:
	bus request operation ('gmem0_load_req', kernel.cpp:25) on port 'gmem0' (kernel.cpp:25) [28]  (3.650 ns)

 <State 20>: 3.650ns
The critical path consists of the following:
	bus request operation ('gmem0_load_req', kernel.cpp:25) on port 'gmem0' (kernel.cpp:25) [28]  (3.650 ns)

 <State 21>: 3.650ns
The critical path consists of the following:
	bus request operation ('gmem0_load_req', kernel.cpp:25) on port 'gmem0' (kernel.cpp:25) [28]  (3.650 ns)

 <State 22>: 3.650ns
The critical path consists of the following:
	bus request operation ('gmem0_load_req', kernel.cpp:25) on port 'gmem0' (kernel.cpp:25) [28]  (3.650 ns)

 <State 23>: 3.650ns
The critical path consists of the following:
	bus request operation ('gmem0_load_req', kernel.cpp:25) on port 'gmem0' (kernel.cpp:25) [28]  (3.650 ns)

 <State 24>: 3.650ns
The critical path consists of the following:
	bus request operation ('gmem0_load_req', kernel.cpp:25) on port 'gmem0' (kernel.cpp:25) [28]  (3.650 ns)

 <State 25>: 3.650ns
The critical path consists of the following:
	bus request operation ('gmem0_load_req', kernel.cpp:25) on port 'gmem0' (kernel.cpp:25) [28]  (3.650 ns)

 <State 26>: 3.650ns
The critical path consists of the following:
	bus request operation ('gmem0_load_req', kernel.cpp:25) on port 'gmem0' (kernel.cpp:25) [28]  (3.650 ns)

 <State 27>: 3.650ns
The critical path consists of the following:
	bus request operation ('gmem0_load_req', kernel.cpp:25) on port 'gmem0' (kernel.cpp:25) [28]  (3.650 ns)

 <State 28>: 3.650ns
The critical path consists of the following:
	bus request operation ('gmem0_load_req', kernel.cpp:25) on port 'gmem0' (kernel.cpp:25) [28]  (3.650 ns)

 <State 29>: 3.650ns
The critical path consists of the following:
	bus request operation ('gmem0_load_req', kernel.cpp:25) on port 'gmem0' (kernel.cpp:25) [28]  (3.650 ns)

 <State 30>: 3.650ns
The critical path consists of the following:
	bus request operation ('gmem0_load_req', kernel.cpp:25) on port 'gmem0' (kernel.cpp:25) [28]  (3.650 ns)

 <State 31>: 3.650ns
The critical path consists of the following:
	bus request operation ('gmem0_load_req', kernel.cpp:25) on port 'gmem0' (kernel.cpp:25) [28]  (3.650 ns)

 <State 32>: 3.650ns
The critical path consists of the following:
	bus request operation ('gmem0_load_req', kernel.cpp:25) on port 'gmem0' (kernel.cpp:25) [28]  (3.650 ns)

 <State 33>: 3.650ns
The critical path consists of the following:
	bus request operation ('gmem0_load_req', kernel.cpp:25) on port 'gmem0' (kernel.cpp:25) [28]  (3.650 ns)

 <State 34>: 3.650ns
The critical path consists of the following:
	bus request operation ('gmem0_load_req', kernel.cpp:25) on port 'gmem0' (kernel.cpp:25) [28]  (3.650 ns)

 <State 35>: 3.650ns
The critical path consists of the following:
	bus request operation ('gmem0_load_req', kernel.cpp:25) on port 'gmem0' (kernel.cpp:25) [28]  (3.650 ns)

 <State 36>: 3.650ns
The critical path consists of the following:
	bus request operation ('gmem0_load_req', kernel.cpp:25) on port 'gmem0' (kernel.cpp:25) [28]  (3.650 ns)

 <State 37>: 3.650ns
The critical path consists of the following:
	bus request operation ('gmem0_load_req', kernel.cpp:25) on port 'gmem0' (kernel.cpp:25) [28]  (3.650 ns)

 <State 38>: 3.650ns
The critical path consists of the following:
	bus request operation ('gmem0_load_req', kernel.cpp:25) on port 'gmem0' (kernel.cpp:25) [28]  (3.650 ns)

 <State 39>: 3.650ns
The critical path consists of the following:
	bus request operation ('gmem0_load_req', kernel.cpp:25) on port 'gmem0' (kernel.cpp:25) [28]  (3.650 ns)

 <State 40>: 3.650ns
The critical path consists of the following:
	bus request operation ('gmem0_load_req', kernel.cpp:25) on port 'gmem0' (kernel.cpp:25) [28]  (3.650 ns)

 <State 41>: 3.650ns
The critical path consists of the following:
	bus request operation ('gmem0_load_req', kernel.cpp:25) on port 'gmem0' (kernel.cpp:25) [28]  (3.650 ns)

 <State 42>: 3.650ns
The critical path consists of the following:
	bus request operation ('gmem0_load_req', kernel.cpp:25) on port 'gmem0' (kernel.cpp:25) [28]  (3.650 ns)

 <State 43>: 3.650ns
The critical path consists of the following:
	bus request operation ('gmem0_load_req', kernel.cpp:25) on port 'gmem0' (kernel.cpp:25) [28]  (3.650 ns)

 <State 44>: 3.650ns
The critical path consists of the following:
	bus request operation ('gmem0_load_req', kernel.cpp:25) on port 'gmem0' (kernel.cpp:25) [28]  (3.650 ns)

 <State 45>: 3.650ns
The critical path consists of the following:
	bus request operation ('gmem0_load_req', kernel.cpp:25) on port 'gmem0' (kernel.cpp:25) [28]  (3.650 ns)

 <State 46>: 3.650ns
The critical path consists of the following:
	bus request operation ('gmem0_load_req', kernel.cpp:25) on port 'gmem0' (kernel.cpp:25) [28]  (3.650 ns)

 <State 47>: 3.650ns
The critical path consists of the following:
	bus request operation ('gmem0_load_req', kernel.cpp:25) on port 'gmem0' (kernel.cpp:25) [28]  (3.650 ns)

 <State 48>: 3.650ns
The critical path consists of the following:
	bus request operation ('gmem0_load_req', kernel.cpp:25) on port 'gmem0' (kernel.cpp:25) [28]  (3.650 ns)

 <State 49>: 3.650ns
The critical path consists of the following:
	bus request operation ('gmem0_load_req', kernel.cpp:25) on port 'gmem0' (kernel.cpp:25) [28]  (3.650 ns)

 <State 50>: 3.650ns
The critical path consists of the following:
	bus request operation ('gmem0_load_req', kernel.cpp:25) on port 'gmem0' (kernel.cpp:25) [28]  (3.650 ns)

 <State 51>: 3.650ns
The critical path consists of the following:
	bus request operation ('gmem0_load_req', kernel.cpp:25) on port 'gmem0' (kernel.cpp:25) [28]  (3.650 ns)

 <State 52>: 3.650ns
The critical path consists of the following:
	bus request operation ('gmem0_load_req', kernel.cpp:25) on port 'gmem0' (kernel.cpp:25) [28]  (3.650 ns)

 <State 53>: 3.650ns
The critical path consists of the following:
	bus request operation ('gmem0_load_req', kernel.cpp:25) on port 'gmem0' (kernel.cpp:25) [28]  (3.650 ns)

 <State 54>: 3.650ns
The critical path consists of the following:
	bus request operation ('gmem0_load_req', kernel.cpp:25) on port 'gmem0' (kernel.cpp:25) [28]  (3.650 ns)

 <State 55>: 3.650ns
The critical path consists of the following:
	bus request operation ('gmem0_load_req', kernel.cpp:25) on port 'gmem0' (kernel.cpp:25) [28]  (3.650 ns)

 <State 56>: 3.650ns
The critical path consists of the following:
	bus request operation ('gmem0_load_req', kernel.cpp:25) on port 'gmem0' (kernel.cpp:25) [28]  (3.650 ns)

 <State 57>: 3.650ns
The critical path consists of the following:
	bus request operation ('gmem0_load_req', kernel.cpp:25) on port 'gmem0' (kernel.cpp:25) [28]  (3.650 ns)

 <State 58>: 3.650ns
The critical path consists of the following:
	bus request operation ('gmem0_load_req', kernel.cpp:25) on port 'gmem0' (kernel.cpp:25) [28]  (3.650 ns)

 <State 59>: 3.650ns
The critical path consists of the following:
	bus request operation ('gmem0_load_req', kernel.cpp:25) on port 'gmem0' (kernel.cpp:25) [28]  (3.650 ns)

 <State 60>: 3.650ns
The critical path consists of the following:
	bus request operation ('gmem0_load_req', kernel.cpp:25) on port 'gmem0' (kernel.cpp:25) [28]  (3.650 ns)

 <State 61>: 3.650ns
The critical path consists of the following:
	bus request operation ('gmem0_load_req', kernel.cpp:25) on port 'gmem0' (kernel.cpp:25) [28]  (3.650 ns)

 <State 62>: 3.650ns
The critical path consists of the following:
	bus request operation ('gmem0_load_req', kernel.cpp:25) on port 'gmem0' (kernel.cpp:25) [28]  (3.650 ns)

 <State 63>: 3.650ns
The critical path consists of the following:
	bus request operation ('gmem0_load_req', kernel.cpp:25) on port 'gmem0' (kernel.cpp:25) [28]  (3.650 ns)

 <State 64>: 3.650ns
The critical path consists of the following:
	bus request operation ('gmem0_load_req', kernel.cpp:25) on port 'gmem0' (kernel.cpp:25) [28]  (3.650 ns)

 <State 65>: 3.650ns
The critical path consists of the following:
	bus request operation ('gmem0_load_req', kernel.cpp:25) on port 'gmem0' (kernel.cpp:25) [28]  (3.650 ns)

 <State 66>: 3.650ns
The critical path consists of the following:
	bus request operation ('gmem0_load_req', kernel.cpp:25) on port 'gmem0' (kernel.cpp:25) [28]  (3.650 ns)

 <State 67>: 3.650ns
The critical path consists of the following:
	bus request operation ('gmem0_load_req', kernel.cpp:25) on port 'gmem0' (kernel.cpp:25) [28]  (3.650 ns)

 <State 68>: 3.650ns
The critical path consists of the following:
	bus request operation ('gmem0_load_req', kernel.cpp:25) on port 'gmem0' (kernel.cpp:25) [28]  (3.650 ns)

 <State 69>: 3.650ns
The critical path consists of the following:
	bus request operation ('gmem0_load_req', kernel.cpp:25) on port 'gmem0' (kernel.cpp:25) [28]  (3.650 ns)

 <State 70>: 3.650ns
The critical path consists of the following:
	bus request operation ('gmem0_load_req', kernel.cpp:25) on port 'gmem0' (kernel.cpp:25) [28]  (3.650 ns)

 <State 71>: 3.650ns
The critical path consists of the following:
	bus request operation ('gmem0_load_req', kernel.cpp:25) on port 'gmem0' (kernel.cpp:25) [28]  (3.650 ns)

 <State 72>: 3.650ns
The critical path consists of the following:
	bus request operation ('gmem0_load_req', kernel.cpp:25) on port 'gmem0' (kernel.cpp:25) [28]  (3.650 ns)

 <State 73>: 3.650ns
The critical path consists of the following:
	bus read operation ('gmem0_addr_read', kernel.cpp:25) on port 'gmem0' (kernel.cpp:25) [29]  (3.650 ns)

 <State 74>: 3.650ns
The critical path consists of the following:
	'getelementptr' operation 256 bit ('gmem2_addr', kernel.cpp:48) [140]  (0.000 ns)
	bus request operation ('gmem2_addr_req', kernel.cpp:48) on port 'gmem2' (kernel.cpp:48) [141]  (3.650 ns)

 <State 75>: 3.650ns
The critical path consists of the following:
	bus write operation ('write_ln48', kernel.cpp:48) on port 'gmem2' (kernel.cpp:48) [142]  (3.650 ns)

 <State 76>: 3.650ns
The critical path consists of the following:
	bus response operation ('gmem2_addr_resp', kernel.cpp:48) on port 'gmem2' (kernel.cpp:48) [143]  (3.650 ns)

 <State 77>: 3.650ns
The critical path consists of the following:
	bus response operation ('gmem2_addr_resp', kernel.cpp:48) on port 'gmem2' (kernel.cpp:48) [143]  (3.650 ns)

 <State 78>: 3.650ns
The critical path consists of the following:
	bus response operation ('gmem2_addr_resp', kernel.cpp:48) on port 'gmem2' (kernel.cpp:48) [143]  (3.650 ns)

 <State 79>: 3.650ns
The critical path consists of the following:
	bus response operation ('gmem2_addr_resp', kernel.cpp:48) on port 'gmem2' (kernel.cpp:48) [143]  (3.650 ns)

 <State 80>: 3.650ns
The critical path consists of the following:
	bus response operation ('gmem2_addr_resp', kernel.cpp:48) on port 'gmem2' (kernel.cpp:48) [143]  (3.650 ns)

 <State 81>: 3.650ns
The critical path consists of the following:
	bus response operation ('gmem2_addr_resp', kernel.cpp:48) on port 'gmem2' (kernel.cpp:48) [143]  (3.650 ns)

 <State 82>: 3.650ns
The critical path consists of the following:
	bus response operation ('gmem2_addr_resp', kernel.cpp:48) on port 'gmem2' (kernel.cpp:48) [143]  (3.650 ns)

 <State 83>: 3.650ns
The critical path consists of the following:
	bus response operation ('gmem2_addr_resp', kernel.cpp:48) on port 'gmem2' (kernel.cpp:48) [143]  (3.650 ns)

 <State 84>: 3.650ns
The critical path consists of the following:
	bus response operation ('gmem2_addr_resp', kernel.cpp:48) on port 'gmem2' (kernel.cpp:48) [143]  (3.650 ns)

 <State 85>: 3.650ns
The critical path consists of the following:
	bus response operation ('gmem2_addr_resp', kernel.cpp:48) on port 'gmem2' (kernel.cpp:48) [143]  (3.650 ns)

 <State 86>: 3.650ns
The critical path consists of the following:
	bus response operation ('gmem2_addr_resp', kernel.cpp:48) on port 'gmem2' (kernel.cpp:48) [143]  (3.650 ns)

 <State 87>: 3.650ns
The critical path consists of the following:
	bus response operation ('gmem2_addr_resp', kernel.cpp:48) on port 'gmem2' (kernel.cpp:48) [143]  (3.650 ns)

 <State 88>: 3.650ns
The critical path consists of the following:
	bus response operation ('gmem2_addr_resp', kernel.cpp:48) on port 'gmem2' (kernel.cpp:48) [143]  (3.650 ns)

 <State 89>: 3.650ns
The critical path consists of the following:
	bus response operation ('gmem2_addr_resp', kernel.cpp:48) on port 'gmem2' (kernel.cpp:48) [143]  (3.650 ns)

 <State 90>: 3.650ns
The critical path consists of the following:
	bus response operation ('gmem2_addr_resp', kernel.cpp:48) on port 'gmem2' (kernel.cpp:48) [143]  (3.650 ns)

 <State 91>: 3.650ns
The critical path consists of the following:
	bus response operation ('gmem2_addr_resp', kernel.cpp:48) on port 'gmem2' (kernel.cpp:48) [143]  (3.650 ns)

 <State 92>: 3.650ns
The critical path consists of the following:
	bus response operation ('gmem2_addr_resp', kernel.cpp:48) on port 'gmem2' (kernel.cpp:48) [143]  (3.650 ns)

 <State 93>: 3.650ns
The critical path consists of the following:
	bus response operation ('gmem2_addr_resp', kernel.cpp:48) on port 'gmem2' (kernel.cpp:48) [143]  (3.650 ns)

 <State 94>: 3.650ns
The critical path consists of the following:
	bus response operation ('gmem2_addr_resp', kernel.cpp:48) on port 'gmem2' (kernel.cpp:48) [143]  (3.650 ns)

 <State 95>: 3.650ns
The critical path consists of the following:
	bus response operation ('gmem2_addr_resp', kernel.cpp:48) on port 'gmem2' (kernel.cpp:48) [143]  (3.650 ns)

 <State 96>: 3.650ns
The critical path consists of the following:
	bus response operation ('gmem2_addr_resp', kernel.cpp:48) on port 'gmem2' (kernel.cpp:48) [143]  (3.650 ns)

 <State 97>: 3.650ns
The critical path consists of the following:
	bus response operation ('gmem2_addr_resp', kernel.cpp:48) on port 'gmem2' (kernel.cpp:48) [143]  (3.650 ns)

 <State 98>: 3.650ns
The critical path consists of the following:
	bus response operation ('gmem2_addr_resp', kernel.cpp:48) on port 'gmem2' (kernel.cpp:48) [143]  (3.650 ns)

 <State 99>: 3.650ns
The critical path consists of the following:
	bus response operation ('gmem2_addr_resp', kernel.cpp:48) on port 'gmem2' (kernel.cpp:48) [143]  (3.650 ns)

 <State 100>: 3.650ns
The critical path consists of the following:
	bus response operation ('gmem2_addr_resp', kernel.cpp:48) on port 'gmem2' (kernel.cpp:48) [143]  (3.650 ns)

 <State 101>: 3.650ns
The critical path consists of the following:
	bus response operation ('gmem2_addr_resp', kernel.cpp:48) on port 'gmem2' (kernel.cpp:48) [143]  (3.650 ns)

 <State 102>: 3.650ns
The critical path consists of the following:
	bus response operation ('gmem2_addr_resp', kernel.cpp:48) on port 'gmem2' (kernel.cpp:48) [143]  (3.650 ns)

 <State 103>: 3.650ns
The critical path consists of the following:
	bus response operation ('gmem2_addr_resp', kernel.cpp:48) on port 'gmem2' (kernel.cpp:48) [143]  (3.650 ns)

 <State 104>: 3.650ns
The critical path consists of the following:
	bus response operation ('gmem2_addr_resp', kernel.cpp:48) on port 'gmem2' (kernel.cpp:48) [143]  (3.650 ns)

 <State 105>: 3.650ns
The critical path consists of the following:
	bus response operation ('gmem2_addr_resp', kernel.cpp:48) on port 'gmem2' (kernel.cpp:48) [143]  (3.650 ns)

 <State 106>: 3.650ns
The critical path consists of the following:
	bus response operation ('gmem2_addr_resp', kernel.cpp:48) on port 'gmem2' (kernel.cpp:48) [143]  (3.650 ns)

 <State 107>: 3.650ns
The critical path consists of the following:
	bus response operation ('gmem2_addr_resp', kernel.cpp:48) on port 'gmem2' (kernel.cpp:48) [143]  (3.650 ns)

 <State 108>: 3.650ns
The critical path consists of the following:
	bus response operation ('gmem2_addr_resp', kernel.cpp:48) on port 'gmem2' (kernel.cpp:48) [143]  (3.650 ns)

 <State 109>: 3.650ns
The critical path consists of the following:
	bus response operation ('gmem2_addr_resp', kernel.cpp:48) on port 'gmem2' (kernel.cpp:48) [143]  (3.650 ns)

 <State 110>: 3.650ns
The critical path consists of the following:
	bus response operation ('gmem2_addr_resp', kernel.cpp:48) on port 'gmem2' (kernel.cpp:48) [143]  (3.650 ns)

 <State 111>: 3.650ns
The critical path consists of the following:
	bus response operation ('gmem2_addr_resp', kernel.cpp:48) on port 'gmem2' (kernel.cpp:48) [143]  (3.650 ns)

 <State 112>: 3.650ns
The critical path consists of the following:
	bus response operation ('gmem2_addr_resp', kernel.cpp:48) on port 'gmem2' (kernel.cpp:48) [143]  (3.650 ns)

 <State 113>: 3.650ns
The critical path consists of the following:
	bus response operation ('gmem2_addr_resp', kernel.cpp:48) on port 'gmem2' (kernel.cpp:48) [143]  (3.650 ns)

 <State 114>: 3.650ns
The critical path consists of the following:
	bus response operation ('gmem2_addr_resp', kernel.cpp:48) on port 'gmem2' (kernel.cpp:48) [143]  (3.650 ns)

 <State 115>: 3.650ns
The critical path consists of the following:
	bus response operation ('gmem2_addr_resp', kernel.cpp:48) on port 'gmem2' (kernel.cpp:48) [143]  (3.650 ns)

 <State 116>: 3.650ns
The critical path consists of the following:
	bus response operation ('gmem2_addr_resp', kernel.cpp:48) on port 'gmem2' (kernel.cpp:48) [143]  (3.650 ns)

 <State 117>: 3.650ns
The critical path consists of the following:
	bus response operation ('gmem2_addr_resp', kernel.cpp:48) on port 'gmem2' (kernel.cpp:48) [143]  (3.650 ns)

 <State 118>: 3.650ns
The critical path consists of the following:
	bus response operation ('gmem2_addr_resp', kernel.cpp:48) on port 'gmem2' (kernel.cpp:48) [143]  (3.650 ns)

 <State 119>: 3.650ns
The critical path consists of the following:
	bus response operation ('gmem2_addr_resp', kernel.cpp:48) on port 'gmem2' (kernel.cpp:48) [143]  (3.650 ns)

 <State 120>: 3.650ns
The critical path consists of the following:
	bus response operation ('gmem2_addr_resp', kernel.cpp:48) on port 'gmem2' (kernel.cpp:48) [143]  (3.650 ns)

 <State 121>: 3.650ns
The critical path consists of the following:
	bus response operation ('gmem2_addr_resp', kernel.cpp:48) on port 'gmem2' (kernel.cpp:48) [143]  (3.650 ns)

 <State 122>: 3.650ns
The critical path consists of the following:
	bus response operation ('gmem2_addr_resp', kernel.cpp:48) on port 'gmem2' (kernel.cpp:48) [143]  (3.650 ns)

 <State 123>: 3.650ns
The critical path consists of the following:
	bus response operation ('gmem2_addr_resp', kernel.cpp:48) on port 'gmem2' (kernel.cpp:48) [143]  (3.650 ns)

 <State 124>: 3.650ns
The critical path consists of the following:
	bus response operation ('gmem2_addr_resp', kernel.cpp:48) on port 'gmem2' (kernel.cpp:48) [143]  (3.650 ns)

 <State 125>: 3.650ns
The critical path consists of the following:
	bus response operation ('gmem2_addr_resp', kernel.cpp:48) on port 'gmem2' (kernel.cpp:48) [143]  (3.650 ns)

 <State 126>: 3.650ns
The critical path consists of the following:
	bus response operation ('gmem2_addr_resp', kernel.cpp:48) on port 'gmem2' (kernel.cpp:48) [143]  (3.650 ns)

 <State 127>: 3.650ns
The critical path consists of the following:
	bus response operation ('gmem2_addr_resp', kernel.cpp:48) on port 'gmem2' (kernel.cpp:48) [143]  (3.650 ns)

 <State 128>: 3.650ns
The critical path consists of the following:
	bus response operation ('gmem2_addr_resp', kernel.cpp:48) on port 'gmem2' (kernel.cpp:48) [143]  (3.650 ns)

 <State 129>: 3.650ns
The critical path consists of the following:
	bus response operation ('gmem2_addr_resp', kernel.cpp:48) on port 'gmem2' (kernel.cpp:48) [143]  (3.650 ns)

 <State 130>: 3.650ns
The critical path consists of the following:
	bus response operation ('gmem2_addr_resp', kernel.cpp:48) on port 'gmem2' (kernel.cpp:48) [143]  (3.650 ns)

 <State 131>: 3.650ns
The critical path consists of the following:
	bus response operation ('gmem2_addr_resp', kernel.cpp:48) on port 'gmem2' (kernel.cpp:48) [143]  (3.650 ns)

 <State 132>: 3.650ns
The critical path consists of the following:
	bus response operation ('gmem2_addr_resp', kernel.cpp:48) on port 'gmem2' (kernel.cpp:48) [143]  (3.650 ns)

 <State 133>: 3.650ns
The critical path consists of the following:
	bus response operation ('gmem2_addr_resp', kernel.cpp:48) on port 'gmem2' (kernel.cpp:48) [143]  (3.650 ns)

 <State 134>: 3.650ns
The critical path consists of the following:
	bus response operation ('gmem2_addr_resp', kernel.cpp:48) on port 'gmem2' (kernel.cpp:48) [143]  (3.650 ns)

 <State 135>: 3.650ns
The critical path consists of the following:
	bus response operation ('gmem2_addr_resp', kernel.cpp:48) on port 'gmem2' (kernel.cpp:48) [143]  (3.650 ns)

 <State 136>: 3.650ns
The critical path consists of the following:
	bus response operation ('gmem2_addr_resp', kernel.cpp:48) on port 'gmem2' (kernel.cpp:48) [143]  (3.650 ns)

 <State 137>: 3.650ns
The critical path consists of the following:
	bus response operation ('gmem2_addr_resp', kernel.cpp:48) on port 'gmem2' (kernel.cpp:48) [143]  (3.650 ns)

 <State 138>: 3.650ns
The critical path consists of the following:
	bus response operation ('gmem2_addr_resp', kernel.cpp:48) on port 'gmem2' (kernel.cpp:48) [143]  (3.650 ns)

 <State 139>: 3.650ns
The critical path consists of the following:
	bus response operation ('gmem2_addr_resp', kernel.cpp:48) on port 'gmem2' (kernel.cpp:48) [143]  (3.650 ns)

 <State 140>: 3.650ns
The critical path consists of the following:
	bus response operation ('gmem2_addr_resp', kernel.cpp:48) on port 'gmem2' (kernel.cpp:48) [143]  (3.650 ns)

 <State 141>: 3.650ns
The critical path consists of the following:
	bus response operation ('gmem2_addr_resp', kernel.cpp:48) on port 'gmem2' (kernel.cpp:48) [143]  (3.650 ns)

 <State 142>: 3.650ns
The critical path consists of the following:
	bus response operation ('gmem2_addr_resp', kernel.cpp:48) on port 'gmem2' (kernel.cpp:48) [143]  (3.650 ns)

 <State 143>: 3.650ns
The critical path consists of the following:
	bus response operation ('gmem2_addr_resp', kernel.cpp:48) on port 'gmem2' (kernel.cpp:48) [143]  (3.650 ns)


============================================================
+ Verbose Summary: Binding
============================================================
N/A
* FSMD analyzer results:
  - Output states:
 - Input state : 
  - Chain level:
	State 1
	State 2
	State 3
	State 4
	State 5
	State 6
	State 7
	State 8
	State 9
	State 10
	State 11
	State 12
	State 13
	State 14
	State 15
	State 16
	State 17
	State 18
	State 19
	State 20
	State 21
	State 22
	State 23
	State 24
	State 25
	State 26
	State 27
	State 28
	State 29
	State 30
	State 31
	State 32
	State 33
	State 34
	State 35
	State 36
	State 37
	State 38
	State 39
	State 40
	State 41
	State 42
	State 43
	State 44
	State 45
	State 46
	State 47
	State 48
	State 49
	State 50
	State 51
	State 52
	State 53
	State 54
	State 55
	State 56
	State 57
	State 58
	State 59
	State 60
	State 61
	State 62
	State 63
	State 64
	State 65
	State 66
	State 67
	State 68
	State 69
	State 70
	State 71
	State 72
	State 73
	State 74
	State 75
	State 76
	State 77
	State 78
	State 79
	State 80
	State 81
	State 82
	State 83
	State 84
	State 85
	State 86
	State 87
	State 88
	State 89
	State 90
	State 91
	State 92
	State 93
	State 94
	State 95
	State 96
	State 97
	State 98
	State 99
	State 100
	State 101
	State 102
	State 103
	State 104
	State 105
	State 106
	State 107
	State 108
	State 109
	State 110
	State 111
	State 112
	State 113
	State 114
	State 115
	State 116
	State 117
	State 118
	State 119
	State 120
	State 121
	State 122
	State 123
	State 124
	State 125
	State 126
	State 127
	State 128
	State 129
	State 130
	State 131
	State 132
	State 133
	State 134
	State 135
	State 136
	State 137
	State 138
	State 139
	State 140
	State 141
	State 142
	State 143


============================================================
+ Verbose Summary: Datapath Resource usage 
============================================================
N/A
