

================================================================
== Vitis HLS Report for 'kernel'
================================================================
* Date:           Thu Mar 19 03:45:18 2026

* Version:        2025.1 (Build 6135595 on May 21 2025)
* Project:        work
* Solution:       hls (Vitis Kernel Flow Target)
* Product family: zynq
* Target device:  xc7z020-clg400-1


================================================================
== Performance Estimates
================================================================
+ Timing: 
    * Summary: 
    +--------+----------+----------+------------+
    |  Clock |  Target  | Estimated| Uncertainty|
    +--------+----------+----------+------------+
    |ap_clk  |  10.00 ns|  7.300 ns|     2.70 ns|
    +--------+----------+----------+------------+

+ Latency: 
    * Summary: 
    +---------+---------+----------+----------+-----+-----+---------+
    |  Latency (cycles) |  Latency (absolute) |  Interval | Pipeline|
    |   min   |   max   |    min   |    max   | min | max |   Type  |
    +---------+---------+----------+----------+-----+-----+---------+
    |      151|      151|  1.510 us|  1.510 us|  152|  152|       no|
    +---------+---------+----------+----------+-----+-----+---------+

    + Detail: 
        * Instance: 
        N/A

        * Loop: 
        +----------+---------+---------+----------+-----------+-----------+------+----------+
        |          |  Latency (cycles) | Iteration|  Initiation Interval  | Trip |          |
        | Loop Name|   min   |   max   |  Latency |  achieved |   target  | Count| Pipelined|
        +----------+---------+---------+----------+-----------+-----------+------+----------+
        |- loop    |        7|        7|         1|          1|          8|     8|       yes|
        +----------+---------+---------+----------+-----------+-----------+------+----------+



================================================================
== Utilization Estimates
================================================================
* Summary: 
+-----------------+---------+-----+--------+-------+-----+
|       Name      | BRAM_18K| DSP |   FF   |  LUT  | URAM|
+-----------------+---------+-----+--------+-------+-----+
|DSP              |        -|    -|       -|      -|    -|
|Expression       |        -|    -|       0|     53|    -|
|FIFO             |        -|    -|       -|      -|    -|
|Instance         |       16|    -|    4780|   5924|    -|
|Memory           |        -|    -|       -|      -|    -|
|Multiplexer      |        -|    -|       0|    978|    -|
|Register         |        -|    -|    1558|      -|    -|
+-----------------+---------+-----+--------+-------+-----+
|Total            |       16|    0|    6338|   6955|    0|
+-----------------+---------+-----+--------+-------+-----+
|Available        |      280|  220|  106400|  53200|    0|
+-----------------+---------+-----+--------+-------+-----+
|Utilization (%)  |        5|    0|       5|     13|    0|
+-----------------+---------+-----+--------+-------+-----+

+ Detail: 
    * Instance: 
    +-----------------+---------------+---------+----+-----+-----+-----+
    |     Instance    |     Module    | BRAM_18K| DSP|  FF | LUT | URAM|
    +-----------------+---------------+---------+----+-----+-----+-----+
    |control_s_axi_U  |control_s_axi  |        0|   0|  456|  808|    0|
    |gmem0_0_m_axi_U  |gmem0_0_m_axi  |        4|   0|  725|  843|    0|
    |gmem0_1_m_axi_U  |gmem0_1_m_axi  |        4|   0|  725|  843|    0|
    |gmem1_0_m_axi_U  |gmem1_0_m_axi  |        4|   0|  725|  843|    0|
    |gmem1_1_m_axi_U  |gmem1_1_m_axi  |        4|   0|  725|  843|    0|
    |gmem2_0_m_axi_U  |gmem2_0_m_axi  |        0|   0|  712|  872|    0|
    |gmem2_1_m_axi_U  |gmem2_1_m_axi  |        0|   0|  712|  872|    0|
    +-----------------+---------------+---------+----+-----+-----+-----+
    |Total            |               |       16|   0| 4780| 5924|    0|
    +-----------------+---------------+---------+----+-----+-----+-----+

    * DSP: 
    N/A

    * Memory: 
    N/A

    * FIFO: 
    N/A

    * Expression: 
    +----------------------+----------+----+---+----+------------+------------+
    |     Variable Name    | Operation| DSP| FF| LUT| Bitwidth P0| Bitwidth P1|
    +----------------------+----------+----+---+----+------------+------------+
    |add_ln22_1_fu_554_p2  |         +|   0|  0|  14|           9|           9|
    |add_ln22_fu_504_p2    |         +|   0|  0|  14|           9|           9|
    |i_fu_608_p2           |         +|   0|  0|  13|           5|           2|
    |ap_block_state1       |        or|   0|  0|   2|           1|           1|
    |ap_block_state145     |        or|   0|  0|   2|           1|           1|
    |ap_block_state2_io    |        or|   0|  0|   2|           1|           1|
    |ap_block_state73      |        or|   0|  0|   2|           1|           1|
    |ap_block_state76_io   |        or|   0|  0|   2|           1|           1|
    |ap_block_state77_io   |        or|   0|  0|   2|           1|           1|
    +----------------------+----------+----+---+----+------------+------------+
    |Total                 |          |   0|  0|  53|          29|          26|
    +----------------------+----------+----+---+----+------------+------------+

    * Multiplexer: 
    +--------------------+-----+-----------+-----+-----------+
    |        Name        | LUT | Input Size| Bits| Total Bits|
    +--------------------+-----+-----------+-----+-----------+
    |ap_NS_fsm           |  780|        146|    1|        146|
    |ap_done             |    9|          2|    1|          2|
    |gmem0_0_blk_n_AR    |    9|          2|    1|          2|
    |gmem0_0_blk_n_R     |    9|          2|    1|          2|
    |gmem0_1_blk_n_AR    |    9|          2|    1|          2|
    |gmem0_1_blk_n_R     |    9|          2|    1|          2|
    |gmem1_0_blk_n_AR    |    9|          2|    1|          2|
    |gmem1_0_blk_n_R     |    9|          2|    1|          2|
    |gmem1_1_blk_n_AR    |    9|          2|    1|          2|
    |gmem1_1_blk_n_R     |    9|          2|    1|          2|
    |gmem2_0_blk_n_AW    |    9|          2|    1|          2|
    |gmem2_0_blk_n_B     |    9|          2|    1|          2|
    |gmem2_0_blk_n_W     |    9|          2|    1|          2|
    |gmem2_1_blk_n_AW    |    9|          2|    1|          2|
    |gmem2_1_blk_n_B     |    9|          2|    1|          2|
    |gmem2_1_blk_n_W     |    9|          2|    1|          2|
    |i1_fu_138           |    9|          2|    5|         10|
    |shiftreg104_fu_150  |    9|          2|   64|        128|
    |shiftreg125_fu_154  |    9|          2|   64|        128|
    |shiftreg146_fu_158  |    9|          2|  100|        200|
    |shiftreg168_fu_162  |    9|          2|  100|        200|
    |shiftreg2_fu_142    |    9|          2|   64|        128|
    |shiftreg83_fu_146   |    9|          2|   64|        128|
    +--------------------+-----+-----------+-----+-----------+
    |Total               |  978|        190|  477|       1098|
    +--------------------+-----+-----------+-----+-----------+

    * Register: 
    +---------------------------+-----+----+-----+-----------+
    |            Name           |  FF | LUT| Bits| Const Bits|
    +---------------------------+-----+----+-----+-----------+
    |ap_CS_fsm                  |  145|   0|  145|          0|
    |ap_done_reg                |    1|   0|    1|          0|
    |ap_rst_n_inv               |    1|   0|    1|          0|
    |ap_rst_reg_1               |    1|   0|    1|          0|
    |ap_rst_reg_2               |    1|   0|    1|          0|
    |gmem0_0_addr_read_reg_776  |   64|   0|   64|          0|
    |gmem0_1_addr_read_reg_786  |   64|   0|   64|          0|
    |gmem1_0_addr_read_reg_781  |   64|   0|   64|          0|
    |gmem1_1_addr_read_reg_791  |   64|   0|   64|          0|
    |gmem2_0_addr_reg_803       |   64|   0|   64|          0|
    |gmem2_1_addr_reg_796       |   64|   0|   64|          0|
    |i1_fu_138                  |    5|   0|    5|          0|
    |p_cast1_reg_747            |   60|   0|   60|          0|
    |p_cast_reg_742             |   60|   0|   60|          0|
    |shiftreg104_fu_150         |   64|   0|   64|          0|
    |shiftreg125_fu_154         |   64|   0|   64|          0|
    |shiftreg146_fu_158         |  100|   0|  121|         21|
    |shiftreg168_fu_162         |  100|   0|  121|         21|
    |shiftreg2_fu_142           |   64|   0|   64|          0|
    |shiftreg83_fu_146          |   64|   0|   64|          0|
    |tmp_1_reg_815              |  100|   0|  121|         21|
    |tmp_reg_810                |  100|   0|  121|         21|
    |trunc_ln19_1_reg_727       |   61|   0|   61|          0|
    |trunc_ln19_2_reg_732       |   61|   0|   61|          0|
    |trunc_ln19_3_reg_737       |   61|   0|   61|          0|
    |trunc_ln_reg_722           |   61|   0|   61|          0|
    +---------------------------+-----+----+-----+-----------+
    |Total                      | 1558|   0| 1642|         84|
    +---------------------------+-----+----+-----+-----------+



================================================================
== Interface
================================================================
* Summary: 
+------------------------+-----+-----+---------------+--------------+--------------+
|        RTL Ports       | Dir | Bits|    Protocol   | Source Object|    C Type    |
+------------------------+-----+-----+---------------+--------------+--------------+
|s_axi_control_AWVALID   |   in|    1|          s_axi|       control|        scalar|
|s_axi_control_AWREADY   |  out|    1|          s_axi|       control|        scalar|
|s_axi_control_AWADDR    |   in|    7|          s_axi|       control|        scalar|
|s_axi_control_WVALID    |   in|    1|          s_axi|       control|        scalar|
|s_axi_control_WREADY    |  out|    1|          s_axi|       control|        scalar|
|s_axi_control_WDATA     |   in|   32|          s_axi|       control|        scalar|
|s_axi_control_WSTRB     |   in|    4|          s_axi|       control|        scalar|
|s_axi_control_ARVALID   |   in|    1|          s_axi|       control|        scalar|
|s_axi_control_ARREADY   |  out|    1|          s_axi|       control|        scalar|
|s_axi_control_ARADDR    |   in|    7|          s_axi|       control|        scalar|
|s_axi_control_RVALID    |  out|    1|          s_axi|       control|        scalar|
|s_axi_control_RREADY    |   in|    1|          s_axi|       control|        scalar|
|s_axi_control_RDATA     |  out|   32|          s_axi|       control|        scalar|
|s_axi_control_RRESP     |  out|    2|          s_axi|       control|        scalar|
|s_axi_control_BVALID    |  out|    1|          s_axi|       control|        scalar|
|s_axi_control_BREADY    |   in|    1|          s_axi|       control|        scalar|
|s_axi_control_BRESP     |  out|    2|          s_axi|       control|        scalar|
|ap_clk                  |   in|    1|  ap_ctrl_chain|        kernel|  return value|
|ap_rst_n                |   in|    1|  ap_ctrl_chain|        kernel|  return value|
|interrupt               |  out|    1|  ap_ctrl_chain|        kernel|  return value|
|m_axi_gmem0_0_AWVALID   |  out|    1|          m_axi|       gmem0_0|       pointer|
|m_axi_gmem0_0_AWREADY   |   in|    1|          m_axi|       gmem0_0|       pointer|
|m_axi_gmem0_0_AWADDR    |  out|   64|          m_axi|       gmem0_0|       pointer|
|m_axi_gmem0_0_AWID      |  out|    1|          m_axi|       gmem0_0|       pointer|
|m_axi_gmem0_0_AWLEN     |  out|    8|          m_axi|       gmem0_0|       pointer|
|m_axi_gmem0_0_AWSIZE    |  out|    3|          m_axi|       gmem0_0|       pointer|
|m_axi_gmem0_0_AWBURST   |  out|    2|          m_axi|       gmem0_0|       pointer|
|m_axi_gmem0_0_AWLOCK    |  out|    2|          m_axi|       gmem0_0|       pointer|
|m_axi_gmem0_0_AWCACHE   |  out|    4|          m_axi|       gmem0_0|       pointer|
|m_axi_gmem0_0_AWPROT    |  out|    3|          m_axi|       gmem0_0|       pointer|
|m_axi_gmem0_0_AWQOS     |  out|    4|          m_axi|       gmem0_0|       pointer|
|m_axi_gmem0_0_AWREGION  |  out|    4|          m_axi|       gmem0_0|       pointer|
|m_axi_gmem0_0_AWUSER    |  out|    1|          m_axi|       gmem0_0|       pointer|
|m_axi_gmem0_0_WVALID    |  out|    1|          m_axi|       gmem0_0|       pointer|
|m_axi_gmem0_0_WREADY    |   in|    1|          m_axi|       gmem0_0|       pointer|
|m_axi_gmem0_0_WDATA     |  out|   64|          m_axi|       gmem0_0|       pointer|
|m_axi_gmem0_0_WSTRB     |  out|    8|          m_axi|       gmem0_0|       pointer|
|m_axi_gmem0_0_WLAST     |  out|    1|          m_axi|       gmem0_0|       pointer|
|m_axi_gmem0_0_WID       |  out|    1|          m_axi|       gmem0_0|       pointer|
|m_axi_gmem0_0_WUSER     |  out|    1|          m_axi|       gmem0_0|       pointer|
|m_axi_gmem0_0_ARVALID   |  out|    1|          m_axi|       gmem0_0|       pointer|
|m_axi_gmem0_0_ARREADY   |   in|    1|          m_axi|       gmem0_0|       pointer|
|m_axi_gmem0_0_ARADDR    |  out|   64|          m_axi|       gmem0_0|       pointer|
|m_axi_gmem0_0_ARID      |  out|    1|          m_axi|       gmem0_0|       pointer|
|m_axi_gmem0_0_ARLEN     |  out|    8|          m_axi|       gmem0_0|       pointer|
|m_axi_gmem0_0_ARSIZE    |  out|    3|          m_axi|       gmem0_0|       pointer|
|m_axi_gmem0_0_ARBURST   |  out|    2|          m_axi|       gmem0_0|       pointer|
|m_axi_gmem0_0_ARLOCK    |  out|    2|          m_axi|       gmem0_0|       pointer|
|m_axi_gmem0_0_ARCACHE   |  out|    4|          m_axi|       gmem0_0|       pointer|
|m_axi_gmem0_0_ARPROT    |  out|    3|          m_axi|       gmem0_0|       pointer|
|m_axi_gmem0_0_ARQOS     |  out|    4|          m_axi|       gmem0_0|       pointer|
|m_axi_gmem0_0_ARREGION  |  out|    4|          m_axi|       gmem0_0|       pointer|
|m_axi_gmem0_0_ARUSER    |  out|    1|          m_axi|       gmem0_0|       pointer|
|m_axi_gmem0_0_RVALID    |   in|    1|          m_axi|       gmem0_0|       pointer|
|m_axi_gmem0_0_RREADY    |  out|    1|          m_axi|       gmem0_0|       pointer|
|m_axi_gmem0_0_RDATA     |   in|   64|          m_axi|       gmem0_0|       pointer|
|m_axi_gmem0_0_RLAST     |   in|    1|          m_axi|       gmem0_0|       pointer|
|m_axi_gmem0_0_RID       |   in|    1|          m_axi|       gmem0_0|       pointer|
|m_axi_gmem0_0_RUSER     |   in|    1|          m_axi|       gmem0_0|       pointer|
|m_axi_gmem0_0_RRESP     |   in|    2|          m_axi|       gmem0_0|       pointer|
|m_axi_gmem0_0_BVALID    |   in|    1|          m_axi|       gmem0_0|       pointer|
|m_axi_gmem0_0_BREADY    |  out|    1|          m_axi|       gmem0_0|       pointer|
|m_axi_gmem0_0_BRESP     |   in|    2|          m_axi|       gmem0_0|       pointer|
|m_axi_gmem0_0_BID       |   in|    1|          m_axi|       gmem0_0|       pointer|
|m_axi_gmem0_0_BUSER     |   in|    1|          m_axi|       gmem0_0|       pointer|
|m_axi_gmem0_1_AWVALID   |  out|    1|          m_axi|       gmem0_1|       pointer|
|m_axi_gmem0_1_AWREADY   |   in|    1|          m_axi|       gmem0_1|       pointer|
|m_axi_gmem0_1_AWADDR    |  out|   64|          m_axi|       gmem0_1|       pointer|
|m_axi_gmem0_1_AWID      |  out|    1|          m_axi|       gmem0_1|       pointer|
|m_axi_gmem0_1_AWLEN     |  out|    8|          m_axi|       gmem0_1|       pointer|
|m_axi_gmem0_1_AWSIZE    |  out|    3|          m_axi|       gmem0_1|       pointer|
|m_axi_gmem0_1_AWBURST   |  out|    2|          m_axi|       gmem0_1|       pointer|
|m_axi_gmem0_1_AWLOCK    |  out|    2|          m_axi|       gmem0_1|       pointer|
|m_axi_gmem0_1_AWCACHE   |  out|    4|          m_axi|       gmem0_1|       pointer|
|m_axi_gmem0_1_AWPROT    |  out|    3|          m_axi|       gmem0_1|       pointer|
|m_axi_gmem0_1_AWQOS     |  out|    4|          m_axi|       gmem0_1|       pointer|
|m_axi_gmem0_1_AWREGION  |  out|    4|          m_axi|       gmem0_1|       pointer|
|m_axi_gmem0_1_AWUSER    |  out|    1|          m_axi|       gmem0_1|       pointer|
|m_axi_gmem0_1_WVALID    |  out|    1|          m_axi|       gmem0_1|       pointer|
|m_axi_gmem0_1_WREADY    |   in|    1|          m_axi|       gmem0_1|       pointer|
|m_axi_gmem0_1_WDATA     |  out|   64|          m_axi|       gmem0_1|       pointer|
|m_axi_gmem0_1_WSTRB     |  out|    8|          m_axi|       gmem0_1|       pointer|
|m_axi_gmem0_1_WLAST     |  out|    1|          m_axi|       gmem0_1|       pointer|
|m_axi_gmem0_1_WID       |  out|    1|          m_axi|       gmem0_1|       pointer|
|m_axi_gmem0_1_WUSER     |  out|    1|          m_axi|       gmem0_1|       pointer|
|m_axi_gmem0_1_ARVALID   |  out|    1|          m_axi|       gmem0_1|       pointer|
|m_axi_gmem0_1_ARREADY   |   in|    1|          m_axi|       gmem0_1|       pointer|
|m_axi_gmem0_1_ARADDR    |  out|   64|          m_axi|       gmem0_1|       pointer|
|m_axi_gmem0_1_ARID      |  out|    1|          m_axi|       gmem0_1|       pointer|
|m_axi_gmem0_1_ARLEN     |  out|    8|          m_axi|       gmem0_1|       pointer|
|m_axi_gmem0_1_ARSIZE    |  out|    3|          m_axi|       gmem0_1|       pointer|
|m_axi_gmem0_1_ARBURST   |  out|    2|          m_axi|       gmem0_1|       pointer|
|m_axi_gmem0_1_ARLOCK    |  out|    2|          m_axi|       gmem0_1|       pointer|
|m_axi_gmem0_1_ARCACHE   |  out|    4|          m_axi|       gmem0_1|       pointer|
|m_axi_gmem0_1_ARPROT    |  out|    3|          m_axi|       gmem0_1|       pointer|
|m_axi_gmem0_1_ARQOS     |  out|    4|          m_axi|       gmem0_1|       pointer|
|m_axi_gmem0_1_ARREGION  |  out|    4|          m_axi|       gmem0_1|       pointer|
|m_axi_gmem0_1_ARUSER    |  out|    1|          m_axi|       gmem0_1|       pointer|
|m_axi_gmem0_1_RVALID    |   in|    1|          m_axi|       gmem0_1|       pointer|
|m_axi_gmem0_1_RREADY    |  out|    1|          m_axi|       gmem0_1|       pointer|
|m_axi_gmem0_1_RDATA     |   in|   64|          m_axi|       gmem0_1|       pointer|
|m_axi_gmem0_1_RLAST     |   in|    1|          m_axi|       gmem0_1|       pointer|
|m_axi_gmem0_1_RID       |   in|    1|          m_axi|       gmem0_1|       pointer|
|m_axi_gmem0_1_RUSER     |   in|    1|          m_axi|       gmem0_1|       pointer|
|m_axi_gmem0_1_RRESP     |   in|    2|          m_axi|       gmem0_1|       pointer|
|m_axi_gmem0_1_BVALID    |   in|    1|          m_axi|       gmem0_1|       pointer|
|m_axi_gmem0_1_BREADY    |  out|    1|          m_axi|       gmem0_1|       pointer|
|m_axi_gmem0_1_BRESP     |   in|    2|          m_axi|       gmem0_1|       pointer|
|m_axi_gmem0_1_BID       |   in|    1|          m_axi|       gmem0_1|       pointer|
|m_axi_gmem0_1_BUSER     |   in|    1|          m_axi|       gmem0_1|       pointer|
|m_axi_gmem1_0_AWVALID   |  out|    1|          m_axi|       gmem1_0|       pointer|
|m_axi_gmem1_0_AWREADY   |   in|    1|          m_axi|       gmem1_0|       pointer|
|m_axi_gmem1_0_AWADDR    |  out|   64|          m_axi|       gmem1_0|       pointer|
|m_axi_gmem1_0_AWID      |  out|    1|          m_axi|       gmem1_0|       pointer|
|m_axi_gmem1_0_AWLEN     |  out|    8|          m_axi|       gmem1_0|       pointer|
|m_axi_gmem1_0_AWSIZE    |  out|    3|          m_axi|       gmem1_0|       pointer|
|m_axi_gmem1_0_AWBURST   |  out|    2|          m_axi|       gmem1_0|       pointer|
|m_axi_gmem1_0_AWLOCK    |  out|    2|          m_axi|       gmem1_0|       pointer|
|m_axi_gmem1_0_AWCACHE   |  out|    4|          m_axi|       gmem1_0|       pointer|
|m_axi_gmem1_0_AWPROT    |  out|    3|          m_axi|       gmem1_0|       pointer|
|m_axi_gmem1_0_AWQOS     |  out|    4|          m_axi|       gmem1_0|       pointer|
|m_axi_gmem1_0_AWREGION  |  out|    4|          m_axi|       gmem1_0|       pointer|
|m_axi_gmem1_0_AWUSER    |  out|    1|          m_axi|       gmem1_0|       pointer|
|m_axi_gmem1_0_WVALID    |  out|    1|          m_axi|       gmem1_0|       pointer|
|m_axi_gmem1_0_WREADY    |   in|    1|          m_axi|       gmem1_0|       pointer|
|m_axi_gmem1_0_WDATA     |  out|   64|          m_axi|       gmem1_0|       pointer|
|m_axi_gmem1_0_WSTRB     |  out|    8|          m_axi|       gmem1_0|       pointer|
|m_axi_gmem1_0_WLAST     |  out|    1|          m_axi|       gmem1_0|       pointer|
|m_axi_gmem1_0_WID       |  out|    1|          m_axi|       gmem1_0|       pointer|
|m_axi_gmem1_0_WUSER     |  out|    1|          m_axi|       gmem1_0|       pointer|
|m_axi_gmem1_0_ARVALID   |  out|    1|          m_axi|       gmem1_0|       pointer|
|m_axi_gmem1_0_ARREADY   |   in|    1|          m_axi|       gmem1_0|       pointer|
|m_axi_gmem1_0_ARADDR    |  out|   64|          m_axi|       gmem1_0|       pointer|
|m_axi_gmem1_0_ARID      |  out|    1|          m_axi|       gmem1_0|       pointer|
|m_axi_gmem1_0_ARLEN     |  out|    8|          m_axi|       gmem1_0|       pointer|
|m_axi_gmem1_0_ARSIZE    |  out|    3|          m_axi|       gmem1_0|       pointer|
|m_axi_gmem1_0_ARBURST   |  out|    2|          m_axi|       gmem1_0|       pointer|
|m_axi_gmem1_0_ARLOCK    |  out|    2|          m_axi|       gmem1_0|       pointer|
|m_axi_gmem1_0_ARCACHE   |  out|    4|          m_axi|       gmem1_0|       pointer|
|m_axi_gmem1_0_ARPROT    |  out|    3|          m_axi|       gmem1_0|       pointer|
|m_axi_gmem1_0_ARQOS     |  out|    4|          m_axi|       gmem1_0|       pointer|
|m_axi_gmem1_0_ARREGION  |  out|    4|          m_axi|       gmem1_0|       pointer|
|m_axi_gmem1_0_ARUSER    |  out|    1|          m_axi|       gmem1_0|       pointer|
|m_axi_gmem1_0_RVALID    |   in|    1|          m_axi|       gmem1_0|       pointer|
|m_axi_gmem1_0_RREADY    |  out|    1|          m_axi|       gmem1_0|       pointer|
|m_axi_gmem1_0_RDATA     |   in|   64|          m_axi|       gmem1_0|       pointer|
|m_axi_gmem1_0_RLAST     |   in|    1|          m_axi|       gmem1_0|       pointer|
|m_axi_gmem1_0_RID       |   in|    1|          m_axi|       gmem1_0|       pointer|
|m_axi_gmem1_0_RUSER     |   in|    1|          m_axi|       gmem1_0|       pointer|
|m_axi_gmem1_0_RRESP     |   in|    2|          m_axi|       gmem1_0|       pointer|
|m_axi_gmem1_0_BVALID    |   in|    1|          m_axi|       gmem1_0|       pointer|
|m_axi_gmem1_0_BREADY    |  out|    1|          m_axi|       gmem1_0|       pointer|
|m_axi_gmem1_0_BRESP     |   in|    2|          m_axi|       gmem1_0|       pointer|
|m_axi_gmem1_0_BID       |   in|    1|          m_axi|       gmem1_0|       pointer|
|m_axi_gmem1_0_BUSER     |   in|    1|          m_axi|       gmem1_0|       pointer|
|m_axi_gmem1_1_AWVALID   |  out|    1|          m_axi|       gmem1_1|       pointer|
|m_axi_gmem1_1_AWREADY   |   in|    1|          m_axi|       gmem1_1|       pointer|
|m_axi_gmem1_1_AWADDR    |  out|   64|          m_axi|       gmem1_1|       pointer|
|m_axi_gmem1_1_AWID      |  out|    1|          m_axi|       gmem1_1|       pointer|
|m_axi_gmem1_1_AWLEN     |  out|    8|          m_axi|       gmem1_1|       pointer|
|m_axi_gmem1_1_AWSIZE    |  out|    3|          m_axi|       gmem1_1|       pointer|
|m_axi_gmem1_1_AWBURST   |  out|    2|          m_axi|       gmem1_1|       pointer|
|m_axi_gmem1_1_AWLOCK    |  out|    2|          m_axi|       gmem1_1|       pointer|
|m_axi_gmem1_1_AWCACHE   |  out|    4|          m_axi|       gmem1_1|       pointer|
|m_axi_gmem1_1_AWPROT    |  out|    3|          m_axi|       gmem1_1|       pointer|
|m_axi_gmem1_1_AWQOS     |  out|    4|          m_axi|       gmem1_1|       pointer|
|m_axi_gmem1_1_AWREGION  |  out|    4|          m_axi|       gmem1_1|       pointer|
|m_axi_gmem1_1_AWUSER    |  out|    1|          m_axi|       gmem1_1|       pointer|
|m_axi_gmem1_1_WVALID    |  out|    1|          m_axi|       gmem1_1|       pointer|
|m_axi_gmem1_1_WREADY    |   in|    1|          m_axi|       gmem1_1|       pointer|
|m_axi_gmem1_1_WDATA     |  out|   64|          m_axi|       gmem1_1|       pointer|
|m_axi_gmem1_1_WSTRB     |  out|    8|          m_axi|       gmem1_1|       pointer|
|m_axi_gmem1_1_WLAST     |  out|    1|          m_axi|       gmem1_1|       pointer|
|m_axi_gmem1_1_WID       |  out|    1|          m_axi|       gmem1_1|       pointer|
|m_axi_gmem1_1_WUSER     |  out|    1|          m_axi|       gmem1_1|       pointer|
|m_axi_gmem1_1_ARVALID   |  out|    1|          m_axi|       gmem1_1|       pointer|
|m_axi_gmem1_1_ARREADY   |   in|    1|          m_axi|       gmem1_1|       pointer|
|m_axi_gmem1_1_ARADDR    |  out|   64|          m_axi|       gmem1_1|       pointer|
|m_axi_gmem1_1_ARID      |  out|    1|          m_axi|       gmem1_1|       pointer|
|m_axi_gmem1_1_ARLEN     |  out|    8|          m_axi|       gmem1_1|       pointer|
|m_axi_gmem1_1_ARSIZE    |  out|    3|          m_axi|       gmem1_1|       pointer|
|m_axi_gmem1_1_ARBURST   |  out|    2|          m_axi|       gmem1_1|       pointer|
|m_axi_gmem1_1_ARLOCK    |  out|    2|          m_axi|       gmem1_1|       pointer|
|m_axi_gmem1_1_ARCACHE   |  out|    4|          m_axi|       gmem1_1|       pointer|
|m_axi_gmem1_1_ARPROT    |  out|    3|          m_axi|       gmem1_1|       pointer|
|m_axi_gmem1_1_ARQOS     |  out|    4|          m_axi|       gmem1_1|       pointer|
|m_axi_gmem1_1_ARREGION  |  out|    4|          m_axi|       gmem1_1|       pointer|
|m_axi_gmem1_1_ARUSER    |  out|    1|          m_axi|       gmem1_1|       pointer|
|m_axi_gmem1_1_RVALID    |   in|    1|          m_axi|       gmem1_1|       pointer|
|m_axi_gmem1_1_RREADY    |  out|    1|          m_axi|       gmem1_1|       pointer|
|m_axi_gmem1_1_RDATA     |   in|   64|          m_axi|       gmem1_1|       pointer|
|m_axi_gmem1_1_RLAST     |   in|    1|          m_axi|       gmem1_1|       pointer|
|m_axi_gmem1_1_RID       |   in|    1|          m_axi|       gmem1_1|       pointer|
|m_axi_gmem1_1_RUSER     |   in|    1|          m_axi|       gmem1_1|       pointer|
|m_axi_gmem1_1_RRESP     |   in|    2|          m_axi|       gmem1_1|       pointer|
|m_axi_gmem1_1_BVALID    |   in|    1|          m_axi|       gmem1_1|       pointer|
|m_axi_gmem1_1_BREADY    |  out|    1|          m_axi|       gmem1_1|       pointer|
|m_axi_gmem1_1_BRESP     |   in|    2|          m_axi|       gmem1_1|       pointer|
|m_axi_gmem1_1_BID       |   in|    1|          m_axi|       gmem1_1|       pointer|
|m_axi_gmem1_1_BUSER     |   in|    1|          m_axi|       gmem1_1|       pointer|
|m_axi_gmem2_0_AWVALID   |  out|    1|          m_axi|       gmem2_0|       pointer|
|m_axi_gmem2_0_AWREADY   |   in|    1|          m_axi|       gmem2_0|       pointer|
|m_axi_gmem2_0_AWADDR    |  out|   64|          m_axi|       gmem2_0|       pointer|
|m_axi_gmem2_0_AWID      |  out|    1|          m_axi|       gmem2_0|       pointer|
|m_axi_gmem2_0_AWLEN     |  out|    8|          m_axi|       gmem2_0|       pointer|
|m_axi_gmem2_0_AWSIZE    |  out|    3|          m_axi|       gmem2_0|       pointer|
|m_axi_gmem2_0_AWBURST   |  out|    2|          m_axi|       gmem2_0|       pointer|
|m_axi_gmem2_0_AWLOCK    |  out|    2|          m_axi|       gmem2_0|       pointer|
|m_axi_gmem2_0_AWCACHE   |  out|    4|          m_axi|       gmem2_0|       pointer|
|m_axi_gmem2_0_AWPROT    |  out|    3|          m_axi|       gmem2_0|       pointer|
|m_axi_gmem2_0_AWQOS     |  out|    4|          m_axi|       gmem2_0|       pointer|
|m_axi_gmem2_0_AWREGION  |  out|    4|          m_axi|       gmem2_0|       pointer|
|m_axi_gmem2_0_AWUSER    |  out|    1|          m_axi|       gmem2_0|       pointer|
|m_axi_gmem2_0_WVALID    |  out|    1|          m_axi|       gmem2_0|       pointer|
|m_axi_gmem2_0_WREADY    |   in|    1|          m_axi|       gmem2_0|       pointer|
|m_axi_gmem2_0_WDATA     |  out|  128|          m_axi|       gmem2_0|       pointer|
|m_axi_gmem2_0_WSTRB     |  out|   16|          m_axi|       gmem2_0|       pointer|
|m_axi_gmem2_0_WLAST     |  out|    1|          m_axi|       gmem2_0|       pointer|
|m_axi_gmem2_0_WID       |  out|    1|          m_axi|       gmem2_0|       pointer|
|m_axi_gmem2_0_WUSER     |  out|    1|          m_axi|       gmem2_0|       pointer|
|m_axi_gmem2_0_ARVALID   |  out|    1|          m_axi|       gmem2_0|       pointer|
|m_axi_gmem2_0_ARREADY   |   in|    1|          m_axi|       gmem2_0|       pointer|
|m_axi_gmem2_0_ARADDR    |  out|   64|          m_axi|       gmem2_0|       pointer|
|m_axi_gmem2_0_ARID      |  out|    1|          m_axi|       gmem2_0|       pointer|
|m_axi_gmem2_0_ARLEN     |  out|    8|          m_axi|       gmem2_0|       pointer|
|m_axi_gmem2_0_ARSIZE    |  out|    3|          m_axi|       gmem2_0|       pointer|
|m_axi_gmem2_0_ARBURST   |  out|    2|          m_axi|       gmem2_0|       pointer|
|m_axi_gmem2_0_ARLOCK    |  out|    2|          m_axi|       gmem2_0|       pointer|
|m_axi_gmem2_0_ARCACHE   |  out|    4|          m_axi|       gmem2_0|       pointer|
|m_axi_gmem2_0_ARPROT    |  out|    3|          m_axi|       gmem2_0|       pointer|
|m_axi_gmem2_0_ARQOS     |  out|    4|          m_axi|       gmem2_0|       pointer|
|m_axi_gmem2_0_ARREGION  |  out|    4|          m_axi|       gmem2_0|       pointer|
|m_axi_gmem2_0_ARUSER    |  out|    1|          m_axi|       gmem2_0|       pointer|
|m_axi_gmem2_0_RVALID    |   in|    1|          m_axi|       gmem2_0|       pointer|
|m_axi_gmem2_0_RREADY    |  out|    1|          m_axi|       gmem2_0|       pointer|
|m_axi_gmem2_0_RDATA     |   in|  128|          m_axi|       gmem2_0|       pointer|
|m_axi_gmem2_0_RLAST     |   in|    1|          m_axi|       gmem2_0|       pointer|
|m_axi_gmem2_0_RID       |   in|    1|          m_axi|       gmem2_0|       pointer|
|m_axi_gmem2_0_RUSER     |   in|    1|          m_axi|       gmem2_0|       pointer|
|m_axi_gmem2_0_RRESP     |   in|    2|          m_axi|       gmem2_0|       pointer|
|m_axi_gmem2_0_BVALID    |   in|    1|          m_axi|       gmem2_0|       pointer|
|m_axi_gmem2_0_BREADY    |  out|    1|          m_axi|       gmem2_0|       pointer|
|m_axi_gmem2_0_BRESP     |   in|    2|          m_axi|       gmem2_0|       pointer|
|m_axi_gmem2_0_BID       |   in|    1|          m_axi|       gmem2_0|       pointer|
|m_axi_gmem2_0_BUSER     |   in|    1|          m_axi|       gmem2_0|       pointer|
|m_axi_gmem2_1_AWVALID   |  out|    1|          m_axi|       gmem2_1|       pointer|
|m_axi_gmem2_1_AWREADY   |   in|    1|          m_axi|       gmem2_1|       pointer|
|m_axi_gmem2_1_AWADDR    |  out|   64|          m_axi|       gmem2_1|       pointer|
|m_axi_gmem2_1_AWID      |  out|    1|          m_axi|       gmem2_1|       pointer|
|m_axi_gmem2_1_AWLEN     |  out|    8|          m_axi|       gmem2_1|       pointer|
|m_axi_gmem2_1_AWSIZE    |  out|    3|          m_axi|       gmem2_1|       pointer|
|m_axi_gmem2_1_AWBURST   |  out|    2|          m_axi|       gmem2_1|       pointer|
|m_axi_gmem2_1_AWLOCK    |  out|    2|          m_axi|       gmem2_1|       pointer|
|m_axi_gmem2_1_AWCACHE   |  out|    4|          m_axi|       gmem2_1|       pointer|
|m_axi_gmem2_1_AWPROT    |  out|    3|          m_axi|       gmem2_1|       pointer|
|m_axi_gmem2_1_AWQOS     |  out|    4|          m_axi|       gmem2_1|       pointer|
|m_axi_gmem2_1_AWREGION  |  out|    4|          m_axi|       gmem2_1|       pointer|
|m_axi_gmem2_1_AWUSER    |  out|    1|          m_axi|       gmem2_1|       pointer|
|m_axi_gmem2_1_WVALID    |  out|    1|          m_axi|       gmem2_1|       pointer|
|m_axi_gmem2_1_WREADY    |   in|    1|          m_axi|       gmem2_1|       pointer|
|m_axi_gmem2_1_WDATA     |  out|  128|          m_axi|       gmem2_1|       pointer|
|m_axi_gmem2_1_WSTRB     |  out|   16|          m_axi|       gmem2_1|       pointer|
|m_axi_gmem2_1_WLAST     |  out|    1|          m_axi|       gmem2_1|       pointer|
|m_axi_gmem2_1_WID       |  out|    1|          m_axi|       gmem2_1|       pointer|
|m_axi_gmem2_1_WUSER     |  out|    1|          m_axi|       gmem2_1|       pointer|
|m_axi_gmem2_1_ARVALID   |  out|    1|          m_axi|       gmem2_1|       pointer|
|m_axi_gmem2_1_ARREADY   |   in|    1|          m_axi|       gmem2_1|       pointer|
|m_axi_gmem2_1_ARADDR    |  out|   64|          m_axi|       gmem2_1|       pointer|
|m_axi_gmem2_1_ARID      |  out|    1|          m_axi|       gmem2_1|       pointer|
|m_axi_gmem2_1_ARLEN     |  out|    8|          m_axi|       gmem2_1|       pointer|
|m_axi_gmem2_1_ARSIZE    |  out|    3|          m_axi|       gmem2_1|       pointer|
|m_axi_gmem2_1_ARBURST   |  out|    2|          m_axi|       gmem2_1|       pointer|
|m_axi_gmem2_1_ARLOCK    |  out|    2|          m_axi|       gmem2_1|       pointer|
|m_axi_gmem2_1_ARCACHE   |  out|    4|          m_axi|       gmem2_1|       pointer|
|m_axi_gmem2_1_ARPROT    |  out|    3|          m_axi|       gmem2_1|       pointer|
|m_axi_gmem2_1_ARQOS     |  out|    4|          m_axi|       gmem2_1|       pointer|
|m_axi_gmem2_1_ARREGION  |  out|    4|          m_axi|       gmem2_1|       pointer|
|m_axi_gmem2_1_ARUSER    |  out|    1|          m_axi|       gmem2_1|       pointer|
|m_axi_gmem2_1_RVALID    |   in|    1|          m_axi|       gmem2_1|       pointer|
|m_axi_gmem2_1_RREADY    |  out|    1|          m_axi|       gmem2_1|       pointer|
|m_axi_gmem2_1_RDATA     |   in|  128|          m_axi|       gmem2_1|       pointer|
|m_axi_gmem2_1_RLAST     |   in|    1|          m_axi|       gmem2_1|       pointer|
|m_axi_gmem2_1_RID       |   in|    1|          m_axi|       gmem2_1|       pointer|
|m_axi_gmem2_1_RUSER     |   in|    1|          m_axi|       gmem2_1|       pointer|
|m_axi_gmem2_1_RRESP     |   in|    2|          m_axi|       gmem2_1|       pointer|
|m_axi_gmem2_1_BVALID    |   in|    1|          m_axi|       gmem2_1|       pointer|
|m_axi_gmem2_1_BREADY    |  out|    1|          m_axi|       gmem2_1|       pointer|
|m_axi_gmem2_1_BRESP     |   in|    2|          m_axi|       gmem2_1|       pointer|
|m_axi_gmem2_1_BID       |   in|    1|          m_axi|       gmem2_1|       pointer|
|m_axi_gmem2_1_BUSER     |   in|    1|          m_axi|       gmem2_1|       pointer|
+------------------------+-----+-----+---------------+--------------+--------------+

============================================================
+ Verbose Summary: Synthesis Manager
============================================================
InlineROM: 1
ExposeGlobal: 0
============================================================
+ Verbose Summary: CDFG Model
============================================================
IsTopModel: 1
ResetActiveHigh: 1
IsCombinational: 2
IsDatapathOnly: 2
HasWiredReturn: 1
HasMFsm: 2
HasVarLatency: 1
IsPipeline: 0
IsRtlPipelined: 0
IsInstanceOverlapped: 0
IsDontTouch: 0
HasImplIP: 0
IsGatedGlobalClock: 0

+ Individual pipeline summary: 
  * Pipeline-0: initiation interval (II) = 1, depth = 1


============================================================
+ Verbose Summary: Schedule
============================================================
* Number of FSM states : 145
* Pipeline : 1
  Pipeline-0 : II = 1, D = 1, States = { 75 }
* Dataflow Pipeline: 0

* FSM state transitions: 
1 --> 2 
2 --> 3 
3 --> 4 
4 --> 5 
5 --> 6 
6 --> 7 
7 --> 8 
8 --> 9 
9 --> 10 
10 --> 11 
11 --> 12 
12 --> 13 
13 --> 14 
14 --> 15 
15 --> 16 
16 --> 17 
17 --> 18 
18 --> 19 
19 --> 20 
20 --> 21 
21 --> 22 
22 --> 23 
23 --> 24 
24 --> 25 
25 --> 26 
26 --> 27 
27 --> 28 
28 --> 29 
29 --> 30 
30 --> 31 
31 --> 32 
32 --> 33 
33 --> 34 
34 --> 35 
35 --> 36 
36 --> 37 
37 --> 38 
38 --> 39 
39 --> 40 
40 --> 41 
41 --> 42 
42 --> 43 
43 --> 44 
44 --> 45 
45 --> 46 
46 --> 47 
47 --> 48 
48 --> 49 
49 --> 50 
50 --> 51 
51 --> 52 
52 --> 53 
53 --> 54 
54 --> 55 
55 --> 56 
56 --> 57 
57 --> 58 
58 --> 59 
59 --> 60 
60 --> 61 
61 --> 62 
62 --> 63 
63 --> 64 
64 --> 65 
65 --> 66 
66 --> 67 
67 --> 68 
68 --> 69 
69 --> 70 
70 --> 71 
71 --> 72 
72 --> 73 
73 --> 74 
74 --> 75 
75 --> 76 75 
76 --> 77 
77 --> 78 
78 --> 79 
79 --> 80 
80 --> 81 
81 --> 82 
82 --> 83 
83 --> 84 
84 --> 85 
85 --> 86 
86 --> 87 
87 --> 88 
88 --> 89 
89 --> 90 
90 --> 91 
91 --> 92 
92 --> 93 
93 --> 94 
94 --> 95 
95 --> 96 
96 --> 97 
97 --> 98 
98 --> 99 
99 --> 100 
100 --> 101 
101 --> 102 
102 --> 103 
103 --> 104 
104 --> 105 
105 --> 106 
106 --> 107 
107 --> 108 
108 --> 109 
109 --> 110 
110 --> 111 
111 --> 112 
112 --> 113 
113 --> 114 
114 --> 115 
115 --> 116 
116 --> 117 
117 --> 118 
118 --> 119 
119 --> 120 
120 --> 121 
121 --> 122 
122 --> 123 
123 --> 124 
124 --> 125 
125 --> 126 
126 --> 127 
127 --> 128 
128 --> 129 
129 --> 130 
130 --> 131 
131 --> 132 
132 --> 133 
133 --> 134 
134 --> 135 
135 --> 136 
136 --> 137 
137 --> 138 
138 --> 139 
139 --> 140 
140 --> 141 
141 --> 142 
142 --> 143 
143 --> 144 
144 --> 145 
145 --> 

* FSM state operations: 

State 1 <SV = 0> <Delay = 1.58>
ST_1 : Operation 146 [1/1] (0.00ns)   --->   "%i1 = alloca i32 1"   --->   Operation 146 'alloca' 'i1' <Predicate = true> <Delay = 0.00>
ST_1 : Operation 147 [1/1] (0.00ns)   --->   "%shiftreg2 = alloca i32 1"   --->   Operation 147 'alloca' 'shiftreg2' <Predicate = true> <Delay = 0.00>
ST_1 : Operation 148 [1/1] (0.00ns)   --->   "%shiftreg83 = alloca i32 1"   --->   Operation 148 'alloca' 'shiftreg83' <Predicate = true> <Delay = 0.00>
ST_1 : Operation 149 [1/1] (0.00ns)   --->   "%shiftreg104 = alloca i32 1"   --->   Operation 149 'alloca' 'shiftreg104' <Predicate = true> <Delay = 0.00>
ST_1 : Operation 150 [1/1] (0.00ns)   --->   "%shiftreg125 = alloca i32 1"   --->   Operation 150 'alloca' 'shiftreg125' <Predicate = true> <Delay = 0.00>
ST_1 : Operation 151 [1/1] (0.00ns)   --->   "%shiftreg146 = alloca i32 1"   --->   Operation 151 'alloca' 'shiftreg146' <Predicate = true> <Delay = 0.00>
ST_1 : Operation 152 [1/1] (0.00ns)   --->   "%shiftreg168 = alloca i32 1"   --->   Operation 152 'alloca' 'shiftreg168' <Predicate = true> <Delay = 0.00>
ST_1 : Operation 153 [1/1] (1.00ns)   --->   "%c_1_read = read i64 @_ssdm_op_Read.s_axilite.i64, i64 %c_1" [kernel.cpp:5]   --->   Operation 153 'read' 'c_1_read' <Predicate = true> <Delay = 1.00> <CoreInst = "s_axilite">   --->   Core 112 's_axilite' <Latency = 0> <II = 1> <Delay = 1.00> <Adapter> <Opcode : 'read' 'write'>
ST_1 : Operation 154 [1/1] (1.00ns)   --->   "%c_0_read = read i64 @_ssdm_op_Read.s_axilite.i64, i64 %c_0" [kernel.cpp:5]   --->   Operation 154 'read' 'c_0_read' <Predicate = true> <Delay = 1.00> <CoreInst = "s_axilite">   --->   Core 112 's_axilite' <Latency = 0> <II = 1> <Delay = 1.00> <Adapter> <Opcode : 'read' 'write'>
ST_1 : Operation 155 [1/1] (1.00ns)   --->   "%b_1_read = read i64 @_ssdm_op_Read.s_axilite.i64, i64 %b_1" [kernel.cpp:5]   --->   Operation 155 'read' 'b_1_read' <Predicate = true> <Delay = 1.00> <CoreInst = "s_axilite">   --->   Core 112 's_axilite' <Latency = 0> <II = 1> <Delay = 1.00> <Adapter> <Opcode : 'read' 'write'>
ST_1 : Operation 156 [1/1] (1.00ns)   --->   "%b_0_read = read i64 @_ssdm_op_Read.s_axilite.i64, i64 %b_0" [kernel.cpp:5]   --->   Operation 156 'read' 'b_0_read' <Predicate = true> <Delay = 1.00> <CoreInst = "s_axilite">   --->   Core 112 's_axilite' <Latency = 0> <II = 1> <Delay = 1.00> <Adapter> <Opcode : 'read' 'write'>
ST_1 : Operation 157 [1/1] (1.00ns)   --->   "%a_1_read = read i64 @_ssdm_op_Read.s_axilite.i64, i64 %a_1" [kernel.cpp:5]   --->   Operation 157 'read' 'a_1_read' <Predicate = true> <Delay = 1.00> <CoreInst = "s_axilite">   --->   Core 112 's_axilite' <Latency = 0> <II = 1> <Delay = 1.00> <Adapter> <Opcode : 'read' 'write'>
ST_1 : Operation 158 [1/1] (1.00ns)   --->   "%a_0_read = read i64 @_ssdm_op_Read.s_axilite.i64, i64 %a_0" [kernel.cpp:5]   --->   Operation 158 'read' 'a_0_read' <Predicate = true> <Delay = 1.00> <CoreInst = "s_axilite">   --->   Core 112 's_axilite' <Latency = 0> <II = 1> <Delay = 1.00> <Adapter> <Opcode : 'read' 'write'>
ST_1 : Operation 159 [1/1] (0.00ns)   --->   "%trunc_ln = partselect i61 @_ssdm_op_PartSelect.i61.i64.i32.i32, i64 %a_0_read, i32 3, i32 63" [kernel.cpp:19]   --->   Operation 159 'partselect' 'trunc_ln' <Predicate = true> <Delay = 0.00>
ST_1 : Operation 160 [1/1] (0.00ns)   --->   "%trunc_ln19_1 = partselect i61 @_ssdm_op_PartSelect.i61.i64.i32.i32, i64 %b_0_read, i32 3, i32 63" [kernel.cpp:19]   --->   Operation 160 'partselect' 'trunc_ln19_1' <Predicate = true> <Delay = 0.00>
ST_1 : Operation 161 [1/1] (0.00ns)   --->   "%trunc_ln19_2 = partselect i61 @_ssdm_op_PartSelect.i61.i64.i32.i32, i64 %a_1_read, i32 3, i32 63" [kernel.cpp:19]   --->   Operation 161 'partselect' 'trunc_ln19_2' <Predicate = true> <Delay = 0.00>
ST_1 : Operation 162 [1/1] (0.00ns)   --->   "%trunc_ln19_3 = partselect i61 @_ssdm_op_PartSelect.i61.i64.i32.i32, i64 %b_1_read, i32 3, i32 63" [kernel.cpp:19]   --->   Operation 162 'partselect' 'trunc_ln19_3' <Predicate = true> <Delay = 0.00>
ST_1 : Operation 163 [1/1] (0.00ns)   --->   "%p_cast = partselect i60 @_ssdm_op_PartSelect.i60.i64.i32.i32, i64 %c_1_read, i32 4, i32 63" [kernel.cpp:5]   --->   Operation 163 'partselect' 'p_cast' <Predicate = true> <Delay = 0.00>
ST_1 : Operation 164 [1/1] (0.00ns)   --->   "%p_cast1 = partselect i60 @_ssdm_op_PartSelect.i60.i64.i32.i32, i64 %c_0_read, i32 4, i32 63" [kernel.cpp:5]   --->   Operation 164 'partselect' 'p_cast1' <Predicate = true> <Delay = 0.00>
ST_1 : Operation 165 [1/1] (1.58ns)   --->   "%store_ln0 = store i121 0, i121 %shiftreg168"   --->   Operation 165 'store' 'store_ln0' <Predicate = true> <Delay = 1.58>
ST_1 : Operation 166 [1/1] (1.58ns)   --->   "%store_ln0 = store i121 0, i121 %shiftreg146"   --->   Operation 166 'store' 'store_ln0' <Predicate = true> <Delay = 1.58>
ST_1 : Operation 167 [1/1] (1.58ns)   --->   "%store_ln0 = store i5 0, i5 %i1"   --->   Operation 167 'store' 'store_ln0' <Predicate = true> <Delay = 1.58>

State 2 <SV = 1> <Delay = 7.30>
ST_2 : Operation 168 [1/1] (0.00ns)   --->   "%sext_ln19 = sext i61 %trunc_ln" [kernel.cpp:19]   --->   Operation 168 'sext' 'sext_ln19' <Predicate = true> <Delay = 0.00>
ST_2 : Operation 169 [1/1] (0.00ns)   --->   "%gmem0_0_addr = getelementptr i64 %gmem0_0, i64 %sext_ln19" [kernel.cpp:19]   --->   Operation 169 'getelementptr' 'gmem0_0_addr' <Predicate = true> <Delay = 0.00>
ST_2 : Operation 170 [71/71] (7.30ns)   --->   "%gmem0_0_load_req = readreq i1 @_ssdm_op_ReadReq.m_axi.i64P1A, i64 %gmem0_0_addr, i64 1" [kernel.cpp:19]   --->   Operation 170 'readreq' 'gmem0_0_load_req' <Predicate = true> <Delay = 7.30> <CoreInst = "m_axi">   --->   Core 111 'm_axi' <Latency = 6> <II = 1> <Delay = 1.00> <Adapter> <Opcode : 'read' 'write' 'readreq' 'writereq' 'writeresp'>
ST_2 : Operation 171 [1/1] (0.00ns)   --->   "%sext_ln19_1 = sext i61 %trunc_ln19_1" [kernel.cpp:19]   --->   Operation 171 'sext' 'sext_ln19_1' <Predicate = true> <Delay = 0.00>
ST_2 : Operation 172 [1/1] (0.00ns)   --->   "%gmem1_0_addr = getelementptr i64 %gmem1_0, i64 %sext_ln19_1" [kernel.cpp:19]   --->   Operation 172 'getelementptr' 'gmem1_0_addr' <Predicate = true> <Delay = 0.00>
ST_2 : Operation 173 [71/71] (7.30ns)   --->   "%gmem1_0_load_req = readreq i1 @_ssdm_op_ReadReq.m_axi.i64P1A, i64 %gmem1_0_addr, i64 1" [kernel.cpp:19]   --->   Operation 173 'readreq' 'gmem1_0_load_req' <Predicate = true> <Delay = 7.30> <CoreInst = "m_axi">   --->   Core 111 'm_axi' <Latency = 6> <II = 1> <Delay = 1.00> <Adapter> <Opcode : 'read' 'write' 'readreq' 'writereq' 'writeresp'>
ST_2 : Operation 174 [1/1] (0.00ns)   --->   "%sext_ln19_2 = sext i61 %trunc_ln19_2" [kernel.cpp:19]   --->   Operation 174 'sext' 'sext_ln19_2' <Predicate = true> <Delay = 0.00>
ST_2 : Operation 175 [1/1] (0.00ns)   --->   "%gmem0_1_addr = getelementptr i64 %gmem0_1, i64 %sext_ln19_2" [kernel.cpp:19]   --->   Operation 175 'getelementptr' 'gmem0_1_addr' <Predicate = true> <Delay = 0.00>
ST_2 : Operation 176 [71/71] (7.30ns)   --->   "%gmem0_1_load_req = readreq i1 @_ssdm_op_ReadReq.m_axi.i64P1A, i64 %gmem0_1_addr, i64 1" [kernel.cpp:19]   --->   Operation 176 'readreq' 'gmem0_1_load_req' <Predicate = true> <Delay = 7.30> <CoreInst = "m_axi">   --->   Core 111 'm_axi' <Latency = 6> <II = 1> <Delay = 1.00> <Adapter> <Opcode : 'read' 'write' 'readreq' 'writereq' 'writeresp'>
ST_2 : Operation 177 [1/1] (0.00ns)   --->   "%sext_ln19_3 = sext i61 %trunc_ln19_3" [kernel.cpp:19]   --->   Operation 177 'sext' 'sext_ln19_3' <Predicate = true> <Delay = 0.00>
ST_2 : Operation 178 [1/1] (0.00ns)   --->   "%gmem1_1_addr = getelementptr i64 %gmem1_1, i64 %sext_ln19_3" [kernel.cpp:19]   --->   Operation 178 'getelementptr' 'gmem1_1_addr' <Predicate = true> <Delay = 0.00>
ST_2 : Operation 179 [71/71] (7.30ns)   --->   "%gmem1_1_load_req = readreq i1 @_ssdm_op_ReadReq.m_axi.i64P1A, i64 %gmem1_1_addr, i64 1" [kernel.cpp:19]   --->   Operation 179 'readreq' 'gmem1_1_load_req' <Predicate = true> <Delay = 7.30> <CoreInst = "m_axi">   --->   Core 111 'm_axi' <Latency = 6> <II = 1> <Delay = 1.00> <Adapter> <Opcode : 'read' 'write' 'readreq' 'writereq' 'writeresp'>

State 3 <SV = 2> <Delay = 7.30>
ST_3 : Operation 180 [70/71] (7.30ns)   --->   "%gmem0_0_load_req = readreq i1 @_ssdm_op_ReadReq.m_axi.i64P1A, i64 %gmem0_0_addr, i64 1" [kernel.cpp:19]   --->   Operation 180 'readreq' 'gmem0_0_load_req' <Predicate = true> <Delay = 7.30> <CoreInst = "m_axi">   --->   Core 111 'm_axi' <Latency = 6> <II = 1> <Delay = 1.00> <Adapter> <Opcode : 'read' 'write' 'readreq' 'writereq' 'writeresp'>
ST_3 : Operation 181 [70/71] (7.30ns)   --->   "%gmem1_0_load_req = readreq i1 @_ssdm_op_ReadReq.m_axi.i64P1A, i64 %gmem1_0_addr, i64 1" [kernel.cpp:19]   --->   Operation 181 'readreq' 'gmem1_0_load_req' <Predicate = true> <Delay = 7.30> <CoreInst = "m_axi">   --->   Core 111 'm_axi' <Latency = 6> <II = 1> <Delay = 1.00> <Adapter> <Opcode : 'read' 'write' 'readreq' 'writereq' 'writeresp'>
ST_3 : Operation 182 [70/71] (7.30ns)   --->   "%gmem0_1_load_req = readreq i1 @_ssdm_op_ReadReq.m_axi.i64P1A, i64 %gmem0_1_addr, i64 1" [kernel.cpp:19]   --->   Operation 182 'readreq' 'gmem0_1_load_req' <Predicate = true> <Delay = 7.30> <CoreInst = "m_axi">   --->   Core 111 'm_axi' <Latency = 6> <II = 1> <Delay = 1.00> <Adapter> <Opcode : 'read' 'write' 'readreq' 'writereq' 'writeresp'>
ST_3 : Operation 183 [70/71] (7.30ns)   --->   "%gmem1_1_load_req = readreq i1 @_ssdm_op_ReadReq.m_axi.i64P1A, i64 %gmem1_1_addr, i64 1" [kernel.cpp:19]   --->   Operation 183 'readreq' 'gmem1_1_load_req' <Predicate = true> <Delay = 7.30> <CoreInst = "m_axi">   --->   Core 111 'm_axi' <Latency = 6> <II = 1> <Delay = 1.00> <Adapter> <Opcode : 'read' 'write' 'readreq' 'writereq' 'writeresp'>

State 4 <SV = 3> <Delay = 7.30>
ST_4 : Operation 184 [69/71] (7.30ns)   --->   "%gmem0_0_load_req = readreq i1 @_ssdm_op_ReadReq.m_axi.i64P1A, i64 %gmem0_0_addr, i64 1" [kernel.cpp:19]   --->   Operation 184 'readreq' 'gmem0_0_load_req' <Predicate = true> <Delay = 7.30> <CoreInst = "m_axi">   --->   Core 111 'm_axi' <Latency = 6> <II = 1> <Delay = 1.00> <Adapter> <Opcode : 'read' 'write' 'readreq' 'writereq' 'writeresp'>
ST_4 : Operation 185 [69/71] (7.30ns)   --->   "%gmem1_0_load_req = readreq i1 @_ssdm_op_ReadReq.m_axi.i64P1A, i64 %gmem1_0_addr, i64 1" [kernel.cpp:19]   --->   Operation 185 'readreq' 'gmem1_0_load_req' <Predicate = true> <Delay = 7.30> <CoreInst = "m_axi">   --->   Core 111 'm_axi' <Latency = 6> <II = 1> <Delay = 1.00> <Adapter> <Opcode : 'read' 'write' 'readreq' 'writereq' 'writeresp'>
ST_4 : Operation 186 [69/71] (7.30ns)   --->   "%gmem0_1_load_req = readreq i1 @_ssdm_op_ReadReq.m_axi.i64P1A, i64 %gmem0_1_addr, i64 1" [kernel.cpp:19]   --->   Operation 186 'readreq' 'gmem0_1_load_req' <Predicate = true> <Delay = 7.30> <CoreInst = "m_axi">   --->   Core 111 'm_axi' <Latency = 6> <II = 1> <Delay = 1.00> <Adapter> <Opcode : 'read' 'write' 'readreq' 'writereq' 'writeresp'>
ST_4 : Operation 187 [69/71] (7.30ns)   --->   "%gmem1_1_load_req = readreq i1 @_ssdm_op_ReadReq.m_axi.i64P1A, i64 %gmem1_1_addr, i64 1" [kernel.cpp:19]   --->   Operation 187 'readreq' 'gmem1_1_load_req' <Predicate = true> <Delay = 7.30> <CoreInst = "m_axi">   --->   Core 111 'm_axi' <Latency = 6> <II = 1> <Delay = 1.00> <Adapter> <Opcode : 'read' 'write' 'readreq' 'writereq' 'writeresp'>

State 5 <SV = 4> <Delay = 7.30>
ST_5 : Operation 188 [68/71] (7.30ns)   --->   "%gmem0_0_load_req = readreq i1 @_ssdm_op_ReadReq.m_axi.i64P1A, i64 %gmem0_0_addr, i64 1" [kernel.cpp:19]   --->   Operation 188 'readreq' 'gmem0_0_load_req' <Predicate = true> <Delay = 7.30> <CoreInst = "m_axi">   --->   Core 111 'm_axi' <Latency = 6> <II = 1> <Delay = 1.00> <Adapter> <Opcode : 'read' 'write' 'readreq' 'writereq' 'writeresp'>
ST_5 : Operation 189 [68/71] (7.30ns)   --->   "%gmem1_0_load_req = readreq i1 @_ssdm_op_ReadReq.m_axi.i64P1A, i64 %gmem1_0_addr, i64 1" [kernel.cpp:19]   --->   Operation 189 'readreq' 'gmem1_0_load_req' <Predicate = true> <Delay = 7.30> <CoreInst = "m_axi">   --->   Core 111 'm_axi' <Latency = 6> <II = 1> <Delay = 1.00> <Adapter> <Opcode : 'read' 'write' 'readreq' 'writereq' 'writeresp'>
ST_5 : Operation 190 [68/71] (7.30ns)   --->   "%gmem0_1_load_req = readreq i1 @_ssdm_op_ReadReq.m_axi.i64P1A, i64 %gmem0_1_addr, i64 1" [kernel.cpp:19]   --->   Operation 190 'readreq' 'gmem0_1_load_req' <Predicate = true> <Delay = 7.30> <CoreInst = "m_axi">   --->   Core 111 'm_axi' <Latency = 6> <II = 1> <Delay = 1.00> <Adapter> <Opcode : 'read' 'write' 'readreq' 'writereq' 'writeresp'>
ST_5 : Operation 191 [68/71] (7.30ns)   --->   "%gmem1_1_load_req = readreq i1 @_ssdm_op_ReadReq.m_axi.i64P1A, i64 %gmem1_1_addr, i64 1" [kernel.cpp:19]   --->   Operation 191 'readreq' 'gmem1_1_load_req' <Predicate = true> <Delay = 7.30> <CoreInst = "m_axi">   --->   Core 111 'm_axi' <Latency = 6> <II = 1> <Delay = 1.00> <Adapter> <Opcode : 'read' 'write' 'readreq' 'writereq' 'writeresp'>

State 6 <SV = 5> <Delay = 7.30>
ST_6 : Operation 192 [67/71] (7.30ns)   --->   "%gmem0_0_load_req = readreq i1 @_ssdm_op_ReadReq.m_axi.i64P1A, i64 %gmem0_0_addr, i64 1" [kernel.cpp:19]   --->   Operation 192 'readreq' 'gmem0_0_load_req' <Predicate = true> <Delay = 7.30> <CoreInst = "m_axi">   --->   Core 111 'm_axi' <Latency = 6> <II = 1> <Delay = 1.00> <Adapter> <Opcode : 'read' 'write' 'readreq' 'writereq' 'writeresp'>
ST_6 : Operation 193 [67/71] (7.30ns)   --->   "%gmem1_0_load_req = readreq i1 @_ssdm_op_ReadReq.m_axi.i64P1A, i64 %gmem1_0_addr, i64 1" [kernel.cpp:19]   --->   Operation 193 'readreq' 'gmem1_0_load_req' <Predicate = true> <Delay = 7.30> <CoreInst = "m_axi">   --->   Core 111 'm_axi' <Latency = 6> <II = 1> <Delay = 1.00> <Adapter> <Opcode : 'read' 'write' 'readreq' 'writereq' 'writeresp'>
ST_6 : Operation 194 [67/71] (7.30ns)   --->   "%gmem0_1_load_req = readreq i1 @_ssdm_op_ReadReq.m_axi.i64P1A, i64 %gmem0_1_addr, i64 1" [kernel.cpp:19]   --->   Operation 194 'readreq' 'gmem0_1_load_req' <Predicate = true> <Delay = 7.30> <CoreInst = "m_axi">   --->   Core 111 'm_axi' <Latency = 6> <II = 1> <Delay = 1.00> <Adapter> <Opcode : 'read' 'write' 'readreq' 'writereq' 'writeresp'>
ST_6 : Operation 195 [67/71] (7.30ns)   --->   "%gmem1_1_load_req = readreq i1 @_ssdm_op_ReadReq.m_axi.i64P1A, i64 %gmem1_1_addr, i64 1" [kernel.cpp:19]   --->   Operation 195 'readreq' 'gmem1_1_load_req' <Predicate = true> <Delay = 7.30> <CoreInst = "m_axi">   --->   Core 111 'm_axi' <Latency = 6> <II = 1> <Delay = 1.00> <Adapter> <Opcode : 'read' 'write' 'readreq' 'writereq' 'writeresp'>

State 7 <SV = 6> <Delay = 7.30>
ST_7 : Operation 196 [66/71] (7.30ns)   --->   "%gmem0_0_load_req = readreq i1 @_ssdm_op_ReadReq.m_axi.i64P1A, i64 %gmem0_0_addr, i64 1" [kernel.cpp:19]   --->   Operation 196 'readreq' 'gmem0_0_load_req' <Predicate = true> <Delay = 7.30> <CoreInst = "m_axi">   --->   Core 111 'm_axi' <Latency = 6> <II = 1> <Delay = 1.00> <Adapter> <Opcode : 'read' 'write' 'readreq' 'writereq' 'writeresp'>
ST_7 : Operation 197 [66/71] (7.30ns)   --->   "%gmem1_0_load_req = readreq i1 @_ssdm_op_ReadReq.m_axi.i64P1A, i64 %gmem1_0_addr, i64 1" [kernel.cpp:19]   --->   Operation 197 'readreq' 'gmem1_0_load_req' <Predicate = true> <Delay = 7.30> <CoreInst = "m_axi">   --->   Core 111 'm_axi' <Latency = 6> <II = 1> <Delay = 1.00> <Adapter> <Opcode : 'read' 'write' 'readreq' 'writereq' 'writeresp'>
ST_7 : Operation 198 [66/71] (7.30ns)   --->   "%gmem0_1_load_req = readreq i1 @_ssdm_op_ReadReq.m_axi.i64P1A, i64 %gmem0_1_addr, i64 1" [kernel.cpp:19]   --->   Operation 198 'readreq' 'gmem0_1_load_req' <Predicate = true> <Delay = 7.30> <CoreInst = "m_axi">   --->   Core 111 'm_axi' <Latency = 6> <II = 1> <Delay = 1.00> <Adapter> <Opcode : 'read' 'write' 'readreq' 'writereq' 'writeresp'>
ST_7 : Operation 199 [66/71] (7.30ns)   --->   "%gmem1_1_load_req = readreq i1 @_ssdm_op_ReadReq.m_axi.i64P1A, i64 %gmem1_1_addr, i64 1" [kernel.cpp:19]   --->   Operation 199 'readreq' 'gmem1_1_load_req' <Predicate = true> <Delay = 7.30> <CoreInst = "m_axi">   --->   Core 111 'm_axi' <Latency = 6> <II = 1> <Delay = 1.00> <Adapter> <Opcode : 'read' 'write' 'readreq' 'writereq' 'writeresp'>

State 8 <SV = 7> <Delay = 7.30>
ST_8 : Operation 200 [65/71] (7.30ns)   --->   "%gmem0_0_load_req = readreq i1 @_ssdm_op_ReadReq.m_axi.i64P1A, i64 %gmem0_0_addr, i64 1" [kernel.cpp:19]   --->   Operation 200 'readreq' 'gmem0_0_load_req' <Predicate = true> <Delay = 7.30> <CoreInst = "m_axi">   --->   Core 111 'm_axi' <Latency = 6> <II = 1> <Delay = 1.00> <Adapter> <Opcode : 'read' 'write' 'readreq' 'writereq' 'writeresp'>
ST_8 : Operation 201 [65/71] (7.30ns)   --->   "%gmem1_0_load_req = readreq i1 @_ssdm_op_ReadReq.m_axi.i64P1A, i64 %gmem1_0_addr, i64 1" [kernel.cpp:19]   --->   Operation 201 'readreq' 'gmem1_0_load_req' <Predicate = true> <Delay = 7.30> <CoreInst = "m_axi">   --->   Core 111 'm_axi' <Latency = 6> <II = 1> <Delay = 1.00> <Adapter> <Opcode : 'read' 'write' 'readreq' 'writereq' 'writeresp'>
ST_8 : Operation 202 [65/71] (7.30ns)   --->   "%gmem0_1_load_req = readreq i1 @_ssdm_op_ReadReq.m_axi.i64P1A, i64 %gmem0_1_addr, i64 1" [kernel.cpp:19]   --->   Operation 202 'readreq' 'gmem0_1_load_req' <Predicate = true> <Delay = 7.30> <CoreInst = "m_axi">   --->   Core 111 'm_axi' <Latency = 6> <II = 1> <Delay = 1.00> <Adapter> <Opcode : 'read' 'write' 'readreq' 'writereq' 'writeresp'>
ST_8 : Operation 203 [65/71] (7.30ns)   --->   "%gmem1_1_load_req = readreq i1 @_ssdm_op_ReadReq.m_axi.i64P1A, i64 %gmem1_1_addr, i64 1" [kernel.cpp:19]   --->   Operation 203 'readreq' 'gmem1_1_load_req' <Predicate = true> <Delay = 7.30> <CoreInst = "m_axi">   --->   Core 111 'm_axi' <Latency = 6> <II = 1> <Delay = 1.00> <Adapter> <Opcode : 'read' 'write' 'readreq' 'writereq' 'writeresp'>

State 9 <SV = 8> <Delay = 7.30>
ST_9 : Operation 204 [64/71] (7.30ns)   --->   "%gmem0_0_load_req = readreq i1 @_ssdm_op_ReadReq.m_axi.i64P1A, i64 %gmem0_0_addr, i64 1" [kernel.cpp:19]   --->   Operation 204 'readreq' 'gmem0_0_load_req' <Predicate = true> <Delay = 7.30> <CoreInst = "m_axi">   --->   Core 111 'm_axi' <Latency = 6> <II = 1> <Delay = 1.00> <Adapter> <Opcode : 'read' 'write' 'readreq' 'writereq' 'writeresp'>
ST_9 : Operation 205 [64/71] (7.30ns)   --->   "%gmem1_0_load_req = readreq i1 @_ssdm_op_ReadReq.m_axi.i64P1A, i64 %gmem1_0_addr, i64 1" [kernel.cpp:19]   --->   Operation 205 'readreq' 'gmem1_0_load_req' <Predicate = true> <Delay = 7.30> <CoreInst = "m_axi">   --->   Core 111 'm_axi' <Latency = 6> <II = 1> <Delay = 1.00> <Adapter> <Opcode : 'read' 'write' 'readreq' 'writereq' 'writeresp'>
ST_9 : Operation 206 [64/71] (7.30ns)   --->   "%gmem0_1_load_req = readreq i1 @_ssdm_op_ReadReq.m_axi.i64P1A, i64 %gmem0_1_addr, i64 1" [kernel.cpp:19]   --->   Operation 206 'readreq' 'gmem0_1_load_req' <Predicate = true> <Delay = 7.30> <CoreInst = "m_axi">   --->   Core 111 'm_axi' <Latency = 6> <II = 1> <Delay = 1.00> <Adapter> <Opcode : 'read' 'write' 'readreq' 'writereq' 'writeresp'>
ST_9 : Operation 207 [64/71] (7.30ns)   --->   "%gmem1_1_load_req = readreq i1 @_ssdm_op_ReadReq.m_axi.i64P1A, i64 %gmem1_1_addr, i64 1" [kernel.cpp:19]   --->   Operation 207 'readreq' 'gmem1_1_load_req' <Predicate = true> <Delay = 7.30> <CoreInst = "m_axi">   --->   Core 111 'm_axi' <Latency = 6> <II = 1> <Delay = 1.00> <Adapter> <Opcode : 'read' 'write' 'readreq' 'writereq' 'writeresp'>

State 10 <SV = 9> <Delay = 7.30>
ST_10 : Operation 208 [63/71] (7.30ns)   --->   "%gmem0_0_load_req = readreq i1 @_ssdm_op_ReadReq.m_axi.i64P1A, i64 %gmem0_0_addr, i64 1" [kernel.cpp:19]   --->   Operation 208 'readreq' 'gmem0_0_load_req' <Predicate = true> <Delay = 7.30> <CoreInst = "m_axi">   --->   Core 111 'm_axi' <Latency = 6> <II = 1> <Delay = 1.00> <Adapter> <Opcode : 'read' 'write' 'readreq' 'writereq' 'writeresp'>
ST_10 : Operation 209 [63/71] (7.30ns)   --->   "%gmem1_0_load_req = readreq i1 @_ssdm_op_ReadReq.m_axi.i64P1A, i64 %gmem1_0_addr, i64 1" [kernel.cpp:19]   --->   Operation 209 'readreq' 'gmem1_0_load_req' <Predicate = true> <Delay = 7.30> <CoreInst = "m_axi">   --->   Core 111 'm_axi' <Latency = 6> <II = 1> <Delay = 1.00> <Adapter> <Opcode : 'read' 'write' 'readreq' 'writereq' 'writeresp'>
ST_10 : Operation 210 [63/71] (7.30ns)   --->   "%gmem0_1_load_req = readreq i1 @_ssdm_op_ReadReq.m_axi.i64P1A, i64 %gmem0_1_addr, i64 1" [kernel.cpp:19]   --->   Operation 210 'readreq' 'gmem0_1_load_req' <Predicate = true> <Delay = 7.30> <CoreInst = "m_axi">   --->   Core 111 'm_axi' <Latency = 6> <II = 1> <Delay = 1.00> <Adapter> <Opcode : 'read' 'write' 'readreq' 'writereq' 'writeresp'>
ST_10 : Operation 211 [63/71] (7.30ns)   --->   "%gmem1_1_load_req = readreq i1 @_ssdm_op_ReadReq.m_axi.i64P1A, i64 %gmem1_1_addr, i64 1" [kernel.cpp:19]   --->   Operation 211 'readreq' 'gmem1_1_load_req' <Predicate = true> <Delay = 7.30> <CoreInst = "m_axi">   --->   Core 111 'm_axi' <Latency = 6> <II = 1> <Delay = 1.00> <Adapter> <Opcode : 'read' 'write' 'readreq' 'writereq' 'writeresp'>

State 11 <SV = 10> <Delay = 7.30>
ST_11 : Operation 212 [62/71] (7.30ns)   --->   "%gmem0_0_load_req = readreq i1 @_ssdm_op_ReadReq.m_axi.i64P1A, i64 %gmem0_0_addr, i64 1" [kernel.cpp:19]   --->   Operation 212 'readreq' 'gmem0_0_load_req' <Predicate = true> <Delay = 7.30> <CoreInst = "m_axi">   --->   Core 111 'm_axi' <Latency = 6> <II = 1> <Delay = 1.00> <Adapter> <Opcode : 'read' 'write' 'readreq' 'writereq' 'writeresp'>
ST_11 : Operation 213 [62/71] (7.30ns)   --->   "%gmem1_0_load_req = readreq i1 @_ssdm_op_ReadReq.m_axi.i64P1A, i64 %gmem1_0_addr, i64 1" [kernel.cpp:19]   --->   Operation 213 'readreq' 'gmem1_0_load_req' <Predicate = true> <Delay = 7.30> <CoreInst = "m_axi">   --->   Core 111 'm_axi' <Latency = 6> <II = 1> <Delay = 1.00> <Adapter> <Opcode : 'read' 'write' 'readreq' 'writereq' 'writeresp'>
ST_11 : Operation 214 [62/71] (7.30ns)   --->   "%gmem0_1_load_req = readreq i1 @_ssdm_op_ReadReq.m_axi.i64P1A, i64 %gmem0_1_addr, i64 1" [kernel.cpp:19]   --->   Operation 214 'readreq' 'gmem0_1_load_req' <Predicate = true> <Delay = 7.30> <CoreInst = "m_axi">   --->   Core 111 'm_axi' <Latency = 6> <II = 1> <Delay = 1.00> <Adapter> <Opcode : 'read' 'write' 'readreq' 'writereq' 'writeresp'>
ST_11 : Operation 215 [62/71] (7.30ns)   --->   "%gmem1_1_load_req = readreq i1 @_ssdm_op_ReadReq.m_axi.i64P1A, i64 %gmem1_1_addr, i64 1" [kernel.cpp:19]   --->   Operation 215 'readreq' 'gmem1_1_load_req' <Predicate = true> <Delay = 7.30> <CoreInst = "m_axi">   --->   Core 111 'm_axi' <Latency = 6> <II = 1> <Delay = 1.00> <Adapter> <Opcode : 'read' 'write' 'readreq' 'writereq' 'writeresp'>

State 12 <SV = 11> <Delay = 7.30>
ST_12 : Operation 216 [61/71] (7.30ns)   --->   "%gmem0_0_load_req = readreq i1 @_ssdm_op_ReadReq.m_axi.i64P1A, i64 %gmem0_0_addr, i64 1" [kernel.cpp:19]   --->   Operation 216 'readreq' 'gmem0_0_load_req' <Predicate = true> <Delay = 7.30> <CoreInst = "m_axi">   --->   Core 111 'm_axi' <Latency = 6> <II = 1> <Delay = 1.00> <Adapter> <Opcode : 'read' 'write' 'readreq' 'writereq' 'writeresp'>
ST_12 : Operation 217 [61/71] (7.30ns)   --->   "%gmem1_0_load_req = readreq i1 @_ssdm_op_ReadReq.m_axi.i64P1A, i64 %gmem1_0_addr, i64 1" [kernel.cpp:19]   --->   Operation 217 'readreq' 'gmem1_0_load_req' <Predicate = true> <Delay = 7.30> <CoreInst = "m_axi">   --->   Core 111 'm_axi' <Latency = 6> <II = 1> <Delay = 1.00> <Adapter> <Opcode : 'read' 'write' 'readreq' 'writereq' 'writeresp'>
ST_12 : Operation 218 [61/71] (7.30ns)   --->   "%gmem0_1_load_req = readreq i1 @_ssdm_op_ReadReq.m_axi.i64P1A, i64 %gmem0_1_addr, i64 1" [kernel.cpp:19]   --->   Operation 218 'readreq' 'gmem0_1_load_req' <Predicate = true> <Delay = 7.30> <CoreInst = "m_axi">   --->   Core 111 'm_axi' <Latency = 6> <II = 1> <Delay = 1.00> <Adapter> <Opcode : 'read' 'write' 'readreq' 'writereq' 'writeresp'>
ST_12 : Operation 219 [61/71] (7.30ns)   --->   "%gmem1_1_load_req = readreq i1 @_ssdm_op_ReadReq.m_axi.i64P1A, i64 %gmem1_1_addr, i64 1" [kernel.cpp:19]   --->   Operation 219 'readreq' 'gmem1_1_load_req' <Predicate = true> <Delay = 7.30> <CoreInst = "m_axi">   --->   Core 111 'm_axi' <Latency = 6> <II = 1> <Delay = 1.00> <Adapter> <Opcode : 'read' 'write' 'readreq' 'writereq' 'writeresp'>

State 13 <SV = 12> <Delay = 7.30>
ST_13 : Operation 220 [60/71] (7.30ns)   --->   "%gmem0_0_load_req = readreq i1 @_ssdm_op_ReadReq.m_axi.i64P1A, i64 %gmem0_0_addr, i64 1" [kernel.cpp:19]   --->   Operation 220 'readreq' 'gmem0_0_load_req' <Predicate = true> <Delay = 7.30> <CoreInst = "m_axi">   --->   Core 111 'm_axi' <Latency = 6> <II = 1> <Delay = 1.00> <Adapter> <Opcode : 'read' 'write' 'readreq' 'writereq' 'writeresp'>
ST_13 : Operation 221 [60/71] (7.30ns)   --->   "%gmem1_0_load_req = readreq i1 @_ssdm_op_ReadReq.m_axi.i64P1A, i64 %gmem1_0_addr, i64 1" [kernel.cpp:19]   --->   Operation 221 'readreq' 'gmem1_0_load_req' <Predicate = true> <Delay = 7.30> <CoreInst = "m_axi">   --->   Core 111 'm_axi' <Latency = 6> <II = 1> <Delay = 1.00> <Adapter> <Opcode : 'read' 'write' 'readreq' 'writereq' 'writeresp'>
ST_13 : Operation 222 [60/71] (7.30ns)   --->   "%gmem0_1_load_req = readreq i1 @_ssdm_op_ReadReq.m_axi.i64P1A, i64 %gmem0_1_addr, i64 1" [kernel.cpp:19]   --->   Operation 222 'readreq' 'gmem0_1_load_req' <Predicate = true> <Delay = 7.30> <CoreInst = "m_axi">   --->   Core 111 'm_axi' <Latency = 6> <II = 1> <Delay = 1.00> <Adapter> <Opcode : 'read' 'write' 'readreq' 'writereq' 'writeresp'>
ST_13 : Operation 223 [60/71] (7.30ns)   --->   "%gmem1_1_load_req = readreq i1 @_ssdm_op_ReadReq.m_axi.i64P1A, i64 %gmem1_1_addr, i64 1" [kernel.cpp:19]   --->   Operation 223 'readreq' 'gmem1_1_load_req' <Predicate = true> <Delay = 7.30> <CoreInst = "m_axi">   --->   Core 111 'm_axi' <Latency = 6> <II = 1> <Delay = 1.00> <Adapter> <Opcode : 'read' 'write' 'readreq' 'writereq' 'writeresp'>

State 14 <SV = 13> <Delay = 7.30>
ST_14 : Operation 224 [59/71] (7.30ns)   --->   "%gmem0_0_load_req = readreq i1 @_ssdm_op_ReadReq.m_axi.i64P1A, i64 %gmem0_0_addr, i64 1" [kernel.cpp:19]   --->   Operation 224 'readreq' 'gmem0_0_load_req' <Predicate = true> <Delay = 7.30> <CoreInst = "m_axi">   --->   Core 111 'm_axi' <Latency = 6> <II = 1> <Delay = 1.00> <Adapter> <Opcode : 'read' 'write' 'readreq' 'writereq' 'writeresp'>
ST_14 : Operation 225 [59/71] (7.30ns)   --->   "%gmem1_0_load_req = readreq i1 @_ssdm_op_ReadReq.m_axi.i64P1A, i64 %gmem1_0_addr, i64 1" [kernel.cpp:19]   --->   Operation 225 'readreq' 'gmem1_0_load_req' <Predicate = true> <Delay = 7.30> <CoreInst = "m_axi">   --->   Core 111 'm_axi' <Latency = 6> <II = 1> <Delay = 1.00> <Adapter> <Opcode : 'read' 'write' 'readreq' 'writereq' 'writeresp'>
ST_14 : Operation 226 [59/71] (7.30ns)   --->   "%gmem0_1_load_req = readreq i1 @_ssdm_op_ReadReq.m_axi.i64P1A, i64 %gmem0_1_addr, i64 1" [kernel.cpp:19]   --->   Operation 226 'readreq' 'gmem0_1_load_req' <Predicate = true> <Delay = 7.30> <CoreInst = "m_axi">   --->   Core 111 'm_axi' <Latency = 6> <II = 1> <Delay = 1.00> <Adapter> <Opcode : 'read' 'write' 'readreq' 'writereq' 'writeresp'>
ST_14 : Operation 227 [59/71] (7.30ns)   --->   "%gmem1_1_load_req = readreq i1 @_ssdm_op_ReadReq.m_axi.i64P1A, i64 %gmem1_1_addr, i64 1" [kernel.cpp:19]   --->   Operation 227 'readreq' 'gmem1_1_load_req' <Predicate = true> <Delay = 7.30> <CoreInst = "m_axi">   --->   Core 111 'm_axi' <Latency = 6> <II = 1> <Delay = 1.00> <Adapter> <Opcode : 'read' 'write' 'readreq' 'writereq' 'writeresp'>

State 15 <SV = 14> <Delay = 7.30>
ST_15 : Operation 228 [58/71] (7.30ns)   --->   "%gmem0_0_load_req = readreq i1 @_ssdm_op_ReadReq.m_axi.i64P1A, i64 %gmem0_0_addr, i64 1" [kernel.cpp:19]   --->   Operation 228 'readreq' 'gmem0_0_load_req' <Predicate = true> <Delay = 7.30> <CoreInst = "m_axi">   --->   Core 111 'm_axi' <Latency = 6> <II = 1> <Delay = 1.00> <Adapter> <Opcode : 'read' 'write' 'readreq' 'writereq' 'writeresp'>
ST_15 : Operation 229 [58/71] (7.30ns)   --->   "%gmem1_0_load_req = readreq i1 @_ssdm_op_ReadReq.m_axi.i64P1A, i64 %gmem1_0_addr, i64 1" [kernel.cpp:19]   --->   Operation 229 'readreq' 'gmem1_0_load_req' <Predicate = true> <Delay = 7.30> <CoreInst = "m_axi">   --->   Core 111 'm_axi' <Latency = 6> <II = 1> <Delay = 1.00> <Adapter> <Opcode : 'read' 'write' 'readreq' 'writereq' 'writeresp'>
ST_15 : Operation 230 [58/71] (7.30ns)   --->   "%gmem0_1_load_req = readreq i1 @_ssdm_op_ReadReq.m_axi.i64P1A, i64 %gmem0_1_addr, i64 1" [kernel.cpp:19]   --->   Operation 230 'readreq' 'gmem0_1_load_req' <Predicate = true> <Delay = 7.30> <CoreInst = "m_axi">   --->   Core 111 'm_axi' <Latency = 6> <II = 1> <Delay = 1.00> <Adapter> <Opcode : 'read' 'write' 'readreq' 'writereq' 'writeresp'>
ST_15 : Operation 231 [58/71] (7.30ns)   --->   "%gmem1_1_load_req = readreq i1 @_ssdm_op_ReadReq.m_axi.i64P1A, i64 %gmem1_1_addr, i64 1" [kernel.cpp:19]   --->   Operation 231 'readreq' 'gmem1_1_load_req' <Predicate = true> <Delay = 7.30> <CoreInst = "m_axi">   --->   Core 111 'm_axi' <Latency = 6> <II = 1> <Delay = 1.00> <Adapter> <Opcode : 'read' 'write' 'readreq' 'writereq' 'writeresp'>

State 16 <SV = 15> <Delay = 7.30>
ST_16 : Operation 232 [57/71] (7.30ns)   --->   "%gmem0_0_load_req = readreq i1 @_ssdm_op_ReadReq.m_axi.i64P1A, i64 %gmem0_0_addr, i64 1" [kernel.cpp:19]   --->   Operation 232 'readreq' 'gmem0_0_load_req' <Predicate = true> <Delay = 7.30> <CoreInst = "m_axi">   --->   Core 111 'm_axi' <Latency = 6> <II = 1> <Delay = 1.00> <Adapter> <Opcode : 'read' 'write' 'readreq' 'writereq' 'writeresp'>
ST_16 : Operation 233 [57/71] (7.30ns)   --->   "%gmem1_0_load_req = readreq i1 @_ssdm_op_ReadReq.m_axi.i64P1A, i64 %gmem1_0_addr, i64 1" [kernel.cpp:19]   --->   Operation 233 'readreq' 'gmem1_0_load_req' <Predicate = true> <Delay = 7.30> <CoreInst = "m_axi">   --->   Core 111 'm_axi' <Latency = 6> <II = 1> <Delay = 1.00> <Adapter> <Opcode : 'read' 'write' 'readreq' 'writereq' 'writeresp'>
ST_16 : Operation 234 [57/71] (7.30ns)   --->   "%gmem0_1_load_req = readreq i1 @_ssdm_op_ReadReq.m_axi.i64P1A, i64 %gmem0_1_addr, i64 1" [kernel.cpp:19]   --->   Operation 234 'readreq' 'gmem0_1_load_req' <Predicate = true> <Delay = 7.30> <CoreInst = "m_axi">   --->   Core 111 'm_axi' <Latency = 6> <II = 1> <Delay = 1.00> <Adapter> <Opcode : 'read' 'write' 'readreq' 'writereq' 'writeresp'>
ST_16 : Operation 235 [57/71] (7.30ns)   --->   "%gmem1_1_load_req = readreq i1 @_ssdm_op_ReadReq.m_axi.i64P1A, i64 %gmem1_1_addr, i64 1" [kernel.cpp:19]   --->   Operation 235 'readreq' 'gmem1_1_load_req' <Predicate = true> <Delay = 7.30> <CoreInst = "m_axi">   --->   Core 111 'm_axi' <Latency = 6> <II = 1> <Delay = 1.00> <Adapter> <Opcode : 'read' 'write' 'readreq' 'writereq' 'writeresp'>

State 17 <SV = 16> <Delay = 7.30>
ST_17 : Operation 236 [56/71] (7.30ns)   --->   "%gmem0_0_load_req = readreq i1 @_ssdm_op_ReadReq.m_axi.i64P1A, i64 %gmem0_0_addr, i64 1" [kernel.cpp:19]   --->   Operation 236 'readreq' 'gmem0_0_load_req' <Predicate = true> <Delay = 7.30> <CoreInst = "m_axi">   --->   Core 111 'm_axi' <Latency = 6> <II = 1> <Delay = 1.00> <Adapter> <Opcode : 'read' 'write' 'readreq' 'writereq' 'writeresp'>
ST_17 : Operation 237 [56/71] (7.30ns)   --->   "%gmem1_0_load_req = readreq i1 @_ssdm_op_ReadReq.m_axi.i64P1A, i64 %gmem1_0_addr, i64 1" [kernel.cpp:19]   --->   Operation 237 'readreq' 'gmem1_0_load_req' <Predicate = true> <Delay = 7.30> <CoreInst = "m_axi">   --->   Core 111 'm_axi' <Latency = 6> <II = 1> <Delay = 1.00> <Adapter> <Opcode : 'read' 'write' 'readreq' 'writereq' 'writeresp'>
ST_17 : Operation 238 [56/71] (7.30ns)   --->   "%gmem0_1_load_req = readreq i1 @_ssdm_op_ReadReq.m_axi.i64P1A, i64 %gmem0_1_addr, i64 1" [kernel.cpp:19]   --->   Operation 238 'readreq' 'gmem0_1_load_req' <Predicate = true> <Delay = 7.30> <CoreInst = "m_axi">   --->   Core 111 'm_axi' <Latency = 6> <II = 1> <Delay = 1.00> <Adapter> <Opcode : 'read' 'write' 'readreq' 'writereq' 'writeresp'>
ST_17 : Operation 239 [56/71] (7.30ns)   --->   "%gmem1_1_load_req = readreq i1 @_ssdm_op_ReadReq.m_axi.i64P1A, i64 %gmem1_1_addr, i64 1" [kernel.cpp:19]   --->   Operation 239 'readreq' 'gmem1_1_load_req' <Predicate = true> <Delay = 7.30> <CoreInst = "m_axi">   --->   Core 111 'm_axi' <Latency = 6> <II = 1> <Delay = 1.00> <Adapter> <Opcode : 'read' 'write' 'readreq' 'writereq' 'writeresp'>

State 18 <SV = 17> <Delay = 7.30>
ST_18 : Operation 240 [55/71] (7.30ns)   --->   "%gmem0_0_load_req = readreq i1 @_ssdm_op_ReadReq.m_axi.i64P1A, i64 %gmem0_0_addr, i64 1" [kernel.cpp:19]   --->   Operation 240 'readreq' 'gmem0_0_load_req' <Predicate = true> <Delay = 7.30> <CoreInst = "m_axi">   --->   Core 111 'm_axi' <Latency = 6> <II = 1> <Delay = 1.00> <Adapter> <Opcode : 'read' 'write' 'readreq' 'writereq' 'writeresp'>
ST_18 : Operation 241 [55/71] (7.30ns)   --->   "%gmem1_0_load_req = readreq i1 @_ssdm_op_ReadReq.m_axi.i64P1A, i64 %gmem1_0_addr, i64 1" [kernel.cpp:19]   --->   Operation 241 'readreq' 'gmem1_0_load_req' <Predicate = true> <Delay = 7.30> <CoreInst = "m_axi">   --->   Core 111 'm_axi' <Latency = 6> <II = 1> <Delay = 1.00> <Adapter> <Opcode : 'read' 'write' 'readreq' 'writereq' 'writeresp'>
ST_18 : Operation 242 [55/71] (7.30ns)   --->   "%gmem0_1_load_req = readreq i1 @_ssdm_op_ReadReq.m_axi.i64P1A, i64 %gmem0_1_addr, i64 1" [kernel.cpp:19]   --->   Operation 242 'readreq' 'gmem0_1_load_req' <Predicate = true> <Delay = 7.30> <CoreInst = "m_axi">   --->   Core 111 'm_axi' <Latency = 6> <II = 1> <Delay = 1.00> <Adapter> <Opcode : 'read' 'write' 'readreq' 'writereq' 'writeresp'>
ST_18 : Operation 243 [55/71] (7.30ns)   --->   "%gmem1_1_load_req = readreq i1 @_ssdm_op_ReadReq.m_axi.i64P1A, i64 %gmem1_1_addr, i64 1" [kernel.cpp:19]   --->   Operation 243 'readreq' 'gmem1_1_load_req' <Predicate = true> <Delay = 7.30> <CoreInst = "m_axi">   --->   Core 111 'm_axi' <Latency = 6> <II = 1> <Delay = 1.00> <Adapter> <Opcode : 'read' 'write' 'readreq' 'writereq' 'writeresp'>

State 19 <SV = 18> <Delay = 7.30>
ST_19 : Operation 244 [54/71] (7.30ns)   --->   "%gmem0_0_load_req = readreq i1 @_ssdm_op_ReadReq.m_axi.i64P1A, i64 %gmem0_0_addr, i64 1" [kernel.cpp:19]   --->   Operation 244 'readreq' 'gmem0_0_load_req' <Predicate = true> <Delay = 7.30> <CoreInst = "m_axi">   --->   Core 111 'm_axi' <Latency = 6> <II = 1> <Delay = 1.00> <Adapter> <Opcode : 'read' 'write' 'readreq' 'writereq' 'writeresp'>
ST_19 : Operation 245 [54/71] (7.30ns)   --->   "%gmem1_0_load_req = readreq i1 @_ssdm_op_ReadReq.m_axi.i64P1A, i64 %gmem1_0_addr, i64 1" [kernel.cpp:19]   --->   Operation 245 'readreq' 'gmem1_0_load_req' <Predicate = true> <Delay = 7.30> <CoreInst = "m_axi">   --->   Core 111 'm_axi' <Latency = 6> <II = 1> <Delay = 1.00> <Adapter> <Opcode : 'read' 'write' 'readreq' 'writereq' 'writeresp'>
ST_19 : Operation 246 [54/71] (7.30ns)   --->   "%gmem0_1_load_req = readreq i1 @_ssdm_op_ReadReq.m_axi.i64P1A, i64 %gmem0_1_addr, i64 1" [kernel.cpp:19]   --->   Operation 246 'readreq' 'gmem0_1_load_req' <Predicate = true> <Delay = 7.30> <CoreInst = "m_axi">   --->   Core 111 'm_axi' <Latency = 6> <II = 1> <Delay = 1.00> <Adapter> <Opcode : 'read' 'write' 'readreq' 'writereq' 'writeresp'>
ST_19 : Operation 247 [54/71] (7.30ns)   --->   "%gmem1_1_load_req = readreq i1 @_ssdm_op_ReadReq.m_axi.i64P1A, i64 %gmem1_1_addr, i64 1" [kernel.cpp:19]   --->   Operation 247 'readreq' 'gmem1_1_load_req' <Predicate = true> <Delay = 7.30> <CoreInst = "m_axi">   --->   Core 111 'm_axi' <Latency = 6> <II = 1> <Delay = 1.00> <Adapter> <Opcode : 'read' 'write' 'readreq' 'writereq' 'writeresp'>

State 20 <SV = 19> <Delay = 7.30>
ST_20 : Operation 248 [53/71] (7.30ns)   --->   "%gmem0_0_load_req = readreq i1 @_ssdm_op_ReadReq.m_axi.i64P1A, i64 %gmem0_0_addr, i64 1" [kernel.cpp:19]   --->   Operation 248 'readreq' 'gmem0_0_load_req' <Predicate = true> <Delay = 7.30> <CoreInst = "m_axi">   --->   Core 111 'm_axi' <Latency = 6> <II = 1> <Delay = 1.00> <Adapter> <Opcode : 'read' 'write' 'readreq' 'writereq' 'writeresp'>
ST_20 : Operation 249 [53/71] (7.30ns)   --->   "%gmem1_0_load_req = readreq i1 @_ssdm_op_ReadReq.m_axi.i64P1A, i64 %gmem1_0_addr, i64 1" [kernel.cpp:19]   --->   Operation 249 'readreq' 'gmem1_0_load_req' <Predicate = true> <Delay = 7.30> <CoreInst = "m_axi">   --->   Core 111 'm_axi' <Latency = 6> <II = 1> <Delay = 1.00> <Adapter> <Opcode : 'read' 'write' 'readreq' 'writereq' 'writeresp'>
ST_20 : Operation 250 [53/71] (7.30ns)   --->   "%gmem0_1_load_req = readreq i1 @_ssdm_op_ReadReq.m_axi.i64P1A, i64 %gmem0_1_addr, i64 1" [kernel.cpp:19]   --->   Operation 250 'readreq' 'gmem0_1_load_req' <Predicate = true> <Delay = 7.30> <CoreInst = "m_axi">   --->   Core 111 'm_axi' <Latency = 6> <II = 1> <Delay = 1.00> <Adapter> <Opcode : 'read' 'write' 'readreq' 'writereq' 'writeresp'>
ST_20 : Operation 251 [53/71] (7.30ns)   --->   "%gmem1_1_load_req = readreq i1 @_ssdm_op_ReadReq.m_axi.i64P1A, i64 %gmem1_1_addr, i64 1" [kernel.cpp:19]   --->   Operation 251 'readreq' 'gmem1_1_load_req' <Predicate = true> <Delay = 7.30> <CoreInst = "m_axi">   --->   Core 111 'm_axi' <Latency = 6> <II = 1> <Delay = 1.00> <Adapter> <Opcode : 'read' 'write' 'readreq' 'writereq' 'writeresp'>

State 21 <SV = 20> <Delay = 7.30>
ST_21 : Operation 252 [52/71] (7.30ns)   --->   "%gmem0_0_load_req = readreq i1 @_ssdm_op_ReadReq.m_axi.i64P1A, i64 %gmem0_0_addr, i64 1" [kernel.cpp:19]   --->   Operation 252 'readreq' 'gmem0_0_load_req' <Predicate = true> <Delay = 7.30> <CoreInst = "m_axi">   --->   Core 111 'm_axi' <Latency = 6> <II = 1> <Delay = 1.00> <Adapter> <Opcode : 'read' 'write' 'readreq' 'writereq' 'writeresp'>
ST_21 : Operation 253 [52/71] (7.30ns)   --->   "%gmem1_0_load_req = readreq i1 @_ssdm_op_ReadReq.m_axi.i64P1A, i64 %gmem1_0_addr, i64 1" [kernel.cpp:19]   --->   Operation 253 'readreq' 'gmem1_0_load_req' <Predicate = true> <Delay = 7.30> <CoreInst = "m_axi">   --->   Core 111 'm_axi' <Latency = 6> <II = 1> <Delay = 1.00> <Adapter> <Opcode : 'read' 'write' 'readreq' 'writereq' 'writeresp'>
ST_21 : Operation 254 [52/71] (7.30ns)   --->   "%gmem0_1_load_req = readreq i1 @_ssdm_op_ReadReq.m_axi.i64P1A, i64 %gmem0_1_addr, i64 1" [kernel.cpp:19]   --->   Operation 254 'readreq' 'gmem0_1_load_req' <Predicate = true> <Delay = 7.30> <CoreInst = "m_axi">   --->   Core 111 'm_axi' <Latency = 6> <II = 1> <Delay = 1.00> <Adapter> <Opcode : 'read' 'write' 'readreq' 'writereq' 'writeresp'>
ST_21 : Operation 255 [52/71] (7.30ns)   --->   "%gmem1_1_load_req = readreq i1 @_ssdm_op_ReadReq.m_axi.i64P1A, i64 %gmem1_1_addr, i64 1" [kernel.cpp:19]   --->   Operation 255 'readreq' 'gmem1_1_load_req' <Predicate = true> <Delay = 7.30> <CoreInst = "m_axi">   --->   Core 111 'm_axi' <Latency = 6> <II = 1> <Delay = 1.00> <Adapter> <Opcode : 'read' 'write' 'readreq' 'writereq' 'writeresp'>

State 22 <SV = 21> <Delay = 7.30>
ST_22 : Operation 256 [51/71] (7.30ns)   --->   "%gmem0_0_load_req = readreq i1 @_ssdm_op_ReadReq.m_axi.i64P1A, i64 %gmem0_0_addr, i64 1" [kernel.cpp:19]   --->   Operation 256 'readreq' 'gmem0_0_load_req' <Predicate = true> <Delay = 7.30> <CoreInst = "m_axi">   --->   Core 111 'm_axi' <Latency = 6> <II = 1> <Delay = 1.00> <Adapter> <Opcode : 'read' 'write' 'readreq' 'writereq' 'writeresp'>
ST_22 : Operation 257 [51/71] (7.30ns)   --->   "%gmem1_0_load_req = readreq i1 @_ssdm_op_ReadReq.m_axi.i64P1A, i64 %gmem1_0_addr, i64 1" [kernel.cpp:19]   --->   Operation 257 'readreq' 'gmem1_0_load_req' <Predicate = true> <Delay = 7.30> <CoreInst = "m_axi">   --->   Core 111 'm_axi' <Latency = 6> <II = 1> <Delay = 1.00> <Adapter> <Opcode : 'read' 'write' 'readreq' 'writereq' 'writeresp'>
ST_22 : Operation 258 [51/71] (7.30ns)   --->   "%gmem0_1_load_req = readreq i1 @_ssdm_op_ReadReq.m_axi.i64P1A, i64 %gmem0_1_addr, i64 1" [kernel.cpp:19]   --->   Operation 258 'readreq' 'gmem0_1_load_req' <Predicate = true> <Delay = 7.30> <CoreInst = "m_axi">   --->   Core 111 'm_axi' <Latency = 6> <II = 1> <Delay = 1.00> <Adapter> <Opcode : 'read' 'write' 'readreq' 'writereq' 'writeresp'>
ST_22 : Operation 259 [51/71] (7.30ns)   --->   "%gmem1_1_load_req = readreq i1 @_ssdm_op_ReadReq.m_axi.i64P1A, i64 %gmem1_1_addr, i64 1" [kernel.cpp:19]   --->   Operation 259 'readreq' 'gmem1_1_load_req' <Predicate = true> <Delay = 7.30> <CoreInst = "m_axi">   --->   Core 111 'm_axi' <Latency = 6> <II = 1> <Delay = 1.00> <Adapter> <Opcode : 'read' 'write' 'readreq' 'writereq' 'writeresp'>

State 23 <SV = 22> <Delay = 7.30>
ST_23 : Operation 260 [50/71] (7.30ns)   --->   "%gmem0_0_load_req = readreq i1 @_ssdm_op_ReadReq.m_axi.i64P1A, i64 %gmem0_0_addr, i64 1" [kernel.cpp:19]   --->   Operation 260 'readreq' 'gmem0_0_load_req' <Predicate = true> <Delay = 7.30> <CoreInst = "m_axi">   --->   Core 111 'm_axi' <Latency = 6> <II = 1> <Delay = 1.00> <Adapter> <Opcode : 'read' 'write' 'readreq' 'writereq' 'writeresp'>
ST_23 : Operation 261 [50/71] (7.30ns)   --->   "%gmem1_0_load_req = readreq i1 @_ssdm_op_ReadReq.m_axi.i64P1A, i64 %gmem1_0_addr, i64 1" [kernel.cpp:19]   --->   Operation 261 'readreq' 'gmem1_0_load_req' <Predicate = true> <Delay = 7.30> <CoreInst = "m_axi">   --->   Core 111 'm_axi' <Latency = 6> <II = 1> <Delay = 1.00> <Adapter> <Opcode : 'read' 'write' 'readreq' 'writereq' 'writeresp'>
ST_23 : Operation 262 [50/71] (7.30ns)   --->   "%gmem0_1_load_req = readreq i1 @_ssdm_op_ReadReq.m_axi.i64P1A, i64 %gmem0_1_addr, i64 1" [kernel.cpp:19]   --->   Operation 262 'readreq' 'gmem0_1_load_req' <Predicate = true> <Delay = 7.30> <CoreInst = "m_axi">   --->   Core 111 'm_axi' <Latency = 6> <II = 1> <Delay = 1.00> <Adapter> <Opcode : 'read' 'write' 'readreq' 'writereq' 'writeresp'>
ST_23 : Operation 263 [50/71] (7.30ns)   --->   "%gmem1_1_load_req = readreq i1 @_ssdm_op_ReadReq.m_axi.i64P1A, i64 %gmem1_1_addr, i64 1" [kernel.cpp:19]   --->   Operation 263 'readreq' 'gmem1_1_load_req' <Predicate = true> <Delay = 7.30> <CoreInst = "m_axi">   --->   Core 111 'm_axi' <Latency = 6> <II = 1> <Delay = 1.00> <Adapter> <Opcode : 'read' 'write' 'readreq' 'writereq' 'writeresp'>

State 24 <SV = 23> <Delay = 7.30>
ST_24 : Operation 264 [49/71] (7.30ns)   --->   "%gmem0_0_load_req = readreq i1 @_ssdm_op_ReadReq.m_axi.i64P1A, i64 %gmem0_0_addr, i64 1" [kernel.cpp:19]   --->   Operation 264 'readreq' 'gmem0_0_load_req' <Predicate = true> <Delay = 7.30> <CoreInst = "m_axi">   --->   Core 111 'm_axi' <Latency = 6> <II = 1> <Delay = 1.00> <Adapter> <Opcode : 'read' 'write' 'readreq' 'writereq' 'writeresp'>
ST_24 : Operation 265 [49/71] (7.30ns)   --->   "%gmem1_0_load_req = readreq i1 @_ssdm_op_ReadReq.m_axi.i64P1A, i64 %gmem1_0_addr, i64 1" [kernel.cpp:19]   --->   Operation 265 'readreq' 'gmem1_0_load_req' <Predicate = true> <Delay = 7.30> <CoreInst = "m_axi">   --->   Core 111 'm_axi' <Latency = 6> <II = 1> <Delay = 1.00> <Adapter> <Opcode : 'read' 'write' 'readreq' 'writereq' 'writeresp'>
ST_24 : Operation 266 [49/71] (7.30ns)   --->   "%gmem0_1_load_req = readreq i1 @_ssdm_op_ReadReq.m_axi.i64P1A, i64 %gmem0_1_addr, i64 1" [kernel.cpp:19]   --->   Operation 266 'readreq' 'gmem0_1_load_req' <Predicate = true> <Delay = 7.30> <CoreInst = "m_axi">   --->   Core 111 'm_axi' <Latency = 6> <II = 1> <Delay = 1.00> <Adapter> <Opcode : 'read' 'write' 'readreq' 'writereq' 'writeresp'>
ST_24 : Operation 267 [49/71] (7.30ns)   --->   "%gmem1_1_load_req = readreq i1 @_ssdm_op_ReadReq.m_axi.i64P1A, i64 %gmem1_1_addr, i64 1" [kernel.cpp:19]   --->   Operation 267 'readreq' 'gmem1_1_load_req' <Predicate = true> <Delay = 7.30> <CoreInst = "m_axi">   --->   Core 111 'm_axi' <Latency = 6> <II = 1> <Delay = 1.00> <Adapter> <Opcode : 'read' 'write' 'readreq' 'writereq' 'writeresp'>

State 25 <SV = 24> <Delay = 7.30>
ST_25 : Operation 268 [48/71] (7.30ns)   --->   "%gmem0_0_load_req = readreq i1 @_ssdm_op_ReadReq.m_axi.i64P1A, i64 %gmem0_0_addr, i64 1" [kernel.cpp:19]   --->   Operation 268 'readreq' 'gmem0_0_load_req' <Predicate = true> <Delay = 7.30> <CoreInst = "m_axi">   --->   Core 111 'm_axi' <Latency = 6> <II = 1> <Delay = 1.00> <Adapter> <Opcode : 'read' 'write' 'readreq' 'writereq' 'writeresp'>
ST_25 : Operation 269 [48/71] (7.30ns)   --->   "%gmem1_0_load_req = readreq i1 @_ssdm_op_ReadReq.m_axi.i64P1A, i64 %gmem1_0_addr, i64 1" [kernel.cpp:19]   --->   Operation 269 'readreq' 'gmem1_0_load_req' <Predicate = true> <Delay = 7.30> <CoreInst = "m_axi">   --->   Core 111 'm_axi' <Latency = 6> <II = 1> <Delay = 1.00> <Adapter> <Opcode : 'read' 'write' 'readreq' 'writereq' 'writeresp'>
ST_25 : Operation 270 [48/71] (7.30ns)   --->   "%gmem0_1_load_req = readreq i1 @_ssdm_op_ReadReq.m_axi.i64P1A, i64 %gmem0_1_addr, i64 1" [kernel.cpp:19]   --->   Operation 270 'readreq' 'gmem0_1_load_req' <Predicate = true> <Delay = 7.30> <CoreInst = "m_axi">   --->   Core 111 'm_axi' <Latency = 6> <II = 1> <Delay = 1.00> <Adapter> <Opcode : 'read' 'write' 'readreq' 'writereq' 'writeresp'>
ST_25 : Operation 271 [48/71] (7.30ns)   --->   "%gmem1_1_load_req = readreq i1 @_ssdm_op_ReadReq.m_axi.i64P1A, i64 %gmem1_1_addr, i64 1" [kernel.cpp:19]   --->   Operation 271 'readreq' 'gmem1_1_load_req' <Predicate = true> <Delay = 7.30> <CoreInst = "m_axi">   --->   Core 111 'm_axi' <Latency = 6> <II = 1> <Delay = 1.00> <Adapter> <Opcode : 'read' 'write' 'readreq' 'writereq' 'writeresp'>

State 26 <SV = 25> <Delay = 7.30>
ST_26 : Operation 272 [47/71] (7.30ns)   --->   "%gmem0_0_load_req = readreq i1 @_ssdm_op_ReadReq.m_axi.i64P1A, i64 %gmem0_0_addr, i64 1" [kernel.cpp:19]   --->   Operation 272 'readreq' 'gmem0_0_load_req' <Predicate = true> <Delay = 7.30> <CoreInst = "m_axi">   --->   Core 111 'm_axi' <Latency = 6> <II = 1> <Delay = 1.00> <Adapter> <Opcode : 'read' 'write' 'readreq' 'writereq' 'writeresp'>
ST_26 : Operation 273 [47/71] (7.30ns)   --->   "%gmem1_0_load_req = readreq i1 @_ssdm_op_ReadReq.m_axi.i64P1A, i64 %gmem1_0_addr, i64 1" [kernel.cpp:19]   --->   Operation 273 'readreq' 'gmem1_0_load_req' <Predicate = true> <Delay = 7.30> <CoreInst = "m_axi">   --->   Core 111 'm_axi' <Latency = 6> <II = 1> <Delay = 1.00> <Adapter> <Opcode : 'read' 'write' 'readreq' 'writereq' 'writeresp'>
ST_26 : Operation 274 [47/71] (7.30ns)   --->   "%gmem0_1_load_req = readreq i1 @_ssdm_op_ReadReq.m_axi.i64P1A, i64 %gmem0_1_addr, i64 1" [kernel.cpp:19]   --->   Operation 274 'readreq' 'gmem0_1_load_req' <Predicate = true> <Delay = 7.30> <CoreInst = "m_axi">   --->   Core 111 'm_axi' <Latency = 6> <II = 1> <Delay = 1.00> <Adapter> <Opcode : 'read' 'write' 'readreq' 'writereq' 'writeresp'>
ST_26 : Operation 275 [47/71] (7.30ns)   --->   "%gmem1_1_load_req = readreq i1 @_ssdm_op_ReadReq.m_axi.i64P1A, i64 %gmem1_1_addr, i64 1" [kernel.cpp:19]   --->   Operation 275 'readreq' 'gmem1_1_load_req' <Predicate = true> <Delay = 7.30> <CoreInst = "m_axi">   --->   Core 111 'm_axi' <Latency = 6> <II = 1> <Delay = 1.00> <Adapter> <Opcode : 'read' 'write' 'readreq' 'writereq' 'writeresp'>

State 27 <SV = 26> <Delay = 7.30>
ST_27 : Operation 276 [46/71] (7.30ns)   --->   "%gmem0_0_load_req = readreq i1 @_ssdm_op_ReadReq.m_axi.i64P1A, i64 %gmem0_0_addr, i64 1" [kernel.cpp:19]   --->   Operation 276 'readreq' 'gmem0_0_load_req' <Predicate = true> <Delay = 7.30> <CoreInst = "m_axi">   --->   Core 111 'm_axi' <Latency = 6> <II = 1> <Delay = 1.00> <Adapter> <Opcode : 'read' 'write' 'readreq' 'writereq' 'writeresp'>
ST_27 : Operation 277 [46/71] (7.30ns)   --->   "%gmem1_0_load_req = readreq i1 @_ssdm_op_ReadReq.m_axi.i64P1A, i64 %gmem1_0_addr, i64 1" [kernel.cpp:19]   --->   Operation 277 'readreq' 'gmem1_0_load_req' <Predicate = true> <Delay = 7.30> <CoreInst = "m_axi">   --->   Core 111 'm_axi' <Latency = 6> <II = 1> <Delay = 1.00> <Adapter> <Opcode : 'read' 'write' 'readreq' 'writereq' 'writeresp'>
ST_27 : Operation 278 [46/71] (7.30ns)   --->   "%gmem0_1_load_req = readreq i1 @_ssdm_op_ReadReq.m_axi.i64P1A, i64 %gmem0_1_addr, i64 1" [kernel.cpp:19]   --->   Operation 278 'readreq' 'gmem0_1_load_req' <Predicate = true> <Delay = 7.30> <CoreInst = "m_axi">   --->   Core 111 'm_axi' <Latency = 6> <II = 1> <Delay = 1.00> <Adapter> <Opcode : 'read' 'write' 'readreq' 'writereq' 'writeresp'>
ST_27 : Operation 279 [46/71] (7.30ns)   --->   "%gmem1_1_load_req = readreq i1 @_ssdm_op_ReadReq.m_axi.i64P1A, i64 %gmem1_1_addr, i64 1" [kernel.cpp:19]   --->   Operation 279 'readreq' 'gmem1_1_load_req' <Predicate = true> <Delay = 7.30> <CoreInst = "m_axi">   --->   Core 111 'm_axi' <Latency = 6> <II = 1> <Delay = 1.00> <Adapter> <Opcode : 'read' 'write' 'readreq' 'writereq' 'writeresp'>

State 28 <SV = 27> <Delay = 7.30>
ST_28 : Operation 280 [45/71] (7.30ns)   --->   "%gmem0_0_load_req = readreq i1 @_ssdm_op_ReadReq.m_axi.i64P1A, i64 %gmem0_0_addr, i64 1" [kernel.cpp:19]   --->   Operation 280 'readreq' 'gmem0_0_load_req' <Predicate = true> <Delay = 7.30> <CoreInst = "m_axi">   --->   Core 111 'm_axi' <Latency = 6> <II = 1> <Delay = 1.00> <Adapter> <Opcode : 'read' 'write' 'readreq' 'writereq' 'writeresp'>
ST_28 : Operation 281 [45/71] (7.30ns)   --->   "%gmem1_0_load_req = readreq i1 @_ssdm_op_ReadReq.m_axi.i64P1A, i64 %gmem1_0_addr, i64 1" [kernel.cpp:19]   --->   Operation 281 'readreq' 'gmem1_0_load_req' <Predicate = true> <Delay = 7.30> <CoreInst = "m_axi">   --->   Core 111 'm_axi' <Latency = 6> <II = 1> <Delay = 1.00> <Adapter> <Opcode : 'read' 'write' 'readreq' 'writereq' 'writeresp'>
ST_28 : Operation 282 [45/71] (7.30ns)   --->   "%gmem0_1_load_req = readreq i1 @_ssdm_op_ReadReq.m_axi.i64P1A, i64 %gmem0_1_addr, i64 1" [kernel.cpp:19]   --->   Operation 282 'readreq' 'gmem0_1_load_req' <Predicate = true> <Delay = 7.30> <CoreInst = "m_axi">   --->   Core 111 'm_axi' <Latency = 6> <II = 1> <Delay = 1.00> <Adapter> <Opcode : 'read' 'write' 'readreq' 'writereq' 'writeresp'>
ST_28 : Operation 283 [45/71] (7.30ns)   --->   "%gmem1_1_load_req = readreq i1 @_ssdm_op_ReadReq.m_axi.i64P1A, i64 %gmem1_1_addr, i64 1" [kernel.cpp:19]   --->   Operation 283 'readreq' 'gmem1_1_load_req' <Predicate = true> <Delay = 7.30> <CoreInst = "m_axi">   --->   Core 111 'm_axi' <Latency = 6> <II = 1> <Delay = 1.00> <Adapter> <Opcode : 'read' 'write' 'readreq' 'writereq' 'writeresp'>

State 29 <SV = 28> <Delay = 7.30>
ST_29 : Operation 284 [44/71] (7.30ns)   --->   "%gmem0_0_load_req = readreq i1 @_ssdm_op_ReadReq.m_axi.i64P1A, i64 %gmem0_0_addr, i64 1" [kernel.cpp:19]   --->   Operation 284 'readreq' 'gmem0_0_load_req' <Predicate = true> <Delay = 7.30> <CoreInst = "m_axi">   --->   Core 111 'm_axi' <Latency = 6> <II = 1> <Delay = 1.00> <Adapter> <Opcode : 'read' 'write' 'readreq' 'writereq' 'writeresp'>
ST_29 : Operation 285 [44/71] (7.30ns)   --->   "%gmem1_0_load_req = readreq i1 @_ssdm_op_ReadReq.m_axi.i64P1A, i64 %gmem1_0_addr, i64 1" [kernel.cpp:19]   --->   Operation 285 'readreq' 'gmem1_0_load_req' <Predicate = true> <Delay = 7.30> <CoreInst = "m_axi">   --->   Core 111 'm_axi' <Latency = 6> <II = 1> <Delay = 1.00> <Adapter> <Opcode : 'read' 'write' 'readreq' 'writereq' 'writeresp'>
ST_29 : Operation 286 [44/71] (7.30ns)   --->   "%gmem0_1_load_req = readreq i1 @_ssdm_op_ReadReq.m_axi.i64P1A, i64 %gmem0_1_addr, i64 1" [kernel.cpp:19]   --->   Operation 286 'readreq' 'gmem0_1_load_req' <Predicate = true> <Delay = 7.30> <CoreInst = "m_axi">   --->   Core 111 'm_axi' <Latency = 6> <II = 1> <Delay = 1.00> <Adapter> <Opcode : 'read' 'write' 'readreq' 'writereq' 'writeresp'>
ST_29 : Operation 287 [44/71] (7.30ns)   --->   "%gmem1_1_load_req = readreq i1 @_ssdm_op_ReadReq.m_axi.i64P1A, i64 %gmem1_1_addr, i64 1" [kernel.cpp:19]   --->   Operation 287 'readreq' 'gmem1_1_load_req' <Predicate = true> <Delay = 7.30> <CoreInst = "m_axi">   --->   Core 111 'm_axi' <Latency = 6> <II = 1> <Delay = 1.00> <Adapter> <Opcode : 'read' 'write' 'readreq' 'writereq' 'writeresp'>

State 30 <SV = 29> <Delay = 7.30>
ST_30 : Operation 288 [43/71] (7.30ns)   --->   "%gmem0_0_load_req = readreq i1 @_ssdm_op_ReadReq.m_axi.i64P1A, i64 %gmem0_0_addr, i64 1" [kernel.cpp:19]   --->   Operation 288 'readreq' 'gmem0_0_load_req' <Predicate = true> <Delay = 7.30> <CoreInst = "m_axi">   --->   Core 111 'm_axi' <Latency = 6> <II = 1> <Delay = 1.00> <Adapter> <Opcode : 'read' 'write' 'readreq' 'writereq' 'writeresp'>
ST_30 : Operation 289 [43/71] (7.30ns)   --->   "%gmem1_0_load_req = readreq i1 @_ssdm_op_ReadReq.m_axi.i64P1A, i64 %gmem1_0_addr, i64 1" [kernel.cpp:19]   --->   Operation 289 'readreq' 'gmem1_0_load_req' <Predicate = true> <Delay = 7.30> <CoreInst = "m_axi">   --->   Core 111 'm_axi' <Latency = 6> <II = 1> <Delay = 1.00> <Adapter> <Opcode : 'read' 'write' 'readreq' 'writereq' 'writeresp'>
ST_30 : Operation 290 [43/71] (7.30ns)   --->   "%gmem0_1_load_req = readreq i1 @_ssdm_op_ReadReq.m_axi.i64P1A, i64 %gmem0_1_addr, i64 1" [kernel.cpp:19]   --->   Operation 290 'readreq' 'gmem0_1_load_req' <Predicate = true> <Delay = 7.30> <CoreInst = "m_axi">   --->   Core 111 'm_axi' <Latency = 6> <II = 1> <Delay = 1.00> <Adapter> <Opcode : 'read' 'write' 'readreq' 'writereq' 'writeresp'>
ST_30 : Operation 291 [43/71] (7.30ns)   --->   "%gmem1_1_load_req = readreq i1 @_ssdm_op_ReadReq.m_axi.i64P1A, i64 %gmem1_1_addr, i64 1" [kernel.cpp:19]   --->   Operation 291 'readreq' 'gmem1_1_load_req' <Predicate = true> <Delay = 7.30> <CoreInst = "m_axi">   --->   Core 111 'm_axi' <Latency = 6> <II = 1> <Delay = 1.00> <Adapter> <Opcode : 'read' 'write' 'readreq' 'writereq' 'writeresp'>

State 31 <SV = 30> <Delay = 7.30>
ST_31 : Operation 292 [42/71] (7.30ns)   --->   "%gmem0_0_load_req = readreq i1 @_ssdm_op_ReadReq.m_axi.i64P1A, i64 %gmem0_0_addr, i64 1" [kernel.cpp:19]   --->   Operation 292 'readreq' 'gmem0_0_load_req' <Predicate = true> <Delay = 7.30> <CoreInst = "m_axi">   --->   Core 111 'm_axi' <Latency = 6> <II = 1> <Delay = 1.00> <Adapter> <Opcode : 'read' 'write' 'readreq' 'writereq' 'writeresp'>
ST_31 : Operation 293 [42/71] (7.30ns)   --->   "%gmem1_0_load_req = readreq i1 @_ssdm_op_ReadReq.m_axi.i64P1A, i64 %gmem1_0_addr, i64 1" [kernel.cpp:19]   --->   Operation 293 'readreq' 'gmem1_0_load_req' <Predicate = true> <Delay = 7.30> <CoreInst = "m_axi">   --->   Core 111 'm_axi' <Latency = 6> <II = 1> <Delay = 1.00> <Adapter> <Opcode : 'read' 'write' 'readreq' 'writereq' 'writeresp'>
ST_31 : Operation 294 [42/71] (7.30ns)   --->   "%gmem0_1_load_req = readreq i1 @_ssdm_op_ReadReq.m_axi.i64P1A, i64 %gmem0_1_addr, i64 1" [kernel.cpp:19]   --->   Operation 294 'readreq' 'gmem0_1_load_req' <Predicate = true> <Delay = 7.30> <CoreInst = "m_axi">   --->   Core 111 'm_axi' <Latency = 6> <II = 1> <Delay = 1.00> <Adapter> <Opcode : 'read' 'write' 'readreq' 'writereq' 'writeresp'>
ST_31 : Operation 295 [42/71] (7.30ns)   --->   "%gmem1_1_load_req = readreq i1 @_ssdm_op_ReadReq.m_axi.i64P1A, i64 %gmem1_1_addr, i64 1" [kernel.cpp:19]   --->   Operation 295 'readreq' 'gmem1_1_load_req' <Predicate = true> <Delay = 7.30> <CoreInst = "m_axi">   --->   Core 111 'm_axi' <Latency = 6> <II = 1> <Delay = 1.00> <Adapter> <Opcode : 'read' 'write' 'readreq' 'writereq' 'writeresp'>

State 32 <SV = 31> <Delay = 7.30>
ST_32 : Operation 296 [41/71] (7.30ns)   --->   "%gmem0_0_load_req = readreq i1 @_ssdm_op_ReadReq.m_axi.i64P1A, i64 %gmem0_0_addr, i64 1" [kernel.cpp:19]   --->   Operation 296 'readreq' 'gmem0_0_load_req' <Predicate = true> <Delay = 7.30> <CoreInst = "m_axi">   --->   Core 111 'm_axi' <Latency = 6> <II = 1> <Delay = 1.00> <Adapter> <Opcode : 'read' 'write' 'readreq' 'writereq' 'writeresp'>
ST_32 : Operation 297 [41/71] (7.30ns)   --->   "%gmem1_0_load_req = readreq i1 @_ssdm_op_ReadReq.m_axi.i64P1A, i64 %gmem1_0_addr, i64 1" [kernel.cpp:19]   --->   Operation 297 'readreq' 'gmem1_0_load_req' <Predicate = true> <Delay = 7.30> <CoreInst = "m_axi">   --->   Core 111 'm_axi' <Latency = 6> <II = 1> <Delay = 1.00> <Adapter> <Opcode : 'read' 'write' 'readreq' 'writereq' 'writeresp'>
ST_32 : Operation 298 [41/71] (7.30ns)   --->   "%gmem0_1_load_req = readreq i1 @_ssdm_op_ReadReq.m_axi.i64P1A, i64 %gmem0_1_addr, i64 1" [kernel.cpp:19]   --->   Operation 298 'readreq' 'gmem0_1_load_req' <Predicate = true> <Delay = 7.30> <CoreInst = "m_axi">   --->   Core 111 'm_axi' <Latency = 6> <II = 1> <Delay = 1.00> <Adapter> <Opcode : 'read' 'write' 'readreq' 'writereq' 'writeresp'>
ST_32 : Operation 299 [41/71] (7.30ns)   --->   "%gmem1_1_load_req = readreq i1 @_ssdm_op_ReadReq.m_axi.i64P1A, i64 %gmem1_1_addr, i64 1" [kernel.cpp:19]   --->   Operation 299 'readreq' 'gmem1_1_load_req' <Predicate = true> <Delay = 7.30> <CoreInst = "m_axi">   --->   Core 111 'm_axi' <Latency = 6> <II = 1> <Delay = 1.00> <Adapter> <Opcode : 'read' 'write' 'readreq' 'writereq' 'writeresp'>

State 33 <SV = 32> <Delay = 7.30>
ST_33 : Operation 300 [40/71] (7.30ns)   --->   "%gmem0_0_load_req = readreq i1 @_ssdm_op_ReadReq.m_axi.i64P1A, i64 %gmem0_0_addr, i64 1" [kernel.cpp:19]   --->   Operation 300 'readreq' 'gmem0_0_load_req' <Predicate = true> <Delay = 7.30> <CoreInst = "m_axi">   --->   Core 111 'm_axi' <Latency = 6> <II = 1> <Delay = 1.00> <Adapter> <Opcode : 'read' 'write' 'readreq' 'writereq' 'writeresp'>
ST_33 : Operation 301 [40/71] (7.30ns)   --->   "%gmem1_0_load_req = readreq i1 @_ssdm_op_ReadReq.m_axi.i64P1A, i64 %gmem1_0_addr, i64 1" [kernel.cpp:19]   --->   Operation 301 'readreq' 'gmem1_0_load_req' <Predicate = true> <Delay = 7.30> <CoreInst = "m_axi">   --->   Core 111 'm_axi' <Latency = 6> <II = 1> <Delay = 1.00> <Adapter> <Opcode : 'read' 'write' 'readreq' 'writereq' 'writeresp'>
ST_33 : Operation 302 [40/71] (7.30ns)   --->   "%gmem0_1_load_req = readreq i1 @_ssdm_op_ReadReq.m_axi.i64P1A, i64 %gmem0_1_addr, i64 1" [kernel.cpp:19]   --->   Operation 302 'readreq' 'gmem0_1_load_req' <Predicate = true> <Delay = 7.30> <CoreInst = "m_axi">   --->   Core 111 'm_axi' <Latency = 6> <II = 1> <Delay = 1.00> <Adapter> <Opcode : 'read' 'write' 'readreq' 'writereq' 'writeresp'>
ST_33 : Operation 303 [40/71] (7.30ns)   --->   "%gmem1_1_load_req = readreq i1 @_ssdm_op_ReadReq.m_axi.i64P1A, i64 %gmem1_1_addr, i64 1" [kernel.cpp:19]   --->   Operation 303 'readreq' 'gmem1_1_load_req' <Predicate = true> <Delay = 7.30> <CoreInst = "m_axi">   --->   Core 111 'm_axi' <Latency = 6> <II = 1> <Delay = 1.00> <Adapter> <Opcode : 'read' 'write' 'readreq' 'writereq' 'writeresp'>

State 34 <SV = 33> <Delay = 7.30>
ST_34 : Operation 304 [39/71] (7.30ns)   --->   "%gmem0_0_load_req = readreq i1 @_ssdm_op_ReadReq.m_axi.i64P1A, i64 %gmem0_0_addr, i64 1" [kernel.cpp:19]   --->   Operation 304 'readreq' 'gmem0_0_load_req' <Predicate = true> <Delay = 7.30> <CoreInst = "m_axi">   --->   Core 111 'm_axi' <Latency = 6> <II = 1> <Delay = 1.00> <Adapter> <Opcode : 'read' 'write' 'readreq' 'writereq' 'writeresp'>
ST_34 : Operation 305 [39/71] (7.30ns)   --->   "%gmem1_0_load_req = readreq i1 @_ssdm_op_ReadReq.m_axi.i64P1A, i64 %gmem1_0_addr, i64 1" [kernel.cpp:19]   --->   Operation 305 'readreq' 'gmem1_0_load_req' <Predicate = true> <Delay = 7.30> <CoreInst = "m_axi">   --->   Core 111 'm_axi' <Latency = 6> <II = 1> <Delay = 1.00> <Adapter> <Opcode : 'read' 'write' 'readreq' 'writereq' 'writeresp'>
ST_34 : Operation 306 [39/71] (7.30ns)   --->   "%gmem0_1_load_req = readreq i1 @_ssdm_op_ReadReq.m_axi.i64P1A, i64 %gmem0_1_addr, i64 1" [kernel.cpp:19]   --->   Operation 306 'readreq' 'gmem0_1_load_req' <Predicate = true> <Delay = 7.30> <CoreInst = "m_axi">   --->   Core 111 'm_axi' <Latency = 6> <II = 1> <Delay = 1.00> <Adapter> <Opcode : 'read' 'write' 'readreq' 'writereq' 'writeresp'>
ST_34 : Operation 307 [39/71] (7.30ns)   --->   "%gmem1_1_load_req = readreq i1 @_ssdm_op_ReadReq.m_axi.i64P1A, i64 %gmem1_1_addr, i64 1" [kernel.cpp:19]   --->   Operation 307 'readreq' 'gmem1_1_load_req' <Predicate = true> <Delay = 7.30> <CoreInst = "m_axi">   --->   Core 111 'm_axi' <Latency = 6> <II = 1> <Delay = 1.00> <Adapter> <Opcode : 'read' 'write' 'readreq' 'writereq' 'writeresp'>

State 35 <SV = 34> <Delay = 7.30>
ST_35 : Operation 308 [38/71] (7.30ns)   --->   "%gmem0_0_load_req = readreq i1 @_ssdm_op_ReadReq.m_axi.i64P1A, i64 %gmem0_0_addr, i64 1" [kernel.cpp:19]   --->   Operation 308 'readreq' 'gmem0_0_load_req' <Predicate = true> <Delay = 7.30> <CoreInst = "m_axi">   --->   Core 111 'm_axi' <Latency = 6> <II = 1> <Delay = 1.00> <Adapter> <Opcode : 'read' 'write' 'readreq' 'writereq' 'writeresp'>
ST_35 : Operation 309 [38/71] (7.30ns)   --->   "%gmem1_0_load_req = readreq i1 @_ssdm_op_ReadReq.m_axi.i64P1A, i64 %gmem1_0_addr, i64 1" [kernel.cpp:19]   --->   Operation 309 'readreq' 'gmem1_0_load_req' <Predicate = true> <Delay = 7.30> <CoreInst = "m_axi">   --->   Core 111 'm_axi' <Latency = 6> <II = 1> <Delay = 1.00> <Adapter> <Opcode : 'read' 'write' 'readreq' 'writereq' 'writeresp'>
ST_35 : Operation 310 [38/71] (7.30ns)   --->   "%gmem0_1_load_req = readreq i1 @_ssdm_op_ReadReq.m_axi.i64P1A, i64 %gmem0_1_addr, i64 1" [kernel.cpp:19]   --->   Operation 310 'readreq' 'gmem0_1_load_req' <Predicate = true> <Delay = 7.30> <CoreInst = "m_axi">   --->   Core 111 'm_axi' <Latency = 6> <II = 1> <Delay = 1.00> <Adapter> <Opcode : 'read' 'write' 'readreq' 'writereq' 'writeresp'>
ST_35 : Operation 311 [38/71] (7.30ns)   --->   "%gmem1_1_load_req = readreq i1 @_ssdm_op_ReadReq.m_axi.i64P1A, i64 %gmem1_1_addr, i64 1" [kernel.cpp:19]   --->   Operation 311 'readreq' 'gmem1_1_load_req' <Predicate = true> <Delay = 7.30> <CoreInst = "m_axi">   --->   Core 111 'm_axi' <Latency = 6> <II = 1> <Delay = 1.00> <Adapter> <Opcode : 'read' 'write' 'readreq' 'writereq' 'writeresp'>

State 36 <SV = 35> <Delay = 7.30>
ST_36 : Operation 312 [37/71] (7.30ns)   --->   "%gmem0_0_load_req = readreq i1 @_ssdm_op_ReadReq.m_axi.i64P1A, i64 %gmem0_0_addr, i64 1" [kernel.cpp:19]   --->   Operation 312 'readreq' 'gmem0_0_load_req' <Predicate = true> <Delay = 7.30> <CoreInst = "m_axi">   --->   Core 111 'm_axi' <Latency = 6> <II = 1> <Delay = 1.00> <Adapter> <Opcode : 'read' 'write' 'readreq' 'writereq' 'writeresp'>
ST_36 : Operation 313 [37/71] (7.30ns)   --->   "%gmem1_0_load_req = readreq i1 @_ssdm_op_ReadReq.m_axi.i64P1A, i64 %gmem1_0_addr, i64 1" [kernel.cpp:19]   --->   Operation 313 'readreq' 'gmem1_0_load_req' <Predicate = true> <Delay = 7.30> <CoreInst = "m_axi">   --->   Core 111 'm_axi' <Latency = 6> <II = 1> <Delay = 1.00> <Adapter> <Opcode : 'read' 'write' 'readreq' 'writereq' 'writeresp'>
ST_36 : Operation 314 [37/71] (7.30ns)   --->   "%gmem0_1_load_req = readreq i1 @_ssdm_op_ReadReq.m_axi.i64P1A, i64 %gmem0_1_addr, i64 1" [kernel.cpp:19]   --->   Operation 314 'readreq' 'gmem0_1_load_req' <Predicate = true> <Delay = 7.30> <CoreInst = "m_axi">   --->   Core 111 'm_axi' <Latency = 6> <II = 1> <Delay = 1.00> <Adapter> <Opcode : 'read' 'write' 'readreq' 'writereq' 'writeresp'>
ST_36 : Operation 315 [37/71] (7.30ns)   --->   "%gmem1_1_load_req = readreq i1 @_ssdm_op_ReadReq.m_axi.i64P1A, i64 %gmem1_1_addr, i64 1" [kernel.cpp:19]   --->   Operation 315 'readreq' 'gmem1_1_load_req' <Predicate = true> <Delay = 7.30> <CoreInst = "m_axi">   --->   Core 111 'm_axi' <Latency = 6> <II = 1> <Delay = 1.00> <Adapter> <Opcode : 'read' 'write' 'readreq' 'writereq' 'writeresp'>

State 37 <SV = 36> <Delay = 7.30>
ST_37 : Operation 316 [36/71] (7.30ns)   --->   "%gmem0_0_load_req = readreq i1 @_ssdm_op_ReadReq.m_axi.i64P1A, i64 %gmem0_0_addr, i64 1" [kernel.cpp:19]   --->   Operation 316 'readreq' 'gmem0_0_load_req' <Predicate = true> <Delay = 7.30> <CoreInst = "m_axi">   --->   Core 111 'm_axi' <Latency = 6> <II = 1> <Delay = 1.00> <Adapter> <Opcode : 'read' 'write' 'readreq' 'writereq' 'writeresp'>
ST_37 : Operation 317 [36/71] (7.30ns)   --->   "%gmem1_0_load_req = readreq i1 @_ssdm_op_ReadReq.m_axi.i64P1A, i64 %gmem1_0_addr, i64 1" [kernel.cpp:19]   --->   Operation 317 'readreq' 'gmem1_0_load_req' <Predicate = true> <Delay = 7.30> <CoreInst = "m_axi">   --->   Core 111 'm_axi' <Latency = 6> <II = 1> <Delay = 1.00> <Adapter> <Opcode : 'read' 'write' 'readreq' 'writereq' 'writeresp'>
ST_37 : Operation 318 [36/71] (7.30ns)   --->   "%gmem0_1_load_req = readreq i1 @_ssdm_op_ReadReq.m_axi.i64P1A, i64 %gmem0_1_addr, i64 1" [kernel.cpp:19]   --->   Operation 318 'readreq' 'gmem0_1_load_req' <Predicate = true> <Delay = 7.30> <CoreInst = "m_axi">   --->   Core 111 'm_axi' <Latency = 6> <II = 1> <Delay = 1.00> <Adapter> <Opcode : 'read' 'write' 'readreq' 'writereq' 'writeresp'>
ST_37 : Operation 319 [36/71] (7.30ns)   --->   "%gmem1_1_load_req = readreq i1 @_ssdm_op_ReadReq.m_axi.i64P1A, i64 %gmem1_1_addr, i64 1" [kernel.cpp:19]   --->   Operation 319 'readreq' 'gmem1_1_load_req' <Predicate = true> <Delay = 7.30> <CoreInst = "m_axi">   --->   Core 111 'm_axi' <Latency = 6> <II = 1> <Delay = 1.00> <Adapter> <Opcode : 'read' 'write' 'readreq' 'writereq' 'writeresp'>

State 38 <SV = 37> <Delay = 7.30>
ST_38 : Operation 320 [35/71] (7.30ns)   --->   "%gmem0_0_load_req = readreq i1 @_ssdm_op_ReadReq.m_axi.i64P1A, i64 %gmem0_0_addr, i64 1" [kernel.cpp:19]   --->   Operation 320 'readreq' 'gmem0_0_load_req' <Predicate = true> <Delay = 7.30> <CoreInst = "m_axi">   --->   Core 111 'm_axi' <Latency = 6> <II = 1> <Delay = 1.00> <Adapter> <Opcode : 'read' 'write' 'readreq' 'writereq' 'writeresp'>
ST_38 : Operation 321 [35/71] (7.30ns)   --->   "%gmem1_0_load_req = readreq i1 @_ssdm_op_ReadReq.m_axi.i64P1A, i64 %gmem1_0_addr, i64 1" [kernel.cpp:19]   --->   Operation 321 'readreq' 'gmem1_0_load_req' <Predicate = true> <Delay = 7.30> <CoreInst = "m_axi">   --->   Core 111 'm_axi' <Latency = 6> <II = 1> <Delay = 1.00> <Adapter> <Opcode : 'read' 'write' 'readreq' 'writereq' 'writeresp'>
ST_38 : Operation 322 [35/71] (7.30ns)   --->   "%gmem0_1_load_req = readreq i1 @_ssdm_op_ReadReq.m_axi.i64P1A, i64 %gmem0_1_addr, i64 1" [kernel.cpp:19]   --->   Operation 322 'readreq' 'gmem0_1_load_req' <Predicate = true> <Delay = 7.30> <CoreInst = "m_axi">   --->   Core 111 'm_axi' <Latency = 6> <II = 1> <Delay = 1.00> <Adapter> <Opcode : 'read' 'write' 'readreq' 'writereq' 'writeresp'>
ST_38 : Operation 323 [35/71] (7.30ns)   --->   "%gmem1_1_load_req = readreq i1 @_ssdm_op_ReadReq.m_axi.i64P1A, i64 %gmem1_1_addr, i64 1" [kernel.cpp:19]   --->   Operation 323 'readreq' 'gmem1_1_load_req' <Predicate = true> <Delay = 7.30> <CoreInst = "m_axi">   --->   Core 111 'm_axi' <Latency = 6> <II = 1> <Delay = 1.00> <Adapter> <Opcode : 'read' 'write' 'readreq' 'writereq' 'writeresp'>

State 39 <SV = 38> <Delay = 7.30>
ST_39 : Operation 324 [34/71] (7.30ns)   --->   "%gmem0_0_load_req = readreq i1 @_ssdm_op_ReadReq.m_axi.i64P1A, i64 %gmem0_0_addr, i64 1" [kernel.cpp:19]   --->   Operation 324 'readreq' 'gmem0_0_load_req' <Predicate = true> <Delay = 7.30> <CoreInst = "m_axi">   --->   Core 111 'm_axi' <Latency = 6> <II = 1> <Delay = 1.00> <Adapter> <Opcode : 'read' 'write' 'readreq' 'writereq' 'writeresp'>
ST_39 : Operation 325 [34/71] (7.30ns)   --->   "%gmem1_0_load_req = readreq i1 @_ssdm_op_ReadReq.m_axi.i64P1A, i64 %gmem1_0_addr, i64 1" [kernel.cpp:19]   --->   Operation 325 'readreq' 'gmem1_0_load_req' <Predicate = true> <Delay = 7.30> <CoreInst = "m_axi">   --->   Core 111 'm_axi' <Latency = 6> <II = 1> <Delay = 1.00> <Adapter> <Opcode : 'read' 'write' 'readreq' 'writereq' 'writeresp'>
ST_39 : Operation 326 [34/71] (7.30ns)   --->   "%gmem0_1_load_req = readreq i1 @_ssdm_op_ReadReq.m_axi.i64P1A, i64 %gmem0_1_addr, i64 1" [kernel.cpp:19]   --->   Operation 326 'readreq' 'gmem0_1_load_req' <Predicate = true> <Delay = 7.30> <CoreInst = "m_axi">   --->   Core 111 'm_axi' <Latency = 6> <II = 1> <Delay = 1.00> <Adapter> <Opcode : 'read' 'write' 'readreq' 'writereq' 'writeresp'>
ST_39 : Operation 327 [34/71] (7.30ns)   --->   "%gmem1_1_load_req = readreq i1 @_ssdm_op_ReadReq.m_axi.i64P1A, i64 %gmem1_1_addr, i64 1" [kernel.cpp:19]   --->   Operation 327 'readreq' 'gmem1_1_load_req' <Predicate = true> <Delay = 7.30> <CoreInst = "m_axi">   --->   Core 111 'm_axi' <Latency = 6> <II = 1> <Delay = 1.00> <Adapter> <Opcode : 'read' 'write' 'readreq' 'writereq' 'writeresp'>

State 40 <SV = 39> <Delay = 7.30>
ST_40 : Operation 328 [33/71] (7.30ns)   --->   "%gmem0_0_load_req = readreq i1 @_ssdm_op_ReadReq.m_axi.i64P1A, i64 %gmem0_0_addr, i64 1" [kernel.cpp:19]   --->   Operation 328 'readreq' 'gmem0_0_load_req' <Predicate = true> <Delay = 7.30> <CoreInst = "m_axi">   --->   Core 111 'm_axi' <Latency = 6> <II = 1> <Delay = 1.00> <Adapter> <Opcode : 'read' 'write' 'readreq' 'writereq' 'writeresp'>
ST_40 : Operation 329 [33/71] (7.30ns)   --->   "%gmem1_0_load_req = readreq i1 @_ssdm_op_ReadReq.m_axi.i64P1A, i64 %gmem1_0_addr, i64 1" [kernel.cpp:19]   --->   Operation 329 'readreq' 'gmem1_0_load_req' <Predicate = true> <Delay = 7.30> <CoreInst = "m_axi">   --->   Core 111 'm_axi' <Latency = 6> <II = 1> <Delay = 1.00> <Adapter> <Opcode : 'read' 'write' 'readreq' 'writereq' 'writeresp'>
ST_40 : Operation 330 [33/71] (7.30ns)   --->   "%gmem0_1_load_req = readreq i1 @_ssdm_op_ReadReq.m_axi.i64P1A, i64 %gmem0_1_addr, i64 1" [kernel.cpp:19]   --->   Operation 330 'readreq' 'gmem0_1_load_req' <Predicate = true> <Delay = 7.30> <CoreInst = "m_axi">   --->   Core 111 'm_axi' <Latency = 6> <II = 1> <Delay = 1.00> <Adapter> <Opcode : 'read' 'write' 'readreq' 'writereq' 'writeresp'>
ST_40 : Operation 331 [33/71] (7.30ns)   --->   "%gmem1_1_load_req = readreq i1 @_ssdm_op_ReadReq.m_axi.i64P1A, i64 %gmem1_1_addr, i64 1" [kernel.cpp:19]   --->   Operation 331 'readreq' 'gmem1_1_load_req' <Predicate = true> <Delay = 7.30> <CoreInst = "m_axi">   --->   Core 111 'm_axi' <Latency = 6> <II = 1> <Delay = 1.00> <Adapter> <Opcode : 'read' 'write' 'readreq' 'writereq' 'writeresp'>

State 41 <SV = 40> <Delay = 7.30>
ST_41 : Operation 332 [32/71] (7.30ns)   --->   "%gmem0_0_load_req = readreq i1 @_ssdm_op_ReadReq.m_axi.i64P1A, i64 %gmem0_0_addr, i64 1" [kernel.cpp:19]   --->   Operation 332 'readreq' 'gmem0_0_load_req' <Predicate = true> <Delay = 7.30> <CoreInst = "m_axi">   --->   Core 111 'm_axi' <Latency = 6> <II = 1> <Delay = 1.00> <Adapter> <Opcode : 'read' 'write' 'readreq' 'writereq' 'writeresp'>
ST_41 : Operation 333 [32/71] (7.30ns)   --->   "%gmem1_0_load_req = readreq i1 @_ssdm_op_ReadReq.m_axi.i64P1A, i64 %gmem1_0_addr, i64 1" [kernel.cpp:19]   --->   Operation 333 'readreq' 'gmem1_0_load_req' <Predicate = true> <Delay = 7.30> <CoreInst = "m_axi">   --->   Core 111 'm_axi' <Latency = 6> <II = 1> <Delay = 1.00> <Adapter> <Opcode : 'read' 'write' 'readreq' 'writereq' 'writeresp'>
ST_41 : Operation 334 [32/71] (7.30ns)   --->   "%gmem0_1_load_req = readreq i1 @_ssdm_op_ReadReq.m_axi.i64P1A, i64 %gmem0_1_addr, i64 1" [kernel.cpp:19]   --->   Operation 334 'readreq' 'gmem0_1_load_req' <Predicate = true> <Delay = 7.30> <CoreInst = "m_axi">   --->   Core 111 'm_axi' <Latency = 6> <II = 1> <Delay = 1.00> <Adapter> <Opcode : 'read' 'write' 'readreq' 'writereq' 'writeresp'>
ST_41 : Operation 335 [32/71] (7.30ns)   --->   "%gmem1_1_load_req = readreq i1 @_ssdm_op_ReadReq.m_axi.i64P1A, i64 %gmem1_1_addr, i64 1" [kernel.cpp:19]   --->   Operation 335 'readreq' 'gmem1_1_load_req' <Predicate = true> <Delay = 7.30> <CoreInst = "m_axi">   --->   Core 111 'm_axi' <Latency = 6> <II = 1> <Delay = 1.00> <Adapter> <Opcode : 'read' 'write' 'readreq' 'writereq' 'writeresp'>

State 42 <SV = 41> <Delay = 7.30>
ST_42 : Operation 336 [31/71] (7.30ns)   --->   "%gmem0_0_load_req = readreq i1 @_ssdm_op_ReadReq.m_axi.i64P1A, i64 %gmem0_0_addr, i64 1" [kernel.cpp:19]   --->   Operation 336 'readreq' 'gmem0_0_load_req' <Predicate = true> <Delay = 7.30> <CoreInst = "m_axi">   --->   Core 111 'm_axi' <Latency = 6> <II = 1> <Delay = 1.00> <Adapter> <Opcode : 'read' 'write' 'readreq' 'writereq' 'writeresp'>
ST_42 : Operation 337 [31/71] (7.30ns)   --->   "%gmem1_0_load_req = readreq i1 @_ssdm_op_ReadReq.m_axi.i64P1A, i64 %gmem1_0_addr, i64 1" [kernel.cpp:19]   --->   Operation 337 'readreq' 'gmem1_0_load_req' <Predicate = true> <Delay = 7.30> <CoreInst = "m_axi">   --->   Core 111 'm_axi' <Latency = 6> <II = 1> <Delay = 1.00> <Adapter> <Opcode : 'read' 'write' 'readreq' 'writereq' 'writeresp'>
ST_42 : Operation 338 [31/71] (7.30ns)   --->   "%gmem0_1_load_req = readreq i1 @_ssdm_op_ReadReq.m_axi.i64P1A, i64 %gmem0_1_addr, i64 1" [kernel.cpp:19]   --->   Operation 338 'readreq' 'gmem0_1_load_req' <Predicate = true> <Delay = 7.30> <CoreInst = "m_axi">   --->   Core 111 'm_axi' <Latency = 6> <II = 1> <Delay = 1.00> <Adapter> <Opcode : 'read' 'write' 'readreq' 'writereq' 'writeresp'>
ST_42 : Operation 339 [31/71] (7.30ns)   --->   "%gmem1_1_load_req = readreq i1 @_ssdm_op_ReadReq.m_axi.i64P1A, i64 %gmem1_1_addr, i64 1" [kernel.cpp:19]   --->   Operation 339 'readreq' 'gmem1_1_load_req' <Predicate = true> <Delay = 7.30> <CoreInst = "m_axi">   --->   Core 111 'm_axi' <Latency = 6> <II = 1> <Delay = 1.00> <Adapter> <Opcode : 'read' 'write' 'readreq' 'writereq' 'writeresp'>

State 43 <SV = 42> <Delay = 7.30>
ST_43 : Operation 340 [30/71] (7.30ns)   --->   "%gmem0_0_load_req = readreq i1 @_ssdm_op_ReadReq.m_axi.i64P1A, i64 %gmem0_0_addr, i64 1" [kernel.cpp:19]   --->   Operation 340 'readreq' 'gmem0_0_load_req' <Predicate = true> <Delay = 7.30> <CoreInst = "m_axi">   --->   Core 111 'm_axi' <Latency = 6> <II = 1> <Delay = 1.00> <Adapter> <Opcode : 'read' 'write' 'readreq' 'writereq' 'writeresp'>
ST_43 : Operation 341 [30/71] (7.30ns)   --->   "%gmem1_0_load_req = readreq i1 @_ssdm_op_ReadReq.m_axi.i64P1A, i64 %gmem1_0_addr, i64 1" [kernel.cpp:19]   --->   Operation 341 'readreq' 'gmem1_0_load_req' <Predicate = true> <Delay = 7.30> <CoreInst = "m_axi">   --->   Core 111 'm_axi' <Latency = 6> <II = 1> <Delay = 1.00> <Adapter> <Opcode : 'read' 'write' 'readreq' 'writereq' 'writeresp'>
ST_43 : Operation 342 [30/71] (7.30ns)   --->   "%gmem0_1_load_req = readreq i1 @_ssdm_op_ReadReq.m_axi.i64P1A, i64 %gmem0_1_addr, i64 1" [kernel.cpp:19]   --->   Operation 342 'readreq' 'gmem0_1_load_req' <Predicate = true> <Delay = 7.30> <CoreInst = "m_axi">   --->   Core 111 'm_axi' <Latency = 6> <II = 1> <Delay = 1.00> <Adapter> <Opcode : 'read' 'write' 'readreq' 'writereq' 'writeresp'>
ST_43 : Operation 343 [30/71] (7.30ns)   --->   "%gmem1_1_load_req = readreq i1 @_ssdm_op_ReadReq.m_axi.i64P1A, i64 %gmem1_1_addr, i64 1" [kernel.cpp:19]   --->   Operation 343 'readreq' 'gmem1_1_load_req' <Predicate = true> <Delay = 7.30> <CoreInst = "m_axi">   --->   Core 111 'm_axi' <Latency = 6> <II = 1> <Delay = 1.00> <Adapter> <Opcode : 'read' 'write' 'readreq' 'writereq' 'writeresp'>

State 44 <SV = 43> <Delay = 7.30>
ST_44 : Operation 344 [29/71] (7.30ns)   --->   "%gmem0_0_load_req = readreq i1 @_ssdm_op_ReadReq.m_axi.i64P1A, i64 %gmem0_0_addr, i64 1" [kernel.cpp:19]   --->   Operation 344 'readreq' 'gmem0_0_load_req' <Predicate = true> <Delay = 7.30> <CoreInst = "m_axi">   --->   Core 111 'm_axi' <Latency = 6> <II = 1> <Delay = 1.00> <Adapter> <Opcode : 'read' 'write' 'readreq' 'writereq' 'writeresp'>
ST_44 : Operation 345 [29/71] (7.30ns)   --->   "%gmem1_0_load_req = readreq i1 @_ssdm_op_ReadReq.m_axi.i64P1A, i64 %gmem1_0_addr, i64 1" [kernel.cpp:19]   --->   Operation 345 'readreq' 'gmem1_0_load_req' <Predicate = true> <Delay = 7.30> <CoreInst = "m_axi">   --->   Core 111 'm_axi' <Latency = 6> <II = 1> <Delay = 1.00> <Adapter> <Opcode : 'read' 'write' 'readreq' 'writereq' 'writeresp'>
ST_44 : Operation 346 [29/71] (7.30ns)   --->   "%gmem0_1_load_req = readreq i1 @_ssdm_op_ReadReq.m_axi.i64P1A, i64 %gmem0_1_addr, i64 1" [kernel.cpp:19]   --->   Operation 346 'readreq' 'gmem0_1_load_req' <Predicate = true> <Delay = 7.30> <CoreInst = "m_axi">   --->   Core 111 'm_axi' <Latency = 6> <II = 1> <Delay = 1.00> <Adapter> <Opcode : 'read' 'write' 'readreq' 'writereq' 'writeresp'>
ST_44 : Operation 347 [29/71] (7.30ns)   --->   "%gmem1_1_load_req = readreq i1 @_ssdm_op_ReadReq.m_axi.i64P1A, i64 %gmem1_1_addr, i64 1" [kernel.cpp:19]   --->   Operation 347 'readreq' 'gmem1_1_load_req' <Predicate = true> <Delay = 7.30> <CoreInst = "m_axi">   --->   Core 111 'm_axi' <Latency = 6> <II = 1> <Delay = 1.00> <Adapter> <Opcode : 'read' 'write' 'readreq' 'writereq' 'writeresp'>

State 45 <SV = 44> <Delay = 7.30>
ST_45 : Operation 348 [28/71] (7.30ns)   --->   "%gmem0_0_load_req = readreq i1 @_ssdm_op_ReadReq.m_axi.i64P1A, i64 %gmem0_0_addr, i64 1" [kernel.cpp:19]   --->   Operation 348 'readreq' 'gmem0_0_load_req' <Predicate = true> <Delay = 7.30> <CoreInst = "m_axi">   --->   Core 111 'm_axi' <Latency = 6> <II = 1> <Delay = 1.00> <Adapter> <Opcode : 'read' 'write' 'readreq' 'writereq' 'writeresp'>
ST_45 : Operation 349 [28/71] (7.30ns)   --->   "%gmem1_0_load_req = readreq i1 @_ssdm_op_ReadReq.m_axi.i64P1A, i64 %gmem1_0_addr, i64 1" [kernel.cpp:19]   --->   Operation 349 'readreq' 'gmem1_0_load_req' <Predicate = true> <Delay = 7.30> <CoreInst = "m_axi">   --->   Core 111 'm_axi' <Latency = 6> <II = 1> <Delay = 1.00> <Adapter> <Opcode : 'read' 'write' 'readreq' 'writereq' 'writeresp'>
ST_45 : Operation 350 [28/71] (7.30ns)   --->   "%gmem0_1_load_req = readreq i1 @_ssdm_op_ReadReq.m_axi.i64P1A, i64 %gmem0_1_addr, i64 1" [kernel.cpp:19]   --->   Operation 350 'readreq' 'gmem0_1_load_req' <Predicate = true> <Delay = 7.30> <CoreInst = "m_axi">   --->   Core 111 'm_axi' <Latency = 6> <II = 1> <Delay = 1.00> <Adapter> <Opcode : 'read' 'write' 'readreq' 'writereq' 'writeresp'>
ST_45 : Operation 351 [28/71] (7.30ns)   --->   "%gmem1_1_load_req = readreq i1 @_ssdm_op_ReadReq.m_axi.i64P1A, i64 %gmem1_1_addr, i64 1" [kernel.cpp:19]   --->   Operation 351 'readreq' 'gmem1_1_load_req' <Predicate = true> <Delay = 7.30> <CoreInst = "m_axi">   --->   Core 111 'm_axi' <Latency = 6> <II = 1> <Delay = 1.00> <Adapter> <Opcode : 'read' 'write' 'readreq' 'writereq' 'writeresp'>

State 46 <SV = 45> <Delay = 7.30>
ST_46 : Operation 352 [27/71] (7.30ns)   --->   "%gmem0_0_load_req = readreq i1 @_ssdm_op_ReadReq.m_axi.i64P1A, i64 %gmem0_0_addr, i64 1" [kernel.cpp:19]   --->   Operation 352 'readreq' 'gmem0_0_load_req' <Predicate = true> <Delay = 7.30> <CoreInst = "m_axi">   --->   Core 111 'm_axi' <Latency = 6> <II = 1> <Delay = 1.00> <Adapter> <Opcode : 'read' 'write' 'readreq' 'writereq' 'writeresp'>
ST_46 : Operation 353 [27/71] (7.30ns)   --->   "%gmem1_0_load_req = readreq i1 @_ssdm_op_ReadReq.m_axi.i64P1A, i64 %gmem1_0_addr, i64 1" [kernel.cpp:19]   --->   Operation 353 'readreq' 'gmem1_0_load_req' <Predicate = true> <Delay = 7.30> <CoreInst = "m_axi">   --->   Core 111 'm_axi' <Latency = 6> <II = 1> <Delay = 1.00> <Adapter> <Opcode : 'read' 'write' 'readreq' 'writereq' 'writeresp'>
ST_46 : Operation 354 [27/71] (7.30ns)   --->   "%gmem0_1_load_req = readreq i1 @_ssdm_op_ReadReq.m_axi.i64P1A, i64 %gmem0_1_addr, i64 1" [kernel.cpp:19]   --->   Operation 354 'readreq' 'gmem0_1_load_req' <Predicate = true> <Delay = 7.30> <CoreInst = "m_axi">   --->   Core 111 'm_axi' <Latency = 6> <II = 1> <Delay = 1.00> <Adapter> <Opcode : 'read' 'write' 'readreq' 'writereq' 'writeresp'>
ST_46 : Operation 355 [27/71] (7.30ns)   --->   "%gmem1_1_load_req = readreq i1 @_ssdm_op_ReadReq.m_axi.i64P1A, i64 %gmem1_1_addr, i64 1" [kernel.cpp:19]   --->   Operation 355 'readreq' 'gmem1_1_load_req' <Predicate = true> <Delay = 7.30> <CoreInst = "m_axi">   --->   Core 111 'm_axi' <Latency = 6> <II = 1> <Delay = 1.00> <Adapter> <Opcode : 'read' 'write' 'readreq' 'writereq' 'writeresp'>

State 47 <SV = 46> <Delay = 7.30>
ST_47 : Operation 356 [26/71] (7.30ns)   --->   "%gmem0_0_load_req = readreq i1 @_ssdm_op_ReadReq.m_axi.i64P1A, i64 %gmem0_0_addr, i64 1" [kernel.cpp:19]   --->   Operation 356 'readreq' 'gmem0_0_load_req' <Predicate = true> <Delay = 7.30> <CoreInst = "m_axi">   --->   Core 111 'm_axi' <Latency = 6> <II = 1> <Delay = 1.00> <Adapter> <Opcode : 'read' 'write' 'readreq' 'writereq' 'writeresp'>
ST_47 : Operation 357 [26/71] (7.30ns)   --->   "%gmem1_0_load_req = readreq i1 @_ssdm_op_ReadReq.m_axi.i64P1A, i64 %gmem1_0_addr, i64 1" [kernel.cpp:19]   --->   Operation 357 'readreq' 'gmem1_0_load_req' <Predicate = true> <Delay = 7.30> <CoreInst = "m_axi">   --->   Core 111 'm_axi' <Latency = 6> <II = 1> <Delay = 1.00> <Adapter> <Opcode : 'read' 'write' 'readreq' 'writereq' 'writeresp'>
ST_47 : Operation 358 [26/71] (7.30ns)   --->   "%gmem0_1_load_req = readreq i1 @_ssdm_op_ReadReq.m_axi.i64P1A, i64 %gmem0_1_addr, i64 1" [kernel.cpp:19]   --->   Operation 358 'readreq' 'gmem0_1_load_req' <Predicate = true> <Delay = 7.30> <CoreInst = "m_axi">   --->   Core 111 'm_axi' <Latency = 6> <II = 1> <Delay = 1.00> <Adapter> <Opcode : 'read' 'write' 'readreq' 'writereq' 'writeresp'>
ST_47 : Operation 359 [26/71] (7.30ns)   --->   "%gmem1_1_load_req = readreq i1 @_ssdm_op_ReadReq.m_axi.i64P1A, i64 %gmem1_1_addr, i64 1" [kernel.cpp:19]   --->   Operation 359 'readreq' 'gmem1_1_load_req' <Predicate = true> <Delay = 7.30> <CoreInst = "m_axi">   --->   Core 111 'm_axi' <Latency = 6> <II = 1> <Delay = 1.00> <Adapter> <Opcode : 'read' 'write' 'readreq' 'writereq' 'writeresp'>

State 48 <SV = 47> <Delay = 7.30>
ST_48 : Operation 360 [25/71] (7.30ns)   --->   "%gmem0_0_load_req = readreq i1 @_ssdm_op_ReadReq.m_axi.i64P1A, i64 %gmem0_0_addr, i64 1" [kernel.cpp:19]   --->   Operation 360 'readreq' 'gmem0_0_load_req' <Predicate = true> <Delay = 7.30> <CoreInst = "m_axi">   --->   Core 111 'm_axi' <Latency = 6> <II = 1> <Delay = 1.00> <Adapter> <Opcode : 'read' 'write' 'readreq' 'writereq' 'writeresp'>
ST_48 : Operation 361 [25/71] (7.30ns)   --->   "%gmem1_0_load_req = readreq i1 @_ssdm_op_ReadReq.m_axi.i64P1A, i64 %gmem1_0_addr, i64 1" [kernel.cpp:19]   --->   Operation 361 'readreq' 'gmem1_0_load_req' <Predicate = true> <Delay = 7.30> <CoreInst = "m_axi">   --->   Core 111 'm_axi' <Latency = 6> <II = 1> <Delay = 1.00> <Adapter> <Opcode : 'read' 'write' 'readreq' 'writereq' 'writeresp'>
ST_48 : Operation 362 [25/71] (7.30ns)   --->   "%gmem0_1_load_req = readreq i1 @_ssdm_op_ReadReq.m_axi.i64P1A, i64 %gmem0_1_addr, i64 1" [kernel.cpp:19]   --->   Operation 362 'readreq' 'gmem0_1_load_req' <Predicate = true> <Delay = 7.30> <CoreInst = "m_axi">   --->   Core 111 'm_axi' <Latency = 6> <II = 1> <Delay = 1.00> <Adapter> <Opcode : 'read' 'write' 'readreq' 'writereq' 'writeresp'>
ST_48 : Operation 363 [25/71] (7.30ns)   --->   "%gmem1_1_load_req = readreq i1 @_ssdm_op_ReadReq.m_axi.i64P1A, i64 %gmem1_1_addr, i64 1" [kernel.cpp:19]   --->   Operation 363 'readreq' 'gmem1_1_load_req' <Predicate = true> <Delay = 7.30> <CoreInst = "m_axi">   --->   Core 111 'm_axi' <Latency = 6> <II = 1> <Delay = 1.00> <Adapter> <Opcode : 'read' 'write' 'readreq' 'writereq' 'writeresp'>

State 49 <SV = 48> <Delay = 7.30>
ST_49 : Operation 364 [24/71] (7.30ns)   --->   "%gmem0_0_load_req = readreq i1 @_ssdm_op_ReadReq.m_axi.i64P1A, i64 %gmem0_0_addr, i64 1" [kernel.cpp:19]   --->   Operation 364 'readreq' 'gmem0_0_load_req' <Predicate = true> <Delay = 7.30> <CoreInst = "m_axi">   --->   Core 111 'm_axi' <Latency = 6> <II = 1> <Delay = 1.00> <Adapter> <Opcode : 'read' 'write' 'readreq' 'writereq' 'writeresp'>
ST_49 : Operation 365 [24/71] (7.30ns)   --->   "%gmem1_0_load_req = readreq i1 @_ssdm_op_ReadReq.m_axi.i64P1A, i64 %gmem1_0_addr, i64 1" [kernel.cpp:19]   --->   Operation 365 'readreq' 'gmem1_0_load_req' <Predicate = true> <Delay = 7.30> <CoreInst = "m_axi">   --->   Core 111 'm_axi' <Latency = 6> <II = 1> <Delay = 1.00> <Adapter> <Opcode : 'read' 'write' 'readreq' 'writereq' 'writeresp'>
ST_49 : Operation 366 [24/71] (7.30ns)   --->   "%gmem0_1_load_req = readreq i1 @_ssdm_op_ReadReq.m_axi.i64P1A, i64 %gmem0_1_addr, i64 1" [kernel.cpp:19]   --->   Operation 366 'readreq' 'gmem0_1_load_req' <Predicate = true> <Delay = 7.30> <CoreInst = "m_axi">   --->   Core 111 'm_axi' <Latency = 6> <II = 1> <Delay = 1.00> <Adapter> <Opcode : 'read' 'write' 'readreq' 'writereq' 'writeresp'>
ST_49 : Operation 367 [24/71] (7.30ns)   --->   "%gmem1_1_load_req = readreq i1 @_ssdm_op_ReadReq.m_axi.i64P1A, i64 %gmem1_1_addr, i64 1" [kernel.cpp:19]   --->   Operation 367 'readreq' 'gmem1_1_load_req' <Predicate = true> <Delay = 7.30> <CoreInst = "m_axi">   --->   Core 111 'm_axi' <Latency = 6> <II = 1> <Delay = 1.00> <Adapter> <Opcode : 'read' 'write' 'readreq' 'writereq' 'writeresp'>

State 50 <SV = 49> <Delay = 7.30>
ST_50 : Operation 368 [23/71] (7.30ns)   --->   "%gmem0_0_load_req = readreq i1 @_ssdm_op_ReadReq.m_axi.i64P1A, i64 %gmem0_0_addr, i64 1" [kernel.cpp:19]   --->   Operation 368 'readreq' 'gmem0_0_load_req' <Predicate = true> <Delay = 7.30> <CoreInst = "m_axi">   --->   Core 111 'm_axi' <Latency = 6> <II = 1> <Delay = 1.00> <Adapter> <Opcode : 'read' 'write' 'readreq' 'writereq' 'writeresp'>
ST_50 : Operation 369 [23/71] (7.30ns)   --->   "%gmem1_0_load_req = readreq i1 @_ssdm_op_ReadReq.m_axi.i64P1A, i64 %gmem1_0_addr, i64 1" [kernel.cpp:19]   --->   Operation 369 'readreq' 'gmem1_0_load_req' <Predicate = true> <Delay = 7.30> <CoreInst = "m_axi">   --->   Core 111 'm_axi' <Latency = 6> <II = 1> <Delay = 1.00> <Adapter> <Opcode : 'read' 'write' 'readreq' 'writereq' 'writeresp'>
ST_50 : Operation 370 [23/71] (7.30ns)   --->   "%gmem0_1_load_req = readreq i1 @_ssdm_op_ReadReq.m_axi.i64P1A, i64 %gmem0_1_addr, i64 1" [kernel.cpp:19]   --->   Operation 370 'readreq' 'gmem0_1_load_req' <Predicate = true> <Delay = 7.30> <CoreInst = "m_axi">   --->   Core 111 'm_axi' <Latency = 6> <II = 1> <Delay = 1.00> <Adapter> <Opcode : 'read' 'write' 'readreq' 'writereq' 'writeresp'>
ST_50 : Operation 371 [23/71] (7.30ns)   --->   "%gmem1_1_load_req = readreq i1 @_ssdm_op_ReadReq.m_axi.i64P1A, i64 %gmem1_1_addr, i64 1" [kernel.cpp:19]   --->   Operation 371 'readreq' 'gmem1_1_load_req' <Predicate = true> <Delay = 7.30> <CoreInst = "m_axi">   --->   Core 111 'm_axi' <Latency = 6> <II = 1> <Delay = 1.00> <Adapter> <Opcode : 'read' 'write' 'readreq' 'writereq' 'writeresp'>

State 51 <SV = 50> <Delay = 7.30>
ST_51 : Operation 372 [22/71] (7.30ns)   --->   "%gmem0_0_load_req = readreq i1 @_ssdm_op_ReadReq.m_axi.i64P1A, i64 %gmem0_0_addr, i64 1" [kernel.cpp:19]   --->   Operation 372 'readreq' 'gmem0_0_load_req' <Predicate = true> <Delay = 7.30> <CoreInst = "m_axi">   --->   Core 111 'm_axi' <Latency = 6> <II = 1> <Delay = 1.00> <Adapter> <Opcode : 'read' 'write' 'readreq' 'writereq' 'writeresp'>
ST_51 : Operation 373 [22/71] (7.30ns)   --->   "%gmem1_0_load_req = readreq i1 @_ssdm_op_ReadReq.m_axi.i64P1A, i64 %gmem1_0_addr, i64 1" [kernel.cpp:19]   --->   Operation 373 'readreq' 'gmem1_0_load_req' <Predicate = true> <Delay = 7.30> <CoreInst = "m_axi">   --->   Core 111 'm_axi' <Latency = 6> <II = 1> <Delay = 1.00> <Adapter> <Opcode : 'read' 'write' 'readreq' 'writereq' 'writeresp'>
ST_51 : Operation 374 [22/71] (7.30ns)   --->   "%gmem0_1_load_req = readreq i1 @_ssdm_op_ReadReq.m_axi.i64P1A, i64 %gmem0_1_addr, i64 1" [kernel.cpp:19]   --->   Operation 374 'readreq' 'gmem0_1_load_req' <Predicate = true> <Delay = 7.30> <CoreInst = "m_axi">   --->   Core 111 'm_axi' <Latency = 6> <II = 1> <Delay = 1.00> <Adapter> <Opcode : 'read' 'write' 'readreq' 'writereq' 'writeresp'>
ST_51 : Operation 375 [22/71] (7.30ns)   --->   "%gmem1_1_load_req = readreq i1 @_ssdm_op_ReadReq.m_axi.i64P1A, i64 %gmem1_1_addr, i64 1" [kernel.cpp:19]   --->   Operation 375 'readreq' 'gmem1_1_load_req' <Predicate = true> <Delay = 7.30> <CoreInst = "m_axi">   --->   Core 111 'm_axi' <Latency = 6> <II = 1> <Delay = 1.00> <Adapter> <Opcode : 'read' 'write' 'readreq' 'writereq' 'writeresp'>

State 52 <SV = 51> <Delay = 7.30>
ST_52 : Operation 376 [21/71] (7.30ns)   --->   "%gmem0_0_load_req = readreq i1 @_ssdm_op_ReadReq.m_axi.i64P1A, i64 %gmem0_0_addr, i64 1" [kernel.cpp:19]   --->   Operation 376 'readreq' 'gmem0_0_load_req' <Predicate = true> <Delay = 7.30> <CoreInst = "m_axi">   --->   Core 111 'm_axi' <Latency = 6> <II = 1> <Delay = 1.00> <Adapter> <Opcode : 'read' 'write' 'readreq' 'writereq' 'writeresp'>
ST_52 : Operation 377 [21/71] (7.30ns)   --->   "%gmem1_0_load_req = readreq i1 @_ssdm_op_ReadReq.m_axi.i64P1A, i64 %gmem1_0_addr, i64 1" [kernel.cpp:19]   --->   Operation 377 'readreq' 'gmem1_0_load_req' <Predicate = true> <Delay = 7.30> <CoreInst = "m_axi">   --->   Core 111 'm_axi' <Latency = 6> <II = 1> <Delay = 1.00> <Adapter> <Opcode : 'read' 'write' 'readreq' 'writereq' 'writeresp'>
ST_52 : Operation 378 [21/71] (7.30ns)   --->   "%gmem0_1_load_req = readreq i1 @_ssdm_op_ReadReq.m_axi.i64P1A, i64 %gmem0_1_addr, i64 1" [kernel.cpp:19]   --->   Operation 378 'readreq' 'gmem0_1_load_req' <Predicate = true> <Delay = 7.30> <CoreInst = "m_axi">   --->   Core 111 'm_axi' <Latency = 6> <II = 1> <Delay = 1.00> <Adapter> <Opcode : 'read' 'write' 'readreq' 'writereq' 'writeresp'>
ST_52 : Operation 379 [21/71] (7.30ns)   --->   "%gmem1_1_load_req = readreq i1 @_ssdm_op_ReadReq.m_axi.i64P1A, i64 %gmem1_1_addr, i64 1" [kernel.cpp:19]   --->   Operation 379 'readreq' 'gmem1_1_load_req' <Predicate = true> <Delay = 7.30> <CoreInst = "m_axi">   --->   Core 111 'm_axi' <Latency = 6> <II = 1> <Delay = 1.00> <Adapter> <Opcode : 'read' 'write' 'readreq' 'writereq' 'writeresp'>

State 53 <SV = 52> <Delay = 7.30>
ST_53 : Operation 380 [20/71] (7.30ns)   --->   "%gmem0_0_load_req = readreq i1 @_ssdm_op_ReadReq.m_axi.i64P1A, i64 %gmem0_0_addr, i64 1" [kernel.cpp:19]   --->   Operation 380 'readreq' 'gmem0_0_load_req' <Predicate = true> <Delay = 7.30> <CoreInst = "m_axi">   --->   Core 111 'm_axi' <Latency = 6> <II = 1> <Delay = 1.00> <Adapter> <Opcode : 'read' 'write' 'readreq' 'writereq' 'writeresp'>
ST_53 : Operation 381 [20/71] (7.30ns)   --->   "%gmem1_0_load_req = readreq i1 @_ssdm_op_ReadReq.m_axi.i64P1A, i64 %gmem1_0_addr, i64 1" [kernel.cpp:19]   --->   Operation 381 'readreq' 'gmem1_0_load_req' <Predicate = true> <Delay = 7.30> <CoreInst = "m_axi">   --->   Core 111 'm_axi' <Latency = 6> <II = 1> <Delay = 1.00> <Adapter> <Opcode : 'read' 'write' 'readreq' 'writereq' 'writeresp'>
ST_53 : Operation 382 [20/71] (7.30ns)   --->   "%gmem0_1_load_req = readreq i1 @_ssdm_op_ReadReq.m_axi.i64P1A, i64 %gmem0_1_addr, i64 1" [kernel.cpp:19]   --->   Operation 382 'readreq' 'gmem0_1_load_req' <Predicate = true> <Delay = 7.30> <CoreInst = "m_axi">   --->   Core 111 'm_axi' <Latency = 6> <II = 1> <Delay = 1.00> <Adapter> <Opcode : 'read' 'write' 'readreq' 'writereq' 'writeresp'>
ST_53 : Operation 383 [20/71] (7.30ns)   --->   "%gmem1_1_load_req = readreq i1 @_ssdm_op_ReadReq.m_axi.i64P1A, i64 %gmem1_1_addr, i64 1" [kernel.cpp:19]   --->   Operation 383 'readreq' 'gmem1_1_load_req' <Predicate = true> <Delay = 7.30> <CoreInst = "m_axi">   --->   Core 111 'm_axi' <Latency = 6> <II = 1> <Delay = 1.00> <Adapter> <Opcode : 'read' 'write' 'readreq' 'writereq' 'writeresp'>

State 54 <SV = 53> <Delay = 7.30>
ST_54 : Operation 384 [19/71] (7.30ns)   --->   "%gmem0_0_load_req = readreq i1 @_ssdm_op_ReadReq.m_axi.i64P1A, i64 %gmem0_0_addr, i64 1" [kernel.cpp:19]   --->   Operation 384 'readreq' 'gmem0_0_load_req' <Predicate = true> <Delay = 7.30> <CoreInst = "m_axi">   --->   Core 111 'm_axi' <Latency = 6> <II = 1> <Delay = 1.00> <Adapter> <Opcode : 'read' 'write' 'readreq' 'writereq' 'writeresp'>
ST_54 : Operation 385 [19/71] (7.30ns)   --->   "%gmem1_0_load_req = readreq i1 @_ssdm_op_ReadReq.m_axi.i64P1A, i64 %gmem1_0_addr, i64 1" [kernel.cpp:19]   --->   Operation 385 'readreq' 'gmem1_0_load_req' <Predicate = true> <Delay = 7.30> <CoreInst = "m_axi">   --->   Core 111 'm_axi' <Latency = 6> <II = 1> <Delay = 1.00> <Adapter> <Opcode : 'read' 'write' 'readreq' 'writereq' 'writeresp'>
ST_54 : Operation 386 [19/71] (7.30ns)   --->   "%gmem0_1_load_req = readreq i1 @_ssdm_op_ReadReq.m_axi.i64P1A, i64 %gmem0_1_addr, i64 1" [kernel.cpp:19]   --->   Operation 386 'readreq' 'gmem0_1_load_req' <Predicate = true> <Delay = 7.30> <CoreInst = "m_axi">   --->   Core 111 'm_axi' <Latency = 6> <II = 1> <Delay = 1.00> <Adapter> <Opcode : 'read' 'write' 'readreq' 'writereq' 'writeresp'>
ST_54 : Operation 387 [19/71] (7.30ns)   --->   "%gmem1_1_load_req = readreq i1 @_ssdm_op_ReadReq.m_axi.i64P1A, i64 %gmem1_1_addr, i64 1" [kernel.cpp:19]   --->   Operation 387 'readreq' 'gmem1_1_load_req' <Predicate = true> <Delay = 7.30> <CoreInst = "m_axi">   --->   Core 111 'm_axi' <Latency = 6> <II = 1> <Delay = 1.00> <Adapter> <Opcode : 'read' 'write' 'readreq' 'writereq' 'writeresp'>

State 55 <SV = 54> <Delay = 7.30>
ST_55 : Operation 388 [18/71] (7.30ns)   --->   "%gmem0_0_load_req = readreq i1 @_ssdm_op_ReadReq.m_axi.i64P1A, i64 %gmem0_0_addr, i64 1" [kernel.cpp:19]   --->   Operation 388 'readreq' 'gmem0_0_load_req' <Predicate = true> <Delay = 7.30> <CoreInst = "m_axi">   --->   Core 111 'm_axi' <Latency = 6> <II = 1> <Delay = 1.00> <Adapter> <Opcode : 'read' 'write' 'readreq' 'writereq' 'writeresp'>
ST_55 : Operation 389 [18/71] (7.30ns)   --->   "%gmem1_0_load_req = readreq i1 @_ssdm_op_ReadReq.m_axi.i64P1A, i64 %gmem1_0_addr, i64 1" [kernel.cpp:19]   --->   Operation 389 'readreq' 'gmem1_0_load_req' <Predicate = true> <Delay = 7.30> <CoreInst = "m_axi">   --->   Core 111 'm_axi' <Latency = 6> <II = 1> <Delay = 1.00> <Adapter> <Opcode : 'read' 'write' 'readreq' 'writereq' 'writeresp'>
ST_55 : Operation 390 [18/71] (7.30ns)   --->   "%gmem0_1_load_req = readreq i1 @_ssdm_op_ReadReq.m_axi.i64P1A, i64 %gmem0_1_addr, i64 1" [kernel.cpp:19]   --->   Operation 390 'readreq' 'gmem0_1_load_req' <Predicate = true> <Delay = 7.30> <CoreInst = "m_axi">   --->   Core 111 'm_axi' <Latency = 6> <II = 1> <Delay = 1.00> <Adapter> <Opcode : 'read' 'write' 'readreq' 'writereq' 'writeresp'>
ST_55 : Operation 391 [18/71] (7.30ns)   --->   "%gmem1_1_load_req = readreq i1 @_ssdm_op_ReadReq.m_axi.i64P1A, i64 %gmem1_1_addr, i64 1" [kernel.cpp:19]   --->   Operation 391 'readreq' 'gmem1_1_load_req' <Predicate = true> <Delay = 7.30> <CoreInst = "m_axi">   --->   Core 111 'm_axi' <Latency = 6> <II = 1> <Delay = 1.00> <Adapter> <Opcode : 'read' 'write' 'readreq' 'writereq' 'writeresp'>

State 56 <SV = 55> <Delay = 7.30>
ST_56 : Operation 392 [17/71] (7.30ns)   --->   "%gmem0_0_load_req = readreq i1 @_ssdm_op_ReadReq.m_axi.i64P1A, i64 %gmem0_0_addr, i64 1" [kernel.cpp:19]   --->   Operation 392 'readreq' 'gmem0_0_load_req' <Predicate = true> <Delay = 7.30> <CoreInst = "m_axi">   --->   Core 111 'm_axi' <Latency = 6> <II = 1> <Delay = 1.00> <Adapter> <Opcode : 'read' 'write' 'readreq' 'writereq' 'writeresp'>
ST_56 : Operation 393 [17/71] (7.30ns)   --->   "%gmem1_0_load_req = readreq i1 @_ssdm_op_ReadReq.m_axi.i64P1A, i64 %gmem1_0_addr, i64 1" [kernel.cpp:19]   --->   Operation 393 'readreq' 'gmem1_0_load_req' <Predicate = true> <Delay = 7.30> <CoreInst = "m_axi">   --->   Core 111 'm_axi' <Latency = 6> <II = 1> <Delay = 1.00> <Adapter> <Opcode : 'read' 'write' 'readreq' 'writereq' 'writeresp'>
ST_56 : Operation 394 [17/71] (7.30ns)   --->   "%gmem0_1_load_req = readreq i1 @_ssdm_op_ReadReq.m_axi.i64P1A, i64 %gmem0_1_addr, i64 1" [kernel.cpp:19]   --->   Operation 394 'readreq' 'gmem0_1_load_req' <Predicate = true> <Delay = 7.30> <CoreInst = "m_axi">   --->   Core 111 'm_axi' <Latency = 6> <II = 1> <Delay = 1.00> <Adapter> <Opcode : 'read' 'write' 'readreq' 'writereq' 'writeresp'>
ST_56 : Operation 395 [17/71] (7.30ns)   --->   "%gmem1_1_load_req = readreq i1 @_ssdm_op_ReadReq.m_axi.i64P1A, i64 %gmem1_1_addr, i64 1" [kernel.cpp:19]   --->   Operation 395 'readreq' 'gmem1_1_load_req' <Predicate = true> <Delay = 7.30> <CoreInst = "m_axi">   --->   Core 111 'm_axi' <Latency = 6> <II = 1> <Delay = 1.00> <Adapter> <Opcode : 'read' 'write' 'readreq' 'writereq' 'writeresp'>

State 57 <SV = 56> <Delay = 7.30>
ST_57 : Operation 396 [16/71] (7.30ns)   --->   "%gmem0_0_load_req = readreq i1 @_ssdm_op_ReadReq.m_axi.i64P1A, i64 %gmem0_0_addr, i64 1" [kernel.cpp:19]   --->   Operation 396 'readreq' 'gmem0_0_load_req' <Predicate = true> <Delay = 7.30> <CoreInst = "m_axi">   --->   Core 111 'm_axi' <Latency = 6> <II = 1> <Delay = 1.00> <Adapter> <Opcode : 'read' 'write' 'readreq' 'writereq' 'writeresp'>
ST_57 : Operation 397 [16/71] (7.30ns)   --->   "%gmem1_0_load_req = readreq i1 @_ssdm_op_ReadReq.m_axi.i64P1A, i64 %gmem1_0_addr, i64 1" [kernel.cpp:19]   --->   Operation 397 'readreq' 'gmem1_0_load_req' <Predicate = true> <Delay = 7.30> <CoreInst = "m_axi">   --->   Core 111 'm_axi' <Latency = 6> <II = 1> <Delay = 1.00> <Adapter> <Opcode : 'read' 'write' 'readreq' 'writereq' 'writeresp'>
ST_57 : Operation 398 [16/71] (7.30ns)   --->   "%gmem0_1_load_req = readreq i1 @_ssdm_op_ReadReq.m_axi.i64P1A, i64 %gmem0_1_addr, i64 1" [kernel.cpp:19]   --->   Operation 398 'readreq' 'gmem0_1_load_req' <Predicate = true> <Delay = 7.30> <CoreInst = "m_axi">   --->   Core 111 'm_axi' <Latency = 6> <II = 1> <Delay = 1.00> <Adapter> <Opcode : 'read' 'write' 'readreq' 'writereq' 'writeresp'>
ST_57 : Operation 399 [16/71] (7.30ns)   --->   "%gmem1_1_load_req = readreq i1 @_ssdm_op_ReadReq.m_axi.i64P1A, i64 %gmem1_1_addr, i64 1" [kernel.cpp:19]   --->   Operation 399 'readreq' 'gmem1_1_load_req' <Predicate = true> <Delay = 7.30> <CoreInst = "m_axi">   --->   Core 111 'm_axi' <Latency = 6> <II = 1> <Delay = 1.00> <Adapter> <Opcode : 'read' 'write' 'readreq' 'writereq' 'writeresp'>

State 58 <SV = 57> <Delay = 7.30>
ST_58 : Operation 400 [15/71] (7.30ns)   --->   "%gmem0_0_load_req = readreq i1 @_ssdm_op_ReadReq.m_axi.i64P1A, i64 %gmem0_0_addr, i64 1" [kernel.cpp:19]   --->   Operation 400 'readreq' 'gmem0_0_load_req' <Predicate = true> <Delay = 7.30> <CoreInst = "m_axi">   --->   Core 111 'm_axi' <Latency = 6> <II = 1> <Delay = 1.00> <Adapter> <Opcode : 'read' 'write' 'readreq' 'writereq' 'writeresp'>
ST_58 : Operation 401 [15/71] (7.30ns)   --->   "%gmem1_0_load_req = readreq i1 @_ssdm_op_ReadReq.m_axi.i64P1A, i64 %gmem1_0_addr, i64 1" [kernel.cpp:19]   --->   Operation 401 'readreq' 'gmem1_0_load_req' <Predicate = true> <Delay = 7.30> <CoreInst = "m_axi">   --->   Core 111 'm_axi' <Latency = 6> <II = 1> <Delay = 1.00> <Adapter> <Opcode : 'read' 'write' 'readreq' 'writereq' 'writeresp'>
ST_58 : Operation 402 [15/71] (7.30ns)   --->   "%gmem0_1_load_req = readreq i1 @_ssdm_op_ReadReq.m_axi.i64P1A, i64 %gmem0_1_addr, i64 1" [kernel.cpp:19]   --->   Operation 402 'readreq' 'gmem0_1_load_req' <Predicate = true> <Delay = 7.30> <CoreInst = "m_axi">   --->   Core 111 'm_axi' <Latency = 6> <II = 1> <Delay = 1.00> <Adapter> <Opcode : 'read' 'write' 'readreq' 'writereq' 'writeresp'>
ST_58 : Operation 403 [15/71] (7.30ns)   --->   "%gmem1_1_load_req = readreq i1 @_ssdm_op_ReadReq.m_axi.i64P1A, i64 %gmem1_1_addr, i64 1" [kernel.cpp:19]   --->   Operation 403 'readreq' 'gmem1_1_load_req' <Predicate = true> <Delay = 7.30> <CoreInst = "m_axi">   --->   Core 111 'm_axi' <Latency = 6> <II = 1> <Delay = 1.00> <Adapter> <Opcode : 'read' 'write' 'readreq' 'writereq' 'writeresp'>

State 59 <SV = 58> <Delay = 7.30>
ST_59 : Operation 404 [14/71] (7.30ns)   --->   "%gmem0_0_load_req = readreq i1 @_ssdm_op_ReadReq.m_axi.i64P1A, i64 %gmem0_0_addr, i64 1" [kernel.cpp:19]   --->   Operation 404 'readreq' 'gmem0_0_load_req' <Predicate = true> <Delay = 7.30> <CoreInst = "m_axi">   --->   Core 111 'm_axi' <Latency = 6> <II = 1> <Delay = 1.00> <Adapter> <Opcode : 'read' 'write' 'readreq' 'writereq' 'writeresp'>
ST_59 : Operation 405 [14/71] (7.30ns)   --->   "%gmem1_0_load_req = readreq i1 @_ssdm_op_ReadReq.m_axi.i64P1A, i64 %gmem1_0_addr, i64 1" [kernel.cpp:19]   --->   Operation 405 'readreq' 'gmem1_0_load_req' <Predicate = true> <Delay = 7.30> <CoreInst = "m_axi">   --->   Core 111 'm_axi' <Latency = 6> <II = 1> <Delay = 1.00> <Adapter> <Opcode : 'read' 'write' 'readreq' 'writereq' 'writeresp'>
ST_59 : Operation 406 [14/71] (7.30ns)   --->   "%gmem0_1_load_req = readreq i1 @_ssdm_op_ReadReq.m_axi.i64P1A, i64 %gmem0_1_addr, i64 1" [kernel.cpp:19]   --->   Operation 406 'readreq' 'gmem0_1_load_req' <Predicate = true> <Delay = 7.30> <CoreInst = "m_axi">   --->   Core 111 'm_axi' <Latency = 6> <II = 1> <Delay = 1.00> <Adapter> <Opcode : 'read' 'write' 'readreq' 'writereq' 'writeresp'>
ST_59 : Operation 407 [14/71] (7.30ns)   --->   "%gmem1_1_load_req = readreq i1 @_ssdm_op_ReadReq.m_axi.i64P1A, i64 %gmem1_1_addr, i64 1" [kernel.cpp:19]   --->   Operation 407 'readreq' 'gmem1_1_load_req' <Predicate = true> <Delay = 7.30> <CoreInst = "m_axi">   --->   Core 111 'm_axi' <Latency = 6> <II = 1> <Delay = 1.00> <Adapter> <Opcode : 'read' 'write' 'readreq' 'writereq' 'writeresp'>

State 60 <SV = 59> <Delay = 7.30>
ST_60 : Operation 408 [13/71] (7.30ns)   --->   "%gmem0_0_load_req = readreq i1 @_ssdm_op_ReadReq.m_axi.i64P1A, i64 %gmem0_0_addr, i64 1" [kernel.cpp:19]   --->   Operation 408 'readreq' 'gmem0_0_load_req' <Predicate = true> <Delay = 7.30> <CoreInst = "m_axi">   --->   Core 111 'm_axi' <Latency = 6> <II = 1> <Delay = 1.00> <Adapter> <Opcode : 'read' 'write' 'readreq' 'writereq' 'writeresp'>
ST_60 : Operation 409 [13/71] (7.30ns)   --->   "%gmem1_0_load_req = readreq i1 @_ssdm_op_ReadReq.m_axi.i64P1A, i64 %gmem1_0_addr, i64 1" [kernel.cpp:19]   --->   Operation 409 'readreq' 'gmem1_0_load_req' <Predicate = true> <Delay = 7.30> <CoreInst = "m_axi">   --->   Core 111 'm_axi' <Latency = 6> <II = 1> <Delay = 1.00> <Adapter> <Opcode : 'read' 'write' 'readreq' 'writereq' 'writeresp'>
ST_60 : Operation 410 [13/71] (7.30ns)   --->   "%gmem0_1_load_req = readreq i1 @_ssdm_op_ReadReq.m_axi.i64P1A, i64 %gmem0_1_addr, i64 1" [kernel.cpp:19]   --->   Operation 410 'readreq' 'gmem0_1_load_req' <Predicate = true> <Delay = 7.30> <CoreInst = "m_axi">   --->   Core 111 'm_axi' <Latency = 6> <II = 1> <Delay = 1.00> <Adapter> <Opcode : 'read' 'write' 'readreq' 'writereq' 'writeresp'>
ST_60 : Operation 411 [13/71] (7.30ns)   --->   "%gmem1_1_load_req = readreq i1 @_ssdm_op_ReadReq.m_axi.i64P1A, i64 %gmem1_1_addr, i64 1" [kernel.cpp:19]   --->   Operation 411 'readreq' 'gmem1_1_load_req' <Predicate = true> <Delay = 7.30> <CoreInst = "m_axi">   --->   Core 111 'm_axi' <Latency = 6> <II = 1> <Delay = 1.00> <Adapter> <Opcode : 'read' 'write' 'readreq' 'writereq' 'writeresp'>

State 61 <SV = 60> <Delay = 7.30>
ST_61 : Operation 412 [12/71] (7.30ns)   --->   "%gmem0_0_load_req = readreq i1 @_ssdm_op_ReadReq.m_axi.i64P1A, i64 %gmem0_0_addr, i64 1" [kernel.cpp:19]   --->   Operation 412 'readreq' 'gmem0_0_load_req' <Predicate = true> <Delay = 7.30> <CoreInst = "m_axi">   --->   Core 111 'm_axi' <Latency = 6> <II = 1> <Delay = 1.00> <Adapter> <Opcode : 'read' 'write' 'readreq' 'writereq' 'writeresp'>
ST_61 : Operation 413 [12/71] (7.30ns)   --->   "%gmem1_0_load_req = readreq i1 @_ssdm_op_ReadReq.m_axi.i64P1A, i64 %gmem1_0_addr, i64 1" [kernel.cpp:19]   --->   Operation 413 'readreq' 'gmem1_0_load_req' <Predicate = true> <Delay = 7.30> <CoreInst = "m_axi">   --->   Core 111 'm_axi' <Latency = 6> <II = 1> <Delay = 1.00> <Adapter> <Opcode : 'read' 'write' 'readreq' 'writereq' 'writeresp'>
ST_61 : Operation 414 [12/71] (7.30ns)   --->   "%gmem0_1_load_req = readreq i1 @_ssdm_op_ReadReq.m_axi.i64P1A, i64 %gmem0_1_addr, i64 1" [kernel.cpp:19]   --->   Operation 414 'readreq' 'gmem0_1_load_req' <Predicate = true> <Delay = 7.30> <CoreInst = "m_axi">   --->   Core 111 'm_axi' <Latency = 6> <II = 1> <Delay = 1.00> <Adapter> <Opcode : 'read' 'write' 'readreq' 'writereq' 'writeresp'>
ST_61 : Operation 415 [12/71] (7.30ns)   --->   "%gmem1_1_load_req = readreq i1 @_ssdm_op_ReadReq.m_axi.i64P1A, i64 %gmem1_1_addr, i64 1" [kernel.cpp:19]   --->   Operation 415 'readreq' 'gmem1_1_load_req' <Predicate = true> <Delay = 7.30> <CoreInst = "m_axi">   --->   Core 111 'm_axi' <Latency = 6> <II = 1> <Delay = 1.00> <Adapter> <Opcode : 'read' 'write' 'readreq' 'writereq' 'writeresp'>

State 62 <SV = 61> <Delay = 7.30>
ST_62 : Operation 416 [11/71] (7.30ns)   --->   "%gmem0_0_load_req = readreq i1 @_ssdm_op_ReadReq.m_axi.i64P1A, i64 %gmem0_0_addr, i64 1" [kernel.cpp:19]   --->   Operation 416 'readreq' 'gmem0_0_load_req' <Predicate = true> <Delay = 7.30> <CoreInst = "m_axi">   --->   Core 111 'm_axi' <Latency = 6> <II = 1> <Delay = 1.00> <Adapter> <Opcode : 'read' 'write' 'readreq' 'writereq' 'writeresp'>
ST_62 : Operation 417 [11/71] (7.30ns)   --->   "%gmem1_0_load_req = readreq i1 @_ssdm_op_ReadReq.m_axi.i64P1A, i64 %gmem1_0_addr, i64 1" [kernel.cpp:19]   --->   Operation 417 'readreq' 'gmem1_0_load_req' <Predicate = true> <Delay = 7.30> <CoreInst = "m_axi">   --->   Core 111 'm_axi' <Latency = 6> <II = 1> <Delay = 1.00> <Adapter> <Opcode : 'read' 'write' 'readreq' 'writereq' 'writeresp'>
ST_62 : Operation 418 [11/71] (7.30ns)   --->   "%gmem0_1_load_req = readreq i1 @_ssdm_op_ReadReq.m_axi.i64P1A, i64 %gmem0_1_addr, i64 1" [kernel.cpp:19]   --->   Operation 418 'readreq' 'gmem0_1_load_req' <Predicate = true> <Delay = 7.30> <CoreInst = "m_axi">   --->   Core 111 'm_axi' <Latency = 6> <II = 1> <Delay = 1.00> <Adapter> <Opcode : 'read' 'write' 'readreq' 'writereq' 'writeresp'>
ST_62 : Operation 419 [11/71] (7.30ns)   --->   "%gmem1_1_load_req = readreq i1 @_ssdm_op_ReadReq.m_axi.i64P1A, i64 %gmem1_1_addr, i64 1" [kernel.cpp:19]   --->   Operation 419 'readreq' 'gmem1_1_load_req' <Predicate = true> <Delay = 7.30> <CoreInst = "m_axi">   --->   Core 111 'm_axi' <Latency = 6> <II = 1> <Delay = 1.00> <Adapter> <Opcode : 'read' 'write' 'readreq' 'writereq' 'writeresp'>

State 63 <SV = 62> <Delay = 7.30>
ST_63 : Operation 420 [10/71] (7.30ns)   --->   "%gmem0_0_load_req = readreq i1 @_ssdm_op_ReadReq.m_axi.i64P1A, i64 %gmem0_0_addr, i64 1" [kernel.cpp:19]   --->   Operation 420 'readreq' 'gmem0_0_load_req' <Predicate = true> <Delay = 7.30> <CoreInst = "m_axi">   --->   Core 111 'm_axi' <Latency = 6> <II = 1> <Delay = 1.00> <Adapter> <Opcode : 'read' 'write' 'readreq' 'writereq' 'writeresp'>
ST_63 : Operation 421 [10/71] (7.30ns)   --->   "%gmem1_0_load_req = readreq i1 @_ssdm_op_ReadReq.m_axi.i64P1A, i64 %gmem1_0_addr, i64 1" [kernel.cpp:19]   --->   Operation 421 'readreq' 'gmem1_0_load_req' <Predicate = true> <Delay = 7.30> <CoreInst = "m_axi">   --->   Core 111 'm_axi' <Latency = 6> <II = 1> <Delay = 1.00> <Adapter> <Opcode : 'read' 'write' 'readreq' 'writereq' 'writeresp'>
ST_63 : Operation 422 [10/71] (7.30ns)   --->   "%gmem0_1_load_req = readreq i1 @_ssdm_op_ReadReq.m_axi.i64P1A, i64 %gmem0_1_addr, i64 1" [kernel.cpp:19]   --->   Operation 422 'readreq' 'gmem0_1_load_req' <Predicate = true> <Delay = 7.30> <CoreInst = "m_axi">   --->   Core 111 'm_axi' <Latency = 6> <II = 1> <Delay = 1.00> <Adapter> <Opcode : 'read' 'write' 'readreq' 'writereq' 'writeresp'>
ST_63 : Operation 423 [10/71] (7.30ns)   --->   "%gmem1_1_load_req = readreq i1 @_ssdm_op_ReadReq.m_axi.i64P1A, i64 %gmem1_1_addr, i64 1" [kernel.cpp:19]   --->   Operation 423 'readreq' 'gmem1_1_load_req' <Predicate = true> <Delay = 7.30> <CoreInst = "m_axi">   --->   Core 111 'm_axi' <Latency = 6> <II = 1> <Delay = 1.00> <Adapter> <Opcode : 'read' 'write' 'readreq' 'writereq' 'writeresp'>

State 64 <SV = 63> <Delay = 7.30>
ST_64 : Operation 424 [9/71] (7.30ns)   --->   "%gmem0_0_load_req = readreq i1 @_ssdm_op_ReadReq.m_axi.i64P1A, i64 %gmem0_0_addr, i64 1" [kernel.cpp:19]   --->   Operation 424 'readreq' 'gmem0_0_load_req' <Predicate = true> <Delay = 7.30> <CoreInst = "m_axi">   --->   Core 111 'm_axi' <Latency = 6> <II = 1> <Delay = 1.00> <Adapter> <Opcode : 'read' 'write' 'readreq' 'writereq' 'writeresp'>
ST_64 : Operation 425 [9/71] (7.30ns)   --->   "%gmem1_0_load_req = readreq i1 @_ssdm_op_ReadReq.m_axi.i64P1A, i64 %gmem1_0_addr, i64 1" [kernel.cpp:19]   --->   Operation 425 'readreq' 'gmem1_0_load_req' <Predicate = true> <Delay = 7.30> <CoreInst = "m_axi">   --->   Core 111 'm_axi' <Latency = 6> <II = 1> <Delay = 1.00> <Adapter> <Opcode : 'read' 'write' 'readreq' 'writereq' 'writeresp'>
ST_64 : Operation 426 [9/71] (7.30ns)   --->   "%gmem0_1_load_req = readreq i1 @_ssdm_op_ReadReq.m_axi.i64P1A, i64 %gmem0_1_addr, i64 1" [kernel.cpp:19]   --->   Operation 426 'readreq' 'gmem0_1_load_req' <Predicate = true> <Delay = 7.30> <CoreInst = "m_axi">   --->   Core 111 'm_axi' <Latency = 6> <II = 1> <Delay = 1.00> <Adapter> <Opcode : 'read' 'write' 'readreq' 'writereq' 'writeresp'>
ST_64 : Operation 427 [9/71] (7.30ns)   --->   "%gmem1_1_load_req = readreq i1 @_ssdm_op_ReadReq.m_axi.i64P1A, i64 %gmem1_1_addr, i64 1" [kernel.cpp:19]   --->   Operation 427 'readreq' 'gmem1_1_load_req' <Predicate = true> <Delay = 7.30> <CoreInst = "m_axi">   --->   Core 111 'm_axi' <Latency = 6> <II = 1> <Delay = 1.00> <Adapter> <Opcode : 'read' 'write' 'readreq' 'writereq' 'writeresp'>

State 65 <SV = 64> <Delay = 7.30>
ST_65 : Operation 428 [8/71] (7.30ns)   --->   "%gmem0_0_load_req = readreq i1 @_ssdm_op_ReadReq.m_axi.i64P1A, i64 %gmem0_0_addr, i64 1" [kernel.cpp:19]   --->   Operation 428 'readreq' 'gmem0_0_load_req' <Predicate = true> <Delay = 7.30> <CoreInst = "m_axi">   --->   Core 111 'm_axi' <Latency = 6> <II = 1> <Delay = 1.00> <Adapter> <Opcode : 'read' 'write' 'readreq' 'writereq' 'writeresp'>
ST_65 : Operation 429 [8/71] (7.30ns)   --->   "%gmem1_0_load_req = readreq i1 @_ssdm_op_ReadReq.m_axi.i64P1A, i64 %gmem1_0_addr, i64 1" [kernel.cpp:19]   --->   Operation 429 'readreq' 'gmem1_0_load_req' <Predicate = true> <Delay = 7.30> <CoreInst = "m_axi">   --->   Core 111 'm_axi' <Latency = 6> <II = 1> <Delay = 1.00> <Adapter> <Opcode : 'read' 'write' 'readreq' 'writereq' 'writeresp'>
ST_65 : Operation 430 [8/71] (7.30ns)   --->   "%gmem0_1_load_req = readreq i1 @_ssdm_op_ReadReq.m_axi.i64P1A, i64 %gmem0_1_addr, i64 1" [kernel.cpp:19]   --->   Operation 430 'readreq' 'gmem0_1_load_req' <Predicate = true> <Delay = 7.30> <CoreInst = "m_axi">   --->   Core 111 'm_axi' <Latency = 6> <II = 1> <Delay = 1.00> <Adapter> <Opcode : 'read' 'write' 'readreq' 'writereq' 'writeresp'>
ST_65 : Operation 431 [8/71] (7.30ns)   --->   "%gmem1_1_load_req = readreq i1 @_ssdm_op_ReadReq.m_axi.i64P1A, i64 %gmem1_1_addr, i64 1" [kernel.cpp:19]   --->   Operation 431 'readreq' 'gmem1_1_load_req' <Predicate = true> <Delay = 7.30> <CoreInst = "m_axi">   --->   Core 111 'm_axi' <Latency = 6> <II = 1> <Delay = 1.00> <Adapter> <Opcode : 'read' 'write' 'readreq' 'writereq' 'writeresp'>

State 66 <SV = 65> <Delay = 7.30>
ST_66 : Operation 432 [7/71] (7.30ns)   --->   "%gmem0_0_load_req = readreq i1 @_ssdm_op_ReadReq.m_axi.i64P1A, i64 %gmem0_0_addr, i64 1" [kernel.cpp:19]   --->   Operation 432 'readreq' 'gmem0_0_load_req' <Predicate = true> <Delay = 7.30> <CoreInst = "m_axi">   --->   Core 111 'm_axi' <Latency = 6> <II = 1> <Delay = 1.00> <Adapter> <Opcode : 'read' 'write' 'readreq' 'writereq' 'writeresp'>
ST_66 : Operation 433 [7/71] (7.30ns)   --->   "%gmem1_0_load_req = readreq i1 @_ssdm_op_ReadReq.m_axi.i64P1A, i64 %gmem1_0_addr, i64 1" [kernel.cpp:19]   --->   Operation 433 'readreq' 'gmem1_0_load_req' <Predicate = true> <Delay = 7.30> <CoreInst = "m_axi">   --->   Core 111 'm_axi' <Latency = 6> <II = 1> <Delay = 1.00> <Adapter> <Opcode : 'read' 'write' 'readreq' 'writereq' 'writeresp'>
ST_66 : Operation 434 [7/71] (7.30ns)   --->   "%gmem0_1_load_req = readreq i1 @_ssdm_op_ReadReq.m_axi.i64P1A, i64 %gmem0_1_addr, i64 1" [kernel.cpp:19]   --->   Operation 434 'readreq' 'gmem0_1_load_req' <Predicate = true> <Delay = 7.30> <CoreInst = "m_axi">   --->   Core 111 'm_axi' <Latency = 6> <II = 1> <Delay = 1.00> <Adapter> <Opcode : 'read' 'write' 'readreq' 'writereq' 'writeresp'>
ST_66 : Operation 435 [7/71] (7.30ns)   --->   "%gmem1_1_load_req = readreq i1 @_ssdm_op_ReadReq.m_axi.i64P1A, i64 %gmem1_1_addr, i64 1" [kernel.cpp:19]   --->   Operation 435 'readreq' 'gmem1_1_load_req' <Predicate = true> <Delay = 7.30> <CoreInst = "m_axi">   --->   Core 111 'm_axi' <Latency = 6> <II = 1> <Delay = 1.00> <Adapter> <Opcode : 'read' 'write' 'readreq' 'writereq' 'writeresp'>

State 67 <SV = 66> <Delay = 7.30>
ST_67 : Operation 436 [6/71] (7.30ns)   --->   "%gmem0_0_load_req = readreq i1 @_ssdm_op_ReadReq.m_axi.i64P1A, i64 %gmem0_0_addr, i64 1" [kernel.cpp:19]   --->   Operation 436 'readreq' 'gmem0_0_load_req' <Predicate = true> <Delay = 7.30> <CoreInst = "m_axi">   --->   Core 111 'm_axi' <Latency = 6> <II = 1> <Delay = 1.00> <Adapter> <Opcode : 'read' 'write' 'readreq' 'writereq' 'writeresp'>
ST_67 : Operation 437 [6/71] (7.30ns)   --->   "%gmem1_0_load_req = readreq i1 @_ssdm_op_ReadReq.m_axi.i64P1A, i64 %gmem1_0_addr, i64 1" [kernel.cpp:19]   --->   Operation 437 'readreq' 'gmem1_0_load_req' <Predicate = true> <Delay = 7.30> <CoreInst = "m_axi">   --->   Core 111 'm_axi' <Latency = 6> <II = 1> <Delay = 1.00> <Adapter> <Opcode : 'read' 'write' 'readreq' 'writereq' 'writeresp'>
ST_67 : Operation 438 [6/71] (7.30ns)   --->   "%gmem0_1_load_req = readreq i1 @_ssdm_op_ReadReq.m_axi.i64P1A, i64 %gmem0_1_addr, i64 1" [kernel.cpp:19]   --->   Operation 438 'readreq' 'gmem0_1_load_req' <Predicate = true> <Delay = 7.30> <CoreInst = "m_axi">   --->   Core 111 'm_axi' <Latency = 6> <II = 1> <Delay = 1.00> <Adapter> <Opcode : 'read' 'write' 'readreq' 'writereq' 'writeresp'>
ST_67 : Operation 439 [6/71] (7.30ns)   --->   "%gmem1_1_load_req = readreq i1 @_ssdm_op_ReadReq.m_axi.i64P1A, i64 %gmem1_1_addr, i64 1" [kernel.cpp:19]   --->   Operation 439 'readreq' 'gmem1_1_load_req' <Predicate = true> <Delay = 7.30> <CoreInst = "m_axi">   --->   Core 111 'm_axi' <Latency = 6> <II = 1> <Delay = 1.00> <Adapter> <Opcode : 'read' 'write' 'readreq' 'writereq' 'writeresp'>

State 68 <SV = 67> <Delay = 7.30>
ST_68 : Operation 440 [5/71] (7.30ns)   --->   "%gmem0_0_load_req = readreq i1 @_ssdm_op_ReadReq.m_axi.i64P1A, i64 %gmem0_0_addr, i64 1" [kernel.cpp:19]   --->   Operation 440 'readreq' 'gmem0_0_load_req' <Predicate = true> <Delay = 7.30> <CoreInst = "m_axi">   --->   Core 111 'm_axi' <Latency = 6> <II = 1> <Delay = 1.00> <Adapter> <Opcode : 'read' 'write' 'readreq' 'writereq' 'writeresp'>
ST_68 : Operation 441 [5/71] (7.30ns)   --->   "%gmem1_0_load_req = readreq i1 @_ssdm_op_ReadReq.m_axi.i64P1A, i64 %gmem1_0_addr, i64 1" [kernel.cpp:19]   --->   Operation 441 'readreq' 'gmem1_0_load_req' <Predicate = true> <Delay = 7.30> <CoreInst = "m_axi">   --->   Core 111 'm_axi' <Latency = 6> <II = 1> <Delay = 1.00> <Adapter> <Opcode : 'read' 'write' 'readreq' 'writereq' 'writeresp'>
ST_68 : Operation 442 [5/71] (7.30ns)   --->   "%gmem0_1_load_req = readreq i1 @_ssdm_op_ReadReq.m_axi.i64P1A, i64 %gmem0_1_addr, i64 1" [kernel.cpp:19]   --->   Operation 442 'readreq' 'gmem0_1_load_req' <Predicate = true> <Delay = 7.30> <CoreInst = "m_axi">   --->   Core 111 'm_axi' <Latency = 6> <II = 1> <Delay = 1.00> <Adapter> <Opcode : 'read' 'write' 'readreq' 'writereq' 'writeresp'>
ST_68 : Operation 443 [5/71] (7.30ns)   --->   "%gmem1_1_load_req = readreq i1 @_ssdm_op_ReadReq.m_axi.i64P1A, i64 %gmem1_1_addr, i64 1" [kernel.cpp:19]   --->   Operation 443 'readreq' 'gmem1_1_load_req' <Predicate = true> <Delay = 7.30> <CoreInst = "m_axi">   --->   Core 111 'm_axi' <Latency = 6> <II = 1> <Delay = 1.00> <Adapter> <Opcode : 'read' 'write' 'readreq' 'writereq' 'writeresp'>

State 69 <SV = 68> <Delay = 7.30>
ST_69 : Operation 444 [4/71] (7.30ns)   --->   "%gmem0_0_load_req = readreq i1 @_ssdm_op_ReadReq.m_axi.i64P1A, i64 %gmem0_0_addr, i64 1" [kernel.cpp:19]   --->   Operation 444 'readreq' 'gmem0_0_load_req' <Predicate = true> <Delay = 7.30> <CoreInst = "m_axi">   --->   Core 111 'm_axi' <Latency = 6> <II = 1> <Delay = 1.00> <Adapter> <Opcode : 'read' 'write' 'readreq' 'writereq' 'writeresp'>
ST_69 : Operation 445 [4/71] (7.30ns)   --->   "%gmem1_0_load_req = readreq i1 @_ssdm_op_ReadReq.m_axi.i64P1A, i64 %gmem1_0_addr, i64 1" [kernel.cpp:19]   --->   Operation 445 'readreq' 'gmem1_0_load_req' <Predicate = true> <Delay = 7.30> <CoreInst = "m_axi">   --->   Core 111 'm_axi' <Latency = 6> <II = 1> <Delay = 1.00> <Adapter> <Opcode : 'read' 'write' 'readreq' 'writereq' 'writeresp'>
ST_69 : Operation 446 [4/71] (7.30ns)   --->   "%gmem0_1_load_req = readreq i1 @_ssdm_op_ReadReq.m_axi.i64P1A, i64 %gmem0_1_addr, i64 1" [kernel.cpp:19]   --->   Operation 446 'readreq' 'gmem0_1_load_req' <Predicate = true> <Delay = 7.30> <CoreInst = "m_axi">   --->   Core 111 'm_axi' <Latency = 6> <II = 1> <Delay = 1.00> <Adapter> <Opcode : 'read' 'write' 'readreq' 'writereq' 'writeresp'>
ST_69 : Operation 447 [4/71] (7.30ns)   --->   "%gmem1_1_load_req = readreq i1 @_ssdm_op_ReadReq.m_axi.i64P1A, i64 %gmem1_1_addr, i64 1" [kernel.cpp:19]   --->   Operation 447 'readreq' 'gmem1_1_load_req' <Predicate = true> <Delay = 7.30> <CoreInst = "m_axi">   --->   Core 111 'm_axi' <Latency = 6> <II = 1> <Delay = 1.00> <Adapter> <Opcode : 'read' 'write' 'readreq' 'writereq' 'writeresp'>

State 70 <SV = 69> <Delay = 7.30>
ST_70 : Operation 448 [3/71] (7.30ns)   --->   "%gmem0_0_load_req = readreq i1 @_ssdm_op_ReadReq.m_axi.i64P1A, i64 %gmem0_0_addr, i64 1" [kernel.cpp:19]   --->   Operation 448 'readreq' 'gmem0_0_load_req' <Predicate = true> <Delay = 7.30> <CoreInst = "m_axi">   --->   Core 111 'm_axi' <Latency = 6> <II = 1> <Delay = 1.00> <Adapter> <Opcode : 'read' 'write' 'readreq' 'writereq' 'writeresp'>
ST_70 : Operation 449 [3/71] (7.30ns)   --->   "%gmem1_0_load_req = readreq i1 @_ssdm_op_ReadReq.m_axi.i64P1A, i64 %gmem1_0_addr, i64 1" [kernel.cpp:19]   --->   Operation 449 'readreq' 'gmem1_0_load_req' <Predicate = true> <Delay = 7.30> <CoreInst = "m_axi">   --->   Core 111 'm_axi' <Latency = 6> <II = 1> <Delay = 1.00> <Adapter> <Opcode : 'read' 'write' 'readreq' 'writereq' 'writeresp'>
ST_70 : Operation 450 [3/71] (7.30ns)   --->   "%gmem0_1_load_req = readreq i1 @_ssdm_op_ReadReq.m_axi.i64P1A, i64 %gmem0_1_addr, i64 1" [kernel.cpp:19]   --->   Operation 450 'readreq' 'gmem0_1_load_req' <Predicate = true> <Delay = 7.30> <CoreInst = "m_axi">   --->   Core 111 'm_axi' <Latency = 6> <II = 1> <Delay = 1.00> <Adapter> <Opcode : 'read' 'write' 'readreq' 'writereq' 'writeresp'>
ST_70 : Operation 451 [3/71] (7.30ns)   --->   "%gmem1_1_load_req = readreq i1 @_ssdm_op_ReadReq.m_axi.i64P1A, i64 %gmem1_1_addr, i64 1" [kernel.cpp:19]   --->   Operation 451 'readreq' 'gmem1_1_load_req' <Predicate = true> <Delay = 7.30> <CoreInst = "m_axi">   --->   Core 111 'm_axi' <Latency = 6> <II = 1> <Delay = 1.00> <Adapter> <Opcode : 'read' 'write' 'readreq' 'writereq' 'writeresp'>

State 71 <SV = 70> <Delay = 7.30>
ST_71 : Operation 452 [2/71] (7.30ns)   --->   "%gmem0_0_load_req = readreq i1 @_ssdm_op_ReadReq.m_axi.i64P1A, i64 %gmem0_0_addr, i64 1" [kernel.cpp:19]   --->   Operation 452 'readreq' 'gmem0_0_load_req' <Predicate = true> <Delay = 7.30> <CoreInst = "m_axi">   --->   Core 111 'm_axi' <Latency = 6> <II = 1> <Delay = 1.00> <Adapter> <Opcode : 'read' 'write' 'readreq' 'writereq' 'writeresp'>
ST_71 : Operation 453 [2/71] (7.30ns)   --->   "%gmem1_0_load_req = readreq i1 @_ssdm_op_ReadReq.m_axi.i64P1A, i64 %gmem1_0_addr, i64 1" [kernel.cpp:19]   --->   Operation 453 'readreq' 'gmem1_0_load_req' <Predicate = true> <Delay = 7.30> <CoreInst = "m_axi">   --->   Core 111 'm_axi' <Latency = 6> <II = 1> <Delay = 1.00> <Adapter> <Opcode : 'read' 'write' 'readreq' 'writereq' 'writeresp'>
ST_71 : Operation 454 [2/71] (7.30ns)   --->   "%gmem0_1_load_req = readreq i1 @_ssdm_op_ReadReq.m_axi.i64P1A, i64 %gmem0_1_addr, i64 1" [kernel.cpp:19]   --->   Operation 454 'readreq' 'gmem0_1_load_req' <Predicate = true> <Delay = 7.30> <CoreInst = "m_axi">   --->   Core 111 'm_axi' <Latency = 6> <II = 1> <Delay = 1.00> <Adapter> <Opcode : 'read' 'write' 'readreq' 'writereq' 'writeresp'>
ST_71 : Operation 455 [2/71] (7.30ns)   --->   "%gmem1_1_load_req = readreq i1 @_ssdm_op_ReadReq.m_axi.i64P1A, i64 %gmem1_1_addr, i64 1" [kernel.cpp:19]   --->   Operation 455 'readreq' 'gmem1_1_load_req' <Predicate = true> <Delay = 7.30> <CoreInst = "m_axi">   --->   Core 111 'm_axi' <Latency = 6> <II = 1> <Delay = 1.00> <Adapter> <Opcode : 'read' 'write' 'readreq' 'writereq' 'writeresp'>

State 72 <SV = 71> <Delay = 7.30>
ST_72 : Operation 456 [1/71] (7.30ns)   --->   "%gmem0_0_load_req = readreq i1 @_ssdm_op_ReadReq.m_axi.i64P1A, i64 %gmem0_0_addr, i64 1" [kernel.cpp:19]   --->   Operation 456 'readreq' 'gmem0_0_load_req' <Predicate = true> <Delay = 7.30> <CoreInst = "m_axi">   --->   Core 111 'm_axi' <Latency = 6> <II = 1> <Delay = 1.00> <Adapter> <Opcode : 'read' 'write' 'readreq' 'writereq' 'writeresp'>
ST_72 : Operation 457 [1/71] (7.30ns)   --->   "%gmem1_0_load_req = readreq i1 @_ssdm_op_ReadReq.m_axi.i64P1A, i64 %gmem1_0_addr, i64 1" [kernel.cpp:19]   --->   Operation 457 'readreq' 'gmem1_0_load_req' <Predicate = true> <Delay = 7.30> <CoreInst = "m_axi">   --->   Core 111 'm_axi' <Latency = 6> <II = 1> <Delay = 1.00> <Adapter> <Opcode : 'read' 'write' 'readreq' 'writereq' 'writeresp'>
ST_72 : Operation 458 [1/71] (7.30ns)   --->   "%gmem0_1_load_req = readreq i1 @_ssdm_op_ReadReq.m_axi.i64P1A, i64 %gmem0_1_addr, i64 1" [kernel.cpp:19]   --->   Operation 458 'readreq' 'gmem0_1_load_req' <Predicate = true> <Delay = 7.30> <CoreInst = "m_axi">   --->   Core 111 'm_axi' <Latency = 6> <II = 1> <Delay = 1.00> <Adapter> <Opcode : 'read' 'write' 'readreq' 'writereq' 'writeresp'>
ST_72 : Operation 459 [1/71] (7.30ns)   --->   "%gmem1_1_load_req = readreq i1 @_ssdm_op_ReadReq.m_axi.i64P1A, i64 %gmem1_1_addr, i64 1" [kernel.cpp:19]   --->   Operation 459 'readreq' 'gmem1_1_load_req' <Predicate = true> <Delay = 7.30> <CoreInst = "m_axi">   --->   Core 111 'm_axi' <Latency = 6> <II = 1> <Delay = 1.00> <Adapter> <Opcode : 'read' 'write' 'readreq' 'writereq' 'writeresp'>

State 73 <SV = 72> <Delay = 7.30>
ST_73 : Operation 460 [1/1] (7.30ns)   --->   "%gmem0_0_addr_read = read i64 @_ssdm_op_Read.m_axi.i64P1A, i64 %gmem0_0_addr" [kernel.cpp:19]   --->   Operation 460 'read' 'gmem0_0_addr_read' <Predicate = true> <Delay = 7.30> <CoreInst = "m_axi">   --->   Core 111 'm_axi' <Latency = 3> <II = 1> <Delay = 1.00> <Adapter> <Opcode : 'read' 'write' 'readreq' 'writereq' 'writeresp'>
ST_73 : Operation 461 [1/1] (7.30ns)   --->   "%gmem1_0_addr_read = read i64 @_ssdm_op_Read.m_axi.i64P1A, i64 %gmem1_0_addr" [kernel.cpp:19]   --->   Operation 461 'read' 'gmem1_0_addr_read' <Predicate = true> <Delay = 7.30> <CoreInst = "m_axi">   --->   Core 111 'm_axi' <Latency = 3> <II = 1> <Delay = 1.00> <Adapter> <Opcode : 'read' 'write' 'readreq' 'writereq' 'writeresp'>
ST_73 : Operation 462 [1/1] (7.30ns)   --->   "%gmem0_1_addr_read = read i64 @_ssdm_op_Read.m_axi.i64P1A, i64 %gmem0_1_addr" [kernel.cpp:19]   --->   Operation 462 'read' 'gmem0_1_addr_read' <Predicate = true> <Delay = 7.30> <CoreInst = "m_axi">   --->   Core 111 'm_axi' <Latency = 3> <II = 1> <Delay = 1.00> <Adapter> <Opcode : 'read' 'write' 'readreq' 'writereq' 'writeresp'>
ST_73 : Operation 463 [1/1] (7.30ns)   --->   "%gmem1_1_addr_read = read i64 @_ssdm_op_Read.m_axi.i64P1A, i64 %gmem1_1_addr" [kernel.cpp:19]   --->   Operation 463 'read' 'gmem1_1_addr_read' <Predicate = true> <Delay = 7.30> <CoreInst = "m_axi">   --->   Core 111 'm_axi' <Latency = 3> <II = 1> <Delay = 1.00> <Adapter> <Opcode : 'read' 'write' 'readreq' 'writereq' 'writeresp'>

State 74 <SV = 73> <Delay = 1.58>
ST_74 : Operation 464 [1/1] (0.00ns)   --->   "%spectopmodule_ln5 = spectopmodule void @_ssdm_op_SpecTopModule, void @empty_15" [kernel.cpp:5]   --->   Operation 464 'spectopmodule' 'spectopmodule_ln5' <Predicate = true> <Delay = 0.00>
ST_74 : Operation 465 [1/1] (0.00ns)   --->   "%specinterface_ln5 = specinterface void @_ssdm_op_SpecInterface, i32 0, void @empty_16, i32 0, i32 0, void @empty_9, i32 0, i32 0, void @empty_9, void @empty_9, void @empty_9, i32 0, i32 0, i32 0, i32 0, void @empty_9, void @empty_9, i32 4294967295, i32 0, i32 0" [kernel.cpp:5]   --->   Operation 465 'specinterface' 'specinterface_ln5' <Predicate = true> <Delay = 0.00>
ST_74 : Operation 466 [1/1] (0.00ns)   --->   "%specinterface_ln0 = specinterface void @_ssdm_op_SpecInterface, i64 %gmem0_0, void @empty_8, i32 0, i32 0, void @empty_9, i32 64, i32 0, void @empty, void @empty_0, void @empty_9, i32 16, i32 16, i32 16, i32 16, void @empty_9, void @empty_9, i32 4294967295, i32 0, i32 0"   --->   Operation 466 'specinterface' 'specinterface_ln0' <Predicate = true> <Delay = 0.00>
ST_74 : Operation 467 [1/1] (0.00ns)   --->   "%specbitsmap_ln0 = specbitsmap void @_ssdm_op_SpecBitsMap, i64 %gmem0_0"   --->   Operation 467 'specbitsmap' 'specbitsmap_ln0' <Predicate = true> <Delay = 0.00>
ST_74 : Operation 468 [1/1] (0.00ns)   --->   "%specinterface_ln0 = specinterface void @_ssdm_op_SpecInterface, i64 %gmem0_1, void @empty_8, i32 0, i32 0, void @empty_9, i32 64, i32 0, void @empty_1, void @empty_0, void @empty_9, i32 16, i32 16, i32 16, i32 16, void @empty_9, void @empty_9, i32 4294967295, i32 0, i32 0"   --->   Operation 468 'specinterface' 'specinterface_ln0' <Predicate = true> <Delay = 0.00>
ST_74 : Operation 469 [1/1] (0.00ns)   --->   "%specbitsmap_ln0 = specbitsmap void @_ssdm_op_SpecBitsMap, i64 %gmem0_1"   --->   Operation 469 'specbitsmap' 'specbitsmap_ln0' <Predicate = true> <Delay = 0.00>
ST_74 : Operation 470 [1/1] (0.00ns)   --->   "%specinterface_ln0 = specinterface void @_ssdm_op_SpecInterface, i64 %gmem1_0, void @empty_8, i32 0, i32 0, void @empty_9, i32 64, i32 0, void @empty_2, void @empty_0, void @empty_9, i32 16, i32 16, i32 16, i32 16, void @empty_9, void @empty_9, i32 4294967295, i32 0, i32 0"   --->   Operation 470 'specinterface' 'specinterface_ln0' <Predicate = true> <Delay = 0.00>
ST_74 : Operation 471 [1/1] (0.00ns)   --->   "%specbitsmap_ln0 = specbitsmap void @_ssdm_op_SpecBitsMap, i64 %gmem1_0"   --->   Operation 471 'specbitsmap' 'specbitsmap_ln0' <Predicate = true> <Delay = 0.00>
ST_74 : Operation 472 [1/1] (0.00ns)   --->   "%specinterface_ln0 = specinterface void @_ssdm_op_SpecInterface, i64 %gmem1_1, void @empty_8, i32 0, i32 0, void @empty_9, i32 64, i32 0, void @empty_4, void @empty_0, void @empty_9, i32 16, i32 16, i32 16, i32 16, void @empty_9, void @empty_9, i32 4294967295, i32 0, i32 0"   --->   Operation 472 'specinterface' 'specinterface_ln0' <Predicate = true> <Delay = 0.00>
ST_74 : Operation 473 [1/1] (0.00ns)   --->   "%specbitsmap_ln0 = specbitsmap void @_ssdm_op_SpecBitsMap, i64 %gmem1_1"   --->   Operation 473 'specbitsmap' 'specbitsmap_ln0' <Predicate = true> <Delay = 0.00>
ST_74 : Operation 474 [1/1] (0.00ns)   --->   "%specinterface_ln0 = specinterface void @_ssdm_op_SpecInterface, i128 %gmem2_0, void @empty_8, i32 0, i32 0, void @empty_9, i32 64, i32 0, void @empty_13, void @empty_0, void @empty_9, i32 16, i32 16, i32 16, i32 16, void @empty_9, void @empty_9, i32 4294967295, i32 0, i32 0"   --->   Operation 474 'specinterface' 'specinterface_ln0' <Predicate = true> <Delay = 0.00>
ST_74 : Operation 475 [1/1] (0.00ns)   --->   "%specbitsmap_ln0 = specbitsmap void @_ssdm_op_SpecBitsMap, i128 %gmem2_0"   --->   Operation 475 'specbitsmap' 'specbitsmap_ln0' <Predicate = true> <Delay = 0.00>
ST_74 : Operation 476 [1/1] (0.00ns)   --->   "%specinterface_ln0 = specinterface void @_ssdm_op_SpecInterface, i128 %gmem2_1, void @empty_8, i32 0, i32 0, void @empty_9, i32 64, i32 0, void @empty_5, void @empty_0, void @empty_9, i32 16, i32 16, i32 16, i32 16, void @empty_9, void @empty_9, i32 4294967295, i32 0, i32 0"   --->   Operation 476 'specinterface' 'specinterface_ln0' <Predicate = true> <Delay = 0.00>
ST_74 : Operation 477 [1/1] (0.00ns)   --->   "%specbitsmap_ln0 = specbitsmap void @_ssdm_op_SpecBitsMap, i128 %gmem2_1"   --->   Operation 477 'specbitsmap' 'specbitsmap_ln0' <Predicate = true> <Delay = 0.00>
ST_74 : Operation 478 [1/1] (0.00ns)   --->   "%specinterface_ln0 = specinterface void @_ssdm_op_SpecInterface, i64 %a_0, void @empty_6, i32 0, i32 0, void @empty_9, i32 0, i32 0, void @empty_7, void @empty_18, void @empty_9, i32 0, i32 0, i32 0, i32 0, void @empty_9, void @empty_19, i32 4294967295, i32 0, i32 0"   --->   Operation 478 'specinterface' 'specinterface_ln0' <Predicate = true> <Delay = 0.00>
ST_74 : Operation 479 [1/1] (0.00ns)   --->   "%specinterface_ln0 = specinterface void @_ssdm_op_SpecInterface, i64 %a_0, void @empty_20, i32 0, i32 0, void @empty_9, i32 0, i32 0, void @empty_9, void @empty_9, void @empty_9, i32 0, i32 0, i32 0, i32 0, void @empty_9, void @empty_19, i32 4294967295, i32 0, i32 0"   --->   Operation 479 'specinterface' 'specinterface_ln0' <Predicate = true> <Delay = 0.00>
ST_74 : Operation 480 [1/1] (0.00ns)   --->   "%specinterface_ln0 = specinterface void @_ssdm_op_SpecInterface, i64 %a_1, void @empty_6, i32 0, i32 0, void @empty_9, i32 0, i32 0, void @empty_7, void @empty_10, void @empty_9, i32 0, i32 0, i32 0, i32 0, void @empty_9, void @empty_19, i32 4294967295, i32 0, i32 0"   --->   Operation 480 'specinterface' 'specinterface_ln0' <Predicate = true> <Delay = 0.00>
ST_74 : Operation 481 [1/1] (0.00ns)   --->   "%specinterface_ln0 = specinterface void @_ssdm_op_SpecInterface, i64 %a_1, void @empty_20, i32 0, i32 0, void @empty_9, i32 0, i32 0, void @empty_9, void @empty_9, void @empty_9, i32 0, i32 0, i32 0, i32 0, void @empty_9, void @empty_19, i32 4294967295, i32 0, i32 0"   --->   Operation 481 'specinterface' 'specinterface_ln0' <Predicate = true> <Delay = 0.00>
ST_74 : Operation 482 [1/1] (0.00ns)   --->   "%specinterface_ln0 = specinterface void @_ssdm_op_SpecInterface, i64 %b_0, void @empty_6, i32 0, i32 0, void @empty_9, i32 0, i32 0, void @empty_7, void @empty_11, void @empty_9, i32 0, i32 0, i32 0, i32 0, void @empty_9, void @empty_19, i32 4294967295, i32 0, i32 0"   --->   Operation 482 'specinterface' 'specinterface_ln0' <Predicate = true> <Delay = 0.00>
ST_74 : Operation 483 [1/1] (0.00ns)   --->   "%specinterface_ln0 = specinterface void @_ssdm_op_SpecInterface, i64 %b_0, void @empty_20, i32 0, i32 0, void @empty_9, i32 0, i32 0, void @empty_9, void @empty_9, void @empty_9, i32 0, i32 0, i32 0, i32 0, void @empty_9, void @empty_19, i32 4294967295, i32 0, i32 0"   --->   Operation 483 'specinterface' 'specinterface_ln0' <Predicate = true> <Delay = 0.00>
ST_74 : Operation 484 [1/1] (0.00ns)   --->   "%specinterface_ln0 = specinterface void @_ssdm_op_SpecInterface, i64 %b_1, void @empty_6, i32 0, i32 0, void @empty_9, i32 0, i32 0, void @empty_7, void @empty_12, void @empty_9, i32 0, i32 0, i32 0, i32 0, void @empty_9, void @empty_19, i32 4294967295, i32 0, i32 0"   --->   Operation 484 'specinterface' 'specinterface_ln0' <Predicate = true> <Delay = 0.00>
ST_74 : Operation 485 [1/1] (0.00ns)   --->   "%specinterface_ln0 = specinterface void @_ssdm_op_SpecInterface, i64 %b_1, void @empty_20, i32 0, i32 0, void @empty_9, i32 0, i32 0, void @empty_9, void @empty_9, void @empty_9, i32 0, i32 0, i32 0, i32 0, void @empty_9, void @empty_19, i32 4294967295, i32 0, i32 0"   --->   Operation 485 'specinterface' 'specinterface_ln0' <Predicate = true> <Delay = 0.00>
ST_74 : Operation 486 [1/1] (0.00ns)   --->   "%specinterface_ln0 = specinterface void @_ssdm_op_SpecInterface, i64 %c_0, void @empty_6, i32 0, i32 0, void @empty_9, i32 0, i32 0, void @empty_7, void @empty_14, void @empty_9, i32 0, i32 0, i32 0, i32 0, void @empty_9, void @empty_19, i32 4294967295, i32 0, i32 0"   --->   Operation 486 'specinterface' 'specinterface_ln0' <Predicate = true> <Delay = 0.00>
ST_74 : Operation 487 [1/1] (0.00ns)   --->   "%specinterface_ln0 = specinterface void @_ssdm_op_SpecInterface, i64 %c_0, void @empty_20, i32 0, i32 0, void @empty_9, i32 0, i32 0, void @empty_9, void @empty_9, void @empty_9, i32 0, i32 0, i32 0, i32 0, void @empty_9, void @empty_19, i32 4294967295, i32 0, i32 0"   --->   Operation 487 'specinterface' 'specinterface_ln0' <Predicate = true> <Delay = 0.00>
ST_74 : Operation 488 [1/1] (0.00ns)   --->   "%specinterface_ln0 = specinterface void @_ssdm_op_SpecInterface, i64 %c_1, void @empty_6, i32 0, i32 0, void @empty_9, i32 0, i32 0, void @empty_7, void @empty_3, void @empty_9, i32 0, i32 0, i32 0, i32 0, void @empty_9, void @empty_19, i32 4294967295, i32 0, i32 0"   --->   Operation 488 'specinterface' 'specinterface_ln0' <Predicate = true> <Delay = 0.00>
ST_74 : Operation 489 [1/1] (0.00ns)   --->   "%specinterface_ln0 = specinterface void @_ssdm_op_SpecInterface, i64 %c_1, void @empty_20, i32 0, i32 0, void @empty_9, i32 0, i32 0, void @empty_9, void @empty_9, void @empty_9, i32 0, i32 0, i32 0, i32 0, void @empty_9, void @empty_19, i32 4294967295, i32 0, i32 0"   --->   Operation 489 'specinterface' 'specinterface_ln0' <Predicate = true> <Delay = 0.00>
ST_74 : Operation 490 [1/1] (0.00ns)   --->   "%specinterface_ln0 = specinterface void @_ssdm_op_SpecInterface, i32 0, void @empty_6, i32 0, i32 0, void @empty_9, i32 0, i32 0, void @empty_7, void @empty_9, void @empty_9, i32 0, i32 0, i32 0, i32 0, void @empty_9, void @empty_9, i32 4294967295, i32 0, i32 0"   --->   Operation 490 'specinterface' 'specinterface_ln0' <Predicate = true> <Delay = 0.00>
ST_74 : Operation 491 [1/1] (0.00ns)   --->   "%p_cast_cast = sext i60 %p_cast" [kernel.cpp:5]   --->   Operation 491 'sext' 'p_cast_cast' <Predicate = true> <Delay = 0.00>
ST_74 : Operation 492 [1/1] (0.00ns)   --->   "%gmem2_1_addr = getelementptr i128 %gmem2_1, i64 %p_cast_cast" [kernel.cpp:5]   --->   Operation 492 'getelementptr' 'gmem2_1_addr' <Predicate = true> <Delay = 0.00>
ST_74 : Operation 493 [1/1] (0.00ns)   --->   "%p_cast1_cast = sext i60 %p_cast1" [kernel.cpp:5]   --->   Operation 493 'sext' 'p_cast1_cast' <Predicate = true> <Delay = 0.00>
ST_74 : Operation 494 [1/1] (0.00ns)   --->   "%gmem2_0_addr = getelementptr i128 %gmem2_0, i64 %p_cast1_cast" [kernel.cpp:5]   --->   Operation 494 'getelementptr' 'gmem2_0_addr' <Predicate = true> <Delay = 0.00>
ST_74 : Operation 495 [1/1] (1.58ns)   --->   "%store_ln19 = store i64 %gmem1_1_addr_read, i64 %shiftreg125" [kernel.cpp:19]   --->   Operation 495 'store' 'store_ln19' <Predicate = true> <Delay = 1.58>
ST_74 : Operation 496 [1/1] (1.58ns)   --->   "%store_ln19 = store i64 %gmem0_1_addr_read, i64 %shiftreg104" [kernel.cpp:19]   --->   Operation 496 'store' 'store_ln19' <Predicate = true> <Delay = 1.58>
ST_74 : Operation 497 [1/1] (1.58ns)   --->   "%store_ln19 = store i64 %gmem1_0_addr_read, i64 %shiftreg83" [kernel.cpp:19]   --->   Operation 497 'store' 'store_ln19' <Predicate = true> <Delay = 1.58>
ST_74 : Operation 498 [1/1] (1.58ns)   --->   "%store_ln19 = store i64 %gmem0_0_addr_read, i64 %shiftreg2" [kernel.cpp:19]   --->   Operation 498 'store' 'store_ln19' <Predicate = true> <Delay = 1.58>
ST_74 : Operation 499 [1/1] (0.00ns)   --->   "%br_ln19 = br void %for.inc.split" [kernel.cpp:19]   --->   Operation 499 'br' 'br_ln19' <Predicate = true> <Delay = 0.00>

State 75 <SV = 74> <Delay = 3.50>
ST_75 : Operation 500 [1/1] (0.00ns)   --->   "%i1_load = load i5 %i1" [kernel.cpp:19]   --->   Operation 500 'load' 'i1_load' <Predicate = true> <Delay = 0.00>
ST_75 : Operation 501 [1/1] (0.00ns)   --->   "%shiftreg2_load = load i64 %shiftreg2" [kernel.cpp:22]   --->   Operation 501 'load' 'shiftreg2_load' <Predicate = true> <Delay = 0.00>
ST_75 : Operation 502 [1/1] (0.00ns)   --->   "%shiftreg83_load = load i64 %shiftreg83" [kernel.cpp:22]   --->   Operation 502 'load' 'shiftreg83_load' <Predicate = true> <Delay = 0.00>
ST_75 : Operation 503 [1/1] (0.00ns)   --->   "%shiftreg104_load = load i64 %shiftreg104" [kernel.cpp:22]   --->   Operation 503 'load' 'shiftreg104_load' <Predicate = true> <Delay = 0.00>
ST_75 : Operation 504 [1/1] (0.00ns)   --->   "%shiftreg125_load = load i64 %shiftreg125" [kernel.cpp:22]   --->   Operation 504 'load' 'shiftreg125_load' <Predicate = true> <Delay = 0.00>
ST_75 : Operation 505 [1/1] (0.00ns)   --->   "%shiftreg146_load = load i121 %shiftreg146" [kernel.cpp:22]   --->   Operation 505 'load' 'shiftreg146_load' <Predicate = true> <Delay = 0.00>
ST_75 : Operation 506 [1/1] (0.00ns)   --->   "%shiftreg168_load = load i121 %shiftreg168" [kernel.cpp:22]   --->   Operation 506 'load' 'shiftreg168_load' <Predicate = true> <Delay = 0.00>
ST_75 : Operation 507 [1/1] (0.00ns)   --->   "%specpipeline_ln20 = specpipeline void @_ssdm_op_SpecPipeline, i32 8, i32 0, i32 0, i32 0, void @empty_9" [kernel.cpp:20]   --->   Operation 507 'specpipeline' 'specpipeline_ln20' <Predicate = true> <Delay = 0.00>
ST_75 : Operation 508 [1/1] (0.00ns)   --->   "%speclooptripcount_ln19 = speclooptripcount void @_ssdm_op_SpecLoopTripCount, i64 8, i64 8, i64 8" [kernel.cpp:19]   --->   Operation 508 'speclooptripcount' 'speclooptripcount_ln19' <Predicate = true> <Delay = 0.00>
ST_75 : Operation 509 [1/1] (0.00ns)   --->   "%specloopname_ln19 = specloopname void @_ssdm_op_SpecLoopName, void @empty_17" [kernel.cpp:19]   --->   Operation 509 'specloopname' 'specloopname_ln19' <Predicate = true> <Delay = 0.00>
ST_75 : Operation 510 [1/1] (0.00ns)   --->   "%trunc_ln22 = trunc i64 %shiftreg2_load" [kernel.cpp:22]   --->   Operation 510 'trunc' 'trunc_ln22' <Predicate = true> <Delay = 0.00>
ST_75 : Operation 511 [1/1] (0.00ns)   --->   "%lshr_ln = partselect i56 @_ssdm_op_PartSelect.i56.i64.i32.i32, i64 %shiftreg2_load, i32 8, i32 63" [kernel.cpp:22]   --->   Operation 511 'partselect' 'lshr_ln' <Predicate = true> <Delay = 0.00>
ST_75 : Operation 512 [1/1] (0.00ns)   --->   "%zext_ln22 = zext i56 %lshr_ln" [kernel.cpp:22]   --->   Operation 512 'zext' 'zext_ln22' <Predicate = true> <Delay = 0.00>
ST_75 : Operation 513 [1/1] (0.00ns)   --->   "%sext_ln22 = sext i8 %trunc_ln22" [kernel.cpp:22]   --->   Operation 513 'sext' 'sext_ln22' <Predicate = true> <Delay = 0.00>
ST_75 : Operation 514 [1/1] (0.00ns)   --->   "%trunc_ln22_1 = trunc i64 %shiftreg83_load" [kernel.cpp:22]   --->   Operation 514 'trunc' 'trunc_ln22_1' <Predicate = true> <Delay = 0.00>
ST_75 : Operation 515 [1/1] (0.00ns)   --->   "%lshr_ln22_1 = partselect i56 @_ssdm_op_PartSelect.i56.i64.i32.i32, i64 %shiftreg83_load, i32 8, i32 63" [kernel.cpp:22]   --->   Operation 515 'partselect' 'lshr_ln22_1' <Predicate = true> <Delay = 0.00>
ST_75 : Operation 516 [1/1] (0.00ns)   --->   "%zext_ln22_1 = zext i56 %lshr_ln22_1" [kernel.cpp:22]   --->   Operation 516 'zext' 'zext_ln22_1' <Predicate = true> <Delay = 0.00>
ST_75 : Operation 517 [1/1] (0.00ns)   --->   "%sext_ln22_1 = sext i8 %trunc_ln22_1" [kernel.cpp:22]   --->   Operation 517 'sext' 'sext_ln22_1' <Predicate = true> <Delay = 0.00>
ST_75 : Operation 518 [1/1] (1.91ns)   --->   "%add_ln22 = add i9 %sext_ln22_1, i9 %sext_ln22" [kernel.cpp:22]   --->   Operation 518 'add' 'add_ln22' <Predicate = true> <Delay = 1.91> <CoreInst = "Adder">   --->   Core 1 'Adder' <Latency = 0> <II = 1> <Delay = 1.82> <FuncUnit> <Opcode : 'add' 'sub'> <InPorts = 2> <OutPorts = 1>
ST_75 : Operation 519 [1/1] (0.00ns)   --->   "%trunc_ln22_2 = trunc i64 %shiftreg104_load" [kernel.cpp:22]   --->   Operation 519 'trunc' 'trunc_ln22_2' <Predicate = true> <Delay = 0.00>
ST_75 : Operation 520 [1/1] (0.00ns)   --->   "%lshr_ln22_2 = partselect i56 @_ssdm_op_PartSelect.i56.i64.i32.i32, i64 %shiftreg104_load, i32 8, i32 63" [kernel.cpp:22]   --->   Operation 520 'partselect' 'lshr_ln22_2' <Predicate = true> <Delay = 0.00>
ST_75 : Operation 521 [1/1] (0.00ns)   --->   "%zext_ln22_2 = zext i56 %lshr_ln22_2" [kernel.cpp:22]   --->   Operation 521 'zext' 'zext_ln22_2' <Predicate = true> <Delay = 0.00>
ST_75 : Operation 522 [1/1] (0.00ns)   --->   "%sext_ln22_2 = sext i8 %trunc_ln22_2" [kernel.cpp:22]   --->   Operation 522 'sext' 'sext_ln22_2' <Predicate = true> <Delay = 0.00>
ST_75 : Operation 523 [1/1] (0.00ns)   --->   "%trunc_ln22_3 = trunc i64 %shiftreg125_load" [kernel.cpp:22]   --->   Operation 523 'trunc' 'trunc_ln22_3' <Predicate = true> <Delay = 0.00>
ST_75 : Operation 524 [1/1] (0.00ns)   --->   "%lshr_ln22_3 = partselect i56 @_ssdm_op_PartSelect.i56.i64.i32.i32, i64 %shiftreg125_load, i32 8, i32 63" [kernel.cpp:22]   --->   Operation 524 'partselect' 'lshr_ln22_3' <Predicate = true> <Delay = 0.00>
ST_75 : Operation 525 [1/1] (0.00ns)   --->   "%zext_ln22_3 = zext i56 %lshr_ln22_3" [kernel.cpp:22]   --->   Operation 525 'zext' 'zext_ln22_3' <Predicate = true> <Delay = 0.00>
ST_75 : Operation 526 [1/1] (0.00ns)   --->   "%sext_ln22_3 = sext i8 %trunc_ln22_3" [kernel.cpp:22]   --->   Operation 526 'sext' 'sext_ln22_3' <Predicate = true> <Delay = 0.00>
ST_75 : Operation 527 [1/1] (1.91ns)   --->   "%add_ln22_1 = add i9 %sext_ln22_3, i9 %sext_ln22_2" [kernel.cpp:22]   --->   Operation 527 'add' 'add_ln22_1' <Predicate = true> <Delay = 1.91> <CoreInst = "Adder">   --->   Core 1 'Adder' <Latency = 0> <II = 1> <Delay = 1.82> <FuncUnit> <Opcode : 'add' 'sub'> <InPorts = 2> <OutPorts = 1>
ST_75 : Operation 528 [1/1] (0.00ns)   --->   "%tmp_2 = partselect i105 @_ssdm_op_PartSelect.i105.i121.i32.i32, i121 %shiftreg146_load, i32 16, i32 120" [kernel.cpp:22]   --->   Operation 528 'partselect' 'tmp_2' <Predicate = true> <Delay = 0.00>
ST_75 : Operation 529 [1/1] (0.00ns)   --->   "%sext_ln22_4 = sext i105 %tmp_2" [kernel.cpp:22]   --->   Operation 529 'sext' 'sext_ln22_4' <Predicate = true> <Delay = 0.00>
ST_75 : Operation 530 [1/1] (0.00ns)   --->   "%tmp = bitconcatenate i121 @_ssdm_op_BitConcatenate.i121.i9.i3.i109, i9 %add_ln22, i3 0, i109 %sext_ln22_4" [kernel.cpp:22]   --->   Operation 530 'bitconcatenate' 'tmp' <Predicate = true> <Delay = 0.00>
ST_75 : Operation 531 [1/1] (0.00ns)   --->   "%tmp_3 = partselect i105 @_ssdm_op_PartSelect.i105.i121.i32.i32, i121 %shiftreg168_load, i32 16, i32 120" [kernel.cpp:22]   --->   Operation 531 'partselect' 'tmp_3' <Predicate = true> <Delay = 0.00>
ST_75 : Operation 532 [1/1] (0.00ns)   --->   "%sext_ln22_5 = sext i105 %tmp_3" [kernel.cpp:22]   --->   Operation 532 'sext' 'sext_ln22_5' <Predicate = true> <Delay = 0.00>
ST_75 : Operation 533 [1/1] (0.00ns)   --->   "%tmp_1 = bitconcatenate i121 @_ssdm_op_BitConcatenate.i121.i9.i3.i109, i9 %add_ln22_1, i3 0, i109 %sext_ln22_5" [kernel.cpp:22]   --->   Operation 533 'bitconcatenate' 'tmp_1' <Predicate = true> <Delay = 0.00>
ST_75 : Operation 534 [1/1] (1.78ns)   --->   "%i = add i5 %i1_load, i5 2" [kernel.cpp:19]   --->   Operation 534 'add' 'i' <Predicate = true> <Delay = 1.78> <CoreInst = "Adder">   --->   Core 1 'Adder' <Latency = 0> <II = 1> <Delay = 1.78> <FuncUnit> <Opcode : 'add' 'sub'> <InPorts = 2> <OutPorts = 1>
ST_75 : Operation 535 [1/1] (0.00ns)   --->   "%tmp_4 = bitselect i1 @_ssdm_op_BitSelect.i1.i5.i32, i5 %i, i32 4" [kernel.cpp:19]   --->   Operation 535 'bitselect' 'tmp_4' <Predicate = true> <Delay = 0.00>
ST_75 : Operation 536 [1/1] (1.58ns)   --->   "%store_ln22 = store i121 %tmp_1, i121 %shiftreg168" [kernel.cpp:22]   --->   Operation 536 'store' 'store_ln22' <Predicate = true> <Delay = 1.58>
ST_75 : Operation 537 [1/1] (1.58ns)   --->   "%store_ln22 = store i121 %tmp, i121 %shiftreg146" [kernel.cpp:22]   --->   Operation 537 'store' 'store_ln22' <Predicate = true> <Delay = 1.58>
ST_75 : Operation 538 [1/1] (1.58ns)   --->   "%store_ln22 = store i64 %zext_ln22_3, i64 %shiftreg125" [kernel.cpp:22]   --->   Operation 538 'store' 'store_ln22' <Predicate = true> <Delay = 1.58>
ST_75 : Operation 539 [1/1] (1.58ns)   --->   "%store_ln22 = store i64 %zext_ln22_2, i64 %shiftreg104" [kernel.cpp:22]   --->   Operation 539 'store' 'store_ln22' <Predicate = true> <Delay = 1.58>
ST_75 : Operation 540 [1/1] (1.58ns)   --->   "%store_ln22 = store i64 %zext_ln22_1, i64 %shiftreg83" [kernel.cpp:22]   --->   Operation 540 'store' 'store_ln22' <Predicate = true> <Delay = 1.58>
ST_75 : Operation 541 [1/1] (1.58ns)   --->   "%store_ln22 = store i64 %zext_ln22, i64 %shiftreg2" [kernel.cpp:22]   --->   Operation 541 'store' 'store_ln22' <Predicate = true> <Delay = 1.58>
ST_75 : Operation 542 [1/1] (1.58ns)   --->   "%store_ln19 = store i5 %i, i5 %i1" [kernel.cpp:19]   --->   Operation 542 'store' 'store_ln19' <Predicate = true> <Delay = 1.58>
ST_75 : Operation 543 [1/1] (0.00ns)   --->   "%br_ln19 = br i1 %tmp_4, void %for.inc.split, void %for.end" [kernel.cpp:19]   --->   Operation 543 'br' 'br_ln19' <Predicate = true> <Delay = 0.00>

State 76 <SV = 75> <Delay = 7.30>
ST_76 : Operation 544 [1/1] (7.30ns)   --->   "%gmem2_0_addr_req = writereq i1 @_ssdm_op_WriteReq.m_axi.i128P1A, i64 %gmem2_0_addr, i64 1" [kernel.cpp:24]   --->   Operation 544 'writereq' 'gmem2_0_addr_req' <Predicate = true> <Delay = 7.30> <CoreInst = "m_axi">   --->   Core 111 'm_axi' <Latency = 9> <II = 1> <Delay = 1.00> <Adapter> <Opcode : 'read' 'write' 'readreq' 'writereq' 'writeresp'>
ST_76 : Operation 545 [1/1] (7.30ns)   --->   "%gmem2_1_addr_req = writereq i1 @_ssdm_op_WriteReq.m_axi.i128P1A, i64 %gmem2_1_addr, i64 1" [kernel.cpp:24]   --->   Operation 545 'writereq' 'gmem2_1_addr_req' <Predicate = true> <Delay = 7.30> <CoreInst = "m_axi">   --->   Core 111 'm_axi' <Latency = 9> <II = 1> <Delay = 1.00> <Adapter> <Opcode : 'read' 'write' 'readreq' 'writereq' 'writeresp'>

State 77 <SV = 76> <Delay = 7.30>
ST_77 : Operation 546 [1/1] (0.00ns)   --->   "%sext_ln19_4 = sext i121 %tmp_1" [kernel.cpp:19]   --->   Operation 546 'sext' 'sext_ln19_4' <Predicate = true> <Delay = 0.00>
ST_77 : Operation 547 [1/1] (0.00ns)   --->   "%zext_ln19 = zext i125 %sext_ln19_4" [kernel.cpp:19]   --->   Operation 547 'zext' 'zext_ln19' <Predicate = true> <Delay = 0.00>
ST_77 : Operation 548 [1/1] (0.00ns)   --->   "%sext_ln19_5 = sext i121 %tmp" [kernel.cpp:19]   --->   Operation 548 'sext' 'sext_ln19_5' <Predicate = true> <Delay = 0.00>
ST_77 : Operation 549 [1/1] (0.00ns)   --->   "%zext_ln19_1 = zext i125 %sext_ln19_5" [kernel.cpp:19]   --->   Operation 549 'zext' 'zext_ln19_1' <Predicate = true> <Delay = 0.00>
ST_77 : Operation 550 [1/1] (7.30ns)   --->   "%write_ln24 = write void @_ssdm_op_Write.m_axi.i128P1A, i64 %gmem2_0_addr, i128 %zext_ln19_1, i16 65535" [kernel.cpp:24]   --->   Operation 550 'write' 'write_ln24' <Predicate = true> <Delay = 7.30> <CoreInst = "m_axi">   --->   Core 111 'm_axi' <Latency = 5> <II = 1> <Delay = 1.00> <Adapter> <Opcode : 'read' 'write' 'readreq' 'writereq' 'writeresp'>
ST_77 : Operation 551 [1/1] (7.30ns)   --->   "%write_ln24 = write void @_ssdm_op_Write.m_axi.i128P1A, i64 %gmem2_1_addr, i128 %zext_ln19, i16 65535" [kernel.cpp:24]   --->   Operation 551 'write' 'write_ln24' <Predicate = true> <Delay = 7.30> <CoreInst = "m_axi">   --->   Core 111 'm_axi' <Latency = 5> <II = 1> <Delay = 1.00> <Adapter> <Opcode : 'read' 'write' 'readreq' 'writereq' 'writeresp'>

State 78 <SV = 77> <Delay = 7.30>
ST_78 : Operation 552 [68/68] (7.30ns)   --->   "%gmem2_0_addr_resp = writeresp i1 @_ssdm_op_WriteResp.m_axi.i128P1A, i64 %gmem2_0_addr" [kernel.cpp:24]   --->   Operation 552 'writeresp' 'gmem2_0_addr_resp' <Predicate = true> <Delay = 7.30> <CoreInst = "m_axi">   --->   Core 111 'm_axi' <Latency = 3> <II = 1> <Delay = 1.00> <Adapter> <Opcode : 'read' 'write' 'readreq' 'writereq' 'writeresp'>
ST_78 : Operation 553 [68/68] (7.30ns)   --->   "%gmem2_1_addr_resp = writeresp i1 @_ssdm_op_WriteResp.m_axi.i128P1A, i64 %gmem2_1_addr" [kernel.cpp:24]   --->   Operation 553 'writeresp' 'gmem2_1_addr_resp' <Predicate = true> <Delay = 7.30> <CoreInst = "m_axi">   --->   Core 111 'm_axi' <Latency = 3> <II = 1> <Delay = 1.00> <Adapter> <Opcode : 'read' 'write' 'readreq' 'writereq' 'writeresp'>

State 79 <SV = 78> <Delay = 7.30>
ST_79 : Operation 554 [67/68] (7.30ns)   --->   "%gmem2_0_addr_resp = writeresp i1 @_ssdm_op_WriteResp.m_axi.i128P1A, i64 %gmem2_0_addr" [kernel.cpp:24]   --->   Operation 554 'writeresp' 'gmem2_0_addr_resp' <Predicate = true> <Delay = 7.30> <CoreInst = "m_axi">   --->   Core 111 'm_axi' <Latency = 3> <II = 1> <Delay = 1.00> <Adapter> <Opcode : 'read' 'write' 'readreq' 'writereq' 'writeresp'>
ST_79 : Operation 555 [67/68] (7.30ns)   --->   "%gmem2_1_addr_resp = writeresp i1 @_ssdm_op_WriteResp.m_axi.i128P1A, i64 %gmem2_1_addr" [kernel.cpp:24]   --->   Operation 555 'writeresp' 'gmem2_1_addr_resp' <Predicate = true> <Delay = 7.30> <CoreInst = "m_axi">   --->   Core 111 'm_axi' <Latency = 3> <II = 1> <Delay = 1.00> <Adapter> <Opcode : 'read' 'write' 'readreq' 'writereq' 'writeresp'>

State 80 <SV = 79> <Delay = 7.30>
ST_80 : Operation 556 [66/68] (7.30ns)   --->   "%gmem2_0_addr_resp = writeresp i1 @_ssdm_op_WriteResp.m_axi.i128P1A, i64 %gmem2_0_addr" [kernel.cpp:24]   --->   Operation 556 'writeresp' 'gmem2_0_addr_resp' <Predicate = true> <Delay = 7.30> <CoreInst = "m_axi">   --->   Core 111 'm_axi' <Latency = 3> <II = 1> <Delay = 1.00> <Adapter> <Opcode : 'read' 'write' 'readreq' 'writereq' 'writeresp'>
ST_80 : Operation 557 [66/68] (7.30ns)   --->   "%gmem2_1_addr_resp = writeresp i1 @_ssdm_op_WriteResp.m_axi.i128P1A, i64 %gmem2_1_addr" [kernel.cpp:24]   --->   Operation 557 'writeresp' 'gmem2_1_addr_resp' <Predicate = true> <Delay = 7.30> <CoreInst = "m_axi">   --->   Core 111 'm_axi' <Latency = 3> <II = 1> <Delay = 1.00> <Adapter> <Opcode : 'read' 'write' 'readreq' 'writereq' 'writeresp'>

State 81 <SV = 80> <Delay = 7.30>
ST_81 : Operation 558 [65/68] (7.30ns)   --->   "%gmem2_0_addr_resp = writeresp i1 @_ssdm_op_WriteResp.m_axi.i128P1A, i64 %gmem2_0_addr" [kernel.cpp:24]   --->   Operation 558 'writeresp' 'gmem2_0_addr_resp' <Predicate = true> <Delay = 7.30> <CoreInst = "m_axi">   --->   Core 111 'm_axi' <Latency = 3> <II = 1> <Delay = 1.00> <Adapter> <Opcode : 'read' 'write' 'readreq' 'writereq' 'writeresp'>
ST_81 : Operation 559 [65/68] (7.30ns)   --->   "%gmem2_1_addr_resp = writeresp i1 @_ssdm_op_WriteResp.m_axi.i128P1A, i64 %gmem2_1_addr" [kernel.cpp:24]   --->   Operation 559 'writeresp' 'gmem2_1_addr_resp' <Predicate = true> <Delay = 7.30> <CoreInst = "m_axi">   --->   Core 111 'm_axi' <Latency = 3> <II = 1> <Delay = 1.00> <Adapter> <Opcode : 'read' 'write' 'readreq' 'writereq' 'writeresp'>

State 82 <SV = 81> <Delay = 7.30>
ST_82 : Operation 560 [64/68] (7.30ns)   --->   "%gmem2_0_addr_resp = writeresp i1 @_ssdm_op_WriteResp.m_axi.i128P1A, i64 %gmem2_0_addr" [kernel.cpp:24]   --->   Operation 560 'writeresp' 'gmem2_0_addr_resp' <Predicate = true> <Delay = 7.30> <CoreInst = "m_axi">   --->   Core 111 'm_axi' <Latency = 3> <II = 1> <Delay = 1.00> <Adapter> <Opcode : 'read' 'write' 'readreq' 'writereq' 'writeresp'>
ST_82 : Operation 561 [64/68] (7.30ns)   --->   "%gmem2_1_addr_resp = writeresp i1 @_ssdm_op_WriteResp.m_axi.i128P1A, i64 %gmem2_1_addr" [kernel.cpp:24]   --->   Operation 561 'writeresp' 'gmem2_1_addr_resp' <Predicate = true> <Delay = 7.30> <CoreInst = "m_axi">   --->   Core 111 'm_axi' <Latency = 3> <II = 1> <Delay = 1.00> <Adapter> <Opcode : 'read' 'write' 'readreq' 'writereq' 'writeresp'>

State 83 <SV = 82> <Delay = 7.30>
ST_83 : Operation 562 [63/68] (7.30ns)   --->   "%gmem2_0_addr_resp = writeresp i1 @_ssdm_op_WriteResp.m_axi.i128P1A, i64 %gmem2_0_addr" [kernel.cpp:24]   --->   Operation 562 'writeresp' 'gmem2_0_addr_resp' <Predicate = true> <Delay = 7.30> <CoreInst = "m_axi">   --->   Core 111 'm_axi' <Latency = 3> <II = 1> <Delay = 1.00> <Adapter> <Opcode : 'read' 'write' 'readreq' 'writereq' 'writeresp'>
ST_83 : Operation 563 [63/68] (7.30ns)   --->   "%gmem2_1_addr_resp = writeresp i1 @_ssdm_op_WriteResp.m_axi.i128P1A, i64 %gmem2_1_addr" [kernel.cpp:24]   --->   Operation 563 'writeresp' 'gmem2_1_addr_resp' <Predicate = true> <Delay = 7.30> <CoreInst = "m_axi">   --->   Core 111 'm_axi' <Latency = 3> <II = 1> <Delay = 1.00> <Adapter> <Opcode : 'read' 'write' 'readreq' 'writereq' 'writeresp'>

State 84 <SV = 83> <Delay = 7.30>
ST_84 : Operation 564 [62/68] (7.30ns)   --->   "%gmem2_0_addr_resp = writeresp i1 @_ssdm_op_WriteResp.m_axi.i128P1A, i64 %gmem2_0_addr" [kernel.cpp:24]   --->   Operation 564 'writeresp' 'gmem2_0_addr_resp' <Predicate = true> <Delay = 7.30> <CoreInst = "m_axi">   --->   Core 111 'm_axi' <Latency = 3> <II = 1> <Delay = 1.00> <Adapter> <Opcode : 'read' 'write' 'readreq' 'writereq' 'writeresp'>
ST_84 : Operation 565 [62/68] (7.30ns)   --->   "%gmem2_1_addr_resp = writeresp i1 @_ssdm_op_WriteResp.m_axi.i128P1A, i64 %gmem2_1_addr" [kernel.cpp:24]   --->   Operation 565 'writeresp' 'gmem2_1_addr_resp' <Predicate = true> <Delay = 7.30> <CoreInst = "m_axi">   --->   Core 111 'm_axi' <Latency = 3> <II = 1> <Delay = 1.00> <Adapter> <Opcode : 'read' 'write' 'readreq' 'writereq' 'writeresp'>

State 85 <SV = 84> <Delay = 7.30>
ST_85 : Operation 566 [61/68] (7.30ns)   --->   "%gmem2_0_addr_resp = writeresp i1 @_ssdm_op_WriteResp.m_axi.i128P1A, i64 %gmem2_0_addr" [kernel.cpp:24]   --->   Operation 566 'writeresp' 'gmem2_0_addr_resp' <Predicate = true> <Delay = 7.30> <CoreInst = "m_axi">   --->   Core 111 'm_axi' <Latency = 3> <II = 1> <Delay = 1.00> <Adapter> <Opcode : 'read' 'write' 'readreq' 'writereq' 'writeresp'>
ST_85 : Operation 567 [61/68] (7.30ns)   --->   "%gmem2_1_addr_resp = writeresp i1 @_ssdm_op_WriteResp.m_axi.i128P1A, i64 %gmem2_1_addr" [kernel.cpp:24]   --->   Operation 567 'writeresp' 'gmem2_1_addr_resp' <Predicate = true> <Delay = 7.30> <CoreInst = "m_axi">   --->   Core 111 'm_axi' <Latency = 3> <II = 1> <Delay = 1.00> <Adapter> <Opcode : 'read' 'write' 'readreq' 'writereq' 'writeresp'>

State 86 <SV = 85> <Delay = 7.30>
ST_86 : Operation 568 [60/68] (7.30ns)   --->   "%gmem2_0_addr_resp = writeresp i1 @_ssdm_op_WriteResp.m_axi.i128P1A, i64 %gmem2_0_addr" [kernel.cpp:24]   --->   Operation 568 'writeresp' 'gmem2_0_addr_resp' <Predicate = true> <Delay = 7.30> <CoreInst = "m_axi">   --->   Core 111 'm_axi' <Latency = 3> <II = 1> <Delay = 1.00> <Adapter> <Opcode : 'read' 'write' 'readreq' 'writereq' 'writeresp'>
ST_86 : Operation 569 [60/68] (7.30ns)   --->   "%gmem2_1_addr_resp = writeresp i1 @_ssdm_op_WriteResp.m_axi.i128P1A, i64 %gmem2_1_addr" [kernel.cpp:24]   --->   Operation 569 'writeresp' 'gmem2_1_addr_resp' <Predicate = true> <Delay = 7.30> <CoreInst = "m_axi">   --->   Core 111 'm_axi' <Latency = 3> <II = 1> <Delay = 1.00> <Adapter> <Opcode : 'read' 'write' 'readreq' 'writereq' 'writeresp'>

State 87 <SV = 86> <Delay = 7.30>
ST_87 : Operation 570 [59/68] (7.30ns)   --->   "%gmem2_0_addr_resp = writeresp i1 @_ssdm_op_WriteResp.m_axi.i128P1A, i64 %gmem2_0_addr" [kernel.cpp:24]   --->   Operation 570 'writeresp' 'gmem2_0_addr_resp' <Predicate = true> <Delay = 7.30> <CoreInst = "m_axi">   --->   Core 111 'm_axi' <Latency = 3> <II = 1> <Delay = 1.00> <Adapter> <Opcode : 'read' 'write' 'readreq' 'writereq' 'writeresp'>
ST_87 : Operation 571 [59/68] (7.30ns)   --->   "%gmem2_1_addr_resp = writeresp i1 @_ssdm_op_WriteResp.m_axi.i128P1A, i64 %gmem2_1_addr" [kernel.cpp:24]   --->   Operation 571 'writeresp' 'gmem2_1_addr_resp' <Predicate = true> <Delay = 7.30> <CoreInst = "m_axi">   --->   Core 111 'm_axi' <Latency = 3> <II = 1> <Delay = 1.00> <Adapter> <Opcode : 'read' 'write' 'readreq' 'writereq' 'writeresp'>

State 88 <SV = 87> <Delay = 7.30>
ST_88 : Operation 572 [58/68] (7.30ns)   --->   "%gmem2_0_addr_resp = writeresp i1 @_ssdm_op_WriteResp.m_axi.i128P1A, i64 %gmem2_0_addr" [kernel.cpp:24]   --->   Operation 572 'writeresp' 'gmem2_0_addr_resp' <Predicate = true> <Delay = 7.30> <CoreInst = "m_axi">   --->   Core 111 'm_axi' <Latency = 3> <II = 1> <Delay = 1.00> <Adapter> <Opcode : 'read' 'write' 'readreq' 'writereq' 'writeresp'>
ST_88 : Operation 573 [58/68] (7.30ns)   --->   "%gmem2_1_addr_resp = writeresp i1 @_ssdm_op_WriteResp.m_axi.i128P1A, i64 %gmem2_1_addr" [kernel.cpp:24]   --->   Operation 573 'writeresp' 'gmem2_1_addr_resp' <Predicate = true> <Delay = 7.30> <CoreInst = "m_axi">   --->   Core 111 'm_axi' <Latency = 3> <II = 1> <Delay = 1.00> <Adapter> <Opcode : 'read' 'write' 'readreq' 'writereq' 'writeresp'>

State 89 <SV = 88> <Delay = 7.30>
ST_89 : Operation 574 [57/68] (7.30ns)   --->   "%gmem2_0_addr_resp = writeresp i1 @_ssdm_op_WriteResp.m_axi.i128P1A, i64 %gmem2_0_addr" [kernel.cpp:24]   --->   Operation 574 'writeresp' 'gmem2_0_addr_resp' <Predicate = true> <Delay = 7.30> <CoreInst = "m_axi">   --->   Core 111 'm_axi' <Latency = 3> <II = 1> <Delay = 1.00> <Adapter> <Opcode : 'read' 'write' 'readreq' 'writereq' 'writeresp'>
ST_89 : Operation 575 [57/68] (7.30ns)   --->   "%gmem2_1_addr_resp = writeresp i1 @_ssdm_op_WriteResp.m_axi.i128P1A, i64 %gmem2_1_addr" [kernel.cpp:24]   --->   Operation 575 'writeresp' 'gmem2_1_addr_resp' <Predicate = true> <Delay = 7.30> <CoreInst = "m_axi">   --->   Core 111 'm_axi' <Latency = 3> <II = 1> <Delay = 1.00> <Adapter> <Opcode : 'read' 'write' 'readreq' 'writereq' 'writeresp'>

State 90 <SV = 89> <Delay = 7.30>
ST_90 : Operation 576 [56/68] (7.30ns)   --->   "%gmem2_0_addr_resp = writeresp i1 @_ssdm_op_WriteResp.m_axi.i128P1A, i64 %gmem2_0_addr" [kernel.cpp:24]   --->   Operation 576 'writeresp' 'gmem2_0_addr_resp' <Predicate = true> <Delay = 7.30> <CoreInst = "m_axi">   --->   Core 111 'm_axi' <Latency = 3> <II = 1> <Delay = 1.00> <Adapter> <Opcode : 'read' 'write' 'readreq' 'writereq' 'writeresp'>
ST_90 : Operation 577 [56/68] (7.30ns)   --->   "%gmem2_1_addr_resp = writeresp i1 @_ssdm_op_WriteResp.m_axi.i128P1A, i64 %gmem2_1_addr" [kernel.cpp:24]   --->   Operation 577 'writeresp' 'gmem2_1_addr_resp' <Predicate = true> <Delay = 7.30> <CoreInst = "m_axi">   --->   Core 111 'm_axi' <Latency = 3> <II = 1> <Delay = 1.00> <Adapter> <Opcode : 'read' 'write' 'readreq' 'writereq' 'writeresp'>

State 91 <SV = 90> <Delay = 7.30>
ST_91 : Operation 578 [55/68] (7.30ns)   --->   "%gmem2_0_addr_resp = writeresp i1 @_ssdm_op_WriteResp.m_axi.i128P1A, i64 %gmem2_0_addr" [kernel.cpp:24]   --->   Operation 578 'writeresp' 'gmem2_0_addr_resp' <Predicate = true> <Delay = 7.30> <CoreInst = "m_axi">   --->   Core 111 'm_axi' <Latency = 3> <II = 1> <Delay = 1.00> <Adapter> <Opcode : 'read' 'write' 'readreq' 'writereq' 'writeresp'>
ST_91 : Operation 579 [55/68] (7.30ns)   --->   "%gmem2_1_addr_resp = writeresp i1 @_ssdm_op_WriteResp.m_axi.i128P1A, i64 %gmem2_1_addr" [kernel.cpp:24]   --->   Operation 579 'writeresp' 'gmem2_1_addr_resp' <Predicate = true> <Delay = 7.30> <CoreInst = "m_axi">   --->   Core 111 'm_axi' <Latency = 3> <II = 1> <Delay = 1.00> <Adapter> <Opcode : 'read' 'write' 'readreq' 'writereq' 'writeresp'>

State 92 <SV = 91> <Delay = 7.30>
ST_92 : Operation 580 [54/68] (7.30ns)   --->   "%gmem2_0_addr_resp = writeresp i1 @_ssdm_op_WriteResp.m_axi.i128P1A, i64 %gmem2_0_addr" [kernel.cpp:24]   --->   Operation 580 'writeresp' 'gmem2_0_addr_resp' <Predicate = true> <Delay = 7.30> <CoreInst = "m_axi">   --->   Core 111 'm_axi' <Latency = 3> <II = 1> <Delay = 1.00> <Adapter> <Opcode : 'read' 'write' 'readreq' 'writereq' 'writeresp'>
ST_92 : Operation 581 [54/68] (7.30ns)   --->   "%gmem2_1_addr_resp = writeresp i1 @_ssdm_op_WriteResp.m_axi.i128P1A, i64 %gmem2_1_addr" [kernel.cpp:24]   --->   Operation 581 'writeresp' 'gmem2_1_addr_resp' <Predicate = true> <Delay = 7.30> <CoreInst = "m_axi">   --->   Core 111 'm_axi' <Latency = 3> <II = 1> <Delay = 1.00> <Adapter> <Opcode : 'read' 'write' 'readreq' 'writereq' 'writeresp'>

State 93 <SV = 92> <Delay = 7.30>
ST_93 : Operation 582 [53/68] (7.30ns)   --->   "%gmem2_0_addr_resp = writeresp i1 @_ssdm_op_WriteResp.m_axi.i128P1A, i64 %gmem2_0_addr" [kernel.cpp:24]   --->   Operation 582 'writeresp' 'gmem2_0_addr_resp' <Predicate = true> <Delay = 7.30> <CoreInst = "m_axi">   --->   Core 111 'm_axi' <Latency = 3> <II = 1> <Delay = 1.00> <Adapter> <Opcode : 'read' 'write' 'readreq' 'writereq' 'writeresp'>
ST_93 : Operation 583 [53/68] (7.30ns)   --->   "%gmem2_1_addr_resp = writeresp i1 @_ssdm_op_WriteResp.m_axi.i128P1A, i64 %gmem2_1_addr" [kernel.cpp:24]   --->   Operation 583 'writeresp' 'gmem2_1_addr_resp' <Predicate = true> <Delay = 7.30> <CoreInst = "m_axi">   --->   Core 111 'm_axi' <Latency = 3> <II = 1> <Delay = 1.00> <Adapter> <Opcode : 'read' 'write' 'readreq' 'writereq' 'writeresp'>

State 94 <SV = 93> <Delay = 7.30>
ST_94 : Operation 584 [52/68] (7.30ns)   --->   "%gmem2_0_addr_resp = writeresp i1 @_ssdm_op_WriteResp.m_axi.i128P1A, i64 %gmem2_0_addr" [kernel.cpp:24]   --->   Operation 584 'writeresp' 'gmem2_0_addr_resp' <Predicate = true> <Delay = 7.30> <CoreInst = "m_axi">   --->   Core 111 'm_axi' <Latency = 3> <II = 1> <Delay = 1.00> <Adapter> <Opcode : 'read' 'write' 'readreq' 'writereq' 'writeresp'>
ST_94 : Operation 585 [52/68] (7.30ns)   --->   "%gmem2_1_addr_resp = writeresp i1 @_ssdm_op_WriteResp.m_axi.i128P1A, i64 %gmem2_1_addr" [kernel.cpp:24]   --->   Operation 585 'writeresp' 'gmem2_1_addr_resp' <Predicate = true> <Delay = 7.30> <CoreInst = "m_axi">   --->   Core 111 'm_axi' <Latency = 3> <II = 1> <Delay = 1.00> <Adapter> <Opcode : 'read' 'write' 'readreq' 'writereq' 'writeresp'>

State 95 <SV = 94> <Delay = 7.30>
ST_95 : Operation 586 [51/68] (7.30ns)   --->   "%gmem2_0_addr_resp = writeresp i1 @_ssdm_op_WriteResp.m_axi.i128P1A, i64 %gmem2_0_addr" [kernel.cpp:24]   --->   Operation 586 'writeresp' 'gmem2_0_addr_resp' <Predicate = true> <Delay = 7.30> <CoreInst = "m_axi">   --->   Core 111 'm_axi' <Latency = 3> <II = 1> <Delay = 1.00> <Adapter> <Opcode : 'read' 'write' 'readreq' 'writereq' 'writeresp'>
ST_95 : Operation 587 [51/68] (7.30ns)   --->   "%gmem2_1_addr_resp = writeresp i1 @_ssdm_op_WriteResp.m_axi.i128P1A, i64 %gmem2_1_addr" [kernel.cpp:24]   --->   Operation 587 'writeresp' 'gmem2_1_addr_resp' <Predicate = true> <Delay = 7.30> <CoreInst = "m_axi">   --->   Core 111 'm_axi' <Latency = 3> <II = 1> <Delay = 1.00> <Adapter> <Opcode : 'read' 'write' 'readreq' 'writereq' 'writeresp'>

State 96 <SV = 95> <Delay = 7.30>
ST_96 : Operation 588 [50/68] (7.30ns)   --->   "%gmem2_0_addr_resp = writeresp i1 @_ssdm_op_WriteResp.m_axi.i128P1A, i64 %gmem2_0_addr" [kernel.cpp:24]   --->   Operation 588 'writeresp' 'gmem2_0_addr_resp' <Predicate = true> <Delay = 7.30> <CoreInst = "m_axi">   --->   Core 111 'm_axi' <Latency = 3> <II = 1> <Delay = 1.00> <Adapter> <Opcode : 'read' 'write' 'readreq' 'writereq' 'writeresp'>
ST_96 : Operation 589 [50/68] (7.30ns)   --->   "%gmem2_1_addr_resp = writeresp i1 @_ssdm_op_WriteResp.m_axi.i128P1A, i64 %gmem2_1_addr" [kernel.cpp:24]   --->   Operation 589 'writeresp' 'gmem2_1_addr_resp' <Predicate = true> <Delay = 7.30> <CoreInst = "m_axi">   --->   Core 111 'm_axi' <Latency = 3> <II = 1> <Delay = 1.00> <Adapter> <Opcode : 'read' 'write' 'readreq' 'writereq' 'writeresp'>

State 97 <SV = 96> <Delay = 7.30>
ST_97 : Operation 590 [49/68] (7.30ns)   --->   "%gmem2_0_addr_resp = writeresp i1 @_ssdm_op_WriteResp.m_axi.i128P1A, i64 %gmem2_0_addr" [kernel.cpp:24]   --->   Operation 590 'writeresp' 'gmem2_0_addr_resp' <Predicate = true> <Delay = 7.30> <CoreInst = "m_axi">   --->   Core 111 'm_axi' <Latency = 3> <II = 1> <Delay = 1.00> <Adapter> <Opcode : 'read' 'write' 'readreq' 'writereq' 'writeresp'>
ST_97 : Operation 591 [49/68] (7.30ns)   --->   "%gmem2_1_addr_resp = writeresp i1 @_ssdm_op_WriteResp.m_axi.i128P1A, i64 %gmem2_1_addr" [kernel.cpp:24]   --->   Operation 591 'writeresp' 'gmem2_1_addr_resp' <Predicate = true> <Delay = 7.30> <CoreInst = "m_axi">   --->   Core 111 'm_axi' <Latency = 3> <II = 1> <Delay = 1.00> <Adapter> <Opcode : 'read' 'write' 'readreq' 'writereq' 'writeresp'>

State 98 <SV = 97> <Delay = 7.30>
ST_98 : Operation 592 [48/68] (7.30ns)   --->   "%gmem2_0_addr_resp = writeresp i1 @_ssdm_op_WriteResp.m_axi.i128P1A, i64 %gmem2_0_addr" [kernel.cpp:24]   --->   Operation 592 'writeresp' 'gmem2_0_addr_resp' <Predicate = true> <Delay = 7.30> <CoreInst = "m_axi">   --->   Core 111 'm_axi' <Latency = 3> <II = 1> <Delay = 1.00> <Adapter> <Opcode : 'read' 'write' 'readreq' 'writereq' 'writeresp'>
ST_98 : Operation 593 [48/68] (7.30ns)   --->   "%gmem2_1_addr_resp = writeresp i1 @_ssdm_op_WriteResp.m_axi.i128P1A, i64 %gmem2_1_addr" [kernel.cpp:24]   --->   Operation 593 'writeresp' 'gmem2_1_addr_resp' <Predicate = true> <Delay = 7.30> <CoreInst = "m_axi">   --->   Core 111 'm_axi' <Latency = 3> <II = 1> <Delay = 1.00> <Adapter> <Opcode : 'read' 'write' 'readreq' 'writereq' 'writeresp'>

State 99 <SV = 98> <Delay = 7.30>
ST_99 : Operation 594 [47/68] (7.30ns)   --->   "%gmem2_0_addr_resp = writeresp i1 @_ssdm_op_WriteResp.m_axi.i128P1A, i64 %gmem2_0_addr" [kernel.cpp:24]   --->   Operation 594 'writeresp' 'gmem2_0_addr_resp' <Predicate = true> <Delay = 7.30> <CoreInst = "m_axi">   --->   Core 111 'm_axi' <Latency = 3> <II = 1> <Delay = 1.00> <Adapter> <Opcode : 'read' 'write' 'readreq' 'writereq' 'writeresp'>
ST_99 : Operation 595 [47/68] (7.30ns)   --->   "%gmem2_1_addr_resp = writeresp i1 @_ssdm_op_WriteResp.m_axi.i128P1A, i64 %gmem2_1_addr" [kernel.cpp:24]   --->   Operation 595 'writeresp' 'gmem2_1_addr_resp' <Predicate = true> <Delay = 7.30> <CoreInst = "m_axi">   --->   Core 111 'm_axi' <Latency = 3> <II = 1> <Delay = 1.00> <Adapter> <Opcode : 'read' 'write' 'readreq' 'writereq' 'writeresp'>

State 100 <SV = 99> <Delay = 7.30>
ST_100 : Operation 596 [46/68] (7.30ns)   --->   "%gmem2_0_addr_resp = writeresp i1 @_ssdm_op_WriteResp.m_axi.i128P1A, i64 %gmem2_0_addr" [kernel.cpp:24]   --->   Operation 596 'writeresp' 'gmem2_0_addr_resp' <Predicate = true> <Delay = 7.30> <CoreInst = "m_axi">   --->   Core 111 'm_axi' <Latency = 3> <II = 1> <Delay = 1.00> <Adapter> <Opcode : 'read' 'write' 'readreq' 'writereq' 'writeresp'>
ST_100 : Operation 597 [46/68] (7.30ns)   --->   "%gmem2_1_addr_resp = writeresp i1 @_ssdm_op_WriteResp.m_axi.i128P1A, i64 %gmem2_1_addr" [kernel.cpp:24]   --->   Operation 597 'writeresp' 'gmem2_1_addr_resp' <Predicate = true> <Delay = 7.30> <CoreInst = "m_axi">   --->   Core 111 'm_axi' <Latency = 3> <II = 1> <Delay = 1.00> <Adapter> <Opcode : 'read' 'write' 'readreq' 'writereq' 'writeresp'>

State 101 <SV = 100> <Delay = 7.30>
ST_101 : Operation 598 [45/68] (7.30ns)   --->   "%gmem2_0_addr_resp = writeresp i1 @_ssdm_op_WriteResp.m_axi.i128P1A, i64 %gmem2_0_addr" [kernel.cpp:24]   --->   Operation 598 'writeresp' 'gmem2_0_addr_resp' <Predicate = true> <Delay = 7.30> <CoreInst = "m_axi">   --->   Core 111 'm_axi' <Latency = 3> <II = 1> <Delay = 1.00> <Adapter> <Opcode : 'read' 'write' 'readreq' 'writereq' 'writeresp'>
ST_101 : Operation 599 [45/68] (7.30ns)   --->   "%gmem2_1_addr_resp = writeresp i1 @_ssdm_op_WriteResp.m_axi.i128P1A, i64 %gmem2_1_addr" [kernel.cpp:24]   --->   Operation 599 'writeresp' 'gmem2_1_addr_resp' <Predicate = true> <Delay = 7.30> <CoreInst = "m_axi">   --->   Core 111 'm_axi' <Latency = 3> <II = 1> <Delay = 1.00> <Adapter> <Opcode : 'read' 'write' 'readreq' 'writereq' 'writeresp'>

State 102 <SV = 101> <Delay = 7.30>
ST_102 : Operation 600 [44/68] (7.30ns)   --->   "%gmem2_0_addr_resp = writeresp i1 @_ssdm_op_WriteResp.m_axi.i128P1A, i64 %gmem2_0_addr" [kernel.cpp:24]   --->   Operation 600 'writeresp' 'gmem2_0_addr_resp' <Predicate = true> <Delay = 7.30> <CoreInst = "m_axi">   --->   Core 111 'm_axi' <Latency = 3> <II = 1> <Delay = 1.00> <Adapter> <Opcode : 'read' 'write' 'readreq' 'writereq' 'writeresp'>
ST_102 : Operation 601 [44/68] (7.30ns)   --->   "%gmem2_1_addr_resp = writeresp i1 @_ssdm_op_WriteResp.m_axi.i128P1A, i64 %gmem2_1_addr" [kernel.cpp:24]   --->   Operation 601 'writeresp' 'gmem2_1_addr_resp' <Predicate = true> <Delay = 7.30> <CoreInst = "m_axi">   --->   Core 111 'm_axi' <Latency = 3> <II = 1> <Delay = 1.00> <Adapter> <Opcode : 'read' 'write' 'readreq' 'writereq' 'writeresp'>

State 103 <SV = 102> <Delay = 7.30>
ST_103 : Operation 602 [43/68] (7.30ns)   --->   "%gmem2_0_addr_resp = writeresp i1 @_ssdm_op_WriteResp.m_axi.i128P1A, i64 %gmem2_0_addr" [kernel.cpp:24]   --->   Operation 602 'writeresp' 'gmem2_0_addr_resp' <Predicate = true> <Delay = 7.30> <CoreInst = "m_axi">   --->   Core 111 'm_axi' <Latency = 3> <II = 1> <Delay = 1.00> <Adapter> <Opcode : 'read' 'write' 'readreq' 'writereq' 'writeresp'>
ST_103 : Operation 603 [43/68] (7.30ns)   --->   "%gmem2_1_addr_resp = writeresp i1 @_ssdm_op_WriteResp.m_axi.i128P1A, i64 %gmem2_1_addr" [kernel.cpp:24]   --->   Operation 603 'writeresp' 'gmem2_1_addr_resp' <Predicate = true> <Delay = 7.30> <CoreInst = "m_axi">   --->   Core 111 'm_axi' <Latency = 3> <II = 1> <Delay = 1.00> <Adapter> <Opcode : 'read' 'write' 'readreq' 'writereq' 'writeresp'>

State 104 <SV = 103> <Delay = 7.30>
ST_104 : Operation 604 [42/68] (7.30ns)   --->   "%gmem2_0_addr_resp = writeresp i1 @_ssdm_op_WriteResp.m_axi.i128P1A, i64 %gmem2_0_addr" [kernel.cpp:24]   --->   Operation 604 'writeresp' 'gmem2_0_addr_resp' <Predicate = true> <Delay = 7.30> <CoreInst = "m_axi">   --->   Core 111 'm_axi' <Latency = 3> <II = 1> <Delay = 1.00> <Adapter> <Opcode : 'read' 'write' 'readreq' 'writereq' 'writeresp'>
ST_104 : Operation 605 [42/68] (7.30ns)   --->   "%gmem2_1_addr_resp = writeresp i1 @_ssdm_op_WriteResp.m_axi.i128P1A, i64 %gmem2_1_addr" [kernel.cpp:24]   --->   Operation 605 'writeresp' 'gmem2_1_addr_resp' <Predicate = true> <Delay = 7.30> <CoreInst = "m_axi">   --->   Core 111 'm_axi' <Latency = 3> <II = 1> <Delay = 1.00> <Adapter> <Opcode : 'read' 'write' 'readreq' 'writereq' 'writeresp'>

State 105 <SV = 104> <Delay = 7.30>
ST_105 : Operation 606 [41/68] (7.30ns)   --->   "%gmem2_0_addr_resp = writeresp i1 @_ssdm_op_WriteResp.m_axi.i128P1A, i64 %gmem2_0_addr" [kernel.cpp:24]   --->   Operation 606 'writeresp' 'gmem2_0_addr_resp' <Predicate = true> <Delay = 7.30> <CoreInst = "m_axi">   --->   Core 111 'm_axi' <Latency = 3> <II = 1> <Delay = 1.00> <Adapter> <Opcode : 'read' 'write' 'readreq' 'writereq' 'writeresp'>
ST_105 : Operation 607 [41/68] (7.30ns)   --->   "%gmem2_1_addr_resp = writeresp i1 @_ssdm_op_WriteResp.m_axi.i128P1A, i64 %gmem2_1_addr" [kernel.cpp:24]   --->   Operation 607 'writeresp' 'gmem2_1_addr_resp' <Predicate = true> <Delay = 7.30> <CoreInst = "m_axi">   --->   Core 111 'm_axi' <Latency = 3> <II = 1> <Delay = 1.00> <Adapter> <Opcode : 'read' 'write' 'readreq' 'writereq' 'writeresp'>

State 106 <SV = 105> <Delay = 7.30>
ST_106 : Operation 608 [40/68] (7.30ns)   --->   "%gmem2_0_addr_resp = writeresp i1 @_ssdm_op_WriteResp.m_axi.i128P1A, i64 %gmem2_0_addr" [kernel.cpp:24]   --->   Operation 608 'writeresp' 'gmem2_0_addr_resp' <Predicate = true> <Delay = 7.30> <CoreInst = "m_axi">   --->   Core 111 'm_axi' <Latency = 3> <II = 1> <Delay = 1.00> <Adapter> <Opcode : 'read' 'write' 'readreq' 'writereq' 'writeresp'>
ST_106 : Operation 609 [40/68] (7.30ns)   --->   "%gmem2_1_addr_resp = writeresp i1 @_ssdm_op_WriteResp.m_axi.i128P1A, i64 %gmem2_1_addr" [kernel.cpp:24]   --->   Operation 609 'writeresp' 'gmem2_1_addr_resp' <Predicate = true> <Delay = 7.30> <CoreInst = "m_axi">   --->   Core 111 'm_axi' <Latency = 3> <II = 1> <Delay = 1.00> <Adapter> <Opcode : 'read' 'write' 'readreq' 'writereq' 'writeresp'>

State 107 <SV = 106> <Delay = 7.30>
ST_107 : Operation 610 [39/68] (7.30ns)   --->   "%gmem2_0_addr_resp = writeresp i1 @_ssdm_op_WriteResp.m_axi.i128P1A, i64 %gmem2_0_addr" [kernel.cpp:24]   --->   Operation 610 'writeresp' 'gmem2_0_addr_resp' <Predicate = true> <Delay = 7.30> <CoreInst = "m_axi">   --->   Core 111 'm_axi' <Latency = 3> <II = 1> <Delay = 1.00> <Adapter> <Opcode : 'read' 'write' 'readreq' 'writereq' 'writeresp'>
ST_107 : Operation 611 [39/68] (7.30ns)   --->   "%gmem2_1_addr_resp = writeresp i1 @_ssdm_op_WriteResp.m_axi.i128P1A, i64 %gmem2_1_addr" [kernel.cpp:24]   --->   Operation 611 'writeresp' 'gmem2_1_addr_resp' <Predicate = true> <Delay = 7.30> <CoreInst = "m_axi">   --->   Core 111 'm_axi' <Latency = 3> <II = 1> <Delay = 1.00> <Adapter> <Opcode : 'read' 'write' 'readreq' 'writereq' 'writeresp'>

State 108 <SV = 107> <Delay = 7.30>
ST_108 : Operation 612 [38/68] (7.30ns)   --->   "%gmem2_0_addr_resp = writeresp i1 @_ssdm_op_WriteResp.m_axi.i128P1A, i64 %gmem2_0_addr" [kernel.cpp:24]   --->   Operation 612 'writeresp' 'gmem2_0_addr_resp' <Predicate = true> <Delay = 7.30> <CoreInst = "m_axi">   --->   Core 111 'm_axi' <Latency = 3> <II = 1> <Delay = 1.00> <Adapter> <Opcode : 'read' 'write' 'readreq' 'writereq' 'writeresp'>
ST_108 : Operation 613 [38/68] (7.30ns)   --->   "%gmem2_1_addr_resp = writeresp i1 @_ssdm_op_WriteResp.m_axi.i128P1A, i64 %gmem2_1_addr" [kernel.cpp:24]   --->   Operation 613 'writeresp' 'gmem2_1_addr_resp' <Predicate = true> <Delay = 7.30> <CoreInst = "m_axi">   --->   Core 111 'm_axi' <Latency = 3> <II = 1> <Delay = 1.00> <Adapter> <Opcode : 'read' 'write' 'readreq' 'writereq' 'writeresp'>

State 109 <SV = 108> <Delay = 7.30>
ST_109 : Operation 614 [37/68] (7.30ns)   --->   "%gmem2_0_addr_resp = writeresp i1 @_ssdm_op_WriteResp.m_axi.i128P1A, i64 %gmem2_0_addr" [kernel.cpp:24]   --->   Operation 614 'writeresp' 'gmem2_0_addr_resp' <Predicate = true> <Delay = 7.30> <CoreInst = "m_axi">   --->   Core 111 'm_axi' <Latency = 3> <II = 1> <Delay = 1.00> <Adapter> <Opcode : 'read' 'write' 'readreq' 'writereq' 'writeresp'>
ST_109 : Operation 615 [37/68] (7.30ns)   --->   "%gmem2_1_addr_resp = writeresp i1 @_ssdm_op_WriteResp.m_axi.i128P1A, i64 %gmem2_1_addr" [kernel.cpp:24]   --->   Operation 615 'writeresp' 'gmem2_1_addr_resp' <Predicate = true> <Delay = 7.30> <CoreInst = "m_axi">   --->   Core 111 'm_axi' <Latency = 3> <II = 1> <Delay = 1.00> <Adapter> <Opcode : 'read' 'write' 'readreq' 'writereq' 'writeresp'>

State 110 <SV = 109> <Delay = 7.30>
ST_110 : Operation 616 [36/68] (7.30ns)   --->   "%gmem2_0_addr_resp = writeresp i1 @_ssdm_op_WriteResp.m_axi.i128P1A, i64 %gmem2_0_addr" [kernel.cpp:24]   --->   Operation 616 'writeresp' 'gmem2_0_addr_resp' <Predicate = true> <Delay = 7.30> <CoreInst = "m_axi">   --->   Core 111 'm_axi' <Latency = 3> <II = 1> <Delay = 1.00> <Adapter> <Opcode : 'read' 'write' 'readreq' 'writereq' 'writeresp'>
ST_110 : Operation 617 [36/68] (7.30ns)   --->   "%gmem2_1_addr_resp = writeresp i1 @_ssdm_op_WriteResp.m_axi.i128P1A, i64 %gmem2_1_addr" [kernel.cpp:24]   --->   Operation 617 'writeresp' 'gmem2_1_addr_resp' <Predicate = true> <Delay = 7.30> <CoreInst = "m_axi">   --->   Core 111 'm_axi' <Latency = 3> <II = 1> <Delay = 1.00> <Adapter> <Opcode : 'read' 'write' 'readreq' 'writereq' 'writeresp'>

State 111 <SV = 110> <Delay = 7.30>
ST_111 : Operation 618 [35/68] (7.30ns)   --->   "%gmem2_0_addr_resp = writeresp i1 @_ssdm_op_WriteResp.m_axi.i128P1A, i64 %gmem2_0_addr" [kernel.cpp:24]   --->   Operation 618 'writeresp' 'gmem2_0_addr_resp' <Predicate = true> <Delay = 7.30> <CoreInst = "m_axi">   --->   Core 111 'm_axi' <Latency = 3> <II = 1> <Delay = 1.00> <Adapter> <Opcode : 'read' 'write' 'readreq' 'writereq' 'writeresp'>
ST_111 : Operation 619 [35/68] (7.30ns)   --->   "%gmem2_1_addr_resp = writeresp i1 @_ssdm_op_WriteResp.m_axi.i128P1A, i64 %gmem2_1_addr" [kernel.cpp:24]   --->   Operation 619 'writeresp' 'gmem2_1_addr_resp' <Predicate = true> <Delay = 7.30> <CoreInst = "m_axi">   --->   Core 111 'm_axi' <Latency = 3> <II = 1> <Delay = 1.00> <Adapter> <Opcode : 'read' 'write' 'readreq' 'writereq' 'writeresp'>

State 112 <SV = 111> <Delay = 7.30>
ST_112 : Operation 620 [34/68] (7.30ns)   --->   "%gmem2_0_addr_resp = writeresp i1 @_ssdm_op_WriteResp.m_axi.i128P1A, i64 %gmem2_0_addr" [kernel.cpp:24]   --->   Operation 620 'writeresp' 'gmem2_0_addr_resp' <Predicate = true> <Delay = 7.30> <CoreInst = "m_axi">   --->   Core 111 'm_axi' <Latency = 3> <II = 1> <Delay = 1.00> <Adapter> <Opcode : 'read' 'write' 'readreq' 'writereq' 'writeresp'>
ST_112 : Operation 621 [34/68] (7.30ns)   --->   "%gmem2_1_addr_resp = writeresp i1 @_ssdm_op_WriteResp.m_axi.i128P1A, i64 %gmem2_1_addr" [kernel.cpp:24]   --->   Operation 621 'writeresp' 'gmem2_1_addr_resp' <Predicate = true> <Delay = 7.30> <CoreInst = "m_axi">   --->   Core 111 'm_axi' <Latency = 3> <II = 1> <Delay = 1.00> <Adapter> <Opcode : 'read' 'write' 'readreq' 'writereq' 'writeresp'>

State 113 <SV = 112> <Delay = 7.30>
ST_113 : Operation 622 [33/68] (7.30ns)   --->   "%gmem2_0_addr_resp = writeresp i1 @_ssdm_op_WriteResp.m_axi.i128P1A, i64 %gmem2_0_addr" [kernel.cpp:24]   --->   Operation 622 'writeresp' 'gmem2_0_addr_resp' <Predicate = true> <Delay = 7.30> <CoreInst = "m_axi">   --->   Core 111 'm_axi' <Latency = 3> <II = 1> <Delay = 1.00> <Adapter> <Opcode : 'read' 'write' 'readreq' 'writereq' 'writeresp'>
ST_113 : Operation 623 [33/68] (7.30ns)   --->   "%gmem2_1_addr_resp = writeresp i1 @_ssdm_op_WriteResp.m_axi.i128P1A, i64 %gmem2_1_addr" [kernel.cpp:24]   --->   Operation 623 'writeresp' 'gmem2_1_addr_resp' <Predicate = true> <Delay = 7.30> <CoreInst = "m_axi">   --->   Core 111 'm_axi' <Latency = 3> <II = 1> <Delay = 1.00> <Adapter> <Opcode : 'read' 'write' 'readreq' 'writereq' 'writeresp'>

State 114 <SV = 113> <Delay = 7.30>
ST_114 : Operation 624 [32/68] (7.30ns)   --->   "%gmem2_0_addr_resp = writeresp i1 @_ssdm_op_WriteResp.m_axi.i128P1A, i64 %gmem2_0_addr" [kernel.cpp:24]   --->   Operation 624 'writeresp' 'gmem2_0_addr_resp' <Predicate = true> <Delay = 7.30> <CoreInst = "m_axi">   --->   Core 111 'm_axi' <Latency = 3> <II = 1> <Delay = 1.00> <Adapter> <Opcode : 'read' 'write' 'readreq' 'writereq' 'writeresp'>
ST_114 : Operation 625 [32/68] (7.30ns)   --->   "%gmem2_1_addr_resp = writeresp i1 @_ssdm_op_WriteResp.m_axi.i128P1A, i64 %gmem2_1_addr" [kernel.cpp:24]   --->   Operation 625 'writeresp' 'gmem2_1_addr_resp' <Predicate = true> <Delay = 7.30> <CoreInst = "m_axi">   --->   Core 111 'm_axi' <Latency = 3> <II = 1> <Delay = 1.00> <Adapter> <Opcode : 'read' 'write' 'readreq' 'writereq' 'writeresp'>

State 115 <SV = 114> <Delay = 7.30>
ST_115 : Operation 626 [31/68] (7.30ns)   --->   "%gmem2_0_addr_resp = writeresp i1 @_ssdm_op_WriteResp.m_axi.i128P1A, i64 %gmem2_0_addr" [kernel.cpp:24]   --->   Operation 626 'writeresp' 'gmem2_0_addr_resp' <Predicate = true> <Delay = 7.30> <CoreInst = "m_axi">   --->   Core 111 'm_axi' <Latency = 3> <II = 1> <Delay = 1.00> <Adapter> <Opcode : 'read' 'write' 'readreq' 'writereq' 'writeresp'>
ST_115 : Operation 627 [31/68] (7.30ns)   --->   "%gmem2_1_addr_resp = writeresp i1 @_ssdm_op_WriteResp.m_axi.i128P1A, i64 %gmem2_1_addr" [kernel.cpp:24]   --->   Operation 627 'writeresp' 'gmem2_1_addr_resp' <Predicate = true> <Delay = 7.30> <CoreInst = "m_axi">   --->   Core 111 'm_axi' <Latency = 3> <II = 1> <Delay = 1.00> <Adapter> <Opcode : 'read' 'write' 'readreq' 'writereq' 'writeresp'>

State 116 <SV = 115> <Delay = 7.30>
ST_116 : Operation 628 [30/68] (7.30ns)   --->   "%gmem2_0_addr_resp = writeresp i1 @_ssdm_op_WriteResp.m_axi.i128P1A, i64 %gmem2_0_addr" [kernel.cpp:24]   --->   Operation 628 'writeresp' 'gmem2_0_addr_resp' <Predicate = true> <Delay = 7.30> <CoreInst = "m_axi">   --->   Core 111 'm_axi' <Latency = 3> <II = 1> <Delay = 1.00> <Adapter> <Opcode : 'read' 'write' 'readreq' 'writereq' 'writeresp'>
ST_116 : Operation 629 [30/68] (7.30ns)   --->   "%gmem2_1_addr_resp = writeresp i1 @_ssdm_op_WriteResp.m_axi.i128P1A, i64 %gmem2_1_addr" [kernel.cpp:24]   --->   Operation 629 'writeresp' 'gmem2_1_addr_resp' <Predicate = true> <Delay = 7.30> <CoreInst = "m_axi">   --->   Core 111 'm_axi' <Latency = 3> <II = 1> <Delay = 1.00> <Adapter> <Opcode : 'read' 'write' 'readreq' 'writereq' 'writeresp'>

State 117 <SV = 116> <Delay = 7.30>
ST_117 : Operation 630 [29/68] (7.30ns)   --->   "%gmem2_0_addr_resp = writeresp i1 @_ssdm_op_WriteResp.m_axi.i128P1A, i64 %gmem2_0_addr" [kernel.cpp:24]   --->   Operation 630 'writeresp' 'gmem2_0_addr_resp' <Predicate = true> <Delay = 7.30> <CoreInst = "m_axi">   --->   Core 111 'm_axi' <Latency = 3> <II = 1> <Delay = 1.00> <Adapter> <Opcode : 'read' 'write' 'readreq' 'writereq' 'writeresp'>
ST_117 : Operation 631 [29/68] (7.30ns)   --->   "%gmem2_1_addr_resp = writeresp i1 @_ssdm_op_WriteResp.m_axi.i128P1A, i64 %gmem2_1_addr" [kernel.cpp:24]   --->   Operation 631 'writeresp' 'gmem2_1_addr_resp' <Predicate = true> <Delay = 7.30> <CoreInst = "m_axi">   --->   Core 111 'm_axi' <Latency = 3> <II = 1> <Delay = 1.00> <Adapter> <Opcode : 'read' 'write' 'readreq' 'writereq' 'writeresp'>

State 118 <SV = 117> <Delay = 7.30>
ST_118 : Operation 632 [28/68] (7.30ns)   --->   "%gmem2_0_addr_resp = writeresp i1 @_ssdm_op_WriteResp.m_axi.i128P1A, i64 %gmem2_0_addr" [kernel.cpp:24]   --->   Operation 632 'writeresp' 'gmem2_0_addr_resp' <Predicate = true> <Delay = 7.30> <CoreInst = "m_axi">   --->   Core 111 'm_axi' <Latency = 3> <II = 1> <Delay = 1.00> <Adapter> <Opcode : 'read' 'write' 'readreq' 'writereq' 'writeresp'>
ST_118 : Operation 633 [28/68] (7.30ns)   --->   "%gmem2_1_addr_resp = writeresp i1 @_ssdm_op_WriteResp.m_axi.i128P1A, i64 %gmem2_1_addr" [kernel.cpp:24]   --->   Operation 633 'writeresp' 'gmem2_1_addr_resp' <Predicate = true> <Delay = 7.30> <CoreInst = "m_axi">   --->   Core 111 'm_axi' <Latency = 3> <II = 1> <Delay = 1.00> <Adapter> <Opcode : 'read' 'write' 'readreq' 'writereq' 'writeresp'>

State 119 <SV = 118> <Delay = 7.30>
ST_119 : Operation 634 [27/68] (7.30ns)   --->   "%gmem2_0_addr_resp = writeresp i1 @_ssdm_op_WriteResp.m_axi.i128P1A, i64 %gmem2_0_addr" [kernel.cpp:24]   --->   Operation 634 'writeresp' 'gmem2_0_addr_resp' <Predicate = true> <Delay = 7.30> <CoreInst = "m_axi">   --->   Core 111 'm_axi' <Latency = 3> <II = 1> <Delay = 1.00> <Adapter> <Opcode : 'read' 'write' 'readreq' 'writereq' 'writeresp'>
ST_119 : Operation 635 [27/68] (7.30ns)   --->   "%gmem2_1_addr_resp = writeresp i1 @_ssdm_op_WriteResp.m_axi.i128P1A, i64 %gmem2_1_addr" [kernel.cpp:24]   --->   Operation 635 'writeresp' 'gmem2_1_addr_resp' <Predicate = true> <Delay = 7.30> <CoreInst = "m_axi">   --->   Core 111 'm_axi' <Latency = 3> <II = 1> <Delay = 1.00> <Adapter> <Opcode : 'read' 'write' 'readreq' 'writereq' 'writeresp'>

State 120 <SV = 119> <Delay = 7.30>
ST_120 : Operation 636 [26/68] (7.30ns)   --->   "%gmem2_0_addr_resp = writeresp i1 @_ssdm_op_WriteResp.m_axi.i128P1A, i64 %gmem2_0_addr" [kernel.cpp:24]   --->   Operation 636 'writeresp' 'gmem2_0_addr_resp' <Predicate = true> <Delay = 7.30> <CoreInst = "m_axi">   --->   Core 111 'm_axi' <Latency = 3> <II = 1> <Delay = 1.00> <Adapter> <Opcode : 'read' 'write' 'readreq' 'writereq' 'writeresp'>
ST_120 : Operation 637 [26/68] (7.30ns)   --->   "%gmem2_1_addr_resp = writeresp i1 @_ssdm_op_WriteResp.m_axi.i128P1A, i64 %gmem2_1_addr" [kernel.cpp:24]   --->   Operation 637 'writeresp' 'gmem2_1_addr_resp' <Predicate = true> <Delay = 7.30> <CoreInst = "m_axi">   --->   Core 111 'm_axi' <Latency = 3> <II = 1> <Delay = 1.00> <Adapter> <Opcode : 'read' 'write' 'readreq' 'writereq' 'writeresp'>

State 121 <SV = 120> <Delay = 7.30>
ST_121 : Operation 638 [25/68] (7.30ns)   --->   "%gmem2_0_addr_resp = writeresp i1 @_ssdm_op_WriteResp.m_axi.i128P1A, i64 %gmem2_0_addr" [kernel.cpp:24]   --->   Operation 638 'writeresp' 'gmem2_0_addr_resp' <Predicate = true> <Delay = 7.30> <CoreInst = "m_axi">   --->   Core 111 'm_axi' <Latency = 3> <II = 1> <Delay = 1.00> <Adapter> <Opcode : 'read' 'write' 'readreq' 'writereq' 'writeresp'>
ST_121 : Operation 639 [25/68] (7.30ns)   --->   "%gmem2_1_addr_resp = writeresp i1 @_ssdm_op_WriteResp.m_axi.i128P1A, i64 %gmem2_1_addr" [kernel.cpp:24]   --->   Operation 639 'writeresp' 'gmem2_1_addr_resp' <Predicate = true> <Delay = 7.30> <CoreInst = "m_axi">   --->   Core 111 'm_axi' <Latency = 3> <II = 1> <Delay = 1.00> <Adapter> <Opcode : 'read' 'write' 'readreq' 'writereq' 'writeresp'>

State 122 <SV = 121> <Delay = 7.30>
ST_122 : Operation 640 [24/68] (7.30ns)   --->   "%gmem2_0_addr_resp = writeresp i1 @_ssdm_op_WriteResp.m_axi.i128P1A, i64 %gmem2_0_addr" [kernel.cpp:24]   --->   Operation 640 'writeresp' 'gmem2_0_addr_resp' <Predicate = true> <Delay = 7.30> <CoreInst = "m_axi">   --->   Core 111 'm_axi' <Latency = 3> <II = 1> <Delay = 1.00> <Adapter> <Opcode : 'read' 'write' 'readreq' 'writereq' 'writeresp'>
ST_122 : Operation 641 [24/68] (7.30ns)   --->   "%gmem2_1_addr_resp = writeresp i1 @_ssdm_op_WriteResp.m_axi.i128P1A, i64 %gmem2_1_addr" [kernel.cpp:24]   --->   Operation 641 'writeresp' 'gmem2_1_addr_resp' <Predicate = true> <Delay = 7.30> <CoreInst = "m_axi">   --->   Core 111 'm_axi' <Latency = 3> <II = 1> <Delay = 1.00> <Adapter> <Opcode : 'read' 'write' 'readreq' 'writereq' 'writeresp'>

State 123 <SV = 122> <Delay = 7.30>
ST_123 : Operation 642 [23/68] (7.30ns)   --->   "%gmem2_0_addr_resp = writeresp i1 @_ssdm_op_WriteResp.m_axi.i128P1A, i64 %gmem2_0_addr" [kernel.cpp:24]   --->   Operation 642 'writeresp' 'gmem2_0_addr_resp' <Predicate = true> <Delay = 7.30> <CoreInst = "m_axi">   --->   Core 111 'm_axi' <Latency = 3> <II = 1> <Delay = 1.00> <Adapter> <Opcode : 'read' 'write' 'readreq' 'writereq' 'writeresp'>
ST_123 : Operation 643 [23/68] (7.30ns)   --->   "%gmem2_1_addr_resp = writeresp i1 @_ssdm_op_WriteResp.m_axi.i128P1A, i64 %gmem2_1_addr" [kernel.cpp:24]   --->   Operation 643 'writeresp' 'gmem2_1_addr_resp' <Predicate = true> <Delay = 7.30> <CoreInst = "m_axi">   --->   Core 111 'm_axi' <Latency = 3> <II = 1> <Delay = 1.00> <Adapter> <Opcode : 'read' 'write' 'readreq' 'writereq' 'writeresp'>

State 124 <SV = 123> <Delay = 7.30>
ST_124 : Operation 644 [22/68] (7.30ns)   --->   "%gmem2_0_addr_resp = writeresp i1 @_ssdm_op_WriteResp.m_axi.i128P1A, i64 %gmem2_0_addr" [kernel.cpp:24]   --->   Operation 644 'writeresp' 'gmem2_0_addr_resp' <Predicate = true> <Delay = 7.30> <CoreInst = "m_axi">   --->   Core 111 'm_axi' <Latency = 3> <II = 1> <Delay = 1.00> <Adapter> <Opcode : 'read' 'write' 'readreq' 'writereq' 'writeresp'>
ST_124 : Operation 645 [22/68] (7.30ns)   --->   "%gmem2_1_addr_resp = writeresp i1 @_ssdm_op_WriteResp.m_axi.i128P1A, i64 %gmem2_1_addr" [kernel.cpp:24]   --->   Operation 645 'writeresp' 'gmem2_1_addr_resp' <Predicate = true> <Delay = 7.30> <CoreInst = "m_axi">   --->   Core 111 'm_axi' <Latency = 3> <II = 1> <Delay = 1.00> <Adapter> <Opcode : 'read' 'write' 'readreq' 'writereq' 'writeresp'>

State 125 <SV = 124> <Delay = 7.30>
ST_125 : Operation 646 [21/68] (7.30ns)   --->   "%gmem2_0_addr_resp = writeresp i1 @_ssdm_op_WriteResp.m_axi.i128P1A, i64 %gmem2_0_addr" [kernel.cpp:24]   --->   Operation 646 'writeresp' 'gmem2_0_addr_resp' <Predicate = true> <Delay = 7.30> <CoreInst = "m_axi">   --->   Core 111 'm_axi' <Latency = 3> <II = 1> <Delay = 1.00> <Adapter> <Opcode : 'read' 'write' 'readreq' 'writereq' 'writeresp'>
ST_125 : Operation 647 [21/68] (7.30ns)   --->   "%gmem2_1_addr_resp = writeresp i1 @_ssdm_op_WriteResp.m_axi.i128P1A, i64 %gmem2_1_addr" [kernel.cpp:24]   --->   Operation 647 'writeresp' 'gmem2_1_addr_resp' <Predicate = true> <Delay = 7.30> <CoreInst = "m_axi">   --->   Core 111 'm_axi' <Latency = 3> <II = 1> <Delay = 1.00> <Adapter> <Opcode : 'read' 'write' 'readreq' 'writereq' 'writeresp'>

State 126 <SV = 125> <Delay = 7.30>
ST_126 : Operation 648 [20/68] (7.30ns)   --->   "%gmem2_0_addr_resp = writeresp i1 @_ssdm_op_WriteResp.m_axi.i128P1A, i64 %gmem2_0_addr" [kernel.cpp:24]   --->   Operation 648 'writeresp' 'gmem2_0_addr_resp' <Predicate = true> <Delay = 7.30> <CoreInst = "m_axi">   --->   Core 111 'm_axi' <Latency = 3> <II = 1> <Delay = 1.00> <Adapter> <Opcode : 'read' 'write' 'readreq' 'writereq' 'writeresp'>
ST_126 : Operation 649 [20/68] (7.30ns)   --->   "%gmem2_1_addr_resp = writeresp i1 @_ssdm_op_WriteResp.m_axi.i128P1A, i64 %gmem2_1_addr" [kernel.cpp:24]   --->   Operation 649 'writeresp' 'gmem2_1_addr_resp' <Predicate = true> <Delay = 7.30> <CoreInst = "m_axi">   --->   Core 111 'm_axi' <Latency = 3> <II = 1> <Delay = 1.00> <Adapter> <Opcode : 'read' 'write' 'readreq' 'writereq' 'writeresp'>

State 127 <SV = 126> <Delay = 7.30>
ST_127 : Operation 650 [19/68] (7.30ns)   --->   "%gmem2_0_addr_resp = writeresp i1 @_ssdm_op_WriteResp.m_axi.i128P1A, i64 %gmem2_0_addr" [kernel.cpp:24]   --->   Operation 650 'writeresp' 'gmem2_0_addr_resp' <Predicate = true> <Delay = 7.30> <CoreInst = "m_axi">   --->   Core 111 'm_axi' <Latency = 3> <II = 1> <Delay = 1.00> <Adapter> <Opcode : 'read' 'write' 'readreq' 'writereq' 'writeresp'>
ST_127 : Operation 651 [19/68] (7.30ns)   --->   "%gmem2_1_addr_resp = writeresp i1 @_ssdm_op_WriteResp.m_axi.i128P1A, i64 %gmem2_1_addr" [kernel.cpp:24]   --->   Operation 651 'writeresp' 'gmem2_1_addr_resp' <Predicate = true> <Delay = 7.30> <CoreInst = "m_axi">   --->   Core 111 'm_axi' <Latency = 3> <II = 1> <Delay = 1.00> <Adapter> <Opcode : 'read' 'write' 'readreq' 'writereq' 'writeresp'>

State 128 <SV = 127> <Delay = 7.30>
ST_128 : Operation 652 [18/68] (7.30ns)   --->   "%gmem2_0_addr_resp = writeresp i1 @_ssdm_op_WriteResp.m_axi.i128P1A, i64 %gmem2_0_addr" [kernel.cpp:24]   --->   Operation 652 'writeresp' 'gmem2_0_addr_resp' <Predicate = true> <Delay = 7.30> <CoreInst = "m_axi">   --->   Core 111 'm_axi' <Latency = 3> <II = 1> <Delay = 1.00> <Adapter> <Opcode : 'read' 'write' 'readreq' 'writereq' 'writeresp'>
ST_128 : Operation 653 [18/68] (7.30ns)   --->   "%gmem2_1_addr_resp = writeresp i1 @_ssdm_op_WriteResp.m_axi.i128P1A, i64 %gmem2_1_addr" [kernel.cpp:24]   --->   Operation 653 'writeresp' 'gmem2_1_addr_resp' <Predicate = true> <Delay = 7.30> <CoreInst = "m_axi">   --->   Core 111 'm_axi' <Latency = 3> <II = 1> <Delay = 1.00> <Adapter> <Opcode : 'read' 'write' 'readreq' 'writereq' 'writeresp'>

State 129 <SV = 128> <Delay = 7.30>
ST_129 : Operation 654 [17/68] (7.30ns)   --->   "%gmem2_0_addr_resp = writeresp i1 @_ssdm_op_WriteResp.m_axi.i128P1A, i64 %gmem2_0_addr" [kernel.cpp:24]   --->   Operation 654 'writeresp' 'gmem2_0_addr_resp' <Predicate = true> <Delay = 7.30> <CoreInst = "m_axi">   --->   Core 111 'm_axi' <Latency = 3> <II = 1> <Delay = 1.00> <Adapter> <Opcode : 'read' 'write' 'readreq' 'writereq' 'writeresp'>
ST_129 : Operation 655 [17/68] (7.30ns)   --->   "%gmem2_1_addr_resp = writeresp i1 @_ssdm_op_WriteResp.m_axi.i128P1A, i64 %gmem2_1_addr" [kernel.cpp:24]   --->   Operation 655 'writeresp' 'gmem2_1_addr_resp' <Predicate = true> <Delay = 7.30> <CoreInst = "m_axi">   --->   Core 111 'm_axi' <Latency = 3> <II = 1> <Delay = 1.00> <Adapter> <Opcode : 'read' 'write' 'readreq' 'writereq' 'writeresp'>

State 130 <SV = 129> <Delay = 7.30>
ST_130 : Operation 656 [16/68] (7.30ns)   --->   "%gmem2_0_addr_resp = writeresp i1 @_ssdm_op_WriteResp.m_axi.i128P1A, i64 %gmem2_0_addr" [kernel.cpp:24]   --->   Operation 656 'writeresp' 'gmem2_0_addr_resp' <Predicate = true> <Delay = 7.30> <CoreInst = "m_axi">   --->   Core 111 'm_axi' <Latency = 3> <II = 1> <Delay = 1.00> <Adapter> <Opcode : 'read' 'write' 'readreq' 'writereq' 'writeresp'>
ST_130 : Operation 657 [16/68] (7.30ns)   --->   "%gmem2_1_addr_resp = writeresp i1 @_ssdm_op_WriteResp.m_axi.i128P1A, i64 %gmem2_1_addr" [kernel.cpp:24]   --->   Operation 657 'writeresp' 'gmem2_1_addr_resp' <Predicate = true> <Delay = 7.30> <CoreInst = "m_axi">   --->   Core 111 'm_axi' <Latency = 3> <II = 1> <Delay = 1.00> <Adapter> <Opcode : 'read' 'write' 'readreq' 'writereq' 'writeresp'>

State 131 <SV = 130> <Delay = 7.30>
ST_131 : Operation 658 [15/68] (7.30ns)   --->   "%gmem2_0_addr_resp = writeresp i1 @_ssdm_op_WriteResp.m_axi.i128P1A, i64 %gmem2_0_addr" [kernel.cpp:24]   --->   Operation 658 'writeresp' 'gmem2_0_addr_resp' <Predicate = true> <Delay = 7.30> <CoreInst = "m_axi">   --->   Core 111 'm_axi' <Latency = 3> <II = 1> <Delay = 1.00> <Adapter> <Opcode : 'read' 'write' 'readreq' 'writereq' 'writeresp'>
ST_131 : Operation 659 [15/68] (7.30ns)   --->   "%gmem2_1_addr_resp = writeresp i1 @_ssdm_op_WriteResp.m_axi.i128P1A, i64 %gmem2_1_addr" [kernel.cpp:24]   --->   Operation 659 'writeresp' 'gmem2_1_addr_resp' <Predicate = true> <Delay = 7.30> <CoreInst = "m_axi">   --->   Core 111 'm_axi' <Latency = 3> <II = 1> <Delay = 1.00> <Adapter> <Opcode : 'read' 'write' 'readreq' 'writereq' 'writeresp'>

State 132 <SV = 131> <Delay = 7.30>
ST_132 : Operation 660 [14/68] (7.30ns)   --->   "%gmem2_0_addr_resp = writeresp i1 @_ssdm_op_WriteResp.m_axi.i128P1A, i64 %gmem2_0_addr" [kernel.cpp:24]   --->   Operation 660 'writeresp' 'gmem2_0_addr_resp' <Predicate = true> <Delay = 7.30> <CoreInst = "m_axi">   --->   Core 111 'm_axi' <Latency = 3> <II = 1> <Delay = 1.00> <Adapter> <Opcode : 'read' 'write' 'readreq' 'writereq' 'writeresp'>
ST_132 : Operation 661 [14/68] (7.30ns)   --->   "%gmem2_1_addr_resp = writeresp i1 @_ssdm_op_WriteResp.m_axi.i128P1A, i64 %gmem2_1_addr" [kernel.cpp:24]   --->   Operation 661 'writeresp' 'gmem2_1_addr_resp' <Predicate = true> <Delay = 7.30> <CoreInst = "m_axi">   --->   Core 111 'm_axi' <Latency = 3> <II = 1> <Delay = 1.00> <Adapter> <Opcode : 'read' 'write' 'readreq' 'writereq' 'writeresp'>

State 133 <SV = 132> <Delay = 7.30>
ST_133 : Operation 662 [13/68] (7.30ns)   --->   "%gmem2_0_addr_resp = writeresp i1 @_ssdm_op_WriteResp.m_axi.i128P1A, i64 %gmem2_0_addr" [kernel.cpp:24]   --->   Operation 662 'writeresp' 'gmem2_0_addr_resp' <Predicate = true> <Delay = 7.30> <CoreInst = "m_axi">   --->   Core 111 'm_axi' <Latency = 3> <II = 1> <Delay = 1.00> <Adapter> <Opcode : 'read' 'write' 'readreq' 'writereq' 'writeresp'>
ST_133 : Operation 663 [13/68] (7.30ns)   --->   "%gmem2_1_addr_resp = writeresp i1 @_ssdm_op_WriteResp.m_axi.i128P1A, i64 %gmem2_1_addr" [kernel.cpp:24]   --->   Operation 663 'writeresp' 'gmem2_1_addr_resp' <Predicate = true> <Delay = 7.30> <CoreInst = "m_axi">   --->   Core 111 'm_axi' <Latency = 3> <II = 1> <Delay = 1.00> <Adapter> <Opcode : 'read' 'write' 'readreq' 'writereq' 'writeresp'>

State 134 <SV = 133> <Delay = 7.30>
ST_134 : Operation 664 [12/68] (7.30ns)   --->   "%gmem2_0_addr_resp = writeresp i1 @_ssdm_op_WriteResp.m_axi.i128P1A, i64 %gmem2_0_addr" [kernel.cpp:24]   --->   Operation 664 'writeresp' 'gmem2_0_addr_resp' <Predicate = true> <Delay = 7.30> <CoreInst = "m_axi">   --->   Core 111 'm_axi' <Latency = 3> <II = 1> <Delay = 1.00> <Adapter> <Opcode : 'read' 'write' 'readreq' 'writereq' 'writeresp'>
ST_134 : Operation 665 [12/68] (7.30ns)   --->   "%gmem2_1_addr_resp = writeresp i1 @_ssdm_op_WriteResp.m_axi.i128P1A, i64 %gmem2_1_addr" [kernel.cpp:24]   --->   Operation 665 'writeresp' 'gmem2_1_addr_resp' <Predicate = true> <Delay = 7.30> <CoreInst = "m_axi">   --->   Core 111 'm_axi' <Latency = 3> <II = 1> <Delay = 1.00> <Adapter> <Opcode : 'read' 'write' 'readreq' 'writereq' 'writeresp'>

State 135 <SV = 134> <Delay = 7.30>
ST_135 : Operation 666 [11/68] (7.30ns)   --->   "%gmem2_0_addr_resp = writeresp i1 @_ssdm_op_WriteResp.m_axi.i128P1A, i64 %gmem2_0_addr" [kernel.cpp:24]   --->   Operation 666 'writeresp' 'gmem2_0_addr_resp' <Predicate = true> <Delay = 7.30> <CoreInst = "m_axi">   --->   Core 111 'm_axi' <Latency = 3> <II = 1> <Delay = 1.00> <Adapter> <Opcode : 'read' 'write' 'readreq' 'writereq' 'writeresp'>
ST_135 : Operation 667 [11/68] (7.30ns)   --->   "%gmem2_1_addr_resp = writeresp i1 @_ssdm_op_WriteResp.m_axi.i128P1A, i64 %gmem2_1_addr" [kernel.cpp:24]   --->   Operation 667 'writeresp' 'gmem2_1_addr_resp' <Predicate = true> <Delay = 7.30> <CoreInst = "m_axi">   --->   Core 111 'm_axi' <Latency = 3> <II = 1> <Delay = 1.00> <Adapter> <Opcode : 'read' 'write' 'readreq' 'writereq' 'writeresp'>

State 136 <SV = 135> <Delay = 7.30>
ST_136 : Operation 668 [10/68] (7.30ns)   --->   "%gmem2_0_addr_resp = writeresp i1 @_ssdm_op_WriteResp.m_axi.i128P1A, i64 %gmem2_0_addr" [kernel.cpp:24]   --->   Operation 668 'writeresp' 'gmem2_0_addr_resp' <Predicate = true> <Delay = 7.30> <CoreInst = "m_axi">   --->   Core 111 'm_axi' <Latency = 3> <II = 1> <Delay = 1.00> <Adapter> <Opcode : 'read' 'write' 'readreq' 'writereq' 'writeresp'>
ST_136 : Operation 669 [10/68] (7.30ns)   --->   "%gmem2_1_addr_resp = writeresp i1 @_ssdm_op_WriteResp.m_axi.i128P1A, i64 %gmem2_1_addr" [kernel.cpp:24]   --->   Operation 669 'writeresp' 'gmem2_1_addr_resp' <Predicate = true> <Delay = 7.30> <CoreInst = "m_axi">   --->   Core 111 'm_axi' <Latency = 3> <II = 1> <Delay = 1.00> <Adapter> <Opcode : 'read' 'write' 'readreq' 'writereq' 'writeresp'>

State 137 <SV = 136> <Delay = 7.30>
ST_137 : Operation 670 [9/68] (7.30ns)   --->   "%gmem2_0_addr_resp = writeresp i1 @_ssdm_op_WriteResp.m_axi.i128P1A, i64 %gmem2_0_addr" [kernel.cpp:24]   --->   Operation 670 'writeresp' 'gmem2_0_addr_resp' <Predicate = true> <Delay = 7.30> <CoreInst = "m_axi">   --->   Core 111 'm_axi' <Latency = 3> <II = 1> <Delay = 1.00> <Adapter> <Opcode : 'read' 'write' 'readreq' 'writereq' 'writeresp'>
ST_137 : Operation 671 [9/68] (7.30ns)   --->   "%gmem2_1_addr_resp = writeresp i1 @_ssdm_op_WriteResp.m_axi.i128P1A, i64 %gmem2_1_addr" [kernel.cpp:24]   --->   Operation 671 'writeresp' 'gmem2_1_addr_resp' <Predicate = true> <Delay = 7.30> <CoreInst = "m_axi">   --->   Core 111 'm_axi' <Latency = 3> <II = 1> <Delay = 1.00> <Adapter> <Opcode : 'read' 'write' 'readreq' 'writereq' 'writeresp'>

State 138 <SV = 137> <Delay = 7.30>
ST_138 : Operation 672 [8/68] (7.30ns)   --->   "%gmem2_0_addr_resp = writeresp i1 @_ssdm_op_WriteResp.m_axi.i128P1A, i64 %gmem2_0_addr" [kernel.cpp:24]   --->   Operation 672 'writeresp' 'gmem2_0_addr_resp' <Predicate = true> <Delay = 7.30> <CoreInst = "m_axi">   --->   Core 111 'm_axi' <Latency = 3> <II = 1> <Delay = 1.00> <Adapter> <Opcode : 'read' 'write' 'readreq' 'writereq' 'writeresp'>
ST_138 : Operation 673 [8/68] (7.30ns)   --->   "%gmem2_1_addr_resp = writeresp i1 @_ssdm_op_WriteResp.m_axi.i128P1A, i64 %gmem2_1_addr" [kernel.cpp:24]   --->   Operation 673 'writeresp' 'gmem2_1_addr_resp' <Predicate = true> <Delay = 7.30> <CoreInst = "m_axi">   --->   Core 111 'm_axi' <Latency = 3> <II = 1> <Delay = 1.00> <Adapter> <Opcode : 'read' 'write' 'readreq' 'writereq' 'writeresp'>

State 139 <SV = 138> <Delay = 7.30>
ST_139 : Operation 674 [7/68] (7.30ns)   --->   "%gmem2_0_addr_resp = writeresp i1 @_ssdm_op_WriteResp.m_axi.i128P1A, i64 %gmem2_0_addr" [kernel.cpp:24]   --->   Operation 674 'writeresp' 'gmem2_0_addr_resp' <Predicate = true> <Delay = 7.30> <CoreInst = "m_axi">   --->   Core 111 'm_axi' <Latency = 3> <II = 1> <Delay = 1.00> <Adapter> <Opcode : 'read' 'write' 'readreq' 'writereq' 'writeresp'>
ST_139 : Operation 675 [7/68] (7.30ns)   --->   "%gmem2_1_addr_resp = writeresp i1 @_ssdm_op_WriteResp.m_axi.i128P1A, i64 %gmem2_1_addr" [kernel.cpp:24]   --->   Operation 675 'writeresp' 'gmem2_1_addr_resp' <Predicate = true> <Delay = 7.30> <CoreInst = "m_axi">   --->   Core 111 'm_axi' <Latency = 3> <II = 1> <Delay = 1.00> <Adapter> <Opcode : 'read' 'write' 'readreq' 'writereq' 'writeresp'>

State 140 <SV = 139> <Delay = 7.30>
ST_140 : Operation 676 [6/68] (7.30ns)   --->   "%gmem2_0_addr_resp = writeresp i1 @_ssdm_op_WriteResp.m_axi.i128P1A, i64 %gmem2_0_addr" [kernel.cpp:24]   --->   Operation 676 'writeresp' 'gmem2_0_addr_resp' <Predicate = true> <Delay = 7.30> <CoreInst = "m_axi">   --->   Core 111 'm_axi' <Latency = 3> <II = 1> <Delay = 1.00> <Adapter> <Opcode : 'read' 'write' 'readreq' 'writereq' 'writeresp'>
ST_140 : Operation 677 [6/68] (7.30ns)   --->   "%gmem2_1_addr_resp = writeresp i1 @_ssdm_op_WriteResp.m_axi.i128P1A, i64 %gmem2_1_addr" [kernel.cpp:24]   --->   Operation 677 'writeresp' 'gmem2_1_addr_resp' <Predicate = true> <Delay = 7.30> <CoreInst = "m_axi">   --->   Core 111 'm_axi' <Latency = 3> <II = 1> <Delay = 1.00> <Adapter> <Opcode : 'read' 'write' 'readreq' 'writereq' 'writeresp'>

State 141 <SV = 140> <Delay = 7.30>
ST_141 : Operation 678 [5/68] (7.30ns)   --->   "%gmem2_0_addr_resp = writeresp i1 @_ssdm_op_WriteResp.m_axi.i128P1A, i64 %gmem2_0_addr" [kernel.cpp:24]   --->   Operation 678 'writeresp' 'gmem2_0_addr_resp' <Predicate = true> <Delay = 7.30> <CoreInst = "m_axi">   --->   Core 111 'm_axi' <Latency = 3> <II = 1> <Delay = 1.00> <Adapter> <Opcode : 'read' 'write' 'readreq' 'writereq' 'writeresp'>
ST_141 : Operation 679 [5/68] (7.30ns)   --->   "%gmem2_1_addr_resp = writeresp i1 @_ssdm_op_WriteResp.m_axi.i128P1A, i64 %gmem2_1_addr" [kernel.cpp:24]   --->   Operation 679 'writeresp' 'gmem2_1_addr_resp' <Predicate = true> <Delay = 7.30> <CoreInst = "m_axi">   --->   Core 111 'm_axi' <Latency = 3> <II = 1> <Delay = 1.00> <Adapter> <Opcode : 'read' 'write' 'readreq' 'writereq' 'writeresp'>

State 142 <SV = 141> <Delay = 7.30>
ST_142 : Operation 680 [4/68] (7.30ns)   --->   "%gmem2_0_addr_resp = writeresp i1 @_ssdm_op_WriteResp.m_axi.i128P1A, i64 %gmem2_0_addr" [kernel.cpp:24]   --->   Operation 680 'writeresp' 'gmem2_0_addr_resp' <Predicate = true> <Delay = 7.30> <CoreInst = "m_axi">   --->   Core 111 'm_axi' <Latency = 3> <II = 1> <Delay = 1.00> <Adapter> <Opcode : 'read' 'write' 'readreq' 'writereq' 'writeresp'>
ST_142 : Operation 681 [4/68] (7.30ns)   --->   "%gmem2_1_addr_resp = writeresp i1 @_ssdm_op_WriteResp.m_axi.i128P1A, i64 %gmem2_1_addr" [kernel.cpp:24]   --->   Operation 681 'writeresp' 'gmem2_1_addr_resp' <Predicate = true> <Delay = 7.30> <CoreInst = "m_axi">   --->   Core 111 'm_axi' <Latency = 3> <II = 1> <Delay = 1.00> <Adapter> <Opcode : 'read' 'write' 'readreq' 'writereq' 'writeresp'>

State 143 <SV = 142> <Delay = 7.30>
ST_143 : Operation 682 [3/68] (7.30ns)   --->   "%gmem2_0_addr_resp = writeresp i1 @_ssdm_op_WriteResp.m_axi.i128P1A, i64 %gmem2_0_addr" [kernel.cpp:24]   --->   Operation 682 'writeresp' 'gmem2_0_addr_resp' <Predicate = true> <Delay = 7.30> <CoreInst = "m_axi">   --->   Core 111 'm_axi' <Latency = 3> <II = 1> <Delay = 1.00> <Adapter> <Opcode : 'read' 'write' 'readreq' 'writereq' 'writeresp'>
ST_143 : Operation 683 [3/68] (7.30ns)   --->   "%gmem2_1_addr_resp = writeresp i1 @_ssdm_op_WriteResp.m_axi.i128P1A, i64 %gmem2_1_addr" [kernel.cpp:24]   --->   Operation 683 'writeresp' 'gmem2_1_addr_resp' <Predicate = true> <Delay = 7.30> <CoreInst = "m_axi">   --->   Core 111 'm_axi' <Latency = 3> <II = 1> <Delay = 1.00> <Adapter> <Opcode : 'read' 'write' 'readreq' 'writereq' 'writeresp'>

State 144 <SV = 143> <Delay = 7.30>
ST_144 : Operation 684 [2/68] (7.30ns)   --->   "%gmem2_0_addr_resp = writeresp i1 @_ssdm_op_WriteResp.m_axi.i128P1A, i64 %gmem2_0_addr" [kernel.cpp:24]   --->   Operation 684 'writeresp' 'gmem2_0_addr_resp' <Predicate = true> <Delay = 7.30> <CoreInst = "m_axi">   --->   Core 111 'm_axi' <Latency = 3> <II = 1> <Delay = 1.00> <Adapter> <Opcode : 'read' 'write' 'readreq' 'writereq' 'writeresp'>
ST_144 : Operation 685 [2/68] (7.30ns)   --->   "%gmem2_1_addr_resp = writeresp i1 @_ssdm_op_WriteResp.m_axi.i128P1A, i64 %gmem2_1_addr" [kernel.cpp:24]   --->   Operation 685 'writeresp' 'gmem2_1_addr_resp' <Predicate = true> <Delay = 7.30> <CoreInst = "m_axi">   --->   Core 111 'm_axi' <Latency = 3> <II = 1> <Delay = 1.00> <Adapter> <Opcode : 'read' 'write' 'readreq' 'writereq' 'writeresp'>

State 145 <SV = 144> <Delay = 7.30>
ST_145 : Operation 686 [1/68] (7.30ns)   --->   "%gmem2_0_addr_resp = writeresp i1 @_ssdm_op_WriteResp.m_axi.i128P1A, i64 %gmem2_0_addr" [kernel.cpp:24]   --->   Operation 686 'writeresp' 'gmem2_0_addr_resp' <Predicate = true> <Delay = 7.30> <CoreInst = "m_axi">   --->   Core 111 'm_axi' <Latency = 3> <II = 1> <Delay = 1.00> <Adapter> <Opcode : 'read' 'write' 'readreq' 'writereq' 'writeresp'>
ST_145 : Operation 687 [1/68] (7.30ns)   --->   "%gmem2_1_addr_resp = writeresp i1 @_ssdm_op_WriteResp.m_axi.i128P1A, i64 %gmem2_1_addr" [kernel.cpp:24]   --->   Operation 687 'writeresp' 'gmem2_1_addr_resp' <Predicate = true> <Delay = 7.30> <CoreInst = "m_axi">   --->   Core 111 'm_axi' <Latency = 3> <II = 1> <Delay = 1.00> <Adapter> <Opcode : 'read' 'write' 'readreq' 'writereq' 'writeresp'>
ST_145 : Operation 688 [1/1] (0.00ns)   --->   "%ret_ln24 = ret" [kernel.cpp:24]   --->   Operation 688 'ret' 'ret_ln24' <Predicate = true> <Delay = 0.00>


============================================================
+ Verbose Summary: Binding
============================================================
STG Binding: 
---------------- STG Properties BEGIN ----------------
- Is combinational: 0
- Is one-state seq: 0
- Is datapath-only: 0
- Is pipelined: 0
- Is top level: 1
Port [ Return ] is wired: 1; IO mode=ap_ctrl_chain:ce=0
Port [ gmem0_0]:  wired=1; compound=1; hidden=0; nouse=0; global=0; static=0; extern=0; dir=0; type=4; pingpong=0; private_global=0; IO mode=m_axi:ce=0
Port [ gmem0_1]:  wired=1; compound=1; hidden=0; nouse=0; global=0; static=0; extern=0; dir=0; type=4; pingpong=0; private_global=0; IO mode=m_axi:ce=0
Port [ gmem1_0]:  wired=1; compound=1; hidden=0; nouse=0; global=0; static=0; extern=0; dir=0; type=4; pingpong=0; private_global=0; IO mode=m_axi:ce=0
Port [ gmem1_1]:  wired=1; compound=1; hidden=0; nouse=0; global=0; static=0; extern=0; dir=0; type=4; pingpong=0; private_global=0; IO mode=m_axi:ce=0
Port [ gmem2_0]:  wired=1; compound=1; hidden=0; nouse=0; global=0; static=0; extern=0; dir=1; type=4; pingpong=0; private_global=0; IO mode=m_axi:ce=0
Port [ gmem2_1]:  wired=1; compound=1; hidden=0; nouse=0; global=0; static=0; extern=0; dir=1; type=4; pingpong=0; private_global=0; IO mode=m_axi:ce=0
Port [ a_0]:  wired=1; compound=0; hidden=0; nouse=0; global=0; static=0; extern=0; dir=0; type=0; pingpong=0; private_global=0; IO mode=ap_none:ce=0
Port [ a_1]:  wired=1; compound=0; hidden=0; nouse=0; global=0; static=0; extern=0; dir=0; type=0; pingpong=0; private_global=0; IO mode=ap_none:ce=0
Port [ b_0]:  wired=1; compound=0; hidden=0; nouse=0; global=0; static=0; extern=0; dir=0; type=0; pingpong=0; private_global=0; IO mode=ap_none:ce=0
Port [ b_1]:  wired=1; compound=0; hidden=0; nouse=0; global=0; static=0; extern=0; dir=0; type=0; pingpong=0; private_global=0; IO mode=ap_none:ce=0
Port [ c_0]:  wired=1; compound=0; hidden=0; nouse=0; global=0; static=0; extern=0; dir=0; type=0; pingpong=0; private_global=0; IO mode=ap_none:ce=0
Port [ c_1]:  wired=1; compound=0; hidden=0; nouse=0; global=0; static=0; extern=0; dir=0; type=0; pingpong=0; private_global=0; IO mode=ap_none:ce=0
---------------- STG Properties END ------------------

---------------- Datapath Model BEGIN ----------------

<LifeTime>
<method=bitvector/>
i1                     (alloca           ) [ 01111111111111111111111111111111111111111111111111111111111111111111111111110000000000000000000000000000000000000000000000000000000000000000000000]
shiftreg2              (alloca           ) [ 00111111111111111111111111111111111111111111111111111111111111111111111111110000000000000000000000000000000000000000000000000000000000000000000000]
shiftreg83             (alloca           ) [ 00111111111111111111111111111111111111111111111111111111111111111111111111110000000000000000000000000000000000000000000000000000000000000000000000]
shiftreg104            (alloca           ) [ 00111111111111111111111111111111111111111111111111111111111111111111111111110000000000000000000000000000000000000000000000000000000000000000000000]
shiftreg125            (alloca           ) [ 00111111111111111111111111111111111111111111111111111111111111111111111111110000000000000000000000000000000000000000000000000000000000000000000000]
shiftreg146            (alloca           ) [ 01111111111111111111111111111111111111111111111111111111111111111111111111110000000000000000000000000000000000000000000000000000000000000000000000]
shiftreg168            (alloca           ) [ 01111111111111111111111111111111111111111111111111111111111111111111111111110000000000000000000000000000000000000000000000000000000000000000000000]
c_1_read               (read             ) [ 00000000000000000000000000000000000000000000000000000000000000000000000000000000000000000000000000000000000000000000000000000000000000000000000000]
c_0_read               (read             ) [ 00000000000000000000000000000000000000000000000000000000000000000000000000000000000000000000000000000000000000000000000000000000000000000000000000]
b_1_read               (read             ) [ 00000000000000000000000000000000000000000000000000000000000000000000000000000000000000000000000000000000000000000000000000000000000000000000000000]
b_0_read               (read             ) [ 00000000000000000000000000000000000000000000000000000000000000000000000000000000000000000000000000000000000000000000000000000000000000000000000000]
a_1_read               (read             ) [ 00000000000000000000000000000000000000000000000000000000000000000000000000000000000000000000000000000000000000000000000000000000000000000000000000]
a_0_read               (read             ) [ 00000000000000000000000000000000000000000000000000000000000000000000000000000000000000000000000000000000000000000000000000000000000000000000000000]
trunc_ln               (partselect       ) [ 00100000000000000000000000000000000000000000000000000000000000000000000000000000000000000000000000000000000000000000000000000000000000000000000000]
trunc_ln19_1           (partselect       ) [ 00100000000000000000000000000000000000000000000000000000000000000000000000000000000000000000000000000000000000000000000000000000000000000000000000]
trunc_ln19_2           (partselect       ) [ 00100000000000000000000000000000000000000000000000000000000000000000000000000000000000000000000000000000000000000000000000000000000000000000000000]
trunc_ln19_3           (partselect       ) [ 00100000000000000000000000000000000000000000000000000000000000000000000000000000000000000000000000000000000000000000000000000000000000000000000000]
p_cast                 (partselect       ) [ 00111111111111111111111111111111111111111111111111111111111111111111111111100000000000000000000000000000000000000000000000000000000000000000000000]
p_cast1                (partselect       ) [ 00111111111111111111111111111111111111111111111111111111111111111111111111100000000000000000000000000000000000000000000000000000000000000000000000]
store_ln0              (store            ) [ 00000000000000000000000000000000000000000000000000000000000000000000000000000000000000000000000000000000000000000000000000000000000000000000000000]
store_ln0              (store            ) [ 00000000000000000000000000000000000000000000000000000000000000000000000000000000000000000000000000000000000000000000000000000000000000000000000000]
store_ln0              (store            ) [ 00000000000000000000000000000000000000000000000000000000000000000000000000000000000000000000000000000000000000000000000000000000000000000000000000]
sext_ln19              (sext             ) [ 00000000000000000000000000000000000000000000000000000000000000000000000000000000000000000000000000000000000000000000000000000000000000000000000000]
gmem0_0_addr           (getelementptr    ) [ 00011111111111111111111111111111111111111111111111111111111111111111111111000000000000000000000000000000000000000000000000000000000000000000000000]
sext_ln19_1            (sext             ) [ 00000000000000000000000000000000000000000000000000000000000000000000000000000000000000000000000000000000000000000000000000000000000000000000000000]
gmem1_0_addr           (getelementptr    ) [ 00011111111111111111111111111111111111111111111111111111111111111111111111000000000000000000000000000000000000000000000000000000000000000000000000]
sext_ln19_2            (sext             ) [ 00000000000000000000000000000000000000000000000000000000000000000000000000000000000000000000000000000000000000000000000000000000000000000000000000]
gmem0_1_addr           (getelementptr    ) [ 00011111111111111111111111111111111111111111111111111111111111111111111111000000000000000000000000000000000000000000000000000000000000000000000000]
sext_ln19_3            (sext             ) [ 00000000000000000000000000000000000000000000000000000000000000000000000000000000000000000000000000000000000000000000000000000000000000000000000000]
gmem1_1_addr           (getelementptr    ) [ 00011111111111111111111111111111111111111111111111111111111111111111111111000000000000000000000000000000000000000000000000000000000000000000000000]
gmem0_0_load_req       (readreq          ) [ 00000000000000000000000000000000000000000000000000000000000000000000000000000000000000000000000000000000000000000000000000000000000000000000000000]
gmem1_0_load_req       (readreq          ) [ 00000000000000000000000000000000000000000000000000000000000000000000000000000000000000000000000000000000000000000000000000000000000000000000000000]
gmem0_1_load_req       (readreq          ) [ 00000000000000000000000000000000000000000000000000000000000000000000000000000000000000000000000000000000000000000000000000000000000000000000000000]
gmem1_1_load_req       (readreq          ) [ 00000000000000000000000000000000000000000000000000000000000000000000000000000000000000000000000000000000000000000000000000000000000000000000000000]
gmem0_0_addr_read      (read             ) [ 00000000000000000000000000000000000000000000000000000000000000000000000000100000000000000000000000000000000000000000000000000000000000000000000000]
gmem1_0_addr_read      (read             ) [ 00000000000000000000000000000000000000000000000000000000000000000000000000100000000000000000000000000000000000000000000000000000000000000000000000]
gmem0_1_addr_read      (read             ) [ 00000000000000000000000000000000000000000000000000000000000000000000000000100000000000000000000000000000000000000000000000000000000000000000000000]
gmem1_1_addr_read      (read             ) [ 00000000000000000000000000000000000000000000000000000000000000000000000000100000000000000000000000000000000000000000000000000000000000000000000000]
spectopmodule_ln5      (spectopmodule    ) [ 00000000000000000000000000000000000000000000000000000000000000000000000000000000000000000000000000000000000000000000000000000000000000000000000000]
specinterface_ln5      (specinterface    ) [ 00000000000000000000000000000000000000000000000000000000000000000000000000000000000000000000000000000000000000000000000000000000000000000000000000]
specinterface_ln0      (specinterface    ) [ 00000000000000000000000000000000000000000000000000000000000000000000000000000000000000000000000000000000000000000000000000000000000000000000000000]
specbitsmap_ln0        (specbitsmap      ) [ 00000000000000000000000000000000000000000000000000000000000000000000000000000000000000000000000000000000000000000000000000000000000000000000000000]
specinterface_ln0      (specinterface    ) [ 00000000000000000000000000000000000000000000000000000000000000000000000000000000000000000000000000000000000000000000000000000000000000000000000000]
specbitsmap_ln0        (specbitsmap      ) [ 00000000000000000000000000000000000000000000000000000000000000000000000000000000000000000000000000000000000000000000000000000000000000000000000000]
specinterface_ln0      (specinterface    ) [ 00000000000000000000000000000000000000000000000000000000000000000000000000000000000000000000000000000000000000000000000000000000000000000000000000]
specbitsmap_ln0        (specbitsmap      ) [ 00000000000000000000000000000000000000000000000000000000000000000000000000000000000000000000000000000000000000000000000000000000000000000000000000]
specinterface_ln0      (specinterface    ) [ 00000000000000000000000000000000000000000000000000000000000000000000000000000000000000000000000000000000000000000000000000000000000000000000000000]
specbitsmap_ln0        (specbitsmap      ) [ 00000000000000000000000000000000000000000000000000000000000000000000000000000000000000000000000000000000000000000000000000000000000000000000000000]
specinterface_ln0      (specinterface    ) [ 00000000000000000000000000000000000000000000000000000000000000000000000000000000000000000000000000000000000000000000000000000000000000000000000000]
specbitsmap_ln0        (specbitsmap      ) [ 00000000000000000000000000000000000000000000000000000000000000000000000000000000000000000000000000000000000000000000000000000000000000000000000000]
specinterface_ln0      (specinterface    ) [ 00000000000000000000000000000000000000000000000000000000000000000000000000000000000000000000000000000000000000000000000000000000000000000000000000]
specbitsmap_ln0        (specbitsmap      ) [ 00000000000000000000000000000000000000000000000000000000000000000000000000000000000000000000000000000000000000000000000000000000000000000000000000]
specinterface_ln0      (specinterface    ) [ 00000000000000000000000000000000000000000000000000000000000000000000000000000000000000000000000000000000000000000000000000000000000000000000000000]
specinterface_ln0      (specinterface    ) [ 00000000000000000000000000000000000000000000000000000000000000000000000000000000000000000000000000000000000000000000000000000000000000000000000000]
specinterface_ln0      (specinterface    ) [ 00000000000000000000000000000000000000000000000000000000000000000000000000000000000000000000000000000000000000000000000000000000000000000000000000]
specinterface_ln0      (specinterface    ) [ 00000000000000000000000000000000000000000000000000000000000000000000000000000000000000000000000000000000000000000000000000000000000000000000000000]
specinterface_ln0      (specinterface    ) [ 00000000000000000000000000000000000000000000000000000000000000000000000000000000000000000000000000000000000000000000000000000000000000000000000000]
specinterface_ln0      (specinterface    ) [ 00000000000000000000000000000000000000000000000000000000000000000000000000000000000000000000000000000000000000000000000000000000000000000000000000]
specinterface_ln0      (specinterface    ) [ 00000000000000000000000000000000000000000000000000000000000000000000000000000000000000000000000000000000000000000000000000000000000000000000000000]
specinterface_ln0      (specinterface    ) [ 00000000000000000000000000000000000000000000000000000000000000000000000000000000000000000000000000000000000000000000000000000000000000000000000000]
specinterface_ln0      (specinterface    ) [ 00000000000000000000000000000000000000000000000000000000000000000000000000000000000000000000000000000000000000000000000000000000000000000000000000]
specinterface_ln0      (specinterface    ) [ 00000000000000000000000000000000000000000000000000000000000000000000000000000000000000000000000000000000000000000000000000000000000000000000000000]
specinterface_ln0      (specinterface    ) [ 00000000000000000000000000000000000000000000000000000000000000000000000000000000000000000000000000000000000000000000000000000000000000000000000000]
specinterface_ln0      (specinterface    ) [ 00000000000000000000000000000000000000000000000000000000000000000000000000000000000000000000000000000000000000000000000000000000000000000000000000]
specinterface_ln0      (specinterface    ) [ 00000000000000000000000000000000000000000000000000000000000000000000000000000000000000000000000000000000000000000000000000000000000000000000000000]
p_cast_cast            (sext             ) [ 00000000000000000000000000000000000000000000000000000000000000000000000000000000000000000000000000000000000000000000000000000000000000000000000000]
gmem2_1_addr           (getelementptr    ) [ 00000000000000000000000000000000000000000000000000000000000000000000000000011111111111111111111111111111111111111111111111111111111111111111111111]
p_cast1_cast           (sext             ) [ 00000000000000000000000000000000000000000000000000000000000000000000000000000000000000000000000000000000000000000000000000000000000000000000000000]
gmem2_0_addr           (getelementptr    ) [ 00000000000000000000000000000000000000000000000000000000000000000000000000011111111111111111111111111111111111111111111111111111111111111111111111]
store_ln19             (store            ) [ 00000000000000000000000000000000000000000000000000000000000000000000000000000000000000000000000000000000000000000000000000000000000000000000000000]
store_ln19             (store            ) [ 00000000000000000000000000000000000000000000000000000000000000000000000000000000000000000000000000000000000000000000000000000000000000000000000000]
store_ln19             (store            ) [ 00000000000000000000000000000000000000000000000000000000000000000000000000000000000000000000000000000000000000000000000000000000000000000000000000]
store_ln19             (store            ) [ 00000000000000000000000000000000000000000000000000000000000000000000000000000000000000000000000000000000000000000000000000000000000000000000000000]
br_ln19                (br               ) [ 00000000000000000000000000000000000000000000000000000000000000000000000000000000000000000000000000000000000000000000000000000000000000000000000000]
i1_load                (load             ) [ 00000000000000000000000000000000000000000000000000000000000000000000000000000000000000000000000000000000000000000000000000000000000000000000000000]
shiftreg2_load         (load             ) [ 00000000000000000000000000000000000000000000000000000000000000000000000000000000000000000000000000000000000000000000000000000000000000000000000000]
shiftreg83_load        (load             ) [ 00000000000000000000000000000000000000000000000000000000000000000000000000000000000000000000000000000000000000000000000000000000000000000000000000]
shiftreg104_load       (load             ) [ 00000000000000000000000000000000000000000000000000000000000000000000000000000000000000000000000000000000000000000000000000000000000000000000000000]
shiftreg125_load       (load             ) [ 00000000000000000000000000000000000000000000000000000000000000000000000000000000000000000000000000000000000000000000000000000000000000000000000000]
shiftreg146_load       (load             ) [ 00000000000000000000000000000000000000000000000000000000000000000000000000000000000000000000000000000000000000000000000000000000000000000000000000]
shiftreg168_load       (load             ) [ 00000000000000000000000000000000000000000000000000000000000000000000000000000000000000000000000000000000000000000000000000000000000000000000000000]
specpipeline_ln20      (specpipeline     ) [ 00000000000000000000000000000000000000000000000000000000000000000000000000000000000000000000000000000000000000000000000000000000000000000000000000]
speclooptripcount_ln19 (speclooptripcount) [ 00000000000000000000000000000000000000000000000000000000000000000000000000000000000000000000000000000000000000000000000000000000000000000000000000]
specloopname_ln19      (specloopname     ) [ 00000000000000000000000000000000000000000000000000000000000000000000000000000000000000000000000000000000000000000000000000000000000000000000000000]
trunc_ln22             (trunc            ) [ 00000000000000000000000000000000000000000000000000000000000000000000000000000000000000000000000000000000000000000000000000000000000000000000000000]
lshr_ln                (partselect       ) [ 00000000000000000000000000000000000000000000000000000000000000000000000000000000000000000000000000000000000000000000000000000000000000000000000000]
zext_ln22              (zext             ) [ 00000000000000000000000000000000000000000000000000000000000000000000000000000000000000000000000000000000000000000000000000000000000000000000000000]
sext_ln22              (sext             ) [ 00000000000000000000000000000000000000000000000000000000000000000000000000000000000000000000000000000000000000000000000000000000000000000000000000]
trunc_ln22_1           (trunc            ) [ 00000000000000000000000000000000000000000000000000000000000000000000000000000000000000000000000000000000000000000000000000000000000000000000000000]
lshr_ln22_1            (partselect       ) [ 00000000000000000000000000000000000000000000000000000000000000000000000000000000000000000000000000000000000000000000000000000000000000000000000000]
zext_ln22_1            (zext             ) [ 00000000000000000000000000000000000000000000000000000000000000000000000000000000000000000000000000000000000000000000000000000000000000000000000000]
sext_ln22_1            (sext             ) [ 00000000000000000000000000000000000000000000000000000000000000000000000000000000000000000000000000000000000000000000000000000000000000000000000000]
add_ln22               (add              ) [ 00000000000000000000000000000000000000000000000000000000000000000000000000000000000000000000000000000000000000000000000000000000000000000000000000]
trunc_ln22_2           (trunc            ) [ 00000000000000000000000000000000000000000000000000000000000000000000000000000000000000000000000000000000000000000000000000000000000000000000000000]
lshr_ln22_2            (partselect       ) [ 00000000000000000000000000000000000000000000000000000000000000000000000000000000000000000000000000000000000000000000000000000000000000000000000000]
zext_ln22_2            (zext             ) [ 00000000000000000000000000000000000000000000000000000000000000000000000000000000000000000000000000000000000000000000000000000000000000000000000000]
sext_ln22_2            (sext             ) [ 00000000000000000000000000000000000000000000000000000000000000000000000000000000000000000000000000000000000000000000000000000000000000000000000000]
trunc_ln22_3           (trunc            ) [ 00000000000000000000000000000000000000000000000000000000000000000000000000000000000000000000000000000000000000000000000000000000000000000000000000]
lshr_ln22_3            (partselect       ) [ 00000000000000000000000000000000000000000000000000000000000000000000000000000000000000000000000000000000000000000000000000000000000000000000000000]
zext_ln22_3            (zext             ) [ 00000000000000000000000000000000000000000000000000000000000000000000000000000000000000000000000000000000000000000000000000000000000000000000000000]
sext_ln22_3            (sext             ) [ 00000000000000000000000000000000000000000000000000000000000000000000000000000000000000000000000000000000000000000000000000000000000000000000000000]
add_ln22_1             (add              ) [ 00000000000000000000000000000000000000000000000000000000000000000000000000000000000000000000000000000000000000000000000000000000000000000000000000]
tmp_2                  (partselect       ) [ 00000000000000000000000000000000000000000000000000000000000000000000000000000000000000000000000000000000000000000000000000000000000000000000000000]
sext_ln22_4            (sext             ) [ 00000000000000000000000000000000000000000000000000000000000000000000000000000000000000000000000000000000000000000000000000000000000000000000000000]
tmp                    (bitconcatenate   ) [ 00000000000000000000000000000000000000000000000000000000000000000000000000001100000000000000000000000000000000000000000000000000000000000000000000]
tmp_3                  (partselect       ) [ 00000000000000000000000000000000000000000000000000000000000000000000000000000000000000000000000000000000000000000000000000000000000000000000000000]
sext_ln22_5            (sext             ) [ 00000000000000000000000000000000000000000000000000000000000000000000000000000000000000000000000000000000000000000000000000000000000000000000000000]
tmp_1                  (bitconcatenate   ) [ 00000000000000000000000000000000000000000000000000000000000000000000000000001100000000000000000000000000000000000000000000000000000000000000000000]
i                      (add              ) [ 00000000000000000000000000000000000000000000000000000000000000000000000000000000000000000000000000000000000000000000000000000000000000000000000000]
tmp_4                  (bitselect        ) [ 00000000000000000000000000000000000000000000000000000000000000000000000000010000000000000000000000000000000000000000000000000000000000000000000000]
store_ln22             (store            ) [ 00000000000000000000000000000000000000000000000000000000000000000000000000000000000000000000000000000000000000000000000000000000000000000000000000]
store_ln22             (store            ) [ 00000000000000000000000000000000000000000000000000000000000000000000000000000000000000000000000000000000000000000000000000000000000000000000000000]
store_ln22             (store            ) [ 00000000000000000000000000000000000000000000000000000000000000000000000000000000000000000000000000000000000000000000000000000000000000000000000000]
store_ln22             (store            ) [ 00000000000000000000000000000000000000000000000000000000000000000000000000000000000000000000000000000000000000000000000000000000000000000000000000]
store_ln22             (store            ) [ 00000000000000000000000000000000000000000000000000000000000000000000000000000000000000000000000000000000000000000000000000000000000000000000000000]
store_ln22             (store            ) [ 00000000000000000000000000000000000000000000000000000000000000000000000000000000000000000000000000000000000000000000000000000000000000000000000000]
store_ln19             (store            ) [ 00000000000000000000000000000000000000000000000000000000000000000000000000000000000000000000000000000000000000000000000000000000000000000000000000]
br_ln19                (br               ) [ 00000000000000000000000000000000000000000000000000000000000000000000000000000000000000000000000000000000000000000000000000000000000000000000000000]
gmem2_0_addr_req       (writereq         ) [ 00000000000000000000000000000000000000000000000000000000000000000000000000000000000000000000000000000000000000000000000000000000000000000000000000]
gmem2_1_addr_req       (writereq         ) [ 00000000000000000000000000000000000000000000000000000000000000000000000000000000000000000000000000000000000000000000000000000000000000000000000000]
sext_ln19_4            (sext             ) [ 00000000000000000000000000000000000000000000000000000000000000000000000000000000000000000000000000000000000000000000000000000000000000000000000000]
zext_ln19              (zext             ) [ 00000000000000000000000000000000000000000000000000000000000000000000000000000000000000000000000000000000000000000000000000000000000000000000000000]
sext_ln19_5            (sext             ) [ 00000000000000000000000000000000000000000000000000000000000000000000000000000000000000000000000000000000000000000000000000000000000000000000000000]
zext_ln19_1            (zext             ) [ 00000000000000000000000000000000000000000000000000000000000000000000000000000000000000000000000000000000000000000000000000000000000000000000000000]
write_ln24             (write            ) [ 00000000000000000000000000000000000000000000000000000000000000000000000000000000000000000000000000000000000000000000000000000000000000000000000000]
write_ln24             (write            ) [ 00000000000000000000000000000000000000000000000000000000000000000000000000000000000000000000000000000000000000000000000000000000000000000000000000]
gmem2_0_addr_resp      (writeresp        ) [ 00000000000000000000000000000000000000000000000000000000000000000000000000000000000000000000000000000000000000000000000000000000000000000000000000]
gmem2_1_addr_resp      (writeresp        ) [ 00000000000000000000000000000000000000000000000000000000000000000000000000000000000000000000000000000000000000000000000000000000000000000000000000]
ret_ln24               (ret              ) [ 00000000000000000000000000000000000000000000000000000000000000000000000000000000000000000000000000000000000000000000000000000000000000000000000000]
</LifeTime>

<model>

<comp_list>
<comp id="0" class="1000" name="gmem0_0">
<pin_list>
<pin id="1" dir="1" index="0" bw="1" slack="0"/>
</pin_list>
<bind>
<StgValue><ssdm name="gmem0_0"/><MemPortTyVec>0 </MemPortTyVec>
</StgValue>
</bind>
</comp>

<comp id="2" class="1000" name="gmem0_1">
<pin_list>
<pin id="3" dir="1" index="0" bw="1" slack="0"/>
</pin_list>
<bind>
<StgValue><ssdm name="gmem0_1"/><MemPortTyVec>0 </MemPortTyVec>
</StgValue>
</bind>
</comp>

<comp id="4" class="1000" name="gmem1_0">
<pin_list>
<pin id="5" dir="1" index="0" bw="1" slack="0"/>
</pin_list>
<bind>
<StgValue><ssdm name="gmem1_0"/><MemPortTyVec>0 </MemPortTyVec>
</StgValue>
</bind>
</comp>

<comp id="6" class="1000" name="gmem1_1">
<pin_list>
<pin id="7" dir="1" index="0" bw="1" slack="0"/>
</pin_list>
<bind>
<StgValue><ssdm name="gmem1_1"/><MemPortTyVec>0 </MemPortTyVec>
</StgValue>
</bind>
</comp>

<comp id="8" class="1000" name="gmem2_0">
<pin_list>
<pin id="9" dir="1" index="0" bw="1" slack="0"/>
</pin_list>
<bind>
<StgValue><ssdm name="gmem2_0"/><MemPortTyVec>1 </MemPortTyVec>
</StgValue>
</bind>
</comp>

<comp id="10" class="1000" name="gmem2_1">
<pin_list>
<pin id="11" dir="1" index="0" bw="1" slack="0"/>
</pin_list>
<bind>
<StgValue><ssdm name="gmem2_1"/><MemPortTyVec>1 </MemPortTyVec>
</StgValue>
</bind>
</comp>

<comp id="12" class="1000" name="a_0">
<pin_list>
<pin id="13" dir="1" index="0" bw="1" slack="0"/>
</pin_list>
<bind>
<StgValue><ssdm name="a_0"/></StgValue>
</bind>
</comp>

<comp id="14" class="1000" name="a_1">
<pin_list>
<pin id="15" dir="1" index="0" bw="1" slack="0"/>
</pin_list>
<bind>
<StgValue><ssdm name="a_1"/></StgValue>
</bind>
</comp>

<comp id="16" class="1000" name="b_0">
<pin_list>
<pin id="17" dir="1" index="0" bw="1" slack="0"/>
</pin_list>
<bind>
<StgValue><ssdm name="b_0"/></StgValue>
</bind>
</comp>

<comp id="18" class="1000" name="b_1">
<pin_list>
<pin id="19" dir="1" index="0" bw="1" slack="0"/>
</pin_list>
<bind>
<StgValue><ssdm name="b_1"/></StgValue>
</bind>
</comp>

<comp id="20" class="1000" name="c_0">
<pin_list>
<pin id="21" dir="1" index="0" bw="1" slack="0"/>
</pin_list>
<bind>
<StgValue><ssdm name="c_0"/></StgValue>
</bind>
</comp>

<comp id="22" class="1000" name="c_1">
<pin_list>
<pin id="23" dir="1" index="0" bw="1" slack="0"/>
</pin_list>
<bind>
<StgValue><ssdm name="c_1"/></StgValue>
</bind>
</comp>

<comp id="24" class="1001" name="const_24">
<pin_list>
<pin id="25" dir="1" index="0" bw="1" slack="0"/>
</pin_list>
<bind>
<StgValue><ssdm name=""/></StgValue>
</bind>
</comp>

<comp id="26" class="1001" name="const_26">
<pin_list>
<pin id="27" dir="1" index="0" bw="1" slack="0"/>
</pin_list>
<bind>
<StgValue><ssdm name="_ssdm_op_Read.s_axilite.i64"/></StgValue>
</bind>
</comp>

<comp id="28" class="1001" name="const_28">
<pin_list>
<pin id="29" dir="1" index="0" bw="1" slack="0"/>
</pin_list>
<bind>
<StgValue><ssdm name="_ssdm_op_PartSelect.i61.i64.i32.i32"/></StgValue>
</bind>
</comp>

<comp id="30" class="1001" name="const_30">
<pin_list>
<pin id="31" dir="1" index="0" bw="1" slack="0"/>
</pin_list>
<bind>
<StgValue><ssdm name=""/></StgValue>
</bind>
</comp>

<comp id="32" class="1001" name="const_32">
<pin_list>
<pin id="33" dir="1" index="0" bw="1" slack="0"/>
</pin_list>
<bind>
<StgValue><ssdm name=""/></StgValue>
</bind>
</comp>

<comp id="34" class="1001" name="const_34">
<pin_list>
<pin id="35" dir="1" index="0" bw="1" slack="0"/>
</pin_list>
<bind>
<StgValue><ssdm name="_ssdm_op_PartSelect.i60.i64.i32.i32"/></StgValue>
</bind>
</comp>

<comp id="36" class="1001" name="const_36">
<pin_list>
<pin id="37" dir="1" index="0" bw="1" slack="0"/>
</pin_list>
<bind>
<StgValue><ssdm name=""/></StgValue>
</bind>
</comp>

<comp id="38" class="1001" name="const_38">
<pin_list>
<pin id="39" dir="1" index="0" bw="1" slack="0"/>
</pin_list>
<bind>
<StgValue><ssdm name=""/></StgValue>
</bind>
</comp>

<comp id="40" class="1001" name="const_40">
<pin_list>
<pin id="41" dir="1" index="0" bw="1" slack="0"/>
</pin_list>
<bind>
<StgValue><ssdm name=""/></StgValue>
</bind>
</comp>

<comp id="42" class="1001" name="const_42">
<pin_list>
<pin id="43" dir="1" index="0" bw="1" slack="0"/>
</pin_list>
<bind>
<StgValue><ssdm name="_ssdm_op_ReadReq.m_axi.i64P1A"/></StgValue>
</bind>
</comp>

<comp id="44" class="1001" name="const_44">
<pin_list>
<pin id="45" dir="1" index="0" bw="1" slack="0"/>
</pin_list>
<bind>
<StgValue><ssdm name=""/></StgValue>
</bind>
</comp>

<comp id="46" class="1001" name="const_46">
<pin_list>
<pin id="47" dir="1" index="0" bw="1" slack="0"/>
</pin_list>
<bind>
<StgValue><ssdm name="_ssdm_op_Read.m_axi.i64P1A"/></StgValue>
</bind>
</comp>

<comp id="48" class="1001" name="const_48">
<pin_list>
<pin id="49" dir="1" index="0" bw="1" slack="2147483647"/>
</pin_list>
<bind>
<StgValue><ssdm name="_ssdm_op_SpecTopModule"/></StgValue>
</bind>
</comp>

<comp id="50" class="1001" name="const_50">
<pin_list>
<pin id="51" dir="1" index="0" bw="1" slack="2147483647"/>
</pin_list>
<bind>
<StgValue><ssdm name="empty_15"/></StgValue>
</bind>
</comp>

<comp id="52" class="1001" name="const_52">
<pin_list>
<pin id="53" dir="1" index="0" bw="1" slack="2147483647"/>
</pin_list>
<bind>
<StgValue><ssdm name="_ssdm_op_SpecInterface"/></StgValue>
</bind>
</comp>

<comp id="54" class="1001" name="const_54">
<pin_list>
<pin id="55" dir="1" index="0" bw="1" slack="2147483647"/>
</pin_list>
<bind>
<StgValue><ssdm name=""/></StgValue>
</bind>
</comp>

<comp id="56" class="1001" name="const_56">
<pin_list>
<pin id="57" dir="1" index="0" bw="1" slack="2147483647"/>
</pin_list>
<bind>
<StgValue><ssdm name="empty_16"/></StgValue>
</bind>
</comp>

<comp id="58" class="1001" name="const_58">
<pin_list>
<pin id="59" dir="1" index="0" bw="1" slack="2147483647"/>
</pin_list>
<bind>
<StgValue><ssdm name="empty_9"/></StgValue>
</bind>
</comp>

<comp id="60" class="1001" name="const_60">
<pin_list>
<pin id="61" dir="1" index="0" bw="1" slack="2147483647"/>
</pin_list>
<bind>
<StgValue><ssdm name=""/></StgValue>
</bind>
</comp>

<comp id="62" class="1001" name="const_62">
<pin_list>
<pin id="63" dir="1" index="0" bw="1" slack="2147483647"/>
</pin_list>
<bind>
<StgValue><ssdm name="empty_8"/></StgValue>
</bind>
</comp>

<comp id="64" class="1001" name="const_64">
<pin_list>
<pin id="65" dir="1" index="0" bw="1" slack="2147483647"/>
</pin_list>
<bind>
<StgValue><ssdm name=""/></StgValue>
</bind>
</comp>

<comp id="66" class="1001" name="const_66">
<pin_list>
<pin id="67" dir="1" index="0" bw="1" slack="2147483647"/>
</pin_list>
<bind>
<StgValue><ssdm name="empty"/></StgValue>
</bind>
</comp>

<comp id="68" class="1001" name="const_68">
<pin_list>
<pin id="69" dir="1" index="0" bw="1" slack="2147483647"/>
</pin_list>
<bind>
<StgValue><ssdm name="empty_0"/></StgValue>
</bind>
</comp>

<comp id="70" class="1001" name="const_70">
<pin_list>
<pin id="71" dir="1" index="0" bw="1" slack="0"/>
</pin_list>
<bind>
<StgValue><ssdm name=""/></StgValue>
</bind>
</comp>

<comp id="72" class="1001" name="const_72">
<pin_list>
<pin id="73" dir="1" index="0" bw="1" slack="2147483647"/>
</pin_list>
<bind>
<StgValue><ssdm name="_ssdm_op_SpecBitsMap"/></StgValue>
</bind>
</comp>

<comp id="74" class="1001" name="const_74">
<pin_list>
<pin id="75" dir="1" index="0" bw="1" slack="2147483647"/>
</pin_list>
<bind>
<StgValue><ssdm name="empty_1"/></StgValue>
</bind>
</comp>

<comp id="76" class="1001" name="const_76">
<pin_list>
<pin id="77" dir="1" index="0" bw="1" slack="2147483647"/>
</pin_list>
<bind>
<StgValue><ssdm name="empty_2"/></StgValue>
</bind>
</comp>

<comp id="78" class="1001" name="const_78">
<pin_list>
<pin id="79" dir="1" index="0" bw="1" slack="2147483647"/>
</pin_list>
<bind>
<StgValue><ssdm name="empty_4"/></StgValue>
</bind>
</comp>

<comp id="80" class="1001" name="const_80">
<pin_list>
<pin id="81" dir="1" index="0" bw="1" slack="2147483647"/>
</pin_list>
<bind>
<StgValue><ssdm name="empty_13"/></StgValue>
</bind>
</comp>

<comp id="82" class="1001" name="const_82">
<pin_list>
<pin id="83" dir="1" index="0" bw="1" slack="2147483647"/>
</pin_list>
<bind>
<StgValue><ssdm name="empty_5"/></StgValue>
</bind>
</comp>

<comp id="84" class="1001" name="const_84">
<pin_list>
<pin id="85" dir="1" index="0" bw="1" slack="2147483647"/>
</pin_list>
<bind>
<StgValue><ssdm name="empty_6"/></StgValue>
</bind>
</comp>

<comp id="86" class="1001" name="const_86">
<pin_list>
<pin id="87" dir="1" index="0" bw="1" slack="2147483647"/>
</pin_list>
<bind>
<StgValue><ssdm name="empty_7"/></StgValue>
</bind>
</comp>

<comp id="88" class="1001" name="const_88">
<pin_list>
<pin id="89" dir="1" index="0" bw="1" slack="2147483647"/>
</pin_list>
<bind>
<StgValue><ssdm name="empty_18"/></StgValue>
</bind>
</comp>

<comp id="90" class="1001" name="const_90">
<pin_list>
<pin id="91" dir="1" index="0" bw="1" slack="2147483647"/>
</pin_list>
<bind>
<StgValue><ssdm name="empty_19"/></StgValue>
</bind>
</comp>

<comp id="92" class="1001" name="const_92">
<pin_list>
<pin id="93" dir="1" index="0" bw="1" slack="2147483647"/>
</pin_list>
<bind>
<StgValue><ssdm name="empty_20"/></StgValue>
</bind>
</comp>

<comp id="94" class="1001" name="const_94">
<pin_list>
<pin id="95" dir="1" index="0" bw="1" slack="2147483647"/>
</pin_list>
<bind>
<StgValue><ssdm name="empty_10"/></StgValue>
</bind>
</comp>

<comp id="96" class="1001" name="const_96">
<pin_list>
<pin id="97" dir="1" index="0" bw="1" slack="2147483647"/>
</pin_list>
<bind>
<StgValue><ssdm name="empty_11"/></StgValue>
</bind>
</comp>

<comp id="98" class="1001" name="const_98">
<pin_list>
<pin id="99" dir="1" index="0" bw="1" slack="2147483647"/>
</pin_list>
<bind>
<StgValue><ssdm name="empty_12"/></StgValue>
</bind>
</comp>

<comp id="100" class="1001" name="const_100">
<pin_list>
<pin id="101" dir="1" index="0" bw="1" slack="2147483647"/>
</pin_list>
<bind>
<StgValue><ssdm name="empty_14"/></StgValue>
</bind>
</comp>

<comp id="102" class="1001" name="const_102">
<pin_list>
<pin id="103" dir="1" index="0" bw="1" slack="2147483647"/>
</pin_list>
<bind>
<StgValue><ssdm name="empty_3"/></StgValue>
</bind>
</comp>

<comp id="104" class="1001" name="const_104">
<pin_list>
<pin id="105" dir="1" index="0" bw="1" slack="2147483647"/>
</pin_list>
<bind>
<StgValue><ssdm name="_ssdm_op_SpecPipeline"/></StgValue>
</bind>
</comp>

<comp id="106" class="1001" name="const_106">
<pin_list>
<pin id="107" dir="1" index="0" bw="1" slack="0"/>
</pin_list>
<bind>
<StgValue><ssdm name=""/></StgValue>
</bind>
</comp>

<comp id="108" class="1001" name="const_108">
<pin_list>
<pin id="109" dir="1" index="0" bw="1" slack="2147483647"/>
</pin_list>
<bind>
<StgValue><ssdm name="_ssdm_op_SpecLoopTripCount"/></StgValue>
</bind>
</comp>

<comp id="110" class="1001" name="const_110">
<pin_list>
<pin id="111" dir="1" index="0" bw="1" slack="2147483647"/>
</pin_list>
<bind>
<StgValue><ssdm name=""/></StgValue>
</bind>
</comp>

<comp id="112" class="1001" name="const_112">
<pin_list>
<pin id="113" dir="1" index="0" bw="1" slack="2147483647"/>
</pin_list>
<bind>
<StgValue><ssdm name="_ssdm_op_SpecLoopName"/></StgValue>
</bind>
</comp>

<comp id="114" class="1001" name="const_114">
<pin_list>
<pin id="115" dir="1" index="0" bw="1" slack="2147483647"/>
</pin_list>
<bind>
<StgValue><ssdm name="empty_17"/></StgValue>
</bind>
</comp>

<comp id="116" class="1001" name="const_116">
<pin_list>
<pin id="117" dir="1" index="0" bw="1" slack="0"/>
</pin_list>
<bind>
<StgValue><ssdm name="_ssdm_op_PartSelect.i56.i64.i32.i32"/></StgValue>
</bind>
</comp>

<comp id="118" class="1001" name="const_118">
<pin_list>
<pin id="119" dir="1" index="0" bw="1" slack="0"/>
</pin_list>
<bind>
<StgValue><ssdm name="_ssdm_op_PartSelect.i105.i121.i32.i32"/></StgValue>
</bind>
</comp>

<comp id="120" class="1001" name="const_120">
<pin_list>
<pin id="121" dir="1" index="0" bw="1" slack="0"/>
</pin_list>
<bind>
<StgValue><ssdm name=""/></StgValue>
</bind>
</comp>

<comp id="122" class="1001" name="const_122">
<pin_list>
<pin id="123" dir="1" index="0" bw="1" slack="0"/>
</pin_list>
<bind>
<StgValue><ssdm name="_ssdm_op_BitConcatenate.i121.i9.i3.i109"/></StgValue>
</bind>
</comp>

<comp id="124" class="1001" name="const_124">
<pin_list>
<pin id="125" dir="1" index="0" bw="1" slack="0"/>
</pin_list>
<bind>
<StgValue><ssdm name=""/></StgValue>
</bind>
</comp>

<comp id="126" class="1001" name="const_126">
<pin_list>
<pin id="127" dir="1" index="0" bw="1" slack="0"/>
</pin_list>
<bind>
<StgValue><ssdm name=""/></StgValue>
</bind>
</comp>

<comp id="128" class="1001" name="const_128">
<pin_list>
<pin id="129" dir="1" index="0" bw="1" slack="0"/>
</pin_list>
<bind>
<StgValue><ssdm name="_ssdm_op_BitSelect.i1.i5.i32"/></StgValue>
</bind>
</comp>

<comp id="130" class="1001" name="const_130">
<pin_list>
<pin id="131" dir="1" index="0" bw="1" slack="0"/>
</pin_list>
<bind>
<StgValue><ssdm name="_ssdm_op_WriteReq.m_axi.i128P1A"/></StgValue>
</bind>
</comp>

<comp id="132" class="1001" name="const_132">
<pin_list>
<pin id="133" dir="1" index="0" bw="1" slack="0"/>
</pin_list>
<bind>
<StgValue><ssdm name="_ssdm_op_Write.m_axi.i128P1A"/></StgValue>
</bind>
</comp>

<comp id="134" class="1001" name="const_134">
<pin_list>
<pin id="135" dir="1" index="0" bw="1" slack="0"/>
</pin_list>
<bind>
<StgValue><ssdm name=""/></StgValue>
</bind>
</comp>

<comp id="136" class="1001" name="const_136">
<pin_list>
<pin id="137" dir="1" index="0" bw="1" slack="0"/>
</pin_list>
<bind>
<StgValue><ssdm name="_ssdm_op_WriteResp.m_axi.i128P1A"/></StgValue>
</bind>
</comp>

<comp id="138" class="1004" name="i1_fu_138">
<pin_list>
<pin id="139" dir="0" index="0" bw="1" slack="0"/>
<pin id="140" dir="1" index="1" bw="5" slack="0"/>
</pin_list>
<bind>
<opcode="alloca(26) " fcode="alloca"/>
<opset="i1/1 "/>
</bind>
</comp>

<comp id="142" class="1004" name="shiftreg2_fu_142">
<pin_list>
<pin id="143" dir="0" index="0" bw="1" slack="0"/>
<pin id="144" dir="1" index="1" bw="64" slack="73"/>
</pin_list>
<bind>
<opcode="alloca(26) " fcode="alloca"/>
<opset="shiftreg2/1 "/>
</bind>
</comp>

<comp id="146" class="1004" name="shiftreg83_fu_146">
<pin_list>
<pin id="147" dir="0" index="0" bw="1" slack="0"/>
<pin id="148" dir="1" index="1" bw="64" slack="73"/>
</pin_list>
<bind>
<opcode="alloca(26) " fcode="alloca"/>
<opset="shiftreg83/1 "/>
</bind>
</comp>

<comp id="150" class="1004" name="shiftreg104_fu_150">
<pin_list>
<pin id="151" dir="0" index="0" bw="1" slack="0"/>
<pin id="152" dir="1" index="1" bw="64" slack="73"/>
</pin_list>
<bind>
<opcode="alloca(26) " fcode="alloca"/>
<opset="shiftreg104/1 "/>
</bind>
</comp>

<comp id="154" class="1004" name="shiftreg125_fu_154">
<pin_list>
<pin id="155" dir="0" index="0" bw="1" slack="0"/>
<pin id="156" dir="1" index="1" bw="64" slack="73"/>
</pin_list>
<bind>
<opcode="alloca(26) " fcode="alloca"/>
<opset="shiftreg125/1 "/>
</bind>
</comp>

<comp id="158" class="1004" name="shiftreg146_fu_158">
<pin_list>
<pin id="159" dir="0" index="0" bw="1" slack="0"/>
<pin id="160" dir="1" index="1" bw="121" slack="0"/>
</pin_list>
<bind>
<opcode="alloca(26) " fcode="alloca"/>
<opset="shiftreg146/1 "/>
</bind>
</comp>

<comp id="162" class="1004" name="shiftreg168_fu_162">
<pin_list>
<pin id="163" dir="0" index="0" bw="1" slack="0"/>
<pin id="164" dir="1" index="1" bw="121" slack="0"/>
</pin_list>
<bind>
<opcode="alloca(26) " fcode="alloca"/>
<opset="shiftreg168/1 "/>
</bind>
</comp>

<comp id="166" class="1004" name="c_1_read_read_fu_166">
<pin_list>
<pin id="167" dir="0" index="0" bw="64" slack="0"/>
<pin id="168" dir="0" index="1" bw="64" slack="0"/>
<pin id="169" dir="1" index="2" bw="64" slack="0"/>
</pin_list>
<bind>
<opcode="read(1150) " fcode="read"/>
<opset="c_1_read/1 "/>
</bind>
</comp>

<comp id="172" class="1004" name="c_0_read_read_fu_172">
<pin_list>
<pin id="173" dir="0" index="0" bw="64" slack="0"/>
<pin id="174" dir="0" index="1" bw="64" slack="0"/>
<pin id="175" dir="1" index="2" bw="64" slack="0"/>
</pin_list>
<bind>
<opcode="read(1150) " fcode="read"/>
<opset="c_0_read/1 "/>
</bind>
</comp>

<comp id="178" class="1004" name="b_1_read_read_fu_178">
<pin_list>
<pin id="179" dir="0" index="0" bw="64" slack="0"/>
<pin id="180" dir="0" index="1" bw="64" slack="0"/>
<pin id="181" dir="1" index="2" bw="64" slack="0"/>
</pin_list>
<bind>
<opcode="read(1150) " fcode="read"/>
<opset="b_1_read/1 "/>
</bind>
</comp>

<comp id="184" class="1004" name="b_0_read_read_fu_184">
<pin_list>
<pin id="185" dir="0" index="0" bw="64" slack="0"/>
<pin id="186" dir="0" index="1" bw="64" slack="0"/>
<pin id="187" dir="1" index="2" bw="64" slack="0"/>
</pin_list>
<bind>
<opcode="read(1150) " fcode="read"/>
<opset="b_0_read/1 "/>
</bind>
</comp>

<comp id="190" class="1004" name="a_1_read_read_fu_190">
<pin_list>
<pin id="191" dir="0" index="0" bw="64" slack="0"/>
<pin id="192" dir="0" index="1" bw="64" slack="0"/>
<pin id="193" dir="1" index="2" bw="64" slack="0"/>
</pin_list>
<bind>
<opcode="read(1150) " fcode="read"/>
<opset="a_1_read/1 "/>
</bind>
</comp>

<comp id="196" class="1004" name="a_0_read_read_fu_196">
<pin_list>
<pin id="197" dir="0" index="0" bw="64" slack="0"/>
<pin id="198" dir="0" index="1" bw="64" slack="0"/>
<pin id="199" dir="1" index="2" bw="64" slack="0"/>
</pin_list>
<bind>
<opcode="read(1150) " fcode="read"/>
<opset="a_0_read/1 "/>
</bind>
</comp>

<comp id="202" class="1004" name="grp_readreq_fu_202">
<pin_list>
<pin id="203" dir="0" index="0" bw="1" slack="0"/>
<pin id="204" dir="0" index="1" bw="64" slack="0"/>
<pin id="205" dir="0" index="2" bw="1" slack="0"/>
<pin id="206" dir="1" index="3" bw="1" slack="2147483647"/>
</pin_list>
<bind>
<opcode="readreq(1154) " fcode="readreq"/>
<opset="gmem0_0_load_req/2 "/>
</bind>
</comp>

<comp id="209" class="1004" name="grp_readreq_fu_209">
<pin_list>
<pin id="210" dir="0" index="0" bw="1" slack="0"/>
<pin id="211" dir="0" index="1" bw="64" slack="0"/>
<pin id="212" dir="0" index="2" bw="1" slack="0"/>
<pin id="213" dir="1" index="3" bw="1" slack="2147483647"/>
</pin_list>
<bind>
<opcode="readreq(1154) " fcode="readreq"/>
<opset="gmem1_0_load_req/2 "/>
</bind>
</comp>

<comp id="216" class="1004" name="grp_readreq_fu_216">
<pin_list>
<pin id="217" dir="0" index="0" bw="1" slack="0"/>
<pin id="218" dir="0" index="1" bw="64" slack="0"/>
<pin id="219" dir="0" index="2" bw="1" slack="0"/>
<pin id="220" dir="1" index="3" bw="1" slack="2147483647"/>
</pin_list>
<bind>
<opcode="readreq(1154) " fcode="readreq"/>
<opset="gmem0_1_load_req/2 "/>
</bind>
</comp>

<comp id="223" class="1004" name="grp_readreq_fu_223">
<pin_list>
<pin id="224" dir="0" index="0" bw="1" slack="0"/>
<pin id="225" dir="0" index="1" bw="64" slack="0"/>
<pin id="226" dir="0" index="2" bw="1" slack="0"/>
<pin id="227" dir="1" index="3" bw="1" slack="2147483647"/>
</pin_list>
<bind>
<opcode="readreq(1154) " fcode="readreq"/>
<opset="gmem1_1_load_req/2 "/>
</bind>
</comp>

<comp id="230" class="1004" name="gmem0_0_addr_read_read_fu_230">
<pin_list>
<pin id="231" dir="0" index="0" bw="64" slack="0"/>
<pin id="232" dir="0" index="1" bw="64" slack="71"/>
<pin id="233" dir="1" index="2" bw="64" slack="1"/>
</pin_list>
<bind>
<opcode="read(1150) " fcode="read"/>
<opset="gmem0_0_addr_read/73 "/>
</bind>
</comp>

<comp id="235" class="1004" name="gmem1_0_addr_read_read_fu_235">
<pin_list>
<pin id="236" dir="0" index="0" bw="64" slack="0"/>
<pin id="237" dir="0" index="1" bw="64" slack="71"/>
<pin id="238" dir="1" index="2" bw="64" slack="1"/>
</pin_list>
<bind>
<opcode="read(1150) " fcode="read"/>
<opset="gmem1_0_addr_read/73 "/>
</bind>
</comp>

<comp id="240" class="1004" name="gmem0_1_addr_read_read_fu_240">
<pin_list>
<pin id="241" dir="0" index="0" bw="64" slack="0"/>
<pin id="242" dir="0" index="1" bw="64" slack="71"/>
<pin id="243" dir="1" index="2" bw="64" slack="1"/>
</pin_list>
<bind>
<opcode="read(1150) " fcode="read"/>
<opset="gmem0_1_addr_read/73 "/>
</bind>
</comp>

<comp id="245" class="1004" name="gmem1_1_addr_read_read_fu_245">
<pin_list>
<pin id="246" dir="0" index="0" bw="64" slack="0"/>
<pin id="247" dir="0" index="1" bw="64" slack="71"/>
<pin id="248" dir="1" index="2" bw="64" slack="1"/>
</pin_list>
<bind>
<opcode="read(1150) " fcode="read"/>
<opset="gmem1_1_addr_read/73 "/>
</bind>
</comp>

<comp id="250" class="1004" name="gmem2_0_addr_req_writereq_fu_250">
<pin_list>
<pin id="251" dir="0" index="0" bw="1" slack="0"/>
<pin id="252" dir="0" index="1" bw="128" slack="2"/>
<pin id="253" dir="0" index="2" bw="1" slack="0"/>
<pin id="254" dir="1" index="3" bw="1" slack="2147483647"/>
</pin_list>
<bind>
<opcode="writereq(1155) " fcode="writereq"/>
<opset="gmem2_0_addr_req/76 "/>
</bind>
</comp>

<comp id="257" class="1004" name="gmem2_1_addr_req_writereq_fu_257">
<pin_list>
<pin id="258" dir="0" index="0" bw="1" slack="0"/>
<pin id="259" dir="0" index="1" bw="128" slack="2"/>
<pin id="260" dir="0" index="2" bw="1" slack="0"/>
<pin id="261" dir="1" index="3" bw="1" slack="2147483647"/>
</pin_list>
<bind>
<opcode="writereq(1155) " fcode="writereq"/>
<opset="gmem2_1_addr_req/76 "/>
</bind>
</comp>

<comp id="264" class="1004" name="write_ln24_write_fu_264">
<pin_list>
<pin id="265" dir="0" index="0" bw="0" slack="0"/>
<pin id="266" dir="0" index="1" bw="128" slack="3"/>
<pin id="267" dir="0" index="2" bw="125" slack="0"/>
<pin id="268" dir="0" index="3" bw="1" slack="0"/>
<pin id="269" dir="1" index="4" bw="0" slack="2147483647"/>
</pin_list>
<bind>
<opcode="write(1151) " fcode="write"/>
<opset="write_ln24/77 "/>
</bind>
</comp>

<comp id="272" class="1004" name="write_ln24_write_fu_272">
<pin_list>
<pin id="273" dir="0" index="0" bw="0" slack="0"/>
<pin id="274" dir="0" index="1" bw="128" slack="3"/>
<pin id="275" dir="0" index="2" bw="125" slack="0"/>
<pin id="276" dir="0" index="3" bw="1" slack="0"/>
<pin id="277" dir="1" index="4" bw="0" slack="2147483647"/>
</pin_list>
<bind>
<opcode="write(1151) " fcode="write"/>
<opset="write_ln24/77 "/>
</bind>
</comp>

<comp id="280" class="1004" name="grp_writeresp_fu_280">
<pin_list>
<pin id="281" dir="0" index="0" bw="1" slack="0"/>
<pin id="282" dir="0" index="1" bw="128" slack="4"/>
<pin id="283" dir="1" index="2" bw="1" slack="2147483647"/>
</pin_list>
<bind>
<opcode="writeresp(1158) " fcode="writeresp"/>
<opset="gmem2_0_addr_resp/78 "/>
</bind>
</comp>

<comp id="285" class="1004" name="grp_writeresp_fu_285">
<pin_list>
<pin id="286" dir="0" index="0" bw="1" slack="0"/>
<pin id="287" dir="0" index="1" bw="128" slack="4"/>
<pin id="288" dir="1" index="2" bw="1" slack="2147483647"/>
</pin_list>
<bind>
<opcode="writeresp(1158) " fcode="writeresp"/>
<opset="gmem2_1_addr_resp/78 "/>
</bind>
</comp>

<comp id="290" class="1004" name="trunc_ln_fu_290">
<pin_list>
<pin id="291" dir="0" index="0" bw="61" slack="0"/>
<pin id="292" dir="0" index="1" bw="64" slack="0"/>
<pin id="293" dir="0" index="2" bw="3" slack="0"/>
<pin id="294" dir="0" index="3" bw="7" slack="0"/>
<pin id="295" dir="1" index="4" bw="61" slack="1"/>
</pin_list>
<bind>
<opcode="partselect(1002) " fcode="partselect"/>
<opset="trunc_ln/1 "/>
</bind>
</comp>

<comp id="300" class="1004" name="trunc_ln19_1_fu_300">
<pin_list>
<pin id="301" dir="0" index="0" bw="61" slack="0"/>
<pin id="302" dir="0" index="1" bw="64" slack="0"/>
<pin id="303" dir="0" index="2" bw="3" slack="0"/>
<pin id="304" dir="0" index="3" bw="7" slack="0"/>
<pin id="305" dir="1" index="4" bw="61" slack="1"/>
</pin_list>
<bind>
<opcode="partselect(1002) " fcode="partselect"/>
<opset="trunc_ln19_1/1 "/>
</bind>
</comp>

<comp id="310" class="1004" name="trunc_ln19_2_fu_310">
<pin_list>
<pin id="311" dir="0" index="0" bw="61" slack="0"/>
<pin id="312" dir="0" index="1" bw="64" slack="0"/>
<pin id="313" dir="0" index="2" bw="3" slack="0"/>
<pin id="314" dir="0" index="3" bw="7" slack="0"/>
<pin id="315" dir="1" index="4" bw="61" slack="1"/>
</pin_list>
<bind>
<opcode="partselect(1002) " fcode="partselect"/>
<opset="trunc_ln19_2/1 "/>
</bind>
</comp>

<comp id="320" class="1004" name="trunc_ln19_3_fu_320">
<pin_list>
<pin id="321" dir="0" index="0" bw="61" slack="0"/>
<pin id="322" dir="0" index="1" bw="64" slack="0"/>
<pin id="323" dir="0" index="2" bw="3" slack="0"/>
<pin id="324" dir="0" index="3" bw="7" slack="0"/>
<pin id="325" dir="1" index="4" bw="61" slack="1"/>
</pin_list>
<bind>
<opcode="partselect(1002) " fcode="partselect"/>
<opset="trunc_ln19_3/1 "/>
</bind>
</comp>

<comp id="330" class="1004" name="p_cast_fu_330">
<pin_list>
<pin id="331" dir="0" index="0" bw="60" slack="0"/>
<pin id="332" dir="0" index="1" bw="64" slack="0"/>
<pin id="333" dir="0" index="2" bw="4" slack="0"/>
<pin id="334" dir="0" index="3" bw="7" slack="0"/>
<pin id="335" dir="1" index="4" bw="60" slack="73"/>
</pin_list>
<bind>
<opcode="partselect(1002) " fcode="partselect"/>
<opset="p_cast/1 "/>
</bind>
</comp>

<comp id="340" class="1004" name="p_cast1_fu_340">
<pin_list>
<pin id="341" dir="0" index="0" bw="60" slack="0"/>
<pin id="342" dir="0" index="1" bw="64" slack="0"/>
<pin id="343" dir="0" index="2" bw="4" slack="0"/>
<pin id="344" dir="0" index="3" bw="7" slack="0"/>
<pin id="345" dir="1" index="4" bw="60" slack="73"/>
</pin_list>
<bind>
<opcode="partselect(1002) " fcode="partselect"/>
<opset="p_cast1/1 "/>
</bind>
</comp>

<comp id="350" class="1004" name="store_ln0_store_fu_350">
<pin_list>
<pin id="351" dir="0" index="0" bw="1" slack="0"/>
<pin id="352" dir="0" index="1" bw="121" slack="0"/>
<pin id="353" dir="1" index="2" bw="0" slack="2147483647"/>
</pin_list>
<bind>
<opcode="store(28) " fcode="store"/>
<opset="store_ln0/1 "/>
</bind>
</comp>

<comp id="355" class="1004" name="store_ln0_store_fu_355">
<pin_list>
<pin id="356" dir="0" index="0" bw="1" slack="0"/>
<pin id="357" dir="0" index="1" bw="121" slack="0"/>
<pin id="358" dir="1" index="2" bw="0" slack="2147483647"/>
</pin_list>
<bind>
<opcode="store(28) " fcode="store"/>
<opset="store_ln0/1 "/>
</bind>
</comp>

<comp id="360" class="1004" name="store_ln0_store_fu_360">
<pin_list>
<pin id="361" dir="0" index="0" bw="1" slack="0"/>
<pin id="362" dir="0" index="1" bw="5" slack="0"/>
<pin id="363" dir="1" index="2" bw="0" slack="2147483647"/>
</pin_list>
<bind>
<opcode="store(28) " fcode="store"/>
<opset="store_ln0/1 "/>
</bind>
</comp>

<comp id="365" class="1004" name="sext_ln19_fu_365">
<pin_list>
<pin id="366" dir="0" index="0" bw="61" slack="1"/>
<pin id="367" dir="1" index="1" bw="64" slack="0"/>
</pin_list>
<bind>
<opcode="sext(35) " fcode="sext"/>
<opset="sext_ln19/2 "/>
</bind>
</comp>

<comp id="368" class="1004" name="gmem0_0_addr_fu_368">
<pin_list>
<pin id="369" dir="0" index="0" bw="64" slack="0"/>
<pin id="370" dir="0" index="1" bw="64" slack="0"/>
<pin id="371" dir="1" index="2" bw="64" slack="0"/>
</pin_list>
<bind>
<opcode="getelementptr(29) " fcode="getelementptr"/>
<opset="gmem0_0_addr/2 "/>
</bind>
</comp>

<comp id="375" class="1004" name="sext_ln19_1_fu_375">
<pin_list>
<pin id="376" dir="0" index="0" bw="61" slack="1"/>
<pin id="377" dir="1" index="1" bw="64" slack="0"/>
</pin_list>
<bind>
<opcode="sext(35) " fcode="sext"/>
<opset="sext_ln19_1/2 "/>
</bind>
</comp>

<comp id="378" class="1004" name="gmem1_0_addr_fu_378">
<pin_list>
<pin id="379" dir="0" index="0" bw="64" slack="0"/>
<pin id="380" dir="0" index="1" bw="64" slack="0"/>
<pin id="381" dir="1" index="2" bw="64" slack="0"/>
</pin_list>
<bind>
<opcode="getelementptr(29) " fcode="getelementptr"/>
<opset="gmem1_0_addr/2 "/>
</bind>
</comp>

<comp id="385" class="1004" name="sext_ln19_2_fu_385">
<pin_list>
<pin id="386" dir="0" index="0" bw="61" slack="1"/>
<pin id="387" dir="1" index="1" bw="64" slack="0"/>
</pin_list>
<bind>
<opcode="sext(35) " fcode="sext"/>
<opset="sext_ln19_2/2 "/>
</bind>
</comp>

<comp id="388" class="1004" name="gmem0_1_addr_fu_388">
<pin_list>
<pin id="389" dir="0" index="0" bw="64" slack="0"/>
<pin id="390" dir="0" index="1" bw="64" slack="0"/>
<pin id="391" dir="1" index="2" bw="64" slack="0"/>
</pin_list>
<bind>
<opcode="getelementptr(29) " fcode="getelementptr"/>
<opset="gmem0_1_addr/2 "/>
</bind>
</comp>

<comp id="395" class="1004" name="sext_ln19_3_fu_395">
<pin_list>
<pin id="396" dir="0" index="0" bw="61" slack="1"/>
<pin id="397" dir="1" index="1" bw="64" slack="0"/>
</pin_list>
<bind>
<opcode="sext(35) " fcode="sext"/>
<opset="sext_ln19_3/2 "/>
</bind>
</comp>

<comp id="398" class="1004" name="gmem1_1_addr_fu_398">
<pin_list>
<pin id="399" dir="0" index="0" bw="64" slack="0"/>
<pin id="400" dir="0" index="1" bw="64" slack="0"/>
<pin id="401" dir="1" index="2" bw="64" slack="0"/>
</pin_list>
<bind>
<opcode="getelementptr(29) " fcode="getelementptr"/>
<opset="gmem1_1_addr/2 "/>
</bind>
</comp>

<comp id="405" class="1004" name="p_cast_cast_fu_405">
<pin_list>
<pin id="406" dir="0" index="0" bw="60" slack="73"/>
<pin id="407" dir="1" index="1" bw="64" slack="0"/>
</pin_list>
<bind>
<opcode="sext(35) " fcode="sext"/>
<opset="p_cast_cast/74 "/>
</bind>
</comp>

<comp id="408" class="1004" name="gmem2_1_addr_fu_408">
<pin_list>
<pin id="409" dir="0" index="0" bw="64" slack="0"/>
<pin id="410" dir="0" index="1" bw="64" slack="0"/>
<pin id="411" dir="1" index="2" bw="64" slack="2"/>
</pin_list>
<bind>
<opcode="getelementptr(29) " fcode="getelementptr"/>
<opset="gmem2_1_addr/74 "/>
</bind>
</comp>

<comp id="414" class="1004" name="p_cast1_cast_fu_414">
<pin_list>
<pin id="415" dir="0" index="0" bw="60" slack="73"/>
<pin id="416" dir="1" index="1" bw="64" slack="0"/>
</pin_list>
<bind>
<opcode="sext(35) " fcode="sext"/>
<opset="p_cast1_cast/74 "/>
</bind>
</comp>

<comp id="417" class="1004" name="gmem2_0_addr_fu_417">
<pin_list>
<pin id="418" dir="0" index="0" bw="64" slack="0"/>
<pin id="419" dir="0" index="1" bw="64" slack="0"/>
<pin id="420" dir="1" index="2" bw="64" slack="2"/>
</pin_list>
<bind>
<opcode="getelementptr(29) " fcode="getelementptr"/>
<opset="gmem2_0_addr/74 "/>
</bind>
</comp>

<comp id="423" class="1004" name="store_ln19_store_fu_423">
<pin_list>
<pin id="424" dir="0" index="0" bw="64" slack="1"/>
<pin id="425" dir="0" index="1" bw="64" slack="73"/>
<pin id="426" dir="1" index="2" bw="0" slack="2147483647"/>
</pin_list>
<bind>
<opcode="store(28) " fcode="store"/>
<opset="store_ln19/74 "/>
</bind>
</comp>

<comp id="427" class="1004" name="store_ln19_store_fu_427">
<pin_list>
<pin id="428" dir="0" index="0" bw="64" slack="1"/>
<pin id="429" dir="0" index="1" bw="64" slack="73"/>
<pin id="430" dir="1" index="2" bw="0" slack="2147483647"/>
</pin_list>
<bind>
<opcode="store(28) " fcode="store"/>
<opset="store_ln19/74 "/>
</bind>
</comp>

<comp id="431" class="1004" name="store_ln19_store_fu_431">
<pin_list>
<pin id="432" dir="0" index="0" bw="64" slack="1"/>
<pin id="433" dir="0" index="1" bw="64" slack="73"/>
<pin id="434" dir="1" index="2" bw="0" slack="2147483647"/>
</pin_list>
<bind>
<opcode="store(28) " fcode="store"/>
<opset="store_ln19/74 "/>
</bind>
</comp>

<comp id="435" class="1004" name="store_ln19_store_fu_435">
<pin_list>
<pin id="436" dir="0" index="0" bw="64" slack="1"/>
<pin id="437" dir="0" index="1" bw="64" slack="73"/>
<pin id="438" dir="1" index="2" bw="0" slack="2147483647"/>
</pin_list>
<bind>
<opcode="store(28) " fcode="store"/>
<opset="store_ln19/74 "/>
</bind>
</comp>

<comp id="439" class="1004" name="i1_load_load_fu_439">
<pin_list>
<pin id="440" dir="0" index="0" bw="5" slack="74"/>
<pin id="441" dir="1" index="1" bw="5" slack="0"/>
</pin_list>
<bind>
<opcode="load(27) " fcode="load"/>
<opset="i1_load/75 "/>
</bind>
</comp>

<comp id="442" class="1004" name="shiftreg2_load_load_fu_442">
<pin_list>
<pin id="443" dir="0" index="0" bw="64" slack="74"/>
<pin id="444" dir="1" index="1" bw="64" slack="0"/>
</pin_list>
<bind>
<opcode="load(27) " fcode="load"/>
<opset="shiftreg2_load/75 "/>
</bind>
</comp>

<comp id="445" class="1004" name="shiftreg83_load_load_fu_445">
<pin_list>
<pin id="446" dir="0" index="0" bw="64" slack="74"/>
<pin id="447" dir="1" index="1" bw="64" slack="0"/>
</pin_list>
<bind>
<opcode="load(27) " fcode="load"/>
<opset="shiftreg83_load/75 "/>
</bind>
</comp>

<comp id="448" class="1004" name="shiftreg104_load_load_fu_448">
<pin_list>
<pin id="449" dir="0" index="0" bw="64" slack="74"/>
<pin id="450" dir="1" index="1" bw="64" slack="0"/>
</pin_list>
<bind>
<opcode="load(27) " fcode="load"/>
<opset="shiftreg104_load/75 "/>
</bind>
</comp>

<comp id="451" class="1004" name="shiftreg125_load_load_fu_451">
<pin_list>
<pin id="452" dir="0" index="0" bw="64" slack="74"/>
<pin id="453" dir="1" index="1" bw="64" slack="0"/>
</pin_list>
<bind>
<opcode="load(27) " fcode="load"/>
<opset="shiftreg125_load/75 "/>
</bind>
</comp>

<comp id="454" class="1004" name="shiftreg146_load_load_fu_454">
<pin_list>
<pin id="455" dir="0" index="0" bw="121" slack="74"/>
<pin id="456" dir="1" index="1" bw="121" slack="0"/>
</pin_list>
<bind>
<opcode="load(27) " fcode="load"/>
<opset="shiftreg146_load/75 "/>
</bind>
</comp>

<comp id="457" class="1004" name="shiftreg168_load_load_fu_457">
<pin_list>
<pin id="458" dir="0" index="0" bw="121" slack="74"/>
<pin id="459" dir="1" index="1" bw="121" slack="0"/>
</pin_list>
<bind>
<opcode="load(27) " fcode="load"/>
<opset="shiftreg168_load/75 "/>
</bind>
</comp>

<comp id="460" class="1004" name="trunc_ln22_fu_460">
<pin_list>
<pin id="461" dir="0" index="0" bw="64" slack="0"/>
<pin id="462" dir="1" index="1" bw="8" slack="0"/>
</pin_list>
<bind>
<opcode="trunc(33) " fcode="trunc"/>
<opset="trunc_ln22/75 "/>
</bind>
</comp>

<comp id="464" class="1004" name="lshr_ln_fu_464">
<pin_list>
<pin id="465" dir="0" index="0" bw="56" slack="0"/>
<pin id="466" dir="0" index="1" bw="64" slack="0"/>
<pin id="467" dir="0" index="2" bw="5" slack="0"/>
<pin id="468" dir="0" index="3" bw="7" slack="0"/>
<pin id="469" dir="1" index="4" bw="56" slack="0"/>
</pin_list>
<bind>
<opcode="partselect(1002) " fcode="partselect"/>
<opset="lshr_ln/75 "/>
</bind>
</comp>

<comp id="474" class="1004" name="zext_ln22_fu_474">
<pin_list>
<pin id="475" dir="0" index="0" bw="56" slack="0"/>
<pin id="476" dir="1" index="1" bw="64" slack="0"/>
</pin_list>
<bind>
<opcode="zext(34) " fcode="zext"/>
<opset="zext_ln22/75 "/>
</bind>
</comp>

<comp id="478" class="1004" name="sext_ln22_fu_478">
<pin_list>
<pin id="479" dir="0" index="0" bw="8" slack="0"/>
<pin id="480" dir="1" index="1" bw="9" slack="0"/>
</pin_list>
<bind>
<opcode="sext(35) " fcode="sext"/>
<opset="sext_ln22/75 "/>
</bind>
</comp>

<comp id="482" class="1004" name="trunc_ln22_1_fu_482">
<pin_list>
<pin id="483" dir="0" index="0" bw="64" slack="0"/>
<pin id="484" dir="1" index="1" bw="8" slack="0"/>
</pin_list>
<bind>
<opcode="trunc(33) " fcode="trunc"/>
<opset="trunc_ln22_1/75 "/>
</bind>
</comp>

<comp id="486" class="1004" name="lshr_ln22_1_fu_486">
<pin_list>
<pin id="487" dir="0" index="0" bw="56" slack="0"/>
<pin id="488" dir="0" index="1" bw="64" slack="0"/>
<pin id="489" dir="0" index="2" bw="5" slack="0"/>
<pin id="490" dir="0" index="3" bw="7" slack="0"/>
<pin id="491" dir="1" index="4" bw="56" slack="0"/>
</pin_list>
<bind>
<opcode="partselect(1002) " fcode="partselect"/>
<opset="lshr_ln22_1/75 "/>
</bind>
</comp>

<comp id="496" class="1004" name="zext_ln22_1_fu_496">
<pin_list>
<pin id="497" dir="0" index="0" bw="56" slack="0"/>
<pin id="498" dir="1" index="1" bw="64" slack="0"/>
</pin_list>
<bind>
<opcode="zext(34) " fcode="zext"/>
<opset="zext_ln22_1/75 "/>
</bind>
</comp>

<comp id="500" class="1004" name="sext_ln22_1_fu_500">
<pin_list>
<pin id="501" dir="0" index="0" bw="8" slack="0"/>
<pin id="502" dir="1" index="1" bw="9" slack="0"/>
</pin_list>
<bind>
<opcode="sext(35) " fcode="sext"/>
<opset="sext_ln22_1/75 "/>
</bind>
</comp>

<comp id="504" class="1004" name="add_ln22_fu_504">
<pin_list>
<pin id="505" dir="0" index="0" bw="8" slack="0"/>
<pin id="506" dir="0" index="1" bw="8" slack="0"/>
<pin id="507" dir="1" index="2" bw="9" slack="0"/>
</pin_list>
<bind>
<opcode="add(8) " fcode="add"/>
<opset="add_ln22/75 "/>
</bind>
</comp>

<comp id="510" class="1004" name="trunc_ln22_2_fu_510">
<pin_list>
<pin id="511" dir="0" index="0" bw="64" slack="0"/>
<pin id="512" dir="1" index="1" bw="8" slack="0"/>
</pin_list>
<bind>
<opcode="trunc(33) " fcode="trunc"/>
<opset="trunc_ln22_2/75 "/>
</bind>
</comp>

<comp id="514" class="1004" name="lshr_ln22_2_fu_514">
<pin_list>
<pin id="515" dir="0" index="0" bw="56" slack="0"/>
<pin id="516" dir="0" index="1" bw="64" slack="0"/>
<pin id="517" dir="0" index="2" bw="5" slack="0"/>
<pin id="518" dir="0" index="3" bw="7" slack="0"/>
<pin id="519" dir="1" index="4" bw="56" slack="0"/>
</pin_list>
<bind>
<opcode="partselect(1002) " fcode="partselect"/>
<opset="lshr_ln22_2/75 "/>
</bind>
</comp>

<comp id="524" class="1004" name="zext_ln22_2_fu_524">
<pin_list>
<pin id="525" dir="0" index="0" bw="56" slack="0"/>
<pin id="526" dir="1" index="1" bw="64" slack="0"/>
</pin_list>
<bind>
<opcode="zext(34) " fcode="zext"/>
<opset="zext_ln22_2/75 "/>
</bind>
</comp>

<comp id="528" class="1004" name="sext_ln22_2_fu_528">
<pin_list>
<pin id="529" dir="0" index="0" bw="8" slack="0"/>
<pin id="530" dir="1" index="1" bw="9" slack="0"/>
</pin_list>
<bind>
<opcode="sext(35) " fcode="sext"/>
<opset="sext_ln22_2/75 "/>
</bind>
</comp>

<comp id="532" class="1004" name="trunc_ln22_3_fu_532">
<pin_list>
<pin id="533" dir="0" index="0" bw="64" slack="0"/>
<pin id="534" dir="1" index="1" bw="8" slack="0"/>
</pin_list>
<bind>
<opcode="trunc(33) " fcode="trunc"/>
<opset="trunc_ln22_3/75 "/>
</bind>
</comp>

<comp id="536" class="1004" name="lshr_ln22_3_fu_536">
<pin_list>
<pin id="537" dir="0" index="0" bw="56" slack="0"/>
<pin id="538" dir="0" index="1" bw="64" slack="0"/>
<pin id="539" dir="0" index="2" bw="5" slack="0"/>
<pin id="540" dir="0" index="3" bw="7" slack="0"/>
<pin id="541" dir="1" index="4" bw="56" slack="0"/>
</pin_list>
<bind>
<opcode="partselect(1002) " fcode="partselect"/>
<opset="lshr_ln22_3/75 "/>
</bind>
</comp>

<comp id="546" class="1004" name="zext_ln22_3_fu_546">
<pin_list>
<pin id="547" dir="0" index="0" bw="56" slack="0"/>
<pin id="548" dir="1" index="1" bw="64" slack="0"/>
</pin_list>
<bind>
<opcode="zext(34) " fcode="zext"/>
<opset="zext_ln22_3/75 "/>
</bind>
</comp>

<comp id="550" class="1004" name="sext_ln22_3_fu_550">
<pin_list>
<pin id="551" dir="0" index="0" bw="8" slack="0"/>
<pin id="552" dir="1" index="1" bw="9" slack="0"/>
</pin_list>
<bind>
<opcode="sext(35) " fcode="sext"/>
<opset="sext_ln22_3/75 "/>
</bind>
</comp>

<comp id="554" class="1004" name="add_ln22_1_fu_554">
<pin_list>
<pin id="555" dir="0" index="0" bw="8" slack="0"/>
<pin id="556" dir="0" index="1" bw="8" slack="0"/>
<pin id="557" dir="1" index="2" bw="9" slack="0"/>
</pin_list>
<bind>
<opcode="add(8) " fcode="add"/>
<opset="add_ln22_1/75 "/>
</bind>
</comp>

<comp id="560" class="1004" name="tmp_2_fu_560">
<pin_list>
<pin id="561" dir="0" index="0" bw="105" slack="0"/>
<pin id="562" dir="0" index="1" bw="121" slack="0"/>
<pin id="563" dir="0" index="2" bw="6" slack="0"/>
<pin id="564" dir="0" index="3" bw="8" slack="0"/>
<pin id="565" dir="1" index="4" bw="105" slack="0"/>
</pin_list>
<bind>
<opcode="partselect(1002) " fcode="partselect"/>
<opset="tmp_2/75 "/>
</bind>
</comp>

<comp id="570" class="1004" name="sext_ln22_4_fu_570">
<pin_list>
<pin id="571" dir="0" index="0" bw="105" slack="0"/>
<pin id="572" dir="1" index="1" bw="109" slack="0"/>
</pin_list>
<bind>
<opcode="sext(35) " fcode="sext"/>
<opset="sext_ln22_4/75 "/>
</bind>
</comp>

<comp id="574" class="1004" name="tmp_fu_574">
<pin_list>
<pin id="575" dir="0" index="0" bw="121" slack="0"/>
<pin id="576" dir="0" index="1" bw="9" slack="0"/>
<pin id="577" dir="0" index="2" bw="1" slack="0"/>
<pin id="578" dir="0" index="3" bw="105" slack="0"/>
<pin id="579" dir="1" index="4" bw="121" slack="0"/>
</pin_list>
<bind>
<opcode="bitconcatenate(1004) " fcode="bitconcatenate"/>
<opset="tmp/75 "/>
</bind>
</comp>

<comp id="584" class="1004" name="tmp_3_fu_584">
<pin_list>
<pin id="585" dir="0" index="0" bw="105" slack="0"/>
<pin id="586" dir="0" index="1" bw="121" slack="0"/>
<pin id="587" dir="0" index="2" bw="6" slack="0"/>
<pin id="588" dir="0" index="3" bw="8" slack="0"/>
<pin id="589" dir="1" index="4" bw="105" slack="0"/>
</pin_list>
<bind>
<opcode="partselect(1002) " fcode="partselect"/>
<opset="tmp_3/75 "/>
</bind>
</comp>

<comp id="594" class="1004" name="sext_ln22_5_fu_594">
<pin_list>
<pin id="595" dir="0" index="0" bw="105" slack="0"/>
<pin id="596" dir="1" index="1" bw="109" slack="0"/>
</pin_list>
<bind>
<opcode="sext(35) " fcode="sext"/>
<opset="sext_ln22_5/75 "/>
</bind>
</comp>

<comp id="598" class="1004" name="tmp_1_fu_598">
<pin_list>
<pin id="599" dir="0" index="0" bw="121" slack="0"/>
<pin id="600" dir="0" index="1" bw="9" slack="0"/>
<pin id="601" dir="0" index="2" bw="1" slack="0"/>
<pin id="602" dir="0" index="3" bw="105" slack="0"/>
<pin id="603" dir="1" index="4" bw="121" slack="0"/>
</pin_list>
<bind>
<opcode="bitconcatenate(1004) " fcode="bitconcatenate"/>
<opset="tmp_1/75 "/>
</bind>
</comp>

<comp id="608" class="1004" name="i_fu_608">
<pin_list>
<pin id="609" dir="0" index="0" bw="5" slack="0"/>
<pin id="610" dir="0" index="1" bw="3" slack="0"/>
<pin id="611" dir="1" index="2" bw="5" slack="0"/>
</pin_list>
<bind>
<opcode="add(8) " fcode="add"/>
<opset="i/75 "/>
</bind>
</comp>

<comp id="614" class="1004" name="tmp_4_fu_614">
<pin_list>
<pin id="615" dir="0" index="0" bw="1" slack="0"/>
<pin id="616" dir="0" index="1" bw="5" slack="0"/>
<pin id="617" dir="0" index="2" bw="4" slack="0"/>
<pin id="618" dir="1" index="3" bw="1" slack="2147483647"/>
</pin_list>
<bind>
<opcode="bitselect(1000) " fcode="bitselect"/>
<opset="tmp_4/75 "/>
</bind>
</comp>

<comp id="622" class="1004" name="store_ln22_store_fu_622">
<pin_list>
<pin id="623" dir="0" index="0" bw="121" slack="0"/>
<pin id="624" dir="0" index="1" bw="121" slack="74"/>
<pin id="625" dir="1" index="2" bw="0" slack="2147483647"/>
</pin_list>
<bind>
<opcode="store(28) " fcode="store"/>
<opset="store_ln22/75 "/>
</bind>
</comp>

<comp id="627" class="1004" name="store_ln22_store_fu_627">
<pin_list>
<pin id="628" dir="0" index="0" bw="121" slack="0"/>
<pin id="629" dir="0" index="1" bw="121" slack="74"/>
<pin id="630" dir="1" index="2" bw="0" slack="2147483647"/>
</pin_list>
<bind>
<opcode="store(28) " fcode="store"/>
<opset="store_ln22/75 "/>
</bind>
</comp>

<comp id="632" class="1004" name="store_ln22_store_fu_632">
<pin_list>
<pin id="633" dir="0" index="0" bw="56" slack="0"/>
<pin id="634" dir="0" index="1" bw="64" slack="74"/>
<pin id="635" dir="1" index="2" bw="0" slack="2147483647"/>
</pin_list>
<bind>
<opcode="store(28) " fcode="store"/>
<opset="store_ln22/75 "/>
</bind>
</comp>

<comp id="637" class="1004" name="store_ln22_store_fu_637">
<pin_list>
<pin id="638" dir="0" index="0" bw="56" slack="0"/>
<pin id="639" dir="0" index="1" bw="64" slack="74"/>
<pin id="640" dir="1" index="2" bw="0" slack="2147483647"/>
</pin_list>
<bind>
<opcode="store(28) " fcode="store"/>
<opset="store_ln22/75 "/>
</bind>
</comp>

<comp id="642" class="1004" name="store_ln22_store_fu_642">
<pin_list>
<pin id="643" dir="0" index="0" bw="56" slack="0"/>
<pin id="644" dir="0" index="1" bw="64" slack="74"/>
<pin id="645" dir="1" index="2" bw="0" slack="2147483647"/>
</pin_list>
<bind>
<opcode="store(28) " fcode="store"/>
<opset="store_ln22/75 "/>
</bind>
</comp>

<comp id="647" class="1004" name="store_ln22_store_fu_647">
<pin_list>
<pin id="648" dir="0" index="0" bw="56" slack="0"/>
<pin id="649" dir="0" index="1" bw="64" slack="74"/>
<pin id="650" dir="1" index="2" bw="0" slack="2147483647"/>
</pin_list>
<bind>
<opcode="store(28) " fcode="store"/>
<opset="store_ln22/75 "/>
</bind>
</comp>

<comp id="652" class="1004" name="store_ln19_store_fu_652">
<pin_list>
<pin id="653" dir="0" index="0" bw="5" slack="0"/>
<pin id="654" dir="0" index="1" bw="5" slack="74"/>
<pin id="655" dir="1" index="2" bw="0" slack="2147483647"/>
</pin_list>
<bind>
<opcode="store(28) " fcode="store"/>
<opset="store_ln19/75 "/>
</bind>
</comp>

<comp id="657" class="1004" name="sext_ln19_4_fu_657">
<pin_list>
<pin id="658" dir="0" index="0" bw="121" slack="2"/>
<pin id="659" dir="1" index="1" bw="125" slack="0"/>
</pin_list>
<bind>
<opcode="sext(35) " fcode="sext"/>
<opset="sext_ln19_4/77 "/>
</bind>
</comp>

<comp id="660" class="1004" name="zext_ln19_fu_660">
<pin_list>
<pin id="661" dir="0" index="0" bw="121" slack="0"/>
<pin id="662" dir="1" index="1" bw="128" slack="0"/>
</pin_list>
<bind>
<opcode="zext(34) " fcode="zext"/>
<opset="zext_ln19/77 "/>
</bind>
</comp>

<comp id="665" class="1004" name="sext_ln19_5_fu_665">
<pin_list>
<pin id="666" dir="0" index="0" bw="121" slack="2"/>
<pin id="667" dir="1" index="1" bw="125" slack="0"/>
</pin_list>
<bind>
<opcode="sext(35) " fcode="sext"/>
<opset="sext_ln19_5/77 "/>
</bind>
</comp>

<comp id="668" class="1004" name="zext_ln19_1_fu_668">
<pin_list>
<pin id="669" dir="0" index="0" bw="121" slack="0"/>
<pin id="670" dir="1" index="1" bw="128" slack="0"/>
</pin_list>
<bind>
<opcode="zext(34) " fcode="zext"/>
<opset="zext_ln19_1/77 "/>
</bind>
</comp>

<comp id="673" class="1005" name="i1_reg_673">
<pin_list>
<pin id="674" dir="0" index="0" bw="5" slack="0"/>
<pin id="675" dir="1" index="1" bw="5" slack="0"/>
</pin_list>
<bind>
<opset="i1 "/>
</bind>
</comp>

<comp id="680" class="1005" name="shiftreg2_reg_680">
<pin_list>
<pin id="681" dir="0" index="0" bw="64" slack="73"/>
<pin id="682" dir="1" index="1" bw="64" slack="73"/>
</pin_list>
<bind>
<opset="shiftreg2 "/>
</bind>
</comp>

<comp id="687" class="1005" name="shiftreg83_reg_687">
<pin_list>
<pin id="688" dir="0" index="0" bw="64" slack="73"/>
<pin id="689" dir="1" index="1" bw="64" slack="73"/>
</pin_list>
<bind>
<opset="shiftreg83 "/>
</bind>
</comp>

<comp id="694" class="1005" name="shiftreg104_reg_694">
<pin_list>
<pin id="695" dir="0" index="0" bw="64" slack="73"/>
<pin id="696" dir="1" index="1" bw="64" slack="73"/>
</pin_list>
<bind>
<opset="shiftreg104 "/>
</bind>
</comp>

<comp id="701" class="1005" name="shiftreg125_reg_701">
<pin_list>
<pin id="702" dir="0" index="0" bw="64" slack="73"/>
<pin id="703" dir="1" index="1" bw="64" slack="73"/>
</pin_list>
<bind>
<opset="shiftreg125 "/>
</bind>
</comp>

<comp id="708" class="1005" name="shiftreg146_reg_708">
<pin_list>
<pin id="709" dir="0" index="0" bw="121" slack="0"/>
<pin id="710" dir="1" index="1" bw="121" slack="0"/>
</pin_list>
<bind>
<opset="shiftreg146 "/>
</bind>
</comp>

<comp id="715" class="1005" name="shiftreg168_reg_715">
<pin_list>
<pin id="716" dir="0" index="0" bw="121" slack="0"/>
<pin id="717" dir="1" index="1" bw="121" slack="0"/>
</pin_list>
<bind>
<opset="shiftreg168 "/>
</bind>
</comp>

<comp id="722" class="1005" name="trunc_ln_reg_722">
<pin_list>
<pin id="723" dir="0" index="0" bw="61" slack="1"/>
<pin id="724" dir="1" index="1" bw="61" slack="1"/>
</pin_list>
<bind>
<opset="trunc_ln "/>
</bind>
</comp>

<comp id="727" class="1005" name="trunc_ln19_1_reg_727">
<pin_list>
<pin id="728" dir="0" index="0" bw="61" slack="1"/>
<pin id="729" dir="1" index="1" bw="61" slack="1"/>
</pin_list>
<bind>
<opset="trunc_ln19_1 "/>
</bind>
</comp>

<comp id="732" class="1005" name="trunc_ln19_2_reg_732">
<pin_list>
<pin id="733" dir="0" index="0" bw="61" slack="1"/>
<pin id="734" dir="1" index="1" bw="61" slack="1"/>
</pin_list>
<bind>
<opset="trunc_ln19_2 "/>
</bind>
</comp>

<comp id="737" class="1005" name="trunc_ln19_3_reg_737">
<pin_list>
<pin id="738" dir="0" index="0" bw="61" slack="1"/>
<pin id="739" dir="1" index="1" bw="61" slack="1"/>
</pin_list>
<bind>
<opset="trunc_ln19_3 "/>
</bind>
</comp>

<comp id="742" class="1005" name="p_cast_reg_742">
<pin_list>
<pin id="743" dir="0" index="0" bw="60" slack="73"/>
<pin id="744" dir="1" index="1" bw="60" slack="73"/>
</pin_list>
<bind>
<opset="p_cast "/>
</bind>
</comp>

<comp id="747" class="1005" name="p_cast1_reg_747">
<pin_list>
<pin id="748" dir="0" index="0" bw="60" slack="73"/>
<pin id="749" dir="1" index="1" bw="60" slack="73"/>
</pin_list>
<bind>
<opset="p_cast1 "/>
</bind>
</comp>

<comp id="752" class="1005" name="gmem0_0_addr_reg_752">
<pin_list>
<pin id="753" dir="0" index="0" bw="64" slack="1"/>
<pin id="754" dir="1" index="1" bw="64" slack="1"/>
</pin_list>
<bind>
<opset="gmem0_0_addr "/>
</bind>
</comp>

<comp id="758" class="1005" name="gmem1_0_addr_reg_758">
<pin_list>
<pin id="759" dir="0" index="0" bw="64" slack="1"/>
<pin id="760" dir="1" index="1" bw="64" slack="1"/>
</pin_list>
<bind>
<opset="gmem1_0_addr "/>
</bind>
</comp>

<comp id="764" class="1005" name="gmem0_1_addr_reg_764">
<pin_list>
<pin id="765" dir="0" index="0" bw="64" slack="1"/>
<pin id="766" dir="1" index="1" bw="64" slack="1"/>
</pin_list>
<bind>
<opset="gmem0_1_addr "/>
</bind>
</comp>

<comp id="770" class="1005" name="gmem1_1_addr_reg_770">
<pin_list>
<pin id="771" dir="0" index="0" bw="64" slack="1"/>
<pin id="772" dir="1" index="1" bw="64" slack="1"/>
</pin_list>
<bind>
<opset="gmem1_1_addr "/>
</bind>
</comp>

<comp id="776" class="1005" name="gmem0_0_addr_read_reg_776">
<pin_list>
<pin id="777" dir="0" index="0" bw="64" slack="1"/>
<pin id="778" dir="1" index="1" bw="64" slack="1"/>
</pin_list>
<bind>
<opset="gmem0_0_addr_read "/>
</bind>
</comp>

<comp id="781" class="1005" name="gmem1_0_addr_read_reg_781">
<pin_list>
<pin id="782" dir="0" index="0" bw="64" slack="1"/>
<pin id="783" dir="1" index="1" bw="64" slack="1"/>
</pin_list>
<bind>
<opset="gmem1_0_addr_read "/>
</bind>
</comp>

<comp id="786" class="1005" name="gmem0_1_addr_read_reg_786">
<pin_list>
<pin id="787" dir="0" index="0" bw="64" slack="1"/>
<pin id="788" dir="1" index="1" bw="64" slack="1"/>
</pin_list>
<bind>
<opset="gmem0_1_addr_read "/>
</bind>
</comp>

<comp id="791" class="1005" name="gmem1_1_addr_read_reg_791">
<pin_list>
<pin id="792" dir="0" index="0" bw="64" slack="1"/>
<pin id="793" dir="1" index="1" bw="64" slack="1"/>
</pin_list>
<bind>
<opset="gmem1_1_addr_read "/>
</bind>
</comp>

<comp id="796" class="1005" name="gmem2_1_addr_reg_796">
<pin_list>
<pin id="797" dir="0" index="0" bw="128" slack="2"/>
<pin id="798" dir="1" index="1" bw="128" slack="2"/>
</pin_list>
<bind>
<opset="gmem2_1_addr "/>
</bind>
</comp>

<comp id="803" class="1005" name="gmem2_0_addr_reg_803">
<pin_list>
<pin id="804" dir="0" index="0" bw="128" slack="2"/>
<pin id="805" dir="1" index="1" bw="128" slack="2"/>
</pin_list>
<bind>
<opset="gmem2_0_addr "/>
</bind>
</comp>

<comp id="810" class="1005" name="tmp_reg_810">
<pin_list>
<pin id="811" dir="0" index="0" bw="121" slack="2"/>
<pin id="812" dir="1" index="1" bw="121" slack="2"/>
</pin_list>
<bind>
<opset="tmp "/>
</bind>
</comp>

<comp id="815" class="1005" name="tmp_1_reg_815">
<pin_list>
<pin id="816" dir="0" index="0" bw="121" slack="2"/>
<pin id="817" dir="1" index="1" bw="121" slack="2"/>
</pin_list>
<bind>
<opset="tmp_1 "/>
</bind>
</comp>

</comp_list>

<net_list>
<net id="141"><net_src comp="24" pin="0"/><net_sink comp="138" pin=0"/></net>

<net id="145"><net_src comp="24" pin="0"/><net_sink comp="142" pin=0"/></net>

<net id="149"><net_src comp="24" pin="0"/><net_sink comp="146" pin=0"/></net>

<net id="153"><net_src comp="24" pin="0"/><net_sink comp="150" pin=0"/></net>

<net id="157"><net_src comp="24" pin="0"/><net_sink comp="154" pin=0"/></net>

<net id="161"><net_src comp="24" pin="0"/><net_sink comp="158" pin=0"/></net>

<net id="165"><net_src comp="24" pin="0"/><net_sink comp="162" pin=0"/></net>

<net id="170"><net_src comp="26" pin="0"/><net_sink comp="166" pin=0"/></net>

<net id="171"><net_src comp="22" pin="0"/><net_sink comp="166" pin=1"/></net>

<net id="176"><net_src comp="26" pin="0"/><net_sink comp="172" pin=0"/></net>

<net id="177"><net_src comp="20" pin="0"/><net_sink comp="172" pin=1"/></net>

<net id="182"><net_src comp="26" pin="0"/><net_sink comp="178" pin=0"/></net>

<net id="183"><net_src comp="18" pin="0"/><net_sink comp="178" pin=1"/></net>

<net id="188"><net_src comp="26" pin="0"/><net_sink comp="184" pin=0"/></net>

<net id="189"><net_src comp="16" pin="0"/><net_sink comp="184" pin=1"/></net>

<net id="194"><net_src comp="26" pin="0"/><net_sink comp="190" pin=0"/></net>

<net id="195"><net_src comp="14" pin="0"/><net_sink comp="190" pin=1"/></net>

<net id="200"><net_src comp="26" pin="0"/><net_sink comp="196" pin=0"/></net>

<net id="201"><net_src comp="12" pin="0"/><net_sink comp="196" pin=1"/></net>

<net id="207"><net_src comp="42" pin="0"/><net_sink comp="202" pin=0"/></net>

<net id="208"><net_src comp="44" pin="0"/><net_sink comp="202" pin=2"/></net>

<net id="214"><net_src comp="42" pin="0"/><net_sink comp="209" pin=0"/></net>

<net id="215"><net_src comp="44" pin="0"/><net_sink comp="209" pin=2"/></net>

<net id="221"><net_src comp="42" pin="0"/><net_sink comp="216" pin=0"/></net>

<net id="222"><net_src comp="44" pin="0"/><net_sink comp="216" pin=2"/></net>

<net id="228"><net_src comp="42" pin="0"/><net_sink comp="223" pin=0"/></net>

<net id="229"><net_src comp="44" pin="0"/><net_sink comp="223" pin=2"/></net>

<net id="234"><net_src comp="46" pin="0"/><net_sink comp="230" pin=0"/></net>

<net id="239"><net_src comp="46" pin="0"/><net_sink comp="235" pin=0"/></net>

<net id="244"><net_src comp="46" pin="0"/><net_sink comp="240" pin=0"/></net>

<net id="249"><net_src comp="46" pin="0"/><net_sink comp="245" pin=0"/></net>

<net id="255"><net_src comp="130" pin="0"/><net_sink comp="250" pin=0"/></net>

<net id="256"><net_src comp="44" pin="0"/><net_sink comp="250" pin=2"/></net>

<net id="262"><net_src comp="130" pin="0"/><net_sink comp="257" pin=0"/></net>

<net id="263"><net_src comp="44" pin="0"/><net_sink comp="257" pin=2"/></net>

<net id="270"><net_src comp="132" pin="0"/><net_sink comp="264" pin=0"/></net>

<net id="271"><net_src comp="134" pin="0"/><net_sink comp="264" pin=3"/></net>

<net id="278"><net_src comp="132" pin="0"/><net_sink comp="272" pin=0"/></net>

<net id="279"><net_src comp="134" pin="0"/><net_sink comp="272" pin=3"/></net>

<net id="284"><net_src comp="136" pin="0"/><net_sink comp="280" pin=0"/></net>

<net id="289"><net_src comp="136" pin="0"/><net_sink comp="285" pin=0"/></net>

<net id="296"><net_src comp="28" pin="0"/><net_sink comp="290" pin=0"/></net>

<net id="297"><net_src comp="196" pin="2"/><net_sink comp="290" pin=1"/></net>

<net id="298"><net_src comp="30" pin="0"/><net_sink comp="290" pin=2"/></net>

<net id="299"><net_src comp="32" pin="0"/><net_sink comp="290" pin=3"/></net>

<net id="306"><net_src comp="28" pin="0"/><net_sink comp="300" pin=0"/></net>

<net id="307"><net_src comp="184" pin="2"/><net_sink comp="300" pin=1"/></net>

<net id="308"><net_src comp="30" pin="0"/><net_sink comp="300" pin=2"/></net>

<net id="309"><net_src comp="32" pin="0"/><net_sink comp="300" pin=3"/></net>

<net id="316"><net_src comp="28" pin="0"/><net_sink comp="310" pin=0"/></net>

<net id="317"><net_src comp="190" pin="2"/><net_sink comp="310" pin=1"/></net>

<net id="318"><net_src comp="30" pin="0"/><net_sink comp="310" pin=2"/></net>

<net id="319"><net_src comp="32" pin="0"/><net_sink comp="310" pin=3"/></net>

<net id="326"><net_src comp="28" pin="0"/><net_sink comp="320" pin=0"/></net>

<net id="327"><net_src comp="178" pin="2"/><net_sink comp="320" pin=1"/></net>

<net id="328"><net_src comp="30" pin="0"/><net_sink comp="320" pin=2"/></net>

<net id="329"><net_src comp="32" pin="0"/><net_sink comp="320" pin=3"/></net>

<net id="336"><net_src comp="34" pin="0"/><net_sink comp="330" pin=0"/></net>

<net id="337"><net_src comp="166" pin="2"/><net_sink comp="330" pin=1"/></net>

<net id="338"><net_src comp="36" pin="0"/><net_sink comp="330" pin=2"/></net>

<net id="339"><net_src comp="32" pin="0"/><net_sink comp="330" pin=3"/></net>

<net id="346"><net_src comp="34" pin="0"/><net_sink comp="340" pin=0"/></net>

<net id="347"><net_src comp="172" pin="2"/><net_sink comp="340" pin=1"/></net>

<net id="348"><net_src comp="36" pin="0"/><net_sink comp="340" pin=2"/></net>

<net id="349"><net_src comp="32" pin="0"/><net_sink comp="340" pin=3"/></net>

<net id="354"><net_src comp="38" pin="0"/><net_sink comp="350" pin=0"/></net>

<net id="359"><net_src comp="38" pin="0"/><net_sink comp="355" pin=0"/></net>

<net id="364"><net_src comp="40" pin="0"/><net_sink comp="360" pin=0"/></net>

<net id="372"><net_src comp="0" pin="0"/><net_sink comp="368" pin=0"/></net>

<net id="373"><net_src comp="365" pin="1"/><net_sink comp="368" pin=1"/></net>

<net id="374"><net_src comp="368" pin="2"/><net_sink comp="202" pin=1"/></net>

<net id="382"><net_src comp="4" pin="0"/><net_sink comp="378" pin=0"/></net>

<net id="383"><net_src comp="375" pin="1"/><net_sink comp="378" pin=1"/></net>

<net id="384"><net_src comp="378" pin="2"/><net_sink comp="209" pin=1"/></net>

<net id="392"><net_src comp="2" pin="0"/><net_sink comp="388" pin=0"/></net>

<net id="393"><net_src comp="385" pin="1"/><net_sink comp="388" pin=1"/></net>

<net id="394"><net_src comp="388" pin="2"/><net_sink comp="216" pin=1"/></net>

<net id="402"><net_src comp="6" pin="0"/><net_sink comp="398" pin=0"/></net>

<net id="403"><net_src comp="395" pin="1"/><net_sink comp="398" pin=1"/></net>

<net id="404"><net_src comp="398" pin="2"/><net_sink comp="223" pin=1"/></net>

<net id="412"><net_src comp="10" pin="0"/><net_sink comp="408" pin=0"/></net>

<net id="413"><net_src comp="405" pin="1"/><net_sink comp="408" pin=1"/></net>

<net id="421"><net_src comp="8" pin="0"/><net_sink comp="417" pin=0"/></net>

<net id="422"><net_src comp="414" pin="1"/><net_sink comp="417" pin=1"/></net>

<net id="463"><net_src comp="442" pin="1"/><net_sink comp="460" pin=0"/></net>

<net id="470"><net_src comp="116" pin="0"/><net_sink comp="464" pin=0"/></net>

<net id="471"><net_src comp="442" pin="1"/><net_sink comp="464" pin=1"/></net>

<net id="472"><net_src comp="106" pin="0"/><net_sink comp="464" pin=2"/></net>

<net id="473"><net_src comp="32" pin="0"/><net_sink comp="464" pin=3"/></net>

<net id="477"><net_src comp="464" pin="4"/><net_sink comp="474" pin=0"/></net>

<net id="481"><net_src comp="460" pin="1"/><net_sink comp="478" pin=0"/></net>

<net id="485"><net_src comp="445" pin="1"/><net_sink comp="482" pin=0"/></net>

<net id="492"><net_src comp="116" pin="0"/><net_sink comp="486" pin=0"/></net>

<net id="493"><net_src comp="445" pin="1"/><net_sink comp="486" pin=1"/></net>

<net id="494"><net_src comp="106" pin="0"/><net_sink comp="486" pin=2"/></net>

<net id="495"><net_src comp="32" pin="0"/><net_sink comp="486" pin=3"/></net>

<net id="499"><net_src comp="486" pin="4"/><net_sink comp="496" pin=0"/></net>

<net id="503"><net_src comp="482" pin="1"/><net_sink comp="500" pin=0"/></net>

<net id="508"><net_src comp="500" pin="1"/><net_sink comp="504" pin=0"/></net>

<net id="509"><net_src comp="478" pin="1"/><net_sink comp="504" pin=1"/></net>

<net id="513"><net_src comp="448" pin="1"/><net_sink comp="510" pin=0"/></net>

<net id="520"><net_src comp="116" pin="0"/><net_sink comp="514" pin=0"/></net>

<net id="521"><net_src comp="448" pin="1"/><net_sink comp="514" pin=1"/></net>

<net id="522"><net_src comp="106" pin="0"/><net_sink comp="514" pin=2"/></net>

<net id="523"><net_src comp="32" pin="0"/><net_sink comp="514" pin=3"/></net>

<net id="527"><net_src comp="514" pin="4"/><net_sink comp="524" pin=0"/></net>

<net id="531"><net_src comp="510" pin="1"/><net_sink comp="528" pin=0"/></net>

<net id="535"><net_src comp="451" pin="1"/><net_sink comp="532" pin=0"/></net>

<net id="542"><net_src comp="116" pin="0"/><net_sink comp="536" pin=0"/></net>

<net id="543"><net_src comp="451" pin="1"/><net_sink comp="536" pin=1"/></net>

<net id="544"><net_src comp="106" pin="0"/><net_sink comp="536" pin=2"/></net>

<net id="545"><net_src comp="32" pin="0"/><net_sink comp="536" pin=3"/></net>

<net id="549"><net_src comp="536" pin="4"/><net_sink comp="546" pin=0"/></net>

<net id="553"><net_src comp="532" pin="1"/><net_sink comp="550" pin=0"/></net>

<net id="558"><net_src comp="550" pin="1"/><net_sink comp="554" pin=0"/></net>

<net id="559"><net_src comp="528" pin="1"/><net_sink comp="554" pin=1"/></net>

<net id="566"><net_src comp="118" pin="0"/><net_sink comp="560" pin=0"/></net>

<net id="567"><net_src comp="454" pin="1"/><net_sink comp="560" pin=1"/></net>

<net id="568"><net_src comp="70" pin="0"/><net_sink comp="560" pin=2"/></net>

<net id="569"><net_src comp="120" pin="0"/><net_sink comp="560" pin=3"/></net>

<net id="573"><net_src comp="560" pin="4"/><net_sink comp="570" pin=0"/></net>

<net id="580"><net_src comp="122" pin="0"/><net_sink comp="574" pin=0"/></net>

<net id="581"><net_src comp="504" pin="2"/><net_sink comp="574" pin=1"/></net>

<net id="582"><net_src comp="124" pin="0"/><net_sink comp="574" pin=2"/></net>

<net id="583"><net_src comp="570" pin="1"/><net_sink comp="574" pin=3"/></net>

<net id="590"><net_src comp="118" pin="0"/><net_sink comp="584" pin=0"/></net>

<net id="591"><net_src comp="457" pin="1"/><net_sink comp="584" pin=1"/></net>

<net id="592"><net_src comp="70" pin="0"/><net_sink comp="584" pin=2"/></net>

<net id="593"><net_src comp="120" pin="0"/><net_sink comp="584" pin=3"/></net>

<net id="597"><net_src comp="584" pin="4"/><net_sink comp="594" pin=0"/></net>

<net id="604"><net_src comp="122" pin="0"/><net_sink comp="598" pin=0"/></net>

<net id="605"><net_src comp="554" pin="2"/><net_sink comp="598" pin=1"/></net>

<net id="606"><net_src comp="124" pin="0"/><net_sink comp="598" pin=2"/></net>

<net id="607"><net_src comp="594" pin="1"/><net_sink comp="598" pin=3"/></net>

<net id="612"><net_src comp="439" pin="1"/><net_sink comp="608" pin=0"/></net>

<net id="613"><net_src comp="126" pin="0"/><net_sink comp="608" pin=1"/></net>

<net id="619"><net_src comp="128" pin="0"/><net_sink comp="614" pin=0"/></net>

<net id="620"><net_src comp="608" pin="2"/><net_sink comp="614" pin=1"/></net>

<net id="621"><net_src comp="36" pin="0"/><net_sink comp="614" pin=2"/></net>

<net id="626"><net_src comp="598" pin="4"/><net_sink comp="622" pin=0"/></net>

<net id="631"><net_src comp="574" pin="4"/><net_sink comp="627" pin=0"/></net>

<net id="636"><net_src comp="546" pin="1"/><net_sink comp="632" pin=0"/></net>

<net id="641"><net_src comp="524" pin="1"/><net_sink comp="637" pin=0"/></net>

<net id="646"><net_src comp="496" pin="1"/><net_sink comp="642" pin=0"/></net>

<net id="651"><net_src comp="474" pin="1"/><net_sink comp="647" pin=0"/></net>

<net id="656"><net_src comp="608" pin="2"/><net_sink comp="652" pin=0"/></net>

<net id="663"><net_src comp="657" pin="1"/><net_sink comp="660" pin=0"/></net>

<net id="664"><net_src comp="660" pin="1"/><net_sink comp="272" pin=2"/></net>

<net id="671"><net_src comp="665" pin="1"/><net_sink comp="668" pin=0"/></net>

<net id="672"><net_src comp="668" pin="1"/><net_sink comp="264" pin=2"/></net>

<net id="676"><net_src comp="138" pin="1"/><net_sink comp="673" pin=0"/></net>

<net id="677"><net_src comp="673" pin="1"/><net_sink comp="360" pin=1"/></net>

<net id="678"><net_src comp="673" pin="1"/><net_sink comp="439" pin=0"/></net>

<net id="679"><net_src comp="673" pin="1"/><net_sink comp="652" pin=1"/></net>

<net id="683"><net_src comp="142" pin="1"/><net_sink comp="680" pin=0"/></net>

<net id="684"><net_src comp="680" pin="1"/><net_sink comp="435" pin=1"/></net>

<net id="685"><net_src comp="680" pin="1"/><net_sink comp="442" pin=0"/></net>

<net id="686"><net_src comp="680" pin="1"/><net_sink comp="647" pin=1"/></net>

<net id="690"><net_src comp="146" pin="1"/><net_sink comp="687" pin=0"/></net>

<net id="691"><net_src comp="687" pin="1"/><net_sink comp="431" pin=1"/></net>

<net id="692"><net_src comp="687" pin="1"/><net_sink comp="445" pin=0"/></net>

<net id="693"><net_src comp="687" pin="1"/><net_sink comp="642" pin=1"/></net>

<net id="697"><net_src comp="150" pin="1"/><net_sink comp="694" pin=0"/></net>

<net id="698"><net_src comp="694" pin="1"/><net_sink comp="427" pin=1"/></net>

<net id="699"><net_src comp="694" pin="1"/><net_sink comp="448" pin=0"/></net>

<net id="700"><net_src comp="694" pin="1"/><net_sink comp="637" pin=1"/></net>

<net id="704"><net_src comp="154" pin="1"/><net_sink comp="701" pin=0"/></net>

<net id="705"><net_src comp="701" pin="1"/><net_sink comp="423" pin=1"/></net>

<net id="706"><net_src comp="701" pin="1"/><net_sink comp="451" pin=0"/></net>

<net id="707"><net_src comp="701" pin="1"/><net_sink comp="632" pin=1"/></net>

<net id="711"><net_src comp="158" pin="1"/><net_sink comp="708" pin=0"/></net>

<net id="712"><net_src comp="708" pin="1"/><net_sink comp="355" pin=1"/></net>

<net id="713"><net_src comp="708" pin="1"/><net_sink comp="454" pin=0"/></net>

<net id="714"><net_src comp="708" pin="1"/><net_sink comp="627" pin=1"/></net>

<net id="718"><net_src comp="162" pin="1"/><net_sink comp="715" pin=0"/></net>

<net id="719"><net_src comp="715" pin="1"/><net_sink comp="350" pin=1"/></net>

<net id="720"><net_src comp="715" pin="1"/><net_sink comp="457" pin=0"/></net>

<net id="721"><net_src comp="715" pin="1"/><net_sink comp="622" pin=1"/></net>

<net id="725"><net_src comp="290" pin="4"/><net_sink comp="722" pin=0"/></net>

<net id="726"><net_src comp="722" pin="1"/><net_sink comp="365" pin=0"/></net>

<net id="730"><net_src comp="300" pin="4"/><net_sink comp="727" pin=0"/></net>

<net id="731"><net_src comp="727" pin="1"/><net_sink comp="375" pin=0"/></net>

<net id="735"><net_src comp="310" pin="4"/><net_sink comp="732" pin=0"/></net>

<net id="736"><net_src comp="732" pin="1"/><net_sink comp="385" pin=0"/></net>

<net id="740"><net_src comp="320" pin="4"/><net_sink comp="737" pin=0"/></net>

<net id="741"><net_src comp="737" pin="1"/><net_sink comp="395" pin=0"/></net>

<net id="745"><net_src comp="330" pin="4"/><net_sink comp="742" pin=0"/></net>

<net id="746"><net_src comp="742" pin="1"/><net_sink comp="405" pin=0"/></net>

<net id="750"><net_src comp="340" pin="4"/><net_sink comp="747" pin=0"/></net>

<net id="751"><net_src comp="747" pin="1"/><net_sink comp="414" pin=0"/></net>

<net id="755"><net_src comp="368" pin="2"/><net_sink comp="752" pin=0"/></net>

<net id="756"><net_src comp="752" pin="1"/><net_sink comp="202" pin=1"/></net>

<net id="757"><net_src comp="752" pin="1"/><net_sink comp="230" pin=1"/></net>

<net id="761"><net_src comp="378" pin="2"/><net_sink comp="758" pin=0"/></net>

<net id="762"><net_src comp="758" pin="1"/><net_sink comp="209" pin=1"/></net>

<net id="763"><net_src comp="758" pin="1"/><net_sink comp="235" pin=1"/></net>

<net id="767"><net_src comp="388" pin="2"/><net_sink comp="764" pin=0"/></net>

<net id="768"><net_src comp="764" pin="1"/><net_sink comp="216" pin=1"/></net>

<net id="769"><net_src comp="764" pin="1"/><net_sink comp="240" pin=1"/></net>

<net id="773"><net_src comp="398" pin="2"/><net_sink comp="770" pin=0"/></net>

<net id="774"><net_src comp="770" pin="1"/><net_sink comp="223" pin=1"/></net>

<net id="775"><net_src comp="770" pin="1"/><net_sink comp="245" pin=1"/></net>

<net id="779"><net_src comp="230" pin="2"/><net_sink comp="776" pin=0"/></net>

<net id="780"><net_src comp="776" pin="1"/><net_sink comp="435" pin=0"/></net>

<net id="784"><net_src comp="235" pin="2"/><net_sink comp="781" pin=0"/></net>

<net id="785"><net_src comp="781" pin="1"/><net_sink comp="431" pin=0"/></net>

<net id="789"><net_src comp="240" pin="2"/><net_sink comp="786" pin=0"/></net>

<net id="790"><net_src comp="786" pin="1"/><net_sink comp="427" pin=0"/></net>

<net id="794"><net_src comp="245" pin="2"/><net_sink comp="791" pin=0"/></net>

<net id="795"><net_src comp="791" pin="1"/><net_sink comp="423" pin=0"/></net>

<net id="799"><net_src comp="408" pin="2"/><net_sink comp="796" pin=0"/></net>

<net id="800"><net_src comp="796" pin="1"/><net_sink comp="257" pin=1"/></net>

<net id="801"><net_src comp="796" pin="1"/><net_sink comp="272" pin=1"/></net>

<net id="802"><net_src comp="796" pin="1"/><net_sink comp="285" pin=1"/></net>

<net id="806"><net_src comp="417" pin="2"/><net_sink comp="803" pin=0"/></net>

<net id="807"><net_src comp="803" pin="1"/><net_sink comp="250" pin=1"/></net>

<net id="808"><net_src comp="803" pin="1"/><net_sink comp="264" pin=1"/></net>

<net id="809"><net_src comp="803" pin="1"/><net_sink comp="280" pin=1"/></net>

<net id="813"><net_src comp="574" pin="4"/><net_sink comp="810" pin=0"/></net>

<net id="814"><net_src comp="810" pin="1"/><net_sink comp="665" pin=0"/></net>

<net id="818"><net_src comp="598" pin="4"/><net_sink comp="815" pin=0"/></net>

<net id="819"><net_src comp="815" pin="1"/><net_sink comp="657" pin=0"/></net>

</net_list>

</model> 
---------------- Datapath Model END ------------------

* FSMD analyzer results:
  - Output states:
	Port: gmem2_0 | {76 77 78 79 80 81 82 83 84 85 86 87 88 89 90 91 92 93 94 95 96 97 98 99 100 101 102 103 104 105 106 107 108 109 110 111 112 113 114 115 116 117 118 119 120 121 122 123 124 125 126 127 128 129 130 131 132 133 134 135 136 137 138 139 140 141 142 143 144 145 }
	Port: gmem2_1 | {76 77 78 79 80 81 82 83 84 85 86 87 88 89 90 91 92 93 94 95 96 97 98 99 100 101 102 103 104 105 106 107 108 109 110 111 112 113 114 115 116 117 118 119 120 121 122 123 124 125 126 127 128 129 130 131 132 133 134 135 136 137 138 139 140 141 142 143 144 145 }
 - Input state : 
	Port: kernel : gmem0_0 | {2 3 4 5 6 7 8 9 10 11 12 13 14 15 16 17 18 19 20 21 22 23 24 25 26 27 28 29 30 31 32 33 34 35 36 37 38 39 40 41 42 43 44 45 46 47 48 49 50 51 52 53 54 55 56 57 58 59 60 61 62 63 64 65 66 67 68 69 70 71 72 73 }
	Port: kernel : gmem0_1 | {2 3 4 5 6 7 8 9 10 11 12 13 14 15 16 17 18 19 20 21 22 23 24 25 26 27 28 29 30 31 32 33 34 35 36 37 38 39 40 41 42 43 44 45 46 47 48 49 50 51 52 53 54 55 56 57 58 59 60 61 62 63 64 65 66 67 68 69 70 71 72 73 }
	Port: kernel : gmem1_0 | {2 3 4 5 6 7 8 9 10 11 12 13 14 15 16 17 18 19 20 21 22 23 24 25 26 27 28 29 30 31 32 33 34 35 36 37 38 39 40 41 42 43 44 45 46 47 48 49 50 51 52 53 54 55 56 57 58 59 60 61 62 63 64 65 66 67 68 69 70 71 72 73 }
	Port: kernel : gmem1_1 | {2 3 4 5 6 7 8 9 10 11 12 13 14 15 16 17 18 19 20 21 22 23 24 25 26 27 28 29 30 31 32 33 34 35 36 37 38 39 40 41 42 43 44 45 46 47 48 49 50 51 52 53 54 55 56 57 58 59 60 61 62 63 64 65 66 67 68 69 70 71 72 73 }
	Port: kernel : a_0 | {1 }
	Port: kernel : a_1 | {1 }
	Port: kernel : b_0 | {1 }
	Port: kernel : b_1 | {1 }
	Port: kernel : c_0 | {1 }
	Port: kernel : c_1 | {1 }
  - Chain level:
	State 1
		store_ln0 : 1
		store_ln0 : 1
		store_ln0 : 1
	State 2
		gmem0_0_addr : 1
		gmem0_0_load_req : 2
		gmem1_0_addr : 1
		gmem1_0_load_req : 2
		gmem0_1_addr : 1
		gmem0_1_load_req : 2
		gmem1_1_addr : 1
		gmem1_1_load_req : 2
	State 3
	State 4
	State 5
	State 6
	State 7
	State 8
	State 9
	State 10
	State 11
	State 12
	State 13
	State 14
	State 15
	State 16
	State 17
	State 18
	State 19
	State 20
	State 21
	State 22
	State 23
	State 24
	State 25
	State 26
	State 27
	State 28
	State 29
	State 30
	State 31
	State 32
	State 33
	State 34
	State 35
	State 36
	State 37
	State 38
	State 39
	State 40
	State 41
	State 42
	State 43
	State 44
	State 45
	State 46
	State 47
	State 48
	State 49
	State 50
	State 51
	State 52
	State 53
	State 54
	State 55
	State 56
	State 57
	State 58
	State 59
	State 60
	State 61
	State 62
	State 63
	State 64
	State 65
	State 66
	State 67
	State 68
	State 69
	State 70
	State 71
	State 72
	State 73
	State 74
		gmem2_1_addr : 1
		gmem2_0_addr : 1
	State 75
		trunc_ln22 : 1
		lshr_ln : 1
		zext_ln22 : 2
		sext_ln22 : 2
		trunc_ln22_1 : 1
		lshr_ln22_1 : 1
		zext_ln22_1 : 2
		sext_ln22_1 : 2
		add_ln22 : 3
		trunc_ln22_2 : 1
		lshr_ln22_2 : 1
		zext_ln22_2 : 2
		sext_ln22_2 : 2
		trunc_ln22_3 : 1
		lshr_ln22_3 : 1
		zext_ln22_3 : 2
		sext_ln22_3 : 2
		add_ln22_1 : 3
		tmp_2 : 1
		sext_ln22_4 : 2
		tmp : 4
		tmp_3 : 1
		sext_ln22_5 : 2
		tmp_1 : 4
		i : 1
		tmp_4 : 2
		store_ln22 : 5
		store_ln22 : 5
		store_ln22 : 3
		store_ln22 : 3
		store_ln22 : 3
		store_ln22 : 3
		store_ln19 : 2
		br_ln19 : 3
	State 76
	State 77
		zext_ln19 : 1
		zext_ln19_1 : 1
		write_ln24 : 2
		write_ln24 : 2
	State 78
	State 79
	State 80
	State 81
	State 82
	State 83
	State 84
	State 85
	State 86
	State 87
	State 88
	State 89
	State 90
	State 91
	State 92
	State 93
	State 94
	State 95
	State 96
	State 97
	State 98
	State 99
	State 100
	State 101
	State 102
	State 103
	State 104
	State 105
	State 106
	State 107
	State 108
	State 109
	State 110
	State 111
	State 112
	State 113
	State 114
	State 115
	State 116
	State 117
	State 118
	State 119
	State 120
	State 121
	State 122
	State 123
	State 124
	State 125
	State 126
	State 127
	State 128
	State 129
	State 130
	State 131
	State 132
	State 133
	State 134
	State 135
	State 136
	State 137
	State 138
	State 139
	State 140
	State 141
	State 142
	State 143
	State 144
	State 145


============================================================
+ Verbose Summary: Datapath Resource usage 
============================================================

* Functional unit list:
|----------|----------------------------------|---------|---------|
| Operation|          Functional Unit         |    FF   |   LUT   |
|----------|----------------------------------|---------|---------|
|          |          add_ln22_fu_504         |    0    |    15   |
|    add   |         add_ln22_1_fu_554        |    0    |    15   |
|          |             i_fu_608             |    0    |    13   |
|----------|----------------------------------|---------|---------|
|          |       c_1_read_read_fu_166       |    0    |    0    |
|          |       c_0_read_read_fu_172       |    0    |    0    |
|          |       b_1_read_read_fu_178       |    0    |    0    |
|          |       b_0_read_read_fu_184       |    0    |    0    |
|   read   |       a_1_read_read_fu_190       |    0    |    0    |
|          |       a_0_read_read_fu_196       |    0    |    0    |
|          |   gmem0_0_addr_read_read_fu_230  |    0    |    0    |
|          |   gmem1_0_addr_read_read_fu_235  |    0    |    0    |
|          |   gmem0_1_addr_read_read_fu_240  |    0    |    0    |
|          |   gmem1_1_addr_read_read_fu_245  |    0    |    0    |
|----------|----------------------------------|---------|---------|
|          |        grp_readreq_fu_202        |    0    |    0    |
|  readreq |        grp_readreq_fu_209        |    0    |    0    |
|          |        grp_readreq_fu_216        |    0    |    0    |
|          |        grp_readreq_fu_223        |    0    |    0    |
|----------|----------------------------------|---------|---------|
| writereq | gmem2_0_addr_req_writereq_fu_250 |    0    |    0    |
|          | gmem2_1_addr_req_writereq_fu_257 |    0    |    0    |
|----------|----------------------------------|---------|---------|
|   write  |      write_ln24_write_fu_264     |    0    |    0    |
|          |      write_ln24_write_fu_272     |    0    |    0    |
|----------|----------------------------------|---------|---------|
| writeresp|       grp_writeresp_fu_280       |    0    |    0    |
|          |       grp_writeresp_fu_285       |    0    |    0    |
|----------|----------------------------------|---------|---------|
|          |          trunc_ln_fu_290         |    0    |    0    |
|          |        trunc_ln19_1_fu_300       |    0    |    0    |
|          |        trunc_ln19_2_fu_310       |    0    |    0    |
|          |        trunc_ln19_3_fu_320       |    0    |    0    |
|          |           p_cast_fu_330          |    0    |    0    |
|partselect|          p_cast1_fu_340          |    0    |    0    |
|          |          lshr_ln_fu_464          |    0    |    0    |
|          |        lshr_ln22_1_fu_486        |    0    |    0    |
|          |        lshr_ln22_2_fu_514        |    0    |    0    |
|          |        lshr_ln22_3_fu_536        |    0    |    0    |
|          |           tmp_2_fu_560           |    0    |    0    |
|          |           tmp_3_fu_584           |    0    |    0    |
|----------|----------------------------------|---------|---------|
|          |         sext_ln19_fu_365         |    0    |    0    |
|          |        sext_ln19_1_fu_375        |    0    |    0    |
|          |        sext_ln19_2_fu_385        |    0    |    0    |
|          |        sext_ln19_3_fu_395        |    0    |    0    |
|          |        p_cast_cast_fu_405        |    0    |    0    |
|          |        p_cast1_cast_fu_414       |    0    |    0    |
|   sext   |         sext_ln22_fu_478         |    0    |    0    |
|          |        sext_ln22_1_fu_500        |    0    |    0    |
|          |        sext_ln22_2_fu_528        |    0    |    0    |
|          |        sext_ln22_3_fu_550        |    0    |    0    |
|          |        sext_ln22_4_fu_570        |    0    |    0    |
|          |        sext_ln22_5_fu_594        |    0    |    0    |
|          |        sext_ln19_4_fu_657        |    0    |    0    |
|          |        sext_ln19_5_fu_665        |    0    |    0    |
|----------|----------------------------------|---------|---------|
|          |         trunc_ln22_fu_460        |    0    |    0    |
|   trunc  |        trunc_ln22_1_fu_482       |    0    |    0    |
|          |        trunc_ln22_2_fu_510       |    0    |    0    |
|          |        trunc_ln22_3_fu_532       |    0    |    0    |
|----------|----------------------------------|---------|---------|
|          |         zext_ln22_fu_474         |    0    |    0    |
|          |        zext_ln22_1_fu_496        |    0    |    0    |
|   zext   |        zext_ln22_2_fu_524        |    0    |    0    |
|          |        zext_ln22_3_fu_546        |    0    |    0    |
|          |         zext_ln19_fu_660         |    0    |    0    |
|          |        zext_ln19_1_fu_668        |    0    |    0    |
|----------|----------------------------------|---------|---------|
|bitconcatenate|            tmp_fu_574            |    0    |    0    |
|          |           tmp_1_fu_598           |    0    |    0    |
|----------|----------------------------------|---------|---------|
| bitselect|           tmp_4_fu_614           |    0    |    0    |
|----------|----------------------------------|---------|---------|
|   Total  |                                  |    0    |    43   |
|----------|----------------------------------|---------|---------|

Memories:
N/A

* Register list:
+-------------------------+--------+
|                         |   FF   |
+-------------------------+--------+
|gmem0_0_addr_read_reg_776|   64   |
|   gmem0_0_addr_reg_752  |   64   |
|gmem0_1_addr_read_reg_786|   64   |
|   gmem0_1_addr_reg_764  |   64   |
|gmem1_0_addr_read_reg_781|   64   |
|   gmem1_0_addr_reg_758  |   64   |
|gmem1_1_addr_read_reg_791|   64   |
|   gmem1_1_addr_reg_770  |   64   |
|   gmem2_0_addr_reg_803  |   128  |
|   gmem2_1_addr_reg_796  |   128  |
|        i1_reg_673       |    5   |
|     p_cast1_reg_747     |   60   |
|      p_cast_reg_742     |   60   |
|   shiftreg104_reg_694   |   64   |
|   shiftreg125_reg_701   |   64   |
|   shiftreg146_reg_708   |   121  |
|   shiftreg168_reg_715   |   121  |
|    shiftreg2_reg_680    |   64   |
|    shiftreg83_reg_687   |   64   |
|      tmp_1_reg_815      |   121  |
|       tmp_reg_810       |   121  |
|   trunc_ln19_1_reg_727  |   61   |
|   trunc_ln19_2_reg_732  |   61   |
|   trunc_ln19_3_reg_737  |   61   |
|     trunc_ln_reg_722    |   61   |
+-------------------------+--------+
|          Total          |  1877  |
+-------------------------+--------+

* Multiplexer (MUX) list: 
|--------------------|------|------|------|--------||---------||---------||---------|
|        Comp        |  Pin | Size |  BW  | S x BW ||  Delay  ||    FF   ||   LUT   |
|--------------------|------|------|------|--------||---------||---------||---------|
| grp_readreq_fu_202 |  p1  |   2  |  64  |   128  ||    0    ||    9    |
| grp_readreq_fu_209 |  p1  |   2  |  64  |   128  ||    0    ||    9    |
| grp_readreq_fu_216 |  p1  |   2  |  64  |   128  ||    0    ||    9    |
| grp_readreq_fu_223 |  p1  |   2  |  64  |   128  ||    0    ||    9    |
|--------------------|------|------|------|--------||---------||---------||---------|
|        Total       |      |      |      |   512  ||  6.352  ||    0    ||    36   |
|--------------------|------|------|------|--------||---------||---------||---------|



* Summary:
+-----------+--------+--------+--------+
|           |  Delay |   FF   |   LUT  |
+-----------+--------+--------+--------+
|  Function |    -   |    0   |   43   |
|   Memory  |    -   |    -   |    -   |
|Multiplexer|    6   |    0   |   36   |
|  Register |    -   |  1877  |    -   |
+-----------+--------+--------+--------+
|   Total   |    6   |  1877  |   79   |
+-----------+--------+--------+--------+
