

================================================================
== Vitis HLS Report for 'kernel'
================================================================
* Date:           Thu Mar 19 04:03:35 2026

* Version:        2025.1 (Build 6135595 on May 21 2025)
* Project:        work
* Solution:       hls (Vitis Kernel Flow Target)
* Product family: virtexuplus
* Target device:  xcu200-fsgd2104-2-e


================================================================
== Performance Estimates
================================================================
+ Timing: 
    * Summary: 
    +--------+---------+----------+------------+
    |  Clock |  Target | Estimated| Uncertainty|
    +--------+---------+----------+------------+
    |ap_clk  |  5.00 ns|  3.650 ns|     1.35 ns|
    +--------+---------+----------+------------+

+ Latency: 
    * Summary: 
    +---------+---------+----------+----------+-----+-----+---------+
    |  Latency (cycles) |  Latency (absolute) |  Interval | Pipeline|
    |   min   |   max   |    min   |    max   | min | max |   Type  |
    +---------+---------+----------+----------+-----+-----+---------+
    |      159|      159|  0.795 us|  0.795 us|  160|  160|       no|
    +---------+---------+----------+----------+-----+-----+---------+

    + Detail: 
        * Instance: 
        N/A

        * Loop: 
        +----------+---------+---------+----------+-----------+-----------+------+----------+
        |          |  Latency (cycles) | Iteration|  Initiation Interval  | Trip |          |
        | Loop Name|   min   |   max   |  Latency |  achieved |   target  | Count| Pipelined|
        +----------+---------+---------+----------+-----------+-----------+------+----------+
        |- loop_c  |       15|       15|         1|          1|         16|    16|       yes|
        +----------+---------+---------+----------+-----------+-----------+------+----------+



================================================================
== Utilization Estimates
================================================================
* Summary: 
+---------------------+---------+------+---------+---------+-----+
|         Name        | BRAM_18K|  DSP |    FF   |   LUT   | URAM|
+---------------------+---------+------+---------+---------+-----+
|DSP                  |        -|     -|        -|        -|    -|
|Expression           |        -|     -|        0|       46|    -|
|FIFO                 |        -|     -|        -|        -|    -|
|Instance             |        8|     -|     2929|     3657|    0|
|Memory               |        -|     -|        -|        -|    -|
|Multiplexer          |        -|     -|        0|      877|    -|
|Register             |        -|     -|     1257|        -|    -|
+---------------------+---------+------+---------+---------+-----+
|Total                |        8|     0|     4186|     4580|    0|
+---------------------+---------+------+---------+---------+-----+
|Available SLR        |     1440|  2280|   788160|   394080|  320|
+---------------------+---------+------+---------+---------+-----+
|Utilization SLR (%)  |       ~0|     0|       ~0|        1|    0|
+---------------------+---------+------+---------+---------+-----+
|Available            |     4320|  6840|  2364480|  1182240|  960|
+---------------------+---------+------+---------+---------+-----+
|Utilization (%)      |       ~0|     0|       ~0|       ~0|    0|
+---------------------+---------+------+---------+---------+-----+

+ Detail: 
    * Instance: 
    +-----------------+---------------+---------+----+-----+------+-----+
    |     Instance    |     Module    | BRAM_18K| DSP|  FF |  LUT | URAM|
    +-----------------+---------------+---------+----+-----+------+-----+
    |control_s_axi_U  |control_s_axi  |        0|   0|  246|   424|    0|
    |gmem0_m_axi_U    |gmem0_m_axi    |        4|   0|  897|   952|    0|
    |gmem1_m_axi_U    |gmem1_m_axi    |        4|   0|  897|   952|    0|
    |gmem2_m_axi_U    |gmem2_m_axi    |        0|   0|  889|  1329|    0|
    +-----------------+---------------+---------+----+-----+------+-----+
    |Total            |               |        8|   0| 2929|  3657|    0|
    +-----------------+---------------+---------+----+-----+------+-----+

    * DSP: 
    N/A

    * Memory: 
    N/A

    * FIFO: 
    N/A

    * Expression: 
    +---------------------+----------+----+---+----+------------+------------+
    |    Variable Name    | Operation| DSP| FF| LUT| Bitwidth P0| Bitwidth P1|
    +---------------------+----------+----+---+----+------------+------------+
    |add_ln17_fu_308_p2   |         +|   0|  0|  16|           9|           9|
    |i_fu_338_p2          |         +|   0|  0|  12|           4|           1|
    |icmp_ln15_fu_344_p2  |      icmp|   0|  0|  12|           4|           2|
    |ap_block_state1      |        or|   0|  0|   2|           1|           1|
    |ap_block_state2_io   |        or|   0|  0|   2|           1|           1|
    |ap_block_state73     |        or|   0|  0|   2|           1|           1|
    +---------------------+----------+----+---+----+------------+------------+
    |Total                |          |   0|  0|  46|          20|          15|
    +---------------------+----------+----+---+----+------------+------------+

    * Multiplexer: 
    +--------------------+-----+-----------+-----+-----------+
    |        Name        | LUT | Input Size| Bits| Total Bits|
    +--------------------+-----+-----------+-----+-----------+
    |ap_NS_fsm           |  769|        146|    1|        146|
    |ap_done             |    9|          2|    1|          2|
    |gmem0_blk_n_AR      |    9|          2|    1|          2|
    |gmem0_blk_n_R       |    9|          2|    1|          2|
    |gmem1_blk_n_AR      |    9|          2|    1|          2|
    |gmem1_blk_n_R       |    9|          2|    1|          2|
    |gmem2_blk_n_AW      |    9|          2|    1|          2|
    |gmem2_blk_n_B       |    9|          2|    1|          2|
    |gmem2_blk_n_W       |    9|          2|    1|          2|
    |i1_fu_116           |    9|          2|    4|          8|
    |shiftreg104_fu_128  |    9|          2|  204|        408|
    |shiftreg2_fu_120    |    9|          2|  128|        256|
    |shiftreg83_fu_124   |    9|          2|  128|        256|
    +--------------------+-----+-----------+-----+-----------+
    |Total               |  877|        170|  473|       1090|
    +--------------------+-----+-----------+-----+-----------+

    * Register: 
    +-------------------------+-----+----+-----+-----------+
    |           Name          |  FF | LUT| Bits| Const Bits|
    +-------------------------+-----+----+-----+-----------+
    |ap_CS_fsm                |  145|   0|  145|          0|
    |ap_done_reg              |    1|   0|    1|          0|
    |ap_rst_n_inv             |    1|   0|    1|          0|
    |ap_rst_reg_1             |    1|   0|    1|          0|
    |ap_rst_reg_2             |    1|   0|    1|          0|
    |c_read_reg_426           |   64|   0|   64|          0|
    |gmem0_addr_read_reg_453  |  128|   0|  128|          0|
    |gmem1_addr_read_reg_458  |  128|   0|  128|          0|
    |i1_fu_116                |    4|   0|    4|          0|
    |shiftreg104_fu_128       |  204|   0|  249|         45|
    |shiftreg2_fu_120         |  128|   0|  128|          0|
    |shiftreg83_fu_124        |  128|   0|  128|          0|
    |tmp_reg_463              |  204|   0|  249|         45|
    |trunc_ln15_1_reg_436     |   60|   0|   60|          0|
    |trunc_ln_reg_431         |   60|   0|   60|          0|
    +-------------------------+-----+----+-----+-----------+
    |Total                    | 1257|   0| 1347|         90|
    +-------------------------+-----+----+-----+-----------+



================================================================
== Interface
================================================================
* Summary: 
+-----------------------+-----+-----+---------------+--------------+--------------+
|       RTL Ports       | Dir | Bits|    Protocol   | Source Object|    C Type    |
+-----------------------+-----+-----+---------------+--------------+--------------+
|s_axi_control_AWVALID  |   in|    1|          s_axi|       control|        scalar|
|s_axi_control_AWREADY  |  out|    1|          s_axi|       control|        scalar|
|s_axi_control_AWADDR   |   in|    6|          s_axi|       control|        scalar|
|s_axi_control_WVALID   |   in|    1|          s_axi|       control|        scalar|
|s_axi_control_WREADY   |  out|    1|          s_axi|       control|        scalar|
|s_axi_control_WDATA    |   in|   32|          s_axi|       control|        scalar|
|s_axi_control_WSTRB    |   in|    4|          s_axi|       control|        scalar|
|s_axi_control_ARVALID  |   in|    1|          s_axi|       control|        scalar|
|s_axi_control_ARREADY  |  out|    1|          s_axi|       control|        scalar|
|s_axi_control_ARADDR   |   in|    6|          s_axi|       control|        scalar|
|s_axi_control_RVALID   |  out|    1|          s_axi|       control|        scalar|
|s_axi_control_RREADY   |   in|    1|          s_axi|       control|        scalar|
|s_axi_control_RDATA    |  out|   32|          s_axi|       control|        scalar|
|s_axi_control_RRESP    |  out|    2|          s_axi|       control|        scalar|
|s_axi_control_BVALID   |  out|    1|          s_axi|       control|        scalar|
|s_axi_control_BREADY   |   in|    1|          s_axi|       control|        scalar|
|s_axi_control_BRESP    |  out|    2|          s_axi|       control|        scalar|
|ap_clk                 |   in|    1|  ap_ctrl_chain|        kernel|  return value|
|ap_rst_n               |   in|    1|  ap_ctrl_chain|        kernel|  return value|
|interrupt              |  out|    1|  ap_ctrl_chain|        kernel|  return value|
|m_axi_gmem0_AWVALID    |  out|    1|          m_axi|         gmem0|       pointer|
|m_axi_gmem0_AWREADY    |   in|    1|          m_axi|         gmem0|       pointer|
|m_axi_gmem0_AWADDR     |  out|   64|          m_axi|         gmem0|       pointer|
|m_axi_gmem0_AWID       |  out|    1|          m_axi|         gmem0|       pointer|
|m_axi_gmem0_AWLEN      |  out|    8|          m_axi|         gmem0|       pointer|
|m_axi_gmem0_AWSIZE     |  out|    3|          m_axi|         gmem0|       pointer|
|m_axi_gmem0_AWBURST    |  out|    2|          m_axi|         gmem0|       pointer|
|m_axi_gmem0_AWLOCK     |  out|    2|          m_axi|         gmem0|       pointer|
|m_axi_gmem0_AWCACHE    |  out|    4|          m_axi|         gmem0|       pointer|
|m_axi_gmem0_AWPROT     |  out|    3|          m_axi|         gmem0|       pointer|
|m_axi_gmem0_AWQOS      |  out|    4|          m_axi|         gmem0|       pointer|
|m_axi_gmem0_AWREGION   |  out|    4|          m_axi|         gmem0|       pointer|
|m_axi_gmem0_AWUSER     |  out|    1|          m_axi|         gmem0|       pointer|
|m_axi_gmem0_WVALID     |  out|    1|          m_axi|         gmem0|       pointer|
|m_axi_gmem0_WREADY     |   in|    1|          m_axi|         gmem0|       pointer|
|m_axi_gmem0_WDATA      |  out|  128|          m_axi|         gmem0|       pointer|
|m_axi_gmem0_WSTRB      |  out|   16|          m_axi|         gmem0|       pointer|
|m_axi_gmem0_WLAST      |  out|    1|          m_axi|         gmem0|       pointer|
|m_axi_gmem0_WID        |  out|    1|          m_axi|         gmem0|       pointer|
|m_axi_gmem0_WUSER      |  out|    1|          m_axi|         gmem0|       pointer|
|m_axi_gmem0_ARVALID    |  out|    1|          m_axi|         gmem0|       pointer|
|m_axi_gmem0_ARREADY    |   in|    1|          m_axi|         gmem0|       pointer|
|m_axi_gmem0_ARADDR     |  out|   64|          m_axi|         gmem0|       pointer|
|m_axi_gmem0_ARID       |  out|    1|          m_axi|         gmem0|       pointer|
|m_axi_gmem0_ARLEN      |  out|    8|          m_axi|         gmem0|       pointer|
|m_axi_gmem0_ARSIZE     |  out|    3|          m_axi|         gmem0|       pointer|
|m_axi_gmem0_ARBURST    |  out|    2|          m_axi|         gmem0|       pointer|
|m_axi_gmem0_ARLOCK     |  out|    2|          m_axi|         gmem0|       pointer|
|m_axi_gmem0_ARCACHE    |  out|    4|          m_axi|         gmem0|       pointer|
|m_axi_gmem0_ARPROT     |  out|    3|          m_axi|         gmem0|       pointer|
|m_axi_gmem0_ARQOS      |  out|    4|          m_axi|         gmem0|       pointer|
|m_axi_gmem0_ARREGION   |  out|    4|          m_axi|         gmem0|       pointer|
|m_axi_gmem0_ARUSER     |  out|    1|          m_axi|         gmem0|       pointer|
|m_axi_gmem0_RVALID     |   in|    1|          m_axi|         gmem0|       pointer|
|m_axi_gmem0_RREADY     |  out|    1|          m_axi|         gmem0|       pointer|
|m_axi_gmem0_RDATA      |   in|  128|          m_axi|         gmem0|       pointer|
|m_axi_gmem0_RLAST      |   in|    1|          m_axi|         gmem0|       pointer|
|m_axi_gmem0_RID        |   in|    1|          m_axi|         gmem0|       pointer|
|m_axi_gmem0_RUSER      |   in|    1|          m_axi|         gmem0|       pointer|
|m_axi_gmem0_RRESP      |   in|    2|          m_axi|         gmem0|       pointer|
|m_axi_gmem0_BVALID     |   in|    1|          m_axi|         gmem0|       pointer|
|m_axi_gmem0_BREADY     |  out|    1|          m_axi|         gmem0|       pointer|
|m_axi_gmem0_BRESP      |   in|    2|          m_axi|         gmem0|       pointer|
|m_axi_gmem0_BID        |   in|    1|          m_axi|         gmem0|       pointer|
|m_axi_gmem0_BUSER      |   in|    1|          m_axi|         gmem0|       pointer|
|m_axi_gmem1_AWVALID    |  out|    1|          m_axi|         gmem1|       pointer|
|m_axi_gmem1_AWREADY    |   in|    1|          m_axi|         gmem1|       pointer|
|m_axi_gmem1_AWADDR     |  out|   64|          m_axi|         gmem1|       pointer|
|m_axi_gmem1_AWID       |  out|    1|          m_axi|         gmem1|       pointer|
|m_axi_gmem1_AWLEN      |  out|    8|          m_axi|         gmem1|       pointer|
|m_axi_gmem1_AWSIZE     |  out|    3|          m_axi|         gmem1|       pointer|
|m_axi_gmem1_AWBURST    |  out|    2|          m_axi|         gmem1|       pointer|
|m_axi_gmem1_AWLOCK     |  out|    2|          m_axi|         gmem1|       pointer|
|m_axi_gmem1_AWCACHE    |  out|    4|          m_axi|         gmem1|       pointer|
|m_axi_gmem1_AWPROT     |  out|    3|          m_axi|         gmem1|       pointer|
|m_axi_gmem1_AWQOS      |  out|    4|          m_axi|         gmem1|       pointer|
|m_axi_gmem1_AWREGION   |  out|    4|          m_axi|         gmem1|       pointer|
|m_axi_gmem1_AWUSER     |  out|    1|          m_axi|         gmem1|       pointer|
|m_axi_gmem1_WVALID     |  out|    1|          m_axi|         gmem1|       pointer|
|m_axi_gmem1_WREADY     |   in|    1|          m_axi|         gmem1|       pointer|
|m_axi_gmem1_WDATA      |  out|  128|          m_axi|         gmem1|       pointer|
|m_axi_gmem1_WSTRB      |  out|   16|          m_axi|         gmem1|       pointer|
|m_axi_gmem1_WLAST      |  out|    1|          m_axi|         gmem1|       pointer|
|m_axi_gmem1_WID        |  out|    1|          m_axi|         gmem1|       pointer|
|m_axi_gmem1_WUSER      |  out|    1|          m_axi|         gmem1|       pointer|
|m_axi_gmem1_ARVALID    |  out|    1|          m_axi|         gmem1|       pointer|
|m_axi_gmem1_ARREADY    |   in|    1|          m_axi|         gmem1|       pointer|
|m_axi_gmem1_ARADDR     |  out|   64|          m_axi|         gmem1|       pointer|
|m_axi_gmem1_ARID       |  out|    1|          m_axi|         gmem1|       pointer|
|m_axi_gmem1_ARLEN      |  out|    8|          m_axi|         gmem1|       pointer|
|m_axi_gmem1_ARSIZE     |  out|    3|          m_axi|         gmem1|       pointer|
|m_axi_gmem1_ARBURST    |  out|    2|          m_axi|         gmem1|       pointer|
|m_axi_gmem1_ARLOCK     |  out|    2|          m_axi|         gmem1|       pointer|
|m_axi_gmem1_ARCACHE    |  out|    4|          m_axi|         gmem1|       pointer|
|m_axi_gmem1_ARPROT     |  out|    3|          m_axi|         gmem1|       pointer|
|m_axi_gmem1_ARQOS      |  out|    4|          m_axi|         gmem1|       pointer|
|m_axi_gmem1_ARREGION   |  out|    4|          m_axi|         gmem1|       pointer|
|m_axi_gmem1_ARUSER     |  out|    1|          m_axi|         gmem1|       pointer|
|m_axi_gmem1_RVALID     |   in|    1|          m_axi|         gmem1|       pointer|
|m_axi_gmem1_RREADY     |  out|    1|          m_axi|         gmem1|       pointer|
|m_axi_gmem1_RDATA      |   in|  128|          m_axi|         gmem1|       pointer|
|m_axi_gmem1_RLAST      |   in|    1|          m_axi|         gmem1|       pointer|
|m_axi_gmem1_RID        |   in|    1|          m_axi|         gmem1|       pointer|
|m_axi_gmem1_RUSER      |   in|    1|          m_axi|         gmem1|       pointer|
|m_axi_gmem1_RRESP      |   in|    2|          m_axi|         gmem1|       pointer|
|m_axi_gmem1_BVALID     |   in|    1|          m_axi|         gmem1|       pointer|
|m_axi_gmem1_BREADY     |  out|    1|          m_axi|         gmem1|       pointer|
|m_axi_gmem1_BRESP      |   in|    2|          m_axi|         gmem1|       pointer|
|m_axi_gmem1_BID        |   in|    1|          m_axi|         gmem1|       pointer|
|m_axi_gmem1_BUSER      |   in|    1|          m_axi|         gmem1|       pointer|
|m_axi_gmem2_AWVALID    |  out|    1|          m_axi|         gmem2|       pointer|
|m_axi_gmem2_AWREADY    |   in|    1|          m_axi|         gmem2|       pointer|
|m_axi_gmem2_AWADDR     |  out|   64|          m_axi|         gmem2|       pointer|
|m_axi_gmem2_AWID       |  out|    1|          m_axi|         gmem2|       pointer|
|m_axi_gmem2_AWLEN      |  out|    8|          m_axi|         gmem2|       pointer|
|m_axi_gmem2_AWSIZE     |  out|    3|          m_axi|         gmem2|       pointer|
|m_axi_gmem2_AWBURST    |  out|    2|          m_axi|         gmem2|       pointer|
|m_axi_gmem2_AWLOCK     |  out|    2|          m_axi|         gmem2|       pointer|
|m_axi_gmem2_AWCACHE    |  out|    4|          m_axi|         gmem2|       pointer|
|m_axi_gmem2_AWPROT     |  out|    3|          m_axi|         gmem2|       pointer|
|m_axi_gmem2_AWQOS      |  out|    4|          m_axi|         gmem2|       pointer|
|m_axi_gmem2_AWREGION   |  out|    4|          m_axi|         gmem2|       pointer|
|m_axi_gmem2_AWUSER     |  out|    1|          m_axi|         gmem2|       pointer|
|m_axi_gmem2_WVALID     |  out|    1|          m_axi|         gmem2|       pointer|
|m_axi_gmem2_WREADY     |   in|    1|          m_axi|         gmem2|       pointer|
|m_axi_gmem2_WDATA      |  out|  256|          m_axi|         gmem2|       pointer|
|m_axi_gmem2_WSTRB      |  out|   32|          m_axi|         gmem2|       pointer|
|m_axi_gmem2_WLAST      |  out|    1|          m_axi|         gmem2|       pointer|
|m_axi_gmem2_WID        |  out|    1|          m_axi|         gmem2|       pointer|
|m_axi_gmem2_WUSER      |  out|    1|          m_axi|         gmem2|       pointer|
|m_axi_gmem2_ARVALID    |  out|    1|          m_axi|         gmem2|       pointer|
|m_axi_gmem2_ARREADY    |   in|    1|          m_axi|         gmem2|       pointer|
|m_axi_gmem2_ARADDR     |  out|   64|          m_axi|         gmem2|       pointer|
|m_axi_gmem2_ARID       |  out|    1|          m_axi|         gmem2|       pointer|
|m_axi_gmem2_ARLEN      |  out|    8|          m_axi|         gmem2|       pointer|
|m_axi_gmem2_ARSIZE     |  out|    3|          m_axi|         gmem2|       pointer|
|m_axi_gmem2_ARBURST    |  out|    2|          m_axi|         gmem2|       pointer|
|m_axi_gmem2_ARLOCK     |  out|    2|          m_axi|         gmem2|       pointer|
|m_axi_gmem2_ARCACHE    |  out|    4|          m_axi|         gmem2|       pointer|
|m_axi_gmem2_ARPROT     |  out|    3|          m_axi|         gmem2|       pointer|
|m_axi_gmem2_ARQOS      |  out|    4|          m_axi|         gmem2|       pointer|
|m_axi_gmem2_ARREGION   |  out|    4|          m_axi|         gmem2|       pointer|
|m_axi_gmem2_ARUSER     |  out|    1|          m_axi|         gmem2|       pointer|
|m_axi_gmem2_RVALID     |   in|    1|          m_axi|         gmem2|       pointer|
|m_axi_gmem2_RREADY     |  out|    1|          m_axi|         gmem2|       pointer|
|m_axi_gmem2_RDATA      |   in|  256|          m_axi|         gmem2|       pointer|
|m_axi_gmem2_RLAST      |   in|    1|          m_axi|         gmem2|       pointer|
|m_axi_gmem2_RID        |   in|    1|          m_axi|         gmem2|       pointer|
|m_axi_gmem2_RUSER      |   in|    1|          m_axi|         gmem2|       pointer|
|m_axi_gmem2_RRESP      |   in|    2|          m_axi|         gmem2|       pointer|
|m_axi_gmem2_BVALID     |   in|    1|          m_axi|         gmem2|       pointer|
|m_axi_gmem2_BREADY     |  out|    1|          m_axi|         gmem2|       pointer|
|m_axi_gmem2_BRESP      |   in|    2|          m_axi|         gmem2|       pointer|
|m_axi_gmem2_BID        |   in|    1|          m_axi|         gmem2|       pointer|
|m_axi_gmem2_BUSER      |   in|    1|          m_axi|         gmem2|       pointer|
+-----------------------+-----+-----+---------------+--------------+--------------+

============================================================
+ Verbose Summary: Synthesis Manager
============================================================
InlineROM: 1
ExposeGlobal: 0
============================================================
+ Verbose Summary: CDFG Model
============================================================
IsTopModel: 1
ResetActiveHigh: 1
IsCombinational: 2
IsDatapathOnly: 2
HasWiredReturn: 1
HasMFsm: 2
HasVarLatency: 1
IsPipeline: 0
IsRtlPipelined: 0
IsInstanceOverlapped: 0
IsDontTouch: 0
HasImplIP: 0
IsGatedGlobalClock: 0

+ Individual pipeline summary: 
  * Pipeline-0: initiation interval (II) = 1, depth = 1


============================================================
+ Verbose Summary: Schedule
============================================================
* Number of FSM states : 145
* Pipeline : 1
  Pipeline-0 : II = 1, D = 1, States = { 75 }
* Dataflow Pipeline: 0

* FSM state transitions: 
1 --> 2 
2 --> 3 
3 --> 4 
4 --> 5 
5 --> 6 
6 --> 7 
7 --> 8 
8 --> 9 
9 --> 10 
10 --> 11 
11 --> 12 
12 --> 13 
13 --> 14 
14 --> 15 
15 --> 16 
16 --> 17 
17 --> 18 
18 --> 19 
19 --> 20 
20 --> 21 
21 --> 22 
22 --> 23 
23 --> 24 
24 --> 25 
25 --> 26 
26 --> 27 
27 --> 28 
28 --> 29 
29 --> 30 
30 --> 31 
31 --> 32 
32 --> 33 
33 --> 34 
34 --> 35 
35 --> 36 
36 --> 37 
37 --> 38 
38 --> 39 
39 --> 40 
40 --> 41 
41 --> 42 
42 --> 43 
43 --> 44 
44 --> 45 
45 --> 46 
46 --> 47 
47 --> 48 
48 --> 49 
49 --> 50 
50 --> 51 
51 --> 52 
52 --> 53 
53 --> 54 
54 --> 55 
55 --> 56 
56 --> 57 
57 --> 58 
58 --> 59 
59 --> 60 
60 --> 61 
61 --> 62 
62 --> 63 
63 --> 64 
64 --> 65 
65 --> 66 
66 --> 67 
67 --> 68 
68 --> 69 
69 --> 70 
70 --> 71 
71 --> 72 
72 --> 73 
73 --> 74 
74 --> 75 
75 --> 76 75 
76 --> 77 
77 --> 78 
78 --> 79 
79 --> 80 
80 --> 81 
81 --> 82 
82 --> 83 
83 --> 84 
84 --> 85 
85 --> 86 
86 --> 87 
87 --> 88 
88 --> 89 
89 --> 90 
90 --> 91 
91 --> 92 
92 --> 93 
93 --> 94 
94 --> 95 
95 --> 96 
96 --> 97 
97 --> 98 
98 --> 99 
99 --> 100 
100 --> 101 
101 --> 102 
102 --> 103 
103 --> 104 
104 --> 105 
105 --> 106 
106 --> 107 
107 --> 108 
108 --> 109 
109 --> 110 
110 --> 111 
111 --> 112 
112 --> 113 
113 --> 114 
114 --> 115 
115 --> 116 
116 --> 117 
117 --> 118 
118 --> 119 
119 --> 120 
120 --> 121 
121 --> 122 
122 --> 123 
123 --> 124 
124 --> 125 
125 --> 126 
126 --> 127 
127 --> 128 
128 --> 129 
129 --> 130 
130 --> 131 
131 --> 132 
132 --> 133 
133 --> 134 
134 --> 135 
135 --> 136 
136 --> 137 
137 --> 138 
138 --> 139 
139 --> 140 
140 --> 141 
141 --> 142 
142 --> 143 
143 --> 144 
144 --> 145 
145 --> 

* FSM state operations: 

State 1 <SV = 0> <Delay = 1.00>
ST_1 : Operation 146 [1/1] (0.00ns)   --->   "%i1 = alloca i32 1"   --->   Operation 146 'alloca' 'i1' <Predicate = true> <Delay = 0.00>
ST_1 : Operation 147 [1/1] (0.00ns)   --->   "%shiftreg2 = alloca i32 1"   --->   Operation 147 'alloca' 'shiftreg2' <Predicate = true> <Delay = 0.00>
ST_1 : Operation 148 [1/1] (0.00ns)   --->   "%shiftreg83 = alloca i32 1"   --->   Operation 148 'alloca' 'shiftreg83' <Predicate = true> <Delay = 0.00>
ST_1 : Operation 149 [1/1] (0.00ns)   --->   "%shiftreg104 = alloca i32 1"   --->   Operation 149 'alloca' 'shiftreg104' <Predicate = true> <Delay = 0.00>
ST_1 : Operation 150 [1/1] (1.00ns)   --->   "%c_read = read i64 @_ssdm_op_Read.s_axilite.i64, i64 %c" [kernel.cpp:5]   --->   Operation 150 'read' 'c_read' <Predicate = true> <Delay = 1.00> <CoreInst = "s_axilite">   --->   Core 120 's_axilite' <Latency = 0> <II = 1> <Delay = 1.00> <Adapter> <Opcode : 'read' 'write'>
ST_1 : Operation 151 [1/1] (1.00ns)   --->   "%b_read = read i64 @_ssdm_op_Read.s_axilite.i64, i64 %b" [kernel.cpp:5]   --->   Operation 151 'read' 'b_read' <Predicate = true> <Delay = 1.00> <CoreInst = "s_axilite">   --->   Core 120 's_axilite' <Latency = 0> <II = 1> <Delay = 1.00> <Adapter> <Opcode : 'read' 'write'>
ST_1 : Operation 152 [1/1] (1.00ns)   --->   "%a_read = read i64 @_ssdm_op_Read.s_axilite.i64, i64 %a" [kernel.cpp:5]   --->   Operation 152 'read' 'a_read' <Predicate = true> <Delay = 1.00> <CoreInst = "s_axilite">   --->   Core 120 's_axilite' <Latency = 0> <II = 1> <Delay = 1.00> <Adapter> <Opcode : 'read' 'write'>
ST_1 : Operation 153 [1/1] (0.00ns)   --->   "%trunc_ln = partselect i60 @_ssdm_op_PartSelect.i60.i64.i32.i32, i64 %a_read, i32 4, i32 63" [kernel.cpp:15]   --->   Operation 153 'partselect' 'trunc_ln' <Predicate = true> <Delay = 0.00>
ST_1 : Operation 154 [1/1] (0.00ns)   --->   "%trunc_ln15_1 = partselect i60 @_ssdm_op_PartSelect.i60.i64.i32.i32, i64 %b_read, i32 4, i32 63" [kernel.cpp:15]   --->   Operation 154 'partselect' 'trunc_ln15_1' <Predicate = true> <Delay = 0.00>
ST_1 : Operation 155 [1/1] (0.38ns)   --->   "%store_ln0 = store i249 0, i249 %shiftreg104"   --->   Operation 155 'store' 'store_ln0' <Predicate = true> <Delay = 0.38>
ST_1 : Operation 156 [1/1] (0.38ns)   --->   "%store_ln0 = store i4 0, i4 %i1"   --->   Operation 156 'store' 'store_ln0' <Predicate = true> <Delay = 0.38>

State 2 <SV = 1> <Delay = 3.65>
ST_2 : Operation 157 [1/1] (0.00ns)   --->   "%sext_ln15 = sext i60 %trunc_ln" [kernel.cpp:15]   --->   Operation 157 'sext' 'sext_ln15' <Predicate = true> <Delay = 0.00>
ST_2 : Operation 158 [1/1] (0.00ns)   --->   "%gmem0_addr = getelementptr i128 %gmem0, i64 %sext_ln15" [kernel.cpp:15]   --->   Operation 158 'getelementptr' 'gmem0_addr' <Predicate = true> <Delay = 0.00>
ST_2 : Operation 159 [71/71] (3.65ns)   --->   "%gmem0_load_req = readreq i1 @_ssdm_op_ReadReq.m_axi.i128P1A, i64 %gmem0_addr, i64 1" [kernel.cpp:15]   --->   Operation 159 'readreq' 'gmem0_load_req' <Predicate = true> <Delay = 3.65> <CoreInst = "m_axi">   --->   Core 119 'm_axi' <Latency = 6> <II = 1> <Delay = 1.00> <Adapter> <Opcode : 'read' 'write' 'readreq' 'writereq' 'writeresp'>
ST_2 : Operation 160 [1/1] (0.00ns)   --->   "%sext_ln15_1 = sext i60 %trunc_ln15_1" [kernel.cpp:15]   --->   Operation 160 'sext' 'sext_ln15_1' <Predicate = true> <Delay = 0.00>
ST_2 : Operation 161 [1/1] (0.00ns)   --->   "%gmem1_addr = getelementptr i128 %gmem1, i64 %sext_ln15_1" [kernel.cpp:15]   --->   Operation 161 'getelementptr' 'gmem1_addr' <Predicate = true> <Delay = 0.00>
ST_2 : Operation 162 [71/71] (3.65ns)   --->   "%gmem1_load_req = readreq i1 @_ssdm_op_ReadReq.m_axi.i128P1A, i64 %gmem1_addr, i64 1" [kernel.cpp:15]   --->   Operation 162 'readreq' 'gmem1_load_req' <Predicate = true> <Delay = 3.65> <CoreInst = "m_axi">   --->   Core 119 'm_axi' <Latency = 6> <II = 1> <Delay = 1.00> <Adapter> <Opcode : 'read' 'write' 'readreq' 'writereq' 'writeresp'>

State 3 <SV = 2> <Delay = 3.65>
ST_3 : Operation 163 [70/71] (3.65ns)   --->   "%gmem0_load_req = readreq i1 @_ssdm_op_ReadReq.m_axi.i128P1A, i64 %gmem0_addr, i64 1" [kernel.cpp:15]   --->   Operation 163 'readreq' 'gmem0_load_req' <Predicate = true> <Delay = 3.65> <CoreInst = "m_axi">   --->   Core 119 'm_axi' <Latency = 6> <II = 1> <Delay = 1.00> <Adapter> <Opcode : 'read' 'write' 'readreq' 'writereq' 'writeresp'>
ST_3 : Operation 164 [70/71] (3.65ns)   --->   "%gmem1_load_req = readreq i1 @_ssdm_op_ReadReq.m_axi.i128P1A, i64 %gmem1_addr, i64 1" [kernel.cpp:15]   --->   Operation 164 'readreq' 'gmem1_load_req' <Predicate = true> <Delay = 3.65> <CoreInst = "m_axi">   --->   Core 119 'm_axi' <Latency = 6> <II = 1> <Delay = 1.00> <Adapter> <Opcode : 'read' 'write' 'readreq' 'writereq' 'writeresp'>

State 4 <SV = 3> <Delay = 3.65>
ST_4 : Operation 165 [69/71] (3.65ns)   --->   "%gmem0_load_req = readreq i1 @_ssdm_op_ReadReq.m_axi.i128P1A, i64 %gmem0_addr, i64 1" [kernel.cpp:15]   --->   Operation 165 'readreq' 'gmem0_load_req' <Predicate = true> <Delay = 3.65> <CoreInst = "m_axi">   --->   Core 119 'm_axi' <Latency = 6> <II = 1> <Delay = 1.00> <Adapter> <Opcode : 'read' 'write' 'readreq' 'writereq' 'writeresp'>
ST_4 : Operation 166 [69/71] (3.65ns)   --->   "%gmem1_load_req = readreq i1 @_ssdm_op_ReadReq.m_axi.i128P1A, i64 %gmem1_addr, i64 1" [kernel.cpp:15]   --->   Operation 166 'readreq' 'gmem1_load_req' <Predicate = true> <Delay = 3.65> <CoreInst = "m_axi">   --->   Core 119 'm_axi' <Latency = 6> <II = 1> <Delay = 1.00> <Adapter> <Opcode : 'read' 'write' 'readreq' 'writereq' 'writeresp'>

State 5 <SV = 4> <Delay = 3.65>
ST_5 : Operation 167 [68/71] (3.65ns)   --->   "%gmem0_load_req = readreq i1 @_ssdm_op_ReadReq.m_axi.i128P1A, i64 %gmem0_addr, i64 1" [kernel.cpp:15]   --->   Operation 167 'readreq' 'gmem0_load_req' <Predicate = true> <Delay = 3.65> <CoreInst = "m_axi">   --->   Core 119 'm_axi' <Latency = 6> <II = 1> <Delay = 1.00> <Adapter> <Opcode : 'read' 'write' 'readreq' 'writereq' 'writeresp'>
ST_5 : Operation 168 [68/71] (3.65ns)   --->   "%gmem1_load_req = readreq i1 @_ssdm_op_ReadReq.m_axi.i128P1A, i64 %gmem1_addr, i64 1" [kernel.cpp:15]   --->   Operation 168 'readreq' 'gmem1_load_req' <Predicate = true> <Delay = 3.65> <CoreInst = "m_axi">   --->   Core 119 'm_axi' <Latency = 6> <II = 1> <Delay = 1.00> <Adapter> <Opcode : 'read' 'write' 'readreq' 'writereq' 'writeresp'>

State 6 <SV = 5> <Delay = 3.65>
ST_6 : Operation 169 [67/71] (3.65ns)   --->   "%gmem0_load_req = readreq i1 @_ssdm_op_ReadReq.m_axi.i128P1A, i64 %gmem0_addr, i64 1" [kernel.cpp:15]   --->   Operation 169 'readreq' 'gmem0_load_req' <Predicate = true> <Delay = 3.65> <CoreInst = "m_axi">   --->   Core 119 'm_axi' <Latency = 6> <II = 1> <Delay = 1.00> <Adapter> <Opcode : 'read' 'write' 'readreq' 'writereq' 'writeresp'>
ST_6 : Operation 170 [67/71] (3.65ns)   --->   "%gmem1_load_req = readreq i1 @_ssdm_op_ReadReq.m_axi.i128P1A, i64 %gmem1_addr, i64 1" [kernel.cpp:15]   --->   Operation 170 'readreq' 'gmem1_load_req' <Predicate = true> <Delay = 3.65> <CoreInst = "m_axi">   --->   Core 119 'm_axi' <Latency = 6> <II = 1> <Delay = 1.00> <Adapter> <Opcode : 'read' 'write' 'readreq' 'writereq' 'writeresp'>

State 7 <SV = 6> <Delay = 3.65>
ST_7 : Operation 171 [66/71] (3.65ns)   --->   "%gmem0_load_req = readreq i1 @_ssdm_op_ReadReq.m_axi.i128P1A, i64 %gmem0_addr, i64 1" [kernel.cpp:15]   --->   Operation 171 'readreq' 'gmem0_load_req' <Predicate = true> <Delay = 3.65> <CoreInst = "m_axi">   --->   Core 119 'm_axi' <Latency = 6> <II = 1> <Delay = 1.00> <Adapter> <Opcode : 'read' 'write' 'readreq' 'writereq' 'writeresp'>
ST_7 : Operation 172 [66/71] (3.65ns)   --->   "%gmem1_load_req = readreq i1 @_ssdm_op_ReadReq.m_axi.i128P1A, i64 %gmem1_addr, i64 1" [kernel.cpp:15]   --->   Operation 172 'readreq' 'gmem1_load_req' <Predicate = true> <Delay = 3.65> <CoreInst = "m_axi">   --->   Core 119 'm_axi' <Latency = 6> <II = 1> <Delay = 1.00> <Adapter> <Opcode : 'read' 'write' 'readreq' 'writereq' 'writeresp'>

State 8 <SV = 7> <Delay = 3.65>
ST_8 : Operation 173 [65/71] (3.65ns)   --->   "%gmem0_load_req = readreq i1 @_ssdm_op_ReadReq.m_axi.i128P1A, i64 %gmem0_addr, i64 1" [kernel.cpp:15]   --->   Operation 173 'readreq' 'gmem0_load_req' <Predicate = true> <Delay = 3.65> <CoreInst = "m_axi">   --->   Core 119 'm_axi' <Latency = 6> <II = 1> <Delay = 1.00> <Adapter> <Opcode : 'read' 'write' 'readreq' 'writereq' 'writeresp'>
ST_8 : Operation 174 [65/71] (3.65ns)   --->   "%gmem1_load_req = readreq i1 @_ssdm_op_ReadReq.m_axi.i128P1A, i64 %gmem1_addr, i64 1" [kernel.cpp:15]   --->   Operation 174 'readreq' 'gmem1_load_req' <Predicate = true> <Delay = 3.65> <CoreInst = "m_axi">   --->   Core 119 'm_axi' <Latency = 6> <II = 1> <Delay = 1.00> <Adapter> <Opcode : 'read' 'write' 'readreq' 'writereq' 'writeresp'>

State 9 <SV = 8> <Delay = 3.65>
ST_9 : Operation 175 [64/71] (3.65ns)   --->   "%gmem0_load_req = readreq i1 @_ssdm_op_ReadReq.m_axi.i128P1A, i64 %gmem0_addr, i64 1" [kernel.cpp:15]   --->   Operation 175 'readreq' 'gmem0_load_req' <Predicate = true> <Delay = 3.65> <CoreInst = "m_axi">   --->   Core 119 'm_axi' <Latency = 6> <II = 1> <Delay = 1.00> <Adapter> <Opcode : 'read' 'write' 'readreq' 'writereq' 'writeresp'>
ST_9 : Operation 176 [64/71] (3.65ns)   --->   "%gmem1_load_req = readreq i1 @_ssdm_op_ReadReq.m_axi.i128P1A, i64 %gmem1_addr, i64 1" [kernel.cpp:15]   --->   Operation 176 'readreq' 'gmem1_load_req' <Predicate = true> <Delay = 3.65> <CoreInst = "m_axi">   --->   Core 119 'm_axi' <Latency = 6> <II = 1> <Delay = 1.00> <Adapter> <Opcode : 'read' 'write' 'readreq' 'writereq' 'writeresp'>

State 10 <SV = 9> <Delay = 3.65>
ST_10 : Operation 177 [63/71] (3.65ns)   --->   "%gmem0_load_req = readreq i1 @_ssdm_op_ReadReq.m_axi.i128P1A, i64 %gmem0_addr, i64 1" [kernel.cpp:15]   --->   Operation 177 'readreq' 'gmem0_load_req' <Predicate = true> <Delay = 3.65> <CoreInst = "m_axi">   --->   Core 119 'm_axi' <Latency = 6> <II = 1> <Delay = 1.00> <Adapter> <Opcode : 'read' 'write' 'readreq' 'writereq' 'writeresp'>
ST_10 : Operation 178 [63/71] (3.65ns)   --->   "%gmem1_load_req = readreq i1 @_ssdm_op_ReadReq.m_axi.i128P1A, i64 %gmem1_addr, i64 1" [kernel.cpp:15]   --->   Operation 178 'readreq' 'gmem1_load_req' <Predicate = true> <Delay = 3.65> <CoreInst = "m_axi">   --->   Core 119 'm_axi' <Latency = 6> <II = 1> <Delay = 1.00> <Adapter> <Opcode : 'read' 'write' 'readreq' 'writereq' 'writeresp'>

State 11 <SV = 10> <Delay = 3.65>
ST_11 : Operation 179 [62/71] (3.65ns)   --->   "%gmem0_load_req = readreq i1 @_ssdm_op_ReadReq.m_axi.i128P1A, i64 %gmem0_addr, i64 1" [kernel.cpp:15]   --->   Operation 179 'readreq' 'gmem0_load_req' <Predicate = true> <Delay = 3.65> <CoreInst = "m_axi">   --->   Core 119 'm_axi' <Latency = 6> <II = 1> <Delay = 1.00> <Adapter> <Opcode : 'read' 'write' 'readreq' 'writereq' 'writeresp'>
ST_11 : Operation 180 [62/71] (3.65ns)   --->   "%gmem1_load_req = readreq i1 @_ssdm_op_ReadReq.m_axi.i128P1A, i64 %gmem1_addr, i64 1" [kernel.cpp:15]   --->   Operation 180 'readreq' 'gmem1_load_req' <Predicate = true> <Delay = 3.65> <CoreInst = "m_axi">   --->   Core 119 'm_axi' <Latency = 6> <II = 1> <Delay = 1.00> <Adapter> <Opcode : 'read' 'write' 'readreq' 'writereq' 'writeresp'>

State 12 <SV = 11> <Delay = 3.65>
ST_12 : Operation 181 [61/71] (3.65ns)   --->   "%gmem0_load_req = readreq i1 @_ssdm_op_ReadReq.m_axi.i128P1A, i64 %gmem0_addr, i64 1" [kernel.cpp:15]   --->   Operation 181 'readreq' 'gmem0_load_req' <Predicate = true> <Delay = 3.65> <CoreInst = "m_axi">   --->   Core 119 'm_axi' <Latency = 6> <II = 1> <Delay = 1.00> <Adapter> <Opcode : 'read' 'write' 'readreq' 'writereq' 'writeresp'>
ST_12 : Operation 182 [61/71] (3.65ns)   --->   "%gmem1_load_req = readreq i1 @_ssdm_op_ReadReq.m_axi.i128P1A, i64 %gmem1_addr, i64 1" [kernel.cpp:15]   --->   Operation 182 'readreq' 'gmem1_load_req' <Predicate = true> <Delay = 3.65> <CoreInst = "m_axi">   --->   Core 119 'm_axi' <Latency = 6> <II = 1> <Delay = 1.00> <Adapter> <Opcode : 'read' 'write' 'readreq' 'writereq' 'writeresp'>

State 13 <SV = 12> <Delay = 3.65>
ST_13 : Operation 183 [60/71] (3.65ns)   --->   "%gmem0_load_req = readreq i1 @_ssdm_op_ReadReq.m_axi.i128P1A, i64 %gmem0_addr, i64 1" [kernel.cpp:15]   --->   Operation 183 'readreq' 'gmem0_load_req' <Predicate = true> <Delay = 3.65> <CoreInst = "m_axi">   --->   Core 119 'm_axi' <Latency = 6> <II = 1> <Delay = 1.00> <Adapter> <Opcode : 'read' 'write' 'readreq' 'writereq' 'writeresp'>
ST_13 : Operation 184 [60/71] (3.65ns)   --->   "%gmem1_load_req = readreq i1 @_ssdm_op_ReadReq.m_axi.i128P1A, i64 %gmem1_addr, i64 1" [kernel.cpp:15]   --->   Operation 184 'readreq' 'gmem1_load_req' <Predicate = true> <Delay = 3.65> <CoreInst = "m_axi">   --->   Core 119 'm_axi' <Latency = 6> <II = 1> <Delay = 1.00> <Adapter> <Opcode : 'read' 'write' 'readreq' 'writereq' 'writeresp'>

State 14 <SV = 13> <Delay = 3.65>
ST_14 : Operation 185 [59/71] (3.65ns)   --->   "%gmem0_load_req = readreq i1 @_ssdm_op_ReadReq.m_axi.i128P1A, i64 %gmem0_addr, i64 1" [kernel.cpp:15]   --->   Operation 185 'readreq' 'gmem0_load_req' <Predicate = true> <Delay = 3.65> <CoreInst = "m_axi">   --->   Core 119 'm_axi' <Latency = 6> <II = 1> <Delay = 1.00> <Adapter> <Opcode : 'read' 'write' 'readreq' 'writereq' 'writeresp'>
ST_14 : Operation 186 [59/71] (3.65ns)   --->   "%gmem1_load_req = readreq i1 @_ssdm_op_ReadReq.m_axi.i128P1A, i64 %gmem1_addr, i64 1" [kernel.cpp:15]   --->   Operation 186 'readreq' 'gmem1_load_req' <Predicate = true> <Delay = 3.65> <CoreInst = "m_axi">   --->   Core 119 'm_axi' <Latency = 6> <II = 1> <Delay = 1.00> <Adapter> <Opcode : 'read' 'write' 'readreq' 'writereq' 'writeresp'>

State 15 <SV = 14> <Delay = 3.65>
ST_15 : Operation 187 [58/71] (3.65ns)   --->   "%gmem0_load_req = readreq i1 @_ssdm_op_ReadReq.m_axi.i128P1A, i64 %gmem0_addr, i64 1" [kernel.cpp:15]   --->   Operation 187 'readreq' 'gmem0_load_req' <Predicate = true> <Delay = 3.65> <CoreInst = "m_axi">   --->   Core 119 'm_axi' <Latency = 6> <II = 1> <Delay = 1.00> <Adapter> <Opcode : 'read' 'write' 'readreq' 'writereq' 'writeresp'>
ST_15 : Operation 188 [58/71] (3.65ns)   --->   "%gmem1_load_req = readreq i1 @_ssdm_op_ReadReq.m_axi.i128P1A, i64 %gmem1_addr, i64 1" [kernel.cpp:15]   --->   Operation 188 'readreq' 'gmem1_load_req' <Predicate = true> <Delay = 3.65> <CoreInst = "m_axi">   --->   Core 119 'm_axi' <Latency = 6> <II = 1> <Delay = 1.00> <Adapter> <Opcode : 'read' 'write' 'readreq' 'writereq' 'writeresp'>

State 16 <SV = 15> <Delay = 3.65>
ST_16 : Operation 189 [57/71] (3.65ns)   --->   "%gmem0_load_req = readreq i1 @_ssdm_op_ReadReq.m_axi.i128P1A, i64 %gmem0_addr, i64 1" [kernel.cpp:15]   --->   Operation 189 'readreq' 'gmem0_load_req' <Predicate = true> <Delay = 3.65> <CoreInst = "m_axi">   --->   Core 119 'm_axi' <Latency = 6> <II = 1> <Delay = 1.00> <Adapter> <Opcode : 'read' 'write' 'readreq' 'writereq' 'writeresp'>
ST_16 : Operation 190 [57/71] (3.65ns)   --->   "%gmem1_load_req = readreq i1 @_ssdm_op_ReadReq.m_axi.i128P1A, i64 %gmem1_addr, i64 1" [kernel.cpp:15]   --->   Operation 190 'readreq' 'gmem1_load_req' <Predicate = true> <Delay = 3.65> <CoreInst = "m_axi">   --->   Core 119 'm_axi' <Latency = 6> <II = 1> <Delay = 1.00> <Adapter> <Opcode : 'read' 'write' 'readreq' 'writereq' 'writeresp'>

State 17 <SV = 16> <Delay = 3.65>
ST_17 : Operation 191 [56/71] (3.65ns)   --->   "%gmem0_load_req = readreq i1 @_ssdm_op_ReadReq.m_axi.i128P1A, i64 %gmem0_addr, i64 1" [kernel.cpp:15]   --->   Operation 191 'readreq' 'gmem0_load_req' <Predicate = true> <Delay = 3.65> <CoreInst = "m_axi">   --->   Core 119 'm_axi' <Latency = 6> <II = 1> <Delay = 1.00> <Adapter> <Opcode : 'read' 'write' 'readreq' 'writereq' 'writeresp'>
ST_17 : Operation 192 [56/71] (3.65ns)   --->   "%gmem1_load_req = readreq i1 @_ssdm_op_ReadReq.m_axi.i128P1A, i64 %gmem1_addr, i64 1" [kernel.cpp:15]   --->   Operation 192 'readreq' 'gmem1_load_req' <Predicate = true> <Delay = 3.65> <CoreInst = "m_axi">   --->   Core 119 'm_axi' <Latency = 6> <II = 1> <Delay = 1.00> <Adapter> <Opcode : 'read' 'write' 'readreq' 'writereq' 'writeresp'>

State 18 <SV = 17> <Delay = 3.65>
ST_18 : Operation 193 [55/71] (3.65ns)   --->   "%gmem0_load_req = readreq i1 @_ssdm_op_ReadReq.m_axi.i128P1A, i64 %gmem0_addr, i64 1" [kernel.cpp:15]   --->   Operation 193 'readreq' 'gmem0_load_req' <Predicate = true> <Delay = 3.65> <CoreInst = "m_axi">   --->   Core 119 'm_axi' <Latency = 6> <II = 1> <Delay = 1.00> <Adapter> <Opcode : 'read' 'write' 'readreq' 'writereq' 'writeresp'>
ST_18 : Operation 194 [55/71] (3.65ns)   --->   "%gmem1_load_req = readreq i1 @_ssdm_op_ReadReq.m_axi.i128P1A, i64 %gmem1_addr, i64 1" [kernel.cpp:15]   --->   Operation 194 'readreq' 'gmem1_load_req' <Predicate = true> <Delay = 3.65> <CoreInst = "m_axi">   --->   Core 119 'm_axi' <Latency = 6> <II = 1> <Delay = 1.00> <Adapter> <Opcode : 'read' 'write' 'readreq' 'writereq' 'writeresp'>

State 19 <SV = 18> <Delay = 3.65>
ST_19 : Operation 195 [54/71] (3.65ns)   --->   "%gmem0_load_req = readreq i1 @_ssdm_op_ReadReq.m_axi.i128P1A, i64 %gmem0_addr, i64 1" [kernel.cpp:15]   --->   Operation 195 'readreq' 'gmem0_load_req' <Predicate = true> <Delay = 3.65> <CoreInst = "m_axi">   --->   Core 119 'm_axi' <Latency = 6> <II = 1> <Delay = 1.00> <Adapter> <Opcode : 'read' 'write' 'readreq' 'writereq' 'writeresp'>
ST_19 : Operation 196 [54/71] (3.65ns)   --->   "%gmem1_load_req = readreq i1 @_ssdm_op_ReadReq.m_axi.i128P1A, i64 %gmem1_addr, i64 1" [kernel.cpp:15]   --->   Operation 196 'readreq' 'gmem1_load_req' <Predicate = true> <Delay = 3.65> <CoreInst = "m_axi">   --->   Core 119 'm_axi' <Latency = 6> <II = 1> <Delay = 1.00> <Adapter> <Opcode : 'read' 'write' 'readreq' 'writereq' 'writeresp'>

State 20 <SV = 19> <Delay = 3.65>
ST_20 : Operation 197 [53/71] (3.65ns)   --->   "%gmem0_load_req = readreq i1 @_ssdm_op_ReadReq.m_axi.i128P1A, i64 %gmem0_addr, i64 1" [kernel.cpp:15]   --->   Operation 197 'readreq' 'gmem0_load_req' <Predicate = true> <Delay = 3.65> <CoreInst = "m_axi">   --->   Core 119 'm_axi' <Latency = 6> <II = 1> <Delay = 1.00> <Adapter> <Opcode : 'read' 'write' 'readreq' 'writereq' 'writeresp'>
ST_20 : Operation 198 [53/71] (3.65ns)   --->   "%gmem1_load_req = readreq i1 @_ssdm_op_ReadReq.m_axi.i128P1A, i64 %gmem1_addr, i64 1" [kernel.cpp:15]   --->   Operation 198 'readreq' 'gmem1_load_req' <Predicate = true> <Delay = 3.65> <CoreInst = "m_axi">   --->   Core 119 'm_axi' <Latency = 6> <II = 1> <Delay = 1.00> <Adapter> <Opcode : 'read' 'write' 'readreq' 'writereq' 'writeresp'>

State 21 <SV = 20> <Delay = 3.65>
ST_21 : Operation 199 [52/71] (3.65ns)   --->   "%gmem0_load_req = readreq i1 @_ssdm_op_ReadReq.m_axi.i128P1A, i64 %gmem0_addr, i64 1" [kernel.cpp:15]   --->   Operation 199 'readreq' 'gmem0_load_req' <Predicate = true> <Delay = 3.65> <CoreInst = "m_axi">   --->   Core 119 'm_axi' <Latency = 6> <II = 1> <Delay = 1.00> <Adapter> <Opcode : 'read' 'write' 'readreq' 'writereq' 'writeresp'>
ST_21 : Operation 200 [52/71] (3.65ns)   --->   "%gmem1_load_req = readreq i1 @_ssdm_op_ReadReq.m_axi.i128P1A, i64 %gmem1_addr, i64 1" [kernel.cpp:15]   --->   Operation 200 'readreq' 'gmem1_load_req' <Predicate = true> <Delay = 3.65> <CoreInst = "m_axi">   --->   Core 119 'm_axi' <Latency = 6> <II = 1> <Delay = 1.00> <Adapter> <Opcode : 'read' 'write' 'readreq' 'writereq' 'writeresp'>

State 22 <SV = 21> <Delay = 3.65>
ST_22 : Operation 201 [51/71] (3.65ns)   --->   "%gmem0_load_req = readreq i1 @_ssdm_op_ReadReq.m_axi.i128P1A, i64 %gmem0_addr, i64 1" [kernel.cpp:15]   --->   Operation 201 'readreq' 'gmem0_load_req' <Predicate = true> <Delay = 3.65> <CoreInst = "m_axi">   --->   Core 119 'm_axi' <Latency = 6> <II = 1> <Delay = 1.00> <Adapter> <Opcode : 'read' 'write' 'readreq' 'writereq' 'writeresp'>
ST_22 : Operation 202 [51/71] (3.65ns)   --->   "%gmem1_load_req = readreq i1 @_ssdm_op_ReadReq.m_axi.i128P1A, i64 %gmem1_addr, i64 1" [kernel.cpp:15]   --->   Operation 202 'readreq' 'gmem1_load_req' <Predicate = true> <Delay = 3.65> <CoreInst = "m_axi">   --->   Core 119 'm_axi' <Latency = 6> <II = 1> <Delay = 1.00> <Adapter> <Opcode : 'read' 'write' 'readreq' 'writereq' 'writeresp'>

State 23 <SV = 22> <Delay = 3.65>
ST_23 : Operation 203 [50/71] (3.65ns)   --->   "%gmem0_load_req = readreq i1 @_ssdm_op_ReadReq.m_axi.i128P1A, i64 %gmem0_addr, i64 1" [kernel.cpp:15]   --->   Operation 203 'readreq' 'gmem0_load_req' <Predicate = true> <Delay = 3.65> <CoreInst = "m_axi">   --->   Core 119 'm_axi' <Latency = 6> <II = 1> <Delay = 1.00> <Adapter> <Opcode : 'read' 'write' 'readreq' 'writereq' 'writeresp'>
ST_23 : Operation 204 [50/71] (3.65ns)   --->   "%gmem1_load_req = readreq i1 @_ssdm_op_ReadReq.m_axi.i128P1A, i64 %gmem1_addr, i64 1" [kernel.cpp:15]   --->   Operation 204 'readreq' 'gmem1_load_req' <Predicate = true> <Delay = 3.65> <CoreInst = "m_axi">   --->   Core 119 'm_axi' <Latency = 6> <II = 1> <Delay = 1.00> <Adapter> <Opcode : 'read' 'write' 'readreq' 'writereq' 'writeresp'>

State 24 <SV = 23> <Delay = 3.65>
ST_24 : Operation 205 [49/71] (3.65ns)   --->   "%gmem0_load_req = readreq i1 @_ssdm_op_ReadReq.m_axi.i128P1A, i64 %gmem0_addr, i64 1" [kernel.cpp:15]   --->   Operation 205 'readreq' 'gmem0_load_req' <Predicate = true> <Delay = 3.65> <CoreInst = "m_axi">   --->   Core 119 'm_axi' <Latency = 6> <II = 1> <Delay = 1.00> <Adapter> <Opcode : 'read' 'write' 'readreq' 'writereq' 'writeresp'>
ST_24 : Operation 206 [49/71] (3.65ns)   --->   "%gmem1_load_req = readreq i1 @_ssdm_op_ReadReq.m_axi.i128P1A, i64 %gmem1_addr, i64 1" [kernel.cpp:15]   --->   Operation 206 'readreq' 'gmem1_load_req' <Predicate = true> <Delay = 3.65> <CoreInst = "m_axi">   --->   Core 119 'm_axi' <Latency = 6> <II = 1> <Delay = 1.00> <Adapter> <Opcode : 'read' 'write' 'readreq' 'writereq' 'writeresp'>

State 25 <SV = 24> <Delay = 3.65>
ST_25 : Operation 207 [48/71] (3.65ns)   --->   "%gmem0_load_req = readreq i1 @_ssdm_op_ReadReq.m_axi.i128P1A, i64 %gmem0_addr, i64 1" [kernel.cpp:15]   --->   Operation 207 'readreq' 'gmem0_load_req' <Predicate = true> <Delay = 3.65> <CoreInst = "m_axi">   --->   Core 119 'm_axi' <Latency = 6> <II = 1> <Delay = 1.00> <Adapter> <Opcode : 'read' 'write' 'readreq' 'writereq' 'writeresp'>
ST_25 : Operation 208 [48/71] (3.65ns)   --->   "%gmem1_load_req = readreq i1 @_ssdm_op_ReadReq.m_axi.i128P1A, i64 %gmem1_addr, i64 1" [kernel.cpp:15]   --->   Operation 208 'readreq' 'gmem1_load_req' <Predicate = true> <Delay = 3.65> <CoreInst = "m_axi">   --->   Core 119 'm_axi' <Latency = 6> <II = 1> <Delay = 1.00> <Adapter> <Opcode : 'read' 'write' 'readreq' 'writereq' 'writeresp'>

State 26 <SV = 25> <Delay = 3.65>
ST_26 : Operation 209 [47/71] (3.65ns)   --->   "%gmem0_load_req = readreq i1 @_ssdm_op_ReadReq.m_axi.i128P1A, i64 %gmem0_addr, i64 1" [kernel.cpp:15]   --->   Operation 209 'readreq' 'gmem0_load_req' <Predicate = true> <Delay = 3.65> <CoreInst = "m_axi">   --->   Core 119 'm_axi' <Latency = 6> <II = 1> <Delay = 1.00> <Adapter> <Opcode : 'read' 'write' 'readreq' 'writereq' 'writeresp'>
ST_26 : Operation 210 [47/71] (3.65ns)   --->   "%gmem1_load_req = readreq i1 @_ssdm_op_ReadReq.m_axi.i128P1A, i64 %gmem1_addr, i64 1" [kernel.cpp:15]   --->   Operation 210 'readreq' 'gmem1_load_req' <Predicate = true> <Delay = 3.65> <CoreInst = "m_axi">   --->   Core 119 'm_axi' <Latency = 6> <II = 1> <Delay = 1.00> <Adapter> <Opcode : 'read' 'write' 'readreq' 'writereq' 'writeresp'>

State 27 <SV = 26> <Delay = 3.65>
ST_27 : Operation 211 [46/71] (3.65ns)   --->   "%gmem0_load_req = readreq i1 @_ssdm_op_ReadReq.m_axi.i128P1A, i64 %gmem0_addr, i64 1" [kernel.cpp:15]   --->   Operation 211 'readreq' 'gmem0_load_req' <Predicate = true> <Delay = 3.65> <CoreInst = "m_axi">   --->   Core 119 'm_axi' <Latency = 6> <II = 1> <Delay = 1.00> <Adapter> <Opcode : 'read' 'write' 'readreq' 'writereq' 'writeresp'>
ST_27 : Operation 212 [46/71] (3.65ns)   --->   "%gmem1_load_req = readreq i1 @_ssdm_op_ReadReq.m_axi.i128P1A, i64 %gmem1_addr, i64 1" [kernel.cpp:15]   --->   Operation 212 'readreq' 'gmem1_load_req' <Predicate = true> <Delay = 3.65> <CoreInst = "m_axi">   --->   Core 119 'm_axi' <Latency = 6> <II = 1> <Delay = 1.00> <Adapter> <Opcode : 'read' 'write' 'readreq' 'writereq' 'writeresp'>

State 28 <SV = 27> <Delay = 3.65>
ST_28 : Operation 213 [45/71] (3.65ns)   --->   "%gmem0_load_req = readreq i1 @_ssdm_op_ReadReq.m_axi.i128P1A, i64 %gmem0_addr, i64 1" [kernel.cpp:15]   --->   Operation 213 'readreq' 'gmem0_load_req' <Predicate = true> <Delay = 3.65> <CoreInst = "m_axi">   --->   Core 119 'm_axi' <Latency = 6> <II = 1> <Delay = 1.00> <Adapter> <Opcode : 'read' 'write' 'readreq' 'writereq' 'writeresp'>
ST_28 : Operation 214 [45/71] (3.65ns)   --->   "%gmem1_load_req = readreq i1 @_ssdm_op_ReadReq.m_axi.i128P1A, i64 %gmem1_addr, i64 1" [kernel.cpp:15]   --->   Operation 214 'readreq' 'gmem1_load_req' <Predicate = true> <Delay = 3.65> <CoreInst = "m_axi">   --->   Core 119 'm_axi' <Latency = 6> <II = 1> <Delay = 1.00> <Adapter> <Opcode : 'read' 'write' 'readreq' 'writereq' 'writeresp'>

State 29 <SV = 28> <Delay = 3.65>
ST_29 : Operation 215 [44/71] (3.65ns)   --->   "%gmem0_load_req = readreq i1 @_ssdm_op_ReadReq.m_axi.i128P1A, i64 %gmem0_addr, i64 1" [kernel.cpp:15]   --->   Operation 215 'readreq' 'gmem0_load_req' <Predicate = true> <Delay = 3.65> <CoreInst = "m_axi">   --->   Core 119 'm_axi' <Latency = 6> <II = 1> <Delay = 1.00> <Adapter> <Opcode : 'read' 'write' 'readreq' 'writereq' 'writeresp'>
ST_29 : Operation 216 [44/71] (3.65ns)   --->   "%gmem1_load_req = readreq i1 @_ssdm_op_ReadReq.m_axi.i128P1A, i64 %gmem1_addr, i64 1" [kernel.cpp:15]   --->   Operation 216 'readreq' 'gmem1_load_req' <Predicate = true> <Delay = 3.65> <CoreInst = "m_axi">   --->   Core 119 'm_axi' <Latency = 6> <II = 1> <Delay = 1.00> <Adapter> <Opcode : 'read' 'write' 'readreq' 'writereq' 'writeresp'>

State 30 <SV = 29> <Delay = 3.65>
ST_30 : Operation 217 [43/71] (3.65ns)   --->   "%gmem0_load_req = readreq i1 @_ssdm_op_ReadReq.m_axi.i128P1A, i64 %gmem0_addr, i64 1" [kernel.cpp:15]   --->   Operation 217 'readreq' 'gmem0_load_req' <Predicate = true> <Delay = 3.65> <CoreInst = "m_axi">   --->   Core 119 'm_axi' <Latency = 6> <II = 1> <Delay = 1.00> <Adapter> <Opcode : 'read' 'write' 'readreq' 'writereq' 'writeresp'>
ST_30 : Operation 218 [43/71] (3.65ns)   --->   "%gmem1_load_req = readreq i1 @_ssdm_op_ReadReq.m_axi.i128P1A, i64 %gmem1_addr, i64 1" [kernel.cpp:15]   --->   Operation 218 'readreq' 'gmem1_load_req' <Predicate = true> <Delay = 3.65> <CoreInst = "m_axi">   --->   Core 119 'm_axi' <Latency = 6> <II = 1> <Delay = 1.00> <Adapter> <Opcode : 'read' 'write' 'readreq' 'writereq' 'writeresp'>

State 31 <SV = 30> <Delay = 3.65>
ST_31 : Operation 219 [42/71] (3.65ns)   --->   "%gmem0_load_req = readreq i1 @_ssdm_op_ReadReq.m_axi.i128P1A, i64 %gmem0_addr, i64 1" [kernel.cpp:15]   --->   Operation 219 'readreq' 'gmem0_load_req' <Predicate = true> <Delay = 3.65> <CoreInst = "m_axi">   --->   Core 119 'm_axi' <Latency = 6> <II = 1> <Delay = 1.00> <Adapter> <Opcode : 'read' 'write' 'readreq' 'writereq' 'writeresp'>
ST_31 : Operation 220 [42/71] (3.65ns)   --->   "%gmem1_load_req = readreq i1 @_ssdm_op_ReadReq.m_axi.i128P1A, i64 %gmem1_addr, i64 1" [kernel.cpp:15]   --->   Operation 220 'readreq' 'gmem1_load_req' <Predicate = true> <Delay = 3.65> <CoreInst = "m_axi">   --->   Core 119 'm_axi' <Latency = 6> <II = 1> <Delay = 1.00> <Adapter> <Opcode : 'read' 'write' 'readreq' 'writereq' 'writeresp'>

State 32 <SV = 31> <Delay = 3.65>
ST_32 : Operation 221 [41/71] (3.65ns)   --->   "%gmem0_load_req = readreq i1 @_ssdm_op_ReadReq.m_axi.i128P1A, i64 %gmem0_addr, i64 1" [kernel.cpp:15]   --->   Operation 221 'readreq' 'gmem0_load_req' <Predicate = true> <Delay = 3.65> <CoreInst = "m_axi">   --->   Core 119 'm_axi' <Latency = 6> <II = 1> <Delay = 1.00> <Adapter> <Opcode : 'read' 'write' 'readreq' 'writereq' 'writeresp'>
ST_32 : Operation 222 [41/71] (3.65ns)   --->   "%gmem1_load_req = readreq i1 @_ssdm_op_ReadReq.m_axi.i128P1A, i64 %gmem1_addr, i64 1" [kernel.cpp:15]   --->   Operation 222 'readreq' 'gmem1_load_req' <Predicate = true> <Delay = 3.65> <CoreInst = "m_axi">   --->   Core 119 'm_axi' <Latency = 6> <II = 1> <Delay = 1.00> <Adapter> <Opcode : 'read' 'write' 'readreq' 'writereq' 'writeresp'>

State 33 <SV = 32> <Delay = 3.65>
ST_33 : Operation 223 [40/71] (3.65ns)   --->   "%gmem0_load_req = readreq i1 @_ssdm_op_ReadReq.m_axi.i128P1A, i64 %gmem0_addr, i64 1" [kernel.cpp:15]   --->   Operation 223 'readreq' 'gmem0_load_req' <Predicate = true> <Delay = 3.65> <CoreInst = "m_axi">   --->   Core 119 'm_axi' <Latency = 6> <II = 1> <Delay = 1.00> <Adapter> <Opcode : 'read' 'write' 'readreq' 'writereq' 'writeresp'>
ST_33 : Operation 224 [40/71] (3.65ns)   --->   "%gmem1_load_req = readreq i1 @_ssdm_op_ReadReq.m_axi.i128P1A, i64 %gmem1_addr, i64 1" [kernel.cpp:15]   --->   Operation 224 'readreq' 'gmem1_load_req' <Predicate = true> <Delay = 3.65> <CoreInst = "m_axi">   --->   Core 119 'm_axi' <Latency = 6> <II = 1> <Delay = 1.00> <Adapter> <Opcode : 'read' 'write' 'readreq' 'writereq' 'writeresp'>

State 34 <SV = 33> <Delay = 3.65>
ST_34 : Operation 225 [39/71] (3.65ns)   --->   "%gmem0_load_req = readreq i1 @_ssdm_op_ReadReq.m_axi.i128P1A, i64 %gmem0_addr, i64 1" [kernel.cpp:15]   --->   Operation 225 'readreq' 'gmem0_load_req' <Predicate = true> <Delay = 3.65> <CoreInst = "m_axi">   --->   Core 119 'm_axi' <Latency = 6> <II = 1> <Delay = 1.00> <Adapter> <Opcode : 'read' 'write' 'readreq' 'writereq' 'writeresp'>
ST_34 : Operation 226 [39/71] (3.65ns)   --->   "%gmem1_load_req = readreq i1 @_ssdm_op_ReadReq.m_axi.i128P1A, i64 %gmem1_addr, i64 1" [kernel.cpp:15]   --->   Operation 226 'readreq' 'gmem1_load_req' <Predicate = true> <Delay = 3.65> <CoreInst = "m_axi">   --->   Core 119 'm_axi' <Latency = 6> <II = 1> <Delay = 1.00> <Adapter> <Opcode : 'read' 'write' 'readreq' 'writereq' 'writeresp'>

State 35 <SV = 34> <Delay = 3.65>
ST_35 : Operation 227 [38/71] (3.65ns)   --->   "%gmem0_load_req = readreq i1 @_ssdm_op_ReadReq.m_axi.i128P1A, i64 %gmem0_addr, i64 1" [kernel.cpp:15]   --->   Operation 227 'readreq' 'gmem0_load_req' <Predicate = true> <Delay = 3.65> <CoreInst = "m_axi">   --->   Core 119 'm_axi' <Latency = 6> <II = 1> <Delay = 1.00> <Adapter> <Opcode : 'read' 'write' 'readreq' 'writereq' 'writeresp'>
ST_35 : Operation 228 [38/71] (3.65ns)   --->   "%gmem1_load_req = readreq i1 @_ssdm_op_ReadReq.m_axi.i128P1A, i64 %gmem1_addr, i64 1" [kernel.cpp:15]   --->   Operation 228 'readreq' 'gmem1_load_req' <Predicate = true> <Delay = 3.65> <CoreInst = "m_axi">   --->   Core 119 'm_axi' <Latency = 6> <II = 1> <Delay = 1.00> <Adapter> <Opcode : 'read' 'write' 'readreq' 'writereq' 'writeresp'>

State 36 <SV = 35> <Delay = 3.65>
ST_36 : Operation 229 [37/71] (3.65ns)   --->   "%gmem0_load_req = readreq i1 @_ssdm_op_ReadReq.m_axi.i128P1A, i64 %gmem0_addr, i64 1" [kernel.cpp:15]   --->   Operation 229 'readreq' 'gmem0_load_req' <Predicate = true> <Delay = 3.65> <CoreInst = "m_axi">   --->   Core 119 'm_axi' <Latency = 6> <II = 1> <Delay = 1.00> <Adapter> <Opcode : 'read' 'write' 'readreq' 'writereq' 'writeresp'>
ST_36 : Operation 230 [37/71] (3.65ns)   --->   "%gmem1_load_req = readreq i1 @_ssdm_op_ReadReq.m_axi.i128P1A, i64 %gmem1_addr, i64 1" [kernel.cpp:15]   --->   Operation 230 'readreq' 'gmem1_load_req' <Predicate = true> <Delay = 3.65> <CoreInst = "m_axi">   --->   Core 119 'm_axi' <Latency = 6> <II = 1> <Delay = 1.00> <Adapter> <Opcode : 'read' 'write' 'readreq' 'writereq' 'writeresp'>

State 37 <SV = 36> <Delay = 3.65>
ST_37 : Operation 231 [36/71] (3.65ns)   --->   "%gmem0_load_req = readreq i1 @_ssdm_op_ReadReq.m_axi.i128P1A, i64 %gmem0_addr, i64 1" [kernel.cpp:15]   --->   Operation 231 'readreq' 'gmem0_load_req' <Predicate = true> <Delay = 3.65> <CoreInst = "m_axi">   --->   Core 119 'm_axi' <Latency = 6> <II = 1> <Delay = 1.00> <Adapter> <Opcode : 'read' 'write' 'readreq' 'writereq' 'writeresp'>
ST_37 : Operation 232 [36/71] (3.65ns)   --->   "%gmem1_load_req = readreq i1 @_ssdm_op_ReadReq.m_axi.i128P1A, i64 %gmem1_addr, i64 1" [kernel.cpp:15]   --->   Operation 232 'readreq' 'gmem1_load_req' <Predicate = true> <Delay = 3.65> <CoreInst = "m_axi">   --->   Core 119 'm_axi' <Latency = 6> <II = 1> <Delay = 1.00> <Adapter> <Opcode : 'read' 'write' 'readreq' 'writereq' 'writeresp'>

State 38 <SV = 37> <Delay = 3.65>
ST_38 : Operation 233 [35/71] (3.65ns)   --->   "%gmem0_load_req = readreq i1 @_ssdm_op_ReadReq.m_axi.i128P1A, i64 %gmem0_addr, i64 1" [kernel.cpp:15]   --->   Operation 233 'readreq' 'gmem0_load_req' <Predicate = true> <Delay = 3.65> <CoreInst = "m_axi">   --->   Core 119 'm_axi' <Latency = 6> <II = 1> <Delay = 1.00> <Adapter> <Opcode : 'read' 'write' 'readreq' 'writereq' 'writeresp'>
ST_38 : Operation 234 [35/71] (3.65ns)   --->   "%gmem1_load_req = readreq i1 @_ssdm_op_ReadReq.m_axi.i128P1A, i64 %gmem1_addr, i64 1" [kernel.cpp:15]   --->   Operation 234 'readreq' 'gmem1_load_req' <Predicate = true> <Delay = 3.65> <CoreInst = "m_axi">   --->   Core 119 'm_axi' <Latency = 6> <II = 1> <Delay = 1.00> <Adapter> <Opcode : 'read' 'write' 'readreq' 'writereq' 'writeresp'>

State 39 <SV = 38> <Delay = 3.65>
ST_39 : Operation 235 [34/71] (3.65ns)   --->   "%gmem0_load_req = readreq i1 @_ssdm_op_ReadReq.m_axi.i128P1A, i64 %gmem0_addr, i64 1" [kernel.cpp:15]   --->   Operation 235 'readreq' 'gmem0_load_req' <Predicate = true> <Delay = 3.65> <CoreInst = "m_axi">   --->   Core 119 'm_axi' <Latency = 6> <II = 1> <Delay = 1.00> <Adapter> <Opcode : 'read' 'write' 'readreq' 'writereq' 'writeresp'>
ST_39 : Operation 236 [34/71] (3.65ns)   --->   "%gmem1_load_req = readreq i1 @_ssdm_op_ReadReq.m_axi.i128P1A, i64 %gmem1_addr, i64 1" [kernel.cpp:15]   --->   Operation 236 'readreq' 'gmem1_load_req' <Predicate = true> <Delay = 3.65> <CoreInst = "m_axi">   --->   Core 119 'm_axi' <Latency = 6> <II = 1> <Delay = 1.00> <Adapter> <Opcode : 'read' 'write' 'readreq' 'writereq' 'writeresp'>

State 40 <SV = 39> <Delay = 3.65>
ST_40 : Operation 237 [33/71] (3.65ns)   --->   "%gmem0_load_req = readreq i1 @_ssdm_op_ReadReq.m_axi.i128P1A, i64 %gmem0_addr, i64 1" [kernel.cpp:15]   --->   Operation 237 'readreq' 'gmem0_load_req' <Predicate = true> <Delay = 3.65> <CoreInst = "m_axi">   --->   Core 119 'm_axi' <Latency = 6> <II = 1> <Delay = 1.00> <Adapter> <Opcode : 'read' 'write' 'readreq' 'writereq' 'writeresp'>
ST_40 : Operation 238 [33/71] (3.65ns)   --->   "%gmem1_load_req = readreq i1 @_ssdm_op_ReadReq.m_axi.i128P1A, i64 %gmem1_addr, i64 1" [kernel.cpp:15]   --->   Operation 238 'readreq' 'gmem1_load_req' <Predicate = true> <Delay = 3.65> <CoreInst = "m_axi">   --->   Core 119 'm_axi' <Latency = 6> <II = 1> <Delay = 1.00> <Adapter> <Opcode : 'read' 'write' 'readreq' 'writereq' 'writeresp'>

State 41 <SV = 40> <Delay = 3.65>
ST_41 : Operation 239 [32/71] (3.65ns)   --->   "%gmem0_load_req = readreq i1 @_ssdm_op_ReadReq.m_axi.i128P1A, i64 %gmem0_addr, i64 1" [kernel.cpp:15]   --->   Operation 239 'readreq' 'gmem0_load_req' <Predicate = true> <Delay = 3.65> <CoreInst = "m_axi">   --->   Core 119 'm_axi' <Latency = 6> <II = 1> <Delay = 1.00> <Adapter> <Opcode : 'read' 'write' 'readreq' 'writereq' 'writeresp'>
ST_41 : Operation 240 [32/71] (3.65ns)   --->   "%gmem1_load_req = readreq i1 @_ssdm_op_ReadReq.m_axi.i128P1A, i64 %gmem1_addr, i64 1" [kernel.cpp:15]   --->   Operation 240 'readreq' 'gmem1_load_req' <Predicate = true> <Delay = 3.65> <CoreInst = "m_axi">   --->   Core 119 'm_axi' <Latency = 6> <II = 1> <Delay = 1.00> <Adapter> <Opcode : 'read' 'write' 'readreq' 'writereq' 'writeresp'>

State 42 <SV = 41> <Delay = 3.65>
ST_42 : Operation 241 [31/71] (3.65ns)   --->   "%gmem0_load_req = readreq i1 @_ssdm_op_ReadReq.m_axi.i128P1A, i64 %gmem0_addr, i64 1" [kernel.cpp:15]   --->   Operation 241 'readreq' 'gmem0_load_req' <Predicate = true> <Delay = 3.65> <CoreInst = "m_axi">   --->   Core 119 'm_axi' <Latency = 6> <II = 1> <Delay = 1.00> <Adapter> <Opcode : 'read' 'write' 'readreq' 'writereq' 'writeresp'>
ST_42 : Operation 242 [31/71] (3.65ns)   --->   "%gmem1_load_req = readreq i1 @_ssdm_op_ReadReq.m_axi.i128P1A, i64 %gmem1_addr, i64 1" [kernel.cpp:15]   --->   Operation 242 'readreq' 'gmem1_load_req' <Predicate = true> <Delay = 3.65> <CoreInst = "m_axi">   --->   Core 119 'm_axi' <Latency = 6> <II = 1> <Delay = 1.00> <Adapter> <Opcode : 'read' 'write' 'readreq' 'writereq' 'writeresp'>

State 43 <SV = 42> <Delay = 3.65>
ST_43 : Operation 243 [30/71] (3.65ns)   --->   "%gmem0_load_req = readreq i1 @_ssdm_op_ReadReq.m_axi.i128P1A, i64 %gmem0_addr, i64 1" [kernel.cpp:15]   --->   Operation 243 'readreq' 'gmem0_load_req' <Predicate = true> <Delay = 3.65> <CoreInst = "m_axi">   --->   Core 119 'm_axi' <Latency = 6> <II = 1> <Delay = 1.00> <Adapter> <Opcode : 'read' 'write' 'readreq' 'writereq' 'writeresp'>
ST_43 : Operation 244 [30/71] (3.65ns)   --->   "%gmem1_load_req = readreq i1 @_ssdm_op_ReadReq.m_axi.i128P1A, i64 %gmem1_addr, i64 1" [kernel.cpp:15]   --->   Operation 244 'readreq' 'gmem1_load_req' <Predicate = true> <Delay = 3.65> <CoreInst = "m_axi">   --->   Core 119 'm_axi' <Latency = 6> <II = 1> <Delay = 1.00> <Adapter> <Opcode : 'read' 'write' 'readreq' 'writereq' 'writeresp'>

State 44 <SV = 43> <Delay = 3.65>
ST_44 : Operation 245 [29/71] (3.65ns)   --->   "%gmem0_load_req = readreq i1 @_ssdm_op_ReadReq.m_axi.i128P1A, i64 %gmem0_addr, i64 1" [kernel.cpp:15]   --->   Operation 245 'readreq' 'gmem0_load_req' <Predicate = true> <Delay = 3.65> <CoreInst = "m_axi">   --->   Core 119 'm_axi' <Latency = 6> <II = 1> <Delay = 1.00> <Adapter> <Opcode : 'read' 'write' 'readreq' 'writereq' 'writeresp'>
ST_44 : Operation 246 [29/71] (3.65ns)   --->   "%gmem1_load_req = readreq i1 @_ssdm_op_ReadReq.m_axi.i128P1A, i64 %gmem1_addr, i64 1" [kernel.cpp:15]   --->   Operation 246 'readreq' 'gmem1_load_req' <Predicate = true> <Delay = 3.65> <CoreInst = "m_axi">   --->   Core 119 'm_axi' <Latency = 6> <II = 1> <Delay = 1.00> <Adapter> <Opcode : 'read' 'write' 'readreq' 'writereq' 'writeresp'>

State 45 <SV = 44> <Delay = 3.65>
ST_45 : Operation 247 [28/71] (3.65ns)   --->   "%gmem0_load_req = readreq i1 @_ssdm_op_ReadReq.m_axi.i128P1A, i64 %gmem0_addr, i64 1" [kernel.cpp:15]   --->   Operation 247 'readreq' 'gmem0_load_req' <Predicate = true> <Delay = 3.65> <CoreInst = "m_axi">   --->   Core 119 'm_axi' <Latency = 6> <II = 1> <Delay = 1.00> <Adapter> <Opcode : 'read' 'write' 'readreq' 'writereq' 'writeresp'>
ST_45 : Operation 248 [28/71] (3.65ns)   --->   "%gmem1_load_req = readreq i1 @_ssdm_op_ReadReq.m_axi.i128P1A, i64 %gmem1_addr, i64 1" [kernel.cpp:15]   --->   Operation 248 'readreq' 'gmem1_load_req' <Predicate = true> <Delay = 3.65> <CoreInst = "m_axi">   --->   Core 119 'm_axi' <Latency = 6> <II = 1> <Delay = 1.00> <Adapter> <Opcode : 'read' 'write' 'readreq' 'writereq' 'writeresp'>

State 46 <SV = 45> <Delay = 3.65>
ST_46 : Operation 249 [27/71] (3.65ns)   --->   "%gmem0_load_req = readreq i1 @_ssdm_op_ReadReq.m_axi.i128P1A, i64 %gmem0_addr, i64 1" [kernel.cpp:15]   --->   Operation 249 'readreq' 'gmem0_load_req' <Predicate = true> <Delay = 3.65> <CoreInst = "m_axi">   --->   Core 119 'm_axi' <Latency = 6> <II = 1> <Delay = 1.00> <Adapter> <Opcode : 'read' 'write' 'readreq' 'writereq' 'writeresp'>
ST_46 : Operation 250 [27/71] (3.65ns)   --->   "%gmem1_load_req = readreq i1 @_ssdm_op_ReadReq.m_axi.i128P1A, i64 %gmem1_addr, i64 1" [kernel.cpp:15]   --->   Operation 250 'readreq' 'gmem1_load_req' <Predicate = true> <Delay = 3.65> <CoreInst = "m_axi">   --->   Core 119 'm_axi' <Latency = 6> <II = 1> <Delay = 1.00> <Adapter> <Opcode : 'read' 'write' 'readreq' 'writereq' 'writeresp'>

State 47 <SV = 46> <Delay = 3.65>
ST_47 : Operation 251 [26/71] (3.65ns)   --->   "%gmem0_load_req = readreq i1 @_ssdm_op_ReadReq.m_axi.i128P1A, i64 %gmem0_addr, i64 1" [kernel.cpp:15]   --->   Operation 251 'readreq' 'gmem0_load_req' <Predicate = true> <Delay = 3.65> <CoreInst = "m_axi">   --->   Core 119 'm_axi' <Latency = 6> <II = 1> <Delay = 1.00> <Adapter> <Opcode : 'read' 'write' 'readreq' 'writereq' 'writeresp'>
ST_47 : Operation 252 [26/71] (3.65ns)   --->   "%gmem1_load_req = readreq i1 @_ssdm_op_ReadReq.m_axi.i128P1A, i64 %gmem1_addr, i64 1" [kernel.cpp:15]   --->   Operation 252 'readreq' 'gmem1_load_req' <Predicate = true> <Delay = 3.65> <CoreInst = "m_axi">   --->   Core 119 'm_axi' <Latency = 6> <II = 1> <Delay = 1.00> <Adapter> <Opcode : 'read' 'write' 'readreq' 'writereq' 'writeresp'>

State 48 <SV = 47> <Delay = 3.65>
ST_48 : Operation 253 [25/71] (3.65ns)   --->   "%gmem0_load_req = readreq i1 @_ssdm_op_ReadReq.m_axi.i128P1A, i64 %gmem0_addr, i64 1" [kernel.cpp:15]   --->   Operation 253 'readreq' 'gmem0_load_req' <Predicate = true> <Delay = 3.65> <CoreInst = "m_axi">   --->   Core 119 'm_axi' <Latency = 6> <II = 1> <Delay = 1.00> <Adapter> <Opcode : 'read' 'write' 'readreq' 'writereq' 'writeresp'>
ST_48 : Operation 254 [25/71] (3.65ns)   --->   "%gmem1_load_req = readreq i1 @_ssdm_op_ReadReq.m_axi.i128P1A, i64 %gmem1_addr, i64 1" [kernel.cpp:15]   --->   Operation 254 'readreq' 'gmem1_load_req' <Predicate = true> <Delay = 3.65> <CoreInst = "m_axi">   --->   Core 119 'm_axi' <Latency = 6> <II = 1> <Delay = 1.00> <Adapter> <Opcode : 'read' 'write' 'readreq' 'writereq' 'writeresp'>

State 49 <SV = 48> <Delay = 3.65>
ST_49 : Operation 255 [24/71] (3.65ns)   --->   "%gmem0_load_req = readreq i1 @_ssdm_op_ReadReq.m_axi.i128P1A, i64 %gmem0_addr, i64 1" [kernel.cpp:15]   --->   Operation 255 'readreq' 'gmem0_load_req' <Predicate = true> <Delay = 3.65> <CoreInst = "m_axi">   --->   Core 119 'm_axi' <Latency = 6> <II = 1> <Delay = 1.00> <Adapter> <Opcode : 'read' 'write' 'readreq' 'writereq' 'writeresp'>
ST_49 : Operation 256 [24/71] (3.65ns)   --->   "%gmem1_load_req = readreq i1 @_ssdm_op_ReadReq.m_axi.i128P1A, i64 %gmem1_addr, i64 1" [kernel.cpp:15]   --->   Operation 256 'readreq' 'gmem1_load_req' <Predicate = true> <Delay = 3.65> <CoreInst = "m_axi">   --->   Core 119 'm_axi' <Latency = 6> <II = 1> <Delay = 1.00> <Adapter> <Opcode : 'read' 'write' 'readreq' 'writereq' 'writeresp'>

State 50 <SV = 49> <Delay = 3.65>
ST_50 : Operation 257 [23/71] (3.65ns)   --->   "%gmem0_load_req = readreq i1 @_ssdm_op_ReadReq.m_axi.i128P1A, i64 %gmem0_addr, i64 1" [kernel.cpp:15]   --->   Operation 257 'readreq' 'gmem0_load_req' <Predicate = true> <Delay = 3.65> <CoreInst = "m_axi">   --->   Core 119 'm_axi' <Latency = 6> <II = 1> <Delay = 1.00> <Adapter> <Opcode : 'read' 'write' 'readreq' 'writereq' 'writeresp'>
ST_50 : Operation 258 [23/71] (3.65ns)   --->   "%gmem1_load_req = readreq i1 @_ssdm_op_ReadReq.m_axi.i128P1A, i64 %gmem1_addr, i64 1" [kernel.cpp:15]   --->   Operation 258 'readreq' 'gmem1_load_req' <Predicate = true> <Delay = 3.65> <CoreInst = "m_axi">   --->   Core 119 'm_axi' <Latency = 6> <II = 1> <Delay = 1.00> <Adapter> <Opcode : 'read' 'write' 'readreq' 'writereq' 'writeresp'>

State 51 <SV = 50> <Delay = 3.65>
ST_51 : Operation 259 [22/71] (3.65ns)   --->   "%gmem0_load_req = readreq i1 @_ssdm_op_ReadReq.m_axi.i128P1A, i64 %gmem0_addr, i64 1" [kernel.cpp:15]   --->   Operation 259 'readreq' 'gmem0_load_req' <Predicate = true> <Delay = 3.65> <CoreInst = "m_axi">   --->   Core 119 'm_axi' <Latency = 6> <II = 1> <Delay = 1.00> <Adapter> <Opcode : 'read' 'write' 'readreq' 'writereq' 'writeresp'>
ST_51 : Operation 260 [22/71] (3.65ns)   --->   "%gmem1_load_req = readreq i1 @_ssdm_op_ReadReq.m_axi.i128P1A, i64 %gmem1_addr, i64 1" [kernel.cpp:15]   --->   Operation 260 'readreq' 'gmem1_load_req' <Predicate = true> <Delay = 3.65> <CoreInst = "m_axi">   --->   Core 119 'm_axi' <Latency = 6> <II = 1> <Delay = 1.00> <Adapter> <Opcode : 'read' 'write' 'readreq' 'writereq' 'writeresp'>

State 52 <SV = 51> <Delay = 3.65>
ST_52 : Operation 261 [21/71] (3.65ns)   --->   "%gmem0_load_req = readreq i1 @_ssdm_op_ReadReq.m_axi.i128P1A, i64 %gmem0_addr, i64 1" [kernel.cpp:15]   --->   Operation 261 'readreq' 'gmem0_load_req' <Predicate = true> <Delay = 3.65> <CoreInst = "m_axi">   --->   Core 119 'm_axi' <Latency = 6> <II = 1> <Delay = 1.00> <Adapter> <Opcode : 'read' 'write' 'readreq' 'writereq' 'writeresp'>
ST_52 : Operation 262 [21/71] (3.65ns)   --->   "%gmem1_load_req = readreq i1 @_ssdm_op_ReadReq.m_axi.i128P1A, i64 %gmem1_addr, i64 1" [kernel.cpp:15]   --->   Operation 262 'readreq' 'gmem1_load_req' <Predicate = true> <Delay = 3.65> <CoreInst = "m_axi">   --->   Core 119 'm_axi' <Latency = 6> <II = 1> <Delay = 1.00> <Adapter> <Opcode : 'read' 'write' 'readreq' 'writereq' 'writeresp'>

State 53 <SV = 52> <Delay = 3.65>
ST_53 : Operation 263 [20/71] (3.65ns)   --->   "%gmem0_load_req = readreq i1 @_ssdm_op_ReadReq.m_axi.i128P1A, i64 %gmem0_addr, i64 1" [kernel.cpp:15]   --->   Operation 263 'readreq' 'gmem0_load_req' <Predicate = true> <Delay = 3.65> <CoreInst = "m_axi">   --->   Core 119 'm_axi' <Latency = 6> <II = 1> <Delay = 1.00> <Adapter> <Opcode : 'read' 'write' 'readreq' 'writereq' 'writeresp'>
ST_53 : Operation 264 [20/71] (3.65ns)   --->   "%gmem1_load_req = readreq i1 @_ssdm_op_ReadReq.m_axi.i128P1A, i64 %gmem1_addr, i64 1" [kernel.cpp:15]   --->   Operation 264 'readreq' 'gmem1_load_req' <Predicate = true> <Delay = 3.65> <CoreInst = "m_axi">   --->   Core 119 'm_axi' <Latency = 6> <II = 1> <Delay = 1.00> <Adapter> <Opcode : 'read' 'write' 'readreq' 'writereq' 'writeresp'>

State 54 <SV = 53> <Delay = 3.65>
ST_54 : Operation 265 [19/71] (3.65ns)   --->   "%gmem0_load_req = readreq i1 @_ssdm_op_ReadReq.m_axi.i128P1A, i64 %gmem0_addr, i64 1" [kernel.cpp:15]   --->   Operation 265 'readreq' 'gmem0_load_req' <Predicate = true> <Delay = 3.65> <CoreInst = "m_axi">   --->   Core 119 'm_axi' <Latency = 6> <II = 1> <Delay = 1.00> <Adapter> <Opcode : 'read' 'write' 'readreq' 'writereq' 'writeresp'>
ST_54 : Operation 266 [19/71] (3.65ns)   --->   "%gmem1_load_req = readreq i1 @_ssdm_op_ReadReq.m_axi.i128P1A, i64 %gmem1_addr, i64 1" [kernel.cpp:15]   --->   Operation 266 'readreq' 'gmem1_load_req' <Predicate = true> <Delay = 3.65> <CoreInst = "m_axi">   --->   Core 119 'm_axi' <Latency = 6> <II = 1> <Delay = 1.00> <Adapter> <Opcode : 'read' 'write' 'readreq' 'writereq' 'writeresp'>

State 55 <SV = 54> <Delay = 3.65>
ST_55 : Operation 267 [18/71] (3.65ns)   --->   "%gmem0_load_req = readreq i1 @_ssdm_op_ReadReq.m_axi.i128P1A, i64 %gmem0_addr, i64 1" [kernel.cpp:15]   --->   Operation 267 'readreq' 'gmem0_load_req' <Predicate = true> <Delay = 3.65> <CoreInst = "m_axi">   --->   Core 119 'm_axi' <Latency = 6> <II = 1> <Delay = 1.00> <Adapter> <Opcode : 'read' 'write' 'readreq' 'writereq' 'writeresp'>
ST_55 : Operation 268 [18/71] (3.65ns)   --->   "%gmem1_load_req = readreq i1 @_ssdm_op_ReadReq.m_axi.i128P1A, i64 %gmem1_addr, i64 1" [kernel.cpp:15]   --->   Operation 268 'readreq' 'gmem1_load_req' <Predicate = true> <Delay = 3.65> <CoreInst = "m_axi">   --->   Core 119 'm_axi' <Latency = 6> <II = 1> <Delay = 1.00> <Adapter> <Opcode : 'read' 'write' 'readreq' 'writereq' 'writeresp'>

State 56 <SV = 55> <Delay = 3.65>
ST_56 : Operation 269 [17/71] (3.65ns)   --->   "%gmem0_load_req = readreq i1 @_ssdm_op_ReadReq.m_axi.i128P1A, i64 %gmem0_addr, i64 1" [kernel.cpp:15]   --->   Operation 269 'readreq' 'gmem0_load_req' <Predicate = true> <Delay = 3.65> <CoreInst = "m_axi">   --->   Core 119 'm_axi' <Latency = 6> <II = 1> <Delay = 1.00> <Adapter> <Opcode : 'read' 'write' 'readreq' 'writereq' 'writeresp'>
ST_56 : Operation 270 [17/71] (3.65ns)   --->   "%gmem1_load_req = readreq i1 @_ssdm_op_ReadReq.m_axi.i128P1A, i64 %gmem1_addr, i64 1" [kernel.cpp:15]   --->   Operation 270 'readreq' 'gmem1_load_req' <Predicate = true> <Delay = 3.65> <CoreInst = "m_axi">   --->   Core 119 'm_axi' <Latency = 6> <II = 1> <Delay = 1.00> <Adapter> <Opcode : 'read' 'write' 'readreq' 'writereq' 'writeresp'>

State 57 <SV = 56> <Delay = 3.65>
ST_57 : Operation 271 [16/71] (3.65ns)   --->   "%gmem0_load_req = readreq i1 @_ssdm_op_ReadReq.m_axi.i128P1A, i64 %gmem0_addr, i64 1" [kernel.cpp:15]   --->   Operation 271 'readreq' 'gmem0_load_req' <Predicate = true> <Delay = 3.65> <CoreInst = "m_axi">   --->   Core 119 'm_axi' <Latency = 6> <II = 1> <Delay = 1.00> <Adapter> <Opcode : 'read' 'write' 'readreq' 'writereq' 'writeresp'>
ST_57 : Operation 272 [16/71] (3.65ns)   --->   "%gmem1_load_req = readreq i1 @_ssdm_op_ReadReq.m_axi.i128P1A, i64 %gmem1_addr, i64 1" [kernel.cpp:15]   --->   Operation 272 'readreq' 'gmem1_load_req' <Predicate = true> <Delay = 3.65> <CoreInst = "m_axi">   --->   Core 119 'm_axi' <Latency = 6> <II = 1> <Delay = 1.00> <Adapter> <Opcode : 'read' 'write' 'readreq' 'writereq' 'writeresp'>

State 58 <SV = 57> <Delay = 3.65>
ST_58 : Operation 273 [15/71] (3.65ns)   --->   "%gmem0_load_req = readreq i1 @_ssdm_op_ReadReq.m_axi.i128P1A, i64 %gmem0_addr, i64 1" [kernel.cpp:15]   --->   Operation 273 'readreq' 'gmem0_load_req' <Predicate = true> <Delay = 3.65> <CoreInst = "m_axi">   --->   Core 119 'm_axi' <Latency = 6> <II = 1> <Delay = 1.00> <Adapter> <Opcode : 'read' 'write' 'readreq' 'writereq' 'writeresp'>
ST_58 : Operation 274 [15/71] (3.65ns)   --->   "%gmem1_load_req = readreq i1 @_ssdm_op_ReadReq.m_axi.i128P1A, i64 %gmem1_addr, i64 1" [kernel.cpp:15]   --->   Operation 274 'readreq' 'gmem1_load_req' <Predicate = true> <Delay = 3.65> <CoreInst = "m_axi">   --->   Core 119 'm_axi' <Latency = 6> <II = 1> <Delay = 1.00> <Adapter> <Opcode : 'read' 'write' 'readreq' 'writereq' 'writeresp'>

State 59 <SV = 58> <Delay = 3.65>
ST_59 : Operation 275 [14/71] (3.65ns)   --->   "%gmem0_load_req = readreq i1 @_ssdm_op_ReadReq.m_axi.i128P1A, i64 %gmem0_addr, i64 1" [kernel.cpp:15]   --->   Operation 275 'readreq' 'gmem0_load_req' <Predicate = true> <Delay = 3.65> <CoreInst = "m_axi">   --->   Core 119 'm_axi' <Latency = 6> <II = 1> <Delay = 1.00> <Adapter> <Opcode : 'read' 'write' 'readreq' 'writereq' 'writeresp'>
ST_59 : Operation 276 [14/71] (3.65ns)   --->   "%gmem1_load_req = readreq i1 @_ssdm_op_ReadReq.m_axi.i128P1A, i64 %gmem1_addr, i64 1" [kernel.cpp:15]   --->   Operation 276 'readreq' 'gmem1_load_req' <Predicate = true> <Delay = 3.65> <CoreInst = "m_axi">   --->   Core 119 'm_axi' <Latency = 6> <II = 1> <Delay = 1.00> <Adapter> <Opcode : 'read' 'write' 'readreq' 'writereq' 'writeresp'>

State 60 <SV = 59> <Delay = 3.65>
ST_60 : Operation 277 [13/71] (3.65ns)   --->   "%gmem0_load_req = readreq i1 @_ssdm_op_ReadReq.m_axi.i128P1A, i64 %gmem0_addr, i64 1" [kernel.cpp:15]   --->   Operation 277 'readreq' 'gmem0_load_req' <Predicate = true> <Delay = 3.65> <CoreInst = "m_axi">   --->   Core 119 'm_axi' <Latency = 6> <II = 1> <Delay = 1.00> <Adapter> <Opcode : 'read' 'write' 'readreq' 'writereq' 'writeresp'>
ST_60 : Operation 278 [13/71] (3.65ns)   --->   "%gmem1_load_req = readreq i1 @_ssdm_op_ReadReq.m_axi.i128P1A, i64 %gmem1_addr, i64 1" [kernel.cpp:15]   --->   Operation 278 'readreq' 'gmem1_load_req' <Predicate = true> <Delay = 3.65> <CoreInst = "m_axi">   --->   Core 119 'm_axi' <Latency = 6> <II = 1> <Delay = 1.00> <Adapter> <Opcode : 'read' 'write' 'readreq' 'writereq' 'writeresp'>

State 61 <SV = 60> <Delay = 3.65>
ST_61 : Operation 279 [12/71] (3.65ns)   --->   "%gmem0_load_req = readreq i1 @_ssdm_op_ReadReq.m_axi.i128P1A, i64 %gmem0_addr, i64 1" [kernel.cpp:15]   --->   Operation 279 'readreq' 'gmem0_load_req' <Predicate = true> <Delay = 3.65> <CoreInst = "m_axi">   --->   Core 119 'm_axi' <Latency = 6> <II = 1> <Delay = 1.00> <Adapter> <Opcode : 'read' 'write' 'readreq' 'writereq' 'writeresp'>
ST_61 : Operation 280 [12/71] (3.65ns)   --->   "%gmem1_load_req = readreq i1 @_ssdm_op_ReadReq.m_axi.i128P1A, i64 %gmem1_addr, i64 1" [kernel.cpp:15]   --->   Operation 280 'readreq' 'gmem1_load_req' <Predicate = true> <Delay = 3.65> <CoreInst = "m_axi">   --->   Core 119 'm_axi' <Latency = 6> <II = 1> <Delay = 1.00> <Adapter> <Opcode : 'read' 'write' 'readreq' 'writereq' 'writeresp'>

State 62 <SV = 61> <Delay = 3.65>
ST_62 : Operation 281 [11/71] (3.65ns)   --->   "%gmem0_load_req = readreq i1 @_ssdm_op_ReadReq.m_axi.i128P1A, i64 %gmem0_addr, i64 1" [kernel.cpp:15]   --->   Operation 281 'readreq' 'gmem0_load_req' <Predicate = true> <Delay = 3.65> <CoreInst = "m_axi">   --->   Core 119 'm_axi' <Latency = 6> <II = 1> <Delay = 1.00> <Adapter> <Opcode : 'read' 'write' 'readreq' 'writereq' 'writeresp'>
ST_62 : Operation 282 [11/71] (3.65ns)   --->   "%gmem1_load_req = readreq i1 @_ssdm_op_ReadReq.m_axi.i128P1A, i64 %gmem1_addr, i64 1" [kernel.cpp:15]   --->   Operation 282 'readreq' 'gmem1_load_req' <Predicate = true> <Delay = 3.65> <CoreInst = "m_axi">   --->   Core 119 'm_axi' <Latency = 6> <II = 1> <Delay = 1.00> <Adapter> <Opcode : 'read' 'write' 'readreq' 'writereq' 'writeresp'>

State 63 <SV = 62> <Delay = 3.65>
ST_63 : Operation 283 [10/71] (3.65ns)   --->   "%gmem0_load_req = readreq i1 @_ssdm_op_ReadReq.m_axi.i128P1A, i64 %gmem0_addr, i64 1" [kernel.cpp:15]   --->   Operation 283 'readreq' 'gmem0_load_req' <Predicate = true> <Delay = 3.65> <CoreInst = "m_axi">   --->   Core 119 'm_axi' <Latency = 6> <II = 1> <Delay = 1.00> <Adapter> <Opcode : 'read' 'write' 'readreq' 'writereq' 'writeresp'>
ST_63 : Operation 284 [10/71] (3.65ns)   --->   "%gmem1_load_req = readreq i1 @_ssdm_op_ReadReq.m_axi.i128P1A, i64 %gmem1_addr, i64 1" [kernel.cpp:15]   --->   Operation 284 'readreq' 'gmem1_load_req' <Predicate = true> <Delay = 3.65> <CoreInst = "m_axi">   --->   Core 119 'm_axi' <Latency = 6> <II = 1> <Delay = 1.00> <Adapter> <Opcode : 'read' 'write' 'readreq' 'writereq' 'writeresp'>

State 64 <SV = 63> <Delay = 3.65>
ST_64 : Operation 285 [9/71] (3.65ns)   --->   "%gmem0_load_req = readreq i1 @_ssdm_op_ReadReq.m_axi.i128P1A, i64 %gmem0_addr, i64 1" [kernel.cpp:15]   --->   Operation 285 'readreq' 'gmem0_load_req' <Predicate = true> <Delay = 3.65> <CoreInst = "m_axi">   --->   Core 119 'm_axi' <Latency = 6> <II = 1> <Delay = 1.00> <Adapter> <Opcode : 'read' 'write' 'readreq' 'writereq' 'writeresp'>
ST_64 : Operation 286 [9/71] (3.65ns)   --->   "%gmem1_load_req = readreq i1 @_ssdm_op_ReadReq.m_axi.i128P1A, i64 %gmem1_addr, i64 1" [kernel.cpp:15]   --->   Operation 286 'readreq' 'gmem1_load_req' <Predicate = true> <Delay = 3.65> <CoreInst = "m_axi">   --->   Core 119 'm_axi' <Latency = 6> <II = 1> <Delay = 1.00> <Adapter> <Opcode : 'read' 'write' 'readreq' 'writereq' 'writeresp'>

State 65 <SV = 64> <Delay = 3.65>
ST_65 : Operation 287 [8/71] (3.65ns)   --->   "%gmem0_load_req = readreq i1 @_ssdm_op_ReadReq.m_axi.i128P1A, i64 %gmem0_addr, i64 1" [kernel.cpp:15]   --->   Operation 287 'readreq' 'gmem0_load_req' <Predicate = true> <Delay = 3.65> <CoreInst = "m_axi">   --->   Core 119 'm_axi' <Latency = 6> <II = 1> <Delay = 1.00> <Adapter> <Opcode : 'read' 'write' 'readreq' 'writereq' 'writeresp'>
ST_65 : Operation 288 [8/71] (3.65ns)   --->   "%gmem1_load_req = readreq i1 @_ssdm_op_ReadReq.m_axi.i128P1A, i64 %gmem1_addr, i64 1" [kernel.cpp:15]   --->   Operation 288 'readreq' 'gmem1_load_req' <Predicate = true> <Delay = 3.65> <CoreInst = "m_axi">   --->   Core 119 'm_axi' <Latency = 6> <II = 1> <Delay = 1.00> <Adapter> <Opcode : 'read' 'write' 'readreq' 'writereq' 'writeresp'>

State 66 <SV = 65> <Delay = 3.65>
ST_66 : Operation 289 [7/71] (3.65ns)   --->   "%gmem0_load_req = readreq i1 @_ssdm_op_ReadReq.m_axi.i128P1A, i64 %gmem0_addr, i64 1" [kernel.cpp:15]   --->   Operation 289 'readreq' 'gmem0_load_req' <Predicate = true> <Delay = 3.65> <CoreInst = "m_axi">   --->   Core 119 'm_axi' <Latency = 6> <II = 1> <Delay = 1.00> <Adapter> <Opcode : 'read' 'write' 'readreq' 'writereq' 'writeresp'>
ST_66 : Operation 290 [7/71] (3.65ns)   --->   "%gmem1_load_req = readreq i1 @_ssdm_op_ReadReq.m_axi.i128P1A, i64 %gmem1_addr, i64 1" [kernel.cpp:15]   --->   Operation 290 'readreq' 'gmem1_load_req' <Predicate = true> <Delay = 3.65> <CoreInst = "m_axi">   --->   Core 119 'm_axi' <Latency = 6> <II = 1> <Delay = 1.00> <Adapter> <Opcode : 'read' 'write' 'readreq' 'writereq' 'writeresp'>

State 67 <SV = 66> <Delay = 3.65>
ST_67 : Operation 291 [6/71] (3.65ns)   --->   "%gmem0_load_req = readreq i1 @_ssdm_op_ReadReq.m_axi.i128P1A, i64 %gmem0_addr, i64 1" [kernel.cpp:15]   --->   Operation 291 'readreq' 'gmem0_load_req' <Predicate = true> <Delay = 3.65> <CoreInst = "m_axi">   --->   Core 119 'm_axi' <Latency = 6> <II = 1> <Delay = 1.00> <Adapter> <Opcode : 'read' 'write' 'readreq' 'writereq' 'writeresp'>
ST_67 : Operation 292 [6/71] (3.65ns)   --->   "%gmem1_load_req = readreq i1 @_ssdm_op_ReadReq.m_axi.i128P1A, i64 %gmem1_addr, i64 1" [kernel.cpp:15]   --->   Operation 292 'readreq' 'gmem1_load_req' <Predicate = true> <Delay = 3.65> <CoreInst = "m_axi">   --->   Core 119 'm_axi' <Latency = 6> <II = 1> <Delay = 1.00> <Adapter> <Opcode : 'read' 'write' 'readreq' 'writereq' 'writeresp'>

State 68 <SV = 67> <Delay = 3.65>
ST_68 : Operation 293 [5/71] (3.65ns)   --->   "%gmem0_load_req = readreq i1 @_ssdm_op_ReadReq.m_axi.i128P1A, i64 %gmem0_addr, i64 1" [kernel.cpp:15]   --->   Operation 293 'readreq' 'gmem0_load_req' <Predicate = true> <Delay = 3.65> <CoreInst = "m_axi">   --->   Core 119 'm_axi' <Latency = 6> <II = 1> <Delay = 1.00> <Adapter> <Opcode : 'read' 'write' 'readreq' 'writereq' 'writeresp'>
ST_68 : Operation 294 [5/71] (3.65ns)   --->   "%gmem1_load_req = readreq i1 @_ssdm_op_ReadReq.m_axi.i128P1A, i64 %gmem1_addr, i64 1" [kernel.cpp:15]   --->   Operation 294 'readreq' 'gmem1_load_req' <Predicate = true> <Delay = 3.65> <CoreInst = "m_axi">   --->   Core 119 'm_axi' <Latency = 6> <II = 1> <Delay = 1.00> <Adapter> <Opcode : 'read' 'write' 'readreq' 'writereq' 'writeresp'>

State 69 <SV = 68> <Delay = 3.65>
ST_69 : Operation 295 [4/71] (3.65ns)   --->   "%gmem0_load_req = readreq i1 @_ssdm_op_ReadReq.m_axi.i128P1A, i64 %gmem0_addr, i64 1" [kernel.cpp:15]   --->   Operation 295 'readreq' 'gmem0_load_req' <Predicate = true> <Delay = 3.65> <CoreInst = "m_axi">   --->   Core 119 'm_axi' <Latency = 6> <II = 1> <Delay = 1.00> <Adapter> <Opcode : 'read' 'write' 'readreq' 'writereq' 'writeresp'>
ST_69 : Operation 296 [4/71] (3.65ns)   --->   "%gmem1_load_req = readreq i1 @_ssdm_op_ReadReq.m_axi.i128P1A, i64 %gmem1_addr, i64 1" [kernel.cpp:15]   --->   Operation 296 'readreq' 'gmem1_load_req' <Predicate = true> <Delay = 3.65> <CoreInst = "m_axi">   --->   Core 119 'm_axi' <Latency = 6> <II = 1> <Delay = 1.00> <Adapter> <Opcode : 'read' 'write' 'readreq' 'writereq' 'writeresp'>

State 70 <SV = 69> <Delay = 3.65>
ST_70 : Operation 297 [3/71] (3.65ns)   --->   "%gmem0_load_req = readreq i1 @_ssdm_op_ReadReq.m_axi.i128P1A, i64 %gmem0_addr, i64 1" [kernel.cpp:15]   --->   Operation 297 'readreq' 'gmem0_load_req' <Predicate = true> <Delay = 3.65> <CoreInst = "m_axi">   --->   Core 119 'm_axi' <Latency = 6> <II = 1> <Delay = 1.00> <Adapter> <Opcode : 'read' 'write' 'readreq' 'writereq' 'writeresp'>
ST_70 : Operation 298 [3/71] (3.65ns)   --->   "%gmem1_load_req = readreq i1 @_ssdm_op_ReadReq.m_axi.i128P1A, i64 %gmem1_addr, i64 1" [kernel.cpp:15]   --->   Operation 298 'readreq' 'gmem1_load_req' <Predicate = true> <Delay = 3.65> <CoreInst = "m_axi">   --->   Core 119 'm_axi' <Latency = 6> <II = 1> <Delay = 1.00> <Adapter> <Opcode : 'read' 'write' 'readreq' 'writereq' 'writeresp'>

State 71 <SV = 70> <Delay = 3.65>
ST_71 : Operation 299 [2/71] (3.65ns)   --->   "%gmem0_load_req = readreq i1 @_ssdm_op_ReadReq.m_axi.i128P1A, i64 %gmem0_addr, i64 1" [kernel.cpp:15]   --->   Operation 299 'readreq' 'gmem0_load_req' <Predicate = true> <Delay = 3.65> <CoreInst = "m_axi">   --->   Core 119 'm_axi' <Latency = 6> <II = 1> <Delay = 1.00> <Adapter> <Opcode : 'read' 'write' 'readreq' 'writereq' 'writeresp'>
ST_71 : Operation 300 [2/71] (3.65ns)   --->   "%gmem1_load_req = readreq i1 @_ssdm_op_ReadReq.m_axi.i128P1A, i64 %gmem1_addr, i64 1" [kernel.cpp:15]   --->   Operation 300 'readreq' 'gmem1_load_req' <Predicate = true> <Delay = 3.65> <CoreInst = "m_axi">   --->   Core 119 'm_axi' <Latency = 6> <II = 1> <Delay = 1.00> <Adapter> <Opcode : 'read' 'write' 'readreq' 'writereq' 'writeresp'>

State 72 <SV = 71> <Delay = 3.65>
ST_72 : Operation 301 [1/71] (3.65ns)   --->   "%gmem0_load_req = readreq i1 @_ssdm_op_ReadReq.m_axi.i128P1A, i64 %gmem0_addr, i64 1" [kernel.cpp:15]   --->   Operation 301 'readreq' 'gmem0_load_req' <Predicate = true> <Delay = 3.65> <CoreInst = "m_axi">   --->   Core 119 'm_axi' <Latency = 6> <II = 1> <Delay = 1.00> <Adapter> <Opcode : 'read' 'write' 'readreq' 'writereq' 'writeresp'>
ST_72 : Operation 302 [1/71] (3.65ns)   --->   "%gmem1_load_req = readreq i1 @_ssdm_op_ReadReq.m_axi.i128P1A, i64 %gmem1_addr, i64 1" [kernel.cpp:15]   --->   Operation 302 'readreq' 'gmem1_load_req' <Predicate = true> <Delay = 3.65> <CoreInst = "m_axi">   --->   Core 119 'm_axi' <Latency = 6> <II = 1> <Delay = 1.00> <Adapter> <Opcode : 'read' 'write' 'readreq' 'writereq' 'writeresp'>

State 73 <SV = 72> <Delay = 3.65>
ST_73 : Operation 303 [1/1] (3.65ns)   --->   "%gmem0_addr_read = read i128 @_ssdm_op_Read.m_axi.i128P1A, i64 %gmem0_addr" [kernel.cpp:15]   --->   Operation 303 'read' 'gmem0_addr_read' <Predicate = true> <Delay = 3.65> <CoreInst = "m_axi">   --->   Core 119 'm_axi' <Latency = 3> <II = 1> <Delay = 1.00> <Adapter> <Opcode : 'read' 'write' 'readreq' 'writereq' 'writeresp'>
ST_73 : Operation 304 [1/1] (3.65ns)   --->   "%gmem1_addr_read = read i128 @_ssdm_op_Read.m_axi.i128P1A, i64 %gmem1_addr" [kernel.cpp:15]   --->   Operation 304 'read' 'gmem1_addr_read' <Predicate = true> <Delay = 3.65> <CoreInst = "m_axi">   --->   Core 119 'm_axi' <Latency = 3> <II = 1> <Delay = 1.00> <Adapter> <Opcode : 'read' 'write' 'readreq' 'writereq' 'writeresp'>

State 74 <SV = 73> <Delay = 0.38>
ST_74 : Operation 305 [1/1] (0.00ns)   --->   "%spectopmodule_ln5 = spectopmodule void @_ssdm_op_SpecTopModule, void @empty_9" [kernel.cpp:5]   --->   Operation 305 'spectopmodule' 'spectopmodule_ln5' <Predicate = true> <Delay = 0.00>
ST_74 : Operation 306 [1/1] (0.00ns)   --->   "%specinterface_ln5 = specinterface void @_ssdm_op_SpecInterface, i32 0, void @empty_0, i32 0, i32 0, void @empty_3, i32 0, i32 0, void @empty_3, void @empty_3, void @empty_3, i32 0, i32 0, i32 0, i32 0, void @empty_3, void @empty_3, i32 4294967295, i32 0, i32 0" [kernel.cpp:5]   --->   Operation 306 'specinterface' 'specinterface_ln5' <Predicate = true> <Delay = 0.00>
ST_74 : Operation 307 [1/1] (0.00ns)   --->   "%specinterface_ln0 = specinterface void @_ssdm_op_SpecInterface, i128 %gmem0, void @empty_2, i32 0, i32 0, void @empty_3, i32 64, i32 0, void @empty_4, void @empty_5, void @empty_3, i32 16, i32 16, i32 16, i32 16, void @empty_3, void @empty_3, i32 4294967295, i32 0, i32 0"   --->   Operation 307 'specinterface' 'specinterface_ln0' <Predicate = true> <Delay = 0.00>
ST_74 : Operation 308 [1/1] (0.00ns)   --->   "%specbitsmap_ln0 = specbitsmap void @_ssdm_op_SpecBitsMap, i128 %gmem0"   --->   Operation 308 'specbitsmap' 'specbitsmap_ln0' <Predicate = true> <Delay = 0.00>
ST_74 : Operation 309 [1/1] (0.00ns)   --->   "%specinterface_ln0 = specinterface void @_ssdm_op_SpecInterface, i128 %gmem1, void @empty_2, i32 0, i32 0, void @empty_3, i32 64, i32 0, void @empty_6, void @empty_5, void @empty_3, i32 16, i32 16, i32 16, i32 16, void @empty_3, void @empty_3, i32 4294967295, i32 0, i32 0"   --->   Operation 309 'specinterface' 'specinterface_ln0' <Predicate = true> <Delay = 0.00>
ST_74 : Operation 310 [1/1] (0.00ns)   --->   "%specbitsmap_ln0 = specbitsmap void @_ssdm_op_SpecBitsMap, i128 %gmem1"   --->   Operation 310 'specbitsmap' 'specbitsmap_ln0' <Predicate = true> <Delay = 0.00>
ST_74 : Operation 311 [1/1] (0.00ns)   --->   "%specinterface_ln0 = specinterface void @_ssdm_op_SpecInterface, i256 %gmem2, void @empty_2, i32 0, i32 0, void @empty_3, i32 64, i32 0, void @empty, void @empty_5, void @empty_3, i32 16, i32 16, i32 16, i32 16, void @empty_3, void @empty_3, i32 4294967295, i32 0, i32 0"   --->   Operation 311 'specinterface' 'specinterface_ln0' <Predicate = true> <Delay = 0.00>
ST_74 : Operation 312 [1/1] (0.00ns)   --->   "%specbitsmap_ln0 = specbitsmap void @_ssdm_op_SpecBitsMap, i256 %gmem2"   --->   Operation 312 'specbitsmap' 'specbitsmap_ln0' <Predicate = true> <Delay = 0.00>
ST_74 : Operation 313 [1/1] (0.00ns)   --->   "%specinterface_ln0 = specinterface void @_ssdm_op_SpecInterface, i64 %a, void @empty_1, i32 4294967295, i32 4294967295, void @empty_8, i32 0, i32 0, void @empty_11, void @empty_12, void @empty_3, i32 0, i32 0, i32 0, i32 0, void @empty_3, void @empty_13, i32 4294967295, i32 0, i32 0"   --->   Operation 313 'specinterface' 'specinterface_ln0' <Predicate = true> <Delay = 0.00>
ST_74 : Operation 314 [1/1] (0.00ns)   --->   "%specinterface_ln0 = specinterface void @_ssdm_op_SpecInterface, i64 %a, void @empty_14, i32 4294967295, i32 4294967295, void @empty_3, i32 0, i32 0, void @empty_3, void @empty_3, void @empty_3, i32 0, i32 0, i32 0, i32 0, void @empty_3, void @empty_13, i32 4294967295, i32 0, i32 0"   --->   Operation 314 'specinterface' 'specinterface_ln0' <Predicate = true> <Delay = 0.00>
ST_74 : Operation 315 [1/1] (0.00ns)   --->   "%specinterface_ln0 = specinterface void @_ssdm_op_SpecInterface, i64 %b, void @empty_1, i32 4294967295, i32 4294967295, void @empty_8, i32 0, i32 0, void @empty_11, void @empty_15, void @empty_3, i32 0, i32 0, i32 0, i32 0, void @empty_3, void @empty_13, i32 4294967295, i32 0, i32 0"   --->   Operation 315 'specinterface' 'specinterface_ln0' <Predicate = true> <Delay = 0.00>
ST_74 : Operation 316 [1/1] (0.00ns)   --->   "%specinterface_ln0 = specinterface void @_ssdm_op_SpecInterface, i64 %b, void @empty_14, i32 4294967295, i32 4294967295, void @empty_3, i32 0, i32 0, void @empty_3, void @empty_3, void @empty_3, i32 0, i32 0, i32 0, i32 0, void @empty_3, void @empty_13, i32 4294967295, i32 0, i32 0"   --->   Operation 316 'specinterface' 'specinterface_ln0' <Predicate = true> <Delay = 0.00>
ST_74 : Operation 317 [1/1] (0.00ns)   --->   "%specinterface_ln0 = specinterface void @_ssdm_op_SpecInterface, i64 %c, void @empty_1, i32 4294967295, i32 4294967295, void @empty_8, i32 0, i32 0, void @empty_11, void @empty_7, void @empty_3, i32 0, i32 0, i32 0, i32 0, void @empty_3, void @empty_13, i32 4294967295, i32 0, i32 0"   --->   Operation 317 'specinterface' 'specinterface_ln0' <Predicate = true> <Delay = 0.00>
ST_74 : Operation 318 [1/1] (0.00ns)   --->   "%specinterface_ln0 = specinterface void @_ssdm_op_SpecInterface, i64 %c, void @empty_14, i32 4294967295, i32 4294967295, void @empty_3, i32 0, i32 0, void @empty_3, void @empty_3, void @empty_3, i32 0, i32 0, i32 0, i32 0, void @empty_3, void @empty_13, i32 4294967295, i32 0, i32 0"   --->   Operation 318 'specinterface' 'specinterface_ln0' <Predicate = true> <Delay = 0.00>
ST_74 : Operation 319 [1/1] (0.00ns)   --->   "%specinterface_ln0 = specinterface void @_ssdm_op_SpecInterface, i32 0, void @empty_1, i32 0, i32 0, void @empty_3, i32 0, i32 0, void @empty_11, void @empty_3, void @empty_3, i32 0, i32 0, i32 0, i32 0, void @empty_3, void @empty_3, i32 4294967295, i32 0, i32 0"   --->   Operation 319 'specinterface' 'specinterface_ln0' <Predicate = true> <Delay = 0.00>
ST_74 : Operation 320 [1/1] (0.38ns)   --->   "%store_ln15 = store i128 %gmem1_addr_read, i128 %shiftreg83" [kernel.cpp:15]   --->   Operation 320 'store' 'store_ln15' <Predicate = true> <Delay = 0.38>
ST_74 : Operation 321 [1/1] (0.38ns)   --->   "%store_ln15 = store i128 %gmem0_addr_read, i128 %shiftreg2" [kernel.cpp:15]   --->   Operation 321 'store' 'store_ln15' <Predicate = true> <Delay = 0.38>
ST_74 : Operation 322 [1/1] (0.00ns)   --->   "%br_ln15 = br void %for.inc.split" [kernel.cpp:15]   --->   Operation 322 'br' 'br_ln15' <Predicate = true> <Delay = 0.00>

State 75 <SV = 74> <Delay = 1.09>
ST_75 : Operation 323 [1/1] (0.00ns)   --->   "%i1_load = load i4 %i1" [kernel.cpp:15]   --->   Operation 323 'load' 'i1_load' <Predicate = true> <Delay = 0.00>
ST_75 : Operation 324 [1/1] (0.00ns)   --->   "%shiftreg2_load = load i128 %shiftreg2" [kernel.cpp:17]   --->   Operation 324 'load' 'shiftreg2_load' <Predicate = true> <Delay = 0.00>
ST_75 : Operation 325 [1/1] (0.00ns)   --->   "%shiftreg83_load = load i128 %shiftreg83" [kernel.cpp:17]   --->   Operation 325 'load' 'shiftreg83_load' <Predicate = true> <Delay = 0.00>
ST_75 : Operation 326 [1/1] (0.00ns)   --->   "%shiftreg104_load = load i249 %shiftreg104" [kernel.cpp:17]   --->   Operation 326 'load' 'shiftreg104_load' <Predicate = true> <Delay = 0.00>
ST_75 : Operation 327 [1/1] (0.00ns)   --->   "%specpipeline_ln16 = specpipeline void @_ssdm_op_SpecPipeline, i32 16, i32 0, i32 0, i32 0, void @empty_3" [kernel.cpp:16]   --->   Operation 327 'specpipeline' 'specpipeline_ln16' <Predicate = true> <Delay = 0.00>
ST_75 : Operation 328 [1/1] (0.00ns)   --->   "%speclooptripcount_ln15 = speclooptripcount void @_ssdm_op_SpecLoopTripCount, i64 16, i64 16, i64 16" [kernel.cpp:15]   --->   Operation 328 'speclooptripcount' 'speclooptripcount_ln15' <Predicate = true> <Delay = 0.00>
ST_75 : Operation 329 [1/1] (0.00ns)   --->   "%specloopname_ln15 = specloopname void @_ssdm_op_SpecLoopName, void @empty_10" [kernel.cpp:15]   --->   Operation 329 'specloopname' 'specloopname_ln15' <Predicate = true> <Delay = 0.00>
ST_75 : Operation 330 [1/1] (0.00ns)   --->   "%trunc_ln17 = trunc i128 %shiftreg2_load" [kernel.cpp:17]   --->   Operation 330 'trunc' 'trunc_ln17' <Predicate = true> <Delay = 0.00>
ST_75 : Operation 331 [1/1] (0.00ns)   --->   "%lshr_ln = partselect i120 @_ssdm_op_PartSelect.i120.i128.i32.i32, i128 %shiftreg2_load, i32 8, i32 127" [kernel.cpp:17]   --->   Operation 331 'partselect' 'lshr_ln' <Predicate = true> <Delay = 0.00>
ST_75 : Operation 332 [1/1] (0.00ns)   --->   "%zext_ln17 = zext i120 %lshr_ln" [kernel.cpp:17]   --->   Operation 332 'zext' 'zext_ln17' <Predicate = true> <Delay = 0.00>
ST_75 : Operation 333 [1/1] (0.00ns)   --->   "%sext_ln17 = sext i8 %trunc_ln17" [kernel.cpp:17]   --->   Operation 333 'sext' 'sext_ln17' <Predicate = true> <Delay = 0.00>
ST_75 : Operation 334 [1/1] (0.00ns)   --->   "%trunc_ln17_1 = trunc i128 %shiftreg83_load" [kernel.cpp:17]   --->   Operation 334 'trunc' 'trunc_ln17_1' <Predicate = true> <Delay = 0.00>
ST_75 : Operation 335 [1/1] (0.00ns)   --->   "%lshr_ln17_1 = partselect i120 @_ssdm_op_PartSelect.i120.i128.i32.i32, i128 %shiftreg83_load, i32 8, i32 127" [kernel.cpp:17]   --->   Operation 335 'partselect' 'lshr_ln17_1' <Predicate = true> <Delay = 0.00>
ST_75 : Operation 336 [1/1] (0.00ns)   --->   "%zext_ln17_1 = zext i120 %lshr_ln17_1" [kernel.cpp:17]   --->   Operation 336 'zext' 'zext_ln17_1' <Predicate = true> <Delay = 0.00>
ST_75 : Operation 337 [1/1] (0.00ns)   --->   "%sext_ln17_1 = sext i8 %trunc_ln17_1" [kernel.cpp:17]   --->   Operation 337 'sext' 'sext_ln17_1' <Predicate = true> <Delay = 0.00>
ST_75 : Operation 338 [1/1] (0.70ns)   --->   "%add_ln17 = add i9 %sext_ln17_1, i9 %sext_ln17" [kernel.cpp:17]   --->   Operation 338 'add' 'add_ln17' <Predicate = true> <Delay = 0.70> <CoreInst = "Adder">   --->   Core 1 'Adder' <Latency = 0> <II = 1> <Delay = 0.71> <FuncUnit> <Opcode : 'add' 'sub'> <InPorts = 2> <OutPorts = 1>
ST_75 : Operation 339 [1/1] (0.00ns)   --->   "%tmp_1 = partselect i233 @_ssdm_op_PartSelect.i233.i249.i32.i32, i249 %shiftreg104_load, i32 16, i32 248" [kernel.cpp:17]   --->   Operation 339 'partselect' 'tmp_1' <Predicate = true> <Delay = 0.00>
ST_75 : Operation 340 [1/1] (0.00ns)   --->   "%sext_ln17_2 = sext i233 %tmp_1" [kernel.cpp:17]   --->   Operation 340 'sext' 'sext_ln17_2' <Predicate = true> <Delay = 0.00>
ST_75 : Operation 341 [1/1] (0.00ns)   --->   "%tmp = bitconcatenate i249 @_ssdm_op_BitConcatenate.i249.i9.i3.i237, i9 %add_ln17, i3 0, i237 %sext_ln17_2" [kernel.cpp:17]   --->   Operation 341 'bitconcatenate' 'tmp' <Predicate = true> <Delay = 0.00>
ST_75 : Operation 342 [1/1] (0.70ns)   --->   "%i = add i4 %i1_load, i4 1" [kernel.cpp:15]   --->   Operation 342 'add' 'i' <Predicate = true> <Delay = 0.70> <CoreInst = "Adder">   --->   Core 1 'Adder' <Latency = 0> <II = 1> <Delay = 0.70> <FuncUnit> <Opcode : 'add' 'sub'> <InPorts = 2> <OutPorts = 1>
ST_75 : Operation 343 [1/1] (0.70ns)   --->   "%icmp_ln15 = icmp_eq  i4 %i1_load, i4 15" [kernel.cpp:15]   --->   Operation 343 'icmp' 'icmp_ln15' <Predicate = true> <Delay = 0.70> <CoreInst = "Cmp">   --->   Core 9 'Cmp' <Latency = 0> <II = 1> <Delay = 0.70> <FuncUnit> <Opcode : 'seteq' 'setne' 'setle' 'setge' 'setlt' 'setgt'> <InPorts = 2> <OutPorts = 1>
ST_75 : Operation 344 [1/1] (0.38ns)   --->   "%store_ln17 = store i249 %tmp, i249 %shiftreg104" [kernel.cpp:17]   --->   Operation 344 'store' 'store_ln17' <Predicate = true> <Delay = 0.38>
ST_75 : Operation 345 [1/1] (0.38ns)   --->   "%store_ln17 = store i128 %zext_ln17_1, i128 %shiftreg83" [kernel.cpp:17]   --->   Operation 345 'store' 'store_ln17' <Predicate = true> <Delay = 0.38>
ST_75 : Operation 346 [1/1] (0.38ns)   --->   "%store_ln17 = store i128 %zext_ln17, i128 %shiftreg2" [kernel.cpp:17]   --->   Operation 346 'store' 'store_ln17' <Predicate = true> <Delay = 0.38>
ST_75 : Operation 347 [1/1] (0.38ns)   --->   "%store_ln15 = store i4 %i, i4 %i1" [kernel.cpp:15]   --->   Operation 347 'store' 'store_ln15' <Predicate = true> <Delay = 0.38>
ST_75 : Operation 348 [1/1] (0.00ns)   --->   "%br_ln15 = br i1 %icmp_ln15, void %for.inc.split, void %for.end" [kernel.cpp:15]   --->   Operation 348 'br' 'br_ln15' <Predicate = true> <Delay = 0.00>

State 76 <SV = 75> <Delay = 3.65>
ST_76 : Operation 349 [1/1] (0.00ns)   --->   "%trunc_ln1 = partselect i59 @_ssdm_op_PartSelect.i59.i64.i32.i32, i64 %c_read, i32 5, i32 63" [kernel.cpp:19]   --->   Operation 349 'partselect' 'trunc_ln1' <Predicate = true> <Delay = 0.00>
ST_76 : Operation 350 [1/1] (0.00ns)   --->   "%sext_ln19 = sext i59 %trunc_ln1" [kernel.cpp:19]   --->   Operation 350 'sext' 'sext_ln19' <Predicate = true> <Delay = 0.00>
ST_76 : Operation 351 [1/1] (0.00ns)   --->   "%gmem2_addr = getelementptr i256 %gmem2, i64 %sext_ln19" [kernel.cpp:19]   --->   Operation 351 'getelementptr' 'gmem2_addr' <Predicate = true> <Delay = 0.00>
ST_76 : Operation 352 [1/1] (3.65ns)   --->   "%gmem2_addr_req = writereq i1 @_ssdm_op_WriteReq.m_axi.i256P1A, i64 %gmem2_addr, i64 1" [kernel.cpp:19]   --->   Operation 352 'writereq' 'gmem2_addr_req' <Predicate = true> <Delay = 3.65> <CoreInst = "m_axi">   --->   Core 119 'm_axi' <Latency = 9> <II = 1> <Delay = 1.00> <Adapter> <Opcode : 'read' 'write' 'readreq' 'writereq' 'writeresp'>

State 77 <SV = 76> <Delay = 3.65>
ST_77 : Operation 353 [1/1] (0.00ns)   --->   "%sext_ln15_2 = sext i249 %tmp" [kernel.cpp:15]   --->   Operation 353 'sext' 'sext_ln15_2' <Predicate = true> <Delay = 0.00>
ST_77 : Operation 354 [1/1] (0.00ns)   --->   "%zext_ln15 = zext i253 %sext_ln15_2" [kernel.cpp:15]   --->   Operation 354 'zext' 'zext_ln15' <Predicate = true> <Delay = 0.00>
ST_77 : Operation 355 [1/1] (3.65ns)   --->   "%write_ln19 = write void @_ssdm_op_Write.m_axi.i256P1A, i64 %gmem2_addr, i256 %zext_ln15, i32 4294967295" [kernel.cpp:19]   --->   Operation 355 'write' 'write_ln19' <Predicate = true> <Delay = 3.65> <CoreInst = "m_axi">   --->   Core 119 'm_axi' <Latency = 5> <II = 1> <Delay = 1.00> <Adapter> <Opcode : 'read' 'write' 'readreq' 'writereq' 'writeresp'>

State 78 <SV = 77> <Delay = 3.65>
ST_78 : Operation 356 [68/68] (3.65ns)   --->   "%gmem2_addr_resp = writeresp i1 @_ssdm_op_WriteResp.m_axi.i256P1A, i64 %gmem2_addr" [kernel.cpp:19]   --->   Operation 356 'writeresp' 'gmem2_addr_resp' <Predicate = true> <Delay = 3.65> <CoreInst = "m_axi">   --->   Core 119 'm_axi' <Latency = 3> <II = 1> <Delay = 1.00> <Adapter> <Opcode : 'read' 'write' 'readreq' 'writereq' 'writeresp'>

State 79 <SV = 78> <Delay = 3.65>
ST_79 : Operation 357 [67/68] (3.65ns)   --->   "%gmem2_addr_resp = writeresp i1 @_ssdm_op_WriteResp.m_axi.i256P1A, i64 %gmem2_addr" [kernel.cpp:19]   --->   Operation 357 'writeresp' 'gmem2_addr_resp' <Predicate = true> <Delay = 3.65> <CoreInst = "m_axi">   --->   Core 119 'm_axi' <Latency = 3> <II = 1> <Delay = 1.00> <Adapter> <Opcode : 'read' 'write' 'readreq' 'writereq' 'writeresp'>

State 80 <SV = 79> <Delay = 3.65>
ST_80 : Operation 358 [66/68] (3.65ns)   --->   "%gmem2_addr_resp = writeresp i1 @_ssdm_op_WriteResp.m_axi.i256P1A, i64 %gmem2_addr" [kernel.cpp:19]   --->   Operation 358 'writeresp' 'gmem2_addr_resp' <Predicate = true> <Delay = 3.65> <CoreInst = "m_axi">   --->   Core 119 'm_axi' <Latency = 3> <II = 1> <Delay = 1.00> <Adapter> <Opcode : 'read' 'write' 'readreq' 'writereq' 'writeresp'>

State 81 <SV = 80> <Delay = 3.65>
ST_81 : Operation 359 [65/68] (3.65ns)   --->   "%gmem2_addr_resp = writeresp i1 @_ssdm_op_WriteResp.m_axi.i256P1A, i64 %gmem2_addr" [kernel.cpp:19]   --->   Operation 359 'writeresp' 'gmem2_addr_resp' <Predicate = true> <Delay = 3.65> <CoreInst = "m_axi">   --->   Core 119 'm_axi' <Latency = 3> <II = 1> <Delay = 1.00> <Adapter> <Opcode : 'read' 'write' 'readreq' 'writereq' 'writeresp'>

State 82 <SV = 81> <Delay = 3.65>
ST_82 : Operation 360 [64/68] (3.65ns)   --->   "%gmem2_addr_resp = writeresp i1 @_ssdm_op_WriteResp.m_axi.i256P1A, i64 %gmem2_addr" [kernel.cpp:19]   --->   Operation 360 'writeresp' 'gmem2_addr_resp' <Predicate = true> <Delay = 3.65> <CoreInst = "m_axi">   --->   Core 119 'm_axi' <Latency = 3> <II = 1> <Delay = 1.00> <Adapter> <Opcode : 'read' 'write' 'readreq' 'writereq' 'writeresp'>

State 83 <SV = 82> <Delay = 3.65>
ST_83 : Operation 361 [63/68] (3.65ns)   --->   "%gmem2_addr_resp = writeresp i1 @_ssdm_op_WriteResp.m_axi.i256P1A, i64 %gmem2_addr" [kernel.cpp:19]   --->   Operation 361 'writeresp' 'gmem2_addr_resp' <Predicate = true> <Delay = 3.65> <CoreInst = "m_axi">   --->   Core 119 'm_axi' <Latency = 3> <II = 1> <Delay = 1.00> <Adapter> <Opcode : 'read' 'write' 'readreq' 'writereq' 'writeresp'>

State 84 <SV = 83> <Delay = 3.65>
ST_84 : Operation 362 [62/68] (3.65ns)   --->   "%gmem2_addr_resp = writeresp i1 @_ssdm_op_WriteResp.m_axi.i256P1A, i64 %gmem2_addr" [kernel.cpp:19]   --->   Operation 362 'writeresp' 'gmem2_addr_resp' <Predicate = true> <Delay = 3.65> <CoreInst = "m_axi">   --->   Core 119 'm_axi' <Latency = 3> <II = 1> <Delay = 1.00> <Adapter> <Opcode : 'read' 'write' 'readreq' 'writereq' 'writeresp'>

State 85 <SV = 84> <Delay = 3.65>
ST_85 : Operation 363 [61/68] (3.65ns)   --->   "%gmem2_addr_resp = writeresp i1 @_ssdm_op_WriteResp.m_axi.i256P1A, i64 %gmem2_addr" [kernel.cpp:19]   --->   Operation 363 'writeresp' 'gmem2_addr_resp' <Predicate = true> <Delay = 3.65> <CoreInst = "m_axi">   --->   Core 119 'm_axi' <Latency = 3> <II = 1> <Delay = 1.00> <Adapter> <Opcode : 'read' 'write' 'readreq' 'writereq' 'writeresp'>

State 86 <SV = 85> <Delay = 3.65>
ST_86 : Operation 364 [60/68] (3.65ns)   --->   "%gmem2_addr_resp = writeresp i1 @_ssdm_op_WriteResp.m_axi.i256P1A, i64 %gmem2_addr" [kernel.cpp:19]   --->   Operation 364 'writeresp' 'gmem2_addr_resp' <Predicate = true> <Delay = 3.65> <CoreInst = "m_axi">   --->   Core 119 'm_axi' <Latency = 3> <II = 1> <Delay = 1.00> <Adapter> <Opcode : 'read' 'write' 'readreq' 'writereq' 'writeresp'>

State 87 <SV = 86> <Delay = 3.65>
ST_87 : Operation 365 [59/68] (3.65ns)   --->   "%gmem2_addr_resp = writeresp i1 @_ssdm_op_WriteResp.m_axi.i256P1A, i64 %gmem2_addr" [kernel.cpp:19]   --->   Operation 365 'writeresp' 'gmem2_addr_resp' <Predicate = true> <Delay = 3.65> <CoreInst = "m_axi">   --->   Core 119 'm_axi' <Latency = 3> <II = 1> <Delay = 1.00> <Adapter> <Opcode : 'read' 'write' 'readreq' 'writereq' 'writeresp'>

State 88 <SV = 87> <Delay = 3.65>
ST_88 : Operation 366 [58/68] (3.65ns)   --->   "%gmem2_addr_resp = writeresp i1 @_ssdm_op_WriteResp.m_axi.i256P1A, i64 %gmem2_addr" [kernel.cpp:19]   --->   Operation 366 'writeresp' 'gmem2_addr_resp' <Predicate = true> <Delay = 3.65> <CoreInst = "m_axi">   --->   Core 119 'm_axi' <Latency = 3> <II = 1> <Delay = 1.00> <Adapter> <Opcode : 'read' 'write' 'readreq' 'writereq' 'writeresp'>

State 89 <SV = 88> <Delay = 3.65>
ST_89 : Operation 367 [57/68] (3.65ns)   --->   "%gmem2_addr_resp = writeresp i1 @_ssdm_op_WriteResp.m_axi.i256P1A, i64 %gmem2_addr" [kernel.cpp:19]   --->   Operation 367 'writeresp' 'gmem2_addr_resp' <Predicate = true> <Delay = 3.65> <CoreInst = "m_axi">   --->   Core 119 'm_axi' <Latency = 3> <II = 1> <Delay = 1.00> <Adapter> <Opcode : 'read' 'write' 'readreq' 'writereq' 'writeresp'>

State 90 <SV = 89> <Delay = 3.65>
ST_90 : Operation 368 [56/68] (3.65ns)   --->   "%gmem2_addr_resp = writeresp i1 @_ssdm_op_WriteResp.m_axi.i256P1A, i64 %gmem2_addr" [kernel.cpp:19]   --->   Operation 368 'writeresp' 'gmem2_addr_resp' <Predicate = true> <Delay = 3.65> <CoreInst = "m_axi">   --->   Core 119 'm_axi' <Latency = 3> <II = 1> <Delay = 1.00> <Adapter> <Opcode : 'read' 'write' 'readreq' 'writereq' 'writeresp'>

State 91 <SV = 90> <Delay = 3.65>
ST_91 : Operation 369 [55/68] (3.65ns)   --->   "%gmem2_addr_resp = writeresp i1 @_ssdm_op_WriteResp.m_axi.i256P1A, i64 %gmem2_addr" [kernel.cpp:19]   --->   Operation 369 'writeresp' 'gmem2_addr_resp' <Predicate = true> <Delay = 3.65> <CoreInst = "m_axi">   --->   Core 119 'm_axi' <Latency = 3> <II = 1> <Delay = 1.00> <Adapter> <Opcode : 'read' 'write' 'readreq' 'writereq' 'writeresp'>

State 92 <SV = 91> <Delay = 3.65>
ST_92 : Operation 370 [54/68] (3.65ns)   --->   "%gmem2_addr_resp = writeresp i1 @_ssdm_op_WriteResp.m_axi.i256P1A, i64 %gmem2_addr" [kernel.cpp:19]   --->   Operation 370 'writeresp' 'gmem2_addr_resp' <Predicate = true> <Delay = 3.65> <CoreInst = "m_axi">   --->   Core 119 'm_axi' <Latency = 3> <II = 1> <Delay = 1.00> <Adapter> <Opcode : 'read' 'write' 'readreq' 'writereq' 'writeresp'>

State 93 <SV = 92> <Delay = 3.65>
ST_93 : Operation 371 [53/68] (3.65ns)   --->   "%gmem2_addr_resp = writeresp i1 @_ssdm_op_WriteResp.m_axi.i256P1A, i64 %gmem2_addr" [kernel.cpp:19]   --->   Operation 371 'writeresp' 'gmem2_addr_resp' <Predicate = true> <Delay = 3.65> <CoreInst = "m_axi">   --->   Core 119 'm_axi' <Latency = 3> <II = 1> <Delay = 1.00> <Adapter> <Opcode : 'read' 'write' 'readreq' 'writereq' 'writeresp'>

State 94 <SV = 93> <Delay = 3.65>
ST_94 : Operation 372 [52/68] (3.65ns)   --->   "%gmem2_addr_resp = writeresp i1 @_ssdm_op_WriteResp.m_axi.i256P1A, i64 %gmem2_addr" [kernel.cpp:19]   --->   Operation 372 'writeresp' 'gmem2_addr_resp' <Predicate = true> <Delay = 3.65> <CoreInst = "m_axi">   --->   Core 119 'm_axi' <Latency = 3> <II = 1> <Delay = 1.00> <Adapter> <Opcode : 'read' 'write' 'readreq' 'writereq' 'writeresp'>

State 95 <SV = 94> <Delay = 3.65>
ST_95 : Operation 373 [51/68] (3.65ns)   --->   "%gmem2_addr_resp = writeresp i1 @_ssdm_op_WriteResp.m_axi.i256P1A, i64 %gmem2_addr" [kernel.cpp:19]   --->   Operation 373 'writeresp' 'gmem2_addr_resp' <Predicate = true> <Delay = 3.65> <CoreInst = "m_axi">   --->   Core 119 'm_axi' <Latency = 3> <II = 1> <Delay = 1.00> <Adapter> <Opcode : 'read' 'write' 'readreq' 'writereq' 'writeresp'>

State 96 <SV = 95> <Delay = 3.65>
ST_96 : Operation 374 [50/68] (3.65ns)   --->   "%gmem2_addr_resp = writeresp i1 @_ssdm_op_WriteResp.m_axi.i256P1A, i64 %gmem2_addr" [kernel.cpp:19]   --->   Operation 374 'writeresp' 'gmem2_addr_resp' <Predicate = true> <Delay = 3.65> <CoreInst = "m_axi">   --->   Core 119 'm_axi' <Latency = 3> <II = 1> <Delay = 1.00> <Adapter> <Opcode : 'read' 'write' 'readreq' 'writereq' 'writeresp'>

State 97 <SV = 96> <Delay = 3.65>
ST_97 : Operation 375 [49/68] (3.65ns)   --->   "%gmem2_addr_resp = writeresp i1 @_ssdm_op_WriteResp.m_axi.i256P1A, i64 %gmem2_addr" [kernel.cpp:19]   --->   Operation 375 'writeresp' 'gmem2_addr_resp' <Predicate = true> <Delay = 3.65> <CoreInst = "m_axi">   --->   Core 119 'm_axi' <Latency = 3> <II = 1> <Delay = 1.00> <Adapter> <Opcode : 'read' 'write' 'readreq' 'writereq' 'writeresp'>

State 98 <SV = 97> <Delay = 3.65>
ST_98 : Operation 376 [48/68] (3.65ns)   --->   "%gmem2_addr_resp = writeresp i1 @_ssdm_op_WriteResp.m_axi.i256P1A, i64 %gmem2_addr" [kernel.cpp:19]   --->   Operation 376 'writeresp' 'gmem2_addr_resp' <Predicate = true> <Delay = 3.65> <CoreInst = "m_axi">   --->   Core 119 'm_axi' <Latency = 3> <II = 1> <Delay = 1.00> <Adapter> <Opcode : 'read' 'write' 'readreq' 'writereq' 'writeresp'>

State 99 <SV = 98> <Delay = 3.65>
ST_99 : Operation 377 [47/68] (3.65ns)   --->   "%gmem2_addr_resp = writeresp i1 @_ssdm_op_WriteResp.m_axi.i256P1A, i64 %gmem2_addr" [kernel.cpp:19]   --->   Operation 377 'writeresp' 'gmem2_addr_resp' <Predicate = true> <Delay = 3.65> <CoreInst = "m_axi">   --->   Core 119 'm_axi' <Latency = 3> <II = 1> <Delay = 1.00> <Adapter> <Opcode : 'read' 'write' 'readreq' 'writereq' 'writeresp'>

State 100 <SV = 99> <Delay = 3.65>
ST_100 : Operation 378 [46/68] (3.65ns)   --->   "%gmem2_addr_resp = writeresp i1 @_ssdm_op_WriteResp.m_axi.i256P1A, i64 %gmem2_addr" [kernel.cpp:19]   --->   Operation 378 'writeresp' 'gmem2_addr_resp' <Predicate = true> <Delay = 3.65> <CoreInst = "m_axi">   --->   Core 119 'm_axi' <Latency = 3> <II = 1> <Delay = 1.00> <Adapter> <Opcode : 'read' 'write' 'readreq' 'writereq' 'writeresp'>

State 101 <SV = 100> <Delay = 3.65>
ST_101 : Operation 379 [45/68] (3.65ns)   --->   "%gmem2_addr_resp = writeresp i1 @_ssdm_op_WriteResp.m_axi.i256P1A, i64 %gmem2_addr" [kernel.cpp:19]   --->   Operation 379 'writeresp' 'gmem2_addr_resp' <Predicate = true> <Delay = 3.65> <CoreInst = "m_axi">   --->   Core 119 'm_axi' <Latency = 3> <II = 1> <Delay = 1.00> <Adapter> <Opcode : 'read' 'write' 'readreq' 'writereq' 'writeresp'>

State 102 <SV = 101> <Delay = 3.65>
ST_102 : Operation 380 [44/68] (3.65ns)   --->   "%gmem2_addr_resp = writeresp i1 @_ssdm_op_WriteResp.m_axi.i256P1A, i64 %gmem2_addr" [kernel.cpp:19]   --->   Operation 380 'writeresp' 'gmem2_addr_resp' <Predicate = true> <Delay = 3.65> <CoreInst = "m_axi">   --->   Core 119 'm_axi' <Latency = 3> <II = 1> <Delay = 1.00> <Adapter> <Opcode : 'read' 'write' 'readreq' 'writereq' 'writeresp'>

State 103 <SV = 102> <Delay = 3.65>
ST_103 : Operation 381 [43/68] (3.65ns)   --->   "%gmem2_addr_resp = writeresp i1 @_ssdm_op_WriteResp.m_axi.i256P1A, i64 %gmem2_addr" [kernel.cpp:19]   --->   Operation 381 'writeresp' 'gmem2_addr_resp' <Predicate = true> <Delay = 3.65> <CoreInst = "m_axi">   --->   Core 119 'm_axi' <Latency = 3> <II = 1> <Delay = 1.00> <Adapter> <Opcode : 'read' 'write' 'readreq' 'writereq' 'writeresp'>

State 104 <SV = 103> <Delay = 3.65>
ST_104 : Operation 382 [42/68] (3.65ns)   --->   "%gmem2_addr_resp = writeresp i1 @_ssdm_op_WriteResp.m_axi.i256P1A, i64 %gmem2_addr" [kernel.cpp:19]   --->   Operation 382 'writeresp' 'gmem2_addr_resp' <Predicate = true> <Delay = 3.65> <CoreInst = "m_axi">   --->   Core 119 'm_axi' <Latency = 3> <II = 1> <Delay = 1.00> <Adapter> <Opcode : 'read' 'write' 'readreq' 'writereq' 'writeresp'>

State 105 <SV = 104> <Delay = 3.65>
ST_105 : Operation 383 [41/68] (3.65ns)   --->   "%gmem2_addr_resp = writeresp i1 @_ssdm_op_WriteResp.m_axi.i256P1A, i64 %gmem2_addr" [kernel.cpp:19]   --->   Operation 383 'writeresp' 'gmem2_addr_resp' <Predicate = true> <Delay = 3.65> <CoreInst = "m_axi">   --->   Core 119 'm_axi' <Latency = 3> <II = 1> <Delay = 1.00> <Adapter> <Opcode : 'read' 'write' 'readreq' 'writereq' 'writeresp'>

State 106 <SV = 105> <Delay = 3.65>
ST_106 : Operation 384 [40/68] (3.65ns)   --->   "%gmem2_addr_resp = writeresp i1 @_ssdm_op_WriteResp.m_axi.i256P1A, i64 %gmem2_addr" [kernel.cpp:19]   --->   Operation 384 'writeresp' 'gmem2_addr_resp' <Predicate = true> <Delay = 3.65> <CoreInst = "m_axi">   --->   Core 119 'm_axi' <Latency = 3> <II = 1> <Delay = 1.00> <Adapter> <Opcode : 'read' 'write' 'readreq' 'writereq' 'writeresp'>

State 107 <SV = 106> <Delay = 3.65>
ST_107 : Operation 385 [39/68] (3.65ns)   --->   "%gmem2_addr_resp = writeresp i1 @_ssdm_op_WriteResp.m_axi.i256P1A, i64 %gmem2_addr" [kernel.cpp:19]   --->   Operation 385 'writeresp' 'gmem2_addr_resp' <Predicate = true> <Delay = 3.65> <CoreInst = "m_axi">   --->   Core 119 'm_axi' <Latency = 3> <II = 1> <Delay = 1.00> <Adapter> <Opcode : 'read' 'write' 'readreq' 'writereq' 'writeresp'>

State 108 <SV = 107> <Delay = 3.65>
ST_108 : Operation 386 [38/68] (3.65ns)   --->   "%gmem2_addr_resp = writeresp i1 @_ssdm_op_WriteResp.m_axi.i256P1A, i64 %gmem2_addr" [kernel.cpp:19]   --->   Operation 386 'writeresp' 'gmem2_addr_resp' <Predicate = true> <Delay = 3.65> <CoreInst = "m_axi">   --->   Core 119 'm_axi' <Latency = 3> <II = 1> <Delay = 1.00> <Adapter> <Opcode : 'read' 'write' 'readreq' 'writereq' 'writeresp'>

State 109 <SV = 108> <Delay = 3.65>
ST_109 : Operation 387 [37/68] (3.65ns)   --->   "%gmem2_addr_resp = writeresp i1 @_ssdm_op_WriteResp.m_axi.i256P1A, i64 %gmem2_addr" [kernel.cpp:19]   --->   Operation 387 'writeresp' 'gmem2_addr_resp' <Predicate = true> <Delay = 3.65> <CoreInst = "m_axi">   --->   Core 119 'm_axi' <Latency = 3> <II = 1> <Delay = 1.00> <Adapter> <Opcode : 'read' 'write' 'readreq' 'writereq' 'writeresp'>

State 110 <SV = 109> <Delay = 3.65>
ST_110 : Operation 388 [36/68] (3.65ns)   --->   "%gmem2_addr_resp = writeresp i1 @_ssdm_op_WriteResp.m_axi.i256P1A, i64 %gmem2_addr" [kernel.cpp:19]   --->   Operation 388 'writeresp' 'gmem2_addr_resp' <Predicate = true> <Delay = 3.65> <CoreInst = "m_axi">   --->   Core 119 'm_axi' <Latency = 3> <II = 1> <Delay = 1.00> <Adapter> <Opcode : 'read' 'write' 'readreq' 'writereq' 'writeresp'>

State 111 <SV = 110> <Delay = 3.65>
ST_111 : Operation 389 [35/68] (3.65ns)   --->   "%gmem2_addr_resp = writeresp i1 @_ssdm_op_WriteResp.m_axi.i256P1A, i64 %gmem2_addr" [kernel.cpp:19]   --->   Operation 389 'writeresp' 'gmem2_addr_resp' <Predicate = true> <Delay = 3.65> <CoreInst = "m_axi">   --->   Core 119 'm_axi' <Latency = 3> <II = 1> <Delay = 1.00> <Adapter> <Opcode : 'read' 'write' 'readreq' 'writereq' 'writeresp'>

State 112 <SV = 111> <Delay = 3.65>
ST_112 : Operation 390 [34/68] (3.65ns)   --->   "%gmem2_addr_resp = writeresp i1 @_ssdm_op_WriteResp.m_axi.i256P1A, i64 %gmem2_addr" [kernel.cpp:19]   --->   Operation 390 'writeresp' 'gmem2_addr_resp' <Predicate = true> <Delay = 3.65> <CoreInst = "m_axi">   --->   Core 119 'm_axi' <Latency = 3> <II = 1> <Delay = 1.00> <Adapter> <Opcode : 'read' 'write' 'readreq' 'writereq' 'writeresp'>

State 113 <SV = 112> <Delay = 3.65>
ST_113 : Operation 391 [33/68] (3.65ns)   --->   "%gmem2_addr_resp = writeresp i1 @_ssdm_op_WriteResp.m_axi.i256P1A, i64 %gmem2_addr" [kernel.cpp:19]   --->   Operation 391 'writeresp' 'gmem2_addr_resp' <Predicate = true> <Delay = 3.65> <CoreInst = "m_axi">   --->   Core 119 'm_axi' <Latency = 3> <II = 1> <Delay = 1.00> <Adapter> <Opcode : 'read' 'write' 'readreq' 'writereq' 'writeresp'>

State 114 <SV = 113> <Delay = 3.65>
ST_114 : Operation 392 [32/68] (3.65ns)   --->   "%gmem2_addr_resp = writeresp i1 @_ssdm_op_WriteResp.m_axi.i256P1A, i64 %gmem2_addr" [kernel.cpp:19]   --->   Operation 392 'writeresp' 'gmem2_addr_resp' <Predicate = true> <Delay = 3.65> <CoreInst = "m_axi">   --->   Core 119 'm_axi' <Latency = 3> <II = 1> <Delay = 1.00> <Adapter> <Opcode : 'read' 'write' 'readreq' 'writereq' 'writeresp'>

State 115 <SV = 114> <Delay = 3.65>
ST_115 : Operation 393 [31/68] (3.65ns)   --->   "%gmem2_addr_resp = writeresp i1 @_ssdm_op_WriteResp.m_axi.i256P1A, i64 %gmem2_addr" [kernel.cpp:19]   --->   Operation 393 'writeresp' 'gmem2_addr_resp' <Predicate = true> <Delay = 3.65> <CoreInst = "m_axi">   --->   Core 119 'm_axi' <Latency = 3> <II = 1> <Delay = 1.00> <Adapter> <Opcode : 'read' 'write' 'readreq' 'writereq' 'writeresp'>

State 116 <SV = 115> <Delay = 3.65>
ST_116 : Operation 394 [30/68] (3.65ns)   --->   "%gmem2_addr_resp = writeresp i1 @_ssdm_op_WriteResp.m_axi.i256P1A, i64 %gmem2_addr" [kernel.cpp:19]   --->   Operation 394 'writeresp' 'gmem2_addr_resp' <Predicate = true> <Delay = 3.65> <CoreInst = "m_axi">   --->   Core 119 'm_axi' <Latency = 3> <II = 1> <Delay = 1.00> <Adapter> <Opcode : 'read' 'write' 'readreq' 'writereq' 'writeresp'>

State 117 <SV = 116> <Delay = 3.65>
ST_117 : Operation 395 [29/68] (3.65ns)   --->   "%gmem2_addr_resp = writeresp i1 @_ssdm_op_WriteResp.m_axi.i256P1A, i64 %gmem2_addr" [kernel.cpp:19]   --->   Operation 395 'writeresp' 'gmem2_addr_resp' <Predicate = true> <Delay = 3.65> <CoreInst = "m_axi">   --->   Core 119 'm_axi' <Latency = 3> <II = 1> <Delay = 1.00> <Adapter> <Opcode : 'read' 'write' 'readreq' 'writereq' 'writeresp'>

State 118 <SV = 117> <Delay = 3.65>
ST_118 : Operation 396 [28/68] (3.65ns)   --->   "%gmem2_addr_resp = writeresp i1 @_ssdm_op_WriteResp.m_axi.i256P1A, i64 %gmem2_addr" [kernel.cpp:19]   --->   Operation 396 'writeresp' 'gmem2_addr_resp' <Predicate = true> <Delay = 3.65> <CoreInst = "m_axi">   --->   Core 119 'm_axi' <Latency = 3> <II = 1> <Delay = 1.00> <Adapter> <Opcode : 'read' 'write' 'readreq' 'writereq' 'writeresp'>

State 119 <SV = 118> <Delay = 3.65>
ST_119 : Operation 397 [27/68] (3.65ns)   --->   "%gmem2_addr_resp = writeresp i1 @_ssdm_op_WriteResp.m_axi.i256P1A, i64 %gmem2_addr" [kernel.cpp:19]   --->   Operation 397 'writeresp' 'gmem2_addr_resp' <Predicate = true> <Delay = 3.65> <CoreInst = "m_axi">   --->   Core 119 'm_axi' <Latency = 3> <II = 1> <Delay = 1.00> <Adapter> <Opcode : 'read' 'write' 'readreq' 'writereq' 'writeresp'>

State 120 <SV = 119> <Delay = 3.65>
ST_120 : Operation 398 [26/68] (3.65ns)   --->   "%gmem2_addr_resp = writeresp i1 @_ssdm_op_WriteResp.m_axi.i256P1A, i64 %gmem2_addr" [kernel.cpp:19]   --->   Operation 398 'writeresp' 'gmem2_addr_resp' <Predicate = true> <Delay = 3.65> <CoreInst = "m_axi">   --->   Core 119 'm_axi' <Latency = 3> <II = 1> <Delay = 1.00> <Adapter> <Opcode : 'read' 'write' 'readreq' 'writereq' 'writeresp'>

State 121 <SV = 120> <Delay = 3.65>
ST_121 : Operation 399 [25/68] (3.65ns)   --->   "%gmem2_addr_resp = writeresp i1 @_ssdm_op_WriteResp.m_axi.i256P1A, i64 %gmem2_addr" [kernel.cpp:19]   --->   Operation 399 'writeresp' 'gmem2_addr_resp' <Predicate = true> <Delay = 3.65> <CoreInst = "m_axi">   --->   Core 119 'm_axi' <Latency = 3> <II = 1> <Delay = 1.00> <Adapter> <Opcode : 'read' 'write' 'readreq' 'writereq' 'writeresp'>

State 122 <SV = 121> <Delay = 3.65>
ST_122 : Operation 400 [24/68] (3.65ns)   --->   "%gmem2_addr_resp = writeresp i1 @_ssdm_op_WriteResp.m_axi.i256P1A, i64 %gmem2_addr" [kernel.cpp:19]   --->   Operation 400 'writeresp' 'gmem2_addr_resp' <Predicate = true> <Delay = 3.65> <CoreInst = "m_axi">   --->   Core 119 'm_axi' <Latency = 3> <II = 1> <Delay = 1.00> <Adapter> <Opcode : 'read' 'write' 'readreq' 'writereq' 'writeresp'>

State 123 <SV = 122> <Delay = 3.65>
ST_123 : Operation 401 [23/68] (3.65ns)   --->   "%gmem2_addr_resp = writeresp i1 @_ssdm_op_WriteResp.m_axi.i256P1A, i64 %gmem2_addr" [kernel.cpp:19]   --->   Operation 401 'writeresp' 'gmem2_addr_resp' <Predicate = true> <Delay = 3.65> <CoreInst = "m_axi">   --->   Core 119 'm_axi' <Latency = 3> <II = 1> <Delay = 1.00> <Adapter> <Opcode : 'read' 'write' 'readreq' 'writereq' 'writeresp'>

State 124 <SV = 123> <Delay = 3.65>
ST_124 : Operation 402 [22/68] (3.65ns)   --->   "%gmem2_addr_resp = writeresp i1 @_ssdm_op_WriteResp.m_axi.i256P1A, i64 %gmem2_addr" [kernel.cpp:19]   --->   Operation 402 'writeresp' 'gmem2_addr_resp' <Predicate = true> <Delay = 3.65> <CoreInst = "m_axi">   --->   Core 119 'm_axi' <Latency = 3> <II = 1> <Delay = 1.00> <Adapter> <Opcode : 'read' 'write' 'readreq' 'writereq' 'writeresp'>

State 125 <SV = 124> <Delay = 3.65>
ST_125 : Operation 403 [21/68] (3.65ns)   --->   "%gmem2_addr_resp = writeresp i1 @_ssdm_op_WriteResp.m_axi.i256P1A, i64 %gmem2_addr" [kernel.cpp:19]   --->   Operation 403 'writeresp' 'gmem2_addr_resp' <Predicate = true> <Delay = 3.65> <CoreInst = "m_axi">   --->   Core 119 'm_axi' <Latency = 3> <II = 1> <Delay = 1.00> <Adapter> <Opcode : 'read' 'write' 'readreq' 'writereq' 'writeresp'>

State 126 <SV = 125> <Delay = 3.65>
ST_126 : Operation 404 [20/68] (3.65ns)   --->   "%gmem2_addr_resp = writeresp i1 @_ssdm_op_WriteResp.m_axi.i256P1A, i64 %gmem2_addr" [kernel.cpp:19]   --->   Operation 404 'writeresp' 'gmem2_addr_resp' <Predicate = true> <Delay = 3.65> <CoreInst = "m_axi">   --->   Core 119 'm_axi' <Latency = 3> <II = 1> <Delay = 1.00> <Adapter> <Opcode : 'read' 'write' 'readreq' 'writereq' 'writeresp'>

State 127 <SV = 126> <Delay = 3.65>
ST_127 : Operation 405 [19/68] (3.65ns)   --->   "%gmem2_addr_resp = writeresp i1 @_ssdm_op_WriteResp.m_axi.i256P1A, i64 %gmem2_addr" [kernel.cpp:19]   --->   Operation 405 'writeresp' 'gmem2_addr_resp' <Predicate = true> <Delay = 3.65> <CoreInst = "m_axi">   --->   Core 119 'm_axi' <Latency = 3> <II = 1> <Delay = 1.00> <Adapter> <Opcode : 'read' 'write' 'readreq' 'writereq' 'writeresp'>

State 128 <SV = 127> <Delay = 3.65>
ST_128 : Operation 406 [18/68] (3.65ns)   --->   "%gmem2_addr_resp = writeresp i1 @_ssdm_op_WriteResp.m_axi.i256P1A, i64 %gmem2_addr" [kernel.cpp:19]   --->   Operation 406 'writeresp' 'gmem2_addr_resp' <Predicate = true> <Delay = 3.65> <CoreInst = "m_axi">   --->   Core 119 'm_axi' <Latency = 3> <II = 1> <Delay = 1.00> <Adapter> <Opcode : 'read' 'write' 'readreq' 'writereq' 'writeresp'>

State 129 <SV = 128> <Delay = 3.65>
ST_129 : Operation 407 [17/68] (3.65ns)   --->   "%gmem2_addr_resp = writeresp i1 @_ssdm_op_WriteResp.m_axi.i256P1A, i64 %gmem2_addr" [kernel.cpp:19]   --->   Operation 407 'writeresp' 'gmem2_addr_resp' <Predicate = true> <Delay = 3.65> <CoreInst = "m_axi">   --->   Core 119 'm_axi' <Latency = 3> <II = 1> <Delay = 1.00> <Adapter> <Opcode : 'read' 'write' 'readreq' 'writereq' 'writeresp'>

State 130 <SV = 129> <Delay = 3.65>
ST_130 : Operation 408 [16/68] (3.65ns)   --->   "%gmem2_addr_resp = writeresp i1 @_ssdm_op_WriteResp.m_axi.i256P1A, i64 %gmem2_addr" [kernel.cpp:19]   --->   Operation 408 'writeresp' 'gmem2_addr_resp' <Predicate = true> <Delay = 3.65> <CoreInst = "m_axi">   --->   Core 119 'm_axi' <Latency = 3> <II = 1> <Delay = 1.00> <Adapter> <Opcode : 'read' 'write' 'readreq' 'writereq' 'writeresp'>

State 131 <SV = 130> <Delay = 3.65>
ST_131 : Operation 409 [15/68] (3.65ns)   --->   "%gmem2_addr_resp = writeresp i1 @_ssdm_op_WriteResp.m_axi.i256P1A, i64 %gmem2_addr" [kernel.cpp:19]   --->   Operation 409 'writeresp' 'gmem2_addr_resp' <Predicate = true> <Delay = 3.65> <CoreInst = "m_axi">   --->   Core 119 'm_axi' <Latency = 3> <II = 1> <Delay = 1.00> <Adapter> <Opcode : 'read' 'write' 'readreq' 'writereq' 'writeresp'>

State 132 <SV = 131> <Delay = 3.65>
ST_132 : Operation 410 [14/68] (3.65ns)   --->   "%gmem2_addr_resp = writeresp i1 @_ssdm_op_WriteResp.m_axi.i256P1A, i64 %gmem2_addr" [kernel.cpp:19]   --->   Operation 410 'writeresp' 'gmem2_addr_resp' <Predicate = true> <Delay = 3.65> <CoreInst = "m_axi">   --->   Core 119 'm_axi' <Latency = 3> <II = 1> <Delay = 1.00> <Adapter> <Opcode : 'read' 'write' 'readreq' 'writereq' 'writeresp'>

State 133 <SV = 132> <Delay = 3.65>
ST_133 : Operation 411 [13/68] (3.65ns)   --->   "%gmem2_addr_resp = writeresp i1 @_ssdm_op_WriteResp.m_axi.i256P1A, i64 %gmem2_addr" [kernel.cpp:19]   --->   Operation 411 'writeresp' 'gmem2_addr_resp' <Predicate = true> <Delay = 3.65> <CoreInst = "m_axi">   --->   Core 119 'm_axi' <Latency = 3> <II = 1> <Delay = 1.00> <Adapter> <Opcode : 'read' 'write' 'readreq' 'writereq' 'writeresp'>

State 134 <SV = 133> <Delay = 3.65>
ST_134 : Operation 412 [12/68] (3.65ns)   --->   "%gmem2_addr_resp = writeresp i1 @_ssdm_op_WriteResp.m_axi.i256P1A, i64 %gmem2_addr" [kernel.cpp:19]   --->   Operation 412 'writeresp' 'gmem2_addr_resp' <Predicate = true> <Delay = 3.65> <CoreInst = "m_axi">   --->   Core 119 'm_axi' <Latency = 3> <II = 1> <Delay = 1.00> <Adapter> <Opcode : 'read' 'write' 'readreq' 'writereq' 'writeresp'>

State 135 <SV = 134> <Delay = 3.65>
ST_135 : Operation 413 [11/68] (3.65ns)   --->   "%gmem2_addr_resp = writeresp i1 @_ssdm_op_WriteResp.m_axi.i256P1A, i64 %gmem2_addr" [kernel.cpp:19]   --->   Operation 413 'writeresp' 'gmem2_addr_resp' <Predicate = true> <Delay = 3.65> <CoreInst = "m_axi">   --->   Core 119 'm_axi' <Latency = 3> <II = 1> <Delay = 1.00> <Adapter> <Opcode : 'read' 'write' 'readreq' 'writereq' 'writeresp'>

State 136 <SV = 135> <Delay = 3.65>
ST_136 : Operation 414 [10/68] (3.65ns)   --->   "%gmem2_addr_resp = writeresp i1 @_ssdm_op_WriteResp.m_axi.i256P1A, i64 %gmem2_addr" [kernel.cpp:19]   --->   Operation 414 'writeresp' 'gmem2_addr_resp' <Predicate = true> <Delay = 3.65> <CoreInst = "m_axi">   --->   Core 119 'm_axi' <Latency = 3> <II = 1> <Delay = 1.00> <Adapter> <Opcode : 'read' 'write' 'readreq' 'writereq' 'writeresp'>

State 137 <SV = 136> <Delay = 3.65>
ST_137 : Operation 415 [9/68] (3.65ns)   --->   "%gmem2_addr_resp = writeresp i1 @_ssdm_op_WriteResp.m_axi.i256P1A, i64 %gmem2_addr" [kernel.cpp:19]   --->   Operation 415 'writeresp' 'gmem2_addr_resp' <Predicate = true> <Delay = 3.65> <CoreInst = "m_axi">   --->   Core 119 'm_axi' <Latency = 3> <II = 1> <Delay = 1.00> <Adapter> <Opcode : 'read' 'write' 'readreq' 'writereq' 'writeresp'>

State 138 <SV = 137> <Delay = 3.65>
ST_138 : Operation 416 [8/68] (3.65ns)   --->   "%gmem2_addr_resp = writeresp i1 @_ssdm_op_WriteResp.m_axi.i256P1A, i64 %gmem2_addr" [kernel.cpp:19]   --->   Operation 416 'writeresp' 'gmem2_addr_resp' <Predicate = true> <Delay = 3.65> <CoreInst = "m_axi">   --->   Core 119 'm_axi' <Latency = 3> <II = 1> <Delay = 1.00> <Adapter> <Opcode : 'read' 'write' 'readreq' 'writereq' 'writeresp'>

State 139 <SV = 138> <Delay = 3.65>
ST_139 : Operation 417 [7/68] (3.65ns)   --->   "%gmem2_addr_resp = writeresp i1 @_ssdm_op_WriteResp.m_axi.i256P1A, i64 %gmem2_addr" [kernel.cpp:19]   --->   Operation 417 'writeresp' 'gmem2_addr_resp' <Predicate = true> <Delay = 3.65> <CoreInst = "m_axi">   --->   Core 119 'm_axi' <Latency = 3> <II = 1> <Delay = 1.00> <Adapter> <Opcode : 'read' 'write' 'readreq' 'writereq' 'writeresp'>

State 140 <SV = 139> <Delay = 3.65>
ST_140 : Operation 418 [6/68] (3.65ns)   --->   "%gmem2_addr_resp = writeresp i1 @_ssdm_op_WriteResp.m_axi.i256P1A, i64 %gmem2_addr" [kernel.cpp:19]   --->   Operation 418 'writeresp' 'gmem2_addr_resp' <Predicate = true> <Delay = 3.65> <CoreInst = "m_axi">   --->   Core 119 'm_axi' <Latency = 3> <II = 1> <Delay = 1.00> <Adapter> <Opcode : 'read' 'write' 'readreq' 'writereq' 'writeresp'>

State 141 <SV = 140> <Delay = 3.65>
ST_141 : Operation 419 [5/68] (3.65ns)   --->   "%gmem2_addr_resp = writeresp i1 @_ssdm_op_WriteResp.m_axi.i256P1A, i64 %gmem2_addr" [kernel.cpp:19]   --->   Operation 419 'writeresp' 'gmem2_addr_resp' <Predicate = true> <Delay = 3.65> <CoreInst = "m_axi">   --->   Core 119 'm_axi' <Latency = 3> <II = 1> <Delay = 1.00> <Adapter> <Opcode : 'read' 'write' 'readreq' 'writereq' 'writeresp'>

State 142 <SV = 141> <Delay = 3.65>
ST_142 : Operation 420 [4/68] (3.65ns)   --->   "%gmem2_addr_resp = writeresp i1 @_ssdm_op_WriteResp.m_axi.i256P1A, i64 %gmem2_addr" [kernel.cpp:19]   --->   Operation 420 'writeresp' 'gmem2_addr_resp' <Predicate = true> <Delay = 3.65> <CoreInst = "m_axi">   --->   Core 119 'm_axi' <Latency = 3> <II = 1> <Delay = 1.00> <Adapter> <Opcode : 'read' 'write' 'readreq' 'writereq' 'writeresp'>

State 143 <SV = 142> <Delay = 3.65>
ST_143 : Operation 421 [3/68] (3.65ns)   --->   "%gmem2_addr_resp = writeresp i1 @_ssdm_op_WriteResp.m_axi.i256P1A, i64 %gmem2_addr" [kernel.cpp:19]   --->   Operation 421 'writeresp' 'gmem2_addr_resp' <Predicate = true> <Delay = 3.65> <CoreInst = "m_axi">   --->   Core 119 'm_axi' <Latency = 3> <II = 1> <Delay = 1.00> <Adapter> <Opcode : 'read' 'write' 'readreq' 'writereq' 'writeresp'>

State 144 <SV = 143> <Delay = 3.65>
ST_144 : Operation 422 [2/68] (3.65ns)   --->   "%gmem2_addr_resp = writeresp i1 @_ssdm_op_WriteResp.m_axi.i256P1A, i64 %gmem2_addr" [kernel.cpp:19]   --->   Operation 422 'writeresp' 'gmem2_addr_resp' <Predicate = true> <Delay = 3.65> <CoreInst = "m_axi">   --->   Core 119 'm_axi' <Latency = 3> <II = 1> <Delay = 1.00> <Adapter> <Opcode : 'read' 'write' 'readreq' 'writereq' 'writeresp'>

State 145 <SV = 144> <Delay = 3.65>
ST_145 : Operation 423 [1/68] (3.65ns)   --->   "%gmem2_addr_resp = writeresp i1 @_ssdm_op_WriteResp.m_axi.i256P1A, i64 %gmem2_addr" [kernel.cpp:19]   --->   Operation 423 'writeresp' 'gmem2_addr_resp' <Predicate = true> <Delay = 3.65> <CoreInst = "m_axi">   --->   Core 119 'm_axi' <Latency = 3> <II = 1> <Delay = 1.00> <Adapter> <Opcode : 'read' 'write' 'readreq' 'writereq' 'writeresp'>
ST_145 : Operation 424 [1/1] (0.00ns)   --->   "%ret_ln19 = ret" [kernel.cpp:19]   --->   Operation 424 'ret' 'ret_ln19' <Predicate = true> <Delay = 0.00>


============================================================
+ Verbose Summary: Binding
============================================================
STG Binding: 
---------------- STG Properties BEGIN ----------------
- Is combinational: 0
- Is one-state seq: 0
- Is datapath-only: 0
- Is pipelined: 0
- Is top level: 1
Port [ Return ] is wired: 1; IO mode=ap_ctrl_chain:ce=0
Port [ gmem0]:  wired=1; compound=1; hidden=0; nouse=0; global=0; static=0; extern=0; dir=0; type=4; pingpong=0; private_global=0; IO mode=m_axi:ce=0
Port [ gmem1]:  wired=1; compound=1; hidden=0; nouse=0; global=0; static=0; extern=0; dir=0; type=4; pingpong=0; private_global=0; IO mode=m_axi:ce=0
Port [ gmem2]:  wired=1; compound=1; hidden=0; nouse=0; global=0; static=0; extern=0; dir=1; type=4; pingpong=0; private_global=0; IO mode=m_axi:ce=0
Port [ a]:  wired=1; compound=0; hidden=0; nouse=0; global=0; static=0; extern=0; dir=0; type=0; pingpong=0; private_global=0; IO mode=ap_none:ce=0
Port [ b]:  wired=1; compound=0; hidden=0; nouse=0; global=0; static=0; extern=0; dir=0; type=0; pingpong=0; private_global=0; IO mode=ap_none:ce=0
Port [ c]:  wired=1; compound=0; hidden=0; nouse=0; global=0; static=0; extern=0; dir=0; type=0; pingpong=0; private_global=0; IO mode=ap_none:ce=0
---------------- STG Properties END ------------------

---------------- Datapath Model BEGIN ----------------

<LifeTime>
<method=bitvector/>
i1                     (alloca           ) [ 01111111111111111111111111111111111111111111111111111111111111111111111111110000000000000000000000000000000000000000000000000000000000000000000000]
shiftreg2              (alloca           ) [ 00111111111111111111111111111111111111111111111111111111111111111111111111110000000000000000000000000000000000000000000000000000000000000000000000]
shiftreg83             (alloca           ) [ 00111111111111111111111111111111111111111111111111111111111111111111111111110000000000000000000000000000000000000000000000000000000000000000000000]
shiftreg104            (alloca           ) [ 01111111111111111111111111111111111111111111111111111111111111111111111111110000000000000000000000000000000000000000000000000000000000000000000000]
c_read                 (read             ) [ 00111111111111111111111111111111111111111111111111111111111111111111111111111000000000000000000000000000000000000000000000000000000000000000000000]
b_read                 (read             ) [ 00000000000000000000000000000000000000000000000000000000000000000000000000000000000000000000000000000000000000000000000000000000000000000000000000]
a_read                 (read             ) [ 00000000000000000000000000000000000000000000000000000000000000000000000000000000000000000000000000000000000000000000000000000000000000000000000000]
trunc_ln               (partselect       ) [ 00100000000000000000000000000000000000000000000000000000000000000000000000000000000000000000000000000000000000000000000000000000000000000000000000]
trunc_ln15_1           (partselect       ) [ 00100000000000000000000000000000000000000000000000000000000000000000000000000000000000000000000000000000000000000000000000000000000000000000000000]
store_ln0              (store            ) [ 00000000000000000000000000000000000000000000000000000000000000000000000000000000000000000000000000000000000000000000000000000000000000000000000000]
store_ln0              (store            ) [ 00000000000000000000000000000000000000000000000000000000000000000000000000000000000000000000000000000000000000000000000000000000000000000000000000]
sext_ln15              (sext             ) [ 00000000000000000000000000000000000000000000000000000000000000000000000000000000000000000000000000000000000000000000000000000000000000000000000000]
gmem0_addr             (getelementptr    ) [ 00011111111111111111111111111111111111111111111111111111111111111111111111000000000000000000000000000000000000000000000000000000000000000000000000]
sext_ln15_1            (sext             ) [ 00000000000000000000000000000000000000000000000000000000000000000000000000000000000000000000000000000000000000000000000000000000000000000000000000]
gmem1_addr             (getelementptr    ) [ 00011111111111111111111111111111111111111111111111111111111111111111111111000000000000000000000000000000000000000000000000000000000000000000000000]
gmem0_load_req         (readreq          ) [ 00000000000000000000000000000000000000000000000000000000000000000000000000000000000000000000000000000000000000000000000000000000000000000000000000]
gmem1_load_req         (readreq          ) [ 00000000000000000000000000000000000000000000000000000000000000000000000000000000000000000000000000000000000000000000000000000000000000000000000000]
gmem0_addr_read        (read             ) [ 00000000000000000000000000000000000000000000000000000000000000000000000000100000000000000000000000000000000000000000000000000000000000000000000000]
gmem1_addr_read        (read             ) [ 00000000000000000000000000000000000000000000000000000000000000000000000000100000000000000000000000000000000000000000000000000000000000000000000000]
spectopmodule_ln5      (spectopmodule    ) [ 00000000000000000000000000000000000000000000000000000000000000000000000000000000000000000000000000000000000000000000000000000000000000000000000000]
specinterface_ln5      (specinterface    ) [ 00000000000000000000000000000000000000000000000000000000000000000000000000000000000000000000000000000000000000000000000000000000000000000000000000]
specinterface_ln0      (specinterface    ) [ 00000000000000000000000000000000000000000000000000000000000000000000000000000000000000000000000000000000000000000000000000000000000000000000000000]
specbitsmap_ln0        (specbitsmap      ) [ 00000000000000000000000000000000000000000000000000000000000000000000000000000000000000000000000000000000000000000000000000000000000000000000000000]
specinterface_ln0      (specinterface    ) [ 00000000000000000000000000000000000000000000000000000000000000000000000000000000000000000000000000000000000000000000000000000000000000000000000000]
specbitsmap_ln0        (specbitsmap      ) [ 00000000000000000000000000000000000000000000000000000000000000000000000000000000000000000000000000000000000000000000000000000000000000000000000000]
specinterface_ln0      (specinterface    ) [ 00000000000000000000000000000000000000000000000000000000000000000000000000000000000000000000000000000000000000000000000000000000000000000000000000]
specbitsmap_ln0        (specbitsmap      ) [ 00000000000000000000000000000000000000000000000000000000000000000000000000000000000000000000000000000000000000000000000000000000000000000000000000]
specinterface_ln0      (specinterface    ) [ 00000000000000000000000000000000000000000000000000000000000000000000000000000000000000000000000000000000000000000000000000000000000000000000000000]
specinterface_ln0      (specinterface    ) [ 00000000000000000000000000000000000000000000000000000000000000000000000000000000000000000000000000000000000000000000000000000000000000000000000000]
specinterface_ln0      (specinterface    ) [ 00000000000000000000000000000000000000000000000000000000000000000000000000000000000000000000000000000000000000000000000000000000000000000000000000]
specinterface_ln0      (specinterface    ) [ 00000000000000000000000000000000000000000000000000000000000000000000000000000000000000000000000000000000000000000000000000000000000000000000000000]
specinterface_ln0      (specinterface    ) [ 00000000000000000000000000000000000000000000000000000000000000000000000000000000000000000000000000000000000000000000000000000000000000000000000000]
specinterface_ln0      (specinterface    ) [ 00000000000000000000000000000000000000000000000000000000000000000000000000000000000000000000000000000000000000000000000000000000000000000000000000]
specinterface_ln0      (specinterface    ) [ 00000000000000000000000000000000000000000000000000000000000000000000000000000000000000000000000000000000000000000000000000000000000000000000000000]
store_ln15             (store            ) [ 00000000000000000000000000000000000000000000000000000000000000000000000000000000000000000000000000000000000000000000000000000000000000000000000000]
store_ln15             (store            ) [ 00000000000000000000000000000000000000000000000000000000000000000000000000000000000000000000000000000000000000000000000000000000000000000000000000]
br_ln15                (br               ) [ 00000000000000000000000000000000000000000000000000000000000000000000000000000000000000000000000000000000000000000000000000000000000000000000000000]
i1_load                (load             ) [ 00000000000000000000000000000000000000000000000000000000000000000000000000000000000000000000000000000000000000000000000000000000000000000000000000]
shiftreg2_load         (load             ) [ 00000000000000000000000000000000000000000000000000000000000000000000000000000000000000000000000000000000000000000000000000000000000000000000000000]
shiftreg83_load        (load             ) [ 00000000000000000000000000000000000000000000000000000000000000000000000000000000000000000000000000000000000000000000000000000000000000000000000000]
shiftreg104_load       (load             ) [ 00000000000000000000000000000000000000000000000000000000000000000000000000000000000000000000000000000000000000000000000000000000000000000000000000]
specpipeline_ln16      (specpipeline     ) [ 00000000000000000000000000000000000000000000000000000000000000000000000000000000000000000000000000000000000000000000000000000000000000000000000000]
speclooptripcount_ln15 (speclooptripcount) [ 00000000000000000000000000000000000000000000000000000000000000000000000000000000000000000000000000000000000000000000000000000000000000000000000000]
specloopname_ln15      (specloopname     ) [ 00000000000000000000000000000000000000000000000000000000000000000000000000000000000000000000000000000000000000000000000000000000000000000000000000]
trunc_ln17             (trunc            ) [ 00000000000000000000000000000000000000000000000000000000000000000000000000000000000000000000000000000000000000000000000000000000000000000000000000]
lshr_ln                (partselect       ) [ 00000000000000000000000000000000000000000000000000000000000000000000000000000000000000000000000000000000000000000000000000000000000000000000000000]
zext_ln17              (zext             ) [ 00000000000000000000000000000000000000000000000000000000000000000000000000000000000000000000000000000000000000000000000000000000000000000000000000]
sext_ln17              (sext             ) [ 00000000000000000000000000000000000000000000000000000000000000000000000000000000000000000000000000000000000000000000000000000000000000000000000000]
trunc_ln17_1           (trunc            ) [ 00000000000000000000000000000000000000000000000000000000000000000000000000000000000000000000000000000000000000000000000000000000000000000000000000]
lshr_ln17_1            (partselect       ) [ 00000000000000000000000000000000000000000000000000000000000000000000000000000000000000000000000000000000000000000000000000000000000000000000000000]
zext_ln17_1            (zext             ) [ 00000000000000000000000000000000000000000000000000000000000000000000000000000000000000000000000000000000000000000000000000000000000000000000000000]
sext_ln17_1            (sext             ) [ 00000000000000000000000000000000000000000000000000000000000000000000000000000000000000000000000000000000000000000000000000000000000000000000000000]
add_ln17               (add              ) [ 00000000000000000000000000000000000000000000000000000000000000000000000000000000000000000000000000000000000000000000000000000000000000000000000000]
tmp_1                  (partselect       ) [ 00000000000000000000000000000000000000000000000000000000000000000000000000000000000000000000000000000000000000000000000000000000000000000000000000]
sext_ln17_2            (sext             ) [ 00000000000000000000000000000000000000000000000000000000000000000000000000000000000000000000000000000000000000000000000000000000000000000000000000]
tmp                    (bitconcatenate   ) [ 00000000000000000000000000000000000000000000000000000000000000000000000000001100000000000000000000000000000000000000000000000000000000000000000000]
i                      (add              ) [ 00000000000000000000000000000000000000000000000000000000000000000000000000000000000000000000000000000000000000000000000000000000000000000000000000]
icmp_ln15              (icmp             ) [ 00000000000000000000000000000000000000000000000000000000000000000000000000010000000000000000000000000000000000000000000000000000000000000000000000]
store_ln17             (store            ) [ 00000000000000000000000000000000000000000000000000000000000000000000000000000000000000000000000000000000000000000000000000000000000000000000000000]
store_ln17             (store            ) [ 00000000000000000000000000000000000000000000000000000000000000000000000000000000000000000000000000000000000000000000000000000000000000000000000000]
store_ln17             (store            ) [ 00000000000000000000000000000000000000000000000000000000000000000000000000000000000000000000000000000000000000000000000000000000000000000000000000]
store_ln15             (store            ) [ 00000000000000000000000000000000000000000000000000000000000000000000000000000000000000000000000000000000000000000000000000000000000000000000000000]
br_ln15                (br               ) [ 00000000000000000000000000000000000000000000000000000000000000000000000000000000000000000000000000000000000000000000000000000000000000000000000000]
trunc_ln1              (partselect       ) [ 00000000000000000000000000000000000000000000000000000000000000000000000000000000000000000000000000000000000000000000000000000000000000000000000000]
sext_ln19              (sext             ) [ 00000000000000000000000000000000000000000000000000000000000000000000000000000000000000000000000000000000000000000000000000000000000000000000000000]
gmem2_addr             (getelementptr    ) [ 00000000000000000000000000000000000000000000000000000000000000000000000000000111111111111111111111111111111111111111111111111111111111111111111111]
gmem2_addr_req         (writereq         ) [ 00000000000000000000000000000000000000000000000000000000000000000000000000000000000000000000000000000000000000000000000000000000000000000000000000]
sext_ln15_2            (sext             ) [ 00000000000000000000000000000000000000000000000000000000000000000000000000000000000000000000000000000000000000000000000000000000000000000000000000]
zext_ln15              (zext             ) [ 00000000000000000000000000000000000000000000000000000000000000000000000000000000000000000000000000000000000000000000000000000000000000000000000000]
write_ln19             (write            ) [ 00000000000000000000000000000000000000000000000000000000000000000000000000000000000000000000000000000000000000000000000000000000000000000000000000]
gmem2_addr_resp        (writeresp        ) [ 00000000000000000000000000000000000000000000000000000000000000000000000000000000000000000000000000000000000000000000000000000000000000000000000000]
ret_ln19               (ret              ) [ 00000000000000000000000000000000000000000000000000000000000000000000000000000000000000000000000000000000000000000000000000000000000000000000000000]
</LifeTime>

<model>

<comp_list>
<comp id="0" class="1000" name="gmem0">
<pin_list>
<pin id="1" dir="1" index="0" bw="1" slack="0"/>
</pin_list>
<bind>
<StgValue><ssdm name="gmem0"/><MemPortTyVec>0 </MemPortTyVec>
</StgValue>
</bind>
</comp>

<comp id="2" class="1000" name="gmem1">
<pin_list>
<pin id="3" dir="1" index="0" bw="1" slack="0"/>
</pin_list>
<bind>
<StgValue><ssdm name="gmem1"/><MemPortTyVec>0 </MemPortTyVec>
</StgValue>
</bind>
</comp>

<comp id="4" class="1000" name="gmem2">
<pin_list>
<pin id="5" dir="1" index="0" bw="1" slack="0"/>
</pin_list>
<bind>
<StgValue><ssdm name="gmem2"/><MemPortTyVec>1 </MemPortTyVec>
</StgValue>
</bind>
</comp>

<comp id="6" class="1000" name="a">
<pin_list>
<pin id="7" dir="1" index="0" bw="1" slack="0"/>
</pin_list>
<bind>
<StgValue><ssdm name="a"/></StgValue>
</bind>
</comp>

<comp id="8" class="1000" name="b">
<pin_list>
<pin id="9" dir="1" index="0" bw="1" slack="0"/>
</pin_list>
<bind>
<StgValue><ssdm name="b"/></StgValue>
</bind>
</comp>

<comp id="10" class="1000" name="c">
<pin_list>
<pin id="11" dir="1" index="0" bw="1" slack="0"/>
</pin_list>
<bind>
<StgValue><ssdm name="c"/></StgValue>
</bind>
</comp>

<comp id="12" class="1001" name="const_12">
<pin_list>
<pin id="13" dir="1" index="0" bw="1" slack="0"/>
</pin_list>
<bind>
<StgValue><ssdm name=""/></StgValue>
</bind>
</comp>

<comp id="14" class="1001" name="const_14">
<pin_list>
<pin id="15" dir="1" index="0" bw="1" slack="0"/>
</pin_list>
<bind>
<StgValue><ssdm name="_ssdm_op_Read.s_axilite.i64"/></StgValue>
</bind>
</comp>

<comp id="16" class="1001" name="const_16">
<pin_list>
<pin id="17" dir="1" index="0" bw="1" slack="0"/>
</pin_list>
<bind>
<StgValue><ssdm name="_ssdm_op_PartSelect.i60.i64.i32.i32"/></StgValue>
</bind>
</comp>

<comp id="18" class="1001" name="const_18">
<pin_list>
<pin id="19" dir="1" index="0" bw="1" slack="0"/>
</pin_list>
<bind>
<StgValue><ssdm name=""/></StgValue>
</bind>
</comp>

<comp id="20" class="1001" name="const_20">
<pin_list>
<pin id="21" dir="1" index="0" bw="1" slack="0"/>
</pin_list>
<bind>
<StgValue><ssdm name=""/></StgValue>
</bind>
</comp>

<comp id="22" class="1001" name="const_22">
<pin_list>
<pin id="23" dir="1" index="0" bw="1" slack="0"/>
</pin_list>
<bind>
<StgValue><ssdm name=""/></StgValue>
</bind>
</comp>

<comp id="24" class="1001" name="const_24">
<pin_list>
<pin id="25" dir="1" index="0" bw="1" slack="0"/>
</pin_list>
<bind>
<StgValue><ssdm name=""/></StgValue>
</bind>
</comp>

<comp id="26" class="1001" name="const_26">
<pin_list>
<pin id="27" dir="1" index="0" bw="1" slack="0"/>
</pin_list>
<bind>
<StgValue><ssdm name="_ssdm_op_ReadReq.m_axi.i128P1A"/></StgValue>
</bind>
</comp>

<comp id="28" class="1001" name="const_28">
<pin_list>
<pin id="29" dir="1" index="0" bw="1" slack="0"/>
</pin_list>
<bind>
<StgValue><ssdm name=""/></StgValue>
</bind>
</comp>

<comp id="30" class="1001" name="const_30">
<pin_list>
<pin id="31" dir="1" index="0" bw="1" slack="0"/>
</pin_list>
<bind>
<StgValue><ssdm name="_ssdm_op_Read.m_axi.i128P1A"/></StgValue>
</bind>
</comp>

<comp id="32" class="1001" name="const_32">
<pin_list>
<pin id="33" dir="1" index="0" bw="1" slack="2147483647"/>
</pin_list>
<bind>
<StgValue><ssdm name="_ssdm_op_SpecTopModule"/></StgValue>
</bind>
</comp>

<comp id="34" class="1001" name="const_34">
<pin_list>
<pin id="35" dir="1" index="0" bw="1" slack="2147483647"/>
</pin_list>
<bind>
<StgValue><ssdm name="empty_9"/></StgValue>
</bind>
</comp>

<comp id="36" class="1001" name="const_36">
<pin_list>
<pin id="37" dir="1" index="0" bw="1" slack="2147483647"/>
</pin_list>
<bind>
<StgValue><ssdm name="_ssdm_op_SpecInterface"/></StgValue>
</bind>
</comp>

<comp id="38" class="1001" name="const_38">
<pin_list>
<pin id="39" dir="1" index="0" bw="1" slack="2147483647"/>
</pin_list>
<bind>
<StgValue><ssdm name=""/></StgValue>
</bind>
</comp>

<comp id="40" class="1001" name="const_40">
<pin_list>
<pin id="41" dir="1" index="0" bw="1" slack="2147483647"/>
</pin_list>
<bind>
<StgValue><ssdm name="empty_0"/></StgValue>
</bind>
</comp>

<comp id="42" class="1001" name="const_42">
<pin_list>
<pin id="43" dir="1" index="0" bw="1" slack="2147483647"/>
</pin_list>
<bind>
<StgValue><ssdm name="empty_3"/></StgValue>
</bind>
</comp>

<comp id="44" class="1001" name="const_44">
<pin_list>
<pin id="45" dir="1" index="0" bw="1" slack="0"/>
</pin_list>
<bind>
<StgValue><ssdm name=""/></StgValue>
</bind>
</comp>

<comp id="46" class="1001" name="const_46">
<pin_list>
<pin id="47" dir="1" index="0" bw="1" slack="2147483647"/>
</pin_list>
<bind>
<StgValue><ssdm name="empty_2"/></StgValue>
</bind>
</comp>

<comp id="48" class="1001" name="const_48">
<pin_list>
<pin id="49" dir="1" index="0" bw="1" slack="2147483647"/>
</pin_list>
<bind>
<StgValue><ssdm name=""/></StgValue>
</bind>
</comp>

<comp id="50" class="1001" name="const_50">
<pin_list>
<pin id="51" dir="1" index="0" bw="1" slack="2147483647"/>
</pin_list>
<bind>
<StgValue><ssdm name="empty_4"/></StgValue>
</bind>
</comp>

<comp id="52" class="1001" name="const_52">
<pin_list>
<pin id="53" dir="1" index="0" bw="1" slack="2147483647"/>
</pin_list>
<bind>
<StgValue><ssdm name="empty_5"/></StgValue>
</bind>
</comp>

<comp id="54" class="1001" name="const_54">
<pin_list>
<pin id="55" dir="1" index="0" bw="1" slack="0"/>
</pin_list>
<bind>
<StgValue><ssdm name=""/></StgValue>
</bind>
</comp>

<comp id="56" class="1001" name="const_56">
<pin_list>
<pin id="57" dir="1" index="0" bw="1" slack="2147483647"/>
</pin_list>
<bind>
<StgValue><ssdm name="_ssdm_op_SpecBitsMap"/></StgValue>
</bind>
</comp>

<comp id="58" class="1001" name="const_58">
<pin_list>
<pin id="59" dir="1" index="0" bw="1" slack="2147483647"/>
</pin_list>
<bind>
<StgValue><ssdm name="empty_6"/></StgValue>
</bind>
</comp>

<comp id="60" class="1001" name="const_60">
<pin_list>
<pin id="61" dir="1" index="0" bw="1" slack="2147483647"/>
</pin_list>
<bind>
<StgValue><ssdm name="empty"/></StgValue>
</bind>
</comp>

<comp id="62" class="1001" name="const_62">
<pin_list>
<pin id="63" dir="1" index="0" bw="1" slack="2147483647"/>
</pin_list>
<bind>
<StgValue><ssdm name="empty_1"/></StgValue>
</bind>
</comp>

<comp id="64" class="1001" name="const_64">
<pin_list>
<pin id="65" dir="1" index="0" bw="1" slack="2147483647"/>
</pin_list>
<bind>
<StgValue><ssdm name="empty_8"/></StgValue>
</bind>
</comp>

<comp id="66" class="1001" name="const_66">
<pin_list>
<pin id="67" dir="1" index="0" bw="1" slack="2147483647"/>
</pin_list>
<bind>
<StgValue><ssdm name="empty_11"/></StgValue>
</bind>
</comp>

<comp id="68" class="1001" name="const_68">
<pin_list>
<pin id="69" dir="1" index="0" bw="1" slack="2147483647"/>
</pin_list>
<bind>
<StgValue><ssdm name="empty_12"/></StgValue>
</bind>
</comp>

<comp id="70" class="1001" name="const_70">
<pin_list>
<pin id="71" dir="1" index="0" bw="1" slack="2147483647"/>
</pin_list>
<bind>
<StgValue><ssdm name="empty_13"/></StgValue>
</bind>
</comp>

<comp id="72" class="1001" name="const_72">
<pin_list>
<pin id="73" dir="1" index="0" bw="1" slack="2147483647"/>
</pin_list>
<bind>
<StgValue><ssdm name="empty_14"/></StgValue>
</bind>
</comp>

<comp id="74" class="1001" name="const_74">
<pin_list>
<pin id="75" dir="1" index="0" bw="1" slack="2147483647"/>
</pin_list>
<bind>
<StgValue><ssdm name="empty_15"/></StgValue>
</bind>
</comp>

<comp id="76" class="1001" name="const_76">
<pin_list>
<pin id="77" dir="1" index="0" bw="1" slack="2147483647"/>
</pin_list>
<bind>
<StgValue><ssdm name="empty_7"/></StgValue>
</bind>
</comp>

<comp id="78" class="1001" name="const_78">
<pin_list>
<pin id="79" dir="1" index="0" bw="1" slack="2147483647"/>
</pin_list>
<bind>
<StgValue><ssdm name="_ssdm_op_SpecPipeline"/></StgValue>
</bind>
</comp>

<comp id="80" class="1001" name="const_80">
<pin_list>
<pin id="81" dir="1" index="0" bw="1" slack="2147483647"/>
</pin_list>
<bind>
<StgValue><ssdm name="_ssdm_op_SpecLoopTripCount"/></StgValue>
</bind>
</comp>

<comp id="82" class="1001" name="const_82">
<pin_list>
<pin id="83" dir="1" index="0" bw="1" slack="2147483647"/>
</pin_list>
<bind>
<StgValue><ssdm name=""/></StgValue>
</bind>
</comp>

<comp id="84" class="1001" name="const_84">
<pin_list>
<pin id="85" dir="1" index="0" bw="1" slack="2147483647"/>
</pin_list>
<bind>
<StgValue><ssdm name="_ssdm_op_SpecLoopName"/></StgValue>
</bind>
</comp>

<comp id="86" class="1001" name="const_86">
<pin_list>
<pin id="87" dir="1" index="0" bw="1" slack="2147483647"/>
</pin_list>
<bind>
<StgValue><ssdm name="empty_10"/></StgValue>
</bind>
</comp>

<comp id="88" class="1001" name="const_88">
<pin_list>
<pin id="89" dir="1" index="0" bw="1" slack="0"/>
</pin_list>
<bind>
<StgValue><ssdm name="_ssdm_op_PartSelect.i120.i128.i32.i32"/></StgValue>
</bind>
</comp>

<comp id="90" class="1001" name="const_90">
<pin_list>
<pin id="91" dir="1" index="0" bw="1" slack="0"/>
</pin_list>
<bind>
<StgValue><ssdm name=""/></StgValue>
</bind>
</comp>

<comp id="92" class="1001" name="const_92">
<pin_list>
<pin id="93" dir="1" index="0" bw="1" slack="0"/>
</pin_list>
<bind>
<StgValue><ssdm name=""/></StgValue>
</bind>
</comp>

<comp id="94" class="1001" name="const_94">
<pin_list>
<pin id="95" dir="1" index="0" bw="1" slack="0"/>
</pin_list>
<bind>
<StgValue><ssdm name="_ssdm_op_PartSelect.i233.i249.i32.i32"/></StgValue>
</bind>
</comp>

<comp id="96" class="1001" name="const_96">
<pin_list>
<pin id="97" dir="1" index="0" bw="1" slack="0"/>
</pin_list>
<bind>
<StgValue><ssdm name=""/></StgValue>
</bind>
</comp>

<comp id="98" class="1001" name="const_98">
<pin_list>
<pin id="99" dir="1" index="0" bw="1" slack="0"/>
</pin_list>
<bind>
<StgValue><ssdm name="_ssdm_op_BitConcatenate.i249.i9.i3.i237"/></StgValue>
</bind>
</comp>

<comp id="100" class="1001" name="const_100">
<pin_list>
<pin id="101" dir="1" index="0" bw="1" slack="0"/>
</pin_list>
<bind>
<StgValue><ssdm name=""/></StgValue>
</bind>
</comp>

<comp id="102" class="1001" name="const_102">
<pin_list>
<pin id="103" dir="1" index="0" bw="1" slack="0"/>
</pin_list>
<bind>
<StgValue><ssdm name=""/></StgValue>
</bind>
</comp>

<comp id="104" class="1001" name="const_104">
<pin_list>
<pin id="105" dir="1" index="0" bw="1" slack="0"/>
</pin_list>
<bind>
<StgValue><ssdm name=""/></StgValue>
</bind>
</comp>

<comp id="106" class="1001" name="const_106">
<pin_list>
<pin id="107" dir="1" index="0" bw="1" slack="0"/>
</pin_list>
<bind>
<StgValue><ssdm name="_ssdm_op_PartSelect.i59.i64.i32.i32"/></StgValue>
</bind>
</comp>

<comp id="108" class="1001" name="const_108">
<pin_list>
<pin id="109" dir="1" index="0" bw="1" slack="0"/>
</pin_list>
<bind>
<StgValue><ssdm name=""/></StgValue>
</bind>
</comp>

<comp id="110" class="1001" name="const_110">
<pin_list>
<pin id="111" dir="1" index="0" bw="1" slack="0"/>
</pin_list>
<bind>
<StgValue><ssdm name="_ssdm_op_WriteReq.m_axi.i256P1A"/></StgValue>
</bind>
</comp>

<comp id="112" class="1001" name="const_112">
<pin_list>
<pin id="113" dir="1" index="0" bw="1" slack="0"/>
</pin_list>
<bind>
<StgValue><ssdm name="_ssdm_op_Write.m_axi.i256P1A"/></StgValue>
</bind>
</comp>

<comp id="114" class="1001" name="const_114">
<pin_list>
<pin id="115" dir="1" index="0" bw="1" slack="0"/>
</pin_list>
<bind>
<StgValue><ssdm name="_ssdm_op_WriteResp.m_axi.i256P1A"/></StgValue>
</bind>
</comp>

<comp id="116" class="1004" name="i1_fu_116">
<pin_list>
<pin id="117" dir="0" index="0" bw="1" slack="0"/>
<pin id="118" dir="1" index="1" bw="4" slack="0"/>
</pin_list>
<bind>
<opcode="alloca(26) " fcode="alloca"/>
<opset="i1/1 "/>
</bind>
</comp>

<comp id="120" class="1004" name="shiftreg2_fu_120">
<pin_list>
<pin id="121" dir="0" index="0" bw="1" slack="0"/>
<pin id="122" dir="1" index="1" bw="128" slack="73"/>
</pin_list>
<bind>
<opcode="alloca(26) " fcode="alloca"/>
<opset="shiftreg2/1 "/>
</bind>
</comp>

<comp id="124" class="1004" name="shiftreg83_fu_124">
<pin_list>
<pin id="125" dir="0" index="0" bw="1" slack="0"/>
<pin id="126" dir="1" index="1" bw="128" slack="73"/>
</pin_list>
<bind>
<opcode="alloca(26) " fcode="alloca"/>
<opset="shiftreg83/1 "/>
</bind>
</comp>

<comp id="128" class="1004" name="shiftreg104_fu_128">
<pin_list>
<pin id="129" dir="0" index="0" bw="1" slack="0"/>
<pin id="130" dir="1" index="1" bw="249" slack="0"/>
</pin_list>
<bind>
<opcode="alloca(26) " fcode="alloca"/>
<opset="shiftreg104/1 "/>
</bind>
</comp>

<comp id="132" class="1004" name="c_read_read_fu_132">
<pin_list>
<pin id="133" dir="0" index="0" bw="64" slack="0"/>
<pin id="134" dir="0" index="1" bw="64" slack="0"/>
<pin id="135" dir="1" index="2" bw="64" slack="75"/>
</pin_list>
<bind>
<opcode="read(1150) " fcode="read"/>
<opset="c_read/1 "/>
</bind>
</comp>

<comp id="138" class="1004" name="b_read_read_fu_138">
<pin_list>
<pin id="139" dir="0" index="0" bw="64" slack="0"/>
<pin id="140" dir="0" index="1" bw="64" slack="0"/>
<pin id="141" dir="1" index="2" bw="64" slack="0"/>
</pin_list>
<bind>
<opcode="read(1150) " fcode="read"/>
<opset="b_read/1 "/>
</bind>
</comp>

<comp id="144" class="1004" name="a_read_read_fu_144">
<pin_list>
<pin id="145" dir="0" index="0" bw="64" slack="0"/>
<pin id="146" dir="0" index="1" bw="64" slack="0"/>
<pin id="147" dir="1" index="2" bw="64" slack="0"/>
</pin_list>
<bind>
<opcode="read(1150) " fcode="read"/>
<opset="a_read/1 "/>
</bind>
</comp>

<comp id="150" class="1004" name="grp_readreq_fu_150">
<pin_list>
<pin id="151" dir="0" index="0" bw="1" slack="0"/>
<pin id="152" dir="0" index="1" bw="128" slack="0"/>
<pin id="153" dir="0" index="2" bw="1" slack="0"/>
<pin id="154" dir="1" index="3" bw="1" slack="2147483647"/>
</pin_list>
<bind>
<opcode="readreq(1154) " fcode="readreq"/>
<opset="gmem0_load_req/2 "/>
</bind>
</comp>

<comp id="157" class="1004" name="grp_readreq_fu_157">
<pin_list>
<pin id="158" dir="0" index="0" bw="1" slack="0"/>
<pin id="159" dir="0" index="1" bw="128" slack="0"/>
<pin id="160" dir="0" index="2" bw="1" slack="0"/>
<pin id="161" dir="1" index="3" bw="1" slack="2147483647"/>
</pin_list>
<bind>
<opcode="readreq(1154) " fcode="readreq"/>
<opset="gmem1_load_req/2 "/>
</bind>
</comp>

<comp id="164" class="1004" name="gmem0_addr_read_read_fu_164">
<pin_list>
<pin id="165" dir="0" index="0" bw="128" slack="0"/>
<pin id="166" dir="0" index="1" bw="128" slack="71"/>
<pin id="167" dir="1" index="2" bw="128" slack="1"/>
</pin_list>
<bind>
<opcode="read(1150) " fcode="read"/>
<opset="gmem0_addr_read/73 "/>
</bind>
</comp>

<comp id="169" class="1004" name="gmem1_addr_read_read_fu_169">
<pin_list>
<pin id="170" dir="0" index="0" bw="128" slack="0"/>
<pin id="171" dir="0" index="1" bw="128" slack="71"/>
<pin id="172" dir="1" index="2" bw="128" slack="1"/>
</pin_list>
<bind>
<opcode="read(1150) " fcode="read"/>
<opset="gmem1_addr_read/73 "/>
</bind>
</comp>

<comp id="174" class="1004" name="gmem2_addr_req_writereq_fu_174">
<pin_list>
<pin id="175" dir="0" index="0" bw="1" slack="0"/>
<pin id="176" dir="0" index="1" bw="256" slack="0"/>
<pin id="177" dir="0" index="2" bw="1" slack="0"/>
<pin id="178" dir="1" index="3" bw="1" slack="2147483647"/>
</pin_list>
<bind>
<opcode="writereq(1155) " fcode="writereq"/>
<opset="gmem2_addr_req/76 "/>
</bind>
</comp>

<comp id="181" class="1004" name="write_ln19_write_fu_181">
<pin_list>
<pin id="182" dir="0" index="0" bw="0" slack="0"/>
<pin id="183" dir="0" index="1" bw="256" slack="1"/>
<pin id="184" dir="0" index="2" bw="253" slack="0"/>
<pin id="185" dir="0" index="3" bw="1" slack="0"/>
<pin id="186" dir="1" index="4" bw="0" slack="2147483647"/>
</pin_list>
<bind>
<opcode="write(1151) " fcode="write"/>
<opset="write_ln19/77 "/>
</bind>
</comp>

<comp id="189" class="1004" name="grp_writeresp_fu_189">
<pin_list>
<pin id="190" dir="0" index="0" bw="1" slack="0"/>
<pin id="191" dir="0" index="1" bw="256" slack="2"/>
<pin id="192" dir="1" index="2" bw="1" slack="2147483647"/>
</pin_list>
<bind>
<opcode="writeresp(1158) " fcode="writeresp"/>
<opset="gmem2_addr_resp/78 "/>
</bind>
</comp>

<comp id="194" class="1004" name="trunc_ln_fu_194">
<pin_list>
<pin id="195" dir="0" index="0" bw="60" slack="0"/>
<pin id="196" dir="0" index="1" bw="64" slack="0"/>
<pin id="197" dir="0" index="2" bw="4" slack="0"/>
<pin id="198" dir="0" index="3" bw="7" slack="0"/>
<pin id="199" dir="1" index="4" bw="60" slack="1"/>
</pin_list>
<bind>
<opcode="partselect(1002) " fcode="partselect"/>
<opset="trunc_ln/1 "/>
</bind>
</comp>

<comp id="204" class="1004" name="trunc_ln15_1_fu_204">
<pin_list>
<pin id="205" dir="0" index="0" bw="60" slack="0"/>
<pin id="206" dir="0" index="1" bw="64" slack="0"/>
<pin id="207" dir="0" index="2" bw="4" slack="0"/>
<pin id="208" dir="0" index="3" bw="7" slack="0"/>
<pin id="209" dir="1" index="4" bw="60" slack="1"/>
</pin_list>
<bind>
<opcode="partselect(1002) " fcode="partselect"/>
<opset="trunc_ln15_1/1 "/>
</bind>
</comp>

<comp id="214" class="1004" name="store_ln0_store_fu_214">
<pin_list>
<pin id="215" dir="0" index="0" bw="1" slack="0"/>
<pin id="216" dir="0" index="1" bw="249" slack="0"/>
<pin id="217" dir="1" index="2" bw="0" slack="2147483647"/>
</pin_list>
<bind>
<opcode="store(28) " fcode="store"/>
<opset="store_ln0/1 "/>
</bind>
</comp>

<comp id="219" class="1004" name="store_ln0_store_fu_219">
<pin_list>
<pin id="220" dir="0" index="0" bw="1" slack="0"/>
<pin id="221" dir="0" index="1" bw="4" slack="0"/>
<pin id="222" dir="1" index="2" bw="0" slack="2147483647"/>
</pin_list>
<bind>
<opcode="store(28) " fcode="store"/>
<opset="store_ln0/1 "/>
</bind>
</comp>

<comp id="224" class="1004" name="sext_ln15_fu_224">
<pin_list>
<pin id="225" dir="0" index="0" bw="60" slack="1"/>
<pin id="226" dir="1" index="1" bw="64" slack="0"/>
</pin_list>
<bind>
<opcode="sext(35) " fcode="sext"/>
<opset="sext_ln15/2 "/>
</bind>
</comp>

<comp id="227" class="1004" name="gmem0_addr_fu_227">
<pin_list>
<pin id="228" dir="0" index="0" bw="64" slack="0"/>
<pin id="229" dir="0" index="1" bw="64" slack="0"/>
<pin id="230" dir="1" index="2" bw="64" slack="0"/>
</pin_list>
<bind>
<opcode="getelementptr(29) " fcode="getelementptr"/>
<opset="gmem0_addr/2 "/>
</bind>
</comp>

<comp id="234" class="1004" name="sext_ln15_1_fu_234">
<pin_list>
<pin id="235" dir="0" index="0" bw="60" slack="1"/>
<pin id="236" dir="1" index="1" bw="64" slack="0"/>
</pin_list>
<bind>
<opcode="sext(35) " fcode="sext"/>
<opset="sext_ln15_1/2 "/>
</bind>
</comp>

<comp id="237" class="1004" name="gmem1_addr_fu_237">
<pin_list>
<pin id="238" dir="0" index="0" bw="64" slack="0"/>
<pin id="239" dir="0" index="1" bw="64" slack="0"/>
<pin id="240" dir="1" index="2" bw="64" slack="0"/>
</pin_list>
<bind>
<opcode="getelementptr(29) " fcode="getelementptr"/>
<opset="gmem1_addr/2 "/>
</bind>
</comp>

<comp id="244" class="1004" name="store_ln15_store_fu_244">
<pin_list>
<pin id="245" dir="0" index="0" bw="128" slack="1"/>
<pin id="246" dir="0" index="1" bw="128" slack="73"/>
<pin id="247" dir="1" index="2" bw="0" slack="2147483647"/>
</pin_list>
<bind>
<opcode="store(28) " fcode="store"/>
<opset="store_ln15/74 "/>
</bind>
</comp>

<comp id="248" class="1004" name="store_ln15_store_fu_248">
<pin_list>
<pin id="249" dir="0" index="0" bw="128" slack="1"/>
<pin id="250" dir="0" index="1" bw="128" slack="73"/>
<pin id="251" dir="1" index="2" bw="0" slack="2147483647"/>
</pin_list>
<bind>
<opcode="store(28) " fcode="store"/>
<opset="store_ln15/74 "/>
</bind>
</comp>

<comp id="252" class="1004" name="i1_load_load_fu_252">
<pin_list>
<pin id="253" dir="0" index="0" bw="4" slack="74"/>
<pin id="254" dir="1" index="1" bw="4" slack="0"/>
</pin_list>
<bind>
<opcode="load(27) " fcode="load"/>
<opset="i1_load/75 "/>
</bind>
</comp>

<comp id="255" class="1004" name="shiftreg2_load_load_fu_255">
<pin_list>
<pin id="256" dir="0" index="0" bw="128" slack="74"/>
<pin id="257" dir="1" index="1" bw="128" slack="0"/>
</pin_list>
<bind>
<opcode="load(27) " fcode="load"/>
<opset="shiftreg2_load/75 "/>
</bind>
</comp>

<comp id="258" class="1004" name="shiftreg83_load_load_fu_258">
<pin_list>
<pin id="259" dir="0" index="0" bw="128" slack="74"/>
<pin id="260" dir="1" index="1" bw="128" slack="0"/>
</pin_list>
<bind>
<opcode="load(27) " fcode="load"/>
<opset="shiftreg83_load/75 "/>
</bind>
</comp>

<comp id="261" class="1004" name="shiftreg104_load_load_fu_261">
<pin_list>
<pin id="262" dir="0" index="0" bw="249" slack="74"/>
<pin id="263" dir="1" index="1" bw="249" slack="0"/>
</pin_list>
<bind>
<opcode="load(27) " fcode="load"/>
<opset="shiftreg104_load/75 "/>
</bind>
</comp>

<comp id="264" class="1004" name="trunc_ln17_fu_264">
<pin_list>
<pin id="265" dir="0" index="0" bw="128" slack="0"/>
<pin id="266" dir="1" index="1" bw="8" slack="0"/>
</pin_list>
<bind>
<opcode="trunc(33) " fcode="trunc"/>
<opset="trunc_ln17/75 "/>
</bind>
</comp>

<comp id="268" class="1004" name="lshr_ln_fu_268">
<pin_list>
<pin id="269" dir="0" index="0" bw="120" slack="0"/>
<pin id="270" dir="0" index="1" bw="128" slack="0"/>
<pin id="271" dir="0" index="2" bw="5" slack="0"/>
<pin id="272" dir="0" index="3" bw="8" slack="0"/>
<pin id="273" dir="1" index="4" bw="120" slack="0"/>
</pin_list>
<bind>
<opcode="partselect(1002) " fcode="partselect"/>
<opset="lshr_ln/75 "/>
</bind>
</comp>

<comp id="278" class="1004" name="zext_ln17_fu_278">
<pin_list>
<pin id="279" dir="0" index="0" bw="120" slack="0"/>
<pin id="280" dir="1" index="1" bw="128" slack="0"/>
</pin_list>
<bind>
<opcode="zext(34) " fcode="zext"/>
<opset="zext_ln17/75 "/>
</bind>
</comp>

<comp id="282" class="1004" name="sext_ln17_fu_282">
<pin_list>
<pin id="283" dir="0" index="0" bw="8" slack="0"/>
<pin id="284" dir="1" index="1" bw="9" slack="0"/>
</pin_list>
<bind>
<opcode="sext(35) " fcode="sext"/>
<opset="sext_ln17/75 "/>
</bind>
</comp>

<comp id="286" class="1004" name="trunc_ln17_1_fu_286">
<pin_list>
<pin id="287" dir="0" index="0" bw="128" slack="0"/>
<pin id="288" dir="1" index="1" bw="8" slack="0"/>
</pin_list>
<bind>
<opcode="trunc(33) " fcode="trunc"/>
<opset="trunc_ln17_1/75 "/>
</bind>
</comp>

<comp id="290" class="1004" name="lshr_ln17_1_fu_290">
<pin_list>
<pin id="291" dir="0" index="0" bw="120" slack="0"/>
<pin id="292" dir="0" index="1" bw="128" slack="0"/>
<pin id="293" dir="0" index="2" bw="5" slack="0"/>
<pin id="294" dir="0" index="3" bw="8" slack="0"/>
<pin id="295" dir="1" index="4" bw="120" slack="0"/>
</pin_list>
<bind>
<opcode="partselect(1002) " fcode="partselect"/>
<opset="lshr_ln17_1/75 "/>
</bind>
</comp>

<comp id="300" class="1004" name="zext_ln17_1_fu_300">
<pin_list>
<pin id="301" dir="0" index="0" bw="120" slack="0"/>
<pin id="302" dir="1" index="1" bw="128" slack="0"/>
</pin_list>
<bind>
<opcode="zext(34) " fcode="zext"/>
<opset="zext_ln17_1/75 "/>
</bind>
</comp>

<comp id="304" class="1004" name="sext_ln17_1_fu_304">
<pin_list>
<pin id="305" dir="0" index="0" bw="8" slack="0"/>
<pin id="306" dir="1" index="1" bw="9" slack="0"/>
</pin_list>
<bind>
<opcode="sext(35) " fcode="sext"/>
<opset="sext_ln17_1/75 "/>
</bind>
</comp>

<comp id="308" class="1004" name="add_ln17_fu_308">
<pin_list>
<pin id="309" dir="0" index="0" bw="8" slack="0"/>
<pin id="310" dir="0" index="1" bw="8" slack="0"/>
<pin id="311" dir="1" index="2" bw="9" slack="0"/>
</pin_list>
<bind>
<opcode="add(8) " fcode="add"/>
<opset="add_ln17/75 "/>
</bind>
</comp>

<comp id="314" class="1004" name="tmp_1_fu_314">
<pin_list>
<pin id="315" dir="0" index="0" bw="233" slack="0"/>
<pin id="316" dir="0" index="1" bw="249" slack="0"/>
<pin id="317" dir="0" index="2" bw="6" slack="0"/>
<pin id="318" dir="0" index="3" bw="9" slack="0"/>
<pin id="319" dir="1" index="4" bw="233" slack="0"/>
</pin_list>
<bind>
<opcode="partselect(1002) " fcode="partselect"/>
<opset="tmp_1/75 "/>
</bind>
</comp>

<comp id="324" class="1004" name="sext_ln17_2_fu_324">
<pin_list>
<pin id="325" dir="0" index="0" bw="233" slack="0"/>
<pin id="326" dir="1" index="1" bw="237" slack="0"/>
</pin_list>
<bind>
<opcode="sext(35) " fcode="sext"/>
<opset="sext_ln17_2/75 "/>
</bind>
</comp>

<comp id="328" class="1004" name="tmp_fu_328">
<pin_list>
<pin id="329" dir="0" index="0" bw="249" slack="0"/>
<pin id="330" dir="0" index="1" bw="9" slack="0"/>
<pin id="331" dir="0" index="2" bw="1" slack="0"/>
<pin id="332" dir="0" index="3" bw="233" slack="0"/>
<pin id="333" dir="1" index="4" bw="249" slack="0"/>
</pin_list>
<bind>
<opcode="bitconcatenate(1004) " fcode="bitconcatenate"/>
<opset="tmp/75 "/>
</bind>
</comp>

<comp id="338" class="1004" name="i_fu_338">
<pin_list>
<pin id="339" dir="0" index="0" bw="4" slack="0"/>
<pin id="340" dir="0" index="1" bw="1" slack="0"/>
<pin id="341" dir="1" index="2" bw="4" slack="0"/>
</pin_list>
<bind>
<opcode="add(8) " fcode="add"/>
<opset="i/75 "/>
</bind>
</comp>

<comp id="344" class="1004" name="icmp_ln15_fu_344">
<pin_list>
<pin id="345" dir="0" index="0" bw="4" slack="0"/>
<pin id="346" dir="0" index="1" bw="4" slack="0"/>
<pin id="347" dir="1" index="2" bw="1" slack="2147483647"/>
</pin_list>
<bind>
<opcode="icmp(45) " fcode="icmp"/>
<opset="icmp_ln15/75 "/>
</bind>
</comp>

<comp id="350" class="1004" name="store_ln17_store_fu_350">
<pin_list>
<pin id="351" dir="0" index="0" bw="249" slack="0"/>
<pin id="352" dir="0" index="1" bw="249" slack="74"/>
<pin id="353" dir="1" index="2" bw="0" slack="2147483647"/>
</pin_list>
<bind>
<opcode="store(28) " fcode="store"/>
<opset="store_ln17/75 "/>
</bind>
</comp>

<comp id="355" class="1004" name="store_ln17_store_fu_355">
<pin_list>
<pin id="356" dir="0" index="0" bw="120" slack="0"/>
<pin id="357" dir="0" index="1" bw="128" slack="74"/>
<pin id="358" dir="1" index="2" bw="0" slack="2147483647"/>
</pin_list>
<bind>
<opcode="store(28) " fcode="store"/>
<opset="store_ln17/75 "/>
</bind>
</comp>

<comp id="360" class="1004" name="store_ln17_store_fu_360">
<pin_list>
<pin id="361" dir="0" index="0" bw="120" slack="0"/>
<pin id="362" dir="0" index="1" bw="128" slack="74"/>
<pin id="363" dir="1" index="2" bw="0" slack="2147483647"/>
</pin_list>
<bind>
<opcode="store(28) " fcode="store"/>
<opset="store_ln17/75 "/>
</bind>
</comp>

<comp id="365" class="1004" name="store_ln15_store_fu_365">
<pin_list>
<pin id="366" dir="0" index="0" bw="4" slack="0"/>
<pin id="367" dir="0" index="1" bw="4" slack="74"/>
<pin id="368" dir="1" index="2" bw="0" slack="2147483647"/>
</pin_list>
<bind>
<opcode="store(28) " fcode="store"/>
<opset="store_ln15/75 "/>
</bind>
</comp>

<comp id="370" class="1004" name="trunc_ln1_fu_370">
<pin_list>
<pin id="371" dir="0" index="0" bw="59" slack="0"/>
<pin id="372" dir="0" index="1" bw="64" slack="75"/>
<pin id="373" dir="0" index="2" bw="4" slack="0"/>
<pin id="374" dir="0" index="3" bw="7" slack="0"/>
<pin id="375" dir="1" index="4" bw="59" slack="0"/>
</pin_list>
<bind>
<opcode="partselect(1002) " fcode="partselect"/>
<opset="trunc_ln1/76 "/>
</bind>
</comp>

<comp id="379" class="1004" name="sext_ln19_fu_379">
<pin_list>
<pin id="380" dir="0" index="0" bw="59" slack="0"/>
<pin id="381" dir="1" index="1" bw="64" slack="0"/>
</pin_list>
<bind>
<opcode="sext(35) " fcode="sext"/>
<opset="sext_ln19/76 "/>
</bind>
</comp>

<comp id="383" class="1004" name="gmem2_addr_fu_383">
<pin_list>
<pin id="384" dir="0" index="0" bw="64" slack="0"/>
<pin id="385" dir="0" index="1" bw="64" slack="0"/>
<pin id="386" dir="1" index="2" bw="64" slack="0"/>
</pin_list>
<bind>
<opcode="getelementptr(29) " fcode="getelementptr"/>
<opset="gmem2_addr/76 "/>
</bind>
</comp>

<comp id="390" class="1004" name="sext_ln15_2_fu_390">
<pin_list>
<pin id="391" dir="0" index="0" bw="249" slack="2"/>
<pin id="392" dir="1" index="1" bw="253" slack="0"/>
</pin_list>
<bind>
<opcode="sext(35) " fcode="sext"/>
<opset="sext_ln15_2/77 "/>
</bind>
</comp>

<comp id="393" class="1004" name="zext_ln15_fu_393">
<pin_list>
<pin id="394" dir="0" index="0" bw="249" slack="0"/>
<pin id="395" dir="1" index="1" bw="256" slack="0"/>
</pin_list>
<bind>
<opcode="zext(34) " fcode="zext"/>
<opset="zext_ln15/77 "/>
</bind>
</comp>

<comp id="398" class="1005" name="i1_reg_398">
<pin_list>
<pin id="399" dir="0" index="0" bw="4" slack="0"/>
<pin id="400" dir="1" index="1" bw="4" slack="0"/>
</pin_list>
<bind>
<opset="i1 "/>
</bind>
</comp>

<comp id="405" class="1005" name="shiftreg2_reg_405">
<pin_list>
<pin id="406" dir="0" index="0" bw="128" slack="73"/>
<pin id="407" dir="1" index="1" bw="128" slack="73"/>
</pin_list>
<bind>
<opset="shiftreg2 "/>
</bind>
</comp>

<comp id="412" class="1005" name="shiftreg83_reg_412">
<pin_list>
<pin id="413" dir="0" index="0" bw="128" slack="73"/>
<pin id="414" dir="1" index="1" bw="128" slack="73"/>
</pin_list>
<bind>
<opset="shiftreg83 "/>
</bind>
</comp>

<comp id="419" class="1005" name="shiftreg104_reg_419">
<pin_list>
<pin id="420" dir="0" index="0" bw="249" slack="0"/>
<pin id="421" dir="1" index="1" bw="249" slack="0"/>
</pin_list>
<bind>
<opset="shiftreg104 "/>
</bind>
</comp>

<comp id="426" class="1005" name="c_read_reg_426">
<pin_list>
<pin id="427" dir="0" index="0" bw="64" slack="75"/>
<pin id="428" dir="1" index="1" bw="64" slack="75"/>
</pin_list>
<bind>
<opset="c_read "/>
</bind>
</comp>

<comp id="431" class="1005" name="trunc_ln_reg_431">
<pin_list>
<pin id="432" dir="0" index="0" bw="60" slack="1"/>
<pin id="433" dir="1" index="1" bw="60" slack="1"/>
</pin_list>
<bind>
<opset="trunc_ln "/>
</bind>
</comp>

<comp id="436" class="1005" name="trunc_ln15_1_reg_436">
<pin_list>
<pin id="437" dir="0" index="0" bw="60" slack="1"/>
<pin id="438" dir="1" index="1" bw="60" slack="1"/>
</pin_list>
<bind>
<opset="trunc_ln15_1 "/>
</bind>
</comp>

<comp id="441" class="1005" name="gmem0_addr_reg_441">
<pin_list>
<pin id="442" dir="0" index="0" bw="128" slack="1"/>
<pin id="443" dir="1" index="1" bw="128" slack="1"/>
</pin_list>
<bind>
<opset="gmem0_addr "/>
</bind>
</comp>

<comp id="447" class="1005" name="gmem1_addr_reg_447">
<pin_list>
<pin id="448" dir="0" index="0" bw="128" slack="1"/>
<pin id="449" dir="1" index="1" bw="128" slack="1"/>
</pin_list>
<bind>
<opset="gmem1_addr "/>
</bind>
</comp>

<comp id="453" class="1005" name="gmem0_addr_read_reg_453">
<pin_list>
<pin id="454" dir="0" index="0" bw="128" slack="1"/>
<pin id="455" dir="1" index="1" bw="128" slack="1"/>
</pin_list>
<bind>
<opset="gmem0_addr_read "/>
</bind>
</comp>

<comp id="458" class="1005" name="gmem1_addr_read_reg_458">
<pin_list>
<pin id="459" dir="0" index="0" bw="128" slack="1"/>
<pin id="460" dir="1" index="1" bw="128" slack="1"/>
</pin_list>
<bind>
<opset="gmem1_addr_read "/>
</bind>
</comp>

<comp id="463" class="1005" name="tmp_reg_463">
<pin_list>
<pin id="464" dir="0" index="0" bw="249" slack="2"/>
<pin id="465" dir="1" index="1" bw="249" slack="2"/>
</pin_list>
<bind>
<opset="tmp "/>
</bind>
</comp>

<comp id="471" class="1005" name="gmem2_addr_reg_471">
<pin_list>
<pin id="472" dir="0" index="0" bw="256" slack="1"/>
<pin id="473" dir="1" index="1" bw="256" slack="1"/>
</pin_list>
<bind>
<opset="gmem2_addr "/>
</bind>
</comp>

</comp_list>

<net_list>
<net id="119"><net_src comp="12" pin="0"/><net_sink comp="116" pin=0"/></net>

<net id="123"><net_src comp="12" pin="0"/><net_sink comp="120" pin=0"/></net>

<net id="127"><net_src comp="12" pin="0"/><net_sink comp="124" pin=0"/></net>

<net id="131"><net_src comp="12" pin="0"/><net_sink comp="128" pin=0"/></net>

<net id="136"><net_src comp="14" pin="0"/><net_sink comp="132" pin=0"/></net>

<net id="137"><net_src comp="10" pin="0"/><net_sink comp="132" pin=1"/></net>

<net id="142"><net_src comp="14" pin="0"/><net_sink comp="138" pin=0"/></net>

<net id="143"><net_src comp="8" pin="0"/><net_sink comp="138" pin=1"/></net>

<net id="148"><net_src comp="14" pin="0"/><net_sink comp="144" pin=0"/></net>

<net id="149"><net_src comp="6" pin="0"/><net_sink comp="144" pin=1"/></net>

<net id="155"><net_src comp="26" pin="0"/><net_sink comp="150" pin=0"/></net>

<net id="156"><net_src comp="28" pin="0"/><net_sink comp="150" pin=2"/></net>

<net id="162"><net_src comp="26" pin="0"/><net_sink comp="157" pin=0"/></net>

<net id="163"><net_src comp="28" pin="0"/><net_sink comp="157" pin=2"/></net>

<net id="168"><net_src comp="30" pin="0"/><net_sink comp="164" pin=0"/></net>

<net id="173"><net_src comp="30" pin="0"/><net_sink comp="169" pin=0"/></net>

<net id="179"><net_src comp="110" pin="0"/><net_sink comp="174" pin=0"/></net>

<net id="180"><net_src comp="28" pin="0"/><net_sink comp="174" pin=2"/></net>

<net id="187"><net_src comp="112" pin="0"/><net_sink comp="181" pin=0"/></net>

<net id="188"><net_src comp="44" pin="0"/><net_sink comp="181" pin=3"/></net>

<net id="193"><net_src comp="114" pin="0"/><net_sink comp="189" pin=0"/></net>

<net id="200"><net_src comp="16" pin="0"/><net_sink comp="194" pin=0"/></net>

<net id="201"><net_src comp="144" pin="2"/><net_sink comp="194" pin=1"/></net>

<net id="202"><net_src comp="18" pin="0"/><net_sink comp="194" pin=2"/></net>

<net id="203"><net_src comp="20" pin="0"/><net_sink comp="194" pin=3"/></net>

<net id="210"><net_src comp="16" pin="0"/><net_sink comp="204" pin=0"/></net>

<net id="211"><net_src comp="138" pin="2"/><net_sink comp="204" pin=1"/></net>

<net id="212"><net_src comp="18" pin="0"/><net_sink comp="204" pin=2"/></net>

<net id="213"><net_src comp="20" pin="0"/><net_sink comp="204" pin=3"/></net>

<net id="218"><net_src comp="22" pin="0"/><net_sink comp="214" pin=0"/></net>

<net id="223"><net_src comp="24" pin="0"/><net_sink comp="219" pin=0"/></net>

<net id="231"><net_src comp="0" pin="0"/><net_sink comp="227" pin=0"/></net>

<net id="232"><net_src comp="224" pin="1"/><net_sink comp="227" pin=1"/></net>

<net id="233"><net_src comp="227" pin="2"/><net_sink comp="150" pin=1"/></net>

<net id="241"><net_src comp="2" pin="0"/><net_sink comp="237" pin=0"/></net>

<net id="242"><net_src comp="234" pin="1"/><net_sink comp="237" pin=1"/></net>

<net id="243"><net_src comp="237" pin="2"/><net_sink comp="157" pin=1"/></net>

<net id="267"><net_src comp="255" pin="1"/><net_sink comp="264" pin=0"/></net>

<net id="274"><net_src comp="88" pin="0"/><net_sink comp="268" pin=0"/></net>

<net id="275"><net_src comp="255" pin="1"/><net_sink comp="268" pin=1"/></net>

<net id="276"><net_src comp="90" pin="0"/><net_sink comp="268" pin=2"/></net>

<net id="277"><net_src comp="92" pin="0"/><net_sink comp="268" pin=3"/></net>

<net id="281"><net_src comp="268" pin="4"/><net_sink comp="278" pin=0"/></net>

<net id="285"><net_src comp="264" pin="1"/><net_sink comp="282" pin=0"/></net>

<net id="289"><net_src comp="258" pin="1"/><net_sink comp="286" pin=0"/></net>

<net id="296"><net_src comp="88" pin="0"/><net_sink comp="290" pin=0"/></net>

<net id="297"><net_src comp="258" pin="1"/><net_sink comp="290" pin=1"/></net>

<net id="298"><net_src comp="90" pin="0"/><net_sink comp="290" pin=2"/></net>

<net id="299"><net_src comp="92" pin="0"/><net_sink comp="290" pin=3"/></net>

<net id="303"><net_src comp="290" pin="4"/><net_sink comp="300" pin=0"/></net>

<net id="307"><net_src comp="286" pin="1"/><net_sink comp="304" pin=0"/></net>

<net id="312"><net_src comp="304" pin="1"/><net_sink comp="308" pin=0"/></net>

<net id="313"><net_src comp="282" pin="1"/><net_sink comp="308" pin=1"/></net>

<net id="320"><net_src comp="94" pin="0"/><net_sink comp="314" pin=0"/></net>

<net id="321"><net_src comp="261" pin="1"/><net_sink comp="314" pin=1"/></net>

<net id="322"><net_src comp="54" pin="0"/><net_sink comp="314" pin=2"/></net>

<net id="323"><net_src comp="96" pin="0"/><net_sink comp="314" pin=3"/></net>

<net id="327"><net_src comp="314" pin="4"/><net_sink comp="324" pin=0"/></net>

<net id="334"><net_src comp="98" pin="0"/><net_sink comp="328" pin=0"/></net>

<net id="335"><net_src comp="308" pin="2"/><net_sink comp="328" pin=1"/></net>

<net id="336"><net_src comp="100" pin="0"/><net_sink comp="328" pin=2"/></net>

<net id="337"><net_src comp="324" pin="1"/><net_sink comp="328" pin=3"/></net>

<net id="342"><net_src comp="252" pin="1"/><net_sink comp="338" pin=0"/></net>

<net id="343"><net_src comp="102" pin="0"/><net_sink comp="338" pin=1"/></net>

<net id="348"><net_src comp="252" pin="1"/><net_sink comp="344" pin=0"/></net>

<net id="349"><net_src comp="104" pin="0"/><net_sink comp="344" pin=1"/></net>

<net id="354"><net_src comp="328" pin="4"/><net_sink comp="350" pin=0"/></net>

<net id="359"><net_src comp="300" pin="1"/><net_sink comp="355" pin=0"/></net>

<net id="364"><net_src comp="278" pin="1"/><net_sink comp="360" pin=0"/></net>

<net id="369"><net_src comp="338" pin="2"/><net_sink comp="365" pin=0"/></net>

<net id="376"><net_src comp="106" pin="0"/><net_sink comp="370" pin=0"/></net>

<net id="377"><net_src comp="108" pin="0"/><net_sink comp="370" pin=2"/></net>

<net id="378"><net_src comp="20" pin="0"/><net_sink comp="370" pin=3"/></net>

<net id="382"><net_src comp="370" pin="4"/><net_sink comp="379" pin=0"/></net>

<net id="387"><net_src comp="4" pin="0"/><net_sink comp="383" pin=0"/></net>

<net id="388"><net_src comp="379" pin="1"/><net_sink comp="383" pin=1"/></net>

<net id="389"><net_src comp="383" pin="2"/><net_sink comp="174" pin=1"/></net>

<net id="396"><net_src comp="390" pin="1"/><net_sink comp="393" pin=0"/></net>

<net id="397"><net_src comp="393" pin="1"/><net_sink comp="181" pin=2"/></net>

<net id="401"><net_src comp="116" pin="1"/><net_sink comp="398" pin=0"/></net>

<net id="402"><net_src comp="398" pin="1"/><net_sink comp="219" pin=1"/></net>

<net id="403"><net_src comp="398" pin="1"/><net_sink comp="252" pin=0"/></net>

<net id="404"><net_src comp="398" pin="1"/><net_sink comp="365" pin=1"/></net>

<net id="408"><net_src comp="120" pin="1"/><net_sink comp="405" pin=0"/></net>

<net id="409"><net_src comp="405" pin="1"/><net_sink comp="248" pin=1"/></net>

<net id="410"><net_src comp="405" pin="1"/><net_sink comp="255" pin=0"/></net>

<net id="411"><net_src comp="405" pin="1"/><net_sink comp="360" pin=1"/></net>

<net id="415"><net_src comp="124" pin="1"/><net_sink comp="412" pin=0"/></net>

<net id="416"><net_src comp="412" pin="1"/><net_sink comp="244" pin=1"/></net>

<net id="417"><net_src comp="412" pin="1"/><net_sink comp="258" pin=0"/></net>

<net id="418"><net_src comp="412" pin="1"/><net_sink comp="355" pin=1"/></net>

<net id="422"><net_src comp="128" pin="1"/><net_sink comp="419" pin=0"/></net>

<net id="423"><net_src comp="419" pin="1"/><net_sink comp="214" pin=1"/></net>

<net id="424"><net_src comp="419" pin="1"/><net_sink comp="261" pin=0"/></net>

<net id="425"><net_src comp="419" pin="1"/><net_sink comp="350" pin=1"/></net>

<net id="429"><net_src comp="132" pin="2"/><net_sink comp="426" pin=0"/></net>

<net id="430"><net_src comp="426" pin="1"/><net_sink comp="370" pin=1"/></net>

<net id="434"><net_src comp="194" pin="4"/><net_sink comp="431" pin=0"/></net>

<net id="435"><net_src comp="431" pin="1"/><net_sink comp="224" pin=0"/></net>

<net id="439"><net_src comp="204" pin="4"/><net_sink comp="436" pin=0"/></net>

<net id="440"><net_src comp="436" pin="1"/><net_sink comp="234" pin=0"/></net>

<net id="444"><net_src comp="227" pin="2"/><net_sink comp="441" pin=0"/></net>

<net id="445"><net_src comp="441" pin="1"/><net_sink comp="150" pin=1"/></net>

<net id="446"><net_src comp="441" pin="1"/><net_sink comp="164" pin=1"/></net>

<net id="450"><net_src comp="237" pin="2"/><net_sink comp="447" pin=0"/></net>

<net id="451"><net_src comp="447" pin="1"/><net_sink comp="157" pin=1"/></net>

<net id="452"><net_src comp="447" pin="1"/><net_sink comp="169" pin=1"/></net>

<net id="456"><net_src comp="164" pin="2"/><net_sink comp="453" pin=0"/></net>

<net id="457"><net_src comp="453" pin="1"/><net_sink comp="248" pin=0"/></net>

<net id="461"><net_src comp="169" pin="2"/><net_sink comp="458" pin=0"/></net>

<net id="462"><net_src comp="458" pin="1"/><net_sink comp="244" pin=0"/></net>

<net id="466"><net_src comp="328" pin="4"/><net_sink comp="463" pin=0"/></net>

<net id="467"><net_src comp="463" pin="1"/><net_sink comp="390" pin=0"/></net>

<net id="474"><net_src comp="383" pin="2"/><net_sink comp="471" pin=0"/></net>

<net id="475"><net_src comp="471" pin="1"/><net_sink comp="181" pin=1"/></net>

<net id="476"><net_src comp="471" pin="1"/><net_sink comp="189" pin=1"/></net>

</net_list>

</model> 
---------------- Datapath Model END ------------------

* FSMD analyzer results:
  - Output states:
	Port: gmem2 | {76 77 78 79 80 81 82 83 84 85 86 87 88 89 90 91 92 93 94 95 96 97 98 99 100 101 102 103 104 105 106 107 108 109 110 111 112 113 114 115 116 117 118 119 120 121 122 123 124 125 126 127 128 129 130 131 132 133 134 135 136 137 138 139 140 141 142 143 144 145 }
 - Input state : 
	Port: kernel : gmem0 | {2 3 4 5 6 7 8 9 10 11 12 13 14 15 16 17 18 19 20 21 22 23 24 25 26 27 28 29 30 31 32 33 34 35 36 37 38 39 40 41 42 43 44 45 46 47 48 49 50 51 52 53 54 55 56 57 58 59 60 61 62 63 64 65 66 67 68 69 70 71 72 73 }
	Port: kernel : gmem1 | {2 3 4 5 6 7 8 9 10 11 12 13 14 15 16 17 18 19 20 21 22 23 24 25 26 27 28 29 30 31 32 33 34 35 36 37 38 39 40 41 42 43 44 45 46 47 48 49 50 51 52 53 54 55 56 57 58 59 60 61 62 63 64 65 66 67 68 69 70 71 72 73 }
	Port: kernel : a | {1 }
	Port: kernel : b | {1 }
	Port: kernel : c | {1 }
  - Chain level:
	State 1
		store_ln0 : 1
		store_ln0 : 1
	State 2
		gmem0_addr : 1
		gmem0_load_req : 2
		gmem1_addr : 1
		gmem1_load_req : 2
	State 3
	State 4
	State 5
	State 6
	State 7
	State 8
	State 9
	State 10
	State 11
	State 12
	State 13
	State 14
	State 15
	State 16
	State 17
	State 18
	State 19
	State 20
	State 21
	State 22
	State 23
	State 24
	State 25
	State 26
	State 27
	State 28
	State 29
	State 30
	State 31
	State 32
	State 33
	State 34
	State 35
	State 36
	State 37
	State 38
	State 39
	State 40
	State 41
	State 42
	State 43
	State 44
	State 45
	State 46
	State 47
	State 48
	State 49
	State 50
	State 51
	State 52
	State 53
	State 54
	State 55
	State 56
	State 57
	State 58
	State 59
	State 60
	State 61
	State 62
	State 63
	State 64
	State 65
	State 66
	State 67
	State 68
	State 69
	State 70
	State 71
	State 72
	State 73
	State 74
	State 75
		trunc_ln17 : 1
		lshr_ln : 1
		zext_ln17 : 2
		sext_ln17 : 2
		trunc_ln17_1 : 1
		lshr_ln17_1 : 1
		zext_ln17_1 : 2
		sext_ln17_1 : 2
		add_ln17 : 3
		tmp_1 : 1
		sext_ln17_2 : 2
		tmp : 4
		i : 1
		icmp_ln15 : 1
		store_ln17 : 5
		store_ln17 : 3
		store_ln17 : 3
		store_ln15 : 2
		br_ln15 : 2
	State 76
		sext_ln19 : 1
		gmem2_addr : 2
		gmem2_addr_req : 3
	State 77
		zext_ln15 : 1
		write_ln19 : 2
	State 78
	State 79
	State 80
	State 81
	State 82
	State 83
	State 84
	State 85
	State 86
	State 87
	State 88
	State 89
	State 90
	State 91
	State 92
	State 93
	State 94
	State 95
	State 96
	State 97
	State 98
	State 99
	State 100
	State 101
	State 102
	State 103
	State 104
	State 105
	State 106
	State 107
	State 108
	State 109
	State 110
	State 111
	State 112
	State 113
	State 114
	State 115
	State 116
	State 117
	State 118
	State 119
	State 120
	State 121
	State 122
	State 123
	State 124
	State 125
	State 126
	State 127
	State 128
	State 129
	State 130
	State 131
	State 132
	State 133
	State 134
	State 135
	State 136
	State 137
	State 138
	State 139
	State 140
	State 141
	State 142
	State 143
	State 144
	State 145


============================================================
+ Verbose Summary: Datapath Resource usage 
============================================================

* Functional unit list:
|----------|--------------------------------|---------|---------|
| Operation|         Functional Unit        |    FF   |   LUT   |
|----------|--------------------------------|---------|---------|
|    add   |         add_ln17_fu_308        |    0    |    15   |
|          |            i_fu_338            |    0    |    12   |
|----------|--------------------------------|---------|---------|
|   icmp   |        icmp_ln15_fu_344        |    0    |    12   |
|----------|--------------------------------|---------|---------|
|          |       c_read_read_fu_132       |    0    |    0    |
|          |       b_read_read_fu_138       |    0    |    0    |
|   read   |       a_read_read_fu_144       |    0    |    0    |
|          |   gmem0_addr_read_read_fu_164  |    0    |    0    |
|          |   gmem1_addr_read_read_fu_169  |    0    |    0    |
|----------|--------------------------------|---------|---------|
|  readreq |       grp_readreq_fu_150       |    0    |    0    |
|          |       grp_readreq_fu_157       |    0    |    0    |
|----------|--------------------------------|---------|---------|
| writereq | gmem2_addr_req_writereq_fu_174 |    0    |    0    |
|----------|--------------------------------|---------|---------|
|   write  |     write_ln19_write_fu_181    |    0    |    0    |
|----------|--------------------------------|---------|---------|
| writeresp|      grp_writeresp_fu_189      |    0    |    0    |
|----------|--------------------------------|---------|---------|
|          |         trunc_ln_fu_194        |    0    |    0    |
|          |       trunc_ln15_1_fu_204      |    0    |    0    |
|partselect|         lshr_ln_fu_268         |    0    |    0    |
|          |       lshr_ln17_1_fu_290       |    0    |    0    |
|          |          tmp_1_fu_314          |    0    |    0    |
|          |        trunc_ln1_fu_370        |    0    |    0    |
|----------|--------------------------------|---------|---------|
|          |        sext_ln15_fu_224        |    0    |    0    |
|          |       sext_ln15_1_fu_234       |    0    |    0    |
|          |        sext_ln17_fu_282        |    0    |    0    |
|   sext   |       sext_ln17_1_fu_304       |    0    |    0    |
|          |       sext_ln17_2_fu_324       |    0    |    0    |
|          |        sext_ln19_fu_379        |    0    |    0    |
|          |       sext_ln15_2_fu_390       |    0    |    0    |
|----------|--------------------------------|---------|---------|
|   trunc  |        trunc_ln17_fu_264       |    0    |    0    |
|          |       trunc_ln17_1_fu_286      |    0    |    0    |
|----------|--------------------------------|---------|---------|
|          |        zext_ln17_fu_278        |    0    |    0    |
|   zext   |       zext_ln17_1_fu_300       |    0    |    0    |
|          |        zext_ln15_fu_393        |    0    |    0    |
|----------|--------------------------------|---------|---------|
|bitconcatenate|           tmp_fu_328           |    0    |    0    |
|----------|--------------------------------|---------|---------|
|   Total  |                                |    0    |    39   |
|----------|--------------------------------|---------|---------|

Memories:
N/A

* Register list:
+-----------------------+--------+
|                       |   FF   |
+-----------------------+--------+
|     c_read_reg_426    |   64   |
|gmem0_addr_read_reg_453|   128  |
|   gmem0_addr_reg_441  |   128  |
|gmem1_addr_read_reg_458|   128  |
|   gmem1_addr_reg_447  |   128  |
|   gmem2_addr_reg_471  |   256  |
|       i1_reg_398      |    4   |
|  shiftreg104_reg_419  |   249  |
|   shiftreg2_reg_405   |   128  |
|   shiftreg83_reg_412  |   128  |
|      tmp_reg_463      |   249  |
|  trunc_ln15_1_reg_436 |   60   |
|    trunc_ln_reg_431   |   60   |
+-----------------------+--------+
|         Total         |  1710  |
+-----------------------+--------+

* Multiplexer (MUX) list: 
|--------------------|------|------|------|--------||---------||---------||---------|
|        Comp        |  Pin | Size |  BW  | S x BW ||  Delay  ||    FF   ||   LUT   |
|--------------------|------|------|------|--------||---------||---------||---------|
| grp_readreq_fu_150 |  p1  |   2  |  128 |   256  ||    0    ||    9    |
| grp_readreq_fu_157 |  p1  |   2  |  128 |   256  ||    0    ||    9    |
|--------------------|------|------|------|--------||---------||---------||---------|
|        Total       |      |      |      |   512  ||  0.774  ||    0    ||    18   |
|--------------------|------|------|------|--------||---------||---------||---------|



* Summary:
+-----------+--------+--------+--------+
|           |  Delay |   FF   |   LUT  |
+-----------+--------+--------+--------+
|  Function |    -   |    0   |   39   |
|   Memory  |    -   |    -   |    -   |
|Multiplexer|    0   |    0   |   18   |
|  Register |    -   |  1710  |    -   |
+-----------+--------+--------+--------+
|   Total   |    0   |  1710  |   57   |
+-----------+--------+--------+--------+
