

================================================================
== Vitis HLS Report for 'kernel'
================================================================
* Date:           Thu Mar 19 04:11:10 2026

* Version:        2025.1 (Build 6135595 on May 21 2025)
* Project:        work
* Solution:       hls (Vitis Kernel Flow Target)
* Product family: virtexuplus
* Target device:  xcu200-fsgd2104-2-e


================================================================
== Performance Estimates
================================================================
+ Timing: 
    * Summary: 
    +--------+---------+----------+------------+
    |  Clock |  Target | Estimated| Uncertainty|
    +--------+---------+----------+------------+
    |ap_clk  |  5.00 ns|  3.650 ns|     1.35 ns|
    +--------+---------+----------+------------+

+ Latency: 
    * Summary: 
    +---------+---------+----------+----------+-----+-----+---------+
    |  Latency (cycles) |  Latency (absolute) |  Interval | Pipeline|
    |   min   |   max   |    min   |    max   | min | max |   Type  |
    +---------+---------+----------+----------+-----+-----+---------+
    |      145|      145|  0.725 us|  0.725 us|  146|  146|       no|
    +---------+---------+----------+----------+-----+-----+---------+

    + Detail: 
        * Instance: 
        N/A

        * Loop: 
        +-------------+---------+---------+----------+-----------+-----------+------+----------+
        |             |  Latency (cycles) | Iteration|  Initiation Interval  | Trip |          |
        |  Loop Name  |   min   |   max   |  Latency |  achieved |   target  | Count| Pipelined|
        +-------------+---------+---------+----------+-----------+-----------+------+----------+
        |- loop_main  |        1|        1|         1|          1|          2|     2|       yes|
        +-------------+---------+---------+----------+-----------+-----------+------+----------+

============================================================
+ Verbose Summary: Synthesis Manager
============================================================
InlineROM: 1
ExposeGlobal: 0
============================================================
+ Verbose Summary: CDFG Model
============================================================
IsTopModel: 1
ResetActiveHigh: 1
IsCombinational: 0
IsDatapathOnly: 0
HasWiredReturn: 1
HasMFsm: 2
HasVarLatency: 1
IsPipeline: 0
IsRtlPipelined: 0
IsInstanceOverlapped: 0
IsDontTouch: 0
HasImplIP: 0
IsGatedGlobalClock: 0

+ Individual pipeline summary: 
  * Pipeline-0: initiation interval (II) = 1, depth = 1


============================================================
+ Verbose Summary: Schedule
============================================================
* Number of FSM states : 145
* Pipeline : 1
  Pipeline-0 : II = 1, D = 1, States = { 75 }
* Dataflow Pipeline: 0

* FSM state transitions: 
1 --> 2 
2 --> 3 
3 --> 4 
4 --> 5 
5 --> 6 
6 --> 7 
7 --> 8 
8 --> 9 
9 --> 10 
10 --> 11 
11 --> 12 
12 --> 13 
13 --> 14 
14 --> 15 
15 --> 16 
16 --> 17 
17 --> 18 
18 --> 19 
19 --> 20 
20 --> 21 
21 --> 22 
22 --> 23 
23 --> 24 
24 --> 25 
25 --> 26 
26 --> 27 
27 --> 28 
28 --> 29 
29 --> 30 
30 --> 31 
31 --> 32 
32 --> 33 
33 --> 34 
34 --> 35 
35 --> 36 
36 --> 37 
37 --> 38 
38 --> 39 
39 --> 40 
40 --> 41 
41 --> 42 
42 --> 43 
43 --> 44 
44 --> 45 
45 --> 46 
46 --> 47 
47 --> 48 
48 --> 49 
49 --> 50 
50 --> 51 
51 --> 52 
52 --> 53 
53 --> 54 
54 --> 55 
55 --> 56 
56 --> 57 
57 --> 58 
58 --> 59 
59 --> 60 
60 --> 61 
61 --> 62 
62 --> 63 
63 --> 64 
64 --> 65 
65 --> 66 
66 --> 67 
67 --> 68 
68 --> 69 
69 --> 70 
70 --> 71 
71 --> 72 
72 --> 73 
73 --> 74 
74 --> 75 
75 --> 76 75 
76 --> 77 
77 --> 78 
78 --> 79 
79 --> 80 
80 --> 81 
81 --> 82 
82 --> 83 
83 --> 84 
84 --> 85 
85 --> 86 
86 --> 87 
87 --> 88 
88 --> 89 
89 --> 90 
90 --> 91 
91 --> 92 
92 --> 93 
93 --> 94 
94 --> 95 
95 --> 96 
96 --> 97 
97 --> 98 
98 --> 99 
99 --> 100 
100 --> 101 
101 --> 102 
102 --> 103 
103 --> 104 
104 --> 105 
105 --> 106 
106 --> 107 
107 --> 108 
108 --> 109 
109 --> 110 
110 --> 111 
111 --> 112 
112 --> 113 
113 --> 114 
114 --> 115 
115 --> 116 
116 --> 117 
117 --> 118 
118 --> 119 
119 --> 120 
120 --> 121 
121 --> 122 
122 --> 123 
123 --> 124 
124 --> 125 
125 --> 126 
126 --> 127 
127 --> 128 
128 --> 129 
129 --> 130 
130 --> 131 
131 --> 132 
132 --> 133 
133 --> 134 
134 --> 135 
135 --> 136 
136 --> 137 
137 --> 138 
138 --> 139 
139 --> 140 
140 --> 141 
141 --> 142 
142 --> 143 
143 --> 144 
144 --> 145 
145 --> 

* FSM state operations: 

State 1 <SV = 0> <Delay = 1.00>
ST_1 : Operation 146 [1/1] (0.00ns)   --->   "%i1 = alloca i32 1"   --->   Operation 146 'alloca' 'i1' <Predicate = true> <Delay = 0.00>
ST_1 : Operation 147 [1/1] (0.00ns)   --->   "%shiftreg2 = alloca i32 1"   --->   Operation 147 'alloca' 'shiftreg2' <Predicate = true> <Delay = 0.00>
ST_1 : Operation 148 [1/1] (0.00ns)   --->   "%shiftreg323 = alloca i32 1"   --->   Operation 148 'alloca' 'shiftreg323' <Predicate = true> <Delay = 0.00>
ST_1 : Operation 149 [1/1] (0.00ns)   --->   "%shiftreg344 = alloca i32 1"   --->   Operation 149 'alloca' 'shiftreg344' <Predicate = true> <Delay = 0.00>
ST_1 : Operation 150 [1/1] (0.00ns)   --->   "%shiftreg365 = alloca i32 1"   --->   Operation 150 'alloca' 'shiftreg365' <Predicate = true> <Delay = 0.00>
ST_1 : Operation 151 [1/1] (0.00ns)   --->   "%shiftreg386 = alloca i32 1"   --->   Operation 151 'alloca' 'shiftreg386' <Predicate = true> <Delay = 0.00>
ST_1 : Operation 152 [1/1] (0.00ns)   --->   "%shiftreg407 = alloca i32 1"   --->   Operation 152 'alloca' 'shiftreg407' <Predicate = true> <Delay = 0.00>
ST_1 : Operation 153 [1/1] (0.00ns)   --->   "%shiftreg428 = alloca i32 1"   --->   Operation 153 'alloca' 'shiftreg428' <Predicate = true> <Delay = 0.00>
ST_1 : Operation 154 [1/1] (0.00ns)   --->   "%shiftreg449 = alloca i32 1"   --->   Operation 154 'alloca' 'shiftreg449' <Predicate = true> <Delay = 0.00>
ST_1 : Operation 155 [1/1] (0.00ns)   --->   "%shiftreg4610 = alloca i32 1"   --->   Operation 155 'alloca' 'shiftreg4610' <Predicate = true> <Delay = 0.00>
ST_1 : Operation 156 [1/1] (0.00ns)   --->   "%shiftreg4811 = alloca i32 1"   --->   Operation 156 'alloca' 'shiftreg4811' <Predicate = true> <Delay = 0.00>
ST_1 : Operation 157 [1/1] (0.00ns)   --->   "%shiftreg5012 = alloca i32 1"   --->   Operation 157 'alloca' 'shiftreg5012' <Predicate = true> <Delay = 0.00>
ST_1 : Operation 158 [1/1] (0.00ns)   --->   "%shiftreg5213 = alloca i32 1"   --->   Operation 158 'alloca' 'shiftreg5213' <Predicate = true> <Delay = 0.00>
ST_1 : Operation 159 [1/1] (0.00ns)   --->   "%shiftreg5414 = alloca i32 1"   --->   Operation 159 'alloca' 'shiftreg5414' <Predicate = true> <Delay = 0.00>
ST_1 : Operation 160 [1/1] (0.00ns)   --->   "%shiftreg5615 = alloca i32 1"   --->   Operation 160 'alloca' 'shiftreg5615' <Predicate = true> <Delay = 0.00>
ST_1 : Operation 161 [1/1] (0.00ns)   --->   "%shiftreg5816 = alloca i32 1"   --->   Operation 161 'alloca' 'shiftreg5816' <Predicate = true> <Delay = 0.00>
ST_1 : Operation 162 [1/1] (0.00ns)   --->   "%shiftreg6017 = alloca i32 1"   --->   Operation 162 'alloca' 'shiftreg6017' <Predicate = true> <Delay = 0.00>
ST_1 : Operation 163 [1/1] (0.00ns)   --->   "%shiftreg6218 = alloca i32 1"   --->   Operation 163 'alloca' 'shiftreg6218' <Predicate = true> <Delay = 0.00>
ST_1 : Operation 164 [1/1] (0.00ns)   --->   "%shiftreg6420 = alloca i32 1"   --->   Operation 164 'alloca' 'shiftreg6420' <Predicate = true> <Delay = 0.00>
ST_1 : Operation 165 [1/1] (0.00ns)   --->   "%shiftreg6622 = alloca i32 1"   --->   Operation 165 'alloca' 'shiftreg6622' <Predicate = true> <Delay = 0.00>
ST_1 : Operation 166 [1/1] (0.00ns)   --->   "%shiftreg6824 = alloca i32 1"   --->   Operation 166 'alloca' 'shiftreg6824' <Predicate = true> <Delay = 0.00>
ST_1 : Operation 167 [1/1] (0.00ns)   --->   "%shiftreg7026 = alloca i32 1"   --->   Operation 167 'alloca' 'shiftreg7026' <Predicate = true> <Delay = 0.00>
ST_1 : Operation 168 [1/1] (0.00ns)   --->   "%shiftreg7228 = alloca i32 1"   --->   Operation 168 'alloca' 'shiftreg7228' <Predicate = true> <Delay = 0.00>
ST_1 : Operation 169 [1/1] (0.00ns)   --->   "%shiftreg7430 = alloca i32 1"   --->   Operation 169 'alloca' 'shiftreg7430' <Predicate = true> <Delay = 0.00>
ST_1 : Operation 170 [1/1] (0.00ns)   --->   "%shiftreg7632 = alloca i32 1"   --->   Operation 170 'alloca' 'shiftreg7632' <Predicate = true> <Delay = 0.00>
ST_1 : Operation 171 [1/1] (1.00ns)   --->   "%c_7_read = read i64 @_ssdm_op_Read.s_axilite.i64, i64 %c_7" [kernel.cpp:5]   --->   Operation 171 'read' 'c_7_read' <Predicate = true> <Delay = 1.00> <CoreInst = "s_axilite">   --->   Core 120 's_axilite' <Latency = 0> <II = 1> <Delay = 1.00> <Adapter> <Opcode : 'read' 'write'>
ST_1 : Operation 172 [1/1] (1.00ns)   --->   "%c_6_read = read i64 @_ssdm_op_Read.s_axilite.i64, i64 %c_6" [kernel.cpp:5]   --->   Operation 172 'read' 'c_6_read' <Predicate = true> <Delay = 1.00> <CoreInst = "s_axilite">   --->   Core 120 's_axilite' <Latency = 0> <II = 1> <Delay = 1.00> <Adapter> <Opcode : 'read' 'write'>
ST_1 : Operation 173 [1/1] (1.00ns)   --->   "%c_5_read = read i64 @_ssdm_op_Read.s_axilite.i64, i64 %c_5" [kernel.cpp:5]   --->   Operation 173 'read' 'c_5_read' <Predicate = true> <Delay = 1.00> <CoreInst = "s_axilite">   --->   Core 120 's_axilite' <Latency = 0> <II = 1> <Delay = 1.00> <Adapter> <Opcode : 'read' 'write'>
ST_1 : Operation 174 [1/1] (1.00ns)   --->   "%c_4_read = read i64 @_ssdm_op_Read.s_axilite.i64, i64 %c_4" [kernel.cpp:5]   --->   Operation 174 'read' 'c_4_read' <Predicate = true> <Delay = 1.00> <CoreInst = "s_axilite">   --->   Core 120 's_axilite' <Latency = 0> <II = 1> <Delay = 1.00> <Adapter> <Opcode : 'read' 'write'>
ST_1 : Operation 175 [1/1] (1.00ns)   --->   "%c_3_read = read i64 @_ssdm_op_Read.s_axilite.i64, i64 %c_3" [kernel.cpp:5]   --->   Operation 175 'read' 'c_3_read' <Predicate = true> <Delay = 1.00> <CoreInst = "s_axilite">   --->   Core 120 's_axilite' <Latency = 0> <II = 1> <Delay = 1.00> <Adapter> <Opcode : 'read' 'write'>
ST_1 : Operation 176 [1/1] (1.00ns)   --->   "%c_2_read = read i64 @_ssdm_op_Read.s_axilite.i64, i64 %c_2" [kernel.cpp:5]   --->   Operation 176 'read' 'c_2_read' <Predicate = true> <Delay = 1.00> <CoreInst = "s_axilite">   --->   Core 120 's_axilite' <Latency = 0> <II = 1> <Delay = 1.00> <Adapter> <Opcode : 'read' 'write'>
ST_1 : Operation 177 [1/1] (1.00ns)   --->   "%c_1_read = read i64 @_ssdm_op_Read.s_axilite.i64, i64 %c_1" [kernel.cpp:5]   --->   Operation 177 'read' 'c_1_read' <Predicate = true> <Delay = 1.00> <CoreInst = "s_axilite">   --->   Core 120 's_axilite' <Latency = 0> <II = 1> <Delay = 1.00> <Adapter> <Opcode : 'read' 'write'>
ST_1 : Operation 178 [1/1] (1.00ns)   --->   "%c_0_read = read i64 @_ssdm_op_Read.s_axilite.i64, i64 %c_0" [kernel.cpp:5]   --->   Operation 178 'read' 'c_0_read' <Predicate = true> <Delay = 1.00> <CoreInst = "s_axilite">   --->   Core 120 's_axilite' <Latency = 0> <II = 1> <Delay = 1.00> <Adapter> <Opcode : 'read' 'write'>
ST_1 : Operation 179 [1/1] (1.00ns)   --->   "%b_7_read = read i64 @_ssdm_op_Read.s_axilite.i64, i64 %b_7" [kernel.cpp:5]   --->   Operation 179 'read' 'b_7_read' <Predicate = true> <Delay = 1.00> <CoreInst = "s_axilite">   --->   Core 120 's_axilite' <Latency = 0> <II = 1> <Delay = 1.00> <Adapter> <Opcode : 'read' 'write'>
ST_1 : Operation 180 [1/1] (1.00ns)   --->   "%b_6_read = read i64 @_ssdm_op_Read.s_axilite.i64, i64 %b_6" [kernel.cpp:5]   --->   Operation 180 'read' 'b_6_read' <Predicate = true> <Delay = 1.00> <CoreInst = "s_axilite">   --->   Core 120 's_axilite' <Latency = 0> <II = 1> <Delay = 1.00> <Adapter> <Opcode : 'read' 'write'>
ST_1 : Operation 181 [1/1] (1.00ns)   --->   "%b_5_read = read i64 @_ssdm_op_Read.s_axilite.i64, i64 %b_5" [kernel.cpp:5]   --->   Operation 181 'read' 'b_5_read' <Predicate = true> <Delay = 1.00> <CoreInst = "s_axilite">   --->   Core 120 's_axilite' <Latency = 0> <II = 1> <Delay = 1.00> <Adapter> <Opcode : 'read' 'write'>
ST_1 : Operation 182 [1/1] (1.00ns)   --->   "%b_4_read = read i64 @_ssdm_op_Read.s_axilite.i64, i64 %b_4" [kernel.cpp:5]   --->   Operation 182 'read' 'b_4_read' <Predicate = true> <Delay = 1.00> <CoreInst = "s_axilite">   --->   Core 120 's_axilite' <Latency = 0> <II = 1> <Delay = 1.00> <Adapter> <Opcode : 'read' 'write'>
ST_1 : Operation 183 [1/1] (1.00ns)   --->   "%b_3_read = read i64 @_ssdm_op_Read.s_axilite.i64, i64 %b_3" [kernel.cpp:5]   --->   Operation 183 'read' 'b_3_read' <Predicate = true> <Delay = 1.00> <CoreInst = "s_axilite">   --->   Core 120 's_axilite' <Latency = 0> <II = 1> <Delay = 1.00> <Adapter> <Opcode : 'read' 'write'>
ST_1 : Operation 184 [1/1] (1.00ns)   --->   "%b_2_read = read i64 @_ssdm_op_Read.s_axilite.i64, i64 %b_2" [kernel.cpp:5]   --->   Operation 184 'read' 'b_2_read' <Predicate = true> <Delay = 1.00> <CoreInst = "s_axilite">   --->   Core 120 's_axilite' <Latency = 0> <II = 1> <Delay = 1.00> <Adapter> <Opcode : 'read' 'write'>
ST_1 : Operation 185 [1/1] (1.00ns)   --->   "%b_1_read = read i64 @_ssdm_op_Read.s_axilite.i64, i64 %b_1" [kernel.cpp:5]   --->   Operation 185 'read' 'b_1_read' <Predicate = true> <Delay = 1.00> <CoreInst = "s_axilite">   --->   Core 120 's_axilite' <Latency = 0> <II = 1> <Delay = 1.00> <Adapter> <Opcode : 'read' 'write'>
ST_1 : Operation 186 [1/1] (1.00ns)   --->   "%b_0_read = read i64 @_ssdm_op_Read.s_axilite.i64, i64 %b_0" [kernel.cpp:5]   --->   Operation 186 'read' 'b_0_read' <Predicate = true> <Delay = 1.00> <CoreInst = "s_axilite">   --->   Core 120 's_axilite' <Latency = 0> <II = 1> <Delay = 1.00> <Adapter> <Opcode : 'read' 'write'>
ST_1 : Operation 187 [1/1] (1.00ns)   --->   "%a_7_read = read i64 @_ssdm_op_Read.s_axilite.i64, i64 %a_7" [kernel.cpp:5]   --->   Operation 187 'read' 'a_7_read' <Predicate = true> <Delay = 1.00> <CoreInst = "s_axilite">   --->   Core 120 's_axilite' <Latency = 0> <II = 1> <Delay = 1.00> <Adapter> <Opcode : 'read' 'write'>
ST_1 : Operation 188 [1/1] (1.00ns)   --->   "%a_6_read = read i64 @_ssdm_op_Read.s_axilite.i64, i64 %a_6" [kernel.cpp:5]   --->   Operation 188 'read' 'a_6_read' <Predicate = true> <Delay = 1.00> <CoreInst = "s_axilite">   --->   Core 120 's_axilite' <Latency = 0> <II = 1> <Delay = 1.00> <Adapter> <Opcode : 'read' 'write'>
ST_1 : Operation 189 [1/1] (1.00ns)   --->   "%a_5_read = read i64 @_ssdm_op_Read.s_axilite.i64, i64 %a_5" [kernel.cpp:5]   --->   Operation 189 'read' 'a_5_read' <Predicate = true> <Delay = 1.00> <CoreInst = "s_axilite">   --->   Core 120 's_axilite' <Latency = 0> <II = 1> <Delay = 1.00> <Adapter> <Opcode : 'read' 'write'>
ST_1 : Operation 190 [1/1] (1.00ns)   --->   "%a_4_read = read i64 @_ssdm_op_Read.s_axilite.i64, i64 %a_4" [kernel.cpp:5]   --->   Operation 190 'read' 'a_4_read' <Predicate = true> <Delay = 1.00> <CoreInst = "s_axilite">   --->   Core 120 's_axilite' <Latency = 0> <II = 1> <Delay = 1.00> <Adapter> <Opcode : 'read' 'write'>
ST_1 : Operation 191 [1/1] (1.00ns)   --->   "%a_3_read = read i64 @_ssdm_op_Read.s_axilite.i64, i64 %a_3" [kernel.cpp:5]   --->   Operation 191 'read' 'a_3_read' <Predicate = true> <Delay = 1.00> <CoreInst = "s_axilite">   --->   Core 120 's_axilite' <Latency = 0> <II = 1> <Delay = 1.00> <Adapter> <Opcode : 'read' 'write'>
ST_1 : Operation 192 [1/1] (1.00ns)   --->   "%a_2_read = read i64 @_ssdm_op_Read.s_axilite.i64, i64 %a_2" [kernel.cpp:5]   --->   Operation 192 'read' 'a_2_read' <Predicate = true> <Delay = 1.00> <CoreInst = "s_axilite">   --->   Core 120 's_axilite' <Latency = 0> <II = 1> <Delay = 1.00> <Adapter> <Opcode : 'read' 'write'>
ST_1 : Operation 193 [1/1] (1.00ns)   --->   "%a_1_read = read i64 @_ssdm_op_Read.s_axilite.i64, i64 %a_1" [kernel.cpp:5]   --->   Operation 193 'read' 'a_1_read' <Predicate = true> <Delay = 1.00> <CoreInst = "s_axilite">   --->   Core 120 's_axilite' <Latency = 0> <II = 1> <Delay = 1.00> <Adapter> <Opcode : 'read' 'write'>
ST_1 : Operation 194 [1/1] (1.00ns)   --->   "%a_0_read = read i64 @_ssdm_op_Read.s_axilite.i64, i64 %a_0" [kernel.cpp:5]   --->   Operation 194 'read' 'a_0_read' <Predicate = true> <Delay = 1.00> <CoreInst = "s_axilite">   --->   Core 120 's_axilite' <Latency = 0> <II = 1> <Delay = 1.00> <Adapter> <Opcode : 'read' 'write'>
ST_1 : Operation 195 [1/1] (0.00ns)   --->   "%trunc_ln = partselect i63 @_ssdm_op_PartSelect.i63.i64.i32.i32, i64 %a_0_read, i32 1, i32 63" [kernel.cpp:18]   --->   Operation 195 'partselect' 'trunc_ln' <Predicate = true> <Delay = 0.00>
ST_1 : Operation 196 [1/1] (0.00ns)   --->   "%sext_ln18 = sext i63 %trunc_ln" [kernel.cpp:18]   --->   Operation 196 'sext' 'sext_ln18' <Predicate = true> <Delay = 0.00>
ST_1 : Operation 197 [1/1] (0.00ns)   --->   "%gmem0_0_addr = getelementptr i16 %gmem0_0, i64 %sext_ln18" [kernel.cpp:18]   --->   Operation 197 'getelementptr' 'gmem0_0_addr' <Predicate = true> <Delay = 0.00>
ST_1 : Operation 198 [1/1] (0.00ns)   --->   "%trunc_ln18_1 = partselect i63 @_ssdm_op_PartSelect.i63.i64.i32.i32, i64 %b_0_read, i32 1, i32 63" [kernel.cpp:18]   --->   Operation 198 'partselect' 'trunc_ln18_1' <Predicate = true> <Delay = 0.00>
ST_1 : Operation 199 [1/1] (0.00ns)   --->   "%sext_ln18_1 = sext i63 %trunc_ln18_1" [kernel.cpp:18]   --->   Operation 199 'sext' 'sext_ln18_1' <Predicate = true> <Delay = 0.00>
ST_1 : Operation 200 [1/1] (0.00ns)   --->   "%gmem1_0_addr = getelementptr i16 %gmem1_0, i64 %sext_ln18_1" [kernel.cpp:18]   --->   Operation 200 'getelementptr' 'gmem1_0_addr' <Predicate = true> <Delay = 0.00>
ST_1 : Operation 201 [1/1] (0.00ns)   --->   "%trunc_ln18_2 = partselect i63 @_ssdm_op_PartSelect.i63.i64.i32.i32, i64 %a_1_read, i32 1, i32 63" [kernel.cpp:18]   --->   Operation 201 'partselect' 'trunc_ln18_2' <Predicate = true> <Delay = 0.00>
ST_1 : Operation 202 [1/1] (0.00ns)   --->   "%sext_ln18_2 = sext i63 %trunc_ln18_2" [kernel.cpp:18]   --->   Operation 202 'sext' 'sext_ln18_2' <Predicate = true> <Delay = 0.00>
ST_1 : Operation 203 [1/1] (0.00ns)   --->   "%gmem0_1_addr = getelementptr i16 %gmem0_1, i64 %sext_ln18_2" [kernel.cpp:18]   --->   Operation 203 'getelementptr' 'gmem0_1_addr' <Predicate = true> <Delay = 0.00>
ST_1 : Operation 204 [1/1] (0.00ns)   --->   "%trunc_ln18_3 = partselect i63 @_ssdm_op_PartSelect.i63.i64.i32.i32, i64 %a_2_read, i32 1, i32 63" [kernel.cpp:18]   --->   Operation 204 'partselect' 'trunc_ln18_3' <Predicate = true> <Delay = 0.00>
ST_1 : Operation 205 [1/1] (0.00ns)   --->   "%sext_ln18_3 = sext i63 %trunc_ln18_3" [kernel.cpp:18]   --->   Operation 205 'sext' 'sext_ln18_3' <Predicate = true> <Delay = 0.00>
ST_1 : Operation 206 [1/1] (0.00ns)   --->   "%gmem0_2_addr = getelementptr i16 %gmem0_2, i64 %sext_ln18_3" [kernel.cpp:18]   --->   Operation 206 'getelementptr' 'gmem0_2_addr' <Predicate = true> <Delay = 0.00>
ST_1 : Operation 207 [1/1] (0.00ns)   --->   "%trunc_ln18_4 = partselect i63 @_ssdm_op_PartSelect.i63.i64.i32.i32, i64 %a_3_read, i32 1, i32 63" [kernel.cpp:18]   --->   Operation 207 'partselect' 'trunc_ln18_4' <Predicate = true> <Delay = 0.00>
ST_1 : Operation 208 [1/1] (0.00ns)   --->   "%sext_ln18_4 = sext i63 %trunc_ln18_4" [kernel.cpp:18]   --->   Operation 208 'sext' 'sext_ln18_4' <Predicate = true> <Delay = 0.00>
ST_1 : Operation 209 [1/1] (0.00ns)   --->   "%gmem0_3_addr = getelementptr i16 %gmem0_3, i64 %sext_ln18_4" [kernel.cpp:18]   --->   Operation 209 'getelementptr' 'gmem0_3_addr' <Predicate = true> <Delay = 0.00>
ST_1 : Operation 210 [1/1] (0.00ns)   --->   "%trunc_ln18_5 = partselect i63 @_ssdm_op_PartSelect.i63.i64.i32.i32, i64 %a_4_read, i32 1, i32 63" [kernel.cpp:18]   --->   Operation 210 'partselect' 'trunc_ln18_5' <Predicate = true> <Delay = 0.00>
ST_1 : Operation 211 [1/1] (0.00ns)   --->   "%sext_ln18_5 = sext i63 %trunc_ln18_5" [kernel.cpp:18]   --->   Operation 211 'sext' 'sext_ln18_5' <Predicate = true> <Delay = 0.00>
ST_1 : Operation 212 [1/1] (0.00ns)   --->   "%gmem0_4_addr = getelementptr i16 %gmem0_4, i64 %sext_ln18_5" [kernel.cpp:18]   --->   Operation 212 'getelementptr' 'gmem0_4_addr' <Predicate = true> <Delay = 0.00>
ST_1 : Operation 213 [1/1] (0.00ns)   --->   "%trunc_ln18_6 = partselect i63 @_ssdm_op_PartSelect.i63.i64.i32.i32, i64 %a_5_read, i32 1, i32 63" [kernel.cpp:18]   --->   Operation 213 'partselect' 'trunc_ln18_6' <Predicate = true> <Delay = 0.00>
ST_1 : Operation 214 [1/1] (0.00ns)   --->   "%sext_ln18_6 = sext i63 %trunc_ln18_6" [kernel.cpp:18]   --->   Operation 214 'sext' 'sext_ln18_6' <Predicate = true> <Delay = 0.00>
ST_1 : Operation 215 [1/1] (0.00ns)   --->   "%gmem0_5_addr = getelementptr i16 %gmem0_5, i64 %sext_ln18_6" [kernel.cpp:18]   --->   Operation 215 'getelementptr' 'gmem0_5_addr' <Predicate = true> <Delay = 0.00>
ST_1 : Operation 216 [1/1] (0.00ns)   --->   "%trunc_ln18_7 = partselect i63 @_ssdm_op_PartSelect.i63.i64.i32.i32, i64 %a_6_read, i32 1, i32 63" [kernel.cpp:18]   --->   Operation 216 'partselect' 'trunc_ln18_7' <Predicate = true> <Delay = 0.00>
ST_1 : Operation 217 [1/1] (0.00ns)   --->   "%sext_ln18_7 = sext i63 %trunc_ln18_7" [kernel.cpp:18]   --->   Operation 217 'sext' 'sext_ln18_7' <Predicate = true> <Delay = 0.00>
ST_1 : Operation 218 [1/1] (0.00ns)   --->   "%gmem0_6_addr = getelementptr i16 %gmem0_6, i64 %sext_ln18_7" [kernel.cpp:18]   --->   Operation 218 'getelementptr' 'gmem0_6_addr' <Predicate = true> <Delay = 0.00>
ST_1 : Operation 219 [1/1] (0.00ns)   --->   "%trunc_ln18_8 = partselect i63 @_ssdm_op_PartSelect.i63.i64.i32.i32, i64 %a_7_read, i32 1, i32 63" [kernel.cpp:18]   --->   Operation 219 'partselect' 'trunc_ln18_8' <Predicate = true> <Delay = 0.00>
ST_1 : Operation 220 [1/1] (0.00ns)   --->   "%sext_ln18_8 = sext i63 %trunc_ln18_8" [kernel.cpp:18]   --->   Operation 220 'sext' 'sext_ln18_8' <Predicate = true> <Delay = 0.00>
ST_1 : Operation 221 [1/1] (0.00ns)   --->   "%gmem0_7_addr = getelementptr i16 %gmem0_7, i64 %sext_ln18_8" [kernel.cpp:18]   --->   Operation 221 'getelementptr' 'gmem0_7_addr' <Predicate = true> <Delay = 0.00>
ST_1 : Operation 222 [1/1] (0.00ns)   --->   "%trunc_ln18_9 = partselect i63 @_ssdm_op_PartSelect.i63.i64.i32.i32, i64 %b_1_read, i32 1, i32 63" [kernel.cpp:18]   --->   Operation 222 'partselect' 'trunc_ln18_9' <Predicate = true> <Delay = 0.00>
ST_1 : Operation 223 [1/1] (0.00ns)   --->   "%sext_ln18_9 = sext i63 %trunc_ln18_9" [kernel.cpp:18]   --->   Operation 223 'sext' 'sext_ln18_9' <Predicate = true> <Delay = 0.00>
ST_1 : Operation 224 [1/1] (0.00ns)   --->   "%gmem1_1_addr = getelementptr i16 %gmem1_1, i64 %sext_ln18_9" [kernel.cpp:18]   --->   Operation 224 'getelementptr' 'gmem1_1_addr' <Predicate = true> <Delay = 0.00>
ST_1 : Operation 225 [1/1] (0.00ns)   --->   "%trunc_ln18_s = partselect i63 @_ssdm_op_PartSelect.i63.i64.i32.i32, i64 %b_2_read, i32 1, i32 63" [kernel.cpp:18]   --->   Operation 225 'partselect' 'trunc_ln18_s' <Predicate = true> <Delay = 0.00>
ST_1 : Operation 226 [1/1] (0.00ns)   --->   "%sext_ln18_10 = sext i63 %trunc_ln18_s" [kernel.cpp:18]   --->   Operation 226 'sext' 'sext_ln18_10' <Predicate = true> <Delay = 0.00>
ST_1 : Operation 227 [1/1] (0.00ns)   --->   "%gmem1_2_addr = getelementptr i16 %gmem1_2, i64 %sext_ln18_10" [kernel.cpp:18]   --->   Operation 227 'getelementptr' 'gmem1_2_addr' <Predicate = true> <Delay = 0.00>
ST_1 : Operation 228 [1/1] (0.00ns)   --->   "%trunc_ln18_10 = partselect i63 @_ssdm_op_PartSelect.i63.i64.i32.i32, i64 %b_3_read, i32 1, i32 63" [kernel.cpp:18]   --->   Operation 228 'partselect' 'trunc_ln18_10' <Predicate = true> <Delay = 0.00>
ST_1 : Operation 229 [1/1] (0.00ns)   --->   "%sext_ln18_11 = sext i63 %trunc_ln18_10" [kernel.cpp:18]   --->   Operation 229 'sext' 'sext_ln18_11' <Predicate = true> <Delay = 0.00>
ST_1 : Operation 230 [1/1] (0.00ns)   --->   "%gmem1_3_addr = getelementptr i16 %gmem1_3, i64 %sext_ln18_11" [kernel.cpp:18]   --->   Operation 230 'getelementptr' 'gmem1_3_addr' <Predicate = true> <Delay = 0.00>
ST_1 : Operation 231 [1/1] (0.00ns)   --->   "%trunc_ln18_11 = partselect i63 @_ssdm_op_PartSelect.i63.i64.i32.i32, i64 %b_4_read, i32 1, i32 63" [kernel.cpp:18]   --->   Operation 231 'partselect' 'trunc_ln18_11' <Predicate = true> <Delay = 0.00>
ST_1 : Operation 232 [1/1] (0.00ns)   --->   "%sext_ln18_12 = sext i63 %trunc_ln18_11" [kernel.cpp:18]   --->   Operation 232 'sext' 'sext_ln18_12' <Predicate = true> <Delay = 0.00>
ST_1 : Operation 233 [1/1] (0.00ns)   --->   "%gmem1_4_addr = getelementptr i16 %gmem1_4, i64 %sext_ln18_12" [kernel.cpp:18]   --->   Operation 233 'getelementptr' 'gmem1_4_addr' <Predicate = true> <Delay = 0.00>
ST_1 : Operation 234 [1/1] (0.00ns)   --->   "%trunc_ln18_12 = partselect i63 @_ssdm_op_PartSelect.i63.i64.i32.i32, i64 %b_5_read, i32 1, i32 63" [kernel.cpp:18]   --->   Operation 234 'partselect' 'trunc_ln18_12' <Predicate = true> <Delay = 0.00>
ST_1 : Operation 235 [1/1] (0.00ns)   --->   "%sext_ln18_13 = sext i63 %trunc_ln18_12" [kernel.cpp:18]   --->   Operation 235 'sext' 'sext_ln18_13' <Predicate = true> <Delay = 0.00>
ST_1 : Operation 236 [1/1] (0.00ns)   --->   "%gmem1_5_addr = getelementptr i16 %gmem1_5, i64 %sext_ln18_13" [kernel.cpp:18]   --->   Operation 236 'getelementptr' 'gmem1_5_addr' <Predicate = true> <Delay = 0.00>
ST_1 : Operation 237 [1/1] (0.00ns)   --->   "%trunc_ln18_13 = partselect i63 @_ssdm_op_PartSelect.i63.i64.i32.i32, i64 %b_6_read, i32 1, i32 63" [kernel.cpp:18]   --->   Operation 237 'partselect' 'trunc_ln18_13' <Predicate = true> <Delay = 0.00>
ST_1 : Operation 238 [1/1] (0.00ns)   --->   "%sext_ln18_14 = sext i63 %trunc_ln18_13" [kernel.cpp:18]   --->   Operation 238 'sext' 'sext_ln18_14' <Predicate = true> <Delay = 0.00>
ST_1 : Operation 239 [1/1] (0.00ns)   --->   "%gmem1_6_addr = getelementptr i16 %gmem1_6, i64 %sext_ln18_14" [kernel.cpp:18]   --->   Operation 239 'getelementptr' 'gmem1_6_addr' <Predicate = true> <Delay = 0.00>
ST_1 : Operation 240 [1/1] (0.00ns)   --->   "%trunc_ln18_14 = partselect i63 @_ssdm_op_PartSelect.i63.i64.i32.i32, i64 %b_7_read, i32 1, i32 63" [kernel.cpp:18]   --->   Operation 240 'partselect' 'trunc_ln18_14' <Predicate = true> <Delay = 0.00>
ST_1 : Operation 241 [1/1] (0.00ns)   --->   "%sext_ln18_15 = sext i63 %trunc_ln18_14" [kernel.cpp:18]   --->   Operation 241 'sext' 'sext_ln18_15' <Predicate = true> <Delay = 0.00>
ST_1 : Operation 242 [1/1] (0.00ns)   --->   "%gmem1_7_addr = getelementptr i16 %gmem1_7, i64 %sext_ln18_15" [kernel.cpp:18]   --->   Operation 242 'getelementptr' 'gmem1_7_addr' <Predicate = true> <Delay = 0.00>
ST_1 : Operation 243 [1/1] (0.00ns)   --->   "%p_cast = partselect i62 @_ssdm_op_PartSelect.i62.i64.i32.i32, i64 %c_7_read, i32 2, i32 63" [kernel.cpp:5]   --->   Operation 243 'partselect' 'p_cast' <Predicate = true> <Delay = 0.00>
ST_1 : Operation 244 [1/1] (0.00ns)   --->   "%p_cast_cast = sext i62 %p_cast" [kernel.cpp:5]   --->   Operation 244 'sext' 'p_cast_cast' <Predicate = true> <Delay = 0.00>
ST_1 : Operation 245 [1/1] (0.00ns)   --->   "%gmem2_7_addr = getelementptr i32 %gmem2_7, i64 %p_cast_cast" [kernel.cpp:5]   --->   Operation 245 'getelementptr' 'gmem2_7_addr' <Predicate = true> <Delay = 0.00>
ST_1 : Operation 246 [1/1] (0.00ns)   --->   "%p_cast1 = partselect i62 @_ssdm_op_PartSelect.i62.i64.i32.i32, i64 %c_6_read, i32 2, i32 63" [kernel.cpp:5]   --->   Operation 246 'partselect' 'p_cast1' <Predicate = true> <Delay = 0.00>
ST_1 : Operation 247 [1/1] (0.00ns)   --->   "%p_cast1_cast = sext i62 %p_cast1" [kernel.cpp:5]   --->   Operation 247 'sext' 'p_cast1_cast' <Predicate = true> <Delay = 0.00>
ST_1 : Operation 248 [1/1] (0.00ns)   --->   "%gmem2_6_addr = getelementptr i32 %gmem2_6, i64 %p_cast1_cast" [kernel.cpp:5]   --->   Operation 248 'getelementptr' 'gmem2_6_addr' <Predicate = true> <Delay = 0.00>
ST_1 : Operation 249 [1/1] (0.00ns)   --->   "%p_cast2 = partselect i62 @_ssdm_op_PartSelect.i62.i64.i32.i32, i64 %c_5_read, i32 2, i32 63" [kernel.cpp:5]   --->   Operation 249 'partselect' 'p_cast2' <Predicate = true> <Delay = 0.00>
ST_1 : Operation 250 [1/1] (0.00ns)   --->   "%p_cast2_cast = sext i62 %p_cast2" [kernel.cpp:5]   --->   Operation 250 'sext' 'p_cast2_cast' <Predicate = true> <Delay = 0.00>
ST_1 : Operation 251 [1/1] (0.00ns)   --->   "%gmem2_5_addr = getelementptr i32 %gmem2_5, i64 %p_cast2_cast" [kernel.cpp:5]   --->   Operation 251 'getelementptr' 'gmem2_5_addr' <Predicate = true> <Delay = 0.00>
ST_1 : Operation 252 [1/1] (0.00ns)   --->   "%p_cast3 = partselect i62 @_ssdm_op_PartSelect.i62.i64.i32.i32, i64 %c_4_read, i32 2, i32 63" [kernel.cpp:5]   --->   Operation 252 'partselect' 'p_cast3' <Predicate = true> <Delay = 0.00>
ST_1 : Operation 253 [1/1] (0.00ns)   --->   "%p_cast3_cast = sext i62 %p_cast3" [kernel.cpp:5]   --->   Operation 253 'sext' 'p_cast3_cast' <Predicate = true> <Delay = 0.00>
ST_1 : Operation 254 [1/1] (0.00ns)   --->   "%gmem2_4_addr = getelementptr i32 %gmem2_4, i64 %p_cast3_cast" [kernel.cpp:5]   --->   Operation 254 'getelementptr' 'gmem2_4_addr' <Predicate = true> <Delay = 0.00>
ST_1 : Operation 255 [1/1] (0.00ns)   --->   "%p_cast4 = partselect i62 @_ssdm_op_PartSelect.i62.i64.i32.i32, i64 %c_3_read, i32 2, i32 63" [kernel.cpp:5]   --->   Operation 255 'partselect' 'p_cast4' <Predicate = true> <Delay = 0.00>
ST_1 : Operation 256 [1/1] (0.00ns)   --->   "%p_cast4_cast = sext i62 %p_cast4" [kernel.cpp:5]   --->   Operation 256 'sext' 'p_cast4_cast' <Predicate = true> <Delay = 0.00>
ST_1 : Operation 257 [1/1] (0.00ns)   --->   "%gmem2_3_addr = getelementptr i32 %gmem2_3, i64 %p_cast4_cast" [kernel.cpp:5]   --->   Operation 257 'getelementptr' 'gmem2_3_addr' <Predicate = true> <Delay = 0.00>
ST_1 : Operation 258 [1/1] (0.00ns)   --->   "%p_cast5 = partselect i62 @_ssdm_op_PartSelect.i62.i64.i32.i32, i64 %c_2_read, i32 2, i32 63" [kernel.cpp:5]   --->   Operation 258 'partselect' 'p_cast5' <Predicate = true> <Delay = 0.00>
ST_1 : Operation 259 [1/1] (0.00ns)   --->   "%p_cast5_cast = sext i62 %p_cast5" [kernel.cpp:5]   --->   Operation 259 'sext' 'p_cast5_cast' <Predicate = true> <Delay = 0.00>
ST_1 : Operation 260 [1/1] (0.00ns)   --->   "%gmem2_2_addr = getelementptr i32 %gmem2_2, i64 %p_cast5_cast" [kernel.cpp:5]   --->   Operation 260 'getelementptr' 'gmem2_2_addr' <Predicate = true> <Delay = 0.00>
ST_1 : Operation 261 [1/1] (0.00ns)   --->   "%p_cast6 = partselect i62 @_ssdm_op_PartSelect.i62.i64.i32.i32, i64 %c_1_read, i32 2, i32 63" [kernel.cpp:5]   --->   Operation 261 'partselect' 'p_cast6' <Predicate = true> <Delay = 0.00>
ST_1 : Operation 262 [1/1] (0.00ns)   --->   "%p_cast6_cast = sext i62 %p_cast6" [kernel.cpp:5]   --->   Operation 262 'sext' 'p_cast6_cast' <Predicate = true> <Delay = 0.00>
ST_1 : Operation 263 [1/1] (0.00ns)   --->   "%gmem2_1_addr = getelementptr i32 %gmem2_1, i64 %p_cast6_cast" [kernel.cpp:5]   --->   Operation 263 'getelementptr' 'gmem2_1_addr' <Predicate = true> <Delay = 0.00>
ST_1 : Operation 264 [1/1] (0.00ns)   --->   "%p_cast7 = partselect i62 @_ssdm_op_PartSelect.i62.i64.i32.i32, i64 %c_0_read, i32 2, i32 63" [kernel.cpp:5]   --->   Operation 264 'partselect' 'p_cast7' <Predicate = true> <Delay = 0.00>
ST_1 : Operation 265 [1/1] (0.00ns)   --->   "%p_cast7_cast = sext i62 %p_cast7" [kernel.cpp:5]   --->   Operation 265 'sext' 'p_cast7_cast' <Predicate = true> <Delay = 0.00>
ST_1 : Operation 266 [1/1] (0.00ns)   --->   "%gmem2_0_addr = getelementptr i32 %gmem2_0, i64 %p_cast7_cast" [kernel.cpp:5]   --->   Operation 266 'getelementptr' 'gmem2_0_addr' <Predicate = true> <Delay = 0.00>
ST_1 : Operation 267 [1/1] (0.38ns)   --->   "%store_ln0 = store i32 0, i32 %shiftreg7632"   --->   Operation 267 'store' 'store_ln0' <Predicate = true> <Delay = 0.38>
ST_1 : Operation 268 [1/1] (0.38ns)   --->   "%store_ln0 = store i32 0, i32 %shiftreg7430"   --->   Operation 268 'store' 'store_ln0' <Predicate = true> <Delay = 0.38>
ST_1 : Operation 269 [1/1] (0.38ns)   --->   "%store_ln0 = store i32 0, i32 %shiftreg7228"   --->   Operation 269 'store' 'store_ln0' <Predicate = true> <Delay = 0.38>
ST_1 : Operation 270 [1/1] (0.38ns)   --->   "%store_ln0 = store i32 0, i32 %shiftreg7026"   --->   Operation 270 'store' 'store_ln0' <Predicate = true> <Delay = 0.38>
ST_1 : Operation 271 [1/1] (0.38ns)   --->   "%store_ln0 = store i32 0, i32 %shiftreg6824"   --->   Operation 271 'store' 'store_ln0' <Predicate = true> <Delay = 0.38>
ST_1 : Operation 272 [1/1] (0.38ns)   --->   "%store_ln0 = store i32 0, i32 %shiftreg6622"   --->   Operation 272 'store' 'store_ln0' <Predicate = true> <Delay = 0.38>
ST_1 : Operation 273 [1/1] (0.38ns)   --->   "%store_ln0 = store i32 0, i32 %shiftreg6420"   --->   Operation 273 'store' 'store_ln0' <Predicate = true> <Delay = 0.38>
ST_1 : Operation 274 [1/1] (0.38ns)   --->   "%store_ln0 = store i32 0, i32 %shiftreg6218"   --->   Operation 274 'store' 'store_ln0' <Predicate = true> <Delay = 0.38>
ST_1 : Operation 275 [1/1] (0.38ns)   --->   "%store_ln0 = store i5 0, i5 %i1"   --->   Operation 275 'store' 'store_ln0' <Predicate = true> <Delay = 0.38>

State 2 <SV = 1> <Delay = 3.65>
ST_2 : Operation 276 [71/71] (3.65ns)   --->   "%gmem0_0_load_req = readreq i1 @_ssdm_op_ReadReq.m_axi.i16P1A, i16 %gmem0_0_addr, i64 1" [kernel.cpp:18]   --->   Operation 276 'readreq' 'gmem0_0_load_req' <Predicate = true> <Delay = 3.65> <CoreInst = "m_axi">   --->   Core 119 'm_axi' <Latency = 6> <II = 1> <Delay = 1.00> <Adapter> <Opcode : 'read' 'write' 'readreq' 'writereq' 'writeresp'>
ST_2 : Operation 277 [71/71] (3.65ns)   --->   "%gmem1_0_load_req = readreq i1 @_ssdm_op_ReadReq.m_axi.i16P1A, i16 %gmem1_0_addr, i64 1" [kernel.cpp:18]   --->   Operation 277 'readreq' 'gmem1_0_load_req' <Predicate = true> <Delay = 3.65> <CoreInst = "m_axi">   --->   Core 119 'm_axi' <Latency = 6> <II = 1> <Delay = 1.00> <Adapter> <Opcode : 'read' 'write' 'readreq' 'writereq' 'writeresp'>
ST_2 : Operation 278 [71/71] (3.65ns)   --->   "%gmem0_1_load_req = readreq i1 @_ssdm_op_ReadReq.m_axi.i16P1A, i16 %gmem0_1_addr, i64 1" [kernel.cpp:18]   --->   Operation 278 'readreq' 'gmem0_1_load_req' <Predicate = true> <Delay = 3.65> <CoreInst = "m_axi">   --->   Core 119 'm_axi' <Latency = 6> <II = 1> <Delay = 1.00> <Adapter> <Opcode : 'read' 'write' 'readreq' 'writereq' 'writeresp'>
ST_2 : Operation 279 [71/71] (3.65ns)   --->   "%gmem0_2_load_req = readreq i1 @_ssdm_op_ReadReq.m_axi.i16P1A, i16 %gmem0_2_addr, i64 1" [kernel.cpp:18]   --->   Operation 279 'readreq' 'gmem0_2_load_req' <Predicate = true> <Delay = 3.65> <CoreInst = "m_axi">   --->   Core 119 'm_axi' <Latency = 6> <II = 1> <Delay = 1.00> <Adapter> <Opcode : 'read' 'write' 'readreq' 'writereq' 'writeresp'>
ST_2 : Operation 280 [71/71] (3.65ns)   --->   "%gmem0_3_load_req = readreq i1 @_ssdm_op_ReadReq.m_axi.i16P1A, i16 %gmem0_3_addr, i64 1" [kernel.cpp:18]   --->   Operation 280 'readreq' 'gmem0_3_load_req' <Predicate = true> <Delay = 3.65> <CoreInst = "m_axi">   --->   Core 119 'm_axi' <Latency = 6> <II = 1> <Delay = 1.00> <Adapter> <Opcode : 'read' 'write' 'readreq' 'writereq' 'writeresp'>
ST_2 : Operation 281 [71/71] (3.65ns)   --->   "%gmem0_4_load_req = readreq i1 @_ssdm_op_ReadReq.m_axi.i16P1A, i16 %gmem0_4_addr, i64 1" [kernel.cpp:18]   --->   Operation 281 'readreq' 'gmem0_4_load_req' <Predicate = true> <Delay = 3.65> <CoreInst = "m_axi">   --->   Core 119 'm_axi' <Latency = 6> <II = 1> <Delay = 1.00> <Adapter> <Opcode : 'read' 'write' 'readreq' 'writereq' 'writeresp'>
ST_2 : Operation 282 [71/71] (3.65ns)   --->   "%gmem0_5_load_req = readreq i1 @_ssdm_op_ReadReq.m_axi.i16P1A, i16 %gmem0_5_addr, i64 1" [kernel.cpp:18]   --->   Operation 282 'readreq' 'gmem0_5_load_req' <Predicate = true> <Delay = 3.65> <CoreInst = "m_axi">   --->   Core 119 'm_axi' <Latency = 6> <II = 1> <Delay = 1.00> <Adapter> <Opcode : 'read' 'write' 'readreq' 'writereq' 'writeresp'>
ST_2 : Operation 283 [71/71] (3.65ns)   --->   "%gmem0_6_load_req = readreq i1 @_ssdm_op_ReadReq.m_axi.i16P1A, i16 %gmem0_6_addr, i64 1" [kernel.cpp:18]   --->   Operation 283 'readreq' 'gmem0_6_load_req' <Predicate = true> <Delay = 3.65> <CoreInst = "m_axi">   --->   Core 119 'm_axi' <Latency = 6> <II = 1> <Delay = 1.00> <Adapter> <Opcode : 'read' 'write' 'readreq' 'writereq' 'writeresp'>
ST_2 : Operation 284 [71/71] (3.65ns)   --->   "%gmem0_7_load_req = readreq i1 @_ssdm_op_ReadReq.m_axi.i16P1A, i16 %gmem0_7_addr, i64 1" [kernel.cpp:18]   --->   Operation 284 'readreq' 'gmem0_7_load_req' <Predicate = true> <Delay = 3.65> <CoreInst = "m_axi">   --->   Core 119 'm_axi' <Latency = 6> <II = 1> <Delay = 1.00> <Adapter> <Opcode : 'read' 'write' 'readreq' 'writereq' 'writeresp'>
ST_2 : Operation 285 [71/71] (3.65ns)   --->   "%gmem1_1_load_req = readreq i1 @_ssdm_op_ReadReq.m_axi.i16P1A, i16 %gmem1_1_addr, i64 1" [kernel.cpp:18]   --->   Operation 285 'readreq' 'gmem1_1_load_req' <Predicate = true> <Delay = 3.65> <CoreInst = "m_axi">   --->   Core 119 'm_axi' <Latency = 6> <II = 1> <Delay = 1.00> <Adapter> <Opcode : 'read' 'write' 'readreq' 'writereq' 'writeresp'>
ST_2 : Operation 286 [71/71] (3.65ns)   --->   "%gmem1_2_load_req = readreq i1 @_ssdm_op_ReadReq.m_axi.i16P1A, i16 %gmem1_2_addr, i64 1" [kernel.cpp:18]   --->   Operation 286 'readreq' 'gmem1_2_load_req' <Predicate = true> <Delay = 3.65> <CoreInst = "m_axi">   --->   Core 119 'm_axi' <Latency = 6> <II = 1> <Delay = 1.00> <Adapter> <Opcode : 'read' 'write' 'readreq' 'writereq' 'writeresp'>
ST_2 : Operation 287 [71/71] (3.65ns)   --->   "%gmem1_3_load_req = readreq i1 @_ssdm_op_ReadReq.m_axi.i16P1A, i16 %gmem1_3_addr, i64 1" [kernel.cpp:18]   --->   Operation 287 'readreq' 'gmem1_3_load_req' <Predicate = true> <Delay = 3.65> <CoreInst = "m_axi">   --->   Core 119 'm_axi' <Latency = 6> <II = 1> <Delay = 1.00> <Adapter> <Opcode : 'read' 'write' 'readreq' 'writereq' 'writeresp'>
ST_2 : Operation 288 [71/71] (3.65ns)   --->   "%gmem1_4_load_req = readreq i1 @_ssdm_op_ReadReq.m_axi.i16P1A, i16 %gmem1_4_addr, i64 1" [kernel.cpp:18]   --->   Operation 288 'readreq' 'gmem1_4_load_req' <Predicate = true> <Delay = 3.65> <CoreInst = "m_axi">   --->   Core 119 'm_axi' <Latency = 6> <II = 1> <Delay = 1.00> <Adapter> <Opcode : 'read' 'write' 'readreq' 'writereq' 'writeresp'>
ST_2 : Operation 289 [71/71] (3.65ns)   --->   "%gmem1_5_load_req = readreq i1 @_ssdm_op_ReadReq.m_axi.i16P1A, i16 %gmem1_5_addr, i64 1" [kernel.cpp:18]   --->   Operation 289 'readreq' 'gmem1_5_load_req' <Predicate = true> <Delay = 3.65> <CoreInst = "m_axi">   --->   Core 119 'm_axi' <Latency = 6> <II = 1> <Delay = 1.00> <Adapter> <Opcode : 'read' 'write' 'readreq' 'writereq' 'writeresp'>
ST_2 : Operation 290 [71/71] (3.65ns)   --->   "%gmem1_6_load_req = readreq i1 @_ssdm_op_ReadReq.m_axi.i16P1A, i16 %gmem1_6_addr, i64 1" [kernel.cpp:18]   --->   Operation 290 'readreq' 'gmem1_6_load_req' <Predicate = true> <Delay = 3.65> <CoreInst = "m_axi">   --->   Core 119 'm_axi' <Latency = 6> <II = 1> <Delay = 1.00> <Adapter> <Opcode : 'read' 'write' 'readreq' 'writereq' 'writeresp'>
ST_2 : Operation 291 [71/71] (3.65ns)   --->   "%gmem1_7_load_req = readreq i1 @_ssdm_op_ReadReq.m_axi.i16P1A, i16 %gmem1_7_addr, i64 1" [kernel.cpp:18]   --->   Operation 291 'readreq' 'gmem1_7_load_req' <Predicate = true> <Delay = 3.65> <CoreInst = "m_axi">   --->   Core 119 'm_axi' <Latency = 6> <II = 1> <Delay = 1.00> <Adapter> <Opcode : 'read' 'write' 'readreq' 'writereq' 'writeresp'>

State 3 <SV = 2> <Delay = 3.65>
ST_3 : Operation 292 [70/71] (3.65ns)   --->   "%gmem0_0_load_req = readreq i1 @_ssdm_op_ReadReq.m_axi.i16P1A, i16 %gmem0_0_addr, i64 1" [kernel.cpp:18]   --->   Operation 292 'readreq' 'gmem0_0_load_req' <Predicate = true> <Delay = 3.65> <CoreInst = "m_axi">   --->   Core 119 'm_axi' <Latency = 6> <II = 1> <Delay = 1.00> <Adapter> <Opcode : 'read' 'write' 'readreq' 'writereq' 'writeresp'>
ST_3 : Operation 293 [70/71] (3.65ns)   --->   "%gmem1_0_load_req = readreq i1 @_ssdm_op_ReadReq.m_axi.i16P1A, i16 %gmem1_0_addr, i64 1" [kernel.cpp:18]   --->   Operation 293 'readreq' 'gmem1_0_load_req' <Predicate = true> <Delay = 3.65> <CoreInst = "m_axi">   --->   Core 119 'm_axi' <Latency = 6> <II = 1> <Delay = 1.00> <Adapter> <Opcode : 'read' 'write' 'readreq' 'writereq' 'writeresp'>
ST_3 : Operation 294 [70/71] (3.65ns)   --->   "%gmem0_1_load_req = readreq i1 @_ssdm_op_ReadReq.m_axi.i16P1A, i16 %gmem0_1_addr, i64 1" [kernel.cpp:18]   --->   Operation 294 'readreq' 'gmem0_1_load_req' <Predicate = true> <Delay = 3.65> <CoreInst = "m_axi">   --->   Core 119 'm_axi' <Latency = 6> <II = 1> <Delay = 1.00> <Adapter> <Opcode : 'read' 'write' 'readreq' 'writereq' 'writeresp'>
ST_3 : Operation 295 [70/71] (3.65ns)   --->   "%gmem0_2_load_req = readreq i1 @_ssdm_op_ReadReq.m_axi.i16P1A, i16 %gmem0_2_addr, i64 1" [kernel.cpp:18]   --->   Operation 295 'readreq' 'gmem0_2_load_req' <Predicate = true> <Delay = 3.65> <CoreInst = "m_axi">   --->   Core 119 'm_axi' <Latency = 6> <II = 1> <Delay = 1.00> <Adapter> <Opcode : 'read' 'write' 'readreq' 'writereq' 'writeresp'>
ST_3 : Operation 296 [70/71] (3.65ns)   --->   "%gmem0_3_load_req = readreq i1 @_ssdm_op_ReadReq.m_axi.i16P1A, i16 %gmem0_3_addr, i64 1" [kernel.cpp:18]   --->   Operation 296 'readreq' 'gmem0_3_load_req' <Predicate = true> <Delay = 3.65> <CoreInst = "m_axi">   --->   Core 119 'm_axi' <Latency = 6> <II = 1> <Delay = 1.00> <Adapter> <Opcode : 'read' 'write' 'readreq' 'writereq' 'writeresp'>
ST_3 : Operation 297 [70/71] (3.65ns)   --->   "%gmem0_4_load_req = readreq i1 @_ssdm_op_ReadReq.m_axi.i16P1A, i16 %gmem0_4_addr, i64 1" [kernel.cpp:18]   --->   Operation 297 'readreq' 'gmem0_4_load_req' <Predicate = true> <Delay = 3.65> <CoreInst = "m_axi">   --->   Core 119 'm_axi' <Latency = 6> <II = 1> <Delay = 1.00> <Adapter> <Opcode : 'read' 'write' 'readreq' 'writereq' 'writeresp'>
ST_3 : Operation 298 [70/71] (3.65ns)   --->   "%gmem0_5_load_req = readreq i1 @_ssdm_op_ReadReq.m_axi.i16P1A, i16 %gmem0_5_addr, i64 1" [kernel.cpp:18]   --->   Operation 298 'readreq' 'gmem0_5_load_req' <Predicate = true> <Delay = 3.65> <CoreInst = "m_axi">   --->   Core 119 'm_axi' <Latency = 6> <II = 1> <Delay = 1.00> <Adapter> <Opcode : 'read' 'write' 'readreq' 'writereq' 'writeresp'>
ST_3 : Operation 299 [70/71] (3.65ns)   --->   "%gmem0_6_load_req = readreq i1 @_ssdm_op_ReadReq.m_axi.i16P1A, i16 %gmem0_6_addr, i64 1" [kernel.cpp:18]   --->   Operation 299 'readreq' 'gmem0_6_load_req' <Predicate = true> <Delay = 3.65> <CoreInst = "m_axi">   --->   Core 119 'm_axi' <Latency = 6> <II = 1> <Delay = 1.00> <Adapter> <Opcode : 'read' 'write' 'readreq' 'writereq' 'writeresp'>
ST_3 : Operation 300 [70/71] (3.65ns)   --->   "%gmem0_7_load_req = readreq i1 @_ssdm_op_ReadReq.m_axi.i16P1A, i16 %gmem0_7_addr, i64 1" [kernel.cpp:18]   --->   Operation 300 'readreq' 'gmem0_7_load_req' <Predicate = true> <Delay = 3.65> <CoreInst = "m_axi">   --->   Core 119 'm_axi' <Latency = 6> <II = 1> <Delay = 1.00> <Adapter> <Opcode : 'read' 'write' 'readreq' 'writereq' 'writeresp'>
ST_3 : Operation 301 [70/71] (3.65ns)   --->   "%gmem1_1_load_req = readreq i1 @_ssdm_op_ReadReq.m_axi.i16P1A, i16 %gmem1_1_addr, i64 1" [kernel.cpp:18]   --->   Operation 301 'readreq' 'gmem1_1_load_req' <Predicate = true> <Delay = 3.65> <CoreInst = "m_axi">   --->   Core 119 'm_axi' <Latency = 6> <II = 1> <Delay = 1.00> <Adapter> <Opcode : 'read' 'write' 'readreq' 'writereq' 'writeresp'>
ST_3 : Operation 302 [70/71] (3.65ns)   --->   "%gmem1_2_load_req = readreq i1 @_ssdm_op_ReadReq.m_axi.i16P1A, i16 %gmem1_2_addr, i64 1" [kernel.cpp:18]   --->   Operation 302 'readreq' 'gmem1_2_load_req' <Predicate = true> <Delay = 3.65> <CoreInst = "m_axi">   --->   Core 119 'm_axi' <Latency = 6> <II = 1> <Delay = 1.00> <Adapter> <Opcode : 'read' 'write' 'readreq' 'writereq' 'writeresp'>
ST_3 : Operation 303 [70/71] (3.65ns)   --->   "%gmem1_3_load_req = readreq i1 @_ssdm_op_ReadReq.m_axi.i16P1A, i16 %gmem1_3_addr, i64 1" [kernel.cpp:18]   --->   Operation 303 'readreq' 'gmem1_3_load_req' <Predicate = true> <Delay = 3.65> <CoreInst = "m_axi">   --->   Core 119 'm_axi' <Latency = 6> <II = 1> <Delay = 1.00> <Adapter> <Opcode : 'read' 'write' 'readreq' 'writereq' 'writeresp'>
ST_3 : Operation 304 [70/71] (3.65ns)   --->   "%gmem1_4_load_req = readreq i1 @_ssdm_op_ReadReq.m_axi.i16P1A, i16 %gmem1_4_addr, i64 1" [kernel.cpp:18]   --->   Operation 304 'readreq' 'gmem1_4_load_req' <Predicate = true> <Delay = 3.65> <CoreInst = "m_axi">   --->   Core 119 'm_axi' <Latency = 6> <II = 1> <Delay = 1.00> <Adapter> <Opcode : 'read' 'write' 'readreq' 'writereq' 'writeresp'>
ST_3 : Operation 305 [70/71] (3.65ns)   --->   "%gmem1_5_load_req = readreq i1 @_ssdm_op_ReadReq.m_axi.i16P1A, i16 %gmem1_5_addr, i64 1" [kernel.cpp:18]   --->   Operation 305 'readreq' 'gmem1_5_load_req' <Predicate = true> <Delay = 3.65> <CoreInst = "m_axi">   --->   Core 119 'm_axi' <Latency = 6> <II = 1> <Delay = 1.00> <Adapter> <Opcode : 'read' 'write' 'readreq' 'writereq' 'writeresp'>
ST_3 : Operation 306 [70/71] (3.65ns)   --->   "%gmem1_6_load_req = readreq i1 @_ssdm_op_ReadReq.m_axi.i16P1A, i16 %gmem1_6_addr, i64 1" [kernel.cpp:18]   --->   Operation 306 'readreq' 'gmem1_6_load_req' <Predicate = true> <Delay = 3.65> <CoreInst = "m_axi">   --->   Core 119 'm_axi' <Latency = 6> <II = 1> <Delay = 1.00> <Adapter> <Opcode : 'read' 'write' 'readreq' 'writereq' 'writeresp'>
ST_3 : Operation 307 [70/71] (3.65ns)   --->   "%gmem1_7_load_req = readreq i1 @_ssdm_op_ReadReq.m_axi.i16P1A, i16 %gmem1_7_addr, i64 1" [kernel.cpp:18]   --->   Operation 307 'readreq' 'gmem1_7_load_req' <Predicate = true> <Delay = 3.65> <CoreInst = "m_axi">   --->   Core 119 'm_axi' <Latency = 6> <II = 1> <Delay = 1.00> <Adapter> <Opcode : 'read' 'write' 'readreq' 'writereq' 'writeresp'>

State 4 <SV = 3> <Delay = 3.65>
ST_4 : Operation 308 [69/71] (3.65ns)   --->   "%gmem0_0_load_req = readreq i1 @_ssdm_op_ReadReq.m_axi.i16P1A, i16 %gmem0_0_addr, i64 1" [kernel.cpp:18]   --->   Operation 308 'readreq' 'gmem0_0_load_req' <Predicate = true> <Delay = 3.65> <CoreInst = "m_axi">   --->   Core 119 'm_axi' <Latency = 6> <II = 1> <Delay = 1.00> <Adapter> <Opcode : 'read' 'write' 'readreq' 'writereq' 'writeresp'>
ST_4 : Operation 309 [69/71] (3.65ns)   --->   "%gmem1_0_load_req = readreq i1 @_ssdm_op_ReadReq.m_axi.i16P1A, i16 %gmem1_0_addr, i64 1" [kernel.cpp:18]   --->   Operation 309 'readreq' 'gmem1_0_load_req' <Predicate = true> <Delay = 3.65> <CoreInst = "m_axi">   --->   Core 119 'm_axi' <Latency = 6> <II = 1> <Delay = 1.00> <Adapter> <Opcode : 'read' 'write' 'readreq' 'writereq' 'writeresp'>
ST_4 : Operation 310 [69/71] (3.65ns)   --->   "%gmem0_1_load_req = readreq i1 @_ssdm_op_ReadReq.m_axi.i16P1A, i16 %gmem0_1_addr, i64 1" [kernel.cpp:18]   --->   Operation 310 'readreq' 'gmem0_1_load_req' <Predicate = true> <Delay = 3.65> <CoreInst = "m_axi">   --->   Core 119 'm_axi' <Latency = 6> <II = 1> <Delay = 1.00> <Adapter> <Opcode : 'read' 'write' 'readreq' 'writereq' 'writeresp'>
ST_4 : Operation 311 [69/71] (3.65ns)   --->   "%gmem0_2_load_req = readreq i1 @_ssdm_op_ReadReq.m_axi.i16P1A, i16 %gmem0_2_addr, i64 1" [kernel.cpp:18]   --->   Operation 311 'readreq' 'gmem0_2_load_req' <Predicate = true> <Delay = 3.65> <CoreInst = "m_axi">   --->   Core 119 'm_axi' <Latency = 6> <II = 1> <Delay = 1.00> <Adapter> <Opcode : 'read' 'write' 'readreq' 'writereq' 'writeresp'>
ST_4 : Operation 312 [69/71] (3.65ns)   --->   "%gmem0_3_load_req = readreq i1 @_ssdm_op_ReadReq.m_axi.i16P1A, i16 %gmem0_3_addr, i64 1" [kernel.cpp:18]   --->   Operation 312 'readreq' 'gmem0_3_load_req' <Predicate = true> <Delay = 3.65> <CoreInst = "m_axi">   --->   Core 119 'm_axi' <Latency = 6> <II = 1> <Delay = 1.00> <Adapter> <Opcode : 'read' 'write' 'readreq' 'writereq' 'writeresp'>
ST_4 : Operation 313 [69/71] (3.65ns)   --->   "%gmem0_4_load_req = readreq i1 @_ssdm_op_ReadReq.m_axi.i16P1A, i16 %gmem0_4_addr, i64 1" [kernel.cpp:18]   --->   Operation 313 'readreq' 'gmem0_4_load_req' <Predicate = true> <Delay = 3.65> <CoreInst = "m_axi">   --->   Core 119 'm_axi' <Latency = 6> <II = 1> <Delay = 1.00> <Adapter> <Opcode : 'read' 'write' 'readreq' 'writereq' 'writeresp'>
ST_4 : Operation 314 [69/71] (3.65ns)   --->   "%gmem0_5_load_req = readreq i1 @_ssdm_op_ReadReq.m_axi.i16P1A, i16 %gmem0_5_addr, i64 1" [kernel.cpp:18]   --->   Operation 314 'readreq' 'gmem0_5_load_req' <Predicate = true> <Delay = 3.65> <CoreInst = "m_axi">   --->   Core 119 'm_axi' <Latency = 6> <II = 1> <Delay = 1.00> <Adapter> <Opcode : 'read' 'write' 'readreq' 'writereq' 'writeresp'>
ST_4 : Operation 315 [69/71] (3.65ns)   --->   "%gmem0_6_load_req = readreq i1 @_ssdm_op_ReadReq.m_axi.i16P1A, i16 %gmem0_6_addr, i64 1" [kernel.cpp:18]   --->   Operation 315 'readreq' 'gmem0_6_load_req' <Predicate = true> <Delay = 3.65> <CoreInst = "m_axi">   --->   Core 119 'm_axi' <Latency = 6> <II = 1> <Delay = 1.00> <Adapter> <Opcode : 'read' 'write' 'readreq' 'writereq' 'writeresp'>
ST_4 : Operation 316 [69/71] (3.65ns)   --->   "%gmem0_7_load_req = readreq i1 @_ssdm_op_ReadReq.m_axi.i16P1A, i16 %gmem0_7_addr, i64 1" [kernel.cpp:18]   --->   Operation 316 'readreq' 'gmem0_7_load_req' <Predicate = true> <Delay = 3.65> <CoreInst = "m_axi">   --->   Core 119 'm_axi' <Latency = 6> <II = 1> <Delay = 1.00> <Adapter> <Opcode : 'read' 'write' 'readreq' 'writereq' 'writeresp'>
ST_4 : Operation 317 [69/71] (3.65ns)   --->   "%gmem1_1_load_req = readreq i1 @_ssdm_op_ReadReq.m_axi.i16P1A, i16 %gmem1_1_addr, i64 1" [kernel.cpp:18]   --->   Operation 317 'readreq' 'gmem1_1_load_req' <Predicate = true> <Delay = 3.65> <CoreInst = "m_axi">   --->   Core 119 'm_axi' <Latency = 6> <II = 1> <Delay = 1.00> <Adapter> <Opcode : 'read' 'write' 'readreq' 'writereq' 'writeresp'>
ST_4 : Operation 318 [69/71] (3.65ns)   --->   "%gmem1_2_load_req = readreq i1 @_ssdm_op_ReadReq.m_axi.i16P1A, i16 %gmem1_2_addr, i64 1" [kernel.cpp:18]   --->   Operation 318 'readreq' 'gmem1_2_load_req' <Predicate = true> <Delay = 3.65> <CoreInst = "m_axi">   --->   Core 119 'm_axi' <Latency = 6> <II = 1> <Delay = 1.00> <Adapter> <Opcode : 'read' 'write' 'readreq' 'writereq' 'writeresp'>
ST_4 : Operation 319 [69/71] (3.65ns)   --->   "%gmem1_3_load_req = readreq i1 @_ssdm_op_ReadReq.m_axi.i16P1A, i16 %gmem1_3_addr, i64 1" [kernel.cpp:18]   --->   Operation 319 'readreq' 'gmem1_3_load_req' <Predicate = true> <Delay = 3.65> <CoreInst = "m_axi">   --->   Core 119 'm_axi' <Latency = 6> <II = 1> <Delay = 1.00> <Adapter> <Opcode : 'read' 'write' 'readreq' 'writereq' 'writeresp'>
ST_4 : Operation 320 [69/71] (3.65ns)   --->   "%gmem1_4_load_req = readreq i1 @_ssdm_op_ReadReq.m_axi.i16P1A, i16 %gmem1_4_addr, i64 1" [kernel.cpp:18]   --->   Operation 320 'readreq' 'gmem1_4_load_req' <Predicate = true> <Delay = 3.65> <CoreInst = "m_axi">   --->   Core 119 'm_axi' <Latency = 6> <II = 1> <Delay = 1.00> <Adapter> <Opcode : 'read' 'write' 'readreq' 'writereq' 'writeresp'>
ST_4 : Operation 321 [69/71] (3.65ns)   --->   "%gmem1_5_load_req = readreq i1 @_ssdm_op_ReadReq.m_axi.i16P1A, i16 %gmem1_5_addr, i64 1" [kernel.cpp:18]   --->   Operation 321 'readreq' 'gmem1_5_load_req' <Predicate = true> <Delay = 3.65> <CoreInst = "m_axi">   --->   Core 119 'm_axi' <Latency = 6> <II = 1> <Delay = 1.00> <Adapter> <Opcode : 'read' 'write' 'readreq' 'writereq' 'writeresp'>
ST_4 : Operation 322 [69/71] (3.65ns)   --->   "%gmem1_6_load_req = readreq i1 @_ssdm_op_ReadReq.m_axi.i16P1A, i16 %gmem1_6_addr, i64 1" [kernel.cpp:18]   --->   Operation 322 'readreq' 'gmem1_6_load_req' <Predicate = true> <Delay = 3.65> <CoreInst = "m_axi">   --->   Core 119 'm_axi' <Latency = 6> <II = 1> <Delay = 1.00> <Adapter> <Opcode : 'read' 'write' 'readreq' 'writereq' 'writeresp'>
ST_4 : Operation 323 [69/71] (3.65ns)   --->   "%gmem1_7_load_req = readreq i1 @_ssdm_op_ReadReq.m_axi.i16P1A, i16 %gmem1_7_addr, i64 1" [kernel.cpp:18]   --->   Operation 323 'readreq' 'gmem1_7_load_req' <Predicate = true> <Delay = 3.65> <CoreInst = "m_axi">   --->   Core 119 'm_axi' <Latency = 6> <II = 1> <Delay = 1.00> <Adapter> <Opcode : 'read' 'write' 'readreq' 'writereq' 'writeresp'>

State 5 <SV = 4> <Delay = 3.65>
ST_5 : Operation 324 [68/71] (3.65ns)   --->   "%gmem0_0_load_req = readreq i1 @_ssdm_op_ReadReq.m_axi.i16P1A, i16 %gmem0_0_addr, i64 1" [kernel.cpp:18]   --->   Operation 324 'readreq' 'gmem0_0_load_req' <Predicate = true> <Delay = 3.65> <CoreInst = "m_axi">   --->   Core 119 'm_axi' <Latency = 6> <II = 1> <Delay = 1.00> <Adapter> <Opcode : 'read' 'write' 'readreq' 'writereq' 'writeresp'>
ST_5 : Operation 325 [68/71] (3.65ns)   --->   "%gmem1_0_load_req = readreq i1 @_ssdm_op_ReadReq.m_axi.i16P1A, i16 %gmem1_0_addr, i64 1" [kernel.cpp:18]   --->   Operation 325 'readreq' 'gmem1_0_load_req' <Predicate = true> <Delay = 3.65> <CoreInst = "m_axi">   --->   Core 119 'm_axi' <Latency = 6> <II = 1> <Delay = 1.00> <Adapter> <Opcode : 'read' 'write' 'readreq' 'writereq' 'writeresp'>
ST_5 : Operation 326 [68/71] (3.65ns)   --->   "%gmem0_1_load_req = readreq i1 @_ssdm_op_ReadReq.m_axi.i16P1A, i16 %gmem0_1_addr, i64 1" [kernel.cpp:18]   --->   Operation 326 'readreq' 'gmem0_1_load_req' <Predicate = true> <Delay = 3.65> <CoreInst = "m_axi">   --->   Core 119 'm_axi' <Latency = 6> <II = 1> <Delay = 1.00> <Adapter> <Opcode : 'read' 'write' 'readreq' 'writereq' 'writeresp'>
ST_5 : Operation 327 [68/71] (3.65ns)   --->   "%gmem0_2_load_req = readreq i1 @_ssdm_op_ReadReq.m_axi.i16P1A, i16 %gmem0_2_addr, i64 1" [kernel.cpp:18]   --->   Operation 327 'readreq' 'gmem0_2_load_req' <Predicate = true> <Delay = 3.65> <CoreInst = "m_axi">   --->   Core 119 'm_axi' <Latency = 6> <II = 1> <Delay = 1.00> <Adapter> <Opcode : 'read' 'write' 'readreq' 'writereq' 'writeresp'>
ST_5 : Operation 328 [68/71] (3.65ns)   --->   "%gmem0_3_load_req = readreq i1 @_ssdm_op_ReadReq.m_axi.i16P1A, i16 %gmem0_3_addr, i64 1" [kernel.cpp:18]   --->   Operation 328 'readreq' 'gmem0_3_load_req' <Predicate = true> <Delay = 3.65> <CoreInst = "m_axi">   --->   Core 119 'm_axi' <Latency = 6> <II = 1> <Delay = 1.00> <Adapter> <Opcode : 'read' 'write' 'readreq' 'writereq' 'writeresp'>
ST_5 : Operation 329 [68/71] (3.65ns)   --->   "%gmem0_4_load_req = readreq i1 @_ssdm_op_ReadReq.m_axi.i16P1A, i16 %gmem0_4_addr, i64 1" [kernel.cpp:18]   --->   Operation 329 'readreq' 'gmem0_4_load_req' <Predicate = true> <Delay = 3.65> <CoreInst = "m_axi">   --->   Core 119 'm_axi' <Latency = 6> <II = 1> <Delay = 1.00> <Adapter> <Opcode : 'read' 'write' 'readreq' 'writereq' 'writeresp'>
ST_5 : Operation 330 [68/71] (3.65ns)   --->   "%gmem0_5_load_req = readreq i1 @_ssdm_op_ReadReq.m_axi.i16P1A, i16 %gmem0_5_addr, i64 1" [kernel.cpp:18]   --->   Operation 330 'readreq' 'gmem0_5_load_req' <Predicate = true> <Delay = 3.65> <CoreInst = "m_axi">   --->   Core 119 'm_axi' <Latency = 6> <II = 1> <Delay = 1.00> <Adapter> <Opcode : 'read' 'write' 'readreq' 'writereq' 'writeresp'>
ST_5 : Operation 331 [68/71] (3.65ns)   --->   "%gmem0_6_load_req = readreq i1 @_ssdm_op_ReadReq.m_axi.i16P1A, i16 %gmem0_6_addr, i64 1" [kernel.cpp:18]   --->   Operation 331 'readreq' 'gmem0_6_load_req' <Predicate = true> <Delay = 3.65> <CoreInst = "m_axi">   --->   Core 119 'm_axi' <Latency = 6> <II = 1> <Delay = 1.00> <Adapter> <Opcode : 'read' 'write' 'readreq' 'writereq' 'writeresp'>
ST_5 : Operation 332 [68/71] (3.65ns)   --->   "%gmem0_7_load_req = readreq i1 @_ssdm_op_ReadReq.m_axi.i16P1A, i16 %gmem0_7_addr, i64 1" [kernel.cpp:18]   --->   Operation 332 'readreq' 'gmem0_7_load_req' <Predicate = true> <Delay = 3.65> <CoreInst = "m_axi">   --->   Core 119 'm_axi' <Latency = 6> <II = 1> <Delay = 1.00> <Adapter> <Opcode : 'read' 'write' 'readreq' 'writereq' 'writeresp'>
ST_5 : Operation 333 [68/71] (3.65ns)   --->   "%gmem1_1_load_req = readreq i1 @_ssdm_op_ReadReq.m_axi.i16P1A, i16 %gmem1_1_addr, i64 1" [kernel.cpp:18]   --->   Operation 333 'readreq' 'gmem1_1_load_req' <Predicate = true> <Delay = 3.65> <CoreInst = "m_axi">   --->   Core 119 'm_axi' <Latency = 6> <II = 1> <Delay = 1.00> <Adapter> <Opcode : 'read' 'write' 'readreq' 'writereq' 'writeresp'>
ST_5 : Operation 334 [68/71] (3.65ns)   --->   "%gmem1_2_load_req = readreq i1 @_ssdm_op_ReadReq.m_axi.i16P1A, i16 %gmem1_2_addr, i64 1" [kernel.cpp:18]   --->   Operation 334 'readreq' 'gmem1_2_load_req' <Predicate = true> <Delay = 3.65> <CoreInst = "m_axi">   --->   Core 119 'm_axi' <Latency = 6> <II = 1> <Delay = 1.00> <Adapter> <Opcode : 'read' 'write' 'readreq' 'writereq' 'writeresp'>
ST_5 : Operation 335 [68/71] (3.65ns)   --->   "%gmem1_3_load_req = readreq i1 @_ssdm_op_ReadReq.m_axi.i16P1A, i16 %gmem1_3_addr, i64 1" [kernel.cpp:18]   --->   Operation 335 'readreq' 'gmem1_3_load_req' <Predicate = true> <Delay = 3.65> <CoreInst = "m_axi">   --->   Core 119 'm_axi' <Latency = 6> <II = 1> <Delay = 1.00> <Adapter> <Opcode : 'read' 'write' 'readreq' 'writereq' 'writeresp'>
ST_5 : Operation 336 [68/71] (3.65ns)   --->   "%gmem1_4_load_req = readreq i1 @_ssdm_op_ReadReq.m_axi.i16P1A, i16 %gmem1_4_addr, i64 1" [kernel.cpp:18]   --->   Operation 336 'readreq' 'gmem1_4_load_req' <Predicate = true> <Delay = 3.65> <CoreInst = "m_axi">   --->   Core 119 'm_axi' <Latency = 6> <II = 1> <Delay = 1.00> <Adapter> <Opcode : 'read' 'write' 'readreq' 'writereq' 'writeresp'>
ST_5 : Operation 337 [68/71] (3.65ns)   --->   "%gmem1_5_load_req = readreq i1 @_ssdm_op_ReadReq.m_axi.i16P1A, i16 %gmem1_5_addr, i64 1" [kernel.cpp:18]   --->   Operation 337 'readreq' 'gmem1_5_load_req' <Predicate = true> <Delay = 3.65> <CoreInst = "m_axi">   --->   Core 119 'm_axi' <Latency = 6> <II = 1> <Delay = 1.00> <Adapter> <Opcode : 'read' 'write' 'readreq' 'writereq' 'writeresp'>
ST_5 : Operation 338 [68/71] (3.65ns)   --->   "%gmem1_6_load_req = readreq i1 @_ssdm_op_ReadReq.m_axi.i16P1A, i16 %gmem1_6_addr, i64 1" [kernel.cpp:18]   --->   Operation 338 'readreq' 'gmem1_6_load_req' <Predicate = true> <Delay = 3.65> <CoreInst = "m_axi">   --->   Core 119 'm_axi' <Latency = 6> <II = 1> <Delay = 1.00> <Adapter> <Opcode : 'read' 'write' 'readreq' 'writereq' 'writeresp'>
ST_5 : Operation 339 [68/71] (3.65ns)   --->   "%gmem1_7_load_req = readreq i1 @_ssdm_op_ReadReq.m_axi.i16P1A, i16 %gmem1_7_addr, i64 1" [kernel.cpp:18]   --->   Operation 339 'readreq' 'gmem1_7_load_req' <Predicate = true> <Delay = 3.65> <CoreInst = "m_axi">   --->   Core 119 'm_axi' <Latency = 6> <II = 1> <Delay = 1.00> <Adapter> <Opcode : 'read' 'write' 'readreq' 'writereq' 'writeresp'>

State 6 <SV = 5> <Delay = 3.65>
ST_6 : Operation 340 [67/71] (3.65ns)   --->   "%gmem0_0_load_req = readreq i1 @_ssdm_op_ReadReq.m_axi.i16P1A, i16 %gmem0_0_addr, i64 1" [kernel.cpp:18]   --->   Operation 340 'readreq' 'gmem0_0_load_req' <Predicate = true> <Delay = 3.65> <CoreInst = "m_axi">   --->   Core 119 'm_axi' <Latency = 6> <II = 1> <Delay = 1.00> <Adapter> <Opcode : 'read' 'write' 'readreq' 'writereq' 'writeresp'>
ST_6 : Operation 341 [67/71] (3.65ns)   --->   "%gmem1_0_load_req = readreq i1 @_ssdm_op_ReadReq.m_axi.i16P1A, i16 %gmem1_0_addr, i64 1" [kernel.cpp:18]   --->   Operation 341 'readreq' 'gmem1_0_load_req' <Predicate = true> <Delay = 3.65> <CoreInst = "m_axi">   --->   Core 119 'm_axi' <Latency = 6> <II = 1> <Delay = 1.00> <Adapter> <Opcode : 'read' 'write' 'readreq' 'writereq' 'writeresp'>
ST_6 : Operation 342 [67/71] (3.65ns)   --->   "%gmem0_1_load_req = readreq i1 @_ssdm_op_ReadReq.m_axi.i16P1A, i16 %gmem0_1_addr, i64 1" [kernel.cpp:18]   --->   Operation 342 'readreq' 'gmem0_1_load_req' <Predicate = true> <Delay = 3.65> <CoreInst = "m_axi">   --->   Core 119 'm_axi' <Latency = 6> <II = 1> <Delay = 1.00> <Adapter> <Opcode : 'read' 'write' 'readreq' 'writereq' 'writeresp'>
ST_6 : Operation 343 [67/71] (3.65ns)   --->   "%gmem0_2_load_req = readreq i1 @_ssdm_op_ReadReq.m_axi.i16P1A, i16 %gmem0_2_addr, i64 1" [kernel.cpp:18]   --->   Operation 343 'readreq' 'gmem0_2_load_req' <Predicate = true> <Delay = 3.65> <CoreInst = "m_axi">   --->   Core 119 'm_axi' <Latency = 6> <II = 1> <Delay = 1.00> <Adapter> <Opcode : 'read' 'write' 'readreq' 'writereq' 'writeresp'>
ST_6 : Operation 344 [67/71] (3.65ns)   --->   "%gmem0_3_load_req = readreq i1 @_ssdm_op_ReadReq.m_axi.i16P1A, i16 %gmem0_3_addr, i64 1" [kernel.cpp:18]   --->   Operation 344 'readreq' 'gmem0_3_load_req' <Predicate = true> <Delay = 3.65> <CoreInst = "m_axi">   --->   Core 119 'm_axi' <Latency = 6> <II = 1> <Delay = 1.00> <Adapter> <Opcode : 'read' 'write' 'readreq' 'writereq' 'writeresp'>
ST_6 : Operation 345 [67/71] (3.65ns)   --->   "%gmem0_4_load_req = readreq i1 @_ssdm_op_ReadReq.m_axi.i16P1A, i16 %gmem0_4_addr, i64 1" [kernel.cpp:18]   --->   Operation 345 'readreq' 'gmem0_4_load_req' <Predicate = true> <Delay = 3.65> <CoreInst = "m_axi">   --->   Core 119 'm_axi' <Latency = 6> <II = 1> <Delay = 1.00> <Adapter> <Opcode : 'read' 'write' 'readreq' 'writereq' 'writeresp'>
ST_6 : Operation 346 [67/71] (3.65ns)   --->   "%gmem0_5_load_req = readreq i1 @_ssdm_op_ReadReq.m_axi.i16P1A, i16 %gmem0_5_addr, i64 1" [kernel.cpp:18]   --->   Operation 346 'readreq' 'gmem0_5_load_req' <Predicate = true> <Delay = 3.65> <CoreInst = "m_axi">   --->   Core 119 'm_axi' <Latency = 6> <II = 1> <Delay = 1.00> <Adapter> <Opcode : 'read' 'write' 'readreq' 'writereq' 'writeresp'>
ST_6 : Operation 347 [67/71] (3.65ns)   --->   "%gmem0_6_load_req = readreq i1 @_ssdm_op_ReadReq.m_axi.i16P1A, i16 %gmem0_6_addr, i64 1" [kernel.cpp:18]   --->   Operation 347 'readreq' 'gmem0_6_load_req' <Predicate = true> <Delay = 3.65> <CoreInst = "m_axi">   --->   Core 119 'm_axi' <Latency = 6> <II = 1> <Delay = 1.00> <Adapter> <Opcode : 'read' 'write' 'readreq' 'writereq' 'writeresp'>
ST_6 : Operation 348 [67/71] (3.65ns)   --->   "%gmem0_7_load_req = readreq i1 @_ssdm_op_ReadReq.m_axi.i16P1A, i16 %gmem0_7_addr, i64 1" [kernel.cpp:18]   --->   Operation 348 'readreq' 'gmem0_7_load_req' <Predicate = true> <Delay = 3.65> <CoreInst = "m_axi">   --->   Core 119 'm_axi' <Latency = 6> <II = 1> <Delay = 1.00> <Adapter> <Opcode : 'read' 'write' 'readreq' 'writereq' 'writeresp'>
ST_6 : Operation 349 [67/71] (3.65ns)   --->   "%gmem1_1_load_req = readreq i1 @_ssdm_op_ReadReq.m_axi.i16P1A, i16 %gmem1_1_addr, i64 1" [kernel.cpp:18]   --->   Operation 349 'readreq' 'gmem1_1_load_req' <Predicate = true> <Delay = 3.65> <CoreInst = "m_axi">   --->   Core 119 'm_axi' <Latency = 6> <II = 1> <Delay = 1.00> <Adapter> <Opcode : 'read' 'write' 'readreq' 'writereq' 'writeresp'>
ST_6 : Operation 350 [67/71] (3.65ns)   --->   "%gmem1_2_load_req = readreq i1 @_ssdm_op_ReadReq.m_axi.i16P1A, i16 %gmem1_2_addr, i64 1" [kernel.cpp:18]   --->   Operation 350 'readreq' 'gmem1_2_load_req' <Predicate = true> <Delay = 3.65> <CoreInst = "m_axi">   --->   Core 119 'm_axi' <Latency = 6> <II = 1> <Delay = 1.00> <Adapter> <Opcode : 'read' 'write' 'readreq' 'writereq' 'writeresp'>
ST_6 : Operation 351 [67/71] (3.65ns)   --->   "%gmem1_3_load_req = readreq i1 @_ssdm_op_ReadReq.m_axi.i16P1A, i16 %gmem1_3_addr, i64 1" [kernel.cpp:18]   --->   Operation 351 'readreq' 'gmem1_3_load_req' <Predicate = true> <Delay = 3.65> <CoreInst = "m_axi">   --->   Core 119 'm_axi' <Latency = 6> <II = 1> <Delay = 1.00> <Adapter> <Opcode : 'read' 'write' 'readreq' 'writereq' 'writeresp'>
ST_6 : Operation 352 [67/71] (3.65ns)   --->   "%gmem1_4_load_req = readreq i1 @_ssdm_op_ReadReq.m_axi.i16P1A, i16 %gmem1_4_addr, i64 1" [kernel.cpp:18]   --->   Operation 352 'readreq' 'gmem1_4_load_req' <Predicate = true> <Delay = 3.65> <CoreInst = "m_axi">   --->   Core 119 'm_axi' <Latency = 6> <II = 1> <Delay = 1.00> <Adapter> <Opcode : 'read' 'write' 'readreq' 'writereq' 'writeresp'>
ST_6 : Operation 353 [67/71] (3.65ns)   --->   "%gmem1_5_load_req = readreq i1 @_ssdm_op_ReadReq.m_axi.i16P1A, i16 %gmem1_5_addr, i64 1" [kernel.cpp:18]   --->   Operation 353 'readreq' 'gmem1_5_load_req' <Predicate = true> <Delay = 3.65> <CoreInst = "m_axi">   --->   Core 119 'm_axi' <Latency = 6> <II = 1> <Delay = 1.00> <Adapter> <Opcode : 'read' 'write' 'readreq' 'writereq' 'writeresp'>
ST_6 : Operation 354 [67/71] (3.65ns)   --->   "%gmem1_6_load_req = readreq i1 @_ssdm_op_ReadReq.m_axi.i16P1A, i16 %gmem1_6_addr, i64 1" [kernel.cpp:18]   --->   Operation 354 'readreq' 'gmem1_6_load_req' <Predicate = true> <Delay = 3.65> <CoreInst = "m_axi">   --->   Core 119 'm_axi' <Latency = 6> <II = 1> <Delay = 1.00> <Adapter> <Opcode : 'read' 'write' 'readreq' 'writereq' 'writeresp'>
ST_6 : Operation 355 [67/71] (3.65ns)   --->   "%gmem1_7_load_req = readreq i1 @_ssdm_op_ReadReq.m_axi.i16P1A, i16 %gmem1_7_addr, i64 1" [kernel.cpp:18]   --->   Operation 355 'readreq' 'gmem1_7_load_req' <Predicate = true> <Delay = 3.65> <CoreInst = "m_axi">   --->   Core 119 'm_axi' <Latency = 6> <II = 1> <Delay = 1.00> <Adapter> <Opcode : 'read' 'write' 'readreq' 'writereq' 'writeresp'>

State 7 <SV = 6> <Delay = 3.65>
ST_7 : Operation 356 [66/71] (3.65ns)   --->   "%gmem0_0_load_req = readreq i1 @_ssdm_op_ReadReq.m_axi.i16P1A, i16 %gmem0_0_addr, i64 1" [kernel.cpp:18]   --->   Operation 356 'readreq' 'gmem0_0_load_req' <Predicate = true> <Delay = 3.65> <CoreInst = "m_axi">   --->   Core 119 'm_axi' <Latency = 6> <II = 1> <Delay = 1.00> <Adapter> <Opcode : 'read' 'write' 'readreq' 'writereq' 'writeresp'>
ST_7 : Operation 357 [66/71] (3.65ns)   --->   "%gmem1_0_load_req = readreq i1 @_ssdm_op_ReadReq.m_axi.i16P1A, i16 %gmem1_0_addr, i64 1" [kernel.cpp:18]   --->   Operation 357 'readreq' 'gmem1_0_load_req' <Predicate = true> <Delay = 3.65> <CoreInst = "m_axi">   --->   Core 119 'm_axi' <Latency = 6> <II = 1> <Delay = 1.00> <Adapter> <Opcode : 'read' 'write' 'readreq' 'writereq' 'writeresp'>
ST_7 : Operation 358 [66/71] (3.65ns)   --->   "%gmem0_1_load_req = readreq i1 @_ssdm_op_ReadReq.m_axi.i16P1A, i16 %gmem0_1_addr, i64 1" [kernel.cpp:18]   --->   Operation 358 'readreq' 'gmem0_1_load_req' <Predicate = true> <Delay = 3.65> <CoreInst = "m_axi">   --->   Core 119 'm_axi' <Latency = 6> <II = 1> <Delay = 1.00> <Adapter> <Opcode : 'read' 'write' 'readreq' 'writereq' 'writeresp'>
ST_7 : Operation 359 [66/71] (3.65ns)   --->   "%gmem0_2_load_req = readreq i1 @_ssdm_op_ReadReq.m_axi.i16P1A, i16 %gmem0_2_addr, i64 1" [kernel.cpp:18]   --->   Operation 359 'readreq' 'gmem0_2_load_req' <Predicate = true> <Delay = 3.65> <CoreInst = "m_axi">   --->   Core 119 'm_axi' <Latency = 6> <II = 1> <Delay = 1.00> <Adapter> <Opcode : 'read' 'write' 'readreq' 'writereq' 'writeresp'>
ST_7 : Operation 360 [66/71] (3.65ns)   --->   "%gmem0_3_load_req = readreq i1 @_ssdm_op_ReadReq.m_axi.i16P1A, i16 %gmem0_3_addr, i64 1" [kernel.cpp:18]   --->   Operation 360 'readreq' 'gmem0_3_load_req' <Predicate = true> <Delay = 3.65> <CoreInst = "m_axi">   --->   Core 119 'm_axi' <Latency = 6> <II = 1> <Delay = 1.00> <Adapter> <Opcode : 'read' 'write' 'readreq' 'writereq' 'writeresp'>
ST_7 : Operation 361 [66/71] (3.65ns)   --->   "%gmem0_4_load_req = readreq i1 @_ssdm_op_ReadReq.m_axi.i16P1A, i16 %gmem0_4_addr, i64 1" [kernel.cpp:18]   --->   Operation 361 'readreq' 'gmem0_4_load_req' <Predicate = true> <Delay = 3.65> <CoreInst = "m_axi">   --->   Core 119 'm_axi' <Latency = 6> <II = 1> <Delay = 1.00> <Adapter> <Opcode : 'read' 'write' 'readreq' 'writereq' 'writeresp'>
ST_7 : Operation 362 [66/71] (3.65ns)   --->   "%gmem0_5_load_req = readreq i1 @_ssdm_op_ReadReq.m_axi.i16P1A, i16 %gmem0_5_addr, i64 1" [kernel.cpp:18]   --->   Operation 362 'readreq' 'gmem0_5_load_req' <Predicate = true> <Delay = 3.65> <CoreInst = "m_axi">   --->   Core 119 'm_axi' <Latency = 6> <II = 1> <Delay = 1.00> <Adapter> <Opcode : 'read' 'write' 'readreq' 'writereq' 'writeresp'>
ST_7 : Operation 363 [66/71] (3.65ns)   --->   "%gmem0_6_load_req = readreq i1 @_ssdm_op_ReadReq.m_axi.i16P1A, i16 %gmem0_6_addr, i64 1" [kernel.cpp:18]   --->   Operation 363 'readreq' 'gmem0_6_load_req' <Predicate = true> <Delay = 3.65> <CoreInst = "m_axi">   --->   Core 119 'm_axi' <Latency = 6> <II = 1> <Delay = 1.00> <Adapter> <Opcode : 'read' 'write' 'readreq' 'writereq' 'writeresp'>
ST_7 : Operation 364 [66/71] (3.65ns)   --->   "%gmem0_7_load_req = readreq i1 @_ssdm_op_ReadReq.m_axi.i16P1A, i16 %gmem0_7_addr, i64 1" [kernel.cpp:18]   --->   Operation 364 'readreq' 'gmem0_7_load_req' <Predicate = true> <Delay = 3.65> <CoreInst = "m_axi">   --->   Core 119 'm_axi' <Latency = 6> <II = 1> <Delay = 1.00> <Adapter> <Opcode : 'read' 'write' 'readreq' 'writereq' 'writeresp'>
ST_7 : Operation 365 [66/71] (3.65ns)   --->   "%gmem1_1_load_req = readreq i1 @_ssdm_op_ReadReq.m_axi.i16P1A, i16 %gmem1_1_addr, i64 1" [kernel.cpp:18]   --->   Operation 365 'readreq' 'gmem1_1_load_req' <Predicate = true> <Delay = 3.65> <CoreInst = "m_axi">   --->   Core 119 'm_axi' <Latency = 6> <II = 1> <Delay = 1.00> <Adapter> <Opcode : 'read' 'write' 'readreq' 'writereq' 'writeresp'>
ST_7 : Operation 366 [66/71] (3.65ns)   --->   "%gmem1_2_load_req = readreq i1 @_ssdm_op_ReadReq.m_axi.i16P1A, i16 %gmem1_2_addr, i64 1" [kernel.cpp:18]   --->   Operation 366 'readreq' 'gmem1_2_load_req' <Predicate = true> <Delay = 3.65> <CoreInst = "m_axi">   --->   Core 119 'm_axi' <Latency = 6> <II = 1> <Delay = 1.00> <Adapter> <Opcode : 'read' 'write' 'readreq' 'writereq' 'writeresp'>
ST_7 : Operation 367 [66/71] (3.65ns)   --->   "%gmem1_3_load_req = readreq i1 @_ssdm_op_ReadReq.m_axi.i16P1A, i16 %gmem1_3_addr, i64 1" [kernel.cpp:18]   --->   Operation 367 'readreq' 'gmem1_3_load_req' <Predicate = true> <Delay = 3.65> <CoreInst = "m_axi">   --->   Core 119 'm_axi' <Latency = 6> <II = 1> <Delay = 1.00> <Adapter> <Opcode : 'read' 'write' 'readreq' 'writereq' 'writeresp'>
ST_7 : Operation 368 [66/71] (3.65ns)   --->   "%gmem1_4_load_req = readreq i1 @_ssdm_op_ReadReq.m_axi.i16P1A, i16 %gmem1_4_addr, i64 1" [kernel.cpp:18]   --->   Operation 368 'readreq' 'gmem1_4_load_req' <Predicate = true> <Delay = 3.65> <CoreInst = "m_axi">   --->   Core 119 'm_axi' <Latency = 6> <II = 1> <Delay = 1.00> <Adapter> <Opcode : 'read' 'write' 'readreq' 'writereq' 'writeresp'>
ST_7 : Operation 369 [66/71] (3.65ns)   --->   "%gmem1_5_load_req = readreq i1 @_ssdm_op_ReadReq.m_axi.i16P1A, i16 %gmem1_5_addr, i64 1" [kernel.cpp:18]   --->   Operation 369 'readreq' 'gmem1_5_load_req' <Predicate = true> <Delay = 3.65> <CoreInst = "m_axi">   --->   Core 119 'm_axi' <Latency = 6> <II = 1> <Delay = 1.00> <Adapter> <Opcode : 'read' 'write' 'readreq' 'writereq' 'writeresp'>
ST_7 : Operation 370 [66/71] (3.65ns)   --->   "%gmem1_6_load_req = readreq i1 @_ssdm_op_ReadReq.m_axi.i16P1A, i16 %gmem1_6_addr, i64 1" [kernel.cpp:18]   --->   Operation 370 'readreq' 'gmem1_6_load_req' <Predicate = true> <Delay = 3.65> <CoreInst = "m_axi">   --->   Core 119 'm_axi' <Latency = 6> <II = 1> <Delay = 1.00> <Adapter> <Opcode : 'read' 'write' 'readreq' 'writereq' 'writeresp'>
ST_7 : Operation 371 [66/71] (3.65ns)   --->   "%gmem1_7_load_req = readreq i1 @_ssdm_op_ReadReq.m_axi.i16P1A, i16 %gmem1_7_addr, i64 1" [kernel.cpp:18]   --->   Operation 371 'readreq' 'gmem1_7_load_req' <Predicate = true> <Delay = 3.65> <CoreInst = "m_axi">   --->   Core 119 'm_axi' <Latency = 6> <II = 1> <Delay = 1.00> <Adapter> <Opcode : 'read' 'write' 'readreq' 'writereq' 'writeresp'>

State 8 <SV = 7> <Delay = 3.65>
ST_8 : Operation 372 [65/71] (3.65ns)   --->   "%gmem0_0_load_req = readreq i1 @_ssdm_op_ReadReq.m_axi.i16P1A, i16 %gmem0_0_addr, i64 1" [kernel.cpp:18]   --->   Operation 372 'readreq' 'gmem0_0_load_req' <Predicate = true> <Delay = 3.65> <CoreInst = "m_axi">   --->   Core 119 'm_axi' <Latency = 6> <II = 1> <Delay = 1.00> <Adapter> <Opcode : 'read' 'write' 'readreq' 'writereq' 'writeresp'>
ST_8 : Operation 373 [65/71] (3.65ns)   --->   "%gmem1_0_load_req = readreq i1 @_ssdm_op_ReadReq.m_axi.i16P1A, i16 %gmem1_0_addr, i64 1" [kernel.cpp:18]   --->   Operation 373 'readreq' 'gmem1_0_load_req' <Predicate = true> <Delay = 3.65> <CoreInst = "m_axi">   --->   Core 119 'm_axi' <Latency = 6> <II = 1> <Delay = 1.00> <Adapter> <Opcode : 'read' 'write' 'readreq' 'writereq' 'writeresp'>
ST_8 : Operation 374 [65/71] (3.65ns)   --->   "%gmem0_1_load_req = readreq i1 @_ssdm_op_ReadReq.m_axi.i16P1A, i16 %gmem0_1_addr, i64 1" [kernel.cpp:18]   --->   Operation 374 'readreq' 'gmem0_1_load_req' <Predicate = true> <Delay = 3.65> <CoreInst = "m_axi">   --->   Core 119 'm_axi' <Latency = 6> <II = 1> <Delay = 1.00> <Adapter> <Opcode : 'read' 'write' 'readreq' 'writereq' 'writeresp'>
ST_8 : Operation 375 [65/71] (3.65ns)   --->   "%gmem0_2_load_req = readreq i1 @_ssdm_op_ReadReq.m_axi.i16P1A, i16 %gmem0_2_addr, i64 1" [kernel.cpp:18]   --->   Operation 375 'readreq' 'gmem0_2_load_req' <Predicate = true> <Delay = 3.65> <CoreInst = "m_axi">   --->   Core 119 'm_axi' <Latency = 6> <II = 1> <Delay = 1.00> <Adapter> <Opcode : 'read' 'write' 'readreq' 'writereq' 'writeresp'>
ST_8 : Operation 376 [65/71] (3.65ns)   --->   "%gmem0_3_load_req = readreq i1 @_ssdm_op_ReadReq.m_axi.i16P1A, i16 %gmem0_3_addr, i64 1" [kernel.cpp:18]   --->   Operation 376 'readreq' 'gmem0_3_load_req' <Predicate = true> <Delay = 3.65> <CoreInst = "m_axi">   --->   Core 119 'm_axi' <Latency = 6> <II = 1> <Delay = 1.00> <Adapter> <Opcode : 'read' 'write' 'readreq' 'writereq' 'writeresp'>
ST_8 : Operation 377 [65/71] (3.65ns)   --->   "%gmem0_4_load_req = readreq i1 @_ssdm_op_ReadReq.m_axi.i16P1A, i16 %gmem0_4_addr, i64 1" [kernel.cpp:18]   --->   Operation 377 'readreq' 'gmem0_4_load_req' <Predicate = true> <Delay = 3.65> <CoreInst = "m_axi">   --->   Core 119 'm_axi' <Latency = 6> <II = 1> <Delay = 1.00> <Adapter> <Opcode : 'read' 'write' 'readreq' 'writereq' 'writeresp'>
ST_8 : Operation 378 [65/71] (3.65ns)   --->   "%gmem0_5_load_req = readreq i1 @_ssdm_op_ReadReq.m_axi.i16P1A, i16 %gmem0_5_addr, i64 1" [kernel.cpp:18]   --->   Operation 378 'readreq' 'gmem0_5_load_req' <Predicate = true> <Delay = 3.65> <CoreInst = "m_axi">   --->   Core 119 'm_axi' <Latency = 6> <II = 1> <Delay = 1.00> <Adapter> <Opcode : 'read' 'write' 'readreq' 'writereq' 'writeresp'>
ST_8 : Operation 379 [65/71] (3.65ns)   --->   "%gmem0_6_load_req = readreq i1 @_ssdm_op_ReadReq.m_axi.i16P1A, i16 %gmem0_6_addr, i64 1" [kernel.cpp:18]   --->   Operation 379 'readreq' 'gmem0_6_load_req' <Predicate = true> <Delay = 3.65> <CoreInst = "m_axi">   --->   Core 119 'm_axi' <Latency = 6> <II = 1> <Delay = 1.00> <Adapter> <Opcode : 'read' 'write' 'readreq' 'writereq' 'writeresp'>
ST_8 : Operation 380 [65/71] (3.65ns)   --->   "%gmem0_7_load_req = readreq i1 @_ssdm_op_ReadReq.m_axi.i16P1A, i16 %gmem0_7_addr, i64 1" [kernel.cpp:18]   --->   Operation 380 'readreq' 'gmem0_7_load_req' <Predicate = true> <Delay = 3.65> <CoreInst = "m_axi">   --->   Core 119 'm_axi' <Latency = 6> <II = 1> <Delay = 1.00> <Adapter> <Opcode : 'read' 'write' 'readreq' 'writereq' 'writeresp'>
ST_8 : Operation 381 [65/71] (3.65ns)   --->   "%gmem1_1_load_req = readreq i1 @_ssdm_op_ReadReq.m_axi.i16P1A, i16 %gmem1_1_addr, i64 1" [kernel.cpp:18]   --->   Operation 381 'readreq' 'gmem1_1_load_req' <Predicate = true> <Delay = 3.65> <CoreInst = "m_axi">   --->   Core 119 'm_axi' <Latency = 6> <II = 1> <Delay = 1.00> <Adapter> <Opcode : 'read' 'write' 'readreq' 'writereq' 'writeresp'>
ST_8 : Operation 382 [65/71] (3.65ns)   --->   "%gmem1_2_load_req = readreq i1 @_ssdm_op_ReadReq.m_axi.i16P1A, i16 %gmem1_2_addr, i64 1" [kernel.cpp:18]   --->   Operation 382 'readreq' 'gmem1_2_load_req' <Predicate = true> <Delay = 3.65> <CoreInst = "m_axi">   --->   Core 119 'm_axi' <Latency = 6> <II = 1> <Delay = 1.00> <Adapter> <Opcode : 'read' 'write' 'readreq' 'writereq' 'writeresp'>
ST_8 : Operation 383 [65/71] (3.65ns)   --->   "%gmem1_3_load_req = readreq i1 @_ssdm_op_ReadReq.m_axi.i16P1A, i16 %gmem1_3_addr, i64 1" [kernel.cpp:18]   --->   Operation 383 'readreq' 'gmem1_3_load_req' <Predicate = true> <Delay = 3.65> <CoreInst = "m_axi">   --->   Core 119 'm_axi' <Latency = 6> <II = 1> <Delay = 1.00> <Adapter> <Opcode : 'read' 'write' 'readreq' 'writereq' 'writeresp'>
ST_8 : Operation 384 [65/71] (3.65ns)   --->   "%gmem1_4_load_req = readreq i1 @_ssdm_op_ReadReq.m_axi.i16P1A, i16 %gmem1_4_addr, i64 1" [kernel.cpp:18]   --->   Operation 384 'readreq' 'gmem1_4_load_req' <Predicate = true> <Delay = 3.65> <CoreInst = "m_axi">   --->   Core 119 'm_axi' <Latency = 6> <II = 1> <Delay = 1.00> <Adapter> <Opcode : 'read' 'write' 'readreq' 'writereq' 'writeresp'>
ST_8 : Operation 385 [65/71] (3.65ns)   --->   "%gmem1_5_load_req = readreq i1 @_ssdm_op_ReadReq.m_axi.i16P1A, i16 %gmem1_5_addr, i64 1" [kernel.cpp:18]   --->   Operation 385 'readreq' 'gmem1_5_load_req' <Predicate = true> <Delay = 3.65> <CoreInst = "m_axi">   --->   Core 119 'm_axi' <Latency = 6> <II = 1> <Delay = 1.00> <Adapter> <Opcode : 'read' 'write' 'readreq' 'writereq' 'writeresp'>
ST_8 : Operation 386 [65/71] (3.65ns)   --->   "%gmem1_6_load_req = readreq i1 @_ssdm_op_ReadReq.m_axi.i16P1A, i16 %gmem1_6_addr, i64 1" [kernel.cpp:18]   --->   Operation 386 'readreq' 'gmem1_6_load_req' <Predicate = true> <Delay = 3.65> <CoreInst = "m_axi">   --->   Core 119 'm_axi' <Latency = 6> <II = 1> <Delay = 1.00> <Adapter> <Opcode : 'read' 'write' 'readreq' 'writereq' 'writeresp'>
ST_8 : Operation 387 [65/71] (3.65ns)   --->   "%gmem1_7_load_req = readreq i1 @_ssdm_op_ReadReq.m_axi.i16P1A, i16 %gmem1_7_addr, i64 1" [kernel.cpp:18]   --->   Operation 387 'readreq' 'gmem1_7_load_req' <Predicate = true> <Delay = 3.65> <CoreInst = "m_axi">   --->   Core 119 'm_axi' <Latency = 6> <II = 1> <Delay = 1.00> <Adapter> <Opcode : 'read' 'write' 'readreq' 'writereq' 'writeresp'>

State 9 <SV = 8> <Delay = 3.65>
ST_9 : Operation 388 [64/71] (3.65ns)   --->   "%gmem0_0_load_req = readreq i1 @_ssdm_op_ReadReq.m_axi.i16P1A, i16 %gmem0_0_addr, i64 1" [kernel.cpp:18]   --->   Operation 388 'readreq' 'gmem0_0_load_req' <Predicate = true> <Delay = 3.65> <CoreInst = "m_axi">   --->   Core 119 'm_axi' <Latency = 6> <II = 1> <Delay = 1.00> <Adapter> <Opcode : 'read' 'write' 'readreq' 'writereq' 'writeresp'>
ST_9 : Operation 389 [64/71] (3.65ns)   --->   "%gmem1_0_load_req = readreq i1 @_ssdm_op_ReadReq.m_axi.i16P1A, i16 %gmem1_0_addr, i64 1" [kernel.cpp:18]   --->   Operation 389 'readreq' 'gmem1_0_load_req' <Predicate = true> <Delay = 3.65> <CoreInst = "m_axi">   --->   Core 119 'm_axi' <Latency = 6> <II = 1> <Delay = 1.00> <Adapter> <Opcode : 'read' 'write' 'readreq' 'writereq' 'writeresp'>
ST_9 : Operation 390 [64/71] (3.65ns)   --->   "%gmem0_1_load_req = readreq i1 @_ssdm_op_ReadReq.m_axi.i16P1A, i16 %gmem0_1_addr, i64 1" [kernel.cpp:18]   --->   Operation 390 'readreq' 'gmem0_1_load_req' <Predicate = true> <Delay = 3.65> <CoreInst = "m_axi">   --->   Core 119 'm_axi' <Latency = 6> <II = 1> <Delay = 1.00> <Adapter> <Opcode : 'read' 'write' 'readreq' 'writereq' 'writeresp'>
ST_9 : Operation 391 [64/71] (3.65ns)   --->   "%gmem0_2_load_req = readreq i1 @_ssdm_op_ReadReq.m_axi.i16P1A, i16 %gmem0_2_addr, i64 1" [kernel.cpp:18]   --->   Operation 391 'readreq' 'gmem0_2_load_req' <Predicate = true> <Delay = 3.65> <CoreInst = "m_axi">   --->   Core 119 'm_axi' <Latency = 6> <II = 1> <Delay = 1.00> <Adapter> <Opcode : 'read' 'write' 'readreq' 'writereq' 'writeresp'>
ST_9 : Operation 392 [64/71] (3.65ns)   --->   "%gmem0_3_load_req = readreq i1 @_ssdm_op_ReadReq.m_axi.i16P1A, i16 %gmem0_3_addr, i64 1" [kernel.cpp:18]   --->   Operation 392 'readreq' 'gmem0_3_load_req' <Predicate = true> <Delay = 3.65> <CoreInst = "m_axi">   --->   Core 119 'm_axi' <Latency = 6> <II = 1> <Delay = 1.00> <Adapter> <Opcode : 'read' 'write' 'readreq' 'writereq' 'writeresp'>
ST_9 : Operation 393 [64/71] (3.65ns)   --->   "%gmem0_4_load_req = readreq i1 @_ssdm_op_ReadReq.m_axi.i16P1A, i16 %gmem0_4_addr, i64 1" [kernel.cpp:18]   --->   Operation 393 'readreq' 'gmem0_4_load_req' <Predicate = true> <Delay = 3.65> <CoreInst = "m_axi">   --->   Core 119 'm_axi' <Latency = 6> <II = 1> <Delay = 1.00> <Adapter> <Opcode : 'read' 'write' 'readreq' 'writereq' 'writeresp'>
ST_9 : Operation 394 [64/71] (3.65ns)   --->   "%gmem0_5_load_req = readreq i1 @_ssdm_op_ReadReq.m_axi.i16P1A, i16 %gmem0_5_addr, i64 1" [kernel.cpp:18]   --->   Operation 394 'readreq' 'gmem0_5_load_req' <Predicate = true> <Delay = 3.65> <CoreInst = "m_axi">   --->   Core 119 'm_axi' <Latency = 6> <II = 1> <Delay = 1.00> <Adapter> <Opcode : 'read' 'write' 'readreq' 'writereq' 'writeresp'>
ST_9 : Operation 395 [64/71] (3.65ns)   --->   "%gmem0_6_load_req = readreq i1 @_ssdm_op_ReadReq.m_axi.i16P1A, i16 %gmem0_6_addr, i64 1" [kernel.cpp:18]   --->   Operation 395 'readreq' 'gmem0_6_load_req' <Predicate = true> <Delay = 3.65> <CoreInst = "m_axi">   --->   Core 119 'm_axi' <Latency = 6> <II = 1> <Delay = 1.00> <Adapter> <Opcode : 'read' 'write' 'readreq' 'writereq' 'writeresp'>
ST_9 : Operation 396 [64/71] (3.65ns)   --->   "%gmem0_7_load_req = readreq i1 @_ssdm_op_ReadReq.m_axi.i16P1A, i16 %gmem0_7_addr, i64 1" [kernel.cpp:18]   --->   Operation 396 'readreq' 'gmem0_7_load_req' <Predicate = true> <Delay = 3.65> <CoreInst = "m_axi">   --->   Core 119 'm_axi' <Latency = 6> <II = 1> <Delay = 1.00> <Adapter> <Opcode : 'read' 'write' 'readreq' 'writereq' 'writeresp'>
ST_9 : Operation 397 [64/71] (3.65ns)   --->   "%gmem1_1_load_req = readreq i1 @_ssdm_op_ReadReq.m_axi.i16P1A, i16 %gmem1_1_addr, i64 1" [kernel.cpp:18]   --->   Operation 397 'readreq' 'gmem1_1_load_req' <Predicate = true> <Delay = 3.65> <CoreInst = "m_axi">   --->   Core 119 'm_axi' <Latency = 6> <II = 1> <Delay = 1.00> <Adapter> <Opcode : 'read' 'write' 'readreq' 'writereq' 'writeresp'>
ST_9 : Operation 398 [64/71] (3.65ns)   --->   "%gmem1_2_load_req = readreq i1 @_ssdm_op_ReadReq.m_axi.i16P1A, i16 %gmem1_2_addr, i64 1" [kernel.cpp:18]   --->   Operation 398 'readreq' 'gmem1_2_load_req' <Predicate = true> <Delay = 3.65> <CoreInst = "m_axi">   --->   Core 119 'm_axi' <Latency = 6> <II = 1> <Delay = 1.00> <Adapter> <Opcode : 'read' 'write' 'readreq' 'writereq' 'writeresp'>
ST_9 : Operation 399 [64/71] (3.65ns)   --->   "%gmem1_3_load_req = readreq i1 @_ssdm_op_ReadReq.m_axi.i16P1A, i16 %gmem1_3_addr, i64 1" [kernel.cpp:18]   --->   Operation 399 'readreq' 'gmem1_3_load_req' <Predicate = true> <Delay = 3.65> <CoreInst = "m_axi">   --->   Core 119 'm_axi' <Latency = 6> <II = 1> <Delay = 1.00> <Adapter> <Opcode : 'read' 'write' 'readreq' 'writereq' 'writeresp'>
ST_9 : Operation 400 [64/71] (3.65ns)   --->   "%gmem1_4_load_req = readreq i1 @_ssdm_op_ReadReq.m_axi.i16P1A, i16 %gmem1_4_addr, i64 1" [kernel.cpp:18]   --->   Operation 400 'readreq' 'gmem1_4_load_req' <Predicate = true> <Delay = 3.65> <CoreInst = "m_axi">   --->   Core 119 'm_axi' <Latency = 6> <II = 1> <Delay = 1.00> <Adapter> <Opcode : 'read' 'write' 'readreq' 'writereq' 'writeresp'>
ST_9 : Operation 401 [64/71] (3.65ns)   --->   "%gmem1_5_load_req = readreq i1 @_ssdm_op_ReadReq.m_axi.i16P1A, i16 %gmem1_5_addr, i64 1" [kernel.cpp:18]   --->   Operation 401 'readreq' 'gmem1_5_load_req' <Predicate = true> <Delay = 3.65> <CoreInst = "m_axi">   --->   Core 119 'm_axi' <Latency = 6> <II = 1> <Delay = 1.00> <Adapter> <Opcode : 'read' 'write' 'readreq' 'writereq' 'writeresp'>
ST_9 : Operation 402 [64/71] (3.65ns)   --->   "%gmem1_6_load_req = readreq i1 @_ssdm_op_ReadReq.m_axi.i16P1A, i16 %gmem1_6_addr, i64 1" [kernel.cpp:18]   --->   Operation 402 'readreq' 'gmem1_6_load_req' <Predicate = true> <Delay = 3.65> <CoreInst = "m_axi">   --->   Core 119 'm_axi' <Latency = 6> <II = 1> <Delay = 1.00> <Adapter> <Opcode : 'read' 'write' 'readreq' 'writereq' 'writeresp'>
ST_9 : Operation 403 [64/71] (3.65ns)   --->   "%gmem1_7_load_req = readreq i1 @_ssdm_op_ReadReq.m_axi.i16P1A, i16 %gmem1_7_addr, i64 1" [kernel.cpp:18]   --->   Operation 403 'readreq' 'gmem1_7_load_req' <Predicate = true> <Delay = 3.65> <CoreInst = "m_axi">   --->   Core 119 'm_axi' <Latency = 6> <II = 1> <Delay = 1.00> <Adapter> <Opcode : 'read' 'write' 'readreq' 'writereq' 'writeresp'>

State 10 <SV = 9> <Delay = 3.65>
ST_10 : Operation 404 [63/71] (3.65ns)   --->   "%gmem0_0_load_req = readreq i1 @_ssdm_op_ReadReq.m_axi.i16P1A, i16 %gmem0_0_addr, i64 1" [kernel.cpp:18]   --->   Operation 404 'readreq' 'gmem0_0_load_req' <Predicate = true> <Delay = 3.65> <CoreInst = "m_axi">   --->   Core 119 'm_axi' <Latency = 6> <II = 1> <Delay = 1.00> <Adapter> <Opcode : 'read' 'write' 'readreq' 'writereq' 'writeresp'>
ST_10 : Operation 405 [63/71] (3.65ns)   --->   "%gmem1_0_load_req = readreq i1 @_ssdm_op_ReadReq.m_axi.i16P1A, i16 %gmem1_0_addr, i64 1" [kernel.cpp:18]   --->   Operation 405 'readreq' 'gmem1_0_load_req' <Predicate = true> <Delay = 3.65> <CoreInst = "m_axi">   --->   Core 119 'm_axi' <Latency = 6> <II = 1> <Delay = 1.00> <Adapter> <Opcode : 'read' 'write' 'readreq' 'writereq' 'writeresp'>
ST_10 : Operation 406 [63/71] (3.65ns)   --->   "%gmem0_1_load_req = readreq i1 @_ssdm_op_ReadReq.m_axi.i16P1A, i16 %gmem0_1_addr, i64 1" [kernel.cpp:18]   --->   Operation 406 'readreq' 'gmem0_1_load_req' <Predicate = true> <Delay = 3.65> <CoreInst = "m_axi">   --->   Core 119 'm_axi' <Latency = 6> <II = 1> <Delay = 1.00> <Adapter> <Opcode : 'read' 'write' 'readreq' 'writereq' 'writeresp'>
ST_10 : Operation 407 [63/71] (3.65ns)   --->   "%gmem0_2_load_req = readreq i1 @_ssdm_op_ReadReq.m_axi.i16P1A, i16 %gmem0_2_addr, i64 1" [kernel.cpp:18]   --->   Operation 407 'readreq' 'gmem0_2_load_req' <Predicate = true> <Delay = 3.65> <CoreInst = "m_axi">   --->   Core 119 'm_axi' <Latency = 6> <II = 1> <Delay = 1.00> <Adapter> <Opcode : 'read' 'write' 'readreq' 'writereq' 'writeresp'>
ST_10 : Operation 408 [63/71] (3.65ns)   --->   "%gmem0_3_load_req = readreq i1 @_ssdm_op_ReadReq.m_axi.i16P1A, i16 %gmem0_3_addr, i64 1" [kernel.cpp:18]   --->   Operation 408 'readreq' 'gmem0_3_load_req' <Predicate = true> <Delay = 3.65> <CoreInst = "m_axi">   --->   Core 119 'm_axi' <Latency = 6> <II = 1> <Delay = 1.00> <Adapter> <Opcode : 'read' 'write' 'readreq' 'writereq' 'writeresp'>
ST_10 : Operation 409 [63/71] (3.65ns)   --->   "%gmem0_4_load_req = readreq i1 @_ssdm_op_ReadReq.m_axi.i16P1A, i16 %gmem0_4_addr, i64 1" [kernel.cpp:18]   --->   Operation 409 'readreq' 'gmem0_4_load_req' <Predicate = true> <Delay = 3.65> <CoreInst = "m_axi">   --->   Core 119 'm_axi' <Latency = 6> <II = 1> <Delay = 1.00> <Adapter> <Opcode : 'read' 'write' 'readreq' 'writereq' 'writeresp'>
ST_10 : Operation 410 [63/71] (3.65ns)   --->   "%gmem0_5_load_req = readreq i1 @_ssdm_op_ReadReq.m_axi.i16P1A, i16 %gmem0_5_addr, i64 1" [kernel.cpp:18]   --->   Operation 410 'readreq' 'gmem0_5_load_req' <Predicate = true> <Delay = 3.65> <CoreInst = "m_axi">   --->   Core 119 'm_axi' <Latency = 6> <II = 1> <Delay = 1.00> <Adapter> <Opcode : 'read' 'write' 'readreq' 'writereq' 'writeresp'>
ST_10 : Operation 411 [63/71] (3.65ns)   --->   "%gmem0_6_load_req = readreq i1 @_ssdm_op_ReadReq.m_axi.i16P1A, i16 %gmem0_6_addr, i64 1" [kernel.cpp:18]   --->   Operation 411 'readreq' 'gmem0_6_load_req' <Predicate = true> <Delay = 3.65> <CoreInst = "m_axi">   --->   Core 119 'm_axi' <Latency = 6> <II = 1> <Delay = 1.00> <Adapter> <Opcode : 'read' 'write' 'readreq' 'writereq' 'writeresp'>
ST_10 : Operation 412 [63/71] (3.65ns)   --->   "%gmem0_7_load_req = readreq i1 @_ssdm_op_ReadReq.m_axi.i16P1A, i16 %gmem0_7_addr, i64 1" [kernel.cpp:18]   --->   Operation 412 'readreq' 'gmem0_7_load_req' <Predicate = true> <Delay = 3.65> <CoreInst = "m_axi">   --->   Core 119 'm_axi' <Latency = 6> <II = 1> <Delay = 1.00> <Adapter> <Opcode : 'read' 'write' 'readreq' 'writereq' 'writeresp'>
ST_10 : Operation 413 [63/71] (3.65ns)   --->   "%gmem1_1_load_req = readreq i1 @_ssdm_op_ReadReq.m_axi.i16P1A, i16 %gmem1_1_addr, i64 1" [kernel.cpp:18]   --->   Operation 413 'readreq' 'gmem1_1_load_req' <Predicate = true> <Delay = 3.65> <CoreInst = "m_axi">   --->   Core 119 'm_axi' <Latency = 6> <II = 1> <Delay = 1.00> <Adapter> <Opcode : 'read' 'write' 'readreq' 'writereq' 'writeresp'>
ST_10 : Operation 414 [63/71] (3.65ns)   --->   "%gmem1_2_load_req = readreq i1 @_ssdm_op_ReadReq.m_axi.i16P1A, i16 %gmem1_2_addr, i64 1" [kernel.cpp:18]   --->   Operation 414 'readreq' 'gmem1_2_load_req' <Predicate = true> <Delay = 3.65> <CoreInst = "m_axi">   --->   Core 119 'm_axi' <Latency = 6> <II = 1> <Delay = 1.00> <Adapter> <Opcode : 'read' 'write' 'readreq' 'writereq' 'writeresp'>
ST_10 : Operation 415 [63/71] (3.65ns)   --->   "%gmem1_3_load_req = readreq i1 @_ssdm_op_ReadReq.m_axi.i16P1A, i16 %gmem1_3_addr, i64 1" [kernel.cpp:18]   --->   Operation 415 'readreq' 'gmem1_3_load_req' <Predicate = true> <Delay = 3.65> <CoreInst = "m_axi">   --->   Core 119 'm_axi' <Latency = 6> <II = 1> <Delay = 1.00> <Adapter> <Opcode : 'read' 'write' 'readreq' 'writereq' 'writeresp'>
ST_10 : Operation 416 [63/71] (3.65ns)   --->   "%gmem1_4_load_req = readreq i1 @_ssdm_op_ReadReq.m_axi.i16P1A, i16 %gmem1_4_addr, i64 1" [kernel.cpp:18]   --->   Operation 416 'readreq' 'gmem1_4_load_req' <Predicate = true> <Delay = 3.65> <CoreInst = "m_axi">   --->   Core 119 'm_axi' <Latency = 6> <II = 1> <Delay = 1.00> <Adapter> <Opcode : 'read' 'write' 'readreq' 'writereq' 'writeresp'>
ST_10 : Operation 417 [63/71] (3.65ns)   --->   "%gmem1_5_load_req = readreq i1 @_ssdm_op_ReadReq.m_axi.i16P1A, i16 %gmem1_5_addr, i64 1" [kernel.cpp:18]   --->   Operation 417 'readreq' 'gmem1_5_load_req' <Predicate = true> <Delay = 3.65> <CoreInst = "m_axi">   --->   Core 119 'm_axi' <Latency = 6> <II = 1> <Delay = 1.00> <Adapter> <Opcode : 'read' 'write' 'readreq' 'writereq' 'writeresp'>
ST_10 : Operation 418 [63/71] (3.65ns)   --->   "%gmem1_6_load_req = readreq i1 @_ssdm_op_ReadReq.m_axi.i16P1A, i16 %gmem1_6_addr, i64 1" [kernel.cpp:18]   --->   Operation 418 'readreq' 'gmem1_6_load_req' <Predicate = true> <Delay = 3.65> <CoreInst = "m_axi">   --->   Core 119 'm_axi' <Latency = 6> <II = 1> <Delay = 1.00> <Adapter> <Opcode : 'read' 'write' 'readreq' 'writereq' 'writeresp'>
ST_10 : Operation 419 [63/71] (3.65ns)   --->   "%gmem1_7_load_req = readreq i1 @_ssdm_op_ReadReq.m_axi.i16P1A, i16 %gmem1_7_addr, i64 1" [kernel.cpp:18]   --->   Operation 419 'readreq' 'gmem1_7_load_req' <Predicate = true> <Delay = 3.65> <CoreInst = "m_axi">   --->   Core 119 'm_axi' <Latency = 6> <II = 1> <Delay = 1.00> <Adapter> <Opcode : 'read' 'write' 'readreq' 'writereq' 'writeresp'>

State 11 <SV = 10> <Delay = 3.65>
ST_11 : Operation 420 [62/71] (3.65ns)   --->   "%gmem0_0_load_req = readreq i1 @_ssdm_op_ReadReq.m_axi.i16P1A, i16 %gmem0_0_addr, i64 1" [kernel.cpp:18]   --->   Operation 420 'readreq' 'gmem0_0_load_req' <Predicate = true> <Delay = 3.65> <CoreInst = "m_axi">   --->   Core 119 'm_axi' <Latency = 6> <II = 1> <Delay = 1.00> <Adapter> <Opcode : 'read' 'write' 'readreq' 'writereq' 'writeresp'>
ST_11 : Operation 421 [62/71] (3.65ns)   --->   "%gmem1_0_load_req = readreq i1 @_ssdm_op_ReadReq.m_axi.i16P1A, i16 %gmem1_0_addr, i64 1" [kernel.cpp:18]   --->   Operation 421 'readreq' 'gmem1_0_load_req' <Predicate = true> <Delay = 3.65> <CoreInst = "m_axi">   --->   Core 119 'm_axi' <Latency = 6> <II = 1> <Delay = 1.00> <Adapter> <Opcode : 'read' 'write' 'readreq' 'writereq' 'writeresp'>
ST_11 : Operation 422 [62/71] (3.65ns)   --->   "%gmem0_1_load_req = readreq i1 @_ssdm_op_ReadReq.m_axi.i16P1A, i16 %gmem0_1_addr, i64 1" [kernel.cpp:18]   --->   Operation 422 'readreq' 'gmem0_1_load_req' <Predicate = true> <Delay = 3.65> <CoreInst = "m_axi">   --->   Core 119 'm_axi' <Latency = 6> <II = 1> <Delay = 1.00> <Adapter> <Opcode : 'read' 'write' 'readreq' 'writereq' 'writeresp'>
ST_11 : Operation 423 [62/71] (3.65ns)   --->   "%gmem0_2_load_req = readreq i1 @_ssdm_op_ReadReq.m_axi.i16P1A, i16 %gmem0_2_addr, i64 1" [kernel.cpp:18]   --->   Operation 423 'readreq' 'gmem0_2_load_req' <Predicate = true> <Delay = 3.65> <CoreInst = "m_axi">   --->   Core 119 'm_axi' <Latency = 6> <II = 1> <Delay = 1.00> <Adapter> <Opcode : 'read' 'write' 'readreq' 'writereq' 'writeresp'>
ST_11 : Operation 424 [62/71] (3.65ns)   --->   "%gmem0_3_load_req = readreq i1 @_ssdm_op_ReadReq.m_axi.i16P1A, i16 %gmem0_3_addr, i64 1" [kernel.cpp:18]   --->   Operation 424 'readreq' 'gmem0_3_load_req' <Predicate = true> <Delay = 3.65> <CoreInst = "m_axi">   --->   Core 119 'm_axi' <Latency = 6> <II = 1> <Delay = 1.00> <Adapter> <Opcode : 'read' 'write' 'readreq' 'writereq' 'writeresp'>
ST_11 : Operation 425 [62/71] (3.65ns)   --->   "%gmem0_4_load_req = readreq i1 @_ssdm_op_ReadReq.m_axi.i16P1A, i16 %gmem0_4_addr, i64 1" [kernel.cpp:18]   --->   Operation 425 'readreq' 'gmem0_4_load_req' <Predicate = true> <Delay = 3.65> <CoreInst = "m_axi">   --->   Core 119 'm_axi' <Latency = 6> <II = 1> <Delay = 1.00> <Adapter> <Opcode : 'read' 'write' 'readreq' 'writereq' 'writeresp'>
ST_11 : Operation 426 [62/71] (3.65ns)   --->   "%gmem0_5_load_req = readreq i1 @_ssdm_op_ReadReq.m_axi.i16P1A, i16 %gmem0_5_addr, i64 1" [kernel.cpp:18]   --->   Operation 426 'readreq' 'gmem0_5_load_req' <Predicate = true> <Delay = 3.65> <CoreInst = "m_axi">   --->   Core 119 'm_axi' <Latency = 6> <II = 1> <Delay = 1.00> <Adapter> <Opcode : 'read' 'write' 'readreq' 'writereq' 'writeresp'>
ST_11 : Operation 427 [62/71] (3.65ns)   --->   "%gmem0_6_load_req = readreq i1 @_ssdm_op_ReadReq.m_axi.i16P1A, i16 %gmem0_6_addr, i64 1" [kernel.cpp:18]   --->   Operation 427 'readreq' 'gmem0_6_load_req' <Predicate = true> <Delay = 3.65> <CoreInst = "m_axi">   --->   Core 119 'm_axi' <Latency = 6> <II = 1> <Delay = 1.00> <Adapter> <Opcode : 'read' 'write' 'readreq' 'writereq' 'writeresp'>
ST_11 : Operation 428 [62/71] (3.65ns)   --->   "%gmem0_7_load_req = readreq i1 @_ssdm_op_ReadReq.m_axi.i16P1A, i16 %gmem0_7_addr, i64 1" [kernel.cpp:18]   --->   Operation 428 'readreq' 'gmem0_7_load_req' <Predicate = true> <Delay = 3.65> <CoreInst = "m_axi">   --->   Core 119 'm_axi' <Latency = 6> <II = 1> <Delay = 1.00> <Adapter> <Opcode : 'read' 'write' 'readreq' 'writereq' 'writeresp'>
ST_11 : Operation 429 [62/71] (3.65ns)   --->   "%gmem1_1_load_req = readreq i1 @_ssdm_op_ReadReq.m_axi.i16P1A, i16 %gmem1_1_addr, i64 1" [kernel.cpp:18]   --->   Operation 429 'readreq' 'gmem1_1_load_req' <Predicate = true> <Delay = 3.65> <CoreInst = "m_axi">   --->   Core 119 'm_axi' <Latency = 6> <II = 1> <Delay = 1.00> <Adapter> <Opcode : 'read' 'write' 'readreq' 'writereq' 'writeresp'>
ST_11 : Operation 430 [62/71] (3.65ns)   --->   "%gmem1_2_load_req = readreq i1 @_ssdm_op_ReadReq.m_axi.i16P1A, i16 %gmem1_2_addr, i64 1" [kernel.cpp:18]   --->   Operation 430 'readreq' 'gmem1_2_load_req' <Predicate = true> <Delay = 3.65> <CoreInst = "m_axi">   --->   Core 119 'm_axi' <Latency = 6> <II = 1> <Delay = 1.00> <Adapter> <Opcode : 'read' 'write' 'readreq' 'writereq' 'writeresp'>
ST_11 : Operation 431 [62/71] (3.65ns)   --->   "%gmem1_3_load_req = readreq i1 @_ssdm_op_ReadReq.m_axi.i16P1A, i16 %gmem1_3_addr, i64 1" [kernel.cpp:18]   --->   Operation 431 'readreq' 'gmem1_3_load_req' <Predicate = true> <Delay = 3.65> <CoreInst = "m_axi">   --->   Core 119 'm_axi' <Latency = 6> <II = 1> <Delay = 1.00> <Adapter> <Opcode : 'read' 'write' 'readreq' 'writereq' 'writeresp'>
ST_11 : Operation 432 [62/71] (3.65ns)   --->   "%gmem1_4_load_req = readreq i1 @_ssdm_op_ReadReq.m_axi.i16P1A, i16 %gmem1_4_addr, i64 1" [kernel.cpp:18]   --->   Operation 432 'readreq' 'gmem1_4_load_req' <Predicate = true> <Delay = 3.65> <CoreInst = "m_axi">   --->   Core 119 'm_axi' <Latency = 6> <II = 1> <Delay = 1.00> <Adapter> <Opcode : 'read' 'write' 'readreq' 'writereq' 'writeresp'>
ST_11 : Operation 433 [62/71] (3.65ns)   --->   "%gmem1_5_load_req = readreq i1 @_ssdm_op_ReadReq.m_axi.i16P1A, i16 %gmem1_5_addr, i64 1" [kernel.cpp:18]   --->   Operation 433 'readreq' 'gmem1_5_load_req' <Predicate = true> <Delay = 3.65> <CoreInst = "m_axi">   --->   Core 119 'm_axi' <Latency = 6> <II = 1> <Delay = 1.00> <Adapter> <Opcode : 'read' 'write' 'readreq' 'writereq' 'writeresp'>
ST_11 : Operation 434 [62/71] (3.65ns)   --->   "%gmem1_6_load_req = readreq i1 @_ssdm_op_ReadReq.m_axi.i16P1A, i16 %gmem1_6_addr, i64 1" [kernel.cpp:18]   --->   Operation 434 'readreq' 'gmem1_6_load_req' <Predicate = true> <Delay = 3.65> <CoreInst = "m_axi">   --->   Core 119 'm_axi' <Latency = 6> <II = 1> <Delay = 1.00> <Adapter> <Opcode : 'read' 'write' 'readreq' 'writereq' 'writeresp'>
ST_11 : Operation 435 [62/71] (3.65ns)   --->   "%gmem1_7_load_req = readreq i1 @_ssdm_op_ReadReq.m_axi.i16P1A, i16 %gmem1_7_addr, i64 1" [kernel.cpp:18]   --->   Operation 435 'readreq' 'gmem1_7_load_req' <Predicate = true> <Delay = 3.65> <CoreInst = "m_axi">   --->   Core 119 'm_axi' <Latency = 6> <II = 1> <Delay = 1.00> <Adapter> <Opcode : 'read' 'write' 'readreq' 'writereq' 'writeresp'>

State 12 <SV = 11> <Delay = 3.65>
ST_12 : Operation 436 [61/71] (3.65ns)   --->   "%gmem0_0_load_req = readreq i1 @_ssdm_op_ReadReq.m_axi.i16P1A, i16 %gmem0_0_addr, i64 1" [kernel.cpp:18]   --->   Operation 436 'readreq' 'gmem0_0_load_req' <Predicate = true> <Delay = 3.65> <CoreInst = "m_axi">   --->   Core 119 'm_axi' <Latency = 6> <II = 1> <Delay = 1.00> <Adapter> <Opcode : 'read' 'write' 'readreq' 'writereq' 'writeresp'>
ST_12 : Operation 437 [61/71] (3.65ns)   --->   "%gmem1_0_load_req = readreq i1 @_ssdm_op_ReadReq.m_axi.i16P1A, i16 %gmem1_0_addr, i64 1" [kernel.cpp:18]   --->   Operation 437 'readreq' 'gmem1_0_load_req' <Predicate = true> <Delay = 3.65> <CoreInst = "m_axi">   --->   Core 119 'm_axi' <Latency = 6> <II = 1> <Delay = 1.00> <Adapter> <Opcode : 'read' 'write' 'readreq' 'writereq' 'writeresp'>
ST_12 : Operation 438 [61/71] (3.65ns)   --->   "%gmem0_1_load_req = readreq i1 @_ssdm_op_ReadReq.m_axi.i16P1A, i16 %gmem0_1_addr, i64 1" [kernel.cpp:18]   --->   Operation 438 'readreq' 'gmem0_1_load_req' <Predicate = true> <Delay = 3.65> <CoreInst = "m_axi">   --->   Core 119 'm_axi' <Latency = 6> <II = 1> <Delay = 1.00> <Adapter> <Opcode : 'read' 'write' 'readreq' 'writereq' 'writeresp'>
ST_12 : Operation 439 [61/71] (3.65ns)   --->   "%gmem0_2_load_req = readreq i1 @_ssdm_op_ReadReq.m_axi.i16P1A, i16 %gmem0_2_addr, i64 1" [kernel.cpp:18]   --->   Operation 439 'readreq' 'gmem0_2_load_req' <Predicate = true> <Delay = 3.65> <CoreInst = "m_axi">   --->   Core 119 'm_axi' <Latency = 6> <II = 1> <Delay = 1.00> <Adapter> <Opcode : 'read' 'write' 'readreq' 'writereq' 'writeresp'>
ST_12 : Operation 440 [61/71] (3.65ns)   --->   "%gmem0_3_load_req = readreq i1 @_ssdm_op_ReadReq.m_axi.i16P1A, i16 %gmem0_3_addr, i64 1" [kernel.cpp:18]   --->   Operation 440 'readreq' 'gmem0_3_load_req' <Predicate = true> <Delay = 3.65> <CoreInst = "m_axi">   --->   Core 119 'm_axi' <Latency = 6> <II = 1> <Delay = 1.00> <Adapter> <Opcode : 'read' 'write' 'readreq' 'writereq' 'writeresp'>
ST_12 : Operation 441 [61/71] (3.65ns)   --->   "%gmem0_4_load_req = readreq i1 @_ssdm_op_ReadReq.m_axi.i16P1A, i16 %gmem0_4_addr, i64 1" [kernel.cpp:18]   --->   Operation 441 'readreq' 'gmem0_4_load_req' <Predicate = true> <Delay = 3.65> <CoreInst = "m_axi">   --->   Core 119 'm_axi' <Latency = 6> <II = 1> <Delay = 1.00> <Adapter> <Opcode : 'read' 'write' 'readreq' 'writereq' 'writeresp'>
ST_12 : Operation 442 [61/71] (3.65ns)   --->   "%gmem0_5_load_req = readreq i1 @_ssdm_op_ReadReq.m_axi.i16P1A, i16 %gmem0_5_addr, i64 1" [kernel.cpp:18]   --->   Operation 442 'readreq' 'gmem0_5_load_req' <Predicate = true> <Delay = 3.65> <CoreInst = "m_axi">   --->   Core 119 'm_axi' <Latency = 6> <II = 1> <Delay = 1.00> <Adapter> <Opcode : 'read' 'write' 'readreq' 'writereq' 'writeresp'>
ST_12 : Operation 443 [61/71] (3.65ns)   --->   "%gmem0_6_load_req = readreq i1 @_ssdm_op_ReadReq.m_axi.i16P1A, i16 %gmem0_6_addr, i64 1" [kernel.cpp:18]   --->   Operation 443 'readreq' 'gmem0_6_load_req' <Predicate = true> <Delay = 3.65> <CoreInst = "m_axi">   --->   Core 119 'm_axi' <Latency = 6> <II = 1> <Delay = 1.00> <Adapter> <Opcode : 'read' 'write' 'readreq' 'writereq' 'writeresp'>
ST_12 : Operation 444 [61/71] (3.65ns)   --->   "%gmem0_7_load_req = readreq i1 @_ssdm_op_ReadReq.m_axi.i16P1A, i16 %gmem0_7_addr, i64 1" [kernel.cpp:18]   --->   Operation 444 'readreq' 'gmem0_7_load_req' <Predicate = true> <Delay = 3.65> <CoreInst = "m_axi">   --->   Core 119 'm_axi' <Latency = 6> <II = 1> <Delay = 1.00> <Adapter> <Opcode : 'read' 'write' 'readreq' 'writereq' 'writeresp'>
ST_12 : Operation 445 [61/71] (3.65ns)   --->   "%gmem1_1_load_req = readreq i1 @_ssdm_op_ReadReq.m_axi.i16P1A, i16 %gmem1_1_addr, i64 1" [kernel.cpp:18]   --->   Operation 445 'readreq' 'gmem1_1_load_req' <Predicate = true> <Delay = 3.65> <CoreInst = "m_axi">   --->   Core 119 'm_axi' <Latency = 6> <II = 1> <Delay = 1.00> <Adapter> <Opcode : 'read' 'write' 'readreq' 'writereq' 'writeresp'>
ST_12 : Operation 446 [61/71] (3.65ns)   --->   "%gmem1_2_load_req = readreq i1 @_ssdm_op_ReadReq.m_axi.i16P1A, i16 %gmem1_2_addr, i64 1" [kernel.cpp:18]   --->   Operation 446 'readreq' 'gmem1_2_load_req' <Predicate = true> <Delay = 3.65> <CoreInst = "m_axi">   --->   Core 119 'm_axi' <Latency = 6> <II = 1> <Delay = 1.00> <Adapter> <Opcode : 'read' 'write' 'readreq' 'writereq' 'writeresp'>
ST_12 : Operation 447 [61/71] (3.65ns)   --->   "%gmem1_3_load_req = readreq i1 @_ssdm_op_ReadReq.m_axi.i16P1A, i16 %gmem1_3_addr, i64 1" [kernel.cpp:18]   --->   Operation 447 'readreq' 'gmem1_3_load_req' <Predicate = true> <Delay = 3.65> <CoreInst = "m_axi">   --->   Core 119 'm_axi' <Latency = 6> <II = 1> <Delay = 1.00> <Adapter> <Opcode : 'read' 'write' 'readreq' 'writereq' 'writeresp'>
ST_12 : Operation 448 [61/71] (3.65ns)   --->   "%gmem1_4_load_req = readreq i1 @_ssdm_op_ReadReq.m_axi.i16P1A, i16 %gmem1_4_addr, i64 1" [kernel.cpp:18]   --->   Operation 448 'readreq' 'gmem1_4_load_req' <Predicate = true> <Delay = 3.65> <CoreInst = "m_axi">   --->   Core 119 'm_axi' <Latency = 6> <II = 1> <Delay = 1.00> <Adapter> <Opcode : 'read' 'write' 'readreq' 'writereq' 'writeresp'>
ST_12 : Operation 449 [61/71] (3.65ns)   --->   "%gmem1_5_load_req = readreq i1 @_ssdm_op_ReadReq.m_axi.i16P1A, i16 %gmem1_5_addr, i64 1" [kernel.cpp:18]   --->   Operation 449 'readreq' 'gmem1_5_load_req' <Predicate = true> <Delay = 3.65> <CoreInst = "m_axi">   --->   Core 119 'm_axi' <Latency = 6> <II = 1> <Delay = 1.00> <Adapter> <Opcode : 'read' 'write' 'readreq' 'writereq' 'writeresp'>
ST_12 : Operation 450 [61/71] (3.65ns)   --->   "%gmem1_6_load_req = readreq i1 @_ssdm_op_ReadReq.m_axi.i16P1A, i16 %gmem1_6_addr, i64 1" [kernel.cpp:18]   --->   Operation 450 'readreq' 'gmem1_6_load_req' <Predicate = true> <Delay = 3.65> <CoreInst = "m_axi">   --->   Core 119 'm_axi' <Latency = 6> <II = 1> <Delay = 1.00> <Adapter> <Opcode : 'read' 'write' 'readreq' 'writereq' 'writeresp'>
ST_12 : Operation 451 [61/71] (3.65ns)   --->   "%gmem1_7_load_req = readreq i1 @_ssdm_op_ReadReq.m_axi.i16P1A, i16 %gmem1_7_addr, i64 1" [kernel.cpp:18]   --->   Operation 451 'readreq' 'gmem1_7_load_req' <Predicate = true> <Delay = 3.65> <CoreInst = "m_axi">   --->   Core 119 'm_axi' <Latency = 6> <II = 1> <Delay = 1.00> <Adapter> <Opcode : 'read' 'write' 'readreq' 'writereq' 'writeresp'>

State 13 <SV = 12> <Delay = 3.65>
ST_13 : Operation 452 [60/71] (3.65ns)   --->   "%gmem0_0_load_req = readreq i1 @_ssdm_op_ReadReq.m_axi.i16P1A, i16 %gmem0_0_addr, i64 1" [kernel.cpp:18]   --->   Operation 452 'readreq' 'gmem0_0_load_req' <Predicate = true> <Delay = 3.65> <CoreInst = "m_axi">   --->   Core 119 'm_axi' <Latency = 6> <II = 1> <Delay = 1.00> <Adapter> <Opcode : 'read' 'write' 'readreq' 'writereq' 'writeresp'>
ST_13 : Operation 453 [60/71] (3.65ns)   --->   "%gmem1_0_load_req = readreq i1 @_ssdm_op_ReadReq.m_axi.i16P1A, i16 %gmem1_0_addr, i64 1" [kernel.cpp:18]   --->   Operation 453 'readreq' 'gmem1_0_load_req' <Predicate = true> <Delay = 3.65> <CoreInst = "m_axi">   --->   Core 119 'm_axi' <Latency = 6> <II = 1> <Delay = 1.00> <Adapter> <Opcode : 'read' 'write' 'readreq' 'writereq' 'writeresp'>
ST_13 : Operation 454 [60/71] (3.65ns)   --->   "%gmem0_1_load_req = readreq i1 @_ssdm_op_ReadReq.m_axi.i16P1A, i16 %gmem0_1_addr, i64 1" [kernel.cpp:18]   --->   Operation 454 'readreq' 'gmem0_1_load_req' <Predicate = true> <Delay = 3.65> <CoreInst = "m_axi">   --->   Core 119 'm_axi' <Latency = 6> <II = 1> <Delay = 1.00> <Adapter> <Opcode : 'read' 'write' 'readreq' 'writereq' 'writeresp'>
ST_13 : Operation 455 [60/71] (3.65ns)   --->   "%gmem0_2_load_req = readreq i1 @_ssdm_op_ReadReq.m_axi.i16P1A, i16 %gmem0_2_addr, i64 1" [kernel.cpp:18]   --->   Operation 455 'readreq' 'gmem0_2_load_req' <Predicate = true> <Delay = 3.65> <CoreInst = "m_axi">   --->   Core 119 'm_axi' <Latency = 6> <II = 1> <Delay = 1.00> <Adapter> <Opcode : 'read' 'write' 'readreq' 'writereq' 'writeresp'>
ST_13 : Operation 456 [60/71] (3.65ns)   --->   "%gmem0_3_load_req = readreq i1 @_ssdm_op_ReadReq.m_axi.i16P1A, i16 %gmem0_3_addr, i64 1" [kernel.cpp:18]   --->   Operation 456 'readreq' 'gmem0_3_load_req' <Predicate = true> <Delay = 3.65> <CoreInst = "m_axi">   --->   Core 119 'm_axi' <Latency = 6> <II = 1> <Delay = 1.00> <Adapter> <Opcode : 'read' 'write' 'readreq' 'writereq' 'writeresp'>
ST_13 : Operation 457 [60/71] (3.65ns)   --->   "%gmem0_4_load_req = readreq i1 @_ssdm_op_ReadReq.m_axi.i16P1A, i16 %gmem0_4_addr, i64 1" [kernel.cpp:18]   --->   Operation 457 'readreq' 'gmem0_4_load_req' <Predicate = true> <Delay = 3.65> <CoreInst = "m_axi">   --->   Core 119 'm_axi' <Latency = 6> <II = 1> <Delay = 1.00> <Adapter> <Opcode : 'read' 'write' 'readreq' 'writereq' 'writeresp'>
ST_13 : Operation 458 [60/71] (3.65ns)   --->   "%gmem0_5_load_req = readreq i1 @_ssdm_op_ReadReq.m_axi.i16P1A, i16 %gmem0_5_addr, i64 1" [kernel.cpp:18]   --->   Operation 458 'readreq' 'gmem0_5_load_req' <Predicate = true> <Delay = 3.65> <CoreInst = "m_axi">   --->   Core 119 'm_axi' <Latency = 6> <II = 1> <Delay = 1.00> <Adapter> <Opcode : 'read' 'write' 'readreq' 'writereq' 'writeresp'>
ST_13 : Operation 459 [60/71] (3.65ns)   --->   "%gmem0_6_load_req = readreq i1 @_ssdm_op_ReadReq.m_axi.i16P1A, i16 %gmem0_6_addr, i64 1" [kernel.cpp:18]   --->   Operation 459 'readreq' 'gmem0_6_load_req' <Predicate = true> <Delay = 3.65> <CoreInst = "m_axi">   --->   Core 119 'm_axi' <Latency = 6> <II = 1> <Delay = 1.00> <Adapter> <Opcode : 'read' 'write' 'readreq' 'writereq' 'writeresp'>
ST_13 : Operation 460 [60/71] (3.65ns)   --->   "%gmem0_7_load_req = readreq i1 @_ssdm_op_ReadReq.m_axi.i16P1A, i16 %gmem0_7_addr, i64 1" [kernel.cpp:18]   --->   Operation 460 'readreq' 'gmem0_7_load_req' <Predicate = true> <Delay = 3.65> <CoreInst = "m_axi">   --->   Core 119 'm_axi' <Latency = 6> <II = 1> <Delay = 1.00> <Adapter> <Opcode : 'read' 'write' 'readreq' 'writereq' 'writeresp'>
ST_13 : Operation 461 [60/71] (3.65ns)   --->   "%gmem1_1_load_req = readreq i1 @_ssdm_op_ReadReq.m_axi.i16P1A, i16 %gmem1_1_addr, i64 1" [kernel.cpp:18]   --->   Operation 461 'readreq' 'gmem1_1_load_req' <Predicate = true> <Delay = 3.65> <CoreInst = "m_axi">   --->   Core 119 'm_axi' <Latency = 6> <II = 1> <Delay = 1.00> <Adapter> <Opcode : 'read' 'write' 'readreq' 'writereq' 'writeresp'>
ST_13 : Operation 462 [60/71] (3.65ns)   --->   "%gmem1_2_load_req = readreq i1 @_ssdm_op_ReadReq.m_axi.i16P1A, i16 %gmem1_2_addr, i64 1" [kernel.cpp:18]   --->   Operation 462 'readreq' 'gmem1_2_load_req' <Predicate = true> <Delay = 3.65> <CoreInst = "m_axi">   --->   Core 119 'm_axi' <Latency = 6> <II = 1> <Delay = 1.00> <Adapter> <Opcode : 'read' 'write' 'readreq' 'writereq' 'writeresp'>
ST_13 : Operation 463 [60/71] (3.65ns)   --->   "%gmem1_3_load_req = readreq i1 @_ssdm_op_ReadReq.m_axi.i16P1A, i16 %gmem1_3_addr, i64 1" [kernel.cpp:18]   --->   Operation 463 'readreq' 'gmem1_3_load_req' <Predicate = true> <Delay = 3.65> <CoreInst = "m_axi">   --->   Core 119 'm_axi' <Latency = 6> <II = 1> <Delay = 1.00> <Adapter> <Opcode : 'read' 'write' 'readreq' 'writereq' 'writeresp'>
ST_13 : Operation 464 [60/71] (3.65ns)   --->   "%gmem1_4_load_req = readreq i1 @_ssdm_op_ReadReq.m_axi.i16P1A, i16 %gmem1_4_addr, i64 1" [kernel.cpp:18]   --->   Operation 464 'readreq' 'gmem1_4_load_req' <Predicate = true> <Delay = 3.65> <CoreInst = "m_axi">   --->   Core 119 'm_axi' <Latency = 6> <II = 1> <Delay = 1.00> <Adapter> <Opcode : 'read' 'write' 'readreq' 'writereq' 'writeresp'>
ST_13 : Operation 465 [60/71] (3.65ns)   --->   "%gmem1_5_load_req = readreq i1 @_ssdm_op_ReadReq.m_axi.i16P1A, i16 %gmem1_5_addr, i64 1" [kernel.cpp:18]   --->   Operation 465 'readreq' 'gmem1_5_load_req' <Predicate = true> <Delay = 3.65> <CoreInst = "m_axi">   --->   Core 119 'm_axi' <Latency = 6> <II = 1> <Delay = 1.00> <Adapter> <Opcode : 'read' 'write' 'readreq' 'writereq' 'writeresp'>
ST_13 : Operation 466 [60/71] (3.65ns)   --->   "%gmem1_6_load_req = readreq i1 @_ssdm_op_ReadReq.m_axi.i16P1A, i16 %gmem1_6_addr, i64 1" [kernel.cpp:18]   --->   Operation 466 'readreq' 'gmem1_6_load_req' <Predicate = true> <Delay = 3.65> <CoreInst = "m_axi">   --->   Core 119 'm_axi' <Latency = 6> <II = 1> <Delay = 1.00> <Adapter> <Opcode : 'read' 'write' 'readreq' 'writereq' 'writeresp'>
ST_13 : Operation 467 [60/71] (3.65ns)   --->   "%gmem1_7_load_req = readreq i1 @_ssdm_op_ReadReq.m_axi.i16P1A, i16 %gmem1_7_addr, i64 1" [kernel.cpp:18]   --->   Operation 467 'readreq' 'gmem1_7_load_req' <Predicate = true> <Delay = 3.65> <CoreInst = "m_axi">   --->   Core 119 'm_axi' <Latency = 6> <II = 1> <Delay = 1.00> <Adapter> <Opcode : 'read' 'write' 'readreq' 'writereq' 'writeresp'>

State 14 <SV = 13> <Delay = 3.65>
ST_14 : Operation 468 [59/71] (3.65ns)   --->   "%gmem0_0_load_req = readreq i1 @_ssdm_op_ReadReq.m_axi.i16P1A, i16 %gmem0_0_addr, i64 1" [kernel.cpp:18]   --->   Operation 468 'readreq' 'gmem0_0_load_req' <Predicate = true> <Delay = 3.65> <CoreInst = "m_axi">   --->   Core 119 'm_axi' <Latency = 6> <II = 1> <Delay = 1.00> <Adapter> <Opcode : 'read' 'write' 'readreq' 'writereq' 'writeresp'>
ST_14 : Operation 469 [59/71] (3.65ns)   --->   "%gmem1_0_load_req = readreq i1 @_ssdm_op_ReadReq.m_axi.i16P1A, i16 %gmem1_0_addr, i64 1" [kernel.cpp:18]   --->   Operation 469 'readreq' 'gmem1_0_load_req' <Predicate = true> <Delay = 3.65> <CoreInst = "m_axi">   --->   Core 119 'm_axi' <Latency = 6> <II = 1> <Delay = 1.00> <Adapter> <Opcode : 'read' 'write' 'readreq' 'writereq' 'writeresp'>
ST_14 : Operation 470 [59/71] (3.65ns)   --->   "%gmem0_1_load_req = readreq i1 @_ssdm_op_ReadReq.m_axi.i16P1A, i16 %gmem0_1_addr, i64 1" [kernel.cpp:18]   --->   Operation 470 'readreq' 'gmem0_1_load_req' <Predicate = true> <Delay = 3.65> <CoreInst = "m_axi">   --->   Core 119 'm_axi' <Latency = 6> <II = 1> <Delay = 1.00> <Adapter> <Opcode : 'read' 'write' 'readreq' 'writereq' 'writeresp'>
ST_14 : Operation 471 [59/71] (3.65ns)   --->   "%gmem0_2_load_req = readreq i1 @_ssdm_op_ReadReq.m_axi.i16P1A, i16 %gmem0_2_addr, i64 1" [kernel.cpp:18]   --->   Operation 471 'readreq' 'gmem0_2_load_req' <Predicate = true> <Delay = 3.65> <CoreInst = "m_axi">   --->   Core 119 'm_axi' <Latency = 6> <II = 1> <Delay = 1.00> <Adapter> <Opcode : 'read' 'write' 'readreq' 'writereq' 'writeresp'>
ST_14 : Operation 472 [59/71] (3.65ns)   --->   "%gmem0_3_load_req = readreq i1 @_ssdm_op_ReadReq.m_axi.i16P1A, i16 %gmem0_3_addr, i64 1" [kernel.cpp:18]   --->   Operation 472 'readreq' 'gmem0_3_load_req' <Predicate = true> <Delay = 3.65> <CoreInst = "m_axi">   --->   Core 119 'm_axi' <Latency = 6> <II = 1> <Delay = 1.00> <Adapter> <Opcode : 'read' 'write' 'readreq' 'writereq' 'writeresp'>
ST_14 : Operation 473 [59/71] (3.65ns)   --->   "%gmem0_4_load_req = readreq i1 @_ssdm_op_ReadReq.m_axi.i16P1A, i16 %gmem0_4_addr, i64 1" [kernel.cpp:18]   --->   Operation 473 'readreq' 'gmem0_4_load_req' <Predicate = true> <Delay = 3.65> <CoreInst = "m_axi">   --->   Core 119 'm_axi' <Latency = 6> <II = 1> <Delay = 1.00> <Adapter> <Opcode : 'read' 'write' 'readreq' 'writereq' 'writeresp'>
ST_14 : Operation 474 [59/71] (3.65ns)   --->   "%gmem0_5_load_req = readreq i1 @_ssdm_op_ReadReq.m_axi.i16P1A, i16 %gmem0_5_addr, i64 1" [kernel.cpp:18]   --->   Operation 474 'readreq' 'gmem0_5_load_req' <Predicate = true> <Delay = 3.65> <CoreInst = "m_axi">   --->   Core 119 'm_axi' <Latency = 6> <II = 1> <Delay = 1.00> <Adapter> <Opcode : 'read' 'write' 'readreq' 'writereq' 'writeresp'>
ST_14 : Operation 475 [59/71] (3.65ns)   --->   "%gmem0_6_load_req = readreq i1 @_ssdm_op_ReadReq.m_axi.i16P1A, i16 %gmem0_6_addr, i64 1" [kernel.cpp:18]   --->   Operation 475 'readreq' 'gmem0_6_load_req' <Predicate = true> <Delay = 3.65> <CoreInst = "m_axi">   --->   Core 119 'm_axi' <Latency = 6> <II = 1> <Delay = 1.00> <Adapter> <Opcode : 'read' 'write' 'readreq' 'writereq' 'writeresp'>
ST_14 : Operation 476 [59/71] (3.65ns)   --->   "%gmem0_7_load_req = readreq i1 @_ssdm_op_ReadReq.m_axi.i16P1A, i16 %gmem0_7_addr, i64 1" [kernel.cpp:18]   --->   Operation 476 'readreq' 'gmem0_7_load_req' <Predicate = true> <Delay = 3.65> <CoreInst = "m_axi">   --->   Core 119 'm_axi' <Latency = 6> <II = 1> <Delay = 1.00> <Adapter> <Opcode : 'read' 'write' 'readreq' 'writereq' 'writeresp'>
ST_14 : Operation 477 [59/71] (3.65ns)   --->   "%gmem1_1_load_req = readreq i1 @_ssdm_op_ReadReq.m_axi.i16P1A, i16 %gmem1_1_addr, i64 1" [kernel.cpp:18]   --->   Operation 477 'readreq' 'gmem1_1_load_req' <Predicate = true> <Delay = 3.65> <CoreInst = "m_axi">   --->   Core 119 'm_axi' <Latency = 6> <II = 1> <Delay = 1.00> <Adapter> <Opcode : 'read' 'write' 'readreq' 'writereq' 'writeresp'>
ST_14 : Operation 478 [59/71] (3.65ns)   --->   "%gmem1_2_load_req = readreq i1 @_ssdm_op_ReadReq.m_axi.i16P1A, i16 %gmem1_2_addr, i64 1" [kernel.cpp:18]   --->   Operation 478 'readreq' 'gmem1_2_load_req' <Predicate = true> <Delay = 3.65> <CoreInst = "m_axi">   --->   Core 119 'm_axi' <Latency = 6> <II = 1> <Delay = 1.00> <Adapter> <Opcode : 'read' 'write' 'readreq' 'writereq' 'writeresp'>
ST_14 : Operation 479 [59/71] (3.65ns)   --->   "%gmem1_3_load_req = readreq i1 @_ssdm_op_ReadReq.m_axi.i16P1A, i16 %gmem1_3_addr, i64 1" [kernel.cpp:18]   --->   Operation 479 'readreq' 'gmem1_3_load_req' <Predicate = true> <Delay = 3.65> <CoreInst = "m_axi">   --->   Core 119 'm_axi' <Latency = 6> <II = 1> <Delay = 1.00> <Adapter> <Opcode : 'read' 'write' 'readreq' 'writereq' 'writeresp'>
ST_14 : Operation 480 [59/71] (3.65ns)   --->   "%gmem1_4_load_req = readreq i1 @_ssdm_op_ReadReq.m_axi.i16P1A, i16 %gmem1_4_addr, i64 1" [kernel.cpp:18]   --->   Operation 480 'readreq' 'gmem1_4_load_req' <Predicate = true> <Delay = 3.65> <CoreInst = "m_axi">   --->   Core 119 'm_axi' <Latency = 6> <II = 1> <Delay = 1.00> <Adapter> <Opcode : 'read' 'write' 'readreq' 'writereq' 'writeresp'>
ST_14 : Operation 481 [59/71] (3.65ns)   --->   "%gmem1_5_load_req = readreq i1 @_ssdm_op_ReadReq.m_axi.i16P1A, i16 %gmem1_5_addr, i64 1" [kernel.cpp:18]   --->   Operation 481 'readreq' 'gmem1_5_load_req' <Predicate = true> <Delay = 3.65> <CoreInst = "m_axi">   --->   Core 119 'm_axi' <Latency = 6> <II = 1> <Delay = 1.00> <Adapter> <Opcode : 'read' 'write' 'readreq' 'writereq' 'writeresp'>
ST_14 : Operation 482 [59/71] (3.65ns)   --->   "%gmem1_6_load_req = readreq i1 @_ssdm_op_ReadReq.m_axi.i16P1A, i16 %gmem1_6_addr, i64 1" [kernel.cpp:18]   --->   Operation 482 'readreq' 'gmem1_6_load_req' <Predicate = true> <Delay = 3.65> <CoreInst = "m_axi">   --->   Core 119 'm_axi' <Latency = 6> <II = 1> <Delay = 1.00> <Adapter> <Opcode : 'read' 'write' 'readreq' 'writereq' 'writeresp'>
ST_14 : Operation 483 [59/71] (3.65ns)   --->   "%gmem1_7_load_req = readreq i1 @_ssdm_op_ReadReq.m_axi.i16P1A, i16 %gmem1_7_addr, i64 1" [kernel.cpp:18]   --->   Operation 483 'readreq' 'gmem1_7_load_req' <Predicate = true> <Delay = 3.65> <CoreInst = "m_axi">   --->   Core 119 'm_axi' <Latency = 6> <II = 1> <Delay = 1.00> <Adapter> <Opcode : 'read' 'write' 'readreq' 'writereq' 'writeresp'>

State 15 <SV = 14> <Delay = 3.65>
ST_15 : Operation 484 [58/71] (3.65ns)   --->   "%gmem0_0_load_req = readreq i1 @_ssdm_op_ReadReq.m_axi.i16P1A, i16 %gmem0_0_addr, i64 1" [kernel.cpp:18]   --->   Operation 484 'readreq' 'gmem0_0_load_req' <Predicate = true> <Delay = 3.65> <CoreInst = "m_axi">   --->   Core 119 'm_axi' <Latency = 6> <II = 1> <Delay = 1.00> <Adapter> <Opcode : 'read' 'write' 'readreq' 'writereq' 'writeresp'>
ST_15 : Operation 485 [58/71] (3.65ns)   --->   "%gmem1_0_load_req = readreq i1 @_ssdm_op_ReadReq.m_axi.i16P1A, i16 %gmem1_0_addr, i64 1" [kernel.cpp:18]   --->   Operation 485 'readreq' 'gmem1_0_load_req' <Predicate = true> <Delay = 3.65> <CoreInst = "m_axi">   --->   Core 119 'm_axi' <Latency = 6> <II = 1> <Delay = 1.00> <Adapter> <Opcode : 'read' 'write' 'readreq' 'writereq' 'writeresp'>
ST_15 : Operation 486 [58/71] (3.65ns)   --->   "%gmem0_1_load_req = readreq i1 @_ssdm_op_ReadReq.m_axi.i16P1A, i16 %gmem0_1_addr, i64 1" [kernel.cpp:18]   --->   Operation 486 'readreq' 'gmem0_1_load_req' <Predicate = true> <Delay = 3.65> <CoreInst = "m_axi">   --->   Core 119 'm_axi' <Latency = 6> <II = 1> <Delay = 1.00> <Adapter> <Opcode : 'read' 'write' 'readreq' 'writereq' 'writeresp'>
ST_15 : Operation 487 [58/71] (3.65ns)   --->   "%gmem0_2_load_req = readreq i1 @_ssdm_op_ReadReq.m_axi.i16P1A, i16 %gmem0_2_addr, i64 1" [kernel.cpp:18]   --->   Operation 487 'readreq' 'gmem0_2_load_req' <Predicate = true> <Delay = 3.65> <CoreInst = "m_axi">   --->   Core 119 'm_axi' <Latency = 6> <II = 1> <Delay = 1.00> <Adapter> <Opcode : 'read' 'write' 'readreq' 'writereq' 'writeresp'>
ST_15 : Operation 488 [58/71] (3.65ns)   --->   "%gmem0_3_load_req = readreq i1 @_ssdm_op_ReadReq.m_axi.i16P1A, i16 %gmem0_3_addr, i64 1" [kernel.cpp:18]   --->   Operation 488 'readreq' 'gmem0_3_load_req' <Predicate = true> <Delay = 3.65> <CoreInst = "m_axi">   --->   Core 119 'm_axi' <Latency = 6> <II = 1> <Delay = 1.00> <Adapter> <Opcode : 'read' 'write' 'readreq' 'writereq' 'writeresp'>
ST_15 : Operation 489 [58/71] (3.65ns)   --->   "%gmem0_4_load_req = readreq i1 @_ssdm_op_ReadReq.m_axi.i16P1A, i16 %gmem0_4_addr, i64 1" [kernel.cpp:18]   --->   Operation 489 'readreq' 'gmem0_4_load_req' <Predicate = true> <Delay = 3.65> <CoreInst = "m_axi">   --->   Core 119 'm_axi' <Latency = 6> <II = 1> <Delay = 1.00> <Adapter> <Opcode : 'read' 'write' 'readreq' 'writereq' 'writeresp'>
ST_15 : Operation 490 [58/71] (3.65ns)   --->   "%gmem0_5_load_req = readreq i1 @_ssdm_op_ReadReq.m_axi.i16P1A, i16 %gmem0_5_addr, i64 1" [kernel.cpp:18]   --->   Operation 490 'readreq' 'gmem0_5_load_req' <Predicate = true> <Delay = 3.65> <CoreInst = "m_axi">   --->   Core 119 'm_axi' <Latency = 6> <II = 1> <Delay = 1.00> <Adapter> <Opcode : 'read' 'write' 'readreq' 'writereq' 'writeresp'>
ST_15 : Operation 491 [58/71] (3.65ns)   --->   "%gmem0_6_load_req = readreq i1 @_ssdm_op_ReadReq.m_axi.i16P1A, i16 %gmem0_6_addr, i64 1" [kernel.cpp:18]   --->   Operation 491 'readreq' 'gmem0_6_load_req' <Predicate = true> <Delay = 3.65> <CoreInst = "m_axi">   --->   Core 119 'm_axi' <Latency = 6> <II = 1> <Delay = 1.00> <Adapter> <Opcode : 'read' 'write' 'readreq' 'writereq' 'writeresp'>
ST_15 : Operation 492 [58/71] (3.65ns)   --->   "%gmem0_7_load_req = readreq i1 @_ssdm_op_ReadReq.m_axi.i16P1A, i16 %gmem0_7_addr, i64 1" [kernel.cpp:18]   --->   Operation 492 'readreq' 'gmem0_7_load_req' <Predicate = true> <Delay = 3.65> <CoreInst = "m_axi">   --->   Core 119 'm_axi' <Latency = 6> <II = 1> <Delay = 1.00> <Adapter> <Opcode : 'read' 'write' 'readreq' 'writereq' 'writeresp'>
ST_15 : Operation 493 [58/71] (3.65ns)   --->   "%gmem1_1_load_req = readreq i1 @_ssdm_op_ReadReq.m_axi.i16P1A, i16 %gmem1_1_addr, i64 1" [kernel.cpp:18]   --->   Operation 493 'readreq' 'gmem1_1_load_req' <Predicate = true> <Delay = 3.65> <CoreInst = "m_axi">   --->   Core 119 'm_axi' <Latency = 6> <II = 1> <Delay = 1.00> <Adapter> <Opcode : 'read' 'write' 'readreq' 'writereq' 'writeresp'>
ST_15 : Operation 494 [58/71] (3.65ns)   --->   "%gmem1_2_load_req = readreq i1 @_ssdm_op_ReadReq.m_axi.i16P1A, i16 %gmem1_2_addr, i64 1" [kernel.cpp:18]   --->   Operation 494 'readreq' 'gmem1_2_load_req' <Predicate = true> <Delay = 3.65> <CoreInst = "m_axi">   --->   Core 119 'm_axi' <Latency = 6> <II = 1> <Delay = 1.00> <Adapter> <Opcode : 'read' 'write' 'readreq' 'writereq' 'writeresp'>
ST_15 : Operation 495 [58/71] (3.65ns)   --->   "%gmem1_3_load_req = readreq i1 @_ssdm_op_ReadReq.m_axi.i16P1A, i16 %gmem1_3_addr, i64 1" [kernel.cpp:18]   --->   Operation 495 'readreq' 'gmem1_3_load_req' <Predicate = true> <Delay = 3.65> <CoreInst = "m_axi">   --->   Core 119 'm_axi' <Latency = 6> <II = 1> <Delay = 1.00> <Adapter> <Opcode : 'read' 'write' 'readreq' 'writereq' 'writeresp'>
ST_15 : Operation 496 [58/71] (3.65ns)   --->   "%gmem1_4_load_req = readreq i1 @_ssdm_op_ReadReq.m_axi.i16P1A, i16 %gmem1_4_addr, i64 1" [kernel.cpp:18]   --->   Operation 496 'readreq' 'gmem1_4_load_req' <Predicate = true> <Delay = 3.65> <CoreInst = "m_axi">   --->   Core 119 'm_axi' <Latency = 6> <II = 1> <Delay = 1.00> <Adapter> <Opcode : 'read' 'write' 'readreq' 'writereq' 'writeresp'>
ST_15 : Operation 497 [58/71] (3.65ns)   --->   "%gmem1_5_load_req = readreq i1 @_ssdm_op_ReadReq.m_axi.i16P1A, i16 %gmem1_5_addr, i64 1" [kernel.cpp:18]   --->   Operation 497 'readreq' 'gmem1_5_load_req' <Predicate = true> <Delay = 3.65> <CoreInst = "m_axi">   --->   Core 119 'm_axi' <Latency = 6> <II = 1> <Delay = 1.00> <Adapter> <Opcode : 'read' 'write' 'readreq' 'writereq' 'writeresp'>
ST_15 : Operation 498 [58/71] (3.65ns)   --->   "%gmem1_6_load_req = readreq i1 @_ssdm_op_ReadReq.m_axi.i16P1A, i16 %gmem1_6_addr, i64 1" [kernel.cpp:18]   --->   Operation 498 'readreq' 'gmem1_6_load_req' <Predicate = true> <Delay = 3.65> <CoreInst = "m_axi">   --->   Core 119 'm_axi' <Latency = 6> <II = 1> <Delay = 1.00> <Adapter> <Opcode : 'read' 'write' 'readreq' 'writereq' 'writeresp'>
ST_15 : Operation 499 [58/71] (3.65ns)   --->   "%gmem1_7_load_req = readreq i1 @_ssdm_op_ReadReq.m_axi.i16P1A, i16 %gmem1_7_addr, i64 1" [kernel.cpp:18]   --->   Operation 499 'readreq' 'gmem1_7_load_req' <Predicate = true> <Delay = 3.65> <CoreInst = "m_axi">   --->   Core 119 'm_axi' <Latency = 6> <II = 1> <Delay = 1.00> <Adapter> <Opcode : 'read' 'write' 'readreq' 'writereq' 'writeresp'>

State 16 <SV = 15> <Delay = 3.65>
ST_16 : Operation 500 [57/71] (3.65ns)   --->   "%gmem0_0_load_req = readreq i1 @_ssdm_op_ReadReq.m_axi.i16P1A, i16 %gmem0_0_addr, i64 1" [kernel.cpp:18]   --->   Operation 500 'readreq' 'gmem0_0_load_req' <Predicate = true> <Delay = 3.65> <CoreInst = "m_axi">   --->   Core 119 'm_axi' <Latency = 6> <II = 1> <Delay = 1.00> <Adapter> <Opcode : 'read' 'write' 'readreq' 'writereq' 'writeresp'>
ST_16 : Operation 501 [57/71] (3.65ns)   --->   "%gmem1_0_load_req = readreq i1 @_ssdm_op_ReadReq.m_axi.i16P1A, i16 %gmem1_0_addr, i64 1" [kernel.cpp:18]   --->   Operation 501 'readreq' 'gmem1_0_load_req' <Predicate = true> <Delay = 3.65> <CoreInst = "m_axi">   --->   Core 119 'm_axi' <Latency = 6> <II = 1> <Delay = 1.00> <Adapter> <Opcode : 'read' 'write' 'readreq' 'writereq' 'writeresp'>
ST_16 : Operation 502 [57/71] (3.65ns)   --->   "%gmem0_1_load_req = readreq i1 @_ssdm_op_ReadReq.m_axi.i16P1A, i16 %gmem0_1_addr, i64 1" [kernel.cpp:18]   --->   Operation 502 'readreq' 'gmem0_1_load_req' <Predicate = true> <Delay = 3.65> <CoreInst = "m_axi">   --->   Core 119 'm_axi' <Latency = 6> <II = 1> <Delay = 1.00> <Adapter> <Opcode : 'read' 'write' 'readreq' 'writereq' 'writeresp'>
ST_16 : Operation 503 [57/71] (3.65ns)   --->   "%gmem0_2_load_req = readreq i1 @_ssdm_op_ReadReq.m_axi.i16P1A, i16 %gmem0_2_addr, i64 1" [kernel.cpp:18]   --->   Operation 503 'readreq' 'gmem0_2_load_req' <Predicate = true> <Delay = 3.65> <CoreInst = "m_axi">   --->   Core 119 'm_axi' <Latency = 6> <II = 1> <Delay = 1.00> <Adapter> <Opcode : 'read' 'write' 'readreq' 'writereq' 'writeresp'>
ST_16 : Operation 504 [57/71] (3.65ns)   --->   "%gmem0_3_load_req = readreq i1 @_ssdm_op_ReadReq.m_axi.i16P1A, i16 %gmem0_3_addr, i64 1" [kernel.cpp:18]   --->   Operation 504 'readreq' 'gmem0_3_load_req' <Predicate = true> <Delay = 3.65> <CoreInst = "m_axi">   --->   Core 119 'm_axi' <Latency = 6> <II = 1> <Delay = 1.00> <Adapter> <Opcode : 'read' 'write' 'readreq' 'writereq' 'writeresp'>
ST_16 : Operation 505 [57/71] (3.65ns)   --->   "%gmem0_4_load_req = readreq i1 @_ssdm_op_ReadReq.m_axi.i16P1A, i16 %gmem0_4_addr, i64 1" [kernel.cpp:18]   --->   Operation 505 'readreq' 'gmem0_4_load_req' <Predicate = true> <Delay = 3.65> <CoreInst = "m_axi">   --->   Core 119 'm_axi' <Latency = 6> <II = 1> <Delay = 1.00> <Adapter> <Opcode : 'read' 'write' 'readreq' 'writereq' 'writeresp'>
ST_16 : Operation 506 [57/71] (3.65ns)   --->   "%gmem0_5_load_req = readreq i1 @_ssdm_op_ReadReq.m_axi.i16P1A, i16 %gmem0_5_addr, i64 1" [kernel.cpp:18]   --->   Operation 506 'readreq' 'gmem0_5_load_req' <Predicate = true> <Delay = 3.65> <CoreInst = "m_axi">   --->   Core 119 'm_axi' <Latency = 6> <II = 1> <Delay = 1.00> <Adapter> <Opcode : 'read' 'write' 'readreq' 'writereq' 'writeresp'>
ST_16 : Operation 507 [57/71] (3.65ns)   --->   "%gmem0_6_load_req = readreq i1 @_ssdm_op_ReadReq.m_axi.i16P1A, i16 %gmem0_6_addr, i64 1" [kernel.cpp:18]   --->   Operation 507 'readreq' 'gmem0_6_load_req' <Predicate = true> <Delay = 3.65> <CoreInst = "m_axi">   --->   Core 119 'm_axi' <Latency = 6> <II = 1> <Delay = 1.00> <Adapter> <Opcode : 'read' 'write' 'readreq' 'writereq' 'writeresp'>
ST_16 : Operation 508 [57/71] (3.65ns)   --->   "%gmem0_7_load_req = readreq i1 @_ssdm_op_ReadReq.m_axi.i16P1A, i16 %gmem0_7_addr, i64 1" [kernel.cpp:18]   --->   Operation 508 'readreq' 'gmem0_7_load_req' <Predicate = true> <Delay = 3.65> <CoreInst = "m_axi">   --->   Core 119 'm_axi' <Latency = 6> <II = 1> <Delay = 1.00> <Adapter> <Opcode : 'read' 'write' 'readreq' 'writereq' 'writeresp'>
ST_16 : Operation 509 [57/71] (3.65ns)   --->   "%gmem1_1_load_req = readreq i1 @_ssdm_op_ReadReq.m_axi.i16P1A, i16 %gmem1_1_addr, i64 1" [kernel.cpp:18]   --->   Operation 509 'readreq' 'gmem1_1_load_req' <Predicate = true> <Delay = 3.65> <CoreInst = "m_axi">   --->   Core 119 'm_axi' <Latency = 6> <II = 1> <Delay = 1.00> <Adapter> <Opcode : 'read' 'write' 'readreq' 'writereq' 'writeresp'>
ST_16 : Operation 510 [57/71] (3.65ns)   --->   "%gmem1_2_load_req = readreq i1 @_ssdm_op_ReadReq.m_axi.i16P1A, i16 %gmem1_2_addr, i64 1" [kernel.cpp:18]   --->   Operation 510 'readreq' 'gmem1_2_load_req' <Predicate = true> <Delay = 3.65> <CoreInst = "m_axi">   --->   Core 119 'm_axi' <Latency = 6> <II = 1> <Delay = 1.00> <Adapter> <Opcode : 'read' 'write' 'readreq' 'writereq' 'writeresp'>
ST_16 : Operation 511 [57/71] (3.65ns)   --->   "%gmem1_3_load_req = readreq i1 @_ssdm_op_ReadReq.m_axi.i16P1A, i16 %gmem1_3_addr, i64 1" [kernel.cpp:18]   --->   Operation 511 'readreq' 'gmem1_3_load_req' <Predicate = true> <Delay = 3.65> <CoreInst = "m_axi">   --->   Core 119 'm_axi' <Latency = 6> <II = 1> <Delay = 1.00> <Adapter> <Opcode : 'read' 'write' 'readreq' 'writereq' 'writeresp'>
ST_16 : Operation 512 [57/71] (3.65ns)   --->   "%gmem1_4_load_req = readreq i1 @_ssdm_op_ReadReq.m_axi.i16P1A, i16 %gmem1_4_addr, i64 1" [kernel.cpp:18]   --->   Operation 512 'readreq' 'gmem1_4_load_req' <Predicate = true> <Delay = 3.65> <CoreInst = "m_axi">   --->   Core 119 'm_axi' <Latency = 6> <II = 1> <Delay = 1.00> <Adapter> <Opcode : 'read' 'write' 'readreq' 'writereq' 'writeresp'>
ST_16 : Operation 513 [57/71] (3.65ns)   --->   "%gmem1_5_load_req = readreq i1 @_ssdm_op_ReadReq.m_axi.i16P1A, i16 %gmem1_5_addr, i64 1" [kernel.cpp:18]   --->   Operation 513 'readreq' 'gmem1_5_load_req' <Predicate = true> <Delay = 3.65> <CoreInst = "m_axi">   --->   Core 119 'm_axi' <Latency = 6> <II = 1> <Delay = 1.00> <Adapter> <Opcode : 'read' 'write' 'readreq' 'writereq' 'writeresp'>
ST_16 : Operation 514 [57/71] (3.65ns)   --->   "%gmem1_6_load_req = readreq i1 @_ssdm_op_ReadReq.m_axi.i16P1A, i16 %gmem1_6_addr, i64 1" [kernel.cpp:18]   --->   Operation 514 'readreq' 'gmem1_6_load_req' <Predicate = true> <Delay = 3.65> <CoreInst = "m_axi">   --->   Core 119 'm_axi' <Latency = 6> <II = 1> <Delay = 1.00> <Adapter> <Opcode : 'read' 'write' 'readreq' 'writereq' 'writeresp'>
ST_16 : Operation 515 [57/71] (3.65ns)   --->   "%gmem1_7_load_req = readreq i1 @_ssdm_op_ReadReq.m_axi.i16P1A, i16 %gmem1_7_addr, i64 1" [kernel.cpp:18]   --->   Operation 515 'readreq' 'gmem1_7_load_req' <Predicate = true> <Delay = 3.65> <CoreInst = "m_axi">   --->   Core 119 'm_axi' <Latency = 6> <II = 1> <Delay = 1.00> <Adapter> <Opcode : 'read' 'write' 'readreq' 'writereq' 'writeresp'>

State 17 <SV = 16> <Delay = 3.65>
ST_17 : Operation 516 [56/71] (3.65ns)   --->   "%gmem0_0_load_req = readreq i1 @_ssdm_op_ReadReq.m_axi.i16P1A, i16 %gmem0_0_addr, i64 1" [kernel.cpp:18]   --->   Operation 516 'readreq' 'gmem0_0_load_req' <Predicate = true> <Delay = 3.65> <CoreInst = "m_axi">   --->   Core 119 'm_axi' <Latency = 6> <II = 1> <Delay = 1.00> <Adapter> <Opcode : 'read' 'write' 'readreq' 'writereq' 'writeresp'>
ST_17 : Operation 517 [56/71] (3.65ns)   --->   "%gmem1_0_load_req = readreq i1 @_ssdm_op_ReadReq.m_axi.i16P1A, i16 %gmem1_0_addr, i64 1" [kernel.cpp:18]   --->   Operation 517 'readreq' 'gmem1_0_load_req' <Predicate = true> <Delay = 3.65> <CoreInst = "m_axi">   --->   Core 119 'm_axi' <Latency = 6> <II = 1> <Delay = 1.00> <Adapter> <Opcode : 'read' 'write' 'readreq' 'writereq' 'writeresp'>
ST_17 : Operation 518 [56/71] (3.65ns)   --->   "%gmem0_1_load_req = readreq i1 @_ssdm_op_ReadReq.m_axi.i16P1A, i16 %gmem0_1_addr, i64 1" [kernel.cpp:18]   --->   Operation 518 'readreq' 'gmem0_1_load_req' <Predicate = true> <Delay = 3.65> <CoreInst = "m_axi">   --->   Core 119 'm_axi' <Latency = 6> <II = 1> <Delay = 1.00> <Adapter> <Opcode : 'read' 'write' 'readreq' 'writereq' 'writeresp'>
ST_17 : Operation 519 [56/71] (3.65ns)   --->   "%gmem0_2_load_req = readreq i1 @_ssdm_op_ReadReq.m_axi.i16P1A, i16 %gmem0_2_addr, i64 1" [kernel.cpp:18]   --->   Operation 519 'readreq' 'gmem0_2_load_req' <Predicate = true> <Delay = 3.65> <CoreInst = "m_axi">   --->   Core 119 'm_axi' <Latency = 6> <II = 1> <Delay = 1.00> <Adapter> <Opcode : 'read' 'write' 'readreq' 'writereq' 'writeresp'>
ST_17 : Operation 520 [56/71] (3.65ns)   --->   "%gmem0_3_load_req = readreq i1 @_ssdm_op_ReadReq.m_axi.i16P1A, i16 %gmem0_3_addr, i64 1" [kernel.cpp:18]   --->   Operation 520 'readreq' 'gmem0_3_load_req' <Predicate = true> <Delay = 3.65> <CoreInst = "m_axi">   --->   Core 119 'm_axi' <Latency = 6> <II = 1> <Delay = 1.00> <Adapter> <Opcode : 'read' 'write' 'readreq' 'writereq' 'writeresp'>
ST_17 : Operation 521 [56/71] (3.65ns)   --->   "%gmem0_4_load_req = readreq i1 @_ssdm_op_ReadReq.m_axi.i16P1A, i16 %gmem0_4_addr, i64 1" [kernel.cpp:18]   --->   Operation 521 'readreq' 'gmem0_4_load_req' <Predicate = true> <Delay = 3.65> <CoreInst = "m_axi">   --->   Core 119 'm_axi' <Latency = 6> <II = 1> <Delay = 1.00> <Adapter> <Opcode : 'read' 'write' 'readreq' 'writereq' 'writeresp'>
ST_17 : Operation 522 [56/71] (3.65ns)   --->   "%gmem0_5_load_req = readreq i1 @_ssdm_op_ReadReq.m_axi.i16P1A, i16 %gmem0_5_addr, i64 1" [kernel.cpp:18]   --->   Operation 522 'readreq' 'gmem0_5_load_req' <Predicate = true> <Delay = 3.65> <CoreInst = "m_axi">   --->   Core 119 'm_axi' <Latency = 6> <II = 1> <Delay = 1.00> <Adapter> <Opcode : 'read' 'write' 'readreq' 'writereq' 'writeresp'>
ST_17 : Operation 523 [56/71] (3.65ns)   --->   "%gmem0_6_load_req = readreq i1 @_ssdm_op_ReadReq.m_axi.i16P1A, i16 %gmem0_6_addr, i64 1" [kernel.cpp:18]   --->   Operation 523 'readreq' 'gmem0_6_load_req' <Predicate = true> <Delay = 3.65> <CoreInst = "m_axi">   --->   Core 119 'm_axi' <Latency = 6> <II = 1> <Delay = 1.00> <Adapter> <Opcode : 'read' 'write' 'readreq' 'writereq' 'writeresp'>
ST_17 : Operation 524 [56/71] (3.65ns)   --->   "%gmem0_7_load_req = readreq i1 @_ssdm_op_ReadReq.m_axi.i16P1A, i16 %gmem0_7_addr, i64 1" [kernel.cpp:18]   --->   Operation 524 'readreq' 'gmem0_7_load_req' <Predicate = true> <Delay = 3.65> <CoreInst = "m_axi">   --->   Core 119 'm_axi' <Latency = 6> <II = 1> <Delay = 1.00> <Adapter> <Opcode : 'read' 'write' 'readreq' 'writereq' 'writeresp'>
ST_17 : Operation 525 [56/71] (3.65ns)   --->   "%gmem1_1_load_req = readreq i1 @_ssdm_op_ReadReq.m_axi.i16P1A, i16 %gmem1_1_addr, i64 1" [kernel.cpp:18]   --->   Operation 525 'readreq' 'gmem1_1_load_req' <Predicate = true> <Delay = 3.65> <CoreInst = "m_axi">   --->   Core 119 'm_axi' <Latency = 6> <II = 1> <Delay = 1.00> <Adapter> <Opcode : 'read' 'write' 'readreq' 'writereq' 'writeresp'>
ST_17 : Operation 526 [56/71] (3.65ns)   --->   "%gmem1_2_load_req = readreq i1 @_ssdm_op_ReadReq.m_axi.i16P1A, i16 %gmem1_2_addr, i64 1" [kernel.cpp:18]   --->   Operation 526 'readreq' 'gmem1_2_load_req' <Predicate = true> <Delay = 3.65> <CoreInst = "m_axi">   --->   Core 119 'm_axi' <Latency = 6> <II = 1> <Delay = 1.00> <Adapter> <Opcode : 'read' 'write' 'readreq' 'writereq' 'writeresp'>
ST_17 : Operation 527 [56/71] (3.65ns)   --->   "%gmem1_3_load_req = readreq i1 @_ssdm_op_ReadReq.m_axi.i16P1A, i16 %gmem1_3_addr, i64 1" [kernel.cpp:18]   --->   Operation 527 'readreq' 'gmem1_3_load_req' <Predicate = true> <Delay = 3.65> <CoreInst = "m_axi">   --->   Core 119 'm_axi' <Latency = 6> <II = 1> <Delay = 1.00> <Adapter> <Opcode : 'read' 'write' 'readreq' 'writereq' 'writeresp'>
ST_17 : Operation 528 [56/71] (3.65ns)   --->   "%gmem1_4_load_req = readreq i1 @_ssdm_op_ReadReq.m_axi.i16P1A, i16 %gmem1_4_addr, i64 1" [kernel.cpp:18]   --->   Operation 528 'readreq' 'gmem1_4_load_req' <Predicate = true> <Delay = 3.65> <CoreInst = "m_axi">   --->   Core 119 'm_axi' <Latency = 6> <II = 1> <Delay = 1.00> <Adapter> <Opcode : 'read' 'write' 'readreq' 'writereq' 'writeresp'>
ST_17 : Operation 529 [56/71] (3.65ns)   --->   "%gmem1_5_load_req = readreq i1 @_ssdm_op_ReadReq.m_axi.i16P1A, i16 %gmem1_5_addr, i64 1" [kernel.cpp:18]   --->   Operation 529 'readreq' 'gmem1_5_load_req' <Predicate = true> <Delay = 3.65> <CoreInst = "m_axi">   --->   Core 119 'm_axi' <Latency = 6> <II = 1> <Delay = 1.00> <Adapter> <Opcode : 'read' 'write' 'readreq' 'writereq' 'writeresp'>
ST_17 : Operation 530 [56/71] (3.65ns)   --->   "%gmem1_6_load_req = readreq i1 @_ssdm_op_ReadReq.m_axi.i16P1A, i16 %gmem1_6_addr, i64 1" [kernel.cpp:18]   --->   Operation 530 'readreq' 'gmem1_6_load_req' <Predicate = true> <Delay = 3.65> <CoreInst = "m_axi">   --->   Core 119 'm_axi' <Latency = 6> <II = 1> <Delay = 1.00> <Adapter> <Opcode : 'read' 'write' 'readreq' 'writereq' 'writeresp'>
ST_17 : Operation 531 [56/71] (3.65ns)   --->   "%gmem1_7_load_req = readreq i1 @_ssdm_op_ReadReq.m_axi.i16P1A, i16 %gmem1_7_addr, i64 1" [kernel.cpp:18]   --->   Operation 531 'readreq' 'gmem1_7_load_req' <Predicate = true> <Delay = 3.65> <CoreInst = "m_axi">   --->   Core 119 'm_axi' <Latency = 6> <II = 1> <Delay = 1.00> <Adapter> <Opcode : 'read' 'write' 'readreq' 'writereq' 'writeresp'>

State 18 <SV = 17> <Delay = 3.65>
ST_18 : Operation 532 [55/71] (3.65ns)   --->   "%gmem0_0_load_req = readreq i1 @_ssdm_op_ReadReq.m_axi.i16P1A, i16 %gmem0_0_addr, i64 1" [kernel.cpp:18]   --->   Operation 532 'readreq' 'gmem0_0_load_req' <Predicate = true> <Delay = 3.65> <CoreInst = "m_axi">   --->   Core 119 'm_axi' <Latency = 6> <II = 1> <Delay = 1.00> <Adapter> <Opcode : 'read' 'write' 'readreq' 'writereq' 'writeresp'>
ST_18 : Operation 533 [55/71] (3.65ns)   --->   "%gmem1_0_load_req = readreq i1 @_ssdm_op_ReadReq.m_axi.i16P1A, i16 %gmem1_0_addr, i64 1" [kernel.cpp:18]   --->   Operation 533 'readreq' 'gmem1_0_load_req' <Predicate = true> <Delay = 3.65> <CoreInst = "m_axi">   --->   Core 119 'm_axi' <Latency = 6> <II = 1> <Delay = 1.00> <Adapter> <Opcode : 'read' 'write' 'readreq' 'writereq' 'writeresp'>
ST_18 : Operation 534 [55/71] (3.65ns)   --->   "%gmem0_1_load_req = readreq i1 @_ssdm_op_ReadReq.m_axi.i16P1A, i16 %gmem0_1_addr, i64 1" [kernel.cpp:18]   --->   Operation 534 'readreq' 'gmem0_1_load_req' <Predicate = true> <Delay = 3.65> <CoreInst = "m_axi">   --->   Core 119 'm_axi' <Latency = 6> <II = 1> <Delay = 1.00> <Adapter> <Opcode : 'read' 'write' 'readreq' 'writereq' 'writeresp'>
ST_18 : Operation 535 [55/71] (3.65ns)   --->   "%gmem0_2_load_req = readreq i1 @_ssdm_op_ReadReq.m_axi.i16P1A, i16 %gmem0_2_addr, i64 1" [kernel.cpp:18]   --->   Operation 535 'readreq' 'gmem0_2_load_req' <Predicate = true> <Delay = 3.65> <CoreInst = "m_axi">   --->   Core 119 'm_axi' <Latency = 6> <II = 1> <Delay = 1.00> <Adapter> <Opcode : 'read' 'write' 'readreq' 'writereq' 'writeresp'>
ST_18 : Operation 536 [55/71] (3.65ns)   --->   "%gmem0_3_load_req = readreq i1 @_ssdm_op_ReadReq.m_axi.i16P1A, i16 %gmem0_3_addr, i64 1" [kernel.cpp:18]   --->   Operation 536 'readreq' 'gmem0_3_load_req' <Predicate = true> <Delay = 3.65> <CoreInst = "m_axi">   --->   Core 119 'm_axi' <Latency = 6> <II = 1> <Delay = 1.00> <Adapter> <Opcode : 'read' 'write' 'readreq' 'writereq' 'writeresp'>
ST_18 : Operation 537 [55/71] (3.65ns)   --->   "%gmem0_4_load_req = readreq i1 @_ssdm_op_ReadReq.m_axi.i16P1A, i16 %gmem0_4_addr, i64 1" [kernel.cpp:18]   --->   Operation 537 'readreq' 'gmem0_4_load_req' <Predicate = true> <Delay = 3.65> <CoreInst = "m_axi">   --->   Core 119 'm_axi' <Latency = 6> <II = 1> <Delay = 1.00> <Adapter> <Opcode : 'read' 'write' 'readreq' 'writereq' 'writeresp'>
ST_18 : Operation 538 [55/71] (3.65ns)   --->   "%gmem0_5_load_req = readreq i1 @_ssdm_op_ReadReq.m_axi.i16P1A, i16 %gmem0_5_addr, i64 1" [kernel.cpp:18]   --->   Operation 538 'readreq' 'gmem0_5_load_req' <Predicate = true> <Delay = 3.65> <CoreInst = "m_axi">   --->   Core 119 'm_axi' <Latency = 6> <II = 1> <Delay = 1.00> <Adapter> <Opcode : 'read' 'write' 'readreq' 'writereq' 'writeresp'>
ST_18 : Operation 539 [55/71] (3.65ns)   --->   "%gmem0_6_load_req = readreq i1 @_ssdm_op_ReadReq.m_axi.i16P1A, i16 %gmem0_6_addr, i64 1" [kernel.cpp:18]   --->   Operation 539 'readreq' 'gmem0_6_load_req' <Predicate = true> <Delay = 3.65> <CoreInst = "m_axi">   --->   Core 119 'm_axi' <Latency = 6> <II = 1> <Delay = 1.00> <Adapter> <Opcode : 'read' 'write' 'readreq' 'writereq' 'writeresp'>
ST_18 : Operation 540 [55/71] (3.65ns)   --->   "%gmem0_7_load_req = readreq i1 @_ssdm_op_ReadReq.m_axi.i16P1A, i16 %gmem0_7_addr, i64 1" [kernel.cpp:18]   --->   Operation 540 'readreq' 'gmem0_7_load_req' <Predicate = true> <Delay = 3.65> <CoreInst = "m_axi">   --->   Core 119 'm_axi' <Latency = 6> <II = 1> <Delay = 1.00> <Adapter> <Opcode : 'read' 'write' 'readreq' 'writereq' 'writeresp'>
ST_18 : Operation 541 [55/71] (3.65ns)   --->   "%gmem1_1_load_req = readreq i1 @_ssdm_op_ReadReq.m_axi.i16P1A, i16 %gmem1_1_addr, i64 1" [kernel.cpp:18]   --->   Operation 541 'readreq' 'gmem1_1_load_req' <Predicate = true> <Delay = 3.65> <CoreInst = "m_axi">   --->   Core 119 'm_axi' <Latency = 6> <II = 1> <Delay = 1.00> <Adapter> <Opcode : 'read' 'write' 'readreq' 'writereq' 'writeresp'>
ST_18 : Operation 542 [55/71] (3.65ns)   --->   "%gmem1_2_load_req = readreq i1 @_ssdm_op_ReadReq.m_axi.i16P1A, i16 %gmem1_2_addr, i64 1" [kernel.cpp:18]   --->   Operation 542 'readreq' 'gmem1_2_load_req' <Predicate = true> <Delay = 3.65> <CoreInst = "m_axi">   --->   Core 119 'm_axi' <Latency = 6> <II = 1> <Delay = 1.00> <Adapter> <Opcode : 'read' 'write' 'readreq' 'writereq' 'writeresp'>
ST_18 : Operation 543 [55/71] (3.65ns)   --->   "%gmem1_3_load_req = readreq i1 @_ssdm_op_ReadReq.m_axi.i16P1A, i16 %gmem1_3_addr, i64 1" [kernel.cpp:18]   --->   Operation 543 'readreq' 'gmem1_3_load_req' <Predicate = true> <Delay = 3.65> <CoreInst = "m_axi">   --->   Core 119 'm_axi' <Latency = 6> <II = 1> <Delay = 1.00> <Adapter> <Opcode : 'read' 'write' 'readreq' 'writereq' 'writeresp'>
ST_18 : Operation 544 [55/71] (3.65ns)   --->   "%gmem1_4_load_req = readreq i1 @_ssdm_op_ReadReq.m_axi.i16P1A, i16 %gmem1_4_addr, i64 1" [kernel.cpp:18]   --->   Operation 544 'readreq' 'gmem1_4_load_req' <Predicate = true> <Delay = 3.65> <CoreInst = "m_axi">   --->   Core 119 'm_axi' <Latency = 6> <II = 1> <Delay = 1.00> <Adapter> <Opcode : 'read' 'write' 'readreq' 'writereq' 'writeresp'>
ST_18 : Operation 545 [55/71] (3.65ns)   --->   "%gmem1_5_load_req = readreq i1 @_ssdm_op_ReadReq.m_axi.i16P1A, i16 %gmem1_5_addr, i64 1" [kernel.cpp:18]   --->   Operation 545 'readreq' 'gmem1_5_load_req' <Predicate = true> <Delay = 3.65> <CoreInst = "m_axi">   --->   Core 119 'm_axi' <Latency = 6> <II = 1> <Delay = 1.00> <Adapter> <Opcode : 'read' 'write' 'readreq' 'writereq' 'writeresp'>
ST_18 : Operation 546 [55/71] (3.65ns)   --->   "%gmem1_6_load_req = readreq i1 @_ssdm_op_ReadReq.m_axi.i16P1A, i16 %gmem1_6_addr, i64 1" [kernel.cpp:18]   --->   Operation 546 'readreq' 'gmem1_6_load_req' <Predicate = true> <Delay = 3.65> <CoreInst = "m_axi">   --->   Core 119 'm_axi' <Latency = 6> <II = 1> <Delay = 1.00> <Adapter> <Opcode : 'read' 'write' 'readreq' 'writereq' 'writeresp'>
ST_18 : Operation 547 [55/71] (3.65ns)   --->   "%gmem1_7_load_req = readreq i1 @_ssdm_op_ReadReq.m_axi.i16P1A, i16 %gmem1_7_addr, i64 1" [kernel.cpp:18]   --->   Operation 547 'readreq' 'gmem1_7_load_req' <Predicate = true> <Delay = 3.65> <CoreInst = "m_axi">   --->   Core 119 'm_axi' <Latency = 6> <II = 1> <Delay = 1.00> <Adapter> <Opcode : 'read' 'write' 'readreq' 'writereq' 'writeresp'>

State 19 <SV = 18> <Delay = 3.65>
ST_19 : Operation 548 [54/71] (3.65ns)   --->   "%gmem0_0_load_req = readreq i1 @_ssdm_op_ReadReq.m_axi.i16P1A, i16 %gmem0_0_addr, i64 1" [kernel.cpp:18]   --->   Operation 548 'readreq' 'gmem0_0_load_req' <Predicate = true> <Delay = 3.65> <CoreInst = "m_axi">   --->   Core 119 'm_axi' <Latency = 6> <II = 1> <Delay = 1.00> <Adapter> <Opcode : 'read' 'write' 'readreq' 'writereq' 'writeresp'>
ST_19 : Operation 549 [54/71] (3.65ns)   --->   "%gmem1_0_load_req = readreq i1 @_ssdm_op_ReadReq.m_axi.i16P1A, i16 %gmem1_0_addr, i64 1" [kernel.cpp:18]   --->   Operation 549 'readreq' 'gmem1_0_load_req' <Predicate = true> <Delay = 3.65> <CoreInst = "m_axi">   --->   Core 119 'm_axi' <Latency = 6> <II = 1> <Delay = 1.00> <Adapter> <Opcode : 'read' 'write' 'readreq' 'writereq' 'writeresp'>
ST_19 : Operation 550 [54/71] (3.65ns)   --->   "%gmem0_1_load_req = readreq i1 @_ssdm_op_ReadReq.m_axi.i16P1A, i16 %gmem0_1_addr, i64 1" [kernel.cpp:18]   --->   Operation 550 'readreq' 'gmem0_1_load_req' <Predicate = true> <Delay = 3.65> <CoreInst = "m_axi">   --->   Core 119 'm_axi' <Latency = 6> <II = 1> <Delay = 1.00> <Adapter> <Opcode : 'read' 'write' 'readreq' 'writereq' 'writeresp'>
ST_19 : Operation 551 [54/71] (3.65ns)   --->   "%gmem0_2_load_req = readreq i1 @_ssdm_op_ReadReq.m_axi.i16P1A, i16 %gmem0_2_addr, i64 1" [kernel.cpp:18]   --->   Operation 551 'readreq' 'gmem0_2_load_req' <Predicate = true> <Delay = 3.65> <CoreInst = "m_axi">   --->   Core 119 'm_axi' <Latency = 6> <II = 1> <Delay = 1.00> <Adapter> <Opcode : 'read' 'write' 'readreq' 'writereq' 'writeresp'>
ST_19 : Operation 552 [54/71] (3.65ns)   --->   "%gmem0_3_load_req = readreq i1 @_ssdm_op_ReadReq.m_axi.i16P1A, i16 %gmem0_3_addr, i64 1" [kernel.cpp:18]   --->   Operation 552 'readreq' 'gmem0_3_load_req' <Predicate = true> <Delay = 3.65> <CoreInst = "m_axi">   --->   Core 119 'm_axi' <Latency = 6> <II = 1> <Delay = 1.00> <Adapter> <Opcode : 'read' 'write' 'readreq' 'writereq' 'writeresp'>
ST_19 : Operation 553 [54/71] (3.65ns)   --->   "%gmem0_4_load_req = readreq i1 @_ssdm_op_ReadReq.m_axi.i16P1A, i16 %gmem0_4_addr, i64 1" [kernel.cpp:18]   --->   Operation 553 'readreq' 'gmem0_4_load_req' <Predicate = true> <Delay = 3.65> <CoreInst = "m_axi">   --->   Core 119 'm_axi' <Latency = 6> <II = 1> <Delay = 1.00> <Adapter> <Opcode : 'read' 'write' 'readreq' 'writereq' 'writeresp'>
ST_19 : Operation 554 [54/71] (3.65ns)   --->   "%gmem0_5_load_req = readreq i1 @_ssdm_op_ReadReq.m_axi.i16P1A, i16 %gmem0_5_addr, i64 1" [kernel.cpp:18]   --->   Operation 554 'readreq' 'gmem0_5_load_req' <Predicate = true> <Delay = 3.65> <CoreInst = "m_axi">   --->   Core 119 'm_axi' <Latency = 6> <II = 1> <Delay = 1.00> <Adapter> <Opcode : 'read' 'write' 'readreq' 'writereq' 'writeresp'>
ST_19 : Operation 555 [54/71] (3.65ns)   --->   "%gmem0_6_load_req = readreq i1 @_ssdm_op_ReadReq.m_axi.i16P1A, i16 %gmem0_6_addr, i64 1" [kernel.cpp:18]   --->   Operation 555 'readreq' 'gmem0_6_load_req' <Predicate = true> <Delay = 3.65> <CoreInst = "m_axi">   --->   Core 119 'm_axi' <Latency = 6> <II = 1> <Delay = 1.00> <Adapter> <Opcode : 'read' 'write' 'readreq' 'writereq' 'writeresp'>
ST_19 : Operation 556 [54/71] (3.65ns)   --->   "%gmem0_7_load_req = readreq i1 @_ssdm_op_ReadReq.m_axi.i16P1A, i16 %gmem0_7_addr, i64 1" [kernel.cpp:18]   --->   Operation 556 'readreq' 'gmem0_7_load_req' <Predicate = true> <Delay = 3.65> <CoreInst = "m_axi">   --->   Core 119 'm_axi' <Latency = 6> <II = 1> <Delay = 1.00> <Adapter> <Opcode : 'read' 'write' 'readreq' 'writereq' 'writeresp'>
ST_19 : Operation 557 [54/71] (3.65ns)   --->   "%gmem1_1_load_req = readreq i1 @_ssdm_op_ReadReq.m_axi.i16P1A, i16 %gmem1_1_addr, i64 1" [kernel.cpp:18]   --->   Operation 557 'readreq' 'gmem1_1_load_req' <Predicate = true> <Delay = 3.65> <CoreInst = "m_axi">   --->   Core 119 'm_axi' <Latency = 6> <II = 1> <Delay = 1.00> <Adapter> <Opcode : 'read' 'write' 'readreq' 'writereq' 'writeresp'>
ST_19 : Operation 558 [54/71] (3.65ns)   --->   "%gmem1_2_load_req = readreq i1 @_ssdm_op_ReadReq.m_axi.i16P1A, i16 %gmem1_2_addr, i64 1" [kernel.cpp:18]   --->   Operation 558 'readreq' 'gmem1_2_load_req' <Predicate = true> <Delay = 3.65> <CoreInst = "m_axi">   --->   Core 119 'm_axi' <Latency = 6> <II = 1> <Delay = 1.00> <Adapter> <Opcode : 'read' 'write' 'readreq' 'writereq' 'writeresp'>
ST_19 : Operation 559 [54/71] (3.65ns)   --->   "%gmem1_3_load_req = readreq i1 @_ssdm_op_ReadReq.m_axi.i16P1A, i16 %gmem1_3_addr, i64 1" [kernel.cpp:18]   --->   Operation 559 'readreq' 'gmem1_3_load_req' <Predicate = true> <Delay = 3.65> <CoreInst = "m_axi">   --->   Core 119 'm_axi' <Latency = 6> <II = 1> <Delay = 1.00> <Adapter> <Opcode : 'read' 'write' 'readreq' 'writereq' 'writeresp'>
ST_19 : Operation 560 [54/71] (3.65ns)   --->   "%gmem1_4_load_req = readreq i1 @_ssdm_op_ReadReq.m_axi.i16P1A, i16 %gmem1_4_addr, i64 1" [kernel.cpp:18]   --->   Operation 560 'readreq' 'gmem1_4_load_req' <Predicate = true> <Delay = 3.65> <CoreInst = "m_axi">   --->   Core 119 'm_axi' <Latency = 6> <II = 1> <Delay = 1.00> <Adapter> <Opcode : 'read' 'write' 'readreq' 'writereq' 'writeresp'>
ST_19 : Operation 561 [54/71] (3.65ns)   --->   "%gmem1_5_load_req = readreq i1 @_ssdm_op_ReadReq.m_axi.i16P1A, i16 %gmem1_5_addr, i64 1" [kernel.cpp:18]   --->   Operation 561 'readreq' 'gmem1_5_load_req' <Predicate = true> <Delay = 3.65> <CoreInst = "m_axi">   --->   Core 119 'm_axi' <Latency = 6> <II = 1> <Delay = 1.00> <Adapter> <Opcode : 'read' 'write' 'readreq' 'writereq' 'writeresp'>
ST_19 : Operation 562 [54/71] (3.65ns)   --->   "%gmem1_6_load_req = readreq i1 @_ssdm_op_ReadReq.m_axi.i16P1A, i16 %gmem1_6_addr, i64 1" [kernel.cpp:18]   --->   Operation 562 'readreq' 'gmem1_6_load_req' <Predicate = true> <Delay = 3.65> <CoreInst = "m_axi">   --->   Core 119 'm_axi' <Latency = 6> <II = 1> <Delay = 1.00> <Adapter> <Opcode : 'read' 'write' 'readreq' 'writereq' 'writeresp'>
ST_19 : Operation 563 [54/71] (3.65ns)   --->   "%gmem1_7_load_req = readreq i1 @_ssdm_op_ReadReq.m_axi.i16P1A, i16 %gmem1_7_addr, i64 1" [kernel.cpp:18]   --->   Operation 563 'readreq' 'gmem1_7_load_req' <Predicate = true> <Delay = 3.65> <CoreInst = "m_axi">   --->   Core 119 'm_axi' <Latency = 6> <II = 1> <Delay = 1.00> <Adapter> <Opcode : 'read' 'write' 'readreq' 'writereq' 'writeresp'>

State 20 <SV = 19> <Delay = 3.65>
ST_20 : Operation 564 [53/71] (3.65ns)   --->   "%gmem0_0_load_req = readreq i1 @_ssdm_op_ReadReq.m_axi.i16P1A, i16 %gmem0_0_addr, i64 1" [kernel.cpp:18]   --->   Operation 564 'readreq' 'gmem0_0_load_req' <Predicate = true> <Delay = 3.65> <CoreInst = "m_axi">   --->   Core 119 'm_axi' <Latency = 6> <II = 1> <Delay = 1.00> <Adapter> <Opcode : 'read' 'write' 'readreq' 'writereq' 'writeresp'>
ST_20 : Operation 565 [53/71] (3.65ns)   --->   "%gmem1_0_load_req = readreq i1 @_ssdm_op_ReadReq.m_axi.i16P1A, i16 %gmem1_0_addr, i64 1" [kernel.cpp:18]   --->   Operation 565 'readreq' 'gmem1_0_load_req' <Predicate = true> <Delay = 3.65> <CoreInst = "m_axi">   --->   Core 119 'm_axi' <Latency = 6> <II = 1> <Delay = 1.00> <Adapter> <Opcode : 'read' 'write' 'readreq' 'writereq' 'writeresp'>
ST_20 : Operation 566 [53/71] (3.65ns)   --->   "%gmem0_1_load_req = readreq i1 @_ssdm_op_ReadReq.m_axi.i16P1A, i16 %gmem0_1_addr, i64 1" [kernel.cpp:18]   --->   Operation 566 'readreq' 'gmem0_1_load_req' <Predicate = true> <Delay = 3.65> <CoreInst = "m_axi">   --->   Core 119 'm_axi' <Latency = 6> <II = 1> <Delay = 1.00> <Adapter> <Opcode : 'read' 'write' 'readreq' 'writereq' 'writeresp'>
ST_20 : Operation 567 [53/71] (3.65ns)   --->   "%gmem0_2_load_req = readreq i1 @_ssdm_op_ReadReq.m_axi.i16P1A, i16 %gmem0_2_addr, i64 1" [kernel.cpp:18]   --->   Operation 567 'readreq' 'gmem0_2_load_req' <Predicate = true> <Delay = 3.65> <CoreInst = "m_axi">   --->   Core 119 'm_axi' <Latency = 6> <II = 1> <Delay = 1.00> <Adapter> <Opcode : 'read' 'write' 'readreq' 'writereq' 'writeresp'>
ST_20 : Operation 568 [53/71] (3.65ns)   --->   "%gmem0_3_load_req = readreq i1 @_ssdm_op_ReadReq.m_axi.i16P1A, i16 %gmem0_3_addr, i64 1" [kernel.cpp:18]   --->   Operation 568 'readreq' 'gmem0_3_load_req' <Predicate = true> <Delay = 3.65> <CoreInst = "m_axi">   --->   Core 119 'm_axi' <Latency = 6> <II = 1> <Delay = 1.00> <Adapter> <Opcode : 'read' 'write' 'readreq' 'writereq' 'writeresp'>
ST_20 : Operation 569 [53/71] (3.65ns)   --->   "%gmem0_4_load_req = readreq i1 @_ssdm_op_ReadReq.m_axi.i16P1A, i16 %gmem0_4_addr, i64 1" [kernel.cpp:18]   --->   Operation 569 'readreq' 'gmem0_4_load_req' <Predicate = true> <Delay = 3.65> <CoreInst = "m_axi">   --->   Core 119 'm_axi' <Latency = 6> <II = 1> <Delay = 1.00> <Adapter> <Opcode : 'read' 'write' 'readreq' 'writereq' 'writeresp'>
ST_20 : Operation 570 [53/71] (3.65ns)   --->   "%gmem0_5_load_req = readreq i1 @_ssdm_op_ReadReq.m_axi.i16P1A, i16 %gmem0_5_addr, i64 1" [kernel.cpp:18]   --->   Operation 570 'readreq' 'gmem0_5_load_req' <Predicate = true> <Delay = 3.65> <CoreInst = "m_axi">   --->   Core 119 'm_axi' <Latency = 6> <II = 1> <Delay = 1.00> <Adapter> <Opcode : 'read' 'write' 'readreq' 'writereq' 'writeresp'>
ST_20 : Operation 571 [53/71] (3.65ns)   --->   "%gmem0_6_load_req = readreq i1 @_ssdm_op_ReadReq.m_axi.i16P1A, i16 %gmem0_6_addr, i64 1" [kernel.cpp:18]   --->   Operation 571 'readreq' 'gmem0_6_load_req' <Predicate = true> <Delay = 3.65> <CoreInst = "m_axi">   --->   Core 119 'm_axi' <Latency = 6> <II = 1> <Delay = 1.00> <Adapter> <Opcode : 'read' 'write' 'readreq' 'writereq' 'writeresp'>
ST_20 : Operation 572 [53/71] (3.65ns)   --->   "%gmem0_7_load_req = readreq i1 @_ssdm_op_ReadReq.m_axi.i16P1A, i16 %gmem0_7_addr, i64 1" [kernel.cpp:18]   --->   Operation 572 'readreq' 'gmem0_7_load_req' <Predicate = true> <Delay = 3.65> <CoreInst = "m_axi">   --->   Core 119 'm_axi' <Latency = 6> <II = 1> <Delay = 1.00> <Adapter> <Opcode : 'read' 'write' 'readreq' 'writereq' 'writeresp'>
ST_20 : Operation 573 [53/71] (3.65ns)   --->   "%gmem1_1_load_req = readreq i1 @_ssdm_op_ReadReq.m_axi.i16P1A, i16 %gmem1_1_addr, i64 1" [kernel.cpp:18]   --->   Operation 573 'readreq' 'gmem1_1_load_req' <Predicate = true> <Delay = 3.65> <CoreInst = "m_axi">   --->   Core 119 'm_axi' <Latency = 6> <II = 1> <Delay = 1.00> <Adapter> <Opcode : 'read' 'write' 'readreq' 'writereq' 'writeresp'>
ST_20 : Operation 574 [53/71] (3.65ns)   --->   "%gmem1_2_load_req = readreq i1 @_ssdm_op_ReadReq.m_axi.i16P1A, i16 %gmem1_2_addr, i64 1" [kernel.cpp:18]   --->   Operation 574 'readreq' 'gmem1_2_load_req' <Predicate = true> <Delay = 3.65> <CoreInst = "m_axi">   --->   Core 119 'm_axi' <Latency = 6> <II = 1> <Delay = 1.00> <Adapter> <Opcode : 'read' 'write' 'readreq' 'writereq' 'writeresp'>
ST_20 : Operation 575 [53/71] (3.65ns)   --->   "%gmem1_3_load_req = readreq i1 @_ssdm_op_ReadReq.m_axi.i16P1A, i16 %gmem1_3_addr, i64 1" [kernel.cpp:18]   --->   Operation 575 'readreq' 'gmem1_3_load_req' <Predicate = true> <Delay = 3.65> <CoreInst = "m_axi">   --->   Core 119 'm_axi' <Latency = 6> <II = 1> <Delay = 1.00> <Adapter> <Opcode : 'read' 'write' 'readreq' 'writereq' 'writeresp'>
ST_20 : Operation 576 [53/71] (3.65ns)   --->   "%gmem1_4_load_req = readreq i1 @_ssdm_op_ReadReq.m_axi.i16P1A, i16 %gmem1_4_addr, i64 1" [kernel.cpp:18]   --->   Operation 576 'readreq' 'gmem1_4_load_req' <Predicate = true> <Delay = 3.65> <CoreInst = "m_axi">   --->   Core 119 'm_axi' <Latency = 6> <II = 1> <Delay = 1.00> <Adapter> <Opcode : 'read' 'write' 'readreq' 'writereq' 'writeresp'>
ST_20 : Operation 577 [53/71] (3.65ns)   --->   "%gmem1_5_load_req = readreq i1 @_ssdm_op_ReadReq.m_axi.i16P1A, i16 %gmem1_5_addr, i64 1" [kernel.cpp:18]   --->   Operation 577 'readreq' 'gmem1_5_load_req' <Predicate = true> <Delay = 3.65> <CoreInst = "m_axi">   --->   Core 119 'm_axi' <Latency = 6> <II = 1> <Delay = 1.00> <Adapter> <Opcode : 'read' 'write' 'readreq' 'writereq' 'writeresp'>
ST_20 : Operation 578 [53/71] (3.65ns)   --->   "%gmem1_6_load_req = readreq i1 @_ssdm_op_ReadReq.m_axi.i16P1A, i16 %gmem1_6_addr, i64 1" [kernel.cpp:18]   --->   Operation 578 'readreq' 'gmem1_6_load_req' <Predicate = true> <Delay = 3.65> <CoreInst = "m_axi">   --->   Core 119 'm_axi' <Latency = 6> <II = 1> <Delay = 1.00> <Adapter> <Opcode : 'read' 'write' 'readreq' 'writereq' 'writeresp'>
ST_20 : Operation 579 [53/71] (3.65ns)   --->   "%gmem1_7_load_req = readreq i1 @_ssdm_op_ReadReq.m_axi.i16P1A, i16 %gmem1_7_addr, i64 1" [kernel.cpp:18]   --->   Operation 579 'readreq' 'gmem1_7_load_req' <Predicate = true> <Delay = 3.65> <CoreInst = "m_axi">   --->   Core 119 'm_axi' <Latency = 6> <II = 1> <Delay = 1.00> <Adapter> <Opcode : 'read' 'write' 'readreq' 'writereq' 'writeresp'>

State 21 <SV = 20> <Delay = 3.65>
ST_21 : Operation 580 [52/71] (3.65ns)   --->   "%gmem0_0_load_req = readreq i1 @_ssdm_op_ReadReq.m_axi.i16P1A, i16 %gmem0_0_addr, i64 1" [kernel.cpp:18]   --->   Operation 580 'readreq' 'gmem0_0_load_req' <Predicate = true> <Delay = 3.65> <CoreInst = "m_axi">   --->   Core 119 'm_axi' <Latency = 6> <II = 1> <Delay = 1.00> <Adapter> <Opcode : 'read' 'write' 'readreq' 'writereq' 'writeresp'>
ST_21 : Operation 581 [52/71] (3.65ns)   --->   "%gmem1_0_load_req = readreq i1 @_ssdm_op_ReadReq.m_axi.i16P1A, i16 %gmem1_0_addr, i64 1" [kernel.cpp:18]   --->   Operation 581 'readreq' 'gmem1_0_load_req' <Predicate = true> <Delay = 3.65> <CoreInst = "m_axi">   --->   Core 119 'm_axi' <Latency = 6> <II = 1> <Delay = 1.00> <Adapter> <Opcode : 'read' 'write' 'readreq' 'writereq' 'writeresp'>
ST_21 : Operation 582 [52/71] (3.65ns)   --->   "%gmem0_1_load_req = readreq i1 @_ssdm_op_ReadReq.m_axi.i16P1A, i16 %gmem0_1_addr, i64 1" [kernel.cpp:18]   --->   Operation 582 'readreq' 'gmem0_1_load_req' <Predicate = true> <Delay = 3.65> <CoreInst = "m_axi">   --->   Core 119 'm_axi' <Latency = 6> <II = 1> <Delay = 1.00> <Adapter> <Opcode : 'read' 'write' 'readreq' 'writereq' 'writeresp'>
ST_21 : Operation 583 [52/71] (3.65ns)   --->   "%gmem0_2_load_req = readreq i1 @_ssdm_op_ReadReq.m_axi.i16P1A, i16 %gmem0_2_addr, i64 1" [kernel.cpp:18]   --->   Operation 583 'readreq' 'gmem0_2_load_req' <Predicate = true> <Delay = 3.65> <CoreInst = "m_axi">   --->   Core 119 'm_axi' <Latency = 6> <II = 1> <Delay = 1.00> <Adapter> <Opcode : 'read' 'write' 'readreq' 'writereq' 'writeresp'>
ST_21 : Operation 584 [52/71] (3.65ns)   --->   "%gmem0_3_load_req = readreq i1 @_ssdm_op_ReadReq.m_axi.i16P1A, i16 %gmem0_3_addr, i64 1" [kernel.cpp:18]   --->   Operation 584 'readreq' 'gmem0_3_load_req' <Predicate = true> <Delay = 3.65> <CoreInst = "m_axi">   --->   Core 119 'm_axi' <Latency = 6> <II = 1> <Delay = 1.00> <Adapter> <Opcode : 'read' 'write' 'readreq' 'writereq' 'writeresp'>
ST_21 : Operation 585 [52/71] (3.65ns)   --->   "%gmem0_4_load_req = readreq i1 @_ssdm_op_ReadReq.m_axi.i16P1A, i16 %gmem0_4_addr, i64 1" [kernel.cpp:18]   --->   Operation 585 'readreq' 'gmem0_4_load_req' <Predicate = true> <Delay = 3.65> <CoreInst = "m_axi">   --->   Core 119 'm_axi' <Latency = 6> <II = 1> <Delay = 1.00> <Adapter> <Opcode : 'read' 'write' 'readreq' 'writereq' 'writeresp'>
ST_21 : Operation 586 [52/71] (3.65ns)   --->   "%gmem0_5_load_req = readreq i1 @_ssdm_op_ReadReq.m_axi.i16P1A, i16 %gmem0_5_addr, i64 1" [kernel.cpp:18]   --->   Operation 586 'readreq' 'gmem0_5_load_req' <Predicate = true> <Delay = 3.65> <CoreInst = "m_axi">   --->   Core 119 'm_axi' <Latency = 6> <II = 1> <Delay = 1.00> <Adapter> <Opcode : 'read' 'write' 'readreq' 'writereq' 'writeresp'>
ST_21 : Operation 587 [52/71] (3.65ns)   --->   "%gmem0_6_load_req = readreq i1 @_ssdm_op_ReadReq.m_axi.i16P1A, i16 %gmem0_6_addr, i64 1" [kernel.cpp:18]   --->   Operation 587 'readreq' 'gmem0_6_load_req' <Predicate = true> <Delay = 3.65> <CoreInst = "m_axi">   --->   Core 119 'm_axi' <Latency = 6> <II = 1> <Delay = 1.00> <Adapter> <Opcode : 'read' 'write' 'readreq' 'writereq' 'writeresp'>
ST_21 : Operation 588 [52/71] (3.65ns)   --->   "%gmem0_7_load_req = readreq i1 @_ssdm_op_ReadReq.m_axi.i16P1A, i16 %gmem0_7_addr, i64 1" [kernel.cpp:18]   --->   Operation 588 'readreq' 'gmem0_7_load_req' <Predicate = true> <Delay = 3.65> <CoreInst = "m_axi">   --->   Core 119 'm_axi' <Latency = 6> <II = 1> <Delay = 1.00> <Adapter> <Opcode : 'read' 'write' 'readreq' 'writereq' 'writeresp'>
ST_21 : Operation 589 [52/71] (3.65ns)   --->   "%gmem1_1_load_req = readreq i1 @_ssdm_op_ReadReq.m_axi.i16P1A, i16 %gmem1_1_addr, i64 1" [kernel.cpp:18]   --->   Operation 589 'readreq' 'gmem1_1_load_req' <Predicate = true> <Delay = 3.65> <CoreInst = "m_axi">   --->   Core 119 'm_axi' <Latency = 6> <II = 1> <Delay = 1.00> <Adapter> <Opcode : 'read' 'write' 'readreq' 'writereq' 'writeresp'>
ST_21 : Operation 590 [52/71] (3.65ns)   --->   "%gmem1_2_load_req = readreq i1 @_ssdm_op_ReadReq.m_axi.i16P1A, i16 %gmem1_2_addr, i64 1" [kernel.cpp:18]   --->   Operation 590 'readreq' 'gmem1_2_load_req' <Predicate = true> <Delay = 3.65> <CoreInst = "m_axi">   --->   Core 119 'm_axi' <Latency = 6> <II = 1> <Delay = 1.00> <Adapter> <Opcode : 'read' 'write' 'readreq' 'writereq' 'writeresp'>
ST_21 : Operation 591 [52/71] (3.65ns)   --->   "%gmem1_3_load_req = readreq i1 @_ssdm_op_ReadReq.m_axi.i16P1A, i16 %gmem1_3_addr, i64 1" [kernel.cpp:18]   --->   Operation 591 'readreq' 'gmem1_3_load_req' <Predicate = true> <Delay = 3.65> <CoreInst = "m_axi">   --->   Core 119 'm_axi' <Latency = 6> <II = 1> <Delay = 1.00> <Adapter> <Opcode : 'read' 'write' 'readreq' 'writereq' 'writeresp'>
ST_21 : Operation 592 [52/71] (3.65ns)   --->   "%gmem1_4_load_req = readreq i1 @_ssdm_op_ReadReq.m_axi.i16P1A, i16 %gmem1_4_addr, i64 1" [kernel.cpp:18]   --->   Operation 592 'readreq' 'gmem1_4_load_req' <Predicate = true> <Delay = 3.65> <CoreInst = "m_axi">   --->   Core 119 'm_axi' <Latency = 6> <II = 1> <Delay = 1.00> <Adapter> <Opcode : 'read' 'write' 'readreq' 'writereq' 'writeresp'>
ST_21 : Operation 593 [52/71] (3.65ns)   --->   "%gmem1_5_load_req = readreq i1 @_ssdm_op_ReadReq.m_axi.i16P1A, i16 %gmem1_5_addr, i64 1" [kernel.cpp:18]   --->   Operation 593 'readreq' 'gmem1_5_load_req' <Predicate = true> <Delay = 3.65> <CoreInst = "m_axi">   --->   Core 119 'm_axi' <Latency = 6> <II = 1> <Delay = 1.00> <Adapter> <Opcode : 'read' 'write' 'readreq' 'writereq' 'writeresp'>
ST_21 : Operation 594 [52/71] (3.65ns)   --->   "%gmem1_6_load_req = readreq i1 @_ssdm_op_ReadReq.m_axi.i16P1A, i16 %gmem1_6_addr, i64 1" [kernel.cpp:18]   --->   Operation 594 'readreq' 'gmem1_6_load_req' <Predicate = true> <Delay = 3.65> <CoreInst = "m_axi">   --->   Core 119 'm_axi' <Latency = 6> <II = 1> <Delay = 1.00> <Adapter> <Opcode : 'read' 'write' 'readreq' 'writereq' 'writeresp'>
ST_21 : Operation 595 [52/71] (3.65ns)   --->   "%gmem1_7_load_req = readreq i1 @_ssdm_op_ReadReq.m_axi.i16P1A, i16 %gmem1_7_addr, i64 1" [kernel.cpp:18]   --->   Operation 595 'readreq' 'gmem1_7_load_req' <Predicate = true> <Delay = 3.65> <CoreInst = "m_axi">   --->   Core 119 'm_axi' <Latency = 6> <II = 1> <Delay = 1.00> <Adapter> <Opcode : 'read' 'write' 'readreq' 'writereq' 'writeresp'>

State 22 <SV = 21> <Delay = 3.65>
ST_22 : Operation 596 [51/71] (3.65ns)   --->   "%gmem0_0_load_req = readreq i1 @_ssdm_op_ReadReq.m_axi.i16P1A, i16 %gmem0_0_addr, i64 1" [kernel.cpp:18]   --->   Operation 596 'readreq' 'gmem0_0_load_req' <Predicate = true> <Delay = 3.65> <CoreInst = "m_axi">   --->   Core 119 'm_axi' <Latency = 6> <II = 1> <Delay = 1.00> <Adapter> <Opcode : 'read' 'write' 'readreq' 'writereq' 'writeresp'>
ST_22 : Operation 597 [51/71] (3.65ns)   --->   "%gmem1_0_load_req = readreq i1 @_ssdm_op_ReadReq.m_axi.i16P1A, i16 %gmem1_0_addr, i64 1" [kernel.cpp:18]   --->   Operation 597 'readreq' 'gmem1_0_load_req' <Predicate = true> <Delay = 3.65> <CoreInst = "m_axi">   --->   Core 119 'm_axi' <Latency = 6> <II = 1> <Delay = 1.00> <Adapter> <Opcode : 'read' 'write' 'readreq' 'writereq' 'writeresp'>
ST_22 : Operation 598 [51/71] (3.65ns)   --->   "%gmem0_1_load_req = readreq i1 @_ssdm_op_ReadReq.m_axi.i16P1A, i16 %gmem0_1_addr, i64 1" [kernel.cpp:18]   --->   Operation 598 'readreq' 'gmem0_1_load_req' <Predicate = true> <Delay = 3.65> <CoreInst = "m_axi">   --->   Core 119 'm_axi' <Latency = 6> <II = 1> <Delay = 1.00> <Adapter> <Opcode : 'read' 'write' 'readreq' 'writereq' 'writeresp'>
ST_22 : Operation 599 [51/71] (3.65ns)   --->   "%gmem0_2_load_req = readreq i1 @_ssdm_op_ReadReq.m_axi.i16P1A, i16 %gmem0_2_addr, i64 1" [kernel.cpp:18]   --->   Operation 599 'readreq' 'gmem0_2_load_req' <Predicate = true> <Delay = 3.65> <CoreInst = "m_axi">   --->   Core 119 'm_axi' <Latency = 6> <II = 1> <Delay = 1.00> <Adapter> <Opcode : 'read' 'write' 'readreq' 'writereq' 'writeresp'>
ST_22 : Operation 600 [51/71] (3.65ns)   --->   "%gmem0_3_load_req = readreq i1 @_ssdm_op_ReadReq.m_axi.i16P1A, i16 %gmem0_3_addr, i64 1" [kernel.cpp:18]   --->   Operation 600 'readreq' 'gmem0_3_load_req' <Predicate = true> <Delay = 3.65> <CoreInst = "m_axi">   --->   Core 119 'm_axi' <Latency = 6> <II = 1> <Delay = 1.00> <Adapter> <Opcode : 'read' 'write' 'readreq' 'writereq' 'writeresp'>
ST_22 : Operation 601 [51/71] (3.65ns)   --->   "%gmem0_4_load_req = readreq i1 @_ssdm_op_ReadReq.m_axi.i16P1A, i16 %gmem0_4_addr, i64 1" [kernel.cpp:18]   --->   Operation 601 'readreq' 'gmem0_4_load_req' <Predicate = true> <Delay = 3.65> <CoreInst = "m_axi">   --->   Core 119 'm_axi' <Latency = 6> <II = 1> <Delay = 1.00> <Adapter> <Opcode : 'read' 'write' 'readreq' 'writereq' 'writeresp'>
ST_22 : Operation 602 [51/71] (3.65ns)   --->   "%gmem0_5_load_req = readreq i1 @_ssdm_op_ReadReq.m_axi.i16P1A, i16 %gmem0_5_addr, i64 1" [kernel.cpp:18]   --->   Operation 602 'readreq' 'gmem0_5_load_req' <Predicate = true> <Delay = 3.65> <CoreInst = "m_axi">   --->   Core 119 'm_axi' <Latency = 6> <II = 1> <Delay = 1.00> <Adapter> <Opcode : 'read' 'write' 'readreq' 'writereq' 'writeresp'>
ST_22 : Operation 603 [51/71] (3.65ns)   --->   "%gmem0_6_load_req = readreq i1 @_ssdm_op_ReadReq.m_axi.i16P1A, i16 %gmem0_6_addr, i64 1" [kernel.cpp:18]   --->   Operation 603 'readreq' 'gmem0_6_load_req' <Predicate = true> <Delay = 3.65> <CoreInst = "m_axi">   --->   Core 119 'm_axi' <Latency = 6> <II = 1> <Delay = 1.00> <Adapter> <Opcode : 'read' 'write' 'readreq' 'writereq' 'writeresp'>
ST_22 : Operation 604 [51/71] (3.65ns)   --->   "%gmem0_7_load_req = readreq i1 @_ssdm_op_ReadReq.m_axi.i16P1A, i16 %gmem0_7_addr, i64 1" [kernel.cpp:18]   --->   Operation 604 'readreq' 'gmem0_7_load_req' <Predicate = true> <Delay = 3.65> <CoreInst = "m_axi">   --->   Core 119 'm_axi' <Latency = 6> <II = 1> <Delay = 1.00> <Adapter> <Opcode : 'read' 'write' 'readreq' 'writereq' 'writeresp'>
ST_22 : Operation 605 [51/71] (3.65ns)   --->   "%gmem1_1_load_req = readreq i1 @_ssdm_op_ReadReq.m_axi.i16P1A, i16 %gmem1_1_addr, i64 1" [kernel.cpp:18]   --->   Operation 605 'readreq' 'gmem1_1_load_req' <Predicate = true> <Delay = 3.65> <CoreInst = "m_axi">   --->   Core 119 'm_axi' <Latency = 6> <II = 1> <Delay = 1.00> <Adapter> <Opcode : 'read' 'write' 'readreq' 'writereq' 'writeresp'>
ST_22 : Operation 606 [51/71] (3.65ns)   --->   "%gmem1_2_load_req = readreq i1 @_ssdm_op_ReadReq.m_axi.i16P1A, i16 %gmem1_2_addr, i64 1" [kernel.cpp:18]   --->   Operation 606 'readreq' 'gmem1_2_load_req' <Predicate = true> <Delay = 3.65> <CoreInst = "m_axi">   --->   Core 119 'm_axi' <Latency = 6> <II = 1> <Delay = 1.00> <Adapter> <Opcode : 'read' 'write' 'readreq' 'writereq' 'writeresp'>
ST_22 : Operation 607 [51/71] (3.65ns)   --->   "%gmem1_3_load_req = readreq i1 @_ssdm_op_ReadReq.m_axi.i16P1A, i16 %gmem1_3_addr, i64 1" [kernel.cpp:18]   --->   Operation 607 'readreq' 'gmem1_3_load_req' <Predicate = true> <Delay = 3.65> <CoreInst = "m_axi">   --->   Core 119 'm_axi' <Latency = 6> <II = 1> <Delay = 1.00> <Adapter> <Opcode : 'read' 'write' 'readreq' 'writereq' 'writeresp'>
ST_22 : Operation 608 [51/71] (3.65ns)   --->   "%gmem1_4_load_req = readreq i1 @_ssdm_op_ReadReq.m_axi.i16P1A, i16 %gmem1_4_addr, i64 1" [kernel.cpp:18]   --->   Operation 608 'readreq' 'gmem1_4_load_req' <Predicate = true> <Delay = 3.65> <CoreInst = "m_axi">   --->   Core 119 'm_axi' <Latency = 6> <II = 1> <Delay = 1.00> <Adapter> <Opcode : 'read' 'write' 'readreq' 'writereq' 'writeresp'>
ST_22 : Operation 609 [51/71] (3.65ns)   --->   "%gmem1_5_load_req = readreq i1 @_ssdm_op_ReadReq.m_axi.i16P1A, i16 %gmem1_5_addr, i64 1" [kernel.cpp:18]   --->   Operation 609 'readreq' 'gmem1_5_load_req' <Predicate = true> <Delay = 3.65> <CoreInst = "m_axi">   --->   Core 119 'm_axi' <Latency = 6> <II = 1> <Delay = 1.00> <Adapter> <Opcode : 'read' 'write' 'readreq' 'writereq' 'writeresp'>
ST_22 : Operation 610 [51/71] (3.65ns)   --->   "%gmem1_6_load_req = readreq i1 @_ssdm_op_ReadReq.m_axi.i16P1A, i16 %gmem1_6_addr, i64 1" [kernel.cpp:18]   --->   Operation 610 'readreq' 'gmem1_6_load_req' <Predicate = true> <Delay = 3.65> <CoreInst = "m_axi">   --->   Core 119 'm_axi' <Latency = 6> <II = 1> <Delay = 1.00> <Adapter> <Opcode : 'read' 'write' 'readreq' 'writereq' 'writeresp'>
ST_22 : Operation 611 [51/71] (3.65ns)   --->   "%gmem1_7_load_req = readreq i1 @_ssdm_op_ReadReq.m_axi.i16P1A, i16 %gmem1_7_addr, i64 1" [kernel.cpp:18]   --->   Operation 611 'readreq' 'gmem1_7_load_req' <Predicate = true> <Delay = 3.65> <CoreInst = "m_axi">   --->   Core 119 'm_axi' <Latency = 6> <II = 1> <Delay = 1.00> <Adapter> <Opcode : 'read' 'write' 'readreq' 'writereq' 'writeresp'>

State 23 <SV = 22> <Delay = 3.65>
ST_23 : Operation 612 [50/71] (3.65ns)   --->   "%gmem0_0_load_req = readreq i1 @_ssdm_op_ReadReq.m_axi.i16P1A, i16 %gmem0_0_addr, i64 1" [kernel.cpp:18]   --->   Operation 612 'readreq' 'gmem0_0_load_req' <Predicate = true> <Delay = 3.65> <CoreInst = "m_axi">   --->   Core 119 'm_axi' <Latency = 6> <II = 1> <Delay = 1.00> <Adapter> <Opcode : 'read' 'write' 'readreq' 'writereq' 'writeresp'>
ST_23 : Operation 613 [50/71] (3.65ns)   --->   "%gmem1_0_load_req = readreq i1 @_ssdm_op_ReadReq.m_axi.i16P1A, i16 %gmem1_0_addr, i64 1" [kernel.cpp:18]   --->   Operation 613 'readreq' 'gmem1_0_load_req' <Predicate = true> <Delay = 3.65> <CoreInst = "m_axi">   --->   Core 119 'm_axi' <Latency = 6> <II = 1> <Delay = 1.00> <Adapter> <Opcode : 'read' 'write' 'readreq' 'writereq' 'writeresp'>
ST_23 : Operation 614 [50/71] (3.65ns)   --->   "%gmem0_1_load_req = readreq i1 @_ssdm_op_ReadReq.m_axi.i16P1A, i16 %gmem0_1_addr, i64 1" [kernel.cpp:18]   --->   Operation 614 'readreq' 'gmem0_1_load_req' <Predicate = true> <Delay = 3.65> <CoreInst = "m_axi">   --->   Core 119 'm_axi' <Latency = 6> <II = 1> <Delay = 1.00> <Adapter> <Opcode : 'read' 'write' 'readreq' 'writereq' 'writeresp'>
ST_23 : Operation 615 [50/71] (3.65ns)   --->   "%gmem0_2_load_req = readreq i1 @_ssdm_op_ReadReq.m_axi.i16P1A, i16 %gmem0_2_addr, i64 1" [kernel.cpp:18]   --->   Operation 615 'readreq' 'gmem0_2_load_req' <Predicate = true> <Delay = 3.65> <CoreInst = "m_axi">   --->   Core 119 'm_axi' <Latency = 6> <II = 1> <Delay = 1.00> <Adapter> <Opcode : 'read' 'write' 'readreq' 'writereq' 'writeresp'>
ST_23 : Operation 616 [50/71] (3.65ns)   --->   "%gmem0_3_load_req = readreq i1 @_ssdm_op_ReadReq.m_axi.i16P1A, i16 %gmem0_3_addr, i64 1" [kernel.cpp:18]   --->   Operation 616 'readreq' 'gmem0_3_load_req' <Predicate = true> <Delay = 3.65> <CoreInst = "m_axi">   --->   Core 119 'm_axi' <Latency = 6> <II = 1> <Delay = 1.00> <Adapter> <Opcode : 'read' 'write' 'readreq' 'writereq' 'writeresp'>
ST_23 : Operation 617 [50/71] (3.65ns)   --->   "%gmem0_4_load_req = readreq i1 @_ssdm_op_ReadReq.m_axi.i16P1A, i16 %gmem0_4_addr, i64 1" [kernel.cpp:18]   --->   Operation 617 'readreq' 'gmem0_4_load_req' <Predicate = true> <Delay = 3.65> <CoreInst = "m_axi">   --->   Core 119 'm_axi' <Latency = 6> <II = 1> <Delay = 1.00> <Adapter> <Opcode : 'read' 'write' 'readreq' 'writereq' 'writeresp'>
ST_23 : Operation 618 [50/71] (3.65ns)   --->   "%gmem0_5_load_req = readreq i1 @_ssdm_op_ReadReq.m_axi.i16P1A, i16 %gmem0_5_addr, i64 1" [kernel.cpp:18]   --->   Operation 618 'readreq' 'gmem0_5_load_req' <Predicate = true> <Delay = 3.65> <CoreInst = "m_axi">   --->   Core 119 'm_axi' <Latency = 6> <II = 1> <Delay = 1.00> <Adapter> <Opcode : 'read' 'write' 'readreq' 'writereq' 'writeresp'>
ST_23 : Operation 619 [50/71] (3.65ns)   --->   "%gmem0_6_load_req = readreq i1 @_ssdm_op_ReadReq.m_axi.i16P1A, i16 %gmem0_6_addr, i64 1" [kernel.cpp:18]   --->   Operation 619 'readreq' 'gmem0_6_load_req' <Predicate = true> <Delay = 3.65> <CoreInst = "m_axi">   --->   Core 119 'm_axi' <Latency = 6> <II = 1> <Delay = 1.00> <Adapter> <Opcode : 'read' 'write' 'readreq' 'writereq' 'writeresp'>
ST_23 : Operation 620 [50/71] (3.65ns)   --->   "%gmem0_7_load_req = readreq i1 @_ssdm_op_ReadReq.m_axi.i16P1A, i16 %gmem0_7_addr, i64 1" [kernel.cpp:18]   --->   Operation 620 'readreq' 'gmem0_7_load_req' <Predicate = true> <Delay = 3.65> <CoreInst = "m_axi">   --->   Core 119 'm_axi' <Latency = 6> <II = 1> <Delay = 1.00> <Adapter> <Opcode : 'read' 'write' 'readreq' 'writereq' 'writeresp'>
ST_23 : Operation 621 [50/71] (3.65ns)   --->   "%gmem1_1_load_req = readreq i1 @_ssdm_op_ReadReq.m_axi.i16P1A, i16 %gmem1_1_addr, i64 1" [kernel.cpp:18]   --->   Operation 621 'readreq' 'gmem1_1_load_req' <Predicate = true> <Delay = 3.65> <CoreInst = "m_axi">   --->   Core 119 'm_axi' <Latency = 6> <II = 1> <Delay = 1.00> <Adapter> <Opcode : 'read' 'write' 'readreq' 'writereq' 'writeresp'>
ST_23 : Operation 622 [50/71] (3.65ns)   --->   "%gmem1_2_load_req = readreq i1 @_ssdm_op_ReadReq.m_axi.i16P1A, i16 %gmem1_2_addr, i64 1" [kernel.cpp:18]   --->   Operation 622 'readreq' 'gmem1_2_load_req' <Predicate = true> <Delay = 3.65> <CoreInst = "m_axi">   --->   Core 119 'm_axi' <Latency = 6> <II = 1> <Delay = 1.00> <Adapter> <Opcode : 'read' 'write' 'readreq' 'writereq' 'writeresp'>
ST_23 : Operation 623 [50/71] (3.65ns)   --->   "%gmem1_3_load_req = readreq i1 @_ssdm_op_ReadReq.m_axi.i16P1A, i16 %gmem1_3_addr, i64 1" [kernel.cpp:18]   --->   Operation 623 'readreq' 'gmem1_3_load_req' <Predicate = true> <Delay = 3.65> <CoreInst = "m_axi">   --->   Core 119 'm_axi' <Latency = 6> <II = 1> <Delay = 1.00> <Adapter> <Opcode : 'read' 'write' 'readreq' 'writereq' 'writeresp'>
ST_23 : Operation 624 [50/71] (3.65ns)   --->   "%gmem1_4_load_req = readreq i1 @_ssdm_op_ReadReq.m_axi.i16P1A, i16 %gmem1_4_addr, i64 1" [kernel.cpp:18]   --->   Operation 624 'readreq' 'gmem1_4_load_req' <Predicate = true> <Delay = 3.65> <CoreInst = "m_axi">   --->   Core 119 'm_axi' <Latency = 6> <II = 1> <Delay = 1.00> <Adapter> <Opcode : 'read' 'write' 'readreq' 'writereq' 'writeresp'>
ST_23 : Operation 625 [50/71] (3.65ns)   --->   "%gmem1_5_load_req = readreq i1 @_ssdm_op_ReadReq.m_axi.i16P1A, i16 %gmem1_5_addr, i64 1" [kernel.cpp:18]   --->   Operation 625 'readreq' 'gmem1_5_load_req' <Predicate = true> <Delay = 3.65> <CoreInst = "m_axi">   --->   Core 119 'm_axi' <Latency = 6> <II = 1> <Delay = 1.00> <Adapter> <Opcode : 'read' 'write' 'readreq' 'writereq' 'writeresp'>
ST_23 : Operation 626 [50/71] (3.65ns)   --->   "%gmem1_6_load_req = readreq i1 @_ssdm_op_ReadReq.m_axi.i16P1A, i16 %gmem1_6_addr, i64 1" [kernel.cpp:18]   --->   Operation 626 'readreq' 'gmem1_6_load_req' <Predicate = true> <Delay = 3.65> <CoreInst = "m_axi">   --->   Core 119 'm_axi' <Latency = 6> <II = 1> <Delay = 1.00> <Adapter> <Opcode : 'read' 'write' 'readreq' 'writereq' 'writeresp'>
ST_23 : Operation 627 [50/71] (3.65ns)   --->   "%gmem1_7_load_req = readreq i1 @_ssdm_op_ReadReq.m_axi.i16P1A, i16 %gmem1_7_addr, i64 1" [kernel.cpp:18]   --->   Operation 627 'readreq' 'gmem1_7_load_req' <Predicate = true> <Delay = 3.65> <CoreInst = "m_axi">   --->   Core 119 'm_axi' <Latency = 6> <II = 1> <Delay = 1.00> <Adapter> <Opcode : 'read' 'write' 'readreq' 'writereq' 'writeresp'>

State 24 <SV = 23> <Delay = 3.65>
ST_24 : Operation 628 [49/71] (3.65ns)   --->   "%gmem0_0_load_req = readreq i1 @_ssdm_op_ReadReq.m_axi.i16P1A, i16 %gmem0_0_addr, i64 1" [kernel.cpp:18]   --->   Operation 628 'readreq' 'gmem0_0_load_req' <Predicate = true> <Delay = 3.65> <CoreInst = "m_axi">   --->   Core 119 'm_axi' <Latency = 6> <II = 1> <Delay = 1.00> <Adapter> <Opcode : 'read' 'write' 'readreq' 'writereq' 'writeresp'>
ST_24 : Operation 629 [49/71] (3.65ns)   --->   "%gmem1_0_load_req = readreq i1 @_ssdm_op_ReadReq.m_axi.i16P1A, i16 %gmem1_0_addr, i64 1" [kernel.cpp:18]   --->   Operation 629 'readreq' 'gmem1_0_load_req' <Predicate = true> <Delay = 3.65> <CoreInst = "m_axi">   --->   Core 119 'm_axi' <Latency = 6> <II = 1> <Delay = 1.00> <Adapter> <Opcode : 'read' 'write' 'readreq' 'writereq' 'writeresp'>
ST_24 : Operation 630 [49/71] (3.65ns)   --->   "%gmem0_1_load_req = readreq i1 @_ssdm_op_ReadReq.m_axi.i16P1A, i16 %gmem0_1_addr, i64 1" [kernel.cpp:18]   --->   Operation 630 'readreq' 'gmem0_1_load_req' <Predicate = true> <Delay = 3.65> <CoreInst = "m_axi">   --->   Core 119 'm_axi' <Latency = 6> <II = 1> <Delay = 1.00> <Adapter> <Opcode : 'read' 'write' 'readreq' 'writereq' 'writeresp'>
ST_24 : Operation 631 [49/71] (3.65ns)   --->   "%gmem0_2_load_req = readreq i1 @_ssdm_op_ReadReq.m_axi.i16P1A, i16 %gmem0_2_addr, i64 1" [kernel.cpp:18]   --->   Operation 631 'readreq' 'gmem0_2_load_req' <Predicate = true> <Delay = 3.65> <CoreInst = "m_axi">   --->   Core 119 'm_axi' <Latency = 6> <II = 1> <Delay = 1.00> <Adapter> <Opcode : 'read' 'write' 'readreq' 'writereq' 'writeresp'>
ST_24 : Operation 632 [49/71] (3.65ns)   --->   "%gmem0_3_load_req = readreq i1 @_ssdm_op_ReadReq.m_axi.i16P1A, i16 %gmem0_3_addr, i64 1" [kernel.cpp:18]   --->   Operation 632 'readreq' 'gmem0_3_load_req' <Predicate = true> <Delay = 3.65> <CoreInst = "m_axi">   --->   Core 119 'm_axi' <Latency = 6> <II = 1> <Delay = 1.00> <Adapter> <Opcode : 'read' 'write' 'readreq' 'writereq' 'writeresp'>
ST_24 : Operation 633 [49/71] (3.65ns)   --->   "%gmem0_4_load_req = readreq i1 @_ssdm_op_ReadReq.m_axi.i16P1A, i16 %gmem0_4_addr, i64 1" [kernel.cpp:18]   --->   Operation 633 'readreq' 'gmem0_4_load_req' <Predicate = true> <Delay = 3.65> <CoreInst = "m_axi">   --->   Core 119 'm_axi' <Latency = 6> <II = 1> <Delay = 1.00> <Adapter> <Opcode : 'read' 'write' 'readreq' 'writereq' 'writeresp'>
ST_24 : Operation 634 [49/71] (3.65ns)   --->   "%gmem0_5_load_req = readreq i1 @_ssdm_op_ReadReq.m_axi.i16P1A, i16 %gmem0_5_addr, i64 1" [kernel.cpp:18]   --->   Operation 634 'readreq' 'gmem0_5_load_req' <Predicate = true> <Delay = 3.65> <CoreInst = "m_axi">   --->   Core 119 'm_axi' <Latency = 6> <II = 1> <Delay = 1.00> <Adapter> <Opcode : 'read' 'write' 'readreq' 'writereq' 'writeresp'>
ST_24 : Operation 635 [49/71] (3.65ns)   --->   "%gmem0_6_load_req = readreq i1 @_ssdm_op_ReadReq.m_axi.i16P1A, i16 %gmem0_6_addr, i64 1" [kernel.cpp:18]   --->   Operation 635 'readreq' 'gmem0_6_load_req' <Predicate = true> <Delay = 3.65> <CoreInst = "m_axi">   --->   Core 119 'm_axi' <Latency = 6> <II = 1> <Delay = 1.00> <Adapter> <Opcode : 'read' 'write' 'readreq' 'writereq' 'writeresp'>
ST_24 : Operation 636 [49/71] (3.65ns)   --->   "%gmem0_7_load_req = readreq i1 @_ssdm_op_ReadReq.m_axi.i16P1A, i16 %gmem0_7_addr, i64 1" [kernel.cpp:18]   --->   Operation 636 'readreq' 'gmem0_7_load_req' <Predicate = true> <Delay = 3.65> <CoreInst = "m_axi">   --->   Core 119 'm_axi' <Latency = 6> <II = 1> <Delay = 1.00> <Adapter> <Opcode : 'read' 'write' 'readreq' 'writereq' 'writeresp'>
ST_24 : Operation 637 [49/71] (3.65ns)   --->   "%gmem1_1_load_req = readreq i1 @_ssdm_op_ReadReq.m_axi.i16P1A, i16 %gmem1_1_addr, i64 1" [kernel.cpp:18]   --->   Operation 637 'readreq' 'gmem1_1_load_req' <Predicate = true> <Delay = 3.65> <CoreInst = "m_axi">   --->   Core 119 'm_axi' <Latency = 6> <II = 1> <Delay = 1.00> <Adapter> <Opcode : 'read' 'write' 'readreq' 'writereq' 'writeresp'>
ST_24 : Operation 638 [49/71] (3.65ns)   --->   "%gmem1_2_load_req = readreq i1 @_ssdm_op_ReadReq.m_axi.i16P1A, i16 %gmem1_2_addr, i64 1" [kernel.cpp:18]   --->   Operation 638 'readreq' 'gmem1_2_load_req' <Predicate = true> <Delay = 3.65> <CoreInst = "m_axi">   --->   Core 119 'm_axi' <Latency = 6> <II = 1> <Delay = 1.00> <Adapter> <Opcode : 'read' 'write' 'readreq' 'writereq' 'writeresp'>
ST_24 : Operation 639 [49/71] (3.65ns)   --->   "%gmem1_3_load_req = readreq i1 @_ssdm_op_ReadReq.m_axi.i16P1A, i16 %gmem1_3_addr, i64 1" [kernel.cpp:18]   --->   Operation 639 'readreq' 'gmem1_3_load_req' <Predicate = true> <Delay = 3.65> <CoreInst = "m_axi">   --->   Core 119 'm_axi' <Latency = 6> <II = 1> <Delay = 1.00> <Adapter> <Opcode : 'read' 'write' 'readreq' 'writereq' 'writeresp'>
ST_24 : Operation 640 [49/71] (3.65ns)   --->   "%gmem1_4_load_req = readreq i1 @_ssdm_op_ReadReq.m_axi.i16P1A, i16 %gmem1_4_addr, i64 1" [kernel.cpp:18]   --->   Operation 640 'readreq' 'gmem1_4_load_req' <Predicate = true> <Delay = 3.65> <CoreInst = "m_axi">   --->   Core 119 'm_axi' <Latency = 6> <II = 1> <Delay = 1.00> <Adapter> <Opcode : 'read' 'write' 'readreq' 'writereq' 'writeresp'>
ST_24 : Operation 641 [49/71] (3.65ns)   --->   "%gmem1_5_load_req = readreq i1 @_ssdm_op_ReadReq.m_axi.i16P1A, i16 %gmem1_5_addr, i64 1" [kernel.cpp:18]   --->   Operation 641 'readreq' 'gmem1_5_load_req' <Predicate = true> <Delay = 3.65> <CoreInst = "m_axi">   --->   Core 119 'm_axi' <Latency = 6> <II = 1> <Delay = 1.00> <Adapter> <Opcode : 'read' 'write' 'readreq' 'writereq' 'writeresp'>
ST_24 : Operation 642 [49/71] (3.65ns)   --->   "%gmem1_6_load_req = readreq i1 @_ssdm_op_ReadReq.m_axi.i16P1A, i16 %gmem1_6_addr, i64 1" [kernel.cpp:18]   --->   Operation 642 'readreq' 'gmem1_6_load_req' <Predicate = true> <Delay = 3.65> <CoreInst = "m_axi">   --->   Core 119 'm_axi' <Latency = 6> <II = 1> <Delay = 1.00> <Adapter> <Opcode : 'read' 'write' 'readreq' 'writereq' 'writeresp'>
ST_24 : Operation 643 [49/71] (3.65ns)   --->   "%gmem1_7_load_req = readreq i1 @_ssdm_op_ReadReq.m_axi.i16P1A, i16 %gmem1_7_addr, i64 1" [kernel.cpp:18]   --->   Operation 643 'readreq' 'gmem1_7_load_req' <Predicate = true> <Delay = 3.65> <CoreInst = "m_axi">   --->   Core 119 'm_axi' <Latency = 6> <II = 1> <Delay = 1.00> <Adapter> <Opcode : 'read' 'write' 'readreq' 'writereq' 'writeresp'>

State 25 <SV = 24> <Delay = 3.65>
ST_25 : Operation 644 [48/71] (3.65ns)   --->   "%gmem0_0_load_req = readreq i1 @_ssdm_op_ReadReq.m_axi.i16P1A, i16 %gmem0_0_addr, i64 1" [kernel.cpp:18]   --->   Operation 644 'readreq' 'gmem0_0_load_req' <Predicate = true> <Delay = 3.65> <CoreInst = "m_axi">   --->   Core 119 'm_axi' <Latency = 6> <II = 1> <Delay = 1.00> <Adapter> <Opcode : 'read' 'write' 'readreq' 'writereq' 'writeresp'>
ST_25 : Operation 645 [48/71] (3.65ns)   --->   "%gmem1_0_load_req = readreq i1 @_ssdm_op_ReadReq.m_axi.i16P1A, i16 %gmem1_0_addr, i64 1" [kernel.cpp:18]   --->   Operation 645 'readreq' 'gmem1_0_load_req' <Predicate = true> <Delay = 3.65> <CoreInst = "m_axi">   --->   Core 119 'm_axi' <Latency = 6> <II = 1> <Delay = 1.00> <Adapter> <Opcode : 'read' 'write' 'readreq' 'writereq' 'writeresp'>
ST_25 : Operation 646 [48/71] (3.65ns)   --->   "%gmem0_1_load_req = readreq i1 @_ssdm_op_ReadReq.m_axi.i16P1A, i16 %gmem0_1_addr, i64 1" [kernel.cpp:18]   --->   Operation 646 'readreq' 'gmem0_1_load_req' <Predicate = true> <Delay = 3.65> <CoreInst = "m_axi">   --->   Core 119 'm_axi' <Latency = 6> <II = 1> <Delay = 1.00> <Adapter> <Opcode : 'read' 'write' 'readreq' 'writereq' 'writeresp'>
ST_25 : Operation 647 [48/71] (3.65ns)   --->   "%gmem0_2_load_req = readreq i1 @_ssdm_op_ReadReq.m_axi.i16P1A, i16 %gmem0_2_addr, i64 1" [kernel.cpp:18]   --->   Operation 647 'readreq' 'gmem0_2_load_req' <Predicate = true> <Delay = 3.65> <CoreInst = "m_axi">   --->   Core 119 'm_axi' <Latency = 6> <II = 1> <Delay = 1.00> <Adapter> <Opcode : 'read' 'write' 'readreq' 'writereq' 'writeresp'>
ST_25 : Operation 648 [48/71] (3.65ns)   --->   "%gmem0_3_load_req = readreq i1 @_ssdm_op_ReadReq.m_axi.i16P1A, i16 %gmem0_3_addr, i64 1" [kernel.cpp:18]   --->   Operation 648 'readreq' 'gmem0_3_load_req' <Predicate = true> <Delay = 3.65> <CoreInst = "m_axi">   --->   Core 119 'm_axi' <Latency = 6> <II = 1> <Delay = 1.00> <Adapter> <Opcode : 'read' 'write' 'readreq' 'writereq' 'writeresp'>
ST_25 : Operation 649 [48/71] (3.65ns)   --->   "%gmem0_4_load_req = readreq i1 @_ssdm_op_ReadReq.m_axi.i16P1A, i16 %gmem0_4_addr, i64 1" [kernel.cpp:18]   --->   Operation 649 'readreq' 'gmem0_4_load_req' <Predicate = true> <Delay = 3.65> <CoreInst = "m_axi">   --->   Core 119 'm_axi' <Latency = 6> <II = 1> <Delay = 1.00> <Adapter> <Opcode : 'read' 'write' 'readreq' 'writereq' 'writeresp'>
ST_25 : Operation 650 [48/71] (3.65ns)   --->   "%gmem0_5_load_req = readreq i1 @_ssdm_op_ReadReq.m_axi.i16P1A, i16 %gmem0_5_addr, i64 1" [kernel.cpp:18]   --->   Operation 650 'readreq' 'gmem0_5_load_req' <Predicate = true> <Delay = 3.65> <CoreInst = "m_axi">   --->   Core 119 'm_axi' <Latency = 6> <II = 1> <Delay = 1.00> <Adapter> <Opcode : 'read' 'write' 'readreq' 'writereq' 'writeresp'>
ST_25 : Operation 651 [48/71] (3.65ns)   --->   "%gmem0_6_load_req = readreq i1 @_ssdm_op_ReadReq.m_axi.i16P1A, i16 %gmem0_6_addr, i64 1" [kernel.cpp:18]   --->   Operation 651 'readreq' 'gmem0_6_load_req' <Predicate = true> <Delay = 3.65> <CoreInst = "m_axi">   --->   Core 119 'm_axi' <Latency = 6> <II = 1> <Delay = 1.00> <Adapter> <Opcode : 'read' 'write' 'readreq' 'writereq' 'writeresp'>
ST_25 : Operation 652 [48/71] (3.65ns)   --->   "%gmem0_7_load_req = readreq i1 @_ssdm_op_ReadReq.m_axi.i16P1A, i16 %gmem0_7_addr, i64 1" [kernel.cpp:18]   --->   Operation 652 'readreq' 'gmem0_7_load_req' <Predicate = true> <Delay = 3.65> <CoreInst = "m_axi">   --->   Core 119 'm_axi' <Latency = 6> <II = 1> <Delay = 1.00> <Adapter> <Opcode : 'read' 'write' 'readreq' 'writereq' 'writeresp'>
ST_25 : Operation 653 [48/71] (3.65ns)   --->   "%gmem1_1_load_req = readreq i1 @_ssdm_op_ReadReq.m_axi.i16P1A, i16 %gmem1_1_addr, i64 1" [kernel.cpp:18]   --->   Operation 653 'readreq' 'gmem1_1_load_req' <Predicate = true> <Delay = 3.65> <CoreInst = "m_axi">   --->   Core 119 'm_axi' <Latency = 6> <II = 1> <Delay = 1.00> <Adapter> <Opcode : 'read' 'write' 'readreq' 'writereq' 'writeresp'>
ST_25 : Operation 654 [48/71] (3.65ns)   --->   "%gmem1_2_load_req = readreq i1 @_ssdm_op_ReadReq.m_axi.i16P1A, i16 %gmem1_2_addr, i64 1" [kernel.cpp:18]   --->   Operation 654 'readreq' 'gmem1_2_load_req' <Predicate = true> <Delay = 3.65> <CoreInst = "m_axi">   --->   Core 119 'm_axi' <Latency = 6> <II = 1> <Delay = 1.00> <Adapter> <Opcode : 'read' 'write' 'readreq' 'writereq' 'writeresp'>
ST_25 : Operation 655 [48/71] (3.65ns)   --->   "%gmem1_3_load_req = readreq i1 @_ssdm_op_ReadReq.m_axi.i16P1A, i16 %gmem1_3_addr, i64 1" [kernel.cpp:18]   --->   Operation 655 'readreq' 'gmem1_3_load_req' <Predicate = true> <Delay = 3.65> <CoreInst = "m_axi">   --->   Core 119 'm_axi' <Latency = 6> <II = 1> <Delay = 1.00> <Adapter> <Opcode : 'read' 'write' 'readreq' 'writereq' 'writeresp'>
ST_25 : Operation 656 [48/71] (3.65ns)   --->   "%gmem1_4_load_req = readreq i1 @_ssdm_op_ReadReq.m_axi.i16P1A, i16 %gmem1_4_addr, i64 1" [kernel.cpp:18]   --->   Operation 656 'readreq' 'gmem1_4_load_req' <Predicate = true> <Delay = 3.65> <CoreInst = "m_axi">   --->   Core 119 'm_axi' <Latency = 6> <II = 1> <Delay = 1.00> <Adapter> <Opcode : 'read' 'write' 'readreq' 'writereq' 'writeresp'>
ST_25 : Operation 657 [48/71] (3.65ns)   --->   "%gmem1_5_load_req = readreq i1 @_ssdm_op_ReadReq.m_axi.i16P1A, i16 %gmem1_5_addr, i64 1" [kernel.cpp:18]   --->   Operation 657 'readreq' 'gmem1_5_load_req' <Predicate = true> <Delay = 3.65> <CoreInst = "m_axi">   --->   Core 119 'm_axi' <Latency = 6> <II = 1> <Delay = 1.00> <Adapter> <Opcode : 'read' 'write' 'readreq' 'writereq' 'writeresp'>
ST_25 : Operation 658 [48/71] (3.65ns)   --->   "%gmem1_6_load_req = readreq i1 @_ssdm_op_ReadReq.m_axi.i16P1A, i16 %gmem1_6_addr, i64 1" [kernel.cpp:18]   --->   Operation 658 'readreq' 'gmem1_6_load_req' <Predicate = true> <Delay = 3.65> <CoreInst = "m_axi">   --->   Core 119 'm_axi' <Latency = 6> <II = 1> <Delay = 1.00> <Adapter> <Opcode : 'read' 'write' 'readreq' 'writereq' 'writeresp'>
ST_25 : Operation 659 [48/71] (3.65ns)   --->   "%gmem1_7_load_req = readreq i1 @_ssdm_op_ReadReq.m_axi.i16P1A, i16 %gmem1_7_addr, i64 1" [kernel.cpp:18]   --->   Operation 659 'readreq' 'gmem1_7_load_req' <Predicate = true> <Delay = 3.65> <CoreInst = "m_axi">   --->   Core 119 'm_axi' <Latency = 6> <II = 1> <Delay = 1.00> <Adapter> <Opcode : 'read' 'write' 'readreq' 'writereq' 'writeresp'>

State 26 <SV = 25> <Delay = 3.65>
ST_26 : Operation 660 [47/71] (3.65ns)   --->   "%gmem0_0_load_req = readreq i1 @_ssdm_op_ReadReq.m_axi.i16P1A, i16 %gmem0_0_addr, i64 1" [kernel.cpp:18]   --->   Operation 660 'readreq' 'gmem0_0_load_req' <Predicate = true> <Delay = 3.65> <CoreInst = "m_axi">   --->   Core 119 'm_axi' <Latency = 6> <II = 1> <Delay = 1.00> <Adapter> <Opcode : 'read' 'write' 'readreq' 'writereq' 'writeresp'>
ST_26 : Operation 661 [47/71] (3.65ns)   --->   "%gmem1_0_load_req = readreq i1 @_ssdm_op_ReadReq.m_axi.i16P1A, i16 %gmem1_0_addr, i64 1" [kernel.cpp:18]   --->   Operation 661 'readreq' 'gmem1_0_load_req' <Predicate = true> <Delay = 3.65> <CoreInst = "m_axi">   --->   Core 119 'm_axi' <Latency = 6> <II = 1> <Delay = 1.00> <Adapter> <Opcode : 'read' 'write' 'readreq' 'writereq' 'writeresp'>
ST_26 : Operation 662 [47/71] (3.65ns)   --->   "%gmem0_1_load_req = readreq i1 @_ssdm_op_ReadReq.m_axi.i16P1A, i16 %gmem0_1_addr, i64 1" [kernel.cpp:18]   --->   Operation 662 'readreq' 'gmem0_1_load_req' <Predicate = true> <Delay = 3.65> <CoreInst = "m_axi">   --->   Core 119 'm_axi' <Latency = 6> <II = 1> <Delay = 1.00> <Adapter> <Opcode : 'read' 'write' 'readreq' 'writereq' 'writeresp'>
ST_26 : Operation 663 [47/71] (3.65ns)   --->   "%gmem0_2_load_req = readreq i1 @_ssdm_op_ReadReq.m_axi.i16P1A, i16 %gmem0_2_addr, i64 1" [kernel.cpp:18]   --->   Operation 663 'readreq' 'gmem0_2_load_req' <Predicate = true> <Delay = 3.65> <CoreInst = "m_axi">   --->   Core 119 'm_axi' <Latency = 6> <II = 1> <Delay = 1.00> <Adapter> <Opcode : 'read' 'write' 'readreq' 'writereq' 'writeresp'>
ST_26 : Operation 664 [47/71] (3.65ns)   --->   "%gmem0_3_load_req = readreq i1 @_ssdm_op_ReadReq.m_axi.i16P1A, i16 %gmem0_3_addr, i64 1" [kernel.cpp:18]   --->   Operation 664 'readreq' 'gmem0_3_load_req' <Predicate = true> <Delay = 3.65> <CoreInst = "m_axi">   --->   Core 119 'm_axi' <Latency = 6> <II = 1> <Delay = 1.00> <Adapter> <Opcode : 'read' 'write' 'readreq' 'writereq' 'writeresp'>
ST_26 : Operation 665 [47/71] (3.65ns)   --->   "%gmem0_4_load_req = readreq i1 @_ssdm_op_ReadReq.m_axi.i16P1A, i16 %gmem0_4_addr, i64 1" [kernel.cpp:18]   --->   Operation 665 'readreq' 'gmem0_4_load_req' <Predicate = true> <Delay = 3.65> <CoreInst = "m_axi">   --->   Core 119 'm_axi' <Latency = 6> <II = 1> <Delay = 1.00> <Adapter> <Opcode : 'read' 'write' 'readreq' 'writereq' 'writeresp'>
ST_26 : Operation 666 [47/71] (3.65ns)   --->   "%gmem0_5_load_req = readreq i1 @_ssdm_op_ReadReq.m_axi.i16P1A, i16 %gmem0_5_addr, i64 1" [kernel.cpp:18]   --->   Operation 666 'readreq' 'gmem0_5_load_req' <Predicate = true> <Delay = 3.65> <CoreInst = "m_axi">   --->   Core 119 'm_axi' <Latency = 6> <II = 1> <Delay = 1.00> <Adapter> <Opcode : 'read' 'write' 'readreq' 'writereq' 'writeresp'>
ST_26 : Operation 667 [47/71] (3.65ns)   --->   "%gmem0_6_load_req = readreq i1 @_ssdm_op_ReadReq.m_axi.i16P1A, i16 %gmem0_6_addr, i64 1" [kernel.cpp:18]   --->   Operation 667 'readreq' 'gmem0_6_load_req' <Predicate = true> <Delay = 3.65> <CoreInst = "m_axi">   --->   Core 119 'm_axi' <Latency = 6> <II = 1> <Delay = 1.00> <Adapter> <Opcode : 'read' 'write' 'readreq' 'writereq' 'writeresp'>
ST_26 : Operation 668 [47/71] (3.65ns)   --->   "%gmem0_7_load_req = readreq i1 @_ssdm_op_ReadReq.m_axi.i16P1A, i16 %gmem0_7_addr, i64 1" [kernel.cpp:18]   --->   Operation 668 'readreq' 'gmem0_7_load_req' <Predicate = true> <Delay = 3.65> <CoreInst = "m_axi">   --->   Core 119 'm_axi' <Latency = 6> <II = 1> <Delay = 1.00> <Adapter> <Opcode : 'read' 'write' 'readreq' 'writereq' 'writeresp'>
ST_26 : Operation 669 [47/71] (3.65ns)   --->   "%gmem1_1_load_req = readreq i1 @_ssdm_op_ReadReq.m_axi.i16P1A, i16 %gmem1_1_addr, i64 1" [kernel.cpp:18]   --->   Operation 669 'readreq' 'gmem1_1_load_req' <Predicate = true> <Delay = 3.65> <CoreInst = "m_axi">   --->   Core 119 'm_axi' <Latency = 6> <II = 1> <Delay = 1.00> <Adapter> <Opcode : 'read' 'write' 'readreq' 'writereq' 'writeresp'>
ST_26 : Operation 670 [47/71] (3.65ns)   --->   "%gmem1_2_load_req = readreq i1 @_ssdm_op_ReadReq.m_axi.i16P1A, i16 %gmem1_2_addr, i64 1" [kernel.cpp:18]   --->   Operation 670 'readreq' 'gmem1_2_load_req' <Predicate = true> <Delay = 3.65> <CoreInst = "m_axi">   --->   Core 119 'm_axi' <Latency = 6> <II = 1> <Delay = 1.00> <Adapter> <Opcode : 'read' 'write' 'readreq' 'writereq' 'writeresp'>
ST_26 : Operation 671 [47/71] (3.65ns)   --->   "%gmem1_3_load_req = readreq i1 @_ssdm_op_ReadReq.m_axi.i16P1A, i16 %gmem1_3_addr, i64 1" [kernel.cpp:18]   --->   Operation 671 'readreq' 'gmem1_3_load_req' <Predicate = true> <Delay = 3.65> <CoreInst = "m_axi">   --->   Core 119 'm_axi' <Latency = 6> <II = 1> <Delay = 1.00> <Adapter> <Opcode : 'read' 'write' 'readreq' 'writereq' 'writeresp'>
ST_26 : Operation 672 [47/71] (3.65ns)   --->   "%gmem1_4_load_req = readreq i1 @_ssdm_op_ReadReq.m_axi.i16P1A, i16 %gmem1_4_addr, i64 1" [kernel.cpp:18]   --->   Operation 672 'readreq' 'gmem1_4_load_req' <Predicate = true> <Delay = 3.65> <CoreInst = "m_axi">   --->   Core 119 'm_axi' <Latency = 6> <II = 1> <Delay = 1.00> <Adapter> <Opcode : 'read' 'write' 'readreq' 'writereq' 'writeresp'>
ST_26 : Operation 673 [47/71] (3.65ns)   --->   "%gmem1_5_load_req = readreq i1 @_ssdm_op_ReadReq.m_axi.i16P1A, i16 %gmem1_5_addr, i64 1" [kernel.cpp:18]   --->   Operation 673 'readreq' 'gmem1_5_load_req' <Predicate = true> <Delay = 3.65> <CoreInst = "m_axi">   --->   Core 119 'm_axi' <Latency = 6> <II = 1> <Delay = 1.00> <Adapter> <Opcode : 'read' 'write' 'readreq' 'writereq' 'writeresp'>
ST_26 : Operation 674 [47/71] (3.65ns)   --->   "%gmem1_6_load_req = readreq i1 @_ssdm_op_ReadReq.m_axi.i16P1A, i16 %gmem1_6_addr, i64 1" [kernel.cpp:18]   --->   Operation 674 'readreq' 'gmem1_6_load_req' <Predicate = true> <Delay = 3.65> <CoreInst = "m_axi">   --->   Core 119 'm_axi' <Latency = 6> <II = 1> <Delay = 1.00> <Adapter> <Opcode : 'read' 'write' 'readreq' 'writereq' 'writeresp'>
ST_26 : Operation 675 [47/71] (3.65ns)   --->   "%gmem1_7_load_req = readreq i1 @_ssdm_op_ReadReq.m_axi.i16P1A, i16 %gmem1_7_addr, i64 1" [kernel.cpp:18]   --->   Operation 675 'readreq' 'gmem1_7_load_req' <Predicate = true> <Delay = 3.65> <CoreInst = "m_axi">   --->   Core 119 'm_axi' <Latency = 6> <II = 1> <Delay = 1.00> <Adapter> <Opcode : 'read' 'write' 'readreq' 'writereq' 'writeresp'>

State 27 <SV = 26> <Delay = 3.65>
ST_27 : Operation 676 [46/71] (3.65ns)   --->   "%gmem0_0_load_req = readreq i1 @_ssdm_op_ReadReq.m_axi.i16P1A, i16 %gmem0_0_addr, i64 1" [kernel.cpp:18]   --->   Operation 676 'readreq' 'gmem0_0_load_req' <Predicate = true> <Delay = 3.65> <CoreInst = "m_axi">   --->   Core 119 'm_axi' <Latency = 6> <II = 1> <Delay = 1.00> <Adapter> <Opcode : 'read' 'write' 'readreq' 'writereq' 'writeresp'>
ST_27 : Operation 677 [46/71] (3.65ns)   --->   "%gmem1_0_load_req = readreq i1 @_ssdm_op_ReadReq.m_axi.i16P1A, i16 %gmem1_0_addr, i64 1" [kernel.cpp:18]   --->   Operation 677 'readreq' 'gmem1_0_load_req' <Predicate = true> <Delay = 3.65> <CoreInst = "m_axi">   --->   Core 119 'm_axi' <Latency = 6> <II = 1> <Delay = 1.00> <Adapter> <Opcode : 'read' 'write' 'readreq' 'writereq' 'writeresp'>
ST_27 : Operation 678 [46/71] (3.65ns)   --->   "%gmem0_1_load_req = readreq i1 @_ssdm_op_ReadReq.m_axi.i16P1A, i16 %gmem0_1_addr, i64 1" [kernel.cpp:18]   --->   Operation 678 'readreq' 'gmem0_1_load_req' <Predicate = true> <Delay = 3.65> <CoreInst = "m_axi">   --->   Core 119 'm_axi' <Latency = 6> <II = 1> <Delay = 1.00> <Adapter> <Opcode : 'read' 'write' 'readreq' 'writereq' 'writeresp'>
ST_27 : Operation 679 [46/71] (3.65ns)   --->   "%gmem0_2_load_req = readreq i1 @_ssdm_op_ReadReq.m_axi.i16P1A, i16 %gmem0_2_addr, i64 1" [kernel.cpp:18]   --->   Operation 679 'readreq' 'gmem0_2_load_req' <Predicate = true> <Delay = 3.65> <CoreInst = "m_axi">   --->   Core 119 'm_axi' <Latency = 6> <II = 1> <Delay = 1.00> <Adapter> <Opcode : 'read' 'write' 'readreq' 'writereq' 'writeresp'>
ST_27 : Operation 680 [46/71] (3.65ns)   --->   "%gmem0_3_load_req = readreq i1 @_ssdm_op_ReadReq.m_axi.i16P1A, i16 %gmem0_3_addr, i64 1" [kernel.cpp:18]   --->   Operation 680 'readreq' 'gmem0_3_load_req' <Predicate = true> <Delay = 3.65> <CoreInst = "m_axi">   --->   Core 119 'm_axi' <Latency = 6> <II = 1> <Delay = 1.00> <Adapter> <Opcode : 'read' 'write' 'readreq' 'writereq' 'writeresp'>
ST_27 : Operation 681 [46/71] (3.65ns)   --->   "%gmem0_4_load_req = readreq i1 @_ssdm_op_ReadReq.m_axi.i16P1A, i16 %gmem0_4_addr, i64 1" [kernel.cpp:18]   --->   Operation 681 'readreq' 'gmem0_4_load_req' <Predicate = true> <Delay = 3.65> <CoreInst = "m_axi">   --->   Core 119 'm_axi' <Latency = 6> <II = 1> <Delay = 1.00> <Adapter> <Opcode : 'read' 'write' 'readreq' 'writereq' 'writeresp'>
ST_27 : Operation 682 [46/71] (3.65ns)   --->   "%gmem0_5_load_req = readreq i1 @_ssdm_op_ReadReq.m_axi.i16P1A, i16 %gmem0_5_addr, i64 1" [kernel.cpp:18]   --->   Operation 682 'readreq' 'gmem0_5_load_req' <Predicate = true> <Delay = 3.65> <CoreInst = "m_axi">   --->   Core 119 'm_axi' <Latency = 6> <II = 1> <Delay = 1.00> <Adapter> <Opcode : 'read' 'write' 'readreq' 'writereq' 'writeresp'>
ST_27 : Operation 683 [46/71] (3.65ns)   --->   "%gmem0_6_load_req = readreq i1 @_ssdm_op_ReadReq.m_axi.i16P1A, i16 %gmem0_6_addr, i64 1" [kernel.cpp:18]   --->   Operation 683 'readreq' 'gmem0_6_load_req' <Predicate = true> <Delay = 3.65> <CoreInst = "m_axi">   --->   Core 119 'm_axi' <Latency = 6> <II = 1> <Delay = 1.00> <Adapter> <Opcode : 'read' 'write' 'readreq' 'writereq' 'writeresp'>
ST_27 : Operation 684 [46/71] (3.65ns)   --->   "%gmem0_7_load_req = readreq i1 @_ssdm_op_ReadReq.m_axi.i16P1A, i16 %gmem0_7_addr, i64 1" [kernel.cpp:18]   --->   Operation 684 'readreq' 'gmem0_7_load_req' <Predicate = true> <Delay = 3.65> <CoreInst = "m_axi">   --->   Core 119 'm_axi' <Latency = 6> <II = 1> <Delay = 1.00> <Adapter> <Opcode : 'read' 'write' 'readreq' 'writereq' 'writeresp'>
ST_27 : Operation 685 [46/71] (3.65ns)   --->   "%gmem1_1_load_req = readreq i1 @_ssdm_op_ReadReq.m_axi.i16P1A, i16 %gmem1_1_addr, i64 1" [kernel.cpp:18]   --->   Operation 685 'readreq' 'gmem1_1_load_req' <Predicate = true> <Delay = 3.65> <CoreInst = "m_axi">   --->   Core 119 'm_axi' <Latency = 6> <II = 1> <Delay = 1.00> <Adapter> <Opcode : 'read' 'write' 'readreq' 'writereq' 'writeresp'>
ST_27 : Operation 686 [46/71] (3.65ns)   --->   "%gmem1_2_load_req = readreq i1 @_ssdm_op_ReadReq.m_axi.i16P1A, i16 %gmem1_2_addr, i64 1" [kernel.cpp:18]   --->   Operation 686 'readreq' 'gmem1_2_load_req' <Predicate = true> <Delay = 3.65> <CoreInst = "m_axi">   --->   Core 119 'm_axi' <Latency = 6> <II = 1> <Delay = 1.00> <Adapter> <Opcode : 'read' 'write' 'readreq' 'writereq' 'writeresp'>
ST_27 : Operation 687 [46/71] (3.65ns)   --->   "%gmem1_3_load_req = readreq i1 @_ssdm_op_ReadReq.m_axi.i16P1A, i16 %gmem1_3_addr, i64 1" [kernel.cpp:18]   --->   Operation 687 'readreq' 'gmem1_3_load_req' <Predicate = true> <Delay = 3.65> <CoreInst = "m_axi">   --->   Core 119 'm_axi' <Latency = 6> <II = 1> <Delay = 1.00> <Adapter> <Opcode : 'read' 'write' 'readreq' 'writereq' 'writeresp'>
ST_27 : Operation 688 [46/71] (3.65ns)   --->   "%gmem1_4_load_req = readreq i1 @_ssdm_op_ReadReq.m_axi.i16P1A, i16 %gmem1_4_addr, i64 1" [kernel.cpp:18]   --->   Operation 688 'readreq' 'gmem1_4_load_req' <Predicate = true> <Delay = 3.65> <CoreInst = "m_axi">   --->   Core 119 'm_axi' <Latency = 6> <II = 1> <Delay = 1.00> <Adapter> <Opcode : 'read' 'write' 'readreq' 'writereq' 'writeresp'>
ST_27 : Operation 689 [46/71] (3.65ns)   --->   "%gmem1_5_load_req = readreq i1 @_ssdm_op_ReadReq.m_axi.i16P1A, i16 %gmem1_5_addr, i64 1" [kernel.cpp:18]   --->   Operation 689 'readreq' 'gmem1_5_load_req' <Predicate = true> <Delay = 3.65> <CoreInst = "m_axi">   --->   Core 119 'm_axi' <Latency = 6> <II = 1> <Delay = 1.00> <Adapter> <Opcode : 'read' 'write' 'readreq' 'writereq' 'writeresp'>
ST_27 : Operation 690 [46/71] (3.65ns)   --->   "%gmem1_6_load_req = readreq i1 @_ssdm_op_ReadReq.m_axi.i16P1A, i16 %gmem1_6_addr, i64 1" [kernel.cpp:18]   --->   Operation 690 'readreq' 'gmem1_6_load_req' <Predicate = true> <Delay = 3.65> <CoreInst = "m_axi">   --->   Core 119 'm_axi' <Latency = 6> <II = 1> <Delay = 1.00> <Adapter> <Opcode : 'read' 'write' 'readreq' 'writereq' 'writeresp'>
ST_27 : Operation 691 [46/71] (3.65ns)   --->   "%gmem1_7_load_req = readreq i1 @_ssdm_op_ReadReq.m_axi.i16P1A, i16 %gmem1_7_addr, i64 1" [kernel.cpp:18]   --->   Operation 691 'readreq' 'gmem1_7_load_req' <Predicate = true> <Delay = 3.65> <CoreInst = "m_axi">   --->   Core 119 'm_axi' <Latency = 6> <II = 1> <Delay = 1.00> <Adapter> <Opcode : 'read' 'write' 'readreq' 'writereq' 'writeresp'>

State 28 <SV = 27> <Delay = 3.65>
ST_28 : Operation 692 [45/71] (3.65ns)   --->   "%gmem0_0_load_req = readreq i1 @_ssdm_op_ReadReq.m_axi.i16P1A, i16 %gmem0_0_addr, i64 1" [kernel.cpp:18]   --->   Operation 692 'readreq' 'gmem0_0_load_req' <Predicate = true> <Delay = 3.65> <CoreInst = "m_axi">   --->   Core 119 'm_axi' <Latency = 6> <II = 1> <Delay = 1.00> <Adapter> <Opcode : 'read' 'write' 'readreq' 'writereq' 'writeresp'>
ST_28 : Operation 693 [45/71] (3.65ns)   --->   "%gmem1_0_load_req = readreq i1 @_ssdm_op_ReadReq.m_axi.i16P1A, i16 %gmem1_0_addr, i64 1" [kernel.cpp:18]   --->   Operation 693 'readreq' 'gmem1_0_load_req' <Predicate = true> <Delay = 3.65> <CoreInst = "m_axi">   --->   Core 119 'm_axi' <Latency = 6> <II = 1> <Delay = 1.00> <Adapter> <Opcode : 'read' 'write' 'readreq' 'writereq' 'writeresp'>
ST_28 : Operation 694 [45/71] (3.65ns)   --->   "%gmem0_1_load_req = readreq i1 @_ssdm_op_ReadReq.m_axi.i16P1A, i16 %gmem0_1_addr, i64 1" [kernel.cpp:18]   --->   Operation 694 'readreq' 'gmem0_1_load_req' <Predicate = true> <Delay = 3.65> <CoreInst = "m_axi">   --->   Core 119 'm_axi' <Latency = 6> <II = 1> <Delay = 1.00> <Adapter> <Opcode : 'read' 'write' 'readreq' 'writereq' 'writeresp'>
ST_28 : Operation 695 [45/71] (3.65ns)   --->   "%gmem0_2_load_req = readreq i1 @_ssdm_op_ReadReq.m_axi.i16P1A, i16 %gmem0_2_addr, i64 1" [kernel.cpp:18]   --->   Operation 695 'readreq' 'gmem0_2_load_req' <Predicate = true> <Delay = 3.65> <CoreInst = "m_axi">   --->   Core 119 'm_axi' <Latency = 6> <II = 1> <Delay = 1.00> <Adapter> <Opcode : 'read' 'write' 'readreq' 'writereq' 'writeresp'>
ST_28 : Operation 696 [45/71] (3.65ns)   --->   "%gmem0_3_load_req = readreq i1 @_ssdm_op_ReadReq.m_axi.i16P1A, i16 %gmem0_3_addr, i64 1" [kernel.cpp:18]   --->   Operation 696 'readreq' 'gmem0_3_load_req' <Predicate = true> <Delay = 3.65> <CoreInst = "m_axi">   --->   Core 119 'm_axi' <Latency = 6> <II = 1> <Delay = 1.00> <Adapter> <Opcode : 'read' 'write' 'readreq' 'writereq' 'writeresp'>
ST_28 : Operation 697 [45/71] (3.65ns)   --->   "%gmem0_4_load_req = readreq i1 @_ssdm_op_ReadReq.m_axi.i16P1A, i16 %gmem0_4_addr, i64 1" [kernel.cpp:18]   --->   Operation 697 'readreq' 'gmem0_4_load_req' <Predicate = true> <Delay = 3.65> <CoreInst = "m_axi">   --->   Core 119 'm_axi' <Latency = 6> <II = 1> <Delay = 1.00> <Adapter> <Opcode : 'read' 'write' 'readreq' 'writereq' 'writeresp'>
ST_28 : Operation 698 [45/71] (3.65ns)   --->   "%gmem0_5_load_req = readreq i1 @_ssdm_op_ReadReq.m_axi.i16P1A, i16 %gmem0_5_addr, i64 1" [kernel.cpp:18]   --->   Operation 698 'readreq' 'gmem0_5_load_req' <Predicate = true> <Delay = 3.65> <CoreInst = "m_axi">   --->   Core 119 'm_axi' <Latency = 6> <II = 1> <Delay = 1.00> <Adapter> <Opcode : 'read' 'write' 'readreq' 'writereq' 'writeresp'>
ST_28 : Operation 699 [45/71] (3.65ns)   --->   "%gmem0_6_load_req = readreq i1 @_ssdm_op_ReadReq.m_axi.i16P1A, i16 %gmem0_6_addr, i64 1" [kernel.cpp:18]   --->   Operation 699 'readreq' 'gmem0_6_load_req' <Predicate = true> <Delay = 3.65> <CoreInst = "m_axi">   --->   Core 119 'm_axi' <Latency = 6> <II = 1> <Delay = 1.00> <Adapter> <Opcode : 'read' 'write' 'readreq' 'writereq' 'writeresp'>
ST_28 : Operation 700 [45/71] (3.65ns)   --->   "%gmem0_7_load_req = readreq i1 @_ssdm_op_ReadReq.m_axi.i16P1A, i16 %gmem0_7_addr, i64 1" [kernel.cpp:18]   --->   Operation 700 'readreq' 'gmem0_7_load_req' <Predicate = true> <Delay = 3.65> <CoreInst = "m_axi">   --->   Core 119 'm_axi' <Latency = 6> <II = 1> <Delay = 1.00> <Adapter> <Opcode : 'read' 'write' 'readreq' 'writereq' 'writeresp'>
ST_28 : Operation 701 [45/71] (3.65ns)   --->   "%gmem1_1_load_req = readreq i1 @_ssdm_op_ReadReq.m_axi.i16P1A, i16 %gmem1_1_addr, i64 1" [kernel.cpp:18]   --->   Operation 701 'readreq' 'gmem1_1_load_req' <Predicate = true> <Delay = 3.65> <CoreInst = "m_axi">   --->   Core 119 'm_axi' <Latency = 6> <II = 1> <Delay = 1.00> <Adapter> <Opcode : 'read' 'write' 'readreq' 'writereq' 'writeresp'>
ST_28 : Operation 702 [45/71] (3.65ns)   --->   "%gmem1_2_load_req = readreq i1 @_ssdm_op_ReadReq.m_axi.i16P1A, i16 %gmem1_2_addr, i64 1" [kernel.cpp:18]   --->   Operation 702 'readreq' 'gmem1_2_load_req' <Predicate = true> <Delay = 3.65> <CoreInst = "m_axi">   --->   Core 119 'm_axi' <Latency = 6> <II = 1> <Delay = 1.00> <Adapter> <Opcode : 'read' 'write' 'readreq' 'writereq' 'writeresp'>
ST_28 : Operation 703 [45/71] (3.65ns)   --->   "%gmem1_3_load_req = readreq i1 @_ssdm_op_ReadReq.m_axi.i16P1A, i16 %gmem1_3_addr, i64 1" [kernel.cpp:18]   --->   Operation 703 'readreq' 'gmem1_3_load_req' <Predicate = true> <Delay = 3.65> <CoreInst = "m_axi">   --->   Core 119 'm_axi' <Latency = 6> <II = 1> <Delay = 1.00> <Adapter> <Opcode : 'read' 'write' 'readreq' 'writereq' 'writeresp'>
ST_28 : Operation 704 [45/71] (3.65ns)   --->   "%gmem1_4_load_req = readreq i1 @_ssdm_op_ReadReq.m_axi.i16P1A, i16 %gmem1_4_addr, i64 1" [kernel.cpp:18]   --->   Operation 704 'readreq' 'gmem1_4_load_req' <Predicate = true> <Delay = 3.65> <CoreInst = "m_axi">   --->   Core 119 'm_axi' <Latency = 6> <II = 1> <Delay = 1.00> <Adapter> <Opcode : 'read' 'write' 'readreq' 'writereq' 'writeresp'>
ST_28 : Operation 705 [45/71] (3.65ns)   --->   "%gmem1_5_load_req = readreq i1 @_ssdm_op_ReadReq.m_axi.i16P1A, i16 %gmem1_5_addr, i64 1" [kernel.cpp:18]   --->   Operation 705 'readreq' 'gmem1_5_load_req' <Predicate = true> <Delay = 3.65> <CoreInst = "m_axi">   --->   Core 119 'm_axi' <Latency = 6> <II = 1> <Delay = 1.00> <Adapter> <Opcode : 'read' 'write' 'readreq' 'writereq' 'writeresp'>
ST_28 : Operation 706 [45/71] (3.65ns)   --->   "%gmem1_6_load_req = readreq i1 @_ssdm_op_ReadReq.m_axi.i16P1A, i16 %gmem1_6_addr, i64 1" [kernel.cpp:18]   --->   Operation 706 'readreq' 'gmem1_6_load_req' <Predicate = true> <Delay = 3.65> <CoreInst = "m_axi">   --->   Core 119 'm_axi' <Latency = 6> <II = 1> <Delay = 1.00> <Adapter> <Opcode : 'read' 'write' 'readreq' 'writereq' 'writeresp'>
ST_28 : Operation 707 [45/71] (3.65ns)   --->   "%gmem1_7_load_req = readreq i1 @_ssdm_op_ReadReq.m_axi.i16P1A, i16 %gmem1_7_addr, i64 1" [kernel.cpp:18]   --->   Operation 707 'readreq' 'gmem1_7_load_req' <Predicate = true> <Delay = 3.65> <CoreInst = "m_axi">   --->   Core 119 'm_axi' <Latency = 6> <II = 1> <Delay = 1.00> <Adapter> <Opcode : 'read' 'write' 'readreq' 'writereq' 'writeresp'>

State 29 <SV = 28> <Delay = 3.65>
ST_29 : Operation 708 [44/71] (3.65ns)   --->   "%gmem0_0_load_req = readreq i1 @_ssdm_op_ReadReq.m_axi.i16P1A, i16 %gmem0_0_addr, i64 1" [kernel.cpp:18]   --->   Operation 708 'readreq' 'gmem0_0_load_req' <Predicate = true> <Delay = 3.65> <CoreInst = "m_axi">   --->   Core 119 'm_axi' <Latency = 6> <II = 1> <Delay = 1.00> <Adapter> <Opcode : 'read' 'write' 'readreq' 'writereq' 'writeresp'>
ST_29 : Operation 709 [44/71] (3.65ns)   --->   "%gmem1_0_load_req = readreq i1 @_ssdm_op_ReadReq.m_axi.i16P1A, i16 %gmem1_0_addr, i64 1" [kernel.cpp:18]   --->   Operation 709 'readreq' 'gmem1_0_load_req' <Predicate = true> <Delay = 3.65> <CoreInst = "m_axi">   --->   Core 119 'm_axi' <Latency = 6> <II = 1> <Delay = 1.00> <Adapter> <Opcode : 'read' 'write' 'readreq' 'writereq' 'writeresp'>
ST_29 : Operation 710 [44/71] (3.65ns)   --->   "%gmem0_1_load_req = readreq i1 @_ssdm_op_ReadReq.m_axi.i16P1A, i16 %gmem0_1_addr, i64 1" [kernel.cpp:18]   --->   Operation 710 'readreq' 'gmem0_1_load_req' <Predicate = true> <Delay = 3.65> <CoreInst = "m_axi">   --->   Core 119 'm_axi' <Latency = 6> <II = 1> <Delay = 1.00> <Adapter> <Opcode : 'read' 'write' 'readreq' 'writereq' 'writeresp'>
ST_29 : Operation 711 [44/71] (3.65ns)   --->   "%gmem0_2_load_req = readreq i1 @_ssdm_op_ReadReq.m_axi.i16P1A, i16 %gmem0_2_addr, i64 1" [kernel.cpp:18]   --->   Operation 711 'readreq' 'gmem0_2_load_req' <Predicate = true> <Delay = 3.65> <CoreInst = "m_axi">   --->   Core 119 'm_axi' <Latency = 6> <II = 1> <Delay = 1.00> <Adapter> <Opcode : 'read' 'write' 'readreq' 'writereq' 'writeresp'>
ST_29 : Operation 712 [44/71] (3.65ns)   --->   "%gmem0_3_load_req = readreq i1 @_ssdm_op_ReadReq.m_axi.i16P1A, i16 %gmem0_3_addr, i64 1" [kernel.cpp:18]   --->   Operation 712 'readreq' 'gmem0_3_load_req' <Predicate = true> <Delay = 3.65> <CoreInst = "m_axi">   --->   Core 119 'm_axi' <Latency = 6> <II = 1> <Delay = 1.00> <Adapter> <Opcode : 'read' 'write' 'readreq' 'writereq' 'writeresp'>
ST_29 : Operation 713 [44/71] (3.65ns)   --->   "%gmem0_4_load_req = readreq i1 @_ssdm_op_ReadReq.m_axi.i16P1A, i16 %gmem0_4_addr, i64 1" [kernel.cpp:18]   --->   Operation 713 'readreq' 'gmem0_4_load_req' <Predicate = true> <Delay = 3.65> <CoreInst = "m_axi">   --->   Core 119 'm_axi' <Latency = 6> <II = 1> <Delay = 1.00> <Adapter> <Opcode : 'read' 'write' 'readreq' 'writereq' 'writeresp'>
ST_29 : Operation 714 [44/71] (3.65ns)   --->   "%gmem0_5_load_req = readreq i1 @_ssdm_op_ReadReq.m_axi.i16P1A, i16 %gmem0_5_addr, i64 1" [kernel.cpp:18]   --->   Operation 714 'readreq' 'gmem0_5_load_req' <Predicate = true> <Delay = 3.65> <CoreInst = "m_axi">   --->   Core 119 'm_axi' <Latency = 6> <II = 1> <Delay = 1.00> <Adapter> <Opcode : 'read' 'write' 'readreq' 'writereq' 'writeresp'>
ST_29 : Operation 715 [44/71] (3.65ns)   --->   "%gmem0_6_load_req = readreq i1 @_ssdm_op_ReadReq.m_axi.i16P1A, i16 %gmem0_6_addr, i64 1" [kernel.cpp:18]   --->   Operation 715 'readreq' 'gmem0_6_load_req' <Predicate = true> <Delay = 3.65> <CoreInst = "m_axi">   --->   Core 119 'm_axi' <Latency = 6> <II = 1> <Delay = 1.00> <Adapter> <Opcode : 'read' 'write' 'readreq' 'writereq' 'writeresp'>
ST_29 : Operation 716 [44/71] (3.65ns)   --->   "%gmem0_7_load_req = readreq i1 @_ssdm_op_ReadReq.m_axi.i16P1A, i16 %gmem0_7_addr, i64 1" [kernel.cpp:18]   --->   Operation 716 'readreq' 'gmem0_7_load_req' <Predicate = true> <Delay = 3.65> <CoreInst = "m_axi">   --->   Core 119 'm_axi' <Latency = 6> <II = 1> <Delay = 1.00> <Adapter> <Opcode : 'read' 'write' 'readreq' 'writereq' 'writeresp'>
ST_29 : Operation 717 [44/71] (3.65ns)   --->   "%gmem1_1_load_req = readreq i1 @_ssdm_op_ReadReq.m_axi.i16P1A, i16 %gmem1_1_addr, i64 1" [kernel.cpp:18]   --->   Operation 717 'readreq' 'gmem1_1_load_req' <Predicate = true> <Delay = 3.65> <CoreInst = "m_axi">   --->   Core 119 'm_axi' <Latency = 6> <II = 1> <Delay = 1.00> <Adapter> <Opcode : 'read' 'write' 'readreq' 'writereq' 'writeresp'>
ST_29 : Operation 718 [44/71] (3.65ns)   --->   "%gmem1_2_load_req = readreq i1 @_ssdm_op_ReadReq.m_axi.i16P1A, i16 %gmem1_2_addr, i64 1" [kernel.cpp:18]   --->   Operation 718 'readreq' 'gmem1_2_load_req' <Predicate = true> <Delay = 3.65> <CoreInst = "m_axi">   --->   Core 119 'm_axi' <Latency = 6> <II = 1> <Delay = 1.00> <Adapter> <Opcode : 'read' 'write' 'readreq' 'writereq' 'writeresp'>
ST_29 : Operation 719 [44/71] (3.65ns)   --->   "%gmem1_3_load_req = readreq i1 @_ssdm_op_ReadReq.m_axi.i16P1A, i16 %gmem1_3_addr, i64 1" [kernel.cpp:18]   --->   Operation 719 'readreq' 'gmem1_3_load_req' <Predicate = true> <Delay = 3.65> <CoreInst = "m_axi">   --->   Core 119 'm_axi' <Latency = 6> <II = 1> <Delay = 1.00> <Adapter> <Opcode : 'read' 'write' 'readreq' 'writereq' 'writeresp'>
ST_29 : Operation 720 [44/71] (3.65ns)   --->   "%gmem1_4_load_req = readreq i1 @_ssdm_op_ReadReq.m_axi.i16P1A, i16 %gmem1_4_addr, i64 1" [kernel.cpp:18]   --->   Operation 720 'readreq' 'gmem1_4_load_req' <Predicate = true> <Delay = 3.65> <CoreInst = "m_axi">   --->   Core 119 'm_axi' <Latency = 6> <II = 1> <Delay = 1.00> <Adapter> <Opcode : 'read' 'write' 'readreq' 'writereq' 'writeresp'>
ST_29 : Operation 721 [44/71] (3.65ns)   --->   "%gmem1_5_load_req = readreq i1 @_ssdm_op_ReadReq.m_axi.i16P1A, i16 %gmem1_5_addr, i64 1" [kernel.cpp:18]   --->   Operation 721 'readreq' 'gmem1_5_load_req' <Predicate = true> <Delay = 3.65> <CoreInst = "m_axi">   --->   Core 119 'm_axi' <Latency = 6> <II = 1> <Delay = 1.00> <Adapter> <Opcode : 'read' 'write' 'readreq' 'writereq' 'writeresp'>
ST_29 : Operation 722 [44/71] (3.65ns)   --->   "%gmem1_6_load_req = readreq i1 @_ssdm_op_ReadReq.m_axi.i16P1A, i16 %gmem1_6_addr, i64 1" [kernel.cpp:18]   --->   Operation 722 'readreq' 'gmem1_6_load_req' <Predicate = true> <Delay = 3.65> <CoreInst = "m_axi">   --->   Core 119 'm_axi' <Latency = 6> <II = 1> <Delay = 1.00> <Adapter> <Opcode : 'read' 'write' 'readreq' 'writereq' 'writeresp'>
ST_29 : Operation 723 [44/71] (3.65ns)   --->   "%gmem1_7_load_req = readreq i1 @_ssdm_op_ReadReq.m_axi.i16P1A, i16 %gmem1_7_addr, i64 1" [kernel.cpp:18]   --->   Operation 723 'readreq' 'gmem1_7_load_req' <Predicate = true> <Delay = 3.65> <CoreInst = "m_axi">   --->   Core 119 'm_axi' <Latency = 6> <II = 1> <Delay = 1.00> <Adapter> <Opcode : 'read' 'write' 'readreq' 'writereq' 'writeresp'>

State 30 <SV = 29> <Delay = 3.65>
ST_30 : Operation 724 [43/71] (3.65ns)   --->   "%gmem0_0_load_req = readreq i1 @_ssdm_op_ReadReq.m_axi.i16P1A, i16 %gmem0_0_addr, i64 1" [kernel.cpp:18]   --->   Operation 724 'readreq' 'gmem0_0_load_req' <Predicate = true> <Delay = 3.65> <CoreInst = "m_axi">   --->   Core 119 'm_axi' <Latency = 6> <II = 1> <Delay = 1.00> <Adapter> <Opcode : 'read' 'write' 'readreq' 'writereq' 'writeresp'>
ST_30 : Operation 725 [43/71] (3.65ns)   --->   "%gmem1_0_load_req = readreq i1 @_ssdm_op_ReadReq.m_axi.i16P1A, i16 %gmem1_0_addr, i64 1" [kernel.cpp:18]   --->   Operation 725 'readreq' 'gmem1_0_load_req' <Predicate = true> <Delay = 3.65> <CoreInst = "m_axi">   --->   Core 119 'm_axi' <Latency = 6> <II = 1> <Delay = 1.00> <Adapter> <Opcode : 'read' 'write' 'readreq' 'writereq' 'writeresp'>
ST_30 : Operation 726 [43/71] (3.65ns)   --->   "%gmem0_1_load_req = readreq i1 @_ssdm_op_ReadReq.m_axi.i16P1A, i16 %gmem0_1_addr, i64 1" [kernel.cpp:18]   --->   Operation 726 'readreq' 'gmem0_1_load_req' <Predicate = true> <Delay = 3.65> <CoreInst = "m_axi">   --->   Core 119 'm_axi' <Latency = 6> <II = 1> <Delay = 1.00> <Adapter> <Opcode : 'read' 'write' 'readreq' 'writereq' 'writeresp'>
ST_30 : Operation 727 [43/71] (3.65ns)   --->   "%gmem0_2_load_req = readreq i1 @_ssdm_op_ReadReq.m_axi.i16P1A, i16 %gmem0_2_addr, i64 1" [kernel.cpp:18]   --->   Operation 727 'readreq' 'gmem0_2_load_req' <Predicate = true> <Delay = 3.65> <CoreInst = "m_axi">   --->   Core 119 'm_axi' <Latency = 6> <II = 1> <Delay = 1.00> <Adapter> <Opcode : 'read' 'write' 'readreq' 'writereq' 'writeresp'>
ST_30 : Operation 728 [43/71] (3.65ns)   --->   "%gmem0_3_load_req = readreq i1 @_ssdm_op_ReadReq.m_axi.i16P1A, i16 %gmem0_3_addr, i64 1" [kernel.cpp:18]   --->   Operation 728 'readreq' 'gmem0_3_load_req' <Predicate = true> <Delay = 3.65> <CoreInst = "m_axi">   --->   Core 119 'm_axi' <Latency = 6> <II = 1> <Delay = 1.00> <Adapter> <Opcode : 'read' 'write' 'readreq' 'writereq' 'writeresp'>
ST_30 : Operation 729 [43/71] (3.65ns)   --->   "%gmem0_4_load_req = readreq i1 @_ssdm_op_ReadReq.m_axi.i16P1A, i16 %gmem0_4_addr, i64 1" [kernel.cpp:18]   --->   Operation 729 'readreq' 'gmem0_4_load_req' <Predicate = true> <Delay = 3.65> <CoreInst = "m_axi">   --->   Core 119 'm_axi' <Latency = 6> <II = 1> <Delay = 1.00> <Adapter> <Opcode : 'read' 'write' 'readreq' 'writereq' 'writeresp'>
ST_30 : Operation 730 [43/71] (3.65ns)   --->   "%gmem0_5_load_req = readreq i1 @_ssdm_op_ReadReq.m_axi.i16P1A, i16 %gmem0_5_addr, i64 1" [kernel.cpp:18]   --->   Operation 730 'readreq' 'gmem0_5_load_req' <Predicate = true> <Delay = 3.65> <CoreInst = "m_axi">   --->   Core 119 'm_axi' <Latency = 6> <II = 1> <Delay = 1.00> <Adapter> <Opcode : 'read' 'write' 'readreq' 'writereq' 'writeresp'>
ST_30 : Operation 731 [43/71] (3.65ns)   --->   "%gmem0_6_load_req = readreq i1 @_ssdm_op_ReadReq.m_axi.i16P1A, i16 %gmem0_6_addr, i64 1" [kernel.cpp:18]   --->   Operation 731 'readreq' 'gmem0_6_load_req' <Predicate = true> <Delay = 3.65> <CoreInst = "m_axi">   --->   Core 119 'm_axi' <Latency = 6> <II = 1> <Delay = 1.00> <Adapter> <Opcode : 'read' 'write' 'readreq' 'writereq' 'writeresp'>
ST_30 : Operation 732 [43/71] (3.65ns)   --->   "%gmem0_7_load_req = readreq i1 @_ssdm_op_ReadReq.m_axi.i16P1A, i16 %gmem0_7_addr, i64 1" [kernel.cpp:18]   --->   Operation 732 'readreq' 'gmem0_7_load_req' <Predicate = true> <Delay = 3.65> <CoreInst = "m_axi">   --->   Core 119 'm_axi' <Latency = 6> <II = 1> <Delay = 1.00> <Adapter> <Opcode : 'read' 'write' 'readreq' 'writereq' 'writeresp'>
ST_30 : Operation 733 [43/71] (3.65ns)   --->   "%gmem1_1_load_req = readreq i1 @_ssdm_op_ReadReq.m_axi.i16P1A, i16 %gmem1_1_addr, i64 1" [kernel.cpp:18]   --->   Operation 733 'readreq' 'gmem1_1_load_req' <Predicate = true> <Delay = 3.65> <CoreInst = "m_axi">   --->   Core 119 'm_axi' <Latency = 6> <II = 1> <Delay = 1.00> <Adapter> <Opcode : 'read' 'write' 'readreq' 'writereq' 'writeresp'>
ST_30 : Operation 734 [43/71] (3.65ns)   --->   "%gmem1_2_load_req = readreq i1 @_ssdm_op_ReadReq.m_axi.i16P1A, i16 %gmem1_2_addr, i64 1" [kernel.cpp:18]   --->   Operation 734 'readreq' 'gmem1_2_load_req' <Predicate = true> <Delay = 3.65> <CoreInst = "m_axi">   --->   Core 119 'm_axi' <Latency = 6> <II = 1> <Delay = 1.00> <Adapter> <Opcode : 'read' 'write' 'readreq' 'writereq' 'writeresp'>
ST_30 : Operation 735 [43/71] (3.65ns)   --->   "%gmem1_3_load_req = readreq i1 @_ssdm_op_ReadReq.m_axi.i16P1A, i16 %gmem1_3_addr, i64 1" [kernel.cpp:18]   --->   Operation 735 'readreq' 'gmem1_3_load_req' <Predicate = true> <Delay = 3.65> <CoreInst = "m_axi">   --->   Core 119 'm_axi' <Latency = 6> <II = 1> <Delay = 1.00> <Adapter> <Opcode : 'read' 'write' 'readreq' 'writereq' 'writeresp'>
ST_30 : Operation 736 [43/71] (3.65ns)   --->   "%gmem1_4_load_req = readreq i1 @_ssdm_op_ReadReq.m_axi.i16P1A, i16 %gmem1_4_addr, i64 1" [kernel.cpp:18]   --->   Operation 736 'readreq' 'gmem1_4_load_req' <Predicate = true> <Delay = 3.65> <CoreInst = "m_axi">   --->   Core 119 'm_axi' <Latency = 6> <II = 1> <Delay = 1.00> <Adapter> <Opcode : 'read' 'write' 'readreq' 'writereq' 'writeresp'>
ST_30 : Operation 737 [43/71] (3.65ns)   --->   "%gmem1_5_load_req = readreq i1 @_ssdm_op_ReadReq.m_axi.i16P1A, i16 %gmem1_5_addr, i64 1" [kernel.cpp:18]   --->   Operation 737 'readreq' 'gmem1_5_load_req' <Predicate = true> <Delay = 3.65> <CoreInst = "m_axi">   --->   Core 119 'm_axi' <Latency = 6> <II = 1> <Delay = 1.00> <Adapter> <Opcode : 'read' 'write' 'readreq' 'writereq' 'writeresp'>
ST_30 : Operation 738 [43/71] (3.65ns)   --->   "%gmem1_6_load_req = readreq i1 @_ssdm_op_ReadReq.m_axi.i16P1A, i16 %gmem1_6_addr, i64 1" [kernel.cpp:18]   --->   Operation 738 'readreq' 'gmem1_6_load_req' <Predicate = true> <Delay = 3.65> <CoreInst = "m_axi">   --->   Core 119 'm_axi' <Latency = 6> <II = 1> <Delay = 1.00> <Adapter> <Opcode : 'read' 'write' 'readreq' 'writereq' 'writeresp'>
ST_30 : Operation 739 [43/71] (3.65ns)   --->   "%gmem1_7_load_req = readreq i1 @_ssdm_op_ReadReq.m_axi.i16P1A, i16 %gmem1_7_addr, i64 1" [kernel.cpp:18]   --->   Operation 739 'readreq' 'gmem1_7_load_req' <Predicate = true> <Delay = 3.65> <CoreInst = "m_axi">   --->   Core 119 'm_axi' <Latency = 6> <II = 1> <Delay = 1.00> <Adapter> <Opcode : 'read' 'write' 'readreq' 'writereq' 'writeresp'>

State 31 <SV = 30> <Delay = 3.65>
ST_31 : Operation 740 [42/71] (3.65ns)   --->   "%gmem0_0_load_req = readreq i1 @_ssdm_op_ReadReq.m_axi.i16P1A, i16 %gmem0_0_addr, i64 1" [kernel.cpp:18]   --->   Operation 740 'readreq' 'gmem0_0_load_req' <Predicate = true> <Delay = 3.65> <CoreInst = "m_axi">   --->   Core 119 'm_axi' <Latency = 6> <II = 1> <Delay = 1.00> <Adapter> <Opcode : 'read' 'write' 'readreq' 'writereq' 'writeresp'>
ST_31 : Operation 741 [42/71] (3.65ns)   --->   "%gmem1_0_load_req = readreq i1 @_ssdm_op_ReadReq.m_axi.i16P1A, i16 %gmem1_0_addr, i64 1" [kernel.cpp:18]   --->   Operation 741 'readreq' 'gmem1_0_load_req' <Predicate = true> <Delay = 3.65> <CoreInst = "m_axi">   --->   Core 119 'm_axi' <Latency = 6> <II = 1> <Delay = 1.00> <Adapter> <Opcode : 'read' 'write' 'readreq' 'writereq' 'writeresp'>
ST_31 : Operation 742 [42/71] (3.65ns)   --->   "%gmem0_1_load_req = readreq i1 @_ssdm_op_ReadReq.m_axi.i16P1A, i16 %gmem0_1_addr, i64 1" [kernel.cpp:18]   --->   Operation 742 'readreq' 'gmem0_1_load_req' <Predicate = true> <Delay = 3.65> <CoreInst = "m_axi">   --->   Core 119 'm_axi' <Latency = 6> <II = 1> <Delay = 1.00> <Adapter> <Opcode : 'read' 'write' 'readreq' 'writereq' 'writeresp'>
ST_31 : Operation 743 [42/71] (3.65ns)   --->   "%gmem0_2_load_req = readreq i1 @_ssdm_op_ReadReq.m_axi.i16P1A, i16 %gmem0_2_addr, i64 1" [kernel.cpp:18]   --->   Operation 743 'readreq' 'gmem0_2_load_req' <Predicate = true> <Delay = 3.65> <CoreInst = "m_axi">   --->   Core 119 'm_axi' <Latency = 6> <II = 1> <Delay = 1.00> <Adapter> <Opcode : 'read' 'write' 'readreq' 'writereq' 'writeresp'>
ST_31 : Operation 744 [42/71] (3.65ns)   --->   "%gmem0_3_load_req = readreq i1 @_ssdm_op_ReadReq.m_axi.i16P1A, i16 %gmem0_3_addr, i64 1" [kernel.cpp:18]   --->   Operation 744 'readreq' 'gmem0_3_load_req' <Predicate = true> <Delay = 3.65> <CoreInst = "m_axi">   --->   Core 119 'm_axi' <Latency = 6> <II = 1> <Delay = 1.00> <Adapter> <Opcode : 'read' 'write' 'readreq' 'writereq' 'writeresp'>
ST_31 : Operation 745 [42/71] (3.65ns)   --->   "%gmem0_4_load_req = readreq i1 @_ssdm_op_ReadReq.m_axi.i16P1A, i16 %gmem0_4_addr, i64 1" [kernel.cpp:18]   --->   Operation 745 'readreq' 'gmem0_4_load_req' <Predicate = true> <Delay = 3.65> <CoreInst = "m_axi">   --->   Core 119 'm_axi' <Latency = 6> <II = 1> <Delay = 1.00> <Adapter> <Opcode : 'read' 'write' 'readreq' 'writereq' 'writeresp'>
ST_31 : Operation 746 [42/71] (3.65ns)   --->   "%gmem0_5_load_req = readreq i1 @_ssdm_op_ReadReq.m_axi.i16P1A, i16 %gmem0_5_addr, i64 1" [kernel.cpp:18]   --->   Operation 746 'readreq' 'gmem0_5_load_req' <Predicate = true> <Delay = 3.65> <CoreInst = "m_axi">   --->   Core 119 'm_axi' <Latency = 6> <II = 1> <Delay = 1.00> <Adapter> <Opcode : 'read' 'write' 'readreq' 'writereq' 'writeresp'>
ST_31 : Operation 747 [42/71] (3.65ns)   --->   "%gmem0_6_load_req = readreq i1 @_ssdm_op_ReadReq.m_axi.i16P1A, i16 %gmem0_6_addr, i64 1" [kernel.cpp:18]   --->   Operation 747 'readreq' 'gmem0_6_load_req' <Predicate = true> <Delay = 3.65> <CoreInst = "m_axi">   --->   Core 119 'm_axi' <Latency = 6> <II = 1> <Delay = 1.00> <Adapter> <Opcode : 'read' 'write' 'readreq' 'writereq' 'writeresp'>
ST_31 : Operation 748 [42/71] (3.65ns)   --->   "%gmem0_7_load_req = readreq i1 @_ssdm_op_ReadReq.m_axi.i16P1A, i16 %gmem0_7_addr, i64 1" [kernel.cpp:18]   --->   Operation 748 'readreq' 'gmem0_7_load_req' <Predicate = true> <Delay = 3.65> <CoreInst = "m_axi">   --->   Core 119 'm_axi' <Latency = 6> <II = 1> <Delay = 1.00> <Adapter> <Opcode : 'read' 'write' 'readreq' 'writereq' 'writeresp'>
ST_31 : Operation 749 [42/71] (3.65ns)   --->   "%gmem1_1_load_req = readreq i1 @_ssdm_op_ReadReq.m_axi.i16P1A, i16 %gmem1_1_addr, i64 1" [kernel.cpp:18]   --->   Operation 749 'readreq' 'gmem1_1_load_req' <Predicate = true> <Delay = 3.65> <CoreInst = "m_axi">   --->   Core 119 'm_axi' <Latency = 6> <II = 1> <Delay = 1.00> <Adapter> <Opcode : 'read' 'write' 'readreq' 'writereq' 'writeresp'>
ST_31 : Operation 750 [42/71] (3.65ns)   --->   "%gmem1_2_load_req = readreq i1 @_ssdm_op_ReadReq.m_axi.i16P1A, i16 %gmem1_2_addr, i64 1" [kernel.cpp:18]   --->   Operation 750 'readreq' 'gmem1_2_load_req' <Predicate = true> <Delay = 3.65> <CoreInst = "m_axi">   --->   Core 119 'm_axi' <Latency = 6> <II = 1> <Delay = 1.00> <Adapter> <Opcode : 'read' 'write' 'readreq' 'writereq' 'writeresp'>
ST_31 : Operation 751 [42/71] (3.65ns)   --->   "%gmem1_3_load_req = readreq i1 @_ssdm_op_ReadReq.m_axi.i16P1A, i16 %gmem1_3_addr, i64 1" [kernel.cpp:18]   --->   Operation 751 'readreq' 'gmem1_3_load_req' <Predicate = true> <Delay = 3.65> <CoreInst = "m_axi">   --->   Core 119 'm_axi' <Latency = 6> <II = 1> <Delay = 1.00> <Adapter> <Opcode : 'read' 'write' 'readreq' 'writereq' 'writeresp'>
ST_31 : Operation 752 [42/71] (3.65ns)   --->   "%gmem1_4_load_req = readreq i1 @_ssdm_op_ReadReq.m_axi.i16P1A, i16 %gmem1_4_addr, i64 1" [kernel.cpp:18]   --->   Operation 752 'readreq' 'gmem1_4_load_req' <Predicate = true> <Delay = 3.65> <CoreInst = "m_axi">   --->   Core 119 'm_axi' <Latency = 6> <II = 1> <Delay = 1.00> <Adapter> <Opcode : 'read' 'write' 'readreq' 'writereq' 'writeresp'>
ST_31 : Operation 753 [42/71] (3.65ns)   --->   "%gmem1_5_load_req = readreq i1 @_ssdm_op_ReadReq.m_axi.i16P1A, i16 %gmem1_5_addr, i64 1" [kernel.cpp:18]   --->   Operation 753 'readreq' 'gmem1_5_load_req' <Predicate = true> <Delay = 3.65> <CoreInst = "m_axi">   --->   Core 119 'm_axi' <Latency = 6> <II = 1> <Delay = 1.00> <Adapter> <Opcode : 'read' 'write' 'readreq' 'writereq' 'writeresp'>
ST_31 : Operation 754 [42/71] (3.65ns)   --->   "%gmem1_6_load_req = readreq i1 @_ssdm_op_ReadReq.m_axi.i16P1A, i16 %gmem1_6_addr, i64 1" [kernel.cpp:18]   --->   Operation 754 'readreq' 'gmem1_6_load_req' <Predicate = true> <Delay = 3.65> <CoreInst = "m_axi">   --->   Core 119 'm_axi' <Latency = 6> <II = 1> <Delay = 1.00> <Adapter> <Opcode : 'read' 'write' 'readreq' 'writereq' 'writeresp'>
ST_31 : Operation 755 [42/71] (3.65ns)   --->   "%gmem1_7_load_req = readreq i1 @_ssdm_op_ReadReq.m_axi.i16P1A, i16 %gmem1_7_addr, i64 1" [kernel.cpp:18]   --->   Operation 755 'readreq' 'gmem1_7_load_req' <Predicate = true> <Delay = 3.65> <CoreInst = "m_axi">   --->   Core 119 'm_axi' <Latency = 6> <II = 1> <Delay = 1.00> <Adapter> <Opcode : 'read' 'write' 'readreq' 'writereq' 'writeresp'>

State 32 <SV = 31> <Delay = 3.65>
ST_32 : Operation 756 [41/71] (3.65ns)   --->   "%gmem0_0_load_req = readreq i1 @_ssdm_op_ReadReq.m_axi.i16P1A, i16 %gmem0_0_addr, i64 1" [kernel.cpp:18]   --->   Operation 756 'readreq' 'gmem0_0_load_req' <Predicate = true> <Delay = 3.65> <CoreInst = "m_axi">   --->   Core 119 'm_axi' <Latency = 6> <II = 1> <Delay = 1.00> <Adapter> <Opcode : 'read' 'write' 'readreq' 'writereq' 'writeresp'>
ST_32 : Operation 757 [41/71] (3.65ns)   --->   "%gmem1_0_load_req = readreq i1 @_ssdm_op_ReadReq.m_axi.i16P1A, i16 %gmem1_0_addr, i64 1" [kernel.cpp:18]   --->   Operation 757 'readreq' 'gmem1_0_load_req' <Predicate = true> <Delay = 3.65> <CoreInst = "m_axi">   --->   Core 119 'm_axi' <Latency = 6> <II = 1> <Delay = 1.00> <Adapter> <Opcode : 'read' 'write' 'readreq' 'writereq' 'writeresp'>
ST_32 : Operation 758 [41/71] (3.65ns)   --->   "%gmem0_1_load_req = readreq i1 @_ssdm_op_ReadReq.m_axi.i16P1A, i16 %gmem0_1_addr, i64 1" [kernel.cpp:18]   --->   Operation 758 'readreq' 'gmem0_1_load_req' <Predicate = true> <Delay = 3.65> <CoreInst = "m_axi">   --->   Core 119 'm_axi' <Latency = 6> <II = 1> <Delay = 1.00> <Adapter> <Opcode : 'read' 'write' 'readreq' 'writereq' 'writeresp'>
ST_32 : Operation 759 [41/71] (3.65ns)   --->   "%gmem0_2_load_req = readreq i1 @_ssdm_op_ReadReq.m_axi.i16P1A, i16 %gmem0_2_addr, i64 1" [kernel.cpp:18]   --->   Operation 759 'readreq' 'gmem0_2_load_req' <Predicate = true> <Delay = 3.65> <CoreInst = "m_axi">   --->   Core 119 'm_axi' <Latency = 6> <II = 1> <Delay = 1.00> <Adapter> <Opcode : 'read' 'write' 'readreq' 'writereq' 'writeresp'>
ST_32 : Operation 760 [41/71] (3.65ns)   --->   "%gmem0_3_load_req = readreq i1 @_ssdm_op_ReadReq.m_axi.i16P1A, i16 %gmem0_3_addr, i64 1" [kernel.cpp:18]   --->   Operation 760 'readreq' 'gmem0_3_load_req' <Predicate = true> <Delay = 3.65> <CoreInst = "m_axi">   --->   Core 119 'm_axi' <Latency = 6> <II = 1> <Delay = 1.00> <Adapter> <Opcode : 'read' 'write' 'readreq' 'writereq' 'writeresp'>
ST_32 : Operation 761 [41/71] (3.65ns)   --->   "%gmem0_4_load_req = readreq i1 @_ssdm_op_ReadReq.m_axi.i16P1A, i16 %gmem0_4_addr, i64 1" [kernel.cpp:18]   --->   Operation 761 'readreq' 'gmem0_4_load_req' <Predicate = true> <Delay = 3.65> <CoreInst = "m_axi">   --->   Core 119 'm_axi' <Latency = 6> <II = 1> <Delay = 1.00> <Adapter> <Opcode : 'read' 'write' 'readreq' 'writereq' 'writeresp'>
ST_32 : Operation 762 [41/71] (3.65ns)   --->   "%gmem0_5_load_req = readreq i1 @_ssdm_op_ReadReq.m_axi.i16P1A, i16 %gmem0_5_addr, i64 1" [kernel.cpp:18]   --->   Operation 762 'readreq' 'gmem0_5_load_req' <Predicate = true> <Delay = 3.65> <CoreInst = "m_axi">   --->   Core 119 'm_axi' <Latency = 6> <II = 1> <Delay = 1.00> <Adapter> <Opcode : 'read' 'write' 'readreq' 'writereq' 'writeresp'>
ST_32 : Operation 763 [41/71] (3.65ns)   --->   "%gmem0_6_load_req = readreq i1 @_ssdm_op_ReadReq.m_axi.i16P1A, i16 %gmem0_6_addr, i64 1" [kernel.cpp:18]   --->   Operation 763 'readreq' 'gmem0_6_load_req' <Predicate = true> <Delay = 3.65> <CoreInst = "m_axi">   --->   Core 119 'm_axi' <Latency = 6> <II = 1> <Delay = 1.00> <Adapter> <Opcode : 'read' 'write' 'readreq' 'writereq' 'writeresp'>
ST_32 : Operation 764 [41/71] (3.65ns)   --->   "%gmem0_7_load_req = readreq i1 @_ssdm_op_ReadReq.m_axi.i16P1A, i16 %gmem0_7_addr, i64 1" [kernel.cpp:18]   --->   Operation 764 'readreq' 'gmem0_7_load_req' <Predicate = true> <Delay = 3.65> <CoreInst = "m_axi">   --->   Core 119 'm_axi' <Latency = 6> <II = 1> <Delay = 1.00> <Adapter> <Opcode : 'read' 'write' 'readreq' 'writereq' 'writeresp'>
ST_32 : Operation 765 [41/71] (3.65ns)   --->   "%gmem1_1_load_req = readreq i1 @_ssdm_op_ReadReq.m_axi.i16P1A, i16 %gmem1_1_addr, i64 1" [kernel.cpp:18]   --->   Operation 765 'readreq' 'gmem1_1_load_req' <Predicate = true> <Delay = 3.65> <CoreInst = "m_axi">   --->   Core 119 'm_axi' <Latency = 6> <II = 1> <Delay = 1.00> <Adapter> <Opcode : 'read' 'write' 'readreq' 'writereq' 'writeresp'>
ST_32 : Operation 766 [41/71] (3.65ns)   --->   "%gmem1_2_load_req = readreq i1 @_ssdm_op_ReadReq.m_axi.i16P1A, i16 %gmem1_2_addr, i64 1" [kernel.cpp:18]   --->   Operation 766 'readreq' 'gmem1_2_load_req' <Predicate = true> <Delay = 3.65> <CoreInst = "m_axi">   --->   Core 119 'm_axi' <Latency = 6> <II = 1> <Delay = 1.00> <Adapter> <Opcode : 'read' 'write' 'readreq' 'writereq' 'writeresp'>
ST_32 : Operation 767 [41/71] (3.65ns)   --->   "%gmem1_3_load_req = readreq i1 @_ssdm_op_ReadReq.m_axi.i16P1A, i16 %gmem1_3_addr, i64 1" [kernel.cpp:18]   --->   Operation 767 'readreq' 'gmem1_3_load_req' <Predicate = true> <Delay = 3.65> <CoreInst = "m_axi">   --->   Core 119 'm_axi' <Latency = 6> <II = 1> <Delay = 1.00> <Adapter> <Opcode : 'read' 'write' 'readreq' 'writereq' 'writeresp'>
ST_32 : Operation 768 [41/71] (3.65ns)   --->   "%gmem1_4_load_req = readreq i1 @_ssdm_op_ReadReq.m_axi.i16P1A, i16 %gmem1_4_addr, i64 1" [kernel.cpp:18]   --->   Operation 768 'readreq' 'gmem1_4_load_req' <Predicate = true> <Delay = 3.65> <CoreInst = "m_axi">   --->   Core 119 'm_axi' <Latency = 6> <II = 1> <Delay = 1.00> <Adapter> <Opcode : 'read' 'write' 'readreq' 'writereq' 'writeresp'>
ST_32 : Operation 769 [41/71] (3.65ns)   --->   "%gmem1_5_load_req = readreq i1 @_ssdm_op_ReadReq.m_axi.i16P1A, i16 %gmem1_5_addr, i64 1" [kernel.cpp:18]   --->   Operation 769 'readreq' 'gmem1_5_load_req' <Predicate = true> <Delay = 3.65> <CoreInst = "m_axi">   --->   Core 119 'm_axi' <Latency = 6> <II = 1> <Delay = 1.00> <Adapter> <Opcode : 'read' 'write' 'readreq' 'writereq' 'writeresp'>
ST_32 : Operation 770 [41/71] (3.65ns)   --->   "%gmem1_6_load_req = readreq i1 @_ssdm_op_ReadReq.m_axi.i16P1A, i16 %gmem1_6_addr, i64 1" [kernel.cpp:18]   --->   Operation 770 'readreq' 'gmem1_6_load_req' <Predicate = true> <Delay = 3.65> <CoreInst = "m_axi">   --->   Core 119 'm_axi' <Latency = 6> <II = 1> <Delay = 1.00> <Adapter> <Opcode : 'read' 'write' 'readreq' 'writereq' 'writeresp'>
ST_32 : Operation 771 [41/71] (3.65ns)   --->   "%gmem1_7_load_req = readreq i1 @_ssdm_op_ReadReq.m_axi.i16P1A, i16 %gmem1_7_addr, i64 1" [kernel.cpp:18]   --->   Operation 771 'readreq' 'gmem1_7_load_req' <Predicate = true> <Delay = 3.65> <CoreInst = "m_axi">   --->   Core 119 'm_axi' <Latency = 6> <II = 1> <Delay = 1.00> <Adapter> <Opcode : 'read' 'write' 'readreq' 'writereq' 'writeresp'>

State 33 <SV = 32> <Delay = 3.65>
ST_33 : Operation 772 [40/71] (3.65ns)   --->   "%gmem0_0_load_req = readreq i1 @_ssdm_op_ReadReq.m_axi.i16P1A, i16 %gmem0_0_addr, i64 1" [kernel.cpp:18]   --->   Operation 772 'readreq' 'gmem0_0_load_req' <Predicate = true> <Delay = 3.65> <CoreInst = "m_axi">   --->   Core 119 'm_axi' <Latency = 6> <II = 1> <Delay = 1.00> <Adapter> <Opcode : 'read' 'write' 'readreq' 'writereq' 'writeresp'>
ST_33 : Operation 773 [40/71] (3.65ns)   --->   "%gmem1_0_load_req = readreq i1 @_ssdm_op_ReadReq.m_axi.i16P1A, i16 %gmem1_0_addr, i64 1" [kernel.cpp:18]   --->   Operation 773 'readreq' 'gmem1_0_load_req' <Predicate = true> <Delay = 3.65> <CoreInst = "m_axi">   --->   Core 119 'm_axi' <Latency = 6> <II = 1> <Delay = 1.00> <Adapter> <Opcode : 'read' 'write' 'readreq' 'writereq' 'writeresp'>
ST_33 : Operation 774 [40/71] (3.65ns)   --->   "%gmem0_1_load_req = readreq i1 @_ssdm_op_ReadReq.m_axi.i16P1A, i16 %gmem0_1_addr, i64 1" [kernel.cpp:18]   --->   Operation 774 'readreq' 'gmem0_1_load_req' <Predicate = true> <Delay = 3.65> <CoreInst = "m_axi">   --->   Core 119 'm_axi' <Latency = 6> <II = 1> <Delay = 1.00> <Adapter> <Opcode : 'read' 'write' 'readreq' 'writereq' 'writeresp'>
ST_33 : Operation 775 [40/71] (3.65ns)   --->   "%gmem0_2_load_req = readreq i1 @_ssdm_op_ReadReq.m_axi.i16P1A, i16 %gmem0_2_addr, i64 1" [kernel.cpp:18]   --->   Operation 775 'readreq' 'gmem0_2_load_req' <Predicate = true> <Delay = 3.65> <CoreInst = "m_axi">   --->   Core 119 'm_axi' <Latency = 6> <II = 1> <Delay = 1.00> <Adapter> <Opcode : 'read' 'write' 'readreq' 'writereq' 'writeresp'>
ST_33 : Operation 776 [40/71] (3.65ns)   --->   "%gmem0_3_load_req = readreq i1 @_ssdm_op_ReadReq.m_axi.i16P1A, i16 %gmem0_3_addr, i64 1" [kernel.cpp:18]   --->   Operation 776 'readreq' 'gmem0_3_load_req' <Predicate = true> <Delay = 3.65> <CoreInst = "m_axi">   --->   Core 119 'm_axi' <Latency = 6> <II = 1> <Delay = 1.00> <Adapter> <Opcode : 'read' 'write' 'readreq' 'writereq' 'writeresp'>
ST_33 : Operation 777 [40/71] (3.65ns)   --->   "%gmem0_4_load_req = readreq i1 @_ssdm_op_ReadReq.m_axi.i16P1A, i16 %gmem0_4_addr, i64 1" [kernel.cpp:18]   --->   Operation 777 'readreq' 'gmem0_4_load_req' <Predicate = true> <Delay = 3.65> <CoreInst = "m_axi">   --->   Core 119 'm_axi' <Latency = 6> <II = 1> <Delay = 1.00> <Adapter> <Opcode : 'read' 'write' 'readreq' 'writereq' 'writeresp'>
ST_33 : Operation 778 [40/71] (3.65ns)   --->   "%gmem0_5_load_req = readreq i1 @_ssdm_op_ReadReq.m_axi.i16P1A, i16 %gmem0_5_addr, i64 1" [kernel.cpp:18]   --->   Operation 778 'readreq' 'gmem0_5_load_req' <Predicate = true> <Delay = 3.65> <CoreInst = "m_axi">   --->   Core 119 'm_axi' <Latency = 6> <II = 1> <Delay = 1.00> <Adapter> <Opcode : 'read' 'write' 'readreq' 'writereq' 'writeresp'>
ST_33 : Operation 779 [40/71] (3.65ns)   --->   "%gmem0_6_load_req = readreq i1 @_ssdm_op_ReadReq.m_axi.i16P1A, i16 %gmem0_6_addr, i64 1" [kernel.cpp:18]   --->   Operation 779 'readreq' 'gmem0_6_load_req' <Predicate = true> <Delay = 3.65> <CoreInst = "m_axi">   --->   Core 119 'm_axi' <Latency = 6> <II = 1> <Delay = 1.00> <Adapter> <Opcode : 'read' 'write' 'readreq' 'writereq' 'writeresp'>
ST_33 : Operation 780 [40/71] (3.65ns)   --->   "%gmem0_7_load_req = readreq i1 @_ssdm_op_ReadReq.m_axi.i16P1A, i16 %gmem0_7_addr, i64 1" [kernel.cpp:18]   --->   Operation 780 'readreq' 'gmem0_7_load_req' <Predicate = true> <Delay = 3.65> <CoreInst = "m_axi">   --->   Core 119 'm_axi' <Latency = 6> <II = 1> <Delay = 1.00> <Adapter> <Opcode : 'read' 'write' 'readreq' 'writereq' 'writeresp'>
ST_33 : Operation 781 [40/71] (3.65ns)   --->   "%gmem1_1_load_req = readreq i1 @_ssdm_op_ReadReq.m_axi.i16P1A, i16 %gmem1_1_addr, i64 1" [kernel.cpp:18]   --->   Operation 781 'readreq' 'gmem1_1_load_req' <Predicate = true> <Delay = 3.65> <CoreInst = "m_axi">   --->   Core 119 'm_axi' <Latency = 6> <II = 1> <Delay = 1.00> <Adapter> <Opcode : 'read' 'write' 'readreq' 'writereq' 'writeresp'>
ST_33 : Operation 782 [40/71] (3.65ns)   --->   "%gmem1_2_load_req = readreq i1 @_ssdm_op_ReadReq.m_axi.i16P1A, i16 %gmem1_2_addr, i64 1" [kernel.cpp:18]   --->   Operation 782 'readreq' 'gmem1_2_load_req' <Predicate = true> <Delay = 3.65> <CoreInst = "m_axi">   --->   Core 119 'm_axi' <Latency = 6> <II = 1> <Delay = 1.00> <Adapter> <Opcode : 'read' 'write' 'readreq' 'writereq' 'writeresp'>
ST_33 : Operation 783 [40/71] (3.65ns)   --->   "%gmem1_3_load_req = readreq i1 @_ssdm_op_ReadReq.m_axi.i16P1A, i16 %gmem1_3_addr, i64 1" [kernel.cpp:18]   --->   Operation 783 'readreq' 'gmem1_3_load_req' <Predicate = true> <Delay = 3.65> <CoreInst = "m_axi">   --->   Core 119 'm_axi' <Latency = 6> <II = 1> <Delay = 1.00> <Adapter> <Opcode : 'read' 'write' 'readreq' 'writereq' 'writeresp'>
ST_33 : Operation 784 [40/71] (3.65ns)   --->   "%gmem1_4_load_req = readreq i1 @_ssdm_op_ReadReq.m_axi.i16P1A, i16 %gmem1_4_addr, i64 1" [kernel.cpp:18]   --->   Operation 784 'readreq' 'gmem1_4_load_req' <Predicate = true> <Delay = 3.65> <CoreInst = "m_axi">   --->   Core 119 'm_axi' <Latency = 6> <II = 1> <Delay = 1.00> <Adapter> <Opcode : 'read' 'write' 'readreq' 'writereq' 'writeresp'>
ST_33 : Operation 785 [40/71] (3.65ns)   --->   "%gmem1_5_load_req = readreq i1 @_ssdm_op_ReadReq.m_axi.i16P1A, i16 %gmem1_5_addr, i64 1" [kernel.cpp:18]   --->   Operation 785 'readreq' 'gmem1_5_load_req' <Predicate = true> <Delay = 3.65> <CoreInst = "m_axi">   --->   Core 119 'm_axi' <Latency = 6> <II = 1> <Delay = 1.00> <Adapter> <Opcode : 'read' 'write' 'readreq' 'writereq' 'writeresp'>
ST_33 : Operation 786 [40/71] (3.65ns)   --->   "%gmem1_6_load_req = readreq i1 @_ssdm_op_ReadReq.m_axi.i16P1A, i16 %gmem1_6_addr, i64 1" [kernel.cpp:18]   --->   Operation 786 'readreq' 'gmem1_6_load_req' <Predicate = true> <Delay = 3.65> <CoreInst = "m_axi">   --->   Core 119 'm_axi' <Latency = 6> <II = 1> <Delay = 1.00> <Adapter> <Opcode : 'read' 'write' 'readreq' 'writereq' 'writeresp'>
ST_33 : Operation 787 [40/71] (3.65ns)   --->   "%gmem1_7_load_req = readreq i1 @_ssdm_op_ReadReq.m_axi.i16P1A, i16 %gmem1_7_addr, i64 1" [kernel.cpp:18]   --->   Operation 787 'readreq' 'gmem1_7_load_req' <Predicate = true> <Delay = 3.65> <CoreInst = "m_axi">   --->   Core 119 'm_axi' <Latency = 6> <II = 1> <Delay = 1.00> <Adapter> <Opcode : 'read' 'write' 'readreq' 'writereq' 'writeresp'>

State 34 <SV = 33> <Delay = 3.65>
ST_34 : Operation 788 [39/71] (3.65ns)   --->   "%gmem0_0_load_req = readreq i1 @_ssdm_op_ReadReq.m_axi.i16P1A, i16 %gmem0_0_addr, i64 1" [kernel.cpp:18]   --->   Operation 788 'readreq' 'gmem0_0_load_req' <Predicate = true> <Delay = 3.65> <CoreInst = "m_axi">   --->   Core 119 'm_axi' <Latency = 6> <II = 1> <Delay = 1.00> <Adapter> <Opcode : 'read' 'write' 'readreq' 'writereq' 'writeresp'>
ST_34 : Operation 789 [39/71] (3.65ns)   --->   "%gmem1_0_load_req = readreq i1 @_ssdm_op_ReadReq.m_axi.i16P1A, i16 %gmem1_0_addr, i64 1" [kernel.cpp:18]   --->   Operation 789 'readreq' 'gmem1_0_load_req' <Predicate = true> <Delay = 3.65> <CoreInst = "m_axi">   --->   Core 119 'm_axi' <Latency = 6> <II = 1> <Delay = 1.00> <Adapter> <Opcode : 'read' 'write' 'readreq' 'writereq' 'writeresp'>
ST_34 : Operation 790 [39/71] (3.65ns)   --->   "%gmem0_1_load_req = readreq i1 @_ssdm_op_ReadReq.m_axi.i16P1A, i16 %gmem0_1_addr, i64 1" [kernel.cpp:18]   --->   Operation 790 'readreq' 'gmem0_1_load_req' <Predicate = true> <Delay = 3.65> <CoreInst = "m_axi">   --->   Core 119 'm_axi' <Latency = 6> <II = 1> <Delay = 1.00> <Adapter> <Opcode : 'read' 'write' 'readreq' 'writereq' 'writeresp'>
ST_34 : Operation 791 [39/71] (3.65ns)   --->   "%gmem0_2_load_req = readreq i1 @_ssdm_op_ReadReq.m_axi.i16P1A, i16 %gmem0_2_addr, i64 1" [kernel.cpp:18]   --->   Operation 791 'readreq' 'gmem0_2_load_req' <Predicate = true> <Delay = 3.65> <CoreInst = "m_axi">   --->   Core 119 'm_axi' <Latency = 6> <II = 1> <Delay = 1.00> <Adapter> <Opcode : 'read' 'write' 'readreq' 'writereq' 'writeresp'>
ST_34 : Operation 792 [39/71] (3.65ns)   --->   "%gmem0_3_load_req = readreq i1 @_ssdm_op_ReadReq.m_axi.i16P1A, i16 %gmem0_3_addr, i64 1" [kernel.cpp:18]   --->   Operation 792 'readreq' 'gmem0_3_load_req' <Predicate = true> <Delay = 3.65> <CoreInst = "m_axi">   --->   Core 119 'm_axi' <Latency = 6> <II = 1> <Delay = 1.00> <Adapter> <Opcode : 'read' 'write' 'readreq' 'writereq' 'writeresp'>
ST_34 : Operation 793 [39/71] (3.65ns)   --->   "%gmem0_4_load_req = readreq i1 @_ssdm_op_ReadReq.m_axi.i16P1A, i16 %gmem0_4_addr, i64 1" [kernel.cpp:18]   --->   Operation 793 'readreq' 'gmem0_4_load_req' <Predicate = true> <Delay = 3.65> <CoreInst = "m_axi">   --->   Core 119 'm_axi' <Latency = 6> <II = 1> <Delay = 1.00> <Adapter> <Opcode : 'read' 'write' 'readreq' 'writereq' 'writeresp'>
ST_34 : Operation 794 [39/71] (3.65ns)   --->   "%gmem0_5_load_req = readreq i1 @_ssdm_op_ReadReq.m_axi.i16P1A, i16 %gmem0_5_addr, i64 1" [kernel.cpp:18]   --->   Operation 794 'readreq' 'gmem0_5_load_req' <Predicate = true> <Delay = 3.65> <CoreInst = "m_axi">   --->   Core 119 'm_axi' <Latency = 6> <II = 1> <Delay = 1.00> <Adapter> <Opcode : 'read' 'write' 'readreq' 'writereq' 'writeresp'>
ST_34 : Operation 795 [39/71] (3.65ns)   --->   "%gmem0_6_load_req = readreq i1 @_ssdm_op_ReadReq.m_axi.i16P1A, i16 %gmem0_6_addr, i64 1" [kernel.cpp:18]   --->   Operation 795 'readreq' 'gmem0_6_load_req' <Predicate = true> <Delay = 3.65> <CoreInst = "m_axi">   --->   Core 119 'm_axi' <Latency = 6> <II = 1> <Delay = 1.00> <Adapter> <Opcode : 'read' 'write' 'readreq' 'writereq' 'writeresp'>
ST_34 : Operation 796 [39/71] (3.65ns)   --->   "%gmem0_7_load_req = readreq i1 @_ssdm_op_ReadReq.m_axi.i16P1A, i16 %gmem0_7_addr, i64 1" [kernel.cpp:18]   --->   Operation 796 'readreq' 'gmem0_7_load_req' <Predicate = true> <Delay = 3.65> <CoreInst = "m_axi">   --->   Core 119 'm_axi' <Latency = 6> <II = 1> <Delay = 1.00> <Adapter> <Opcode : 'read' 'write' 'readreq' 'writereq' 'writeresp'>
ST_34 : Operation 797 [39/71] (3.65ns)   --->   "%gmem1_1_load_req = readreq i1 @_ssdm_op_ReadReq.m_axi.i16P1A, i16 %gmem1_1_addr, i64 1" [kernel.cpp:18]   --->   Operation 797 'readreq' 'gmem1_1_load_req' <Predicate = true> <Delay = 3.65> <CoreInst = "m_axi">   --->   Core 119 'm_axi' <Latency = 6> <II = 1> <Delay = 1.00> <Adapter> <Opcode : 'read' 'write' 'readreq' 'writereq' 'writeresp'>
ST_34 : Operation 798 [39/71] (3.65ns)   --->   "%gmem1_2_load_req = readreq i1 @_ssdm_op_ReadReq.m_axi.i16P1A, i16 %gmem1_2_addr, i64 1" [kernel.cpp:18]   --->   Operation 798 'readreq' 'gmem1_2_load_req' <Predicate = true> <Delay = 3.65> <CoreInst = "m_axi">   --->   Core 119 'm_axi' <Latency = 6> <II = 1> <Delay = 1.00> <Adapter> <Opcode : 'read' 'write' 'readreq' 'writereq' 'writeresp'>
ST_34 : Operation 799 [39/71] (3.65ns)   --->   "%gmem1_3_load_req = readreq i1 @_ssdm_op_ReadReq.m_axi.i16P1A, i16 %gmem1_3_addr, i64 1" [kernel.cpp:18]   --->   Operation 799 'readreq' 'gmem1_3_load_req' <Predicate = true> <Delay = 3.65> <CoreInst = "m_axi">   --->   Core 119 'm_axi' <Latency = 6> <II = 1> <Delay = 1.00> <Adapter> <Opcode : 'read' 'write' 'readreq' 'writereq' 'writeresp'>
ST_34 : Operation 800 [39/71] (3.65ns)   --->   "%gmem1_4_load_req = readreq i1 @_ssdm_op_ReadReq.m_axi.i16P1A, i16 %gmem1_4_addr, i64 1" [kernel.cpp:18]   --->   Operation 800 'readreq' 'gmem1_4_load_req' <Predicate = true> <Delay = 3.65> <CoreInst = "m_axi">   --->   Core 119 'm_axi' <Latency = 6> <II = 1> <Delay = 1.00> <Adapter> <Opcode : 'read' 'write' 'readreq' 'writereq' 'writeresp'>
ST_34 : Operation 801 [39/71] (3.65ns)   --->   "%gmem1_5_load_req = readreq i1 @_ssdm_op_ReadReq.m_axi.i16P1A, i16 %gmem1_5_addr, i64 1" [kernel.cpp:18]   --->   Operation 801 'readreq' 'gmem1_5_load_req' <Predicate = true> <Delay = 3.65> <CoreInst = "m_axi">   --->   Core 119 'm_axi' <Latency = 6> <II = 1> <Delay = 1.00> <Adapter> <Opcode : 'read' 'write' 'readreq' 'writereq' 'writeresp'>
ST_34 : Operation 802 [39/71] (3.65ns)   --->   "%gmem1_6_load_req = readreq i1 @_ssdm_op_ReadReq.m_axi.i16P1A, i16 %gmem1_6_addr, i64 1" [kernel.cpp:18]   --->   Operation 802 'readreq' 'gmem1_6_load_req' <Predicate = true> <Delay = 3.65> <CoreInst = "m_axi">   --->   Core 119 'm_axi' <Latency = 6> <II = 1> <Delay = 1.00> <Adapter> <Opcode : 'read' 'write' 'readreq' 'writereq' 'writeresp'>
ST_34 : Operation 803 [39/71] (3.65ns)   --->   "%gmem1_7_load_req = readreq i1 @_ssdm_op_ReadReq.m_axi.i16P1A, i16 %gmem1_7_addr, i64 1" [kernel.cpp:18]   --->   Operation 803 'readreq' 'gmem1_7_load_req' <Predicate = true> <Delay = 3.65> <CoreInst = "m_axi">   --->   Core 119 'm_axi' <Latency = 6> <II = 1> <Delay = 1.00> <Adapter> <Opcode : 'read' 'write' 'readreq' 'writereq' 'writeresp'>

State 35 <SV = 34> <Delay = 3.65>
ST_35 : Operation 804 [38/71] (3.65ns)   --->   "%gmem0_0_load_req = readreq i1 @_ssdm_op_ReadReq.m_axi.i16P1A, i16 %gmem0_0_addr, i64 1" [kernel.cpp:18]   --->   Operation 804 'readreq' 'gmem0_0_load_req' <Predicate = true> <Delay = 3.65> <CoreInst = "m_axi">   --->   Core 119 'm_axi' <Latency = 6> <II = 1> <Delay = 1.00> <Adapter> <Opcode : 'read' 'write' 'readreq' 'writereq' 'writeresp'>
ST_35 : Operation 805 [38/71] (3.65ns)   --->   "%gmem1_0_load_req = readreq i1 @_ssdm_op_ReadReq.m_axi.i16P1A, i16 %gmem1_0_addr, i64 1" [kernel.cpp:18]   --->   Operation 805 'readreq' 'gmem1_0_load_req' <Predicate = true> <Delay = 3.65> <CoreInst = "m_axi">   --->   Core 119 'm_axi' <Latency = 6> <II = 1> <Delay = 1.00> <Adapter> <Opcode : 'read' 'write' 'readreq' 'writereq' 'writeresp'>
ST_35 : Operation 806 [38/71] (3.65ns)   --->   "%gmem0_1_load_req = readreq i1 @_ssdm_op_ReadReq.m_axi.i16P1A, i16 %gmem0_1_addr, i64 1" [kernel.cpp:18]   --->   Operation 806 'readreq' 'gmem0_1_load_req' <Predicate = true> <Delay = 3.65> <CoreInst = "m_axi">   --->   Core 119 'm_axi' <Latency = 6> <II = 1> <Delay = 1.00> <Adapter> <Opcode : 'read' 'write' 'readreq' 'writereq' 'writeresp'>
ST_35 : Operation 807 [38/71] (3.65ns)   --->   "%gmem0_2_load_req = readreq i1 @_ssdm_op_ReadReq.m_axi.i16P1A, i16 %gmem0_2_addr, i64 1" [kernel.cpp:18]   --->   Operation 807 'readreq' 'gmem0_2_load_req' <Predicate = true> <Delay = 3.65> <CoreInst = "m_axi">   --->   Core 119 'm_axi' <Latency = 6> <II = 1> <Delay = 1.00> <Adapter> <Opcode : 'read' 'write' 'readreq' 'writereq' 'writeresp'>
ST_35 : Operation 808 [38/71] (3.65ns)   --->   "%gmem0_3_load_req = readreq i1 @_ssdm_op_ReadReq.m_axi.i16P1A, i16 %gmem0_3_addr, i64 1" [kernel.cpp:18]   --->   Operation 808 'readreq' 'gmem0_3_load_req' <Predicate = true> <Delay = 3.65> <CoreInst = "m_axi">   --->   Core 119 'm_axi' <Latency = 6> <II = 1> <Delay = 1.00> <Adapter> <Opcode : 'read' 'write' 'readreq' 'writereq' 'writeresp'>
ST_35 : Operation 809 [38/71] (3.65ns)   --->   "%gmem0_4_load_req = readreq i1 @_ssdm_op_ReadReq.m_axi.i16P1A, i16 %gmem0_4_addr, i64 1" [kernel.cpp:18]   --->   Operation 809 'readreq' 'gmem0_4_load_req' <Predicate = true> <Delay = 3.65> <CoreInst = "m_axi">   --->   Core 119 'm_axi' <Latency = 6> <II = 1> <Delay = 1.00> <Adapter> <Opcode : 'read' 'write' 'readreq' 'writereq' 'writeresp'>
ST_35 : Operation 810 [38/71] (3.65ns)   --->   "%gmem0_5_load_req = readreq i1 @_ssdm_op_ReadReq.m_axi.i16P1A, i16 %gmem0_5_addr, i64 1" [kernel.cpp:18]   --->   Operation 810 'readreq' 'gmem0_5_load_req' <Predicate = true> <Delay = 3.65> <CoreInst = "m_axi">   --->   Core 119 'm_axi' <Latency = 6> <II = 1> <Delay = 1.00> <Adapter> <Opcode : 'read' 'write' 'readreq' 'writereq' 'writeresp'>
ST_35 : Operation 811 [38/71] (3.65ns)   --->   "%gmem0_6_load_req = readreq i1 @_ssdm_op_ReadReq.m_axi.i16P1A, i16 %gmem0_6_addr, i64 1" [kernel.cpp:18]   --->   Operation 811 'readreq' 'gmem0_6_load_req' <Predicate = true> <Delay = 3.65> <CoreInst = "m_axi">   --->   Core 119 'm_axi' <Latency = 6> <II = 1> <Delay = 1.00> <Adapter> <Opcode : 'read' 'write' 'readreq' 'writereq' 'writeresp'>
ST_35 : Operation 812 [38/71] (3.65ns)   --->   "%gmem0_7_load_req = readreq i1 @_ssdm_op_ReadReq.m_axi.i16P1A, i16 %gmem0_7_addr, i64 1" [kernel.cpp:18]   --->   Operation 812 'readreq' 'gmem0_7_load_req' <Predicate = true> <Delay = 3.65> <CoreInst = "m_axi">   --->   Core 119 'm_axi' <Latency = 6> <II = 1> <Delay = 1.00> <Adapter> <Opcode : 'read' 'write' 'readreq' 'writereq' 'writeresp'>
ST_35 : Operation 813 [38/71] (3.65ns)   --->   "%gmem1_1_load_req = readreq i1 @_ssdm_op_ReadReq.m_axi.i16P1A, i16 %gmem1_1_addr, i64 1" [kernel.cpp:18]   --->   Operation 813 'readreq' 'gmem1_1_load_req' <Predicate = true> <Delay = 3.65> <CoreInst = "m_axi">   --->   Core 119 'm_axi' <Latency = 6> <II = 1> <Delay = 1.00> <Adapter> <Opcode : 'read' 'write' 'readreq' 'writereq' 'writeresp'>
ST_35 : Operation 814 [38/71] (3.65ns)   --->   "%gmem1_2_load_req = readreq i1 @_ssdm_op_ReadReq.m_axi.i16P1A, i16 %gmem1_2_addr, i64 1" [kernel.cpp:18]   --->   Operation 814 'readreq' 'gmem1_2_load_req' <Predicate = true> <Delay = 3.65> <CoreInst = "m_axi">   --->   Core 119 'm_axi' <Latency = 6> <II = 1> <Delay = 1.00> <Adapter> <Opcode : 'read' 'write' 'readreq' 'writereq' 'writeresp'>
ST_35 : Operation 815 [38/71] (3.65ns)   --->   "%gmem1_3_load_req = readreq i1 @_ssdm_op_ReadReq.m_axi.i16P1A, i16 %gmem1_3_addr, i64 1" [kernel.cpp:18]   --->   Operation 815 'readreq' 'gmem1_3_load_req' <Predicate = true> <Delay = 3.65> <CoreInst = "m_axi">   --->   Core 119 'm_axi' <Latency = 6> <II = 1> <Delay = 1.00> <Adapter> <Opcode : 'read' 'write' 'readreq' 'writereq' 'writeresp'>
ST_35 : Operation 816 [38/71] (3.65ns)   --->   "%gmem1_4_load_req = readreq i1 @_ssdm_op_ReadReq.m_axi.i16P1A, i16 %gmem1_4_addr, i64 1" [kernel.cpp:18]   --->   Operation 816 'readreq' 'gmem1_4_load_req' <Predicate = true> <Delay = 3.65> <CoreInst = "m_axi">   --->   Core 119 'm_axi' <Latency = 6> <II = 1> <Delay = 1.00> <Adapter> <Opcode : 'read' 'write' 'readreq' 'writereq' 'writeresp'>
ST_35 : Operation 817 [38/71] (3.65ns)   --->   "%gmem1_5_load_req = readreq i1 @_ssdm_op_ReadReq.m_axi.i16P1A, i16 %gmem1_5_addr, i64 1" [kernel.cpp:18]   --->   Operation 817 'readreq' 'gmem1_5_load_req' <Predicate = true> <Delay = 3.65> <CoreInst = "m_axi">   --->   Core 119 'm_axi' <Latency = 6> <II = 1> <Delay = 1.00> <Adapter> <Opcode : 'read' 'write' 'readreq' 'writereq' 'writeresp'>
ST_35 : Operation 818 [38/71] (3.65ns)   --->   "%gmem1_6_load_req = readreq i1 @_ssdm_op_ReadReq.m_axi.i16P1A, i16 %gmem1_6_addr, i64 1" [kernel.cpp:18]   --->   Operation 818 'readreq' 'gmem1_6_load_req' <Predicate = true> <Delay = 3.65> <CoreInst = "m_axi">   --->   Core 119 'm_axi' <Latency = 6> <II = 1> <Delay = 1.00> <Adapter> <Opcode : 'read' 'write' 'readreq' 'writereq' 'writeresp'>
ST_35 : Operation 819 [38/71] (3.65ns)   --->   "%gmem1_7_load_req = readreq i1 @_ssdm_op_ReadReq.m_axi.i16P1A, i16 %gmem1_7_addr, i64 1" [kernel.cpp:18]   --->   Operation 819 'readreq' 'gmem1_7_load_req' <Predicate = true> <Delay = 3.65> <CoreInst = "m_axi">   --->   Core 119 'm_axi' <Latency = 6> <II = 1> <Delay = 1.00> <Adapter> <Opcode : 'read' 'write' 'readreq' 'writereq' 'writeresp'>

State 36 <SV = 35> <Delay = 3.65>
ST_36 : Operation 820 [37/71] (3.65ns)   --->   "%gmem0_0_load_req = readreq i1 @_ssdm_op_ReadReq.m_axi.i16P1A, i16 %gmem0_0_addr, i64 1" [kernel.cpp:18]   --->   Operation 820 'readreq' 'gmem0_0_load_req' <Predicate = true> <Delay = 3.65> <CoreInst = "m_axi">   --->   Core 119 'm_axi' <Latency = 6> <II = 1> <Delay = 1.00> <Adapter> <Opcode : 'read' 'write' 'readreq' 'writereq' 'writeresp'>
ST_36 : Operation 821 [37/71] (3.65ns)   --->   "%gmem1_0_load_req = readreq i1 @_ssdm_op_ReadReq.m_axi.i16P1A, i16 %gmem1_0_addr, i64 1" [kernel.cpp:18]   --->   Operation 821 'readreq' 'gmem1_0_load_req' <Predicate = true> <Delay = 3.65> <CoreInst = "m_axi">   --->   Core 119 'm_axi' <Latency = 6> <II = 1> <Delay = 1.00> <Adapter> <Opcode : 'read' 'write' 'readreq' 'writereq' 'writeresp'>
ST_36 : Operation 822 [37/71] (3.65ns)   --->   "%gmem0_1_load_req = readreq i1 @_ssdm_op_ReadReq.m_axi.i16P1A, i16 %gmem0_1_addr, i64 1" [kernel.cpp:18]   --->   Operation 822 'readreq' 'gmem0_1_load_req' <Predicate = true> <Delay = 3.65> <CoreInst = "m_axi">   --->   Core 119 'm_axi' <Latency = 6> <II = 1> <Delay = 1.00> <Adapter> <Opcode : 'read' 'write' 'readreq' 'writereq' 'writeresp'>
ST_36 : Operation 823 [37/71] (3.65ns)   --->   "%gmem0_2_load_req = readreq i1 @_ssdm_op_ReadReq.m_axi.i16P1A, i16 %gmem0_2_addr, i64 1" [kernel.cpp:18]   --->   Operation 823 'readreq' 'gmem0_2_load_req' <Predicate = true> <Delay = 3.65> <CoreInst = "m_axi">   --->   Core 119 'm_axi' <Latency = 6> <II = 1> <Delay = 1.00> <Adapter> <Opcode : 'read' 'write' 'readreq' 'writereq' 'writeresp'>
ST_36 : Operation 824 [37/71] (3.65ns)   --->   "%gmem0_3_load_req = readreq i1 @_ssdm_op_ReadReq.m_axi.i16P1A, i16 %gmem0_3_addr, i64 1" [kernel.cpp:18]   --->   Operation 824 'readreq' 'gmem0_3_load_req' <Predicate = true> <Delay = 3.65> <CoreInst = "m_axi">   --->   Core 119 'm_axi' <Latency = 6> <II = 1> <Delay = 1.00> <Adapter> <Opcode : 'read' 'write' 'readreq' 'writereq' 'writeresp'>
ST_36 : Operation 825 [37/71] (3.65ns)   --->   "%gmem0_4_load_req = readreq i1 @_ssdm_op_ReadReq.m_axi.i16P1A, i16 %gmem0_4_addr, i64 1" [kernel.cpp:18]   --->   Operation 825 'readreq' 'gmem0_4_load_req' <Predicate = true> <Delay = 3.65> <CoreInst = "m_axi">   --->   Core 119 'm_axi' <Latency = 6> <II = 1> <Delay = 1.00> <Adapter> <Opcode : 'read' 'write' 'readreq' 'writereq' 'writeresp'>
ST_36 : Operation 826 [37/71] (3.65ns)   --->   "%gmem0_5_load_req = readreq i1 @_ssdm_op_ReadReq.m_axi.i16P1A, i16 %gmem0_5_addr, i64 1" [kernel.cpp:18]   --->   Operation 826 'readreq' 'gmem0_5_load_req' <Predicate = true> <Delay = 3.65> <CoreInst = "m_axi">   --->   Core 119 'm_axi' <Latency = 6> <II = 1> <Delay = 1.00> <Adapter> <Opcode : 'read' 'write' 'readreq' 'writereq' 'writeresp'>
ST_36 : Operation 827 [37/71] (3.65ns)   --->   "%gmem0_6_load_req = readreq i1 @_ssdm_op_ReadReq.m_axi.i16P1A, i16 %gmem0_6_addr, i64 1" [kernel.cpp:18]   --->   Operation 827 'readreq' 'gmem0_6_load_req' <Predicate = true> <Delay = 3.65> <CoreInst = "m_axi">   --->   Core 119 'm_axi' <Latency = 6> <II = 1> <Delay = 1.00> <Adapter> <Opcode : 'read' 'write' 'readreq' 'writereq' 'writeresp'>
ST_36 : Operation 828 [37/71] (3.65ns)   --->   "%gmem0_7_load_req = readreq i1 @_ssdm_op_ReadReq.m_axi.i16P1A, i16 %gmem0_7_addr, i64 1" [kernel.cpp:18]   --->   Operation 828 'readreq' 'gmem0_7_load_req' <Predicate = true> <Delay = 3.65> <CoreInst = "m_axi">   --->   Core 119 'm_axi' <Latency = 6> <II = 1> <Delay = 1.00> <Adapter> <Opcode : 'read' 'write' 'readreq' 'writereq' 'writeresp'>
ST_36 : Operation 829 [37/71] (3.65ns)   --->   "%gmem1_1_load_req = readreq i1 @_ssdm_op_ReadReq.m_axi.i16P1A, i16 %gmem1_1_addr, i64 1" [kernel.cpp:18]   --->   Operation 829 'readreq' 'gmem1_1_load_req' <Predicate = true> <Delay = 3.65> <CoreInst = "m_axi">   --->   Core 119 'm_axi' <Latency = 6> <II = 1> <Delay = 1.00> <Adapter> <Opcode : 'read' 'write' 'readreq' 'writereq' 'writeresp'>
ST_36 : Operation 830 [37/71] (3.65ns)   --->   "%gmem1_2_load_req = readreq i1 @_ssdm_op_ReadReq.m_axi.i16P1A, i16 %gmem1_2_addr, i64 1" [kernel.cpp:18]   --->   Operation 830 'readreq' 'gmem1_2_load_req' <Predicate = true> <Delay = 3.65> <CoreInst = "m_axi">   --->   Core 119 'm_axi' <Latency = 6> <II = 1> <Delay = 1.00> <Adapter> <Opcode : 'read' 'write' 'readreq' 'writereq' 'writeresp'>
ST_36 : Operation 831 [37/71] (3.65ns)   --->   "%gmem1_3_load_req = readreq i1 @_ssdm_op_ReadReq.m_axi.i16P1A, i16 %gmem1_3_addr, i64 1" [kernel.cpp:18]   --->   Operation 831 'readreq' 'gmem1_3_load_req' <Predicate = true> <Delay = 3.65> <CoreInst = "m_axi">   --->   Core 119 'm_axi' <Latency = 6> <II = 1> <Delay = 1.00> <Adapter> <Opcode : 'read' 'write' 'readreq' 'writereq' 'writeresp'>
ST_36 : Operation 832 [37/71] (3.65ns)   --->   "%gmem1_4_load_req = readreq i1 @_ssdm_op_ReadReq.m_axi.i16P1A, i16 %gmem1_4_addr, i64 1" [kernel.cpp:18]   --->   Operation 832 'readreq' 'gmem1_4_load_req' <Predicate = true> <Delay = 3.65> <CoreInst = "m_axi">   --->   Core 119 'm_axi' <Latency = 6> <II = 1> <Delay = 1.00> <Adapter> <Opcode : 'read' 'write' 'readreq' 'writereq' 'writeresp'>
ST_36 : Operation 833 [37/71] (3.65ns)   --->   "%gmem1_5_load_req = readreq i1 @_ssdm_op_ReadReq.m_axi.i16P1A, i16 %gmem1_5_addr, i64 1" [kernel.cpp:18]   --->   Operation 833 'readreq' 'gmem1_5_load_req' <Predicate = true> <Delay = 3.65> <CoreInst = "m_axi">   --->   Core 119 'm_axi' <Latency = 6> <II = 1> <Delay = 1.00> <Adapter> <Opcode : 'read' 'write' 'readreq' 'writereq' 'writeresp'>
ST_36 : Operation 834 [37/71] (3.65ns)   --->   "%gmem1_6_load_req = readreq i1 @_ssdm_op_ReadReq.m_axi.i16P1A, i16 %gmem1_6_addr, i64 1" [kernel.cpp:18]   --->   Operation 834 'readreq' 'gmem1_6_load_req' <Predicate = true> <Delay = 3.65> <CoreInst = "m_axi">   --->   Core 119 'm_axi' <Latency = 6> <II = 1> <Delay = 1.00> <Adapter> <Opcode : 'read' 'write' 'readreq' 'writereq' 'writeresp'>
ST_36 : Operation 835 [37/71] (3.65ns)   --->   "%gmem1_7_load_req = readreq i1 @_ssdm_op_ReadReq.m_axi.i16P1A, i16 %gmem1_7_addr, i64 1" [kernel.cpp:18]   --->   Operation 835 'readreq' 'gmem1_7_load_req' <Predicate = true> <Delay = 3.65> <CoreInst = "m_axi">   --->   Core 119 'm_axi' <Latency = 6> <II = 1> <Delay = 1.00> <Adapter> <Opcode : 'read' 'write' 'readreq' 'writereq' 'writeresp'>

State 37 <SV = 36> <Delay = 3.65>
ST_37 : Operation 836 [36/71] (3.65ns)   --->   "%gmem0_0_load_req = readreq i1 @_ssdm_op_ReadReq.m_axi.i16P1A, i16 %gmem0_0_addr, i64 1" [kernel.cpp:18]   --->   Operation 836 'readreq' 'gmem0_0_load_req' <Predicate = true> <Delay = 3.65> <CoreInst = "m_axi">   --->   Core 119 'm_axi' <Latency = 6> <II = 1> <Delay = 1.00> <Adapter> <Opcode : 'read' 'write' 'readreq' 'writereq' 'writeresp'>
ST_37 : Operation 837 [36/71] (3.65ns)   --->   "%gmem1_0_load_req = readreq i1 @_ssdm_op_ReadReq.m_axi.i16P1A, i16 %gmem1_0_addr, i64 1" [kernel.cpp:18]   --->   Operation 837 'readreq' 'gmem1_0_load_req' <Predicate = true> <Delay = 3.65> <CoreInst = "m_axi">   --->   Core 119 'm_axi' <Latency = 6> <II = 1> <Delay = 1.00> <Adapter> <Opcode : 'read' 'write' 'readreq' 'writereq' 'writeresp'>
ST_37 : Operation 838 [36/71] (3.65ns)   --->   "%gmem0_1_load_req = readreq i1 @_ssdm_op_ReadReq.m_axi.i16P1A, i16 %gmem0_1_addr, i64 1" [kernel.cpp:18]   --->   Operation 838 'readreq' 'gmem0_1_load_req' <Predicate = true> <Delay = 3.65> <CoreInst = "m_axi">   --->   Core 119 'm_axi' <Latency = 6> <II = 1> <Delay = 1.00> <Adapter> <Opcode : 'read' 'write' 'readreq' 'writereq' 'writeresp'>
ST_37 : Operation 839 [36/71] (3.65ns)   --->   "%gmem0_2_load_req = readreq i1 @_ssdm_op_ReadReq.m_axi.i16P1A, i16 %gmem0_2_addr, i64 1" [kernel.cpp:18]   --->   Operation 839 'readreq' 'gmem0_2_load_req' <Predicate = true> <Delay = 3.65> <CoreInst = "m_axi">   --->   Core 119 'm_axi' <Latency = 6> <II = 1> <Delay = 1.00> <Adapter> <Opcode : 'read' 'write' 'readreq' 'writereq' 'writeresp'>
ST_37 : Operation 840 [36/71] (3.65ns)   --->   "%gmem0_3_load_req = readreq i1 @_ssdm_op_ReadReq.m_axi.i16P1A, i16 %gmem0_3_addr, i64 1" [kernel.cpp:18]   --->   Operation 840 'readreq' 'gmem0_3_load_req' <Predicate = true> <Delay = 3.65> <CoreInst = "m_axi">   --->   Core 119 'm_axi' <Latency = 6> <II = 1> <Delay = 1.00> <Adapter> <Opcode : 'read' 'write' 'readreq' 'writereq' 'writeresp'>
ST_37 : Operation 841 [36/71] (3.65ns)   --->   "%gmem0_4_load_req = readreq i1 @_ssdm_op_ReadReq.m_axi.i16P1A, i16 %gmem0_4_addr, i64 1" [kernel.cpp:18]   --->   Operation 841 'readreq' 'gmem0_4_load_req' <Predicate = true> <Delay = 3.65> <CoreInst = "m_axi">   --->   Core 119 'm_axi' <Latency = 6> <II = 1> <Delay = 1.00> <Adapter> <Opcode : 'read' 'write' 'readreq' 'writereq' 'writeresp'>
ST_37 : Operation 842 [36/71] (3.65ns)   --->   "%gmem0_5_load_req = readreq i1 @_ssdm_op_ReadReq.m_axi.i16P1A, i16 %gmem0_5_addr, i64 1" [kernel.cpp:18]   --->   Operation 842 'readreq' 'gmem0_5_load_req' <Predicate = true> <Delay = 3.65> <CoreInst = "m_axi">   --->   Core 119 'm_axi' <Latency = 6> <II = 1> <Delay = 1.00> <Adapter> <Opcode : 'read' 'write' 'readreq' 'writereq' 'writeresp'>
ST_37 : Operation 843 [36/71] (3.65ns)   --->   "%gmem0_6_load_req = readreq i1 @_ssdm_op_ReadReq.m_axi.i16P1A, i16 %gmem0_6_addr, i64 1" [kernel.cpp:18]   --->   Operation 843 'readreq' 'gmem0_6_load_req' <Predicate = true> <Delay = 3.65> <CoreInst = "m_axi">   --->   Core 119 'm_axi' <Latency = 6> <II = 1> <Delay = 1.00> <Adapter> <Opcode : 'read' 'write' 'readreq' 'writereq' 'writeresp'>
ST_37 : Operation 844 [36/71] (3.65ns)   --->   "%gmem0_7_load_req = readreq i1 @_ssdm_op_ReadReq.m_axi.i16P1A, i16 %gmem0_7_addr, i64 1" [kernel.cpp:18]   --->   Operation 844 'readreq' 'gmem0_7_load_req' <Predicate = true> <Delay = 3.65> <CoreInst = "m_axi">   --->   Core 119 'm_axi' <Latency = 6> <II = 1> <Delay = 1.00> <Adapter> <Opcode : 'read' 'write' 'readreq' 'writereq' 'writeresp'>
ST_37 : Operation 845 [36/71] (3.65ns)   --->   "%gmem1_1_load_req = readreq i1 @_ssdm_op_ReadReq.m_axi.i16P1A, i16 %gmem1_1_addr, i64 1" [kernel.cpp:18]   --->   Operation 845 'readreq' 'gmem1_1_load_req' <Predicate = true> <Delay = 3.65> <CoreInst = "m_axi">   --->   Core 119 'm_axi' <Latency = 6> <II = 1> <Delay = 1.00> <Adapter> <Opcode : 'read' 'write' 'readreq' 'writereq' 'writeresp'>
ST_37 : Operation 846 [36/71] (3.65ns)   --->   "%gmem1_2_load_req = readreq i1 @_ssdm_op_ReadReq.m_axi.i16P1A, i16 %gmem1_2_addr, i64 1" [kernel.cpp:18]   --->   Operation 846 'readreq' 'gmem1_2_load_req' <Predicate = true> <Delay = 3.65> <CoreInst = "m_axi">   --->   Core 119 'm_axi' <Latency = 6> <II = 1> <Delay = 1.00> <Adapter> <Opcode : 'read' 'write' 'readreq' 'writereq' 'writeresp'>
ST_37 : Operation 847 [36/71] (3.65ns)   --->   "%gmem1_3_load_req = readreq i1 @_ssdm_op_ReadReq.m_axi.i16P1A, i16 %gmem1_3_addr, i64 1" [kernel.cpp:18]   --->   Operation 847 'readreq' 'gmem1_3_load_req' <Predicate = true> <Delay = 3.65> <CoreInst = "m_axi">   --->   Core 119 'm_axi' <Latency = 6> <II = 1> <Delay = 1.00> <Adapter> <Opcode : 'read' 'write' 'readreq' 'writereq' 'writeresp'>
ST_37 : Operation 848 [36/71] (3.65ns)   --->   "%gmem1_4_load_req = readreq i1 @_ssdm_op_ReadReq.m_axi.i16P1A, i16 %gmem1_4_addr, i64 1" [kernel.cpp:18]   --->   Operation 848 'readreq' 'gmem1_4_load_req' <Predicate = true> <Delay = 3.65> <CoreInst = "m_axi">   --->   Core 119 'm_axi' <Latency = 6> <II = 1> <Delay = 1.00> <Adapter> <Opcode : 'read' 'write' 'readreq' 'writereq' 'writeresp'>
ST_37 : Operation 849 [36/71] (3.65ns)   --->   "%gmem1_5_load_req = readreq i1 @_ssdm_op_ReadReq.m_axi.i16P1A, i16 %gmem1_5_addr, i64 1" [kernel.cpp:18]   --->   Operation 849 'readreq' 'gmem1_5_load_req' <Predicate = true> <Delay = 3.65> <CoreInst = "m_axi">   --->   Core 119 'm_axi' <Latency = 6> <II = 1> <Delay = 1.00> <Adapter> <Opcode : 'read' 'write' 'readreq' 'writereq' 'writeresp'>
ST_37 : Operation 850 [36/71] (3.65ns)   --->   "%gmem1_6_load_req = readreq i1 @_ssdm_op_ReadReq.m_axi.i16P1A, i16 %gmem1_6_addr, i64 1" [kernel.cpp:18]   --->   Operation 850 'readreq' 'gmem1_6_load_req' <Predicate = true> <Delay = 3.65> <CoreInst = "m_axi">   --->   Core 119 'm_axi' <Latency = 6> <II = 1> <Delay = 1.00> <Adapter> <Opcode : 'read' 'write' 'readreq' 'writereq' 'writeresp'>
ST_37 : Operation 851 [36/71] (3.65ns)   --->   "%gmem1_7_load_req = readreq i1 @_ssdm_op_ReadReq.m_axi.i16P1A, i16 %gmem1_7_addr, i64 1" [kernel.cpp:18]   --->   Operation 851 'readreq' 'gmem1_7_load_req' <Predicate = true> <Delay = 3.65> <CoreInst = "m_axi">   --->   Core 119 'm_axi' <Latency = 6> <II = 1> <Delay = 1.00> <Adapter> <Opcode : 'read' 'write' 'readreq' 'writereq' 'writeresp'>

State 38 <SV = 37> <Delay = 3.65>
ST_38 : Operation 852 [35/71] (3.65ns)   --->   "%gmem0_0_load_req = readreq i1 @_ssdm_op_ReadReq.m_axi.i16P1A, i16 %gmem0_0_addr, i64 1" [kernel.cpp:18]   --->   Operation 852 'readreq' 'gmem0_0_load_req' <Predicate = true> <Delay = 3.65> <CoreInst = "m_axi">   --->   Core 119 'm_axi' <Latency = 6> <II = 1> <Delay = 1.00> <Adapter> <Opcode : 'read' 'write' 'readreq' 'writereq' 'writeresp'>
ST_38 : Operation 853 [35/71] (3.65ns)   --->   "%gmem1_0_load_req = readreq i1 @_ssdm_op_ReadReq.m_axi.i16P1A, i16 %gmem1_0_addr, i64 1" [kernel.cpp:18]   --->   Operation 853 'readreq' 'gmem1_0_load_req' <Predicate = true> <Delay = 3.65> <CoreInst = "m_axi">   --->   Core 119 'm_axi' <Latency = 6> <II = 1> <Delay = 1.00> <Adapter> <Opcode : 'read' 'write' 'readreq' 'writereq' 'writeresp'>
ST_38 : Operation 854 [35/71] (3.65ns)   --->   "%gmem0_1_load_req = readreq i1 @_ssdm_op_ReadReq.m_axi.i16P1A, i16 %gmem0_1_addr, i64 1" [kernel.cpp:18]   --->   Operation 854 'readreq' 'gmem0_1_load_req' <Predicate = true> <Delay = 3.65> <CoreInst = "m_axi">   --->   Core 119 'm_axi' <Latency = 6> <II = 1> <Delay = 1.00> <Adapter> <Opcode : 'read' 'write' 'readreq' 'writereq' 'writeresp'>
ST_38 : Operation 855 [35/71] (3.65ns)   --->   "%gmem0_2_load_req = readreq i1 @_ssdm_op_ReadReq.m_axi.i16P1A, i16 %gmem0_2_addr, i64 1" [kernel.cpp:18]   --->   Operation 855 'readreq' 'gmem0_2_load_req' <Predicate = true> <Delay = 3.65> <CoreInst = "m_axi">   --->   Core 119 'm_axi' <Latency = 6> <II = 1> <Delay = 1.00> <Adapter> <Opcode : 'read' 'write' 'readreq' 'writereq' 'writeresp'>
ST_38 : Operation 856 [35/71] (3.65ns)   --->   "%gmem0_3_load_req = readreq i1 @_ssdm_op_ReadReq.m_axi.i16P1A, i16 %gmem0_3_addr, i64 1" [kernel.cpp:18]   --->   Operation 856 'readreq' 'gmem0_3_load_req' <Predicate = true> <Delay = 3.65> <CoreInst = "m_axi">   --->   Core 119 'm_axi' <Latency = 6> <II = 1> <Delay = 1.00> <Adapter> <Opcode : 'read' 'write' 'readreq' 'writereq' 'writeresp'>
ST_38 : Operation 857 [35/71] (3.65ns)   --->   "%gmem0_4_load_req = readreq i1 @_ssdm_op_ReadReq.m_axi.i16P1A, i16 %gmem0_4_addr, i64 1" [kernel.cpp:18]   --->   Operation 857 'readreq' 'gmem0_4_load_req' <Predicate = true> <Delay = 3.65> <CoreInst = "m_axi">   --->   Core 119 'm_axi' <Latency = 6> <II = 1> <Delay = 1.00> <Adapter> <Opcode : 'read' 'write' 'readreq' 'writereq' 'writeresp'>
ST_38 : Operation 858 [35/71] (3.65ns)   --->   "%gmem0_5_load_req = readreq i1 @_ssdm_op_ReadReq.m_axi.i16P1A, i16 %gmem0_5_addr, i64 1" [kernel.cpp:18]   --->   Operation 858 'readreq' 'gmem0_5_load_req' <Predicate = true> <Delay = 3.65> <CoreInst = "m_axi">   --->   Core 119 'm_axi' <Latency = 6> <II = 1> <Delay = 1.00> <Adapter> <Opcode : 'read' 'write' 'readreq' 'writereq' 'writeresp'>
ST_38 : Operation 859 [35/71] (3.65ns)   --->   "%gmem0_6_load_req = readreq i1 @_ssdm_op_ReadReq.m_axi.i16P1A, i16 %gmem0_6_addr, i64 1" [kernel.cpp:18]   --->   Operation 859 'readreq' 'gmem0_6_load_req' <Predicate = true> <Delay = 3.65> <CoreInst = "m_axi">   --->   Core 119 'm_axi' <Latency = 6> <II = 1> <Delay = 1.00> <Adapter> <Opcode : 'read' 'write' 'readreq' 'writereq' 'writeresp'>
ST_38 : Operation 860 [35/71] (3.65ns)   --->   "%gmem0_7_load_req = readreq i1 @_ssdm_op_ReadReq.m_axi.i16P1A, i16 %gmem0_7_addr, i64 1" [kernel.cpp:18]   --->   Operation 860 'readreq' 'gmem0_7_load_req' <Predicate = true> <Delay = 3.65> <CoreInst = "m_axi">   --->   Core 119 'm_axi' <Latency = 6> <II = 1> <Delay = 1.00> <Adapter> <Opcode : 'read' 'write' 'readreq' 'writereq' 'writeresp'>
ST_38 : Operation 861 [35/71] (3.65ns)   --->   "%gmem1_1_load_req = readreq i1 @_ssdm_op_ReadReq.m_axi.i16P1A, i16 %gmem1_1_addr, i64 1" [kernel.cpp:18]   --->   Operation 861 'readreq' 'gmem1_1_load_req' <Predicate = true> <Delay = 3.65> <CoreInst = "m_axi">   --->   Core 119 'm_axi' <Latency = 6> <II = 1> <Delay = 1.00> <Adapter> <Opcode : 'read' 'write' 'readreq' 'writereq' 'writeresp'>
ST_38 : Operation 862 [35/71] (3.65ns)   --->   "%gmem1_2_load_req = readreq i1 @_ssdm_op_ReadReq.m_axi.i16P1A, i16 %gmem1_2_addr, i64 1" [kernel.cpp:18]   --->   Operation 862 'readreq' 'gmem1_2_load_req' <Predicate = true> <Delay = 3.65> <CoreInst = "m_axi">   --->   Core 119 'm_axi' <Latency = 6> <II = 1> <Delay = 1.00> <Adapter> <Opcode : 'read' 'write' 'readreq' 'writereq' 'writeresp'>
ST_38 : Operation 863 [35/71] (3.65ns)   --->   "%gmem1_3_load_req = readreq i1 @_ssdm_op_ReadReq.m_axi.i16P1A, i16 %gmem1_3_addr, i64 1" [kernel.cpp:18]   --->   Operation 863 'readreq' 'gmem1_3_load_req' <Predicate = true> <Delay = 3.65> <CoreInst = "m_axi">   --->   Core 119 'm_axi' <Latency = 6> <II = 1> <Delay = 1.00> <Adapter> <Opcode : 'read' 'write' 'readreq' 'writereq' 'writeresp'>
ST_38 : Operation 864 [35/71] (3.65ns)   --->   "%gmem1_4_load_req = readreq i1 @_ssdm_op_ReadReq.m_axi.i16P1A, i16 %gmem1_4_addr, i64 1" [kernel.cpp:18]   --->   Operation 864 'readreq' 'gmem1_4_load_req' <Predicate = true> <Delay = 3.65> <CoreInst = "m_axi">   --->   Core 119 'm_axi' <Latency = 6> <II = 1> <Delay = 1.00> <Adapter> <Opcode : 'read' 'write' 'readreq' 'writereq' 'writeresp'>
ST_38 : Operation 865 [35/71] (3.65ns)   --->   "%gmem1_5_load_req = readreq i1 @_ssdm_op_ReadReq.m_axi.i16P1A, i16 %gmem1_5_addr, i64 1" [kernel.cpp:18]   --->   Operation 865 'readreq' 'gmem1_5_load_req' <Predicate = true> <Delay = 3.65> <CoreInst = "m_axi">   --->   Core 119 'm_axi' <Latency = 6> <II = 1> <Delay = 1.00> <Adapter> <Opcode : 'read' 'write' 'readreq' 'writereq' 'writeresp'>
ST_38 : Operation 866 [35/71] (3.65ns)   --->   "%gmem1_6_load_req = readreq i1 @_ssdm_op_ReadReq.m_axi.i16P1A, i16 %gmem1_6_addr, i64 1" [kernel.cpp:18]   --->   Operation 866 'readreq' 'gmem1_6_load_req' <Predicate = true> <Delay = 3.65> <CoreInst = "m_axi">   --->   Core 119 'm_axi' <Latency = 6> <II = 1> <Delay = 1.00> <Adapter> <Opcode : 'read' 'write' 'readreq' 'writereq' 'writeresp'>
ST_38 : Operation 867 [35/71] (3.65ns)   --->   "%gmem1_7_load_req = readreq i1 @_ssdm_op_ReadReq.m_axi.i16P1A, i16 %gmem1_7_addr, i64 1" [kernel.cpp:18]   --->   Operation 867 'readreq' 'gmem1_7_load_req' <Predicate = true> <Delay = 3.65> <CoreInst = "m_axi">   --->   Core 119 'm_axi' <Latency = 6> <II = 1> <Delay = 1.00> <Adapter> <Opcode : 'read' 'write' 'readreq' 'writereq' 'writeresp'>

State 39 <SV = 38> <Delay = 3.65>
ST_39 : Operation 868 [34/71] (3.65ns)   --->   "%gmem0_0_load_req = readreq i1 @_ssdm_op_ReadReq.m_axi.i16P1A, i16 %gmem0_0_addr, i64 1" [kernel.cpp:18]   --->   Operation 868 'readreq' 'gmem0_0_load_req' <Predicate = true> <Delay = 3.65> <CoreInst = "m_axi">   --->   Core 119 'm_axi' <Latency = 6> <II = 1> <Delay = 1.00> <Adapter> <Opcode : 'read' 'write' 'readreq' 'writereq' 'writeresp'>
ST_39 : Operation 869 [34/71] (3.65ns)   --->   "%gmem1_0_load_req = readreq i1 @_ssdm_op_ReadReq.m_axi.i16P1A, i16 %gmem1_0_addr, i64 1" [kernel.cpp:18]   --->   Operation 869 'readreq' 'gmem1_0_load_req' <Predicate = true> <Delay = 3.65> <CoreInst = "m_axi">   --->   Core 119 'm_axi' <Latency = 6> <II = 1> <Delay = 1.00> <Adapter> <Opcode : 'read' 'write' 'readreq' 'writereq' 'writeresp'>
ST_39 : Operation 870 [34/71] (3.65ns)   --->   "%gmem0_1_load_req = readreq i1 @_ssdm_op_ReadReq.m_axi.i16P1A, i16 %gmem0_1_addr, i64 1" [kernel.cpp:18]   --->   Operation 870 'readreq' 'gmem0_1_load_req' <Predicate = true> <Delay = 3.65> <CoreInst = "m_axi">   --->   Core 119 'm_axi' <Latency = 6> <II = 1> <Delay = 1.00> <Adapter> <Opcode : 'read' 'write' 'readreq' 'writereq' 'writeresp'>
ST_39 : Operation 871 [34/71] (3.65ns)   --->   "%gmem0_2_load_req = readreq i1 @_ssdm_op_ReadReq.m_axi.i16P1A, i16 %gmem0_2_addr, i64 1" [kernel.cpp:18]   --->   Operation 871 'readreq' 'gmem0_2_load_req' <Predicate = true> <Delay = 3.65> <CoreInst = "m_axi">   --->   Core 119 'm_axi' <Latency = 6> <II = 1> <Delay = 1.00> <Adapter> <Opcode : 'read' 'write' 'readreq' 'writereq' 'writeresp'>
ST_39 : Operation 872 [34/71] (3.65ns)   --->   "%gmem0_3_load_req = readreq i1 @_ssdm_op_ReadReq.m_axi.i16P1A, i16 %gmem0_3_addr, i64 1" [kernel.cpp:18]   --->   Operation 872 'readreq' 'gmem0_3_load_req' <Predicate = true> <Delay = 3.65> <CoreInst = "m_axi">   --->   Core 119 'm_axi' <Latency = 6> <II = 1> <Delay = 1.00> <Adapter> <Opcode : 'read' 'write' 'readreq' 'writereq' 'writeresp'>
ST_39 : Operation 873 [34/71] (3.65ns)   --->   "%gmem0_4_load_req = readreq i1 @_ssdm_op_ReadReq.m_axi.i16P1A, i16 %gmem0_4_addr, i64 1" [kernel.cpp:18]   --->   Operation 873 'readreq' 'gmem0_4_load_req' <Predicate = true> <Delay = 3.65> <CoreInst = "m_axi">   --->   Core 119 'm_axi' <Latency = 6> <II = 1> <Delay = 1.00> <Adapter> <Opcode : 'read' 'write' 'readreq' 'writereq' 'writeresp'>
ST_39 : Operation 874 [34/71] (3.65ns)   --->   "%gmem0_5_load_req = readreq i1 @_ssdm_op_ReadReq.m_axi.i16P1A, i16 %gmem0_5_addr, i64 1" [kernel.cpp:18]   --->   Operation 874 'readreq' 'gmem0_5_load_req' <Predicate = true> <Delay = 3.65> <CoreInst = "m_axi">   --->   Core 119 'm_axi' <Latency = 6> <II = 1> <Delay = 1.00> <Adapter> <Opcode : 'read' 'write' 'readreq' 'writereq' 'writeresp'>
ST_39 : Operation 875 [34/71] (3.65ns)   --->   "%gmem0_6_load_req = readreq i1 @_ssdm_op_ReadReq.m_axi.i16P1A, i16 %gmem0_6_addr, i64 1" [kernel.cpp:18]   --->   Operation 875 'readreq' 'gmem0_6_load_req' <Predicate = true> <Delay = 3.65> <CoreInst = "m_axi">   --->   Core 119 'm_axi' <Latency = 6> <II = 1> <Delay = 1.00> <Adapter> <Opcode : 'read' 'write' 'readreq' 'writereq' 'writeresp'>
ST_39 : Operation 876 [34/71] (3.65ns)   --->   "%gmem0_7_load_req = readreq i1 @_ssdm_op_ReadReq.m_axi.i16P1A, i16 %gmem0_7_addr, i64 1" [kernel.cpp:18]   --->   Operation 876 'readreq' 'gmem0_7_load_req' <Predicate = true> <Delay = 3.65> <CoreInst = "m_axi">   --->   Core 119 'm_axi' <Latency = 6> <II = 1> <Delay = 1.00> <Adapter> <Opcode : 'read' 'write' 'readreq' 'writereq' 'writeresp'>
ST_39 : Operation 877 [34/71] (3.65ns)   --->   "%gmem1_1_load_req = readreq i1 @_ssdm_op_ReadReq.m_axi.i16P1A, i16 %gmem1_1_addr, i64 1" [kernel.cpp:18]   --->   Operation 877 'readreq' 'gmem1_1_load_req' <Predicate = true> <Delay = 3.65> <CoreInst = "m_axi">   --->   Core 119 'm_axi' <Latency = 6> <II = 1> <Delay = 1.00> <Adapter> <Opcode : 'read' 'write' 'readreq' 'writereq' 'writeresp'>
ST_39 : Operation 878 [34/71] (3.65ns)   --->   "%gmem1_2_load_req = readreq i1 @_ssdm_op_ReadReq.m_axi.i16P1A, i16 %gmem1_2_addr, i64 1" [kernel.cpp:18]   --->   Operation 878 'readreq' 'gmem1_2_load_req' <Predicate = true> <Delay = 3.65> <CoreInst = "m_axi">   --->   Core 119 'm_axi' <Latency = 6> <II = 1> <Delay = 1.00> <Adapter> <Opcode : 'read' 'write' 'readreq' 'writereq' 'writeresp'>
ST_39 : Operation 879 [34/71] (3.65ns)   --->   "%gmem1_3_load_req = readreq i1 @_ssdm_op_ReadReq.m_axi.i16P1A, i16 %gmem1_3_addr, i64 1" [kernel.cpp:18]   --->   Operation 879 'readreq' 'gmem1_3_load_req' <Predicate = true> <Delay = 3.65> <CoreInst = "m_axi">   --->   Core 119 'm_axi' <Latency = 6> <II = 1> <Delay = 1.00> <Adapter> <Opcode : 'read' 'write' 'readreq' 'writereq' 'writeresp'>
ST_39 : Operation 880 [34/71] (3.65ns)   --->   "%gmem1_4_load_req = readreq i1 @_ssdm_op_ReadReq.m_axi.i16P1A, i16 %gmem1_4_addr, i64 1" [kernel.cpp:18]   --->   Operation 880 'readreq' 'gmem1_4_load_req' <Predicate = true> <Delay = 3.65> <CoreInst = "m_axi">   --->   Core 119 'm_axi' <Latency = 6> <II = 1> <Delay = 1.00> <Adapter> <Opcode : 'read' 'write' 'readreq' 'writereq' 'writeresp'>
ST_39 : Operation 881 [34/71] (3.65ns)   --->   "%gmem1_5_load_req = readreq i1 @_ssdm_op_ReadReq.m_axi.i16P1A, i16 %gmem1_5_addr, i64 1" [kernel.cpp:18]   --->   Operation 881 'readreq' 'gmem1_5_load_req' <Predicate = true> <Delay = 3.65> <CoreInst = "m_axi">   --->   Core 119 'm_axi' <Latency = 6> <II = 1> <Delay = 1.00> <Adapter> <Opcode : 'read' 'write' 'readreq' 'writereq' 'writeresp'>
ST_39 : Operation 882 [34/71] (3.65ns)   --->   "%gmem1_6_load_req = readreq i1 @_ssdm_op_ReadReq.m_axi.i16P1A, i16 %gmem1_6_addr, i64 1" [kernel.cpp:18]   --->   Operation 882 'readreq' 'gmem1_6_load_req' <Predicate = true> <Delay = 3.65> <CoreInst = "m_axi">   --->   Core 119 'm_axi' <Latency = 6> <II = 1> <Delay = 1.00> <Adapter> <Opcode : 'read' 'write' 'readreq' 'writereq' 'writeresp'>
ST_39 : Operation 883 [34/71] (3.65ns)   --->   "%gmem1_7_load_req = readreq i1 @_ssdm_op_ReadReq.m_axi.i16P1A, i16 %gmem1_7_addr, i64 1" [kernel.cpp:18]   --->   Operation 883 'readreq' 'gmem1_7_load_req' <Predicate = true> <Delay = 3.65> <CoreInst = "m_axi">   --->   Core 119 'm_axi' <Latency = 6> <II = 1> <Delay = 1.00> <Adapter> <Opcode : 'read' 'write' 'readreq' 'writereq' 'writeresp'>

State 40 <SV = 39> <Delay = 3.65>
ST_40 : Operation 884 [33/71] (3.65ns)   --->   "%gmem0_0_load_req = readreq i1 @_ssdm_op_ReadReq.m_axi.i16P1A, i16 %gmem0_0_addr, i64 1" [kernel.cpp:18]   --->   Operation 884 'readreq' 'gmem0_0_load_req' <Predicate = true> <Delay = 3.65> <CoreInst = "m_axi">   --->   Core 119 'm_axi' <Latency = 6> <II = 1> <Delay = 1.00> <Adapter> <Opcode : 'read' 'write' 'readreq' 'writereq' 'writeresp'>
ST_40 : Operation 885 [33/71] (3.65ns)   --->   "%gmem1_0_load_req = readreq i1 @_ssdm_op_ReadReq.m_axi.i16P1A, i16 %gmem1_0_addr, i64 1" [kernel.cpp:18]   --->   Operation 885 'readreq' 'gmem1_0_load_req' <Predicate = true> <Delay = 3.65> <CoreInst = "m_axi">   --->   Core 119 'm_axi' <Latency = 6> <II = 1> <Delay = 1.00> <Adapter> <Opcode : 'read' 'write' 'readreq' 'writereq' 'writeresp'>
ST_40 : Operation 886 [33/71] (3.65ns)   --->   "%gmem0_1_load_req = readreq i1 @_ssdm_op_ReadReq.m_axi.i16P1A, i16 %gmem0_1_addr, i64 1" [kernel.cpp:18]   --->   Operation 886 'readreq' 'gmem0_1_load_req' <Predicate = true> <Delay = 3.65> <CoreInst = "m_axi">   --->   Core 119 'm_axi' <Latency = 6> <II = 1> <Delay = 1.00> <Adapter> <Opcode : 'read' 'write' 'readreq' 'writereq' 'writeresp'>
ST_40 : Operation 887 [33/71] (3.65ns)   --->   "%gmem0_2_load_req = readreq i1 @_ssdm_op_ReadReq.m_axi.i16P1A, i16 %gmem0_2_addr, i64 1" [kernel.cpp:18]   --->   Operation 887 'readreq' 'gmem0_2_load_req' <Predicate = true> <Delay = 3.65> <CoreInst = "m_axi">   --->   Core 119 'm_axi' <Latency = 6> <II = 1> <Delay = 1.00> <Adapter> <Opcode : 'read' 'write' 'readreq' 'writereq' 'writeresp'>
ST_40 : Operation 888 [33/71] (3.65ns)   --->   "%gmem0_3_load_req = readreq i1 @_ssdm_op_ReadReq.m_axi.i16P1A, i16 %gmem0_3_addr, i64 1" [kernel.cpp:18]   --->   Operation 888 'readreq' 'gmem0_3_load_req' <Predicate = true> <Delay = 3.65> <CoreInst = "m_axi">   --->   Core 119 'm_axi' <Latency = 6> <II = 1> <Delay = 1.00> <Adapter> <Opcode : 'read' 'write' 'readreq' 'writereq' 'writeresp'>
ST_40 : Operation 889 [33/71] (3.65ns)   --->   "%gmem0_4_load_req = readreq i1 @_ssdm_op_ReadReq.m_axi.i16P1A, i16 %gmem0_4_addr, i64 1" [kernel.cpp:18]   --->   Operation 889 'readreq' 'gmem0_4_load_req' <Predicate = true> <Delay = 3.65> <CoreInst = "m_axi">   --->   Core 119 'm_axi' <Latency = 6> <II = 1> <Delay = 1.00> <Adapter> <Opcode : 'read' 'write' 'readreq' 'writereq' 'writeresp'>
ST_40 : Operation 890 [33/71] (3.65ns)   --->   "%gmem0_5_load_req = readreq i1 @_ssdm_op_ReadReq.m_axi.i16P1A, i16 %gmem0_5_addr, i64 1" [kernel.cpp:18]   --->   Operation 890 'readreq' 'gmem0_5_load_req' <Predicate = true> <Delay = 3.65> <CoreInst = "m_axi">   --->   Core 119 'm_axi' <Latency = 6> <II = 1> <Delay = 1.00> <Adapter> <Opcode : 'read' 'write' 'readreq' 'writereq' 'writeresp'>
ST_40 : Operation 891 [33/71] (3.65ns)   --->   "%gmem0_6_load_req = readreq i1 @_ssdm_op_ReadReq.m_axi.i16P1A, i16 %gmem0_6_addr, i64 1" [kernel.cpp:18]   --->   Operation 891 'readreq' 'gmem0_6_load_req' <Predicate = true> <Delay = 3.65> <CoreInst = "m_axi">   --->   Core 119 'm_axi' <Latency = 6> <II = 1> <Delay = 1.00> <Adapter> <Opcode : 'read' 'write' 'readreq' 'writereq' 'writeresp'>
ST_40 : Operation 892 [33/71] (3.65ns)   --->   "%gmem0_7_load_req = readreq i1 @_ssdm_op_ReadReq.m_axi.i16P1A, i16 %gmem0_7_addr, i64 1" [kernel.cpp:18]   --->   Operation 892 'readreq' 'gmem0_7_load_req' <Predicate = true> <Delay = 3.65> <CoreInst = "m_axi">   --->   Core 119 'm_axi' <Latency = 6> <II = 1> <Delay = 1.00> <Adapter> <Opcode : 'read' 'write' 'readreq' 'writereq' 'writeresp'>
ST_40 : Operation 893 [33/71] (3.65ns)   --->   "%gmem1_1_load_req = readreq i1 @_ssdm_op_ReadReq.m_axi.i16P1A, i16 %gmem1_1_addr, i64 1" [kernel.cpp:18]   --->   Operation 893 'readreq' 'gmem1_1_load_req' <Predicate = true> <Delay = 3.65> <CoreInst = "m_axi">   --->   Core 119 'm_axi' <Latency = 6> <II = 1> <Delay = 1.00> <Adapter> <Opcode : 'read' 'write' 'readreq' 'writereq' 'writeresp'>
ST_40 : Operation 894 [33/71] (3.65ns)   --->   "%gmem1_2_load_req = readreq i1 @_ssdm_op_ReadReq.m_axi.i16P1A, i16 %gmem1_2_addr, i64 1" [kernel.cpp:18]   --->   Operation 894 'readreq' 'gmem1_2_load_req' <Predicate = true> <Delay = 3.65> <CoreInst = "m_axi">   --->   Core 119 'm_axi' <Latency = 6> <II = 1> <Delay = 1.00> <Adapter> <Opcode : 'read' 'write' 'readreq' 'writereq' 'writeresp'>
ST_40 : Operation 895 [33/71] (3.65ns)   --->   "%gmem1_3_load_req = readreq i1 @_ssdm_op_ReadReq.m_axi.i16P1A, i16 %gmem1_3_addr, i64 1" [kernel.cpp:18]   --->   Operation 895 'readreq' 'gmem1_3_load_req' <Predicate = true> <Delay = 3.65> <CoreInst = "m_axi">   --->   Core 119 'm_axi' <Latency = 6> <II = 1> <Delay = 1.00> <Adapter> <Opcode : 'read' 'write' 'readreq' 'writereq' 'writeresp'>
ST_40 : Operation 896 [33/71] (3.65ns)   --->   "%gmem1_4_load_req = readreq i1 @_ssdm_op_ReadReq.m_axi.i16P1A, i16 %gmem1_4_addr, i64 1" [kernel.cpp:18]   --->   Operation 896 'readreq' 'gmem1_4_load_req' <Predicate = true> <Delay = 3.65> <CoreInst = "m_axi">   --->   Core 119 'm_axi' <Latency = 6> <II = 1> <Delay = 1.00> <Adapter> <Opcode : 'read' 'write' 'readreq' 'writereq' 'writeresp'>
ST_40 : Operation 897 [33/71] (3.65ns)   --->   "%gmem1_5_load_req = readreq i1 @_ssdm_op_ReadReq.m_axi.i16P1A, i16 %gmem1_5_addr, i64 1" [kernel.cpp:18]   --->   Operation 897 'readreq' 'gmem1_5_load_req' <Predicate = true> <Delay = 3.65> <CoreInst = "m_axi">   --->   Core 119 'm_axi' <Latency = 6> <II = 1> <Delay = 1.00> <Adapter> <Opcode : 'read' 'write' 'readreq' 'writereq' 'writeresp'>
ST_40 : Operation 898 [33/71] (3.65ns)   --->   "%gmem1_6_load_req = readreq i1 @_ssdm_op_ReadReq.m_axi.i16P1A, i16 %gmem1_6_addr, i64 1" [kernel.cpp:18]   --->   Operation 898 'readreq' 'gmem1_6_load_req' <Predicate = true> <Delay = 3.65> <CoreInst = "m_axi">   --->   Core 119 'm_axi' <Latency = 6> <II = 1> <Delay = 1.00> <Adapter> <Opcode : 'read' 'write' 'readreq' 'writereq' 'writeresp'>
ST_40 : Operation 899 [33/71] (3.65ns)   --->   "%gmem1_7_load_req = readreq i1 @_ssdm_op_ReadReq.m_axi.i16P1A, i16 %gmem1_7_addr, i64 1" [kernel.cpp:18]   --->   Operation 899 'readreq' 'gmem1_7_load_req' <Predicate = true> <Delay = 3.65> <CoreInst = "m_axi">   --->   Core 119 'm_axi' <Latency = 6> <II = 1> <Delay = 1.00> <Adapter> <Opcode : 'read' 'write' 'readreq' 'writereq' 'writeresp'>

State 41 <SV = 40> <Delay = 3.65>
ST_41 : Operation 900 [32/71] (3.65ns)   --->   "%gmem0_0_load_req = readreq i1 @_ssdm_op_ReadReq.m_axi.i16P1A, i16 %gmem0_0_addr, i64 1" [kernel.cpp:18]   --->   Operation 900 'readreq' 'gmem0_0_load_req' <Predicate = true> <Delay = 3.65> <CoreInst = "m_axi">   --->   Core 119 'm_axi' <Latency = 6> <II = 1> <Delay = 1.00> <Adapter> <Opcode : 'read' 'write' 'readreq' 'writereq' 'writeresp'>
ST_41 : Operation 901 [32/71] (3.65ns)   --->   "%gmem1_0_load_req = readreq i1 @_ssdm_op_ReadReq.m_axi.i16P1A, i16 %gmem1_0_addr, i64 1" [kernel.cpp:18]   --->   Operation 901 'readreq' 'gmem1_0_load_req' <Predicate = true> <Delay = 3.65> <CoreInst = "m_axi">   --->   Core 119 'm_axi' <Latency = 6> <II = 1> <Delay = 1.00> <Adapter> <Opcode : 'read' 'write' 'readreq' 'writereq' 'writeresp'>
ST_41 : Operation 902 [32/71] (3.65ns)   --->   "%gmem0_1_load_req = readreq i1 @_ssdm_op_ReadReq.m_axi.i16P1A, i16 %gmem0_1_addr, i64 1" [kernel.cpp:18]   --->   Operation 902 'readreq' 'gmem0_1_load_req' <Predicate = true> <Delay = 3.65> <CoreInst = "m_axi">   --->   Core 119 'm_axi' <Latency = 6> <II = 1> <Delay = 1.00> <Adapter> <Opcode : 'read' 'write' 'readreq' 'writereq' 'writeresp'>
ST_41 : Operation 903 [32/71] (3.65ns)   --->   "%gmem0_2_load_req = readreq i1 @_ssdm_op_ReadReq.m_axi.i16P1A, i16 %gmem0_2_addr, i64 1" [kernel.cpp:18]   --->   Operation 903 'readreq' 'gmem0_2_load_req' <Predicate = true> <Delay = 3.65> <CoreInst = "m_axi">   --->   Core 119 'm_axi' <Latency = 6> <II = 1> <Delay = 1.00> <Adapter> <Opcode : 'read' 'write' 'readreq' 'writereq' 'writeresp'>
ST_41 : Operation 904 [32/71] (3.65ns)   --->   "%gmem0_3_load_req = readreq i1 @_ssdm_op_ReadReq.m_axi.i16P1A, i16 %gmem0_3_addr, i64 1" [kernel.cpp:18]   --->   Operation 904 'readreq' 'gmem0_3_load_req' <Predicate = true> <Delay = 3.65> <CoreInst = "m_axi">   --->   Core 119 'm_axi' <Latency = 6> <II = 1> <Delay = 1.00> <Adapter> <Opcode : 'read' 'write' 'readreq' 'writereq' 'writeresp'>
ST_41 : Operation 905 [32/71] (3.65ns)   --->   "%gmem0_4_load_req = readreq i1 @_ssdm_op_ReadReq.m_axi.i16P1A, i16 %gmem0_4_addr, i64 1" [kernel.cpp:18]   --->   Operation 905 'readreq' 'gmem0_4_load_req' <Predicate = true> <Delay = 3.65> <CoreInst = "m_axi">   --->   Core 119 'm_axi' <Latency = 6> <II = 1> <Delay = 1.00> <Adapter> <Opcode : 'read' 'write' 'readreq' 'writereq' 'writeresp'>
ST_41 : Operation 906 [32/71] (3.65ns)   --->   "%gmem0_5_load_req = readreq i1 @_ssdm_op_ReadReq.m_axi.i16P1A, i16 %gmem0_5_addr, i64 1" [kernel.cpp:18]   --->   Operation 906 'readreq' 'gmem0_5_load_req' <Predicate = true> <Delay = 3.65> <CoreInst = "m_axi">   --->   Core 119 'm_axi' <Latency = 6> <II = 1> <Delay = 1.00> <Adapter> <Opcode : 'read' 'write' 'readreq' 'writereq' 'writeresp'>
ST_41 : Operation 907 [32/71] (3.65ns)   --->   "%gmem0_6_load_req = readreq i1 @_ssdm_op_ReadReq.m_axi.i16P1A, i16 %gmem0_6_addr, i64 1" [kernel.cpp:18]   --->   Operation 907 'readreq' 'gmem0_6_load_req' <Predicate = true> <Delay = 3.65> <CoreInst = "m_axi">   --->   Core 119 'm_axi' <Latency = 6> <II = 1> <Delay = 1.00> <Adapter> <Opcode : 'read' 'write' 'readreq' 'writereq' 'writeresp'>
ST_41 : Operation 908 [32/71] (3.65ns)   --->   "%gmem0_7_load_req = readreq i1 @_ssdm_op_ReadReq.m_axi.i16P1A, i16 %gmem0_7_addr, i64 1" [kernel.cpp:18]   --->   Operation 908 'readreq' 'gmem0_7_load_req' <Predicate = true> <Delay = 3.65> <CoreInst = "m_axi">   --->   Core 119 'm_axi' <Latency = 6> <II = 1> <Delay = 1.00> <Adapter> <Opcode : 'read' 'write' 'readreq' 'writereq' 'writeresp'>
ST_41 : Operation 909 [32/71] (3.65ns)   --->   "%gmem1_1_load_req = readreq i1 @_ssdm_op_ReadReq.m_axi.i16P1A, i16 %gmem1_1_addr, i64 1" [kernel.cpp:18]   --->   Operation 909 'readreq' 'gmem1_1_load_req' <Predicate = true> <Delay = 3.65> <CoreInst = "m_axi">   --->   Core 119 'm_axi' <Latency = 6> <II = 1> <Delay = 1.00> <Adapter> <Opcode : 'read' 'write' 'readreq' 'writereq' 'writeresp'>
ST_41 : Operation 910 [32/71] (3.65ns)   --->   "%gmem1_2_load_req = readreq i1 @_ssdm_op_ReadReq.m_axi.i16P1A, i16 %gmem1_2_addr, i64 1" [kernel.cpp:18]   --->   Operation 910 'readreq' 'gmem1_2_load_req' <Predicate = true> <Delay = 3.65> <CoreInst = "m_axi">   --->   Core 119 'm_axi' <Latency = 6> <II = 1> <Delay = 1.00> <Adapter> <Opcode : 'read' 'write' 'readreq' 'writereq' 'writeresp'>
ST_41 : Operation 911 [32/71] (3.65ns)   --->   "%gmem1_3_load_req = readreq i1 @_ssdm_op_ReadReq.m_axi.i16P1A, i16 %gmem1_3_addr, i64 1" [kernel.cpp:18]   --->   Operation 911 'readreq' 'gmem1_3_load_req' <Predicate = true> <Delay = 3.65> <CoreInst = "m_axi">   --->   Core 119 'm_axi' <Latency = 6> <II = 1> <Delay = 1.00> <Adapter> <Opcode : 'read' 'write' 'readreq' 'writereq' 'writeresp'>
ST_41 : Operation 912 [32/71] (3.65ns)   --->   "%gmem1_4_load_req = readreq i1 @_ssdm_op_ReadReq.m_axi.i16P1A, i16 %gmem1_4_addr, i64 1" [kernel.cpp:18]   --->   Operation 912 'readreq' 'gmem1_4_load_req' <Predicate = true> <Delay = 3.65> <CoreInst = "m_axi">   --->   Core 119 'm_axi' <Latency = 6> <II = 1> <Delay = 1.00> <Adapter> <Opcode : 'read' 'write' 'readreq' 'writereq' 'writeresp'>
ST_41 : Operation 913 [32/71] (3.65ns)   --->   "%gmem1_5_load_req = readreq i1 @_ssdm_op_ReadReq.m_axi.i16P1A, i16 %gmem1_5_addr, i64 1" [kernel.cpp:18]   --->   Operation 913 'readreq' 'gmem1_5_load_req' <Predicate = true> <Delay = 3.65> <CoreInst = "m_axi">   --->   Core 119 'm_axi' <Latency = 6> <II = 1> <Delay = 1.00> <Adapter> <Opcode : 'read' 'write' 'readreq' 'writereq' 'writeresp'>
ST_41 : Operation 914 [32/71] (3.65ns)   --->   "%gmem1_6_load_req = readreq i1 @_ssdm_op_ReadReq.m_axi.i16P1A, i16 %gmem1_6_addr, i64 1" [kernel.cpp:18]   --->   Operation 914 'readreq' 'gmem1_6_load_req' <Predicate = true> <Delay = 3.65> <CoreInst = "m_axi">   --->   Core 119 'm_axi' <Latency = 6> <II = 1> <Delay = 1.00> <Adapter> <Opcode : 'read' 'write' 'readreq' 'writereq' 'writeresp'>
ST_41 : Operation 915 [32/71] (3.65ns)   --->   "%gmem1_7_load_req = readreq i1 @_ssdm_op_ReadReq.m_axi.i16P1A, i16 %gmem1_7_addr, i64 1" [kernel.cpp:18]   --->   Operation 915 'readreq' 'gmem1_7_load_req' <Predicate = true> <Delay = 3.65> <CoreInst = "m_axi">   --->   Core 119 'm_axi' <Latency = 6> <II = 1> <Delay = 1.00> <Adapter> <Opcode : 'read' 'write' 'readreq' 'writereq' 'writeresp'>

State 42 <SV = 41> <Delay = 3.65>
ST_42 : Operation 916 [31/71] (3.65ns)   --->   "%gmem0_0_load_req = readreq i1 @_ssdm_op_ReadReq.m_axi.i16P1A, i16 %gmem0_0_addr, i64 1" [kernel.cpp:18]   --->   Operation 916 'readreq' 'gmem0_0_load_req' <Predicate = true> <Delay = 3.65> <CoreInst = "m_axi">   --->   Core 119 'm_axi' <Latency = 6> <II = 1> <Delay = 1.00> <Adapter> <Opcode : 'read' 'write' 'readreq' 'writereq' 'writeresp'>
ST_42 : Operation 917 [31/71] (3.65ns)   --->   "%gmem1_0_load_req = readreq i1 @_ssdm_op_ReadReq.m_axi.i16P1A, i16 %gmem1_0_addr, i64 1" [kernel.cpp:18]   --->   Operation 917 'readreq' 'gmem1_0_load_req' <Predicate = true> <Delay = 3.65> <CoreInst = "m_axi">   --->   Core 119 'm_axi' <Latency = 6> <II = 1> <Delay = 1.00> <Adapter> <Opcode : 'read' 'write' 'readreq' 'writereq' 'writeresp'>
ST_42 : Operation 918 [31/71] (3.65ns)   --->   "%gmem0_1_load_req = readreq i1 @_ssdm_op_ReadReq.m_axi.i16P1A, i16 %gmem0_1_addr, i64 1" [kernel.cpp:18]   --->   Operation 918 'readreq' 'gmem0_1_load_req' <Predicate = true> <Delay = 3.65> <CoreInst = "m_axi">   --->   Core 119 'm_axi' <Latency = 6> <II = 1> <Delay = 1.00> <Adapter> <Opcode : 'read' 'write' 'readreq' 'writereq' 'writeresp'>
ST_42 : Operation 919 [31/71] (3.65ns)   --->   "%gmem0_2_load_req = readreq i1 @_ssdm_op_ReadReq.m_axi.i16P1A, i16 %gmem0_2_addr, i64 1" [kernel.cpp:18]   --->   Operation 919 'readreq' 'gmem0_2_load_req' <Predicate = true> <Delay = 3.65> <CoreInst = "m_axi">   --->   Core 119 'm_axi' <Latency = 6> <II = 1> <Delay = 1.00> <Adapter> <Opcode : 'read' 'write' 'readreq' 'writereq' 'writeresp'>
ST_42 : Operation 920 [31/71] (3.65ns)   --->   "%gmem0_3_load_req = readreq i1 @_ssdm_op_ReadReq.m_axi.i16P1A, i16 %gmem0_3_addr, i64 1" [kernel.cpp:18]   --->   Operation 920 'readreq' 'gmem0_3_load_req' <Predicate = true> <Delay = 3.65> <CoreInst = "m_axi">   --->   Core 119 'm_axi' <Latency = 6> <II = 1> <Delay = 1.00> <Adapter> <Opcode : 'read' 'write' 'readreq' 'writereq' 'writeresp'>
ST_42 : Operation 921 [31/71] (3.65ns)   --->   "%gmem0_4_load_req = readreq i1 @_ssdm_op_ReadReq.m_axi.i16P1A, i16 %gmem0_4_addr, i64 1" [kernel.cpp:18]   --->   Operation 921 'readreq' 'gmem0_4_load_req' <Predicate = true> <Delay = 3.65> <CoreInst = "m_axi">   --->   Core 119 'm_axi' <Latency = 6> <II = 1> <Delay = 1.00> <Adapter> <Opcode : 'read' 'write' 'readreq' 'writereq' 'writeresp'>
ST_42 : Operation 922 [31/71] (3.65ns)   --->   "%gmem0_5_load_req = readreq i1 @_ssdm_op_ReadReq.m_axi.i16P1A, i16 %gmem0_5_addr, i64 1" [kernel.cpp:18]   --->   Operation 922 'readreq' 'gmem0_5_load_req' <Predicate = true> <Delay = 3.65> <CoreInst = "m_axi">   --->   Core 119 'm_axi' <Latency = 6> <II = 1> <Delay = 1.00> <Adapter> <Opcode : 'read' 'write' 'readreq' 'writereq' 'writeresp'>
ST_42 : Operation 923 [31/71] (3.65ns)   --->   "%gmem0_6_load_req = readreq i1 @_ssdm_op_ReadReq.m_axi.i16P1A, i16 %gmem0_6_addr, i64 1" [kernel.cpp:18]   --->   Operation 923 'readreq' 'gmem0_6_load_req' <Predicate = true> <Delay = 3.65> <CoreInst = "m_axi">   --->   Core 119 'm_axi' <Latency = 6> <II = 1> <Delay = 1.00> <Adapter> <Opcode : 'read' 'write' 'readreq' 'writereq' 'writeresp'>
ST_42 : Operation 924 [31/71] (3.65ns)   --->   "%gmem0_7_load_req = readreq i1 @_ssdm_op_ReadReq.m_axi.i16P1A, i16 %gmem0_7_addr, i64 1" [kernel.cpp:18]   --->   Operation 924 'readreq' 'gmem0_7_load_req' <Predicate = true> <Delay = 3.65> <CoreInst = "m_axi">   --->   Core 119 'm_axi' <Latency = 6> <II = 1> <Delay = 1.00> <Adapter> <Opcode : 'read' 'write' 'readreq' 'writereq' 'writeresp'>
ST_42 : Operation 925 [31/71] (3.65ns)   --->   "%gmem1_1_load_req = readreq i1 @_ssdm_op_ReadReq.m_axi.i16P1A, i16 %gmem1_1_addr, i64 1" [kernel.cpp:18]   --->   Operation 925 'readreq' 'gmem1_1_load_req' <Predicate = true> <Delay = 3.65> <CoreInst = "m_axi">   --->   Core 119 'm_axi' <Latency = 6> <II = 1> <Delay = 1.00> <Adapter> <Opcode : 'read' 'write' 'readreq' 'writereq' 'writeresp'>
ST_42 : Operation 926 [31/71] (3.65ns)   --->   "%gmem1_2_load_req = readreq i1 @_ssdm_op_ReadReq.m_axi.i16P1A, i16 %gmem1_2_addr, i64 1" [kernel.cpp:18]   --->   Operation 926 'readreq' 'gmem1_2_load_req' <Predicate = true> <Delay = 3.65> <CoreInst = "m_axi">   --->   Core 119 'm_axi' <Latency = 6> <II = 1> <Delay = 1.00> <Adapter> <Opcode : 'read' 'write' 'readreq' 'writereq' 'writeresp'>
ST_42 : Operation 927 [31/71] (3.65ns)   --->   "%gmem1_3_load_req = readreq i1 @_ssdm_op_ReadReq.m_axi.i16P1A, i16 %gmem1_3_addr, i64 1" [kernel.cpp:18]   --->   Operation 927 'readreq' 'gmem1_3_load_req' <Predicate = true> <Delay = 3.65> <CoreInst = "m_axi">   --->   Core 119 'm_axi' <Latency = 6> <II = 1> <Delay = 1.00> <Adapter> <Opcode : 'read' 'write' 'readreq' 'writereq' 'writeresp'>
ST_42 : Operation 928 [31/71] (3.65ns)   --->   "%gmem1_4_load_req = readreq i1 @_ssdm_op_ReadReq.m_axi.i16P1A, i16 %gmem1_4_addr, i64 1" [kernel.cpp:18]   --->   Operation 928 'readreq' 'gmem1_4_load_req' <Predicate = true> <Delay = 3.65> <CoreInst = "m_axi">   --->   Core 119 'm_axi' <Latency = 6> <II = 1> <Delay = 1.00> <Adapter> <Opcode : 'read' 'write' 'readreq' 'writereq' 'writeresp'>
ST_42 : Operation 929 [31/71] (3.65ns)   --->   "%gmem1_5_load_req = readreq i1 @_ssdm_op_ReadReq.m_axi.i16P1A, i16 %gmem1_5_addr, i64 1" [kernel.cpp:18]   --->   Operation 929 'readreq' 'gmem1_5_load_req' <Predicate = true> <Delay = 3.65> <CoreInst = "m_axi">   --->   Core 119 'm_axi' <Latency = 6> <II = 1> <Delay = 1.00> <Adapter> <Opcode : 'read' 'write' 'readreq' 'writereq' 'writeresp'>
ST_42 : Operation 930 [31/71] (3.65ns)   --->   "%gmem1_6_load_req = readreq i1 @_ssdm_op_ReadReq.m_axi.i16P1A, i16 %gmem1_6_addr, i64 1" [kernel.cpp:18]   --->   Operation 930 'readreq' 'gmem1_6_load_req' <Predicate = true> <Delay = 3.65> <CoreInst = "m_axi">   --->   Core 119 'm_axi' <Latency = 6> <II = 1> <Delay = 1.00> <Adapter> <Opcode : 'read' 'write' 'readreq' 'writereq' 'writeresp'>
ST_42 : Operation 931 [31/71] (3.65ns)   --->   "%gmem1_7_load_req = readreq i1 @_ssdm_op_ReadReq.m_axi.i16P1A, i16 %gmem1_7_addr, i64 1" [kernel.cpp:18]   --->   Operation 931 'readreq' 'gmem1_7_load_req' <Predicate = true> <Delay = 3.65> <CoreInst = "m_axi">   --->   Core 119 'm_axi' <Latency = 6> <II = 1> <Delay = 1.00> <Adapter> <Opcode : 'read' 'write' 'readreq' 'writereq' 'writeresp'>

State 43 <SV = 42> <Delay = 3.65>
ST_43 : Operation 932 [30/71] (3.65ns)   --->   "%gmem0_0_load_req = readreq i1 @_ssdm_op_ReadReq.m_axi.i16P1A, i16 %gmem0_0_addr, i64 1" [kernel.cpp:18]   --->   Operation 932 'readreq' 'gmem0_0_load_req' <Predicate = true> <Delay = 3.65> <CoreInst = "m_axi">   --->   Core 119 'm_axi' <Latency = 6> <II = 1> <Delay = 1.00> <Adapter> <Opcode : 'read' 'write' 'readreq' 'writereq' 'writeresp'>
ST_43 : Operation 933 [30/71] (3.65ns)   --->   "%gmem1_0_load_req = readreq i1 @_ssdm_op_ReadReq.m_axi.i16P1A, i16 %gmem1_0_addr, i64 1" [kernel.cpp:18]   --->   Operation 933 'readreq' 'gmem1_0_load_req' <Predicate = true> <Delay = 3.65> <CoreInst = "m_axi">   --->   Core 119 'm_axi' <Latency = 6> <II = 1> <Delay = 1.00> <Adapter> <Opcode : 'read' 'write' 'readreq' 'writereq' 'writeresp'>
ST_43 : Operation 934 [30/71] (3.65ns)   --->   "%gmem0_1_load_req = readreq i1 @_ssdm_op_ReadReq.m_axi.i16P1A, i16 %gmem0_1_addr, i64 1" [kernel.cpp:18]   --->   Operation 934 'readreq' 'gmem0_1_load_req' <Predicate = true> <Delay = 3.65> <CoreInst = "m_axi">   --->   Core 119 'm_axi' <Latency = 6> <II = 1> <Delay = 1.00> <Adapter> <Opcode : 'read' 'write' 'readreq' 'writereq' 'writeresp'>
ST_43 : Operation 935 [30/71] (3.65ns)   --->   "%gmem0_2_load_req = readreq i1 @_ssdm_op_ReadReq.m_axi.i16P1A, i16 %gmem0_2_addr, i64 1" [kernel.cpp:18]   --->   Operation 935 'readreq' 'gmem0_2_load_req' <Predicate = true> <Delay = 3.65> <CoreInst = "m_axi">   --->   Core 119 'm_axi' <Latency = 6> <II = 1> <Delay = 1.00> <Adapter> <Opcode : 'read' 'write' 'readreq' 'writereq' 'writeresp'>
ST_43 : Operation 936 [30/71] (3.65ns)   --->   "%gmem0_3_load_req = readreq i1 @_ssdm_op_ReadReq.m_axi.i16P1A, i16 %gmem0_3_addr, i64 1" [kernel.cpp:18]   --->   Operation 936 'readreq' 'gmem0_3_load_req' <Predicate = true> <Delay = 3.65> <CoreInst = "m_axi">   --->   Core 119 'm_axi' <Latency = 6> <II = 1> <Delay = 1.00> <Adapter> <Opcode : 'read' 'write' 'readreq' 'writereq' 'writeresp'>
ST_43 : Operation 937 [30/71] (3.65ns)   --->   "%gmem0_4_load_req = readreq i1 @_ssdm_op_ReadReq.m_axi.i16P1A, i16 %gmem0_4_addr, i64 1" [kernel.cpp:18]   --->   Operation 937 'readreq' 'gmem0_4_load_req' <Predicate = true> <Delay = 3.65> <CoreInst = "m_axi">   --->   Core 119 'm_axi' <Latency = 6> <II = 1> <Delay = 1.00> <Adapter> <Opcode : 'read' 'write' 'readreq' 'writereq' 'writeresp'>
ST_43 : Operation 938 [30/71] (3.65ns)   --->   "%gmem0_5_load_req = readreq i1 @_ssdm_op_ReadReq.m_axi.i16P1A, i16 %gmem0_5_addr, i64 1" [kernel.cpp:18]   --->   Operation 938 'readreq' 'gmem0_5_load_req' <Predicate = true> <Delay = 3.65> <CoreInst = "m_axi">   --->   Core 119 'm_axi' <Latency = 6> <II = 1> <Delay = 1.00> <Adapter> <Opcode : 'read' 'write' 'readreq' 'writereq' 'writeresp'>
ST_43 : Operation 939 [30/71] (3.65ns)   --->   "%gmem0_6_load_req = readreq i1 @_ssdm_op_ReadReq.m_axi.i16P1A, i16 %gmem0_6_addr, i64 1" [kernel.cpp:18]   --->   Operation 939 'readreq' 'gmem0_6_load_req' <Predicate = true> <Delay = 3.65> <CoreInst = "m_axi">   --->   Core 119 'm_axi' <Latency = 6> <II = 1> <Delay = 1.00> <Adapter> <Opcode : 'read' 'write' 'readreq' 'writereq' 'writeresp'>
ST_43 : Operation 940 [30/71] (3.65ns)   --->   "%gmem0_7_load_req = readreq i1 @_ssdm_op_ReadReq.m_axi.i16P1A, i16 %gmem0_7_addr, i64 1" [kernel.cpp:18]   --->   Operation 940 'readreq' 'gmem0_7_load_req' <Predicate = true> <Delay = 3.65> <CoreInst = "m_axi">   --->   Core 119 'm_axi' <Latency = 6> <II = 1> <Delay = 1.00> <Adapter> <Opcode : 'read' 'write' 'readreq' 'writereq' 'writeresp'>
ST_43 : Operation 941 [30/71] (3.65ns)   --->   "%gmem1_1_load_req = readreq i1 @_ssdm_op_ReadReq.m_axi.i16P1A, i16 %gmem1_1_addr, i64 1" [kernel.cpp:18]   --->   Operation 941 'readreq' 'gmem1_1_load_req' <Predicate = true> <Delay = 3.65> <CoreInst = "m_axi">   --->   Core 119 'm_axi' <Latency = 6> <II = 1> <Delay = 1.00> <Adapter> <Opcode : 'read' 'write' 'readreq' 'writereq' 'writeresp'>
ST_43 : Operation 942 [30/71] (3.65ns)   --->   "%gmem1_2_load_req = readreq i1 @_ssdm_op_ReadReq.m_axi.i16P1A, i16 %gmem1_2_addr, i64 1" [kernel.cpp:18]   --->   Operation 942 'readreq' 'gmem1_2_load_req' <Predicate = true> <Delay = 3.65> <CoreInst = "m_axi">   --->   Core 119 'm_axi' <Latency = 6> <II = 1> <Delay = 1.00> <Adapter> <Opcode : 'read' 'write' 'readreq' 'writereq' 'writeresp'>
ST_43 : Operation 943 [30/71] (3.65ns)   --->   "%gmem1_3_load_req = readreq i1 @_ssdm_op_ReadReq.m_axi.i16P1A, i16 %gmem1_3_addr, i64 1" [kernel.cpp:18]   --->   Operation 943 'readreq' 'gmem1_3_load_req' <Predicate = true> <Delay = 3.65> <CoreInst = "m_axi">   --->   Core 119 'm_axi' <Latency = 6> <II = 1> <Delay = 1.00> <Adapter> <Opcode : 'read' 'write' 'readreq' 'writereq' 'writeresp'>
ST_43 : Operation 944 [30/71] (3.65ns)   --->   "%gmem1_4_load_req = readreq i1 @_ssdm_op_ReadReq.m_axi.i16P1A, i16 %gmem1_4_addr, i64 1" [kernel.cpp:18]   --->   Operation 944 'readreq' 'gmem1_4_load_req' <Predicate = true> <Delay = 3.65> <CoreInst = "m_axi">   --->   Core 119 'm_axi' <Latency = 6> <II = 1> <Delay = 1.00> <Adapter> <Opcode : 'read' 'write' 'readreq' 'writereq' 'writeresp'>
ST_43 : Operation 945 [30/71] (3.65ns)   --->   "%gmem1_5_load_req = readreq i1 @_ssdm_op_ReadReq.m_axi.i16P1A, i16 %gmem1_5_addr, i64 1" [kernel.cpp:18]   --->   Operation 945 'readreq' 'gmem1_5_load_req' <Predicate = true> <Delay = 3.65> <CoreInst = "m_axi">   --->   Core 119 'm_axi' <Latency = 6> <II = 1> <Delay = 1.00> <Adapter> <Opcode : 'read' 'write' 'readreq' 'writereq' 'writeresp'>
ST_43 : Operation 946 [30/71] (3.65ns)   --->   "%gmem1_6_load_req = readreq i1 @_ssdm_op_ReadReq.m_axi.i16P1A, i16 %gmem1_6_addr, i64 1" [kernel.cpp:18]   --->   Operation 946 'readreq' 'gmem1_6_load_req' <Predicate = true> <Delay = 3.65> <CoreInst = "m_axi">   --->   Core 119 'm_axi' <Latency = 6> <II = 1> <Delay = 1.00> <Adapter> <Opcode : 'read' 'write' 'readreq' 'writereq' 'writeresp'>
ST_43 : Operation 947 [30/71] (3.65ns)   --->   "%gmem1_7_load_req = readreq i1 @_ssdm_op_ReadReq.m_axi.i16P1A, i16 %gmem1_7_addr, i64 1" [kernel.cpp:18]   --->   Operation 947 'readreq' 'gmem1_7_load_req' <Predicate = true> <Delay = 3.65> <CoreInst = "m_axi">   --->   Core 119 'm_axi' <Latency = 6> <II = 1> <Delay = 1.00> <Adapter> <Opcode : 'read' 'write' 'readreq' 'writereq' 'writeresp'>

State 44 <SV = 43> <Delay = 3.65>
ST_44 : Operation 948 [29/71] (3.65ns)   --->   "%gmem0_0_load_req = readreq i1 @_ssdm_op_ReadReq.m_axi.i16P1A, i16 %gmem0_0_addr, i64 1" [kernel.cpp:18]   --->   Operation 948 'readreq' 'gmem0_0_load_req' <Predicate = true> <Delay = 3.65> <CoreInst = "m_axi">   --->   Core 119 'm_axi' <Latency = 6> <II = 1> <Delay = 1.00> <Adapter> <Opcode : 'read' 'write' 'readreq' 'writereq' 'writeresp'>
ST_44 : Operation 949 [29/71] (3.65ns)   --->   "%gmem1_0_load_req = readreq i1 @_ssdm_op_ReadReq.m_axi.i16P1A, i16 %gmem1_0_addr, i64 1" [kernel.cpp:18]   --->   Operation 949 'readreq' 'gmem1_0_load_req' <Predicate = true> <Delay = 3.65> <CoreInst = "m_axi">   --->   Core 119 'm_axi' <Latency = 6> <II = 1> <Delay = 1.00> <Adapter> <Opcode : 'read' 'write' 'readreq' 'writereq' 'writeresp'>
ST_44 : Operation 950 [29/71] (3.65ns)   --->   "%gmem0_1_load_req = readreq i1 @_ssdm_op_ReadReq.m_axi.i16P1A, i16 %gmem0_1_addr, i64 1" [kernel.cpp:18]   --->   Operation 950 'readreq' 'gmem0_1_load_req' <Predicate = true> <Delay = 3.65> <CoreInst = "m_axi">   --->   Core 119 'm_axi' <Latency = 6> <II = 1> <Delay = 1.00> <Adapter> <Opcode : 'read' 'write' 'readreq' 'writereq' 'writeresp'>
ST_44 : Operation 951 [29/71] (3.65ns)   --->   "%gmem0_2_load_req = readreq i1 @_ssdm_op_ReadReq.m_axi.i16P1A, i16 %gmem0_2_addr, i64 1" [kernel.cpp:18]   --->   Operation 951 'readreq' 'gmem0_2_load_req' <Predicate = true> <Delay = 3.65> <CoreInst = "m_axi">   --->   Core 119 'm_axi' <Latency = 6> <II = 1> <Delay = 1.00> <Adapter> <Opcode : 'read' 'write' 'readreq' 'writereq' 'writeresp'>
ST_44 : Operation 952 [29/71] (3.65ns)   --->   "%gmem0_3_load_req = readreq i1 @_ssdm_op_ReadReq.m_axi.i16P1A, i16 %gmem0_3_addr, i64 1" [kernel.cpp:18]   --->   Operation 952 'readreq' 'gmem0_3_load_req' <Predicate = true> <Delay = 3.65> <CoreInst = "m_axi">   --->   Core 119 'm_axi' <Latency = 6> <II = 1> <Delay = 1.00> <Adapter> <Opcode : 'read' 'write' 'readreq' 'writereq' 'writeresp'>
ST_44 : Operation 953 [29/71] (3.65ns)   --->   "%gmem0_4_load_req = readreq i1 @_ssdm_op_ReadReq.m_axi.i16P1A, i16 %gmem0_4_addr, i64 1" [kernel.cpp:18]   --->   Operation 953 'readreq' 'gmem0_4_load_req' <Predicate = true> <Delay = 3.65> <CoreInst = "m_axi">   --->   Core 119 'm_axi' <Latency = 6> <II = 1> <Delay = 1.00> <Adapter> <Opcode : 'read' 'write' 'readreq' 'writereq' 'writeresp'>
ST_44 : Operation 954 [29/71] (3.65ns)   --->   "%gmem0_5_load_req = readreq i1 @_ssdm_op_ReadReq.m_axi.i16P1A, i16 %gmem0_5_addr, i64 1" [kernel.cpp:18]   --->   Operation 954 'readreq' 'gmem0_5_load_req' <Predicate = true> <Delay = 3.65> <CoreInst = "m_axi">   --->   Core 119 'm_axi' <Latency = 6> <II = 1> <Delay = 1.00> <Adapter> <Opcode : 'read' 'write' 'readreq' 'writereq' 'writeresp'>
ST_44 : Operation 955 [29/71] (3.65ns)   --->   "%gmem0_6_load_req = readreq i1 @_ssdm_op_ReadReq.m_axi.i16P1A, i16 %gmem0_6_addr, i64 1" [kernel.cpp:18]   --->   Operation 955 'readreq' 'gmem0_6_load_req' <Predicate = true> <Delay = 3.65> <CoreInst = "m_axi">   --->   Core 119 'm_axi' <Latency = 6> <II = 1> <Delay = 1.00> <Adapter> <Opcode : 'read' 'write' 'readreq' 'writereq' 'writeresp'>
ST_44 : Operation 956 [29/71] (3.65ns)   --->   "%gmem0_7_load_req = readreq i1 @_ssdm_op_ReadReq.m_axi.i16P1A, i16 %gmem0_7_addr, i64 1" [kernel.cpp:18]   --->   Operation 956 'readreq' 'gmem0_7_load_req' <Predicate = true> <Delay = 3.65> <CoreInst = "m_axi">   --->   Core 119 'm_axi' <Latency = 6> <II = 1> <Delay = 1.00> <Adapter> <Opcode : 'read' 'write' 'readreq' 'writereq' 'writeresp'>
ST_44 : Operation 957 [29/71] (3.65ns)   --->   "%gmem1_1_load_req = readreq i1 @_ssdm_op_ReadReq.m_axi.i16P1A, i16 %gmem1_1_addr, i64 1" [kernel.cpp:18]   --->   Operation 957 'readreq' 'gmem1_1_load_req' <Predicate = true> <Delay = 3.65> <CoreInst = "m_axi">   --->   Core 119 'm_axi' <Latency = 6> <II = 1> <Delay = 1.00> <Adapter> <Opcode : 'read' 'write' 'readreq' 'writereq' 'writeresp'>
ST_44 : Operation 958 [29/71] (3.65ns)   --->   "%gmem1_2_load_req = readreq i1 @_ssdm_op_ReadReq.m_axi.i16P1A, i16 %gmem1_2_addr, i64 1" [kernel.cpp:18]   --->   Operation 958 'readreq' 'gmem1_2_load_req' <Predicate = true> <Delay = 3.65> <CoreInst = "m_axi">   --->   Core 119 'm_axi' <Latency = 6> <II = 1> <Delay = 1.00> <Adapter> <Opcode : 'read' 'write' 'readreq' 'writereq' 'writeresp'>
ST_44 : Operation 959 [29/71] (3.65ns)   --->   "%gmem1_3_load_req = readreq i1 @_ssdm_op_ReadReq.m_axi.i16P1A, i16 %gmem1_3_addr, i64 1" [kernel.cpp:18]   --->   Operation 959 'readreq' 'gmem1_3_load_req' <Predicate = true> <Delay = 3.65> <CoreInst = "m_axi">   --->   Core 119 'm_axi' <Latency = 6> <II = 1> <Delay = 1.00> <Adapter> <Opcode : 'read' 'write' 'readreq' 'writereq' 'writeresp'>
ST_44 : Operation 960 [29/71] (3.65ns)   --->   "%gmem1_4_load_req = readreq i1 @_ssdm_op_ReadReq.m_axi.i16P1A, i16 %gmem1_4_addr, i64 1" [kernel.cpp:18]   --->   Operation 960 'readreq' 'gmem1_4_load_req' <Predicate = true> <Delay = 3.65> <CoreInst = "m_axi">   --->   Core 119 'm_axi' <Latency = 6> <II = 1> <Delay = 1.00> <Adapter> <Opcode : 'read' 'write' 'readreq' 'writereq' 'writeresp'>
ST_44 : Operation 961 [29/71] (3.65ns)   --->   "%gmem1_5_load_req = readreq i1 @_ssdm_op_ReadReq.m_axi.i16P1A, i16 %gmem1_5_addr, i64 1" [kernel.cpp:18]   --->   Operation 961 'readreq' 'gmem1_5_load_req' <Predicate = true> <Delay = 3.65> <CoreInst = "m_axi">   --->   Core 119 'm_axi' <Latency = 6> <II = 1> <Delay = 1.00> <Adapter> <Opcode : 'read' 'write' 'readreq' 'writereq' 'writeresp'>
ST_44 : Operation 962 [29/71] (3.65ns)   --->   "%gmem1_6_load_req = readreq i1 @_ssdm_op_ReadReq.m_axi.i16P1A, i16 %gmem1_6_addr, i64 1" [kernel.cpp:18]   --->   Operation 962 'readreq' 'gmem1_6_load_req' <Predicate = true> <Delay = 3.65> <CoreInst = "m_axi">   --->   Core 119 'm_axi' <Latency = 6> <II = 1> <Delay = 1.00> <Adapter> <Opcode : 'read' 'write' 'readreq' 'writereq' 'writeresp'>
ST_44 : Operation 963 [29/71] (3.65ns)   --->   "%gmem1_7_load_req = readreq i1 @_ssdm_op_ReadReq.m_axi.i16P1A, i16 %gmem1_7_addr, i64 1" [kernel.cpp:18]   --->   Operation 963 'readreq' 'gmem1_7_load_req' <Predicate = true> <Delay = 3.65> <CoreInst = "m_axi">   --->   Core 119 'm_axi' <Latency = 6> <II = 1> <Delay = 1.00> <Adapter> <Opcode : 'read' 'write' 'readreq' 'writereq' 'writeresp'>

State 45 <SV = 44> <Delay = 3.65>
ST_45 : Operation 964 [28/71] (3.65ns)   --->   "%gmem0_0_load_req = readreq i1 @_ssdm_op_ReadReq.m_axi.i16P1A, i16 %gmem0_0_addr, i64 1" [kernel.cpp:18]   --->   Operation 964 'readreq' 'gmem0_0_load_req' <Predicate = true> <Delay = 3.65> <CoreInst = "m_axi">   --->   Core 119 'm_axi' <Latency = 6> <II = 1> <Delay = 1.00> <Adapter> <Opcode : 'read' 'write' 'readreq' 'writereq' 'writeresp'>
ST_45 : Operation 965 [28/71] (3.65ns)   --->   "%gmem1_0_load_req = readreq i1 @_ssdm_op_ReadReq.m_axi.i16P1A, i16 %gmem1_0_addr, i64 1" [kernel.cpp:18]   --->   Operation 965 'readreq' 'gmem1_0_load_req' <Predicate = true> <Delay = 3.65> <CoreInst = "m_axi">   --->   Core 119 'm_axi' <Latency = 6> <II = 1> <Delay = 1.00> <Adapter> <Opcode : 'read' 'write' 'readreq' 'writereq' 'writeresp'>
ST_45 : Operation 966 [28/71] (3.65ns)   --->   "%gmem0_1_load_req = readreq i1 @_ssdm_op_ReadReq.m_axi.i16P1A, i16 %gmem0_1_addr, i64 1" [kernel.cpp:18]   --->   Operation 966 'readreq' 'gmem0_1_load_req' <Predicate = true> <Delay = 3.65> <CoreInst = "m_axi">   --->   Core 119 'm_axi' <Latency = 6> <II = 1> <Delay = 1.00> <Adapter> <Opcode : 'read' 'write' 'readreq' 'writereq' 'writeresp'>
ST_45 : Operation 967 [28/71] (3.65ns)   --->   "%gmem0_2_load_req = readreq i1 @_ssdm_op_ReadReq.m_axi.i16P1A, i16 %gmem0_2_addr, i64 1" [kernel.cpp:18]   --->   Operation 967 'readreq' 'gmem0_2_load_req' <Predicate = true> <Delay = 3.65> <CoreInst = "m_axi">   --->   Core 119 'm_axi' <Latency = 6> <II = 1> <Delay = 1.00> <Adapter> <Opcode : 'read' 'write' 'readreq' 'writereq' 'writeresp'>
ST_45 : Operation 968 [28/71] (3.65ns)   --->   "%gmem0_3_load_req = readreq i1 @_ssdm_op_ReadReq.m_axi.i16P1A, i16 %gmem0_3_addr, i64 1" [kernel.cpp:18]   --->   Operation 968 'readreq' 'gmem0_3_load_req' <Predicate = true> <Delay = 3.65> <CoreInst = "m_axi">   --->   Core 119 'm_axi' <Latency = 6> <II = 1> <Delay = 1.00> <Adapter> <Opcode : 'read' 'write' 'readreq' 'writereq' 'writeresp'>
ST_45 : Operation 969 [28/71] (3.65ns)   --->   "%gmem0_4_load_req = readreq i1 @_ssdm_op_ReadReq.m_axi.i16P1A, i16 %gmem0_4_addr, i64 1" [kernel.cpp:18]   --->   Operation 969 'readreq' 'gmem0_4_load_req' <Predicate = true> <Delay = 3.65> <CoreInst = "m_axi">   --->   Core 119 'm_axi' <Latency = 6> <II = 1> <Delay = 1.00> <Adapter> <Opcode : 'read' 'write' 'readreq' 'writereq' 'writeresp'>
ST_45 : Operation 970 [28/71] (3.65ns)   --->   "%gmem0_5_load_req = readreq i1 @_ssdm_op_ReadReq.m_axi.i16P1A, i16 %gmem0_5_addr, i64 1" [kernel.cpp:18]   --->   Operation 970 'readreq' 'gmem0_5_load_req' <Predicate = true> <Delay = 3.65> <CoreInst = "m_axi">   --->   Core 119 'm_axi' <Latency = 6> <II = 1> <Delay = 1.00> <Adapter> <Opcode : 'read' 'write' 'readreq' 'writereq' 'writeresp'>
ST_45 : Operation 971 [28/71] (3.65ns)   --->   "%gmem0_6_load_req = readreq i1 @_ssdm_op_ReadReq.m_axi.i16P1A, i16 %gmem0_6_addr, i64 1" [kernel.cpp:18]   --->   Operation 971 'readreq' 'gmem0_6_load_req' <Predicate = true> <Delay = 3.65> <CoreInst = "m_axi">   --->   Core 119 'm_axi' <Latency = 6> <II = 1> <Delay = 1.00> <Adapter> <Opcode : 'read' 'write' 'readreq' 'writereq' 'writeresp'>
ST_45 : Operation 972 [28/71] (3.65ns)   --->   "%gmem0_7_load_req = readreq i1 @_ssdm_op_ReadReq.m_axi.i16P1A, i16 %gmem0_7_addr, i64 1" [kernel.cpp:18]   --->   Operation 972 'readreq' 'gmem0_7_load_req' <Predicate = true> <Delay = 3.65> <CoreInst = "m_axi">   --->   Core 119 'm_axi' <Latency = 6> <II = 1> <Delay = 1.00> <Adapter> <Opcode : 'read' 'write' 'readreq' 'writereq' 'writeresp'>
ST_45 : Operation 973 [28/71] (3.65ns)   --->   "%gmem1_1_load_req = readreq i1 @_ssdm_op_ReadReq.m_axi.i16P1A, i16 %gmem1_1_addr, i64 1" [kernel.cpp:18]   --->   Operation 973 'readreq' 'gmem1_1_load_req' <Predicate = true> <Delay = 3.65> <CoreInst = "m_axi">   --->   Core 119 'm_axi' <Latency = 6> <II = 1> <Delay = 1.00> <Adapter> <Opcode : 'read' 'write' 'readreq' 'writereq' 'writeresp'>
ST_45 : Operation 974 [28/71] (3.65ns)   --->   "%gmem1_2_load_req = readreq i1 @_ssdm_op_ReadReq.m_axi.i16P1A, i16 %gmem1_2_addr, i64 1" [kernel.cpp:18]   --->   Operation 974 'readreq' 'gmem1_2_load_req' <Predicate = true> <Delay = 3.65> <CoreInst = "m_axi">   --->   Core 119 'm_axi' <Latency = 6> <II = 1> <Delay = 1.00> <Adapter> <Opcode : 'read' 'write' 'readreq' 'writereq' 'writeresp'>
ST_45 : Operation 975 [28/71] (3.65ns)   --->   "%gmem1_3_load_req = readreq i1 @_ssdm_op_ReadReq.m_axi.i16P1A, i16 %gmem1_3_addr, i64 1" [kernel.cpp:18]   --->   Operation 975 'readreq' 'gmem1_3_load_req' <Predicate = true> <Delay = 3.65> <CoreInst = "m_axi">   --->   Core 119 'm_axi' <Latency = 6> <II = 1> <Delay = 1.00> <Adapter> <Opcode : 'read' 'write' 'readreq' 'writereq' 'writeresp'>
ST_45 : Operation 976 [28/71] (3.65ns)   --->   "%gmem1_4_load_req = readreq i1 @_ssdm_op_ReadReq.m_axi.i16P1A, i16 %gmem1_4_addr, i64 1" [kernel.cpp:18]   --->   Operation 976 'readreq' 'gmem1_4_load_req' <Predicate = true> <Delay = 3.65> <CoreInst = "m_axi">   --->   Core 119 'm_axi' <Latency = 6> <II = 1> <Delay = 1.00> <Adapter> <Opcode : 'read' 'write' 'readreq' 'writereq' 'writeresp'>
ST_45 : Operation 977 [28/71] (3.65ns)   --->   "%gmem1_5_load_req = readreq i1 @_ssdm_op_ReadReq.m_axi.i16P1A, i16 %gmem1_5_addr, i64 1" [kernel.cpp:18]   --->   Operation 977 'readreq' 'gmem1_5_load_req' <Predicate = true> <Delay = 3.65> <CoreInst = "m_axi">   --->   Core 119 'm_axi' <Latency = 6> <II = 1> <Delay = 1.00> <Adapter> <Opcode : 'read' 'write' 'readreq' 'writereq' 'writeresp'>
ST_45 : Operation 978 [28/71] (3.65ns)   --->   "%gmem1_6_load_req = readreq i1 @_ssdm_op_ReadReq.m_axi.i16P1A, i16 %gmem1_6_addr, i64 1" [kernel.cpp:18]   --->   Operation 978 'readreq' 'gmem1_6_load_req' <Predicate = true> <Delay = 3.65> <CoreInst = "m_axi">   --->   Core 119 'm_axi' <Latency = 6> <II = 1> <Delay = 1.00> <Adapter> <Opcode : 'read' 'write' 'readreq' 'writereq' 'writeresp'>
ST_45 : Operation 979 [28/71] (3.65ns)   --->   "%gmem1_7_load_req = readreq i1 @_ssdm_op_ReadReq.m_axi.i16P1A, i16 %gmem1_7_addr, i64 1" [kernel.cpp:18]   --->   Operation 979 'readreq' 'gmem1_7_load_req' <Predicate = true> <Delay = 3.65> <CoreInst = "m_axi">   --->   Core 119 'm_axi' <Latency = 6> <II = 1> <Delay = 1.00> <Adapter> <Opcode : 'read' 'write' 'readreq' 'writereq' 'writeresp'>

State 46 <SV = 45> <Delay = 3.65>
ST_46 : Operation 980 [27/71] (3.65ns)   --->   "%gmem0_0_load_req = readreq i1 @_ssdm_op_ReadReq.m_axi.i16P1A, i16 %gmem0_0_addr, i64 1" [kernel.cpp:18]   --->   Operation 980 'readreq' 'gmem0_0_load_req' <Predicate = true> <Delay = 3.65> <CoreInst = "m_axi">   --->   Core 119 'm_axi' <Latency = 6> <II = 1> <Delay = 1.00> <Adapter> <Opcode : 'read' 'write' 'readreq' 'writereq' 'writeresp'>
ST_46 : Operation 981 [27/71] (3.65ns)   --->   "%gmem1_0_load_req = readreq i1 @_ssdm_op_ReadReq.m_axi.i16P1A, i16 %gmem1_0_addr, i64 1" [kernel.cpp:18]   --->   Operation 981 'readreq' 'gmem1_0_load_req' <Predicate = true> <Delay = 3.65> <CoreInst = "m_axi">   --->   Core 119 'm_axi' <Latency = 6> <II = 1> <Delay = 1.00> <Adapter> <Opcode : 'read' 'write' 'readreq' 'writereq' 'writeresp'>
ST_46 : Operation 982 [27/71] (3.65ns)   --->   "%gmem0_1_load_req = readreq i1 @_ssdm_op_ReadReq.m_axi.i16P1A, i16 %gmem0_1_addr, i64 1" [kernel.cpp:18]   --->   Operation 982 'readreq' 'gmem0_1_load_req' <Predicate = true> <Delay = 3.65> <CoreInst = "m_axi">   --->   Core 119 'm_axi' <Latency = 6> <II = 1> <Delay = 1.00> <Adapter> <Opcode : 'read' 'write' 'readreq' 'writereq' 'writeresp'>
ST_46 : Operation 983 [27/71] (3.65ns)   --->   "%gmem0_2_load_req = readreq i1 @_ssdm_op_ReadReq.m_axi.i16P1A, i16 %gmem0_2_addr, i64 1" [kernel.cpp:18]   --->   Operation 983 'readreq' 'gmem0_2_load_req' <Predicate = true> <Delay = 3.65> <CoreInst = "m_axi">   --->   Core 119 'm_axi' <Latency = 6> <II = 1> <Delay = 1.00> <Adapter> <Opcode : 'read' 'write' 'readreq' 'writereq' 'writeresp'>
ST_46 : Operation 984 [27/71] (3.65ns)   --->   "%gmem0_3_load_req = readreq i1 @_ssdm_op_ReadReq.m_axi.i16P1A, i16 %gmem0_3_addr, i64 1" [kernel.cpp:18]   --->   Operation 984 'readreq' 'gmem0_3_load_req' <Predicate = true> <Delay = 3.65> <CoreInst = "m_axi">   --->   Core 119 'm_axi' <Latency = 6> <II = 1> <Delay = 1.00> <Adapter> <Opcode : 'read' 'write' 'readreq' 'writereq' 'writeresp'>
ST_46 : Operation 985 [27/71] (3.65ns)   --->   "%gmem0_4_load_req = readreq i1 @_ssdm_op_ReadReq.m_axi.i16P1A, i16 %gmem0_4_addr, i64 1" [kernel.cpp:18]   --->   Operation 985 'readreq' 'gmem0_4_load_req' <Predicate = true> <Delay = 3.65> <CoreInst = "m_axi">   --->   Core 119 'm_axi' <Latency = 6> <II = 1> <Delay = 1.00> <Adapter> <Opcode : 'read' 'write' 'readreq' 'writereq' 'writeresp'>
ST_46 : Operation 986 [27/71] (3.65ns)   --->   "%gmem0_5_load_req = readreq i1 @_ssdm_op_ReadReq.m_axi.i16P1A, i16 %gmem0_5_addr, i64 1" [kernel.cpp:18]   --->   Operation 986 'readreq' 'gmem0_5_load_req' <Predicate = true> <Delay = 3.65> <CoreInst = "m_axi">   --->   Core 119 'm_axi' <Latency = 6> <II = 1> <Delay = 1.00> <Adapter> <Opcode : 'read' 'write' 'readreq' 'writereq' 'writeresp'>
ST_46 : Operation 987 [27/71] (3.65ns)   --->   "%gmem0_6_load_req = readreq i1 @_ssdm_op_ReadReq.m_axi.i16P1A, i16 %gmem0_6_addr, i64 1" [kernel.cpp:18]   --->   Operation 987 'readreq' 'gmem0_6_load_req' <Predicate = true> <Delay = 3.65> <CoreInst = "m_axi">   --->   Core 119 'm_axi' <Latency = 6> <II = 1> <Delay = 1.00> <Adapter> <Opcode : 'read' 'write' 'readreq' 'writereq' 'writeresp'>
ST_46 : Operation 988 [27/71] (3.65ns)   --->   "%gmem0_7_load_req = readreq i1 @_ssdm_op_ReadReq.m_axi.i16P1A, i16 %gmem0_7_addr, i64 1" [kernel.cpp:18]   --->   Operation 988 'readreq' 'gmem0_7_load_req' <Predicate = true> <Delay = 3.65> <CoreInst = "m_axi">   --->   Core 119 'm_axi' <Latency = 6> <II = 1> <Delay = 1.00> <Adapter> <Opcode : 'read' 'write' 'readreq' 'writereq' 'writeresp'>
ST_46 : Operation 989 [27/71] (3.65ns)   --->   "%gmem1_1_load_req = readreq i1 @_ssdm_op_ReadReq.m_axi.i16P1A, i16 %gmem1_1_addr, i64 1" [kernel.cpp:18]   --->   Operation 989 'readreq' 'gmem1_1_load_req' <Predicate = true> <Delay = 3.65> <CoreInst = "m_axi">   --->   Core 119 'm_axi' <Latency = 6> <II = 1> <Delay = 1.00> <Adapter> <Opcode : 'read' 'write' 'readreq' 'writereq' 'writeresp'>
ST_46 : Operation 990 [27/71] (3.65ns)   --->   "%gmem1_2_load_req = readreq i1 @_ssdm_op_ReadReq.m_axi.i16P1A, i16 %gmem1_2_addr, i64 1" [kernel.cpp:18]   --->   Operation 990 'readreq' 'gmem1_2_load_req' <Predicate = true> <Delay = 3.65> <CoreInst = "m_axi">   --->   Core 119 'm_axi' <Latency = 6> <II = 1> <Delay = 1.00> <Adapter> <Opcode : 'read' 'write' 'readreq' 'writereq' 'writeresp'>
ST_46 : Operation 991 [27/71] (3.65ns)   --->   "%gmem1_3_load_req = readreq i1 @_ssdm_op_ReadReq.m_axi.i16P1A, i16 %gmem1_3_addr, i64 1" [kernel.cpp:18]   --->   Operation 991 'readreq' 'gmem1_3_load_req' <Predicate = true> <Delay = 3.65> <CoreInst = "m_axi">   --->   Core 119 'm_axi' <Latency = 6> <II = 1> <Delay = 1.00> <Adapter> <Opcode : 'read' 'write' 'readreq' 'writereq' 'writeresp'>
ST_46 : Operation 992 [27/71] (3.65ns)   --->   "%gmem1_4_load_req = readreq i1 @_ssdm_op_ReadReq.m_axi.i16P1A, i16 %gmem1_4_addr, i64 1" [kernel.cpp:18]   --->   Operation 992 'readreq' 'gmem1_4_load_req' <Predicate = true> <Delay = 3.65> <CoreInst = "m_axi">   --->   Core 119 'm_axi' <Latency = 6> <II = 1> <Delay = 1.00> <Adapter> <Opcode : 'read' 'write' 'readreq' 'writereq' 'writeresp'>
ST_46 : Operation 993 [27/71] (3.65ns)   --->   "%gmem1_5_load_req = readreq i1 @_ssdm_op_ReadReq.m_axi.i16P1A, i16 %gmem1_5_addr, i64 1" [kernel.cpp:18]   --->   Operation 993 'readreq' 'gmem1_5_load_req' <Predicate = true> <Delay = 3.65> <CoreInst = "m_axi">   --->   Core 119 'm_axi' <Latency = 6> <II = 1> <Delay = 1.00> <Adapter> <Opcode : 'read' 'write' 'readreq' 'writereq' 'writeresp'>
ST_46 : Operation 994 [27/71] (3.65ns)   --->   "%gmem1_6_load_req = readreq i1 @_ssdm_op_ReadReq.m_axi.i16P1A, i16 %gmem1_6_addr, i64 1" [kernel.cpp:18]   --->   Operation 994 'readreq' 'gmem1_6_load_req' <Predicate = true> <Delay = 3.65> <CoreInst = "m_axi">   --->   Core 119 'm_axi' <Latency = 6> <II = 1> <Delay = 1.00> <Adapter> <Opcode : 'read' 'write' 'readreq' 'writereq' 'writeresp'>
ST_46 : Operation 995 [27/71] (3.65ns)   --->   "%gmem1_7_load_req = readreq i1 @_ssdm_op_ReadReq.m_axi.i16P1A, i16 %gmem1_7_addr, i64 1" [kernel.cpp:18]   --->   Operation 995 'readreq' 'gmem1_7_load_req' <Predicate = true> <Delay = 3.65> <CoreInst = "m_axi">   --->   Core 119 'm_axi' <Latency = 6> <II = 1> <Delay = 1.00> <Adapter> <Opcode : 'read' 'write' 'readreq' 'writereq' 'writeresp'>

State 47 <SV = 46> <Delay = 3.65>
ST_47 : Operation 996 [26/71] (3.65ns)   --->   "%gmem0_0_load_req = readreq i1 @_ssdm_op_ReadReq.m_axi.i16P1A, i16 %gmem0_0_addr, i64 1" [kernel.cpp:18]   --->   Operation 996 'readreq' 'gmem0_0_load_req' <Predicate = true> <Delay = 3.65> <CoreInst = "m_axi">   --->   Core 119 'm_axi' <Latency = 6> <II = 1> <Delay = 1.00> <Adapter> <Opcode : 'read' 'write' 'readreq' 'writereq' 'writeresp'>
ST_47 : Operation 997 [26/71] (3.65ns)   --->   "%gmem1_0_load_req = readreq i1 @_ssdm_op_ReadReq.m_axi.i16P1A, i16 %gmem1_0_addr, i64 1" [kernel.cpp:18]   --->   Operation 997 'readreq' 'gmem1_0_load_req' <Predicate = true> <Delay = 3.65> <CoreInst = "m_axi">   --->   Core 119 'm_axi' <Latency = 6> <II = 1> <Delay = 1.00> <Adapter> <Opcode : 'read' 'write' 'readreq' 'writereq' 'writeresp'>
ST_47 : Operation 998 [26/71] (3.65ns)   --->   "%gmem0_1_load_req = readreq i1 @_ssdm_op_ReadReq.m_axi.i16P1A, i16 %gmem0_1_addr, i64 1" [kernel.cpp:18]   --->   Operation 998 'readreq' 'gmem0_1_load_req' <Predicate = true> <Delay = 3.65> <CoreInst = "m_axi">   --->   Core 119 'm_axi' <Latency = 6> <II = 1> <Delay = 1.00> <Adapter> <Opcode : 'read' 'write' 'readreq' 'writereq' 'writeresp'>
ST_47 : Operation 999 [26/71] (3.65ns)   --->   "%gmem0_2_load_req = readreq i1 @_ssdm_op_ReadReq.m_axi.i16P1A, i16 %gmem0_2_addr, i64 1" [kernel.cpp:18]   --->   Operation 999 'readreq' 'gmem0_2_load_req' <Predicate = true> <Delay = 3.65> <CoreInst = "m_axi">   --->   Core 119 'm_axi' <Latency = 6> <II = 1> <Delay = 1.00> <Adapter> <Opcode : 'read' 'write' 'readreq' 'writereq' 'writeresp'>
ST_47 : Operation 1000 [26/71] (3.65ns)   --->   "%gmem0_3_load_req = readreq i1 @_ssdm_op_ReadReq.m_axi.i16P1A, i16 %gmem0_3_addr, i64 1" [kernel.cpp:18]   --->   Operation 1000 'readreq' 'gmem0_3_load_req' <Predicate = true> <Delay = 3.65> <CoreInst = "m_axi">   --->   Core 119 'm_axi' <Latency = 6> <II = 1> <Delay = 1.00> <Adapter> <Opcode : 'read' 'write' 'readreq' 'writereq' 'writeresp'>
ST_47 : Operation 1001 [26/71] (3.65ns)   --->   "%gmem0_4_load_req = readreq i1 @_ssdm_op_ReadReq.m_axi.i16P1A, i16 %gmem0_4_addr, i64 1" [kernel.cpp:18]   --->   Operation 1001 'readreq' 'gmem0_4_load_req' <Predicate = true> <Delay = 3.65> <CoreInst = "m_axi">   --->   Core 119 'm_axi' <Latency = 6> <II = 1> <Delay = 1.00> <Adapter> <Opcode : 'read' 'write' 'readreq' 'writereq' 'writeresp'>
ST_47 : Operation 1002 [26/71] (3.65ns)   --->   "%gmem0_5_load_req = readreq i1 @_ssdm_op_ReadReq.m_axi.i16P1A, i16 %gmem0_5_addr, i64 1" [kernel.cpp:18]   --->   Operation 1002 'readreq' 'gmem0_5_load_req' <Predicate = true> <Delay = 3.65> <CoreInst = "m_axi">   --->   Core 119 'm_axi' <Latency = 6> <II = 1> <Delay = 1.00> <Adapter> <Opcode : 'read' 'write' 'readreq' 'writereq' 'writeresp'>
ST_47 : Operation 1003 [26/71] (3.65ns)   --->   "%gmem0_6_load_req = readreq i1 @_ssdm_op_ReadReq.m_axi.i16P1A, i16 %gmem0_6_addr, i64 1" [kernel.cpp:18]   --->   Operation 1003 'readreq' 'gmem0_6_load_req' <Predicate = true> <Delay = 3.65> <CoreInst = "m_axi">   --->   Core 119 'm_axi' <Latency = 6> <II = 1> <Delay = 1.00> <Adapter> <Opcode : 'read' 'write' 'readreq' 'writereq' 'writeresp'>
ST_47 : Operation 1004 [26/71] (3.65ns)   --->   "%gmem0_7_load_req = readreq i1 @_ssdm_op_ReadReq.m_axi.i16P1A, i16 %gmem0_7_addr, i64 1" [kernel.cpp:18]   --->   Operation 1004 'readreq' 'gmem0_7_load_req' <Predicate = true> <Delay = 3.65> <CoreInst = "m_axi">   --->   Core 119 'm_axi' <Latency = 6> <II = 1> <Delay = 1.00> <Adapter> <Opcode : 'read' 'write' 'readreq' 'writereq' 'writeresp'>
ST_47 : Operation 1005 [26/71] (3.65ns)   --->   "%gmem1_1_load_req = readreq i1 @_ssdm_op_ReadReq.m_axi.i16P1A, i16 %gmem1_1_addr, i64 1" [kernel.cpp:18]   --->   Operation 1005 'readreq' 'gmem1_1_load_req' <Predicate = true> <Delay = 3.65> <CoreInst = "m_axi">   --->   Core 119 'm_axi' <Latency = 6> <II = 1> <Delay = 1.00> <Adapter> <Opcode : 'read' 'write' 'readreq' 'writereq' 'writeresp'>
ST_47 : Operation 1006 [26/71] (3.65ns)   --->   "%gmem1_2_load_req = readreq i1 @_ssdm_op_ReadReq.m_axi.i16P1A, i16 %gmem1_2_addr, i64 1" [kernel.cpp:18]   --->   Operation 1006 'readreq' 'gmem1_2_load_req' <Predicate = true> <Delay = 3.65> <CoreInst = "m_axi">   --->   Core 119 'm_axi' <Latency = 6> <II = 1> <Delay = 1.00> <Adapter> <Opcode : 'read' 'write' 'readreq' 'writereq' 'writeresp'>
ST_47 : Operation 1007 [26/71] (3.65ns)   --->   "%gmem1_3_load_req = readreq i1 @_ssdm_op_ReadReq.m_axi.i16P1A, i16 %gmem1_3_addr, i64 1" [kernel.cpp:18]   --->   Operation 1007 'readreq' 'gmem1_3_load_req' <Predicate = true> <Delay = 3.65> <CoreInst = "m_axi">   --->   Core 119 'm_axi' <Latency = 6> <II = 1> <Delay = 1.00> <Adapter> <Opcode : 'read' 'write' 'readreq' 'writereq' 'writeresp'>
ST_47 : Operation 1008 [26/71] (3.65ns)   --->   "%gmem1_4_load_req = readreq i1 @_ssdm_op_ReadReq.m_axi.i16P1A, i16 %gmem1_4_addr, i64 1" [kernel.cpp:18]   --->   Operation 1008 'readreq' 'gmem1_4_load_req' <Predicate = true> <Delay = 3.65> <CoreInst = "m_axi">   --->   Core 119 'm_axi' <Latency = 6> <II = 1> <Delay = 1.00> <Adapter> <Opcode : 'read' 'write' 'readreq' 'writereq' 'writeresp'>
ST_47 : Operation 1009 [26/71] (3.65ns)   --->   "%gmem1_5_load_req = readreq i1 @_ssdm_op_ReadReq.m_axi.i16P1A, i16 %gmem1_5_addr, i64 1" [kernel.cpp:18]   --->   Operation 1009 'readreq' 'gmem1_5_load_req' <Predicate = true> <Delay = 3.65> <CoreInst = "m_axi">   --->   Core 119 'm_axi' <Latency = 6> <II = 1> <Delay = 1.00> <Adapter> <Opcode : 'read' 'write' 'readreq' 'writereq' 'writeresp'>
ST_47 : Operation 1010 [26/71] (3.65ns)   --->   "%gmem1_6_load_req = readreq i1 @_ssdm_op_ReadReq.m_axi.i16P1A, i16 %gmem1_6_addr, i64 1" [kernel.cpp:18]   --->   Operation 1010 'readreq' 'gmem1_6_load_req' <Predicate = true> <Delay = 3.65> <CoreInst = "m_axi">   --->   Core 119 'm_axi' <Latency = 6> <II = 1> <Delay = 1.00> <Adapter> <Opcode : 'read' 'write' 'readreq' 'writereq' 'writeresp'>
ST_47 : Operation 1011 [26/71] (3.65ns)   --->   "%gmem1_7_load_req = readreq i1 @_ssdm_op_ReadReq.m_axi.i16P1A, i16 %gmem1_7_addr, i64 1" [kernel.cpp:18]   --->   Operation 1011 'readreq' 'gmem1_7_load_req' <Predicate = true> <Delay = 3.65> <CoreInst = "m_axi">   --->   Core 119 'm_axi' <Latency = 6> <II = 1> <Delay = 1.00> <Adapter> <Opcode : 'read' 'write' 'readreq' 'writereq' 'writeresp'>

State 48 <SV = 47> <Delay = 3.65>
ST_48 : Operation 1012 [25/71] (3.65ns)   --->   "%gmem0_0_load_req = readreq i1 @_ssdm_op_ReadReq.m_axi.i16P1A, i16 %gmem0_0_addr, i64 1" [kernel.cpp:18]   --->   Operation 1012 'readreq' 'gmem0_0_load_req' <Predicate = true> <Delay = 3.65> <CoreInst = "m_axi">   --->   Core 119 'm_axi' <Latency = 6> <II = 1> <Delay = 1.00> <Adapter> <Opcode : 'read' 'write' 'readreq' 'writereq' 'writeresp'>
ST_48 : Operation 1013 [25/71] (3.65ns)   --->   "%gmem1_0_load_req = readreq i1 @_ssdm_op_ReadReq.m_axi.i16P1A, i16 %gmem1_0_addr, i64 1" [kernel.cpp:18]   --->   Operation 1013 'readreq' 'gmem1_0_load_req' <Predicate = true> <Delay = 3.65> <CoreInst = "m_axi">   --->   Core 119 'm_axi' <Latency = 6> <II = 1> <Delay = 1.00> <Adapter> <Opcode : 'read' 'write' 'readreq' 'writereq' 'writeresp'>
ST_48 : Operation 1014 [25/71] (3.65ns)   --->   "%gmem0_1_load_req = readreq i1 @_ssdm_op_ReadReq.m_axi.i16P1A, i16 %gmem0_1_addr, i64 1" [kernel.cpp:18]   --->   Operation 1014 'readreq' 'gmem0_1_load_req' <Predicate = true> <Delay = 3.65> <CoreInst = "m_axi">   --->   Core 119 'm_axi' <Latency = 6> <II = 1> <Delay = 1.00> <Adapter> <Opcode : 'read' 'write' 'readreq' 'writereq' 'writeresp'>
ST_48 : Operation 1015 [25/71] (3.65ns)   --->   "%gmem0_2_load_req = readreq i1 @_ssdm_op_ReadReq.m_axi.i16P1A, i16 %gmem0_2_addr, i64 1" [kernel.cpp:18]   --->   Operation 1015 'readreq' 'gmem0_2_load_req' <Predicate = true> <Delay = 3.65> <CoreInst = "m_axi">   --->   Core 119 'm_axi' <Latency = 6> <II = 1> <Delay = 1.00> <Adapter> <Opcode : 'read' 'write' 'readreq' 'writereq' 'writeresp'>
ST_48 : Operation 1016 [25/71] (3.65ns)   --->   "%gmem0_3_load_req = readreq i1 @_ssdm_op_ReadReq.m_axi.i16P1A, i16 %gmem0_3_addr, i64 1" [kernel.cpp:18]   --->   Operation 1016 'readreq' 'gmem0_3_load_req' <Predicate = true> <Delay = 3.65> <CoreInst = "m_axi">   --->   Core 119 'm_axi' <Latency = 6> <II = 1> <Delay = 1.00> <Adapter> <Opcode : 'read' 'write' 'readreq' 'writereq' 'writeresp'>
ST_48 : Operation 1017 [25/71] (3.65ns)   --->   "%gmem0_4_load_req = readreq i1 @_ssdm_op_ReadReq.m_axi.i16P1A, i16 %gmem0_4_addr, i64 1" [kernel.cpp:18]   --->   Operation 1017 'readreq' 'gmem0_4_load_req' <Predicate = true> <Delay = 3.65> <CoreInst = "m_axi">   --->   Core 119 'm_axi' <Latency = 6> <II = 1> <Delay = 1.00> <Adapter> <Opcode : 'read' 'write' 'readreq' 'writereq' 'writeresp'>
ST_48 : Operation 1018 [25/71] (3.65ns)   --->   "%gmem0_5_load_req = readreq i1 @_ssdm_op_ReadReq.m_axi.i16P1A, i16 %gmem0_5_addr, i64 1" [kernel.cpp:18]   --->   Operation 1018 'readreq' 'gmem0_5_load_req' <Predicate = true> <Delay = 3.65> <CoreInst = "m_axi">   --->   Core 119 'm_axi' <Latency = 6> <II = 1> <Delay = 1.00> <Adapter> <Opcode : 'read' 'write' 'readreq' 'writereq' 'writeresp'>
ST_48 : Operation 1019 [25/71] (3.65ns)   --->   "%gmem0_6_load_req = readreq i1 @_ssdm_op_ReadReq.m_axi.i16P1A, i16 %gmem0_6_addr, i64 1" [kernel.cpp:18]   --->   Operation 1019 'readreq' 'gmem0_6_load_req' <Predicate = true> <Delay = 3.65> <CoreInst = "m_axi">   --->   Core 119 'm_axi' <Latency = 6> <II = 1> <Delay = 1.00> <Adapter> <Opcode : 'read' 'write' 'readreq' 'writereq' 'writeresp'>
ST_48 : Operation 1020 [25/71] (3.65ns)   --->   "%gmem0_7_load_req = readreq i1 @_ssdm_op_ReadReq.m_axi.i16P1A, i16 %gmem0_7_addr, i64 1" [kernel.cpp:18]   --->   Operation 1020 'readreq' 'gmem0_7_load_req' <Predicate = true> <Delay = 3.65> <CoreInst = "m_axi">   --->   Core 119 'm_axi' <Latency = 6> <II = 1> <Delay = 1.00> <Adapter> <Opcode : 'read' 'write' 'readreq' 'writereq' 'writeresp'>
ST_48 : Operation 1021 [25/71] (3.65ns)   --->   "%gmem1_1_load_req = readreq i1 @_ssdm_op_ReadReq.m_axi.i16P1A, i16 %gmem1_1_addr, i64 1" [kernel.cpp:18]   --->   Operation 1021 'readreq' 'gmem1_1_load_req' <Predicate = true> <Delay = 3.65> <CoreInst = "m_axi">   --->   Core 119 'm_axi' <Latency = 6> <II = 1> <Delay = 1.00> <Adapter> <Opcode : 'read' 'write' 'readreq' 'writereq' 'writeresp'>
ST_48 : Operation 1022 [25/71] (3.65ns)   --->   "%gmem1_2_load_req = readreq i1 @_ssdm_op_ReadReq.m_axi.i16P1A, i16 %gmem1_2_addr, i64 1" [kernel.cpp:18]   --->   Operation 1022 'readreq' 'gmem1_2_load_req' <Predicate = true> <Delay = 3.65> <CoreInst = "m_axi">   --->   Core 119 'm_axi' <Latency = 6> <II = 1> <Delay = 1.00> <Adapter> <Opcode : 'read' 'write' 'readreq' 'writereq' 'writeresp'>
ST_48 : Operation 1023 [25/71] (3.65ns)   --->   "%gmem1_3_load_req = readreq i1 @_ssdm_op_ReadReq.m_axi.i16P1A, i16 %gmem1_3_addr, i64 1" [kernel.cpp:18]   --->   Operation 1023 'readreq' 'gmem1_3_load_req' <Predicate = true> <Delay = 3.65> <CoreInst = "m_axi">   --->   Core 119 'm_axi' <Latency = 6> <II = 1> <Delay = 1.00> <Adapter> <Opcode : 'read' 'write' 'readreq' 'writereq' 'writeresp'>
ST_48 : Operation 1024 [25/71] (3.65ns)   --->   "%gmem1_4_load_req = readreq i1 @_ssdm_op_ReadReq.m_axi.i16P1A, i16 %gmem1_4_addr, i64 1" [kernel.cpp:18]   --->   Operation 1024 'readreq' 'gmem1_4_load_req' <Predicate = true> <Delay = 3.65> <CoreInst = "m_axi">   --->   Core 119 'm_axi' <Latency = 6> <II = 1> <Delay = 1.00> <Adapter> <Opcode : 'read' 'write' 'readreq' 'writereq' 'writeresp'>
ST_48 : Operation 1025 [25/71] (3.65ns)   --->   "%gmem1_5_load_req = readreq i1 @_ssdm_op_ReadReq.m_axi.i16P1A, i16 %gmem1_5_addr, i64 1" [kernel.cpp:18]   --->   Operation 1025 'readreq' 'gmem1_5_load_req' <Predicate = true> <Delay = 3.65> <CoreInst = "m_axi">   --->   Core 119 'm_axi' <Latency = 6> <II = 1> <Delay = 1.00> <Adapter> <Opcode : 'read' 'write' 'readreq' 'writereq' 'writeresp'>
ST_48 : Operation 1026 [25/71] (3.65ns)   --->   "%gmem1_6_load_req = readreq i1 @_ssdm_op_ReadReq.m_axi.i16P1A, i16 %gmem1_6_addr, i64 1" [kernel.cpp:18]   --->   Operation 1026 'readreq' 'gmem1_6_load_req' <Predicate = true> <Delay = 3.65> <CoreInst = "m_axi">   --->   Core 119 'm_axi' <Latency = 6> <II = 1> <Delay = 1.00> <Adapter> <Opcode : 'read' 'write' 'readreq' 'writereq' 'writeresp'>
ST_48 : Operation 1027 [25/71] (3.65ns)   --->   "%gmem1_7_load_req = readreq i1 @_ssdm_op_ReadReq.m_axi.i16P1A, i16 %gmem1_7_addr, i64 1" [kernel.cpp:18]   --->   Operation 1027 'readreq' 'gmem1_7_load_req' <Predicate = true> <Delay = 3.65> <CoreInst = "m_axi">   --->   Core 119 'm_axi' <Latency = 6> <II = 1> <Delay = 1.00> <Adapter> <Opcode : 'read' 'write' 'readreq' 'writereq' 'writeresp'>

State 49 <SV = 48> <Delay = 3.65>
ST_49 : Operation 1028 [24/71] (3.65ns)   --->   "%gmem0_0_load_req = readreq i1 @_ssdm_op_ReadReq.m_axi.i16P1A, i16 %gmem0_0_addr, i64 1" [kernel.cpp:18]   --->   Operation 1028 'readreq' 'gmem0_0_load_req' <Predicate = true> <Delay = 3.65> <CoreInst = "m_axi">   --->   Core 119 'm_axi' <Latency = 6> <II = 1> <Delay = 1.00> <Adapter> <Opcode : 'read' 'write' 'readreq' 'writereq' 'writeresp'>
ST_49 : Operation 1029 [24/71] (3.65ns)   --->   "%gmem1_0_load_req = readreq i1 @_ssdm_op_ReadReq.m_axi.i16P1A, i16 %gmem1_0_addr, i64 1" [kernel.cpp:18]   --->   Operation 1029 'readreq' 'gmem1_0_load_req' <Predicate = true> <Delay = 3.65> <CoreInst = "m_axi">   --->   Core 119 'm_axi' <Latency = 6> <II = 1> <Delay = 1.00> <Adapter> <Opcode : 'read' 'write' 'readreq' 'writereq' 'writeresp'>
ST_49 : Operation 1030 [24/71] (3.65ns)   --->   "%gmem0_1_load_req = readreq i1 @_ssdm_op_ReadReq.m_axi.i16P1A, i16 %gmem0_1_addr, i64 1" [kernel.cpp:18]   --->   Operation 1030 'readreq' 'gmem0_1_load_req' <Predicate = true> <Delay = 3.65> <CoreInst = "m_axi">   --->   Core 119 'm_axi' <Latency = 6> <II = 1> <Delay = 1.00> <Adapter> <Opcode : 'read' 'write' 'readreq' 'writereq' 'writeresp'>
ST_49 : Operation 1031 [24/71] (3.65ns)   --->   "%gmem0_2_load_req = readreq i1 @_ssdm_op_ReadReq.m_axi.i16P1A, i16 %gmem0_2_addr, i64 1" [kernel.cpp:18]   --->   Operation 1031 'readreq' 'gmem0_2_load_req' <Predicate = true> <Delay = 3.65> <CoreInst = "m_axi">   --->   Core 119 'm_axi' <Latency = 6> <II = 1> <Delay = 1.00> <Adapter> <Opcode : 'read' 'write' 'readreq' 'writereq' 'writeresp'>
ST_49 : Operation 1032 [24/71] (3.65ns)   --->   "%gmem0_3_load_req = readreq i1 @_ssdm_op_ReadReq.m_axi.i16P1A, i16 %gmem0_3_addr, i64 1" [kernel.cpp:18]   --->   Operation 1032 'readreq' 'gmem0_3_load_req' <Predicate = true> <Delay = 3.65> <CoreInst = "m_axi">   --->   Core 119 'm_axi' <Latency = 6> <II = 1> <Delay = 1.00> <Adapter> <Opcode : 'read' 'write' 'readreq' 'writereq' 'writeresp'>
ST_49 : Operation 1033 [24/71] (3.65ns)   --->   "%gmem0_4_load_req = readreq i1 @_ssdm_op_ReadReq.m_axi.i16P1A, i16 %gmem0_4_addr, i64 1" [kernel.cpp:18]   --->   Operation 1033 'readreq' 'gmem0_4_load_req' <Predicate = true> <Delay = 3.65> <CoreInst = "m_axi">   --->   Core 119 'm_axi' <Latency = 6> <II = 1> <Delay = 1.00> <Adapter> <Opcode : 'read' 'write' 'readreq' 'writereq' 'writeresp'>
ST_49 : Operation 1034 [24/71] (3.65ns)   --->   "%gmem0_5_load_req = readreq i1 @_ssdm_op_ReadReq.m_axi.i16P1A, i16 %gmem0_5_addr, i64 1" [kernel.cpp:18]   --->   Operation 1034 'readreq' 'gmem0_5_load_req' <Predicate = true> <Delay = 3.65> <CoreInst = "m_axi">   --->   Core 119 'm_axi' <Latency = 6> <II = 1> <Delay = 1.00> <Adapter> <Opcode : 'read' 'write' 'readreq' 'writereq' 'writeresp'>
ST_49 : Operation 1035 [24/71] (3.65ns)   --->   "%gmem0_6_load_req = readreq i1 @_ssdm_op_ReadReq.m_axi.i16P1A, i16 %gmem0_6_addr, i64 1" [kernel.cpp:18]   --->   Operation 1035 'readreq' 'gmem0_6_load_req' <Predicate = true> <Delay = 3.65> <CoreInst = "m_axi">   --->   Core 119 'm_axi' <Latency = 6> <II = 1> <Delay = 1.00> <Adapter> <Opcode : 'read' 'write' 'readreq' 'writereq' 'writeresp'>
ST_49 : Operation 1036 [24/71] (3.65ns)   --->   "%gmem0_7_load_req = readreq i1 @_ssdm_op_ReadReq.m_axi.i16P1A, i16 %gmem0_7_addr, i64 1" [kernel.cpp:18]   --->   Operation 1036 'readreq' 'gmem0_7_load_req' <Predicate = true> <Delay = 3.65> <CoreInst = "m_axi">   --->   Core 119 'm_axi' <Latency = 6> <II = 1> <Delay = 1.00> <Adapter> <Opcode : 'read' 'write' 'readreq' 'writereq' 'writeresp'>
ST_49 : Operation 1037 [24/71] (3.65ns)   --->   "%gmem1_1_load_req = readreq i1 @_ssdm_op_ReadReq.m_axi.i16P1A, i16 %gmem1_1_addr, i64 1" [kernel.cpp:18]   --->   Operation 1037 'readreq' 'gmem1_1_load_req' <Predicate = true> <Delay = 3.65> <CoreInst = "m_axi">   --->   Core 119 'm_axi' <Latency = 6> <II = 1> <Delay = 1.00> <Adapter> <Opcode : 'read' 'write' 'readreq' 'writereq' 'writeresp'>
ST_49 : Operation 1038 [24/71] (3.65ns)   --->   "%gmem1_2_load_req = readreq i1 @_ssdm_op_ReadReq.m_axi.i16P1A, i16 %gmem1_2_addr, i64 1" [kernel.cpp:18]   --->   Operation 1038 'readreq' 'gmem1_2_load_req' <Predicate = true> <Delay = 3.65> <CoreInst = "m_axi">   --->   Core 119 'm_axi' <Latency = 6> <II = 1> <Delay = 1.00> <Adapter> <Opcode : 'read' 'write' 'readreq' 'writereq' 'writeresp'>
ST_49 : Operation 1039 [24/71] (3.65ns)   --->   "%gmem1_3_load_req = readreq i1 @_ssdm_op_ReadReq.m_axi.i16P1A, i16 %gmem1_3_addr, i64 1" [kernel.cpp:18]   --->   Operation 1039 'readreq' 'gmem1_3_load_req' <Predicate = true> <Delay = 3.65> <CoreInst = "m_axi">   --->   Core 119 'm_axi' <Latency = 6> <II = 1> <Delay = 1.00> <Adapter> <Opcode : 'read' 'write' 'readreq' 'writereq' 'writeresp'>
ST_49 : Operation 1040 [24/71] (3.65ns)   --->   "%gmem1_4_load_req = readreq i1 @_ssdm_op_ReadReq.m_axi.i16P1A, i16 %gmem1_4_addr, i64 1" [kernel.cpp:18]   --->   Operation 1040 'readreq' 'gmem1_4_load_req' <Predicate = true> <Delay = 3.65> <CoreInst = "m_axi">   --->   Core 119 'm_axi' <Latency = 6> <II = 1> <Delay = 1.00> <Adapter> <Opcode : 'read' 'write' 'readreq' 'writereq' 'writeresp'>
ST_49 : Operation 1041 [24/71] (3.65ns)   --->   "%gmem1_5_load_req = readreq i1 @_ssdm_op_ReadReq.m_axi.i16P1A, i16 %gmem1_5_addr, i64 1" [kernel.cpp:18]   --->   Operation 1041 'readreq' 'gmem1_5_load_req' <Predicate = true> <Delay = 3.65> <CoreInst = "m_axi">   --->   Core 119 'm_axi' <Latency = 6> <II = 1> <Delay = 1.00> <Adapter> <Opcode : 'read' 'write' 'readreq' 'writereq' 'writeresp'>
ST_49 : Operation 1042 [24/71] (3.65ns)   --->   "%gmem1_6_load_req = readreq i1 @_ssdm_op_ReadReq.m_axi.i16P1A, i16 %gmem1_6_addr, i64 1" [kernel.cpp:18]   --->   Operation 1042 'readreq' 'gmem1_6_load_req' <Predicate = true> <Delay = 3.65> <CoreInst = "m_axi">   --->   Core 119 'm_axi' <Latency = 6> <II = 1> <Delay = 1.00> <Adapter> <Opcode : 'read' 'write' 'readreq' 'writereq' 'writeresp'>
ST_49 : Operation 1043 [24/71] (3.65ns)   --->   "%gmem1_7_load_req = readreq i1 @_ssdm_op_ReadReq.m_axi.i16P1A, i16 %gmem1_7_addr, i64 1" [kernel.cpp:18]   --->   Operation 1043 'readreq' 'gmem1_7_load_req' <Predicate = true> <Delay = 3.65> <CoreInst = "m_axi">   --->   Core 119 'm_axi' <Latency = 6> <II = 1> <Delay = 1.00> <Adapter> <Opcode : 'read' 'write' 'readreq' 'writereq' 'writeresp'>

State 50 <SV = 49> <Delay = 3.65>
ST_50 : Operation 1044 [23/71] (3.65ns)   --->   "%gmem0_0_load_req = readreq i1 @_ssdm_op_ReadReq.m_axi.i16P1A, i16 %gmem0_0_addr, i64 1" [kernel.cpp:18]   --->   Operation 1044 'readreq' 'gmem0_0_load_req' <Predicate = true> <Delay = 3.65> <CoreInst = "m_axi">   --->   Core 119 'm_axi' <Latency = 6> <II = 1> <Delay = 1.00> <Adapter> <Opcode : 'read' 'write' 'readreq' 'writereq' 'writeresp'>
ST_50 : Operation 1045 [23/71] (3.65ns)   --->   "%gmem1_0_load_req = readreq i1 @_ssdm_op_ReadReq.m_axi.i16P1A, i16 %gmem1_0_addr, i64 1" [kernel.cpp:18]   --->   Operation 1045 'readreq' 'gmem1_0_load_req' <Predicate = true> <Delay = 3.65> <CoreInst = "m_axi">   --->   Core 119 'm_axi' <Latency = 6> <II = 1> <Delay = 1.00> <Adapter> <Opcode : 'read' 'write' 'readreq' 'writereq' 'writeresp'>
ST_50 : Operation 1046 [23/71] (3.65ns)   --->   "%gmem0_1_load_req = readreq i1 @_ssdm_op_ReadReq.m_axi.i16P1A, i16 %gmem0_1_addr, i64 1" [kernel.cpp:18]   --->   Operation 1046 'readreq' 'gmem0_1_load_req' <Predicate = true> <Delay = 3.65> <CoreInst = "m_axi">   --->   Core 119 'm_axi' <Latency = 6> <II = 1> <Delay = 1.00> <Adapter> <Opcode : 'read' 'write' 'readreq' 'writereq' 'writeresp'>
ST_50 : Operation 1047 [23/71] (3.65ns)   --->   "%gmem0_2_load_req = readreq i1 @_ssdm_op_ReadReq.m_axi.i16P1A, i16 %gmem0_2_addr, i64 1" [kernel.cpp:18]   --->   Operation 1047 'readreq' 'gmem0_2_load_req' <Predicate = true> <Delay = 3.65> <CoreInst = "m_axi">   --->   Core 119 'm_axi' <Latency = 6> <II = 1> <Delay = 1.00> <Adapter> <Opcode : 'read' 'write' 'readreq' 'writereq' 'writeresp'>
ST_50 : Operation 1048 [23/71] (3.65ns)   --->   "%gmem0_3_load_req = readreq i1 @_ssdm_op_ReadReq.m_axi.i16P1A, i16 %gmem0_3_addr, i64 1" [kernel.cpp:18]   --->   Operation 1048 'readreq' 'gmem0_3_load_req' <Predicate = true> <Delay = 3.65> <CoreInst = "m_axi">   --->   Core 119 'm_axi' <Latency = 6> <II = 1> <Delay = 1.00> <Adapter> <Opcode : 'read' 'write' 'readreq' 'writereq' 'writeresp'>
ST_50 : Operation 1049 [23/71] (3.65ns)   --->   "%gmem0_4_load_req = readreq i1 @_ssdm_op_ReadReq.m_axi.i16P1A, i16 %gmem0_4_addr, i64 1" [kernel.cpp:18]   --->   Operation 1049 'readreq' 'gmem0_4_load_req' <Predicate = true> <Delay = 3.65> <CoreInst = "m_axi">   --->   Core 119 'm_axi' <Latency = 6> <II = 1> <Delay = 1.00> <Adapter> <Opcode : 'read' 'write' 'readreq' 'writereq' 'writeresp'>
ST_50 : Operation 1050 [23/71] (3.65ns)   --->   "%gmem0_5_load_req = readreq i1 @_ssdm_op_ReadReq.m_axi.i16P1A, i16 %gmem0_5_addr, i64 1" [kernel.cpp:18]   --->   Operation 1050 'readreq' 'gmem0_5_load_req' <Predicate = true> <Delay = 3.65> <CoreInst = "m_axi">   --->   Core 119 'm_axi' <Latency = 6> <II = 1> <Delay = 1.00> <Adapter> <Opcode : 'read' 'write' 'readreq' 'writereq' 'writeresp'>
ST_50 : Operation 1051 [23/71] (3.65ns)   --->   "%gmem0_6_load_req = readreq i1 @_ssdm_op_ReadReq.m_axi.i16P1A, i16 %gmem0_6_addr, i64 1" [kernel.cpp:18]   --->   Operation 1051 'readreq' 'gmem0_6_load_req' <Predicate = true> <Delay = 3.65> <CoreInst = "m_axi">   --->   Core 119 'm_axi' <Latency = 6> <II = 1> <Delay = 1.00> <Adapter> <Opcode : 'read' 'write' 'readreq' 'writereq' 'writeresp'>
ST_50 : Operation 1052 [23/71] (3.65ns)   --->   "%gmem0_7_load_req = readreq i1 @_ssdm_op_ReadReq.m_axi.i16P1A, i16 %gmem0_7_addr, i64 1" [kernel.cpp:18]   --->   Operation 1052 'readreq' 'gmem0_7_load_req' <Predicate = true> <Delay = 3.65> <CoreInst = "m_axi">   --->   Core 119 'm_axi' <Latency = 6> <II = 1> <Delay = 1.00> <Adapter> <Opcode : 'read' 'write' 'readreq' 'writereq' 'writeresp'>
ST_50 : Operation 1053 [23/71] (3.65ns)   --->   "%gmem1_1_load_req = readreq i1 @_ssdm_op_ReadReq.m_axi.i16P1A, i16 %gmem1_1_addr, i64 1" [kernel.cpp:18]   --->   Operation 1053 'readreq' 'gmem1_1_load_req' <Predicate = true> <Delay = 3.65> <CoreInst = "m_axi">   --->   Core 119 'm_axi' <Latency = 6> <II = 1> <Delay = 1.00> <Adapter> <Opcode : 'read' 'write' 'readreq' 'writereq' 'writeresp'>
ST_50 : Operation 1054 [23/71] (3.65ns)   --->   "%gmem1_2_load_req = readreq i1 @_ssdm_op_ReadReq.m_axi.i16P1A, i16 %gmem1_2_addr, i64 1" [kernel.cpp:18]   --->   Operation 1054 'readreq' 'gmem1_2_load_req' <Predicate = true> <Delay = 3.65> <CoreInst = "m_axi">   --->   Core 119 'm_axi' <Latency = 6> <II = 1> <Delay = 1.00> <Adapter> <Opcode : 'read' 'write' 'readreq' 'writereq' 'writeresp'>
ST_50 : Operation 1055 [23/71] (3.65ns)   --->   "%gmem1_3_load_req = readreq i1 @_ssdm_op_ReadReq.m_axi.i16P1A, i16 %gmem1_3_addr, i64 1" [kernel.cpp:18]   --->   Operation 1055 'readreq' 'gmem1_3_load_req' <Predicate = true> <Delay = 3.65> <CoreInst = "m_axi">   --->   Core 119 'm_axi' <Latency = 6> <II = 1> <Delay = 1.00> <Adapter> <Opcode : 'read' 'write' 'readreq' 'writereq' 'writeresp'>
ST_50 : Operation 1056 [23/71] (3.65ns)   --->   "%gmem1_4_load_req = readreq i1 @_ssdm_op_ReadReq.m_axi.i16P1A, i16 %gmem1_4_addr, i64 1" [kernel.cpp:18]   --->   Operation 1056 'readreq' 'gmem1_4_load_req' <Predicate = true> <Delay = 3.65> <CoreInst = "m_axi">   --->   Core 119 'm_axi' <Latency = 6> <II = 1> <Delay = 1.00> <Adapter> <Opcode : 'read' 'write' 'readreq' 'writereq' 'writeresp'>
ST_50 : Operation 1057 [23/71] (3.65ns)   --->   "%gmem1_5_load_req = readreq i1 @_ssdm_op_ReadReq.m_axi.i16P1A, i16 %gmem1_5_addr, i64 1" [kernel.cpp:18]   --->   Operation 1057 'readreq' 'gmem1_5_load_req' <Predicate = true> <Delay = 3.65> <CoreInst = "m_axi">   --->   Core 119 'm_axi' <Latency = 6> <II = 1> <Delay = 1.00> <Adapter> <Opcode : 'read' 'write' 'readreq' 'writereq' 'writeresp'>
ST_50 : Operation 1058 [23/71] (3.65ns)   --->   "%gmem1_6_load_req = readreq i1 @_ssdm_op_ReadReq.m_axi.i16P1A, i16 %gmem1_6_addr, i64 1" [kernel.cpp:18]   --->   Operation 1058 'readreq' 'gmem1_6_load_req' <Predicate = true> <Delay = 3.65> <CoreInst = "m_axi">   --->   Core 119 'm_axi' <Latency = 6> <II = 1> <Delay = 1.00> <Adapter> <Opcode : 'read' 'write' 'readreq' 'writereq' 'writeresp'>
ST_50 : Operation 1059 [23/71] (3.65ns)   --->   "%gmem1_7_load_req = readreq i1 @_ssdm_op_ReadReq.m_axi.i16P1A, i16 %gmem1_7_addr, i64 1" [kernel.cpp:18]   --->   Operation 1059 'readreq' 'gmem1_7_load_req' <Predicate = true> <Delay = 3.65> <CoreInst = "m_axi">   --->   Core 119 'm_axi' <Latency = 6> <II = 1> <Delay = 1.00> <Adapter> <Opcode : 'read' 'write' 'readreq' 'writereq' 'writeresp'>

State 51 <SV = 50> <Delay = 3.65>
ST_51 : Operation 1060 [22/71] (3.65ns)   --->   "%gmem0_0_load_req = readreq i1 @_ssdm_op_ReadReq.m_axi.i16P1A, i16 %gmem0_0_addr, i64 1" [kernel.cpp:18]   --->   Operation 1060 'readreq' 'gmem0_0_load_req' <Predicate = true> <Delay = 3.65> <CoreInst = "m_axi">   --->   Core 119 'm_axi' <Latency = 6> <II = 1> <Delay = 1.00> <Adapter> <Opcode : 'read' 'write' 'readreq' 'writereq' 'writeresp'>
ST_51 : Operation 1061 [22/71] (3.65ns)   --->   "%gmem1_0_load_req = readreq i1 @_ssdm_op_ReadReq.m_axi.i16P1A, i16 %gmem1_0_addr, i64 1" [kernel.cpp:18]   --->   Operation 1061 'readreq' 'gmem1_0_load_req' <Predicate = true> <Delay = 3.65> <CoreInst = "m_axi">   --->   Core 119 'm_axi' <Latency = 6> <II = 1> <Delay = 1.00> <Adapter> <Opcode : 'read' 'write' 'readreq' 'writereq' 'writeresp'>
ST_51 : Operation 1062 [22/71] (3.65ns)   --->   "%gmem0_1_load_req = readreq i1 @_ssdm_op_ReadReq.m_axi.i16P1A, i16 %gmem0_1_addr, i64 1" [kernel.cpp:18]   --->   Operation 1062 'readreq' 'gmem0_1_load_req' <Predicate = true> <Delay = 3.65> <CoreInst = "m_axi">   --->   Core 119 'm_axi' <Latency = 6> <II = 1> <Delay = 1.00> <Adapter> <Opcode : 'read' 'write' 'readreq' 'writereq' 'writeresp'>
ST_51 : Operation 1063 [22/71] (3.65ns)   --->   "%gmem0_2_load_req = readreq i1 @_ssdm_op_ReadReq.m_axi.i16P1A, i16 %gmem0_2_addr, i64 1" [kernel.cpp:18]   --->   Operation 1063 'readreq' 'gmem0_2_load_req' <Predicate = true> <Delay = 3.65> <CoreInst = "m_axi">   --->   Core 119 'm_axi' <Latency = 6> <II = 1> <Delay = 1.00> <Adapter> <Opcode : 'read' 'write' 'readreq' 'writereq' 'writeresp'>
ST_51 : Operation 1064 [22/71] (3.65ns)   --->   "%gmem0_3_load_req = readreq i1 @_ssdm_op_ReadReq.m_axi.i16P1A, i16 %gmem0_3_addr, i64 1" [kernel.cpp:18]   --->   Operation 1064 'readreq' 'gmem0_3_load_req' <Predicate = true> <Delay = 3.65> <CoreInst = "m_axi">   --->   Core 119 'm_axi' <Latency = 6> <II = 1> <Delay = 1.00> <Adapter> <Opcode : 'read' 'write' 'readreq' 'writereq' 'writeresp'>
ST_51 : Operation 1065 [22/71] (3.65ns)   --->   "%gmem0_4_load_req = readreq i1 @_ssdm_op_ReadReq.m_axi.i16P1A, i16 %gmem0_4_addr, i64 1" [kernel.cpp:18]   --->   Operation 1065 'readreq' 'gmem0_4_load_req' <Predicate = true> <Delay = 3.65> <CoreInst = "m_axi">   --->   Core 119 'm_axi' <Latency = 6> <II = 1> <Delay = 1.00> <Adapter> <Opcode : 'read' 'write' 'readreq' 'writereq' 'writeresp'>
ST_51 : Operation 1066 [22/71] (3.65ns)   --->   "%gmem0_5_load_req = readreq i1 @_ssdm_op_ReadReq.m_axi.i16P1A, i16 %gmem0_5_addr, i64 1" [kernel.cpp:18]   --->   Operation 1066 'readreq' 'gmem0_5_load_req' <Predicate = true> <Delay = 3.65> <CoreInst = "m_axi">   --->   Core 119 'm_axi' <Latency = 6> <II = 1> <Delay = 1.00> <Adapter> <Opcode : 'read' 'write' 'readreq' 'writereq' 'writeresp'>
ST_51 : Operation 1067 [22/71] (3.65ns)   --->   "%gmem0_6_load_req = readreq i1 @_ssdm_op_ReadReq.m_axi.i16P1A, i16 %gmem0_6_addr, i64 1" [kernel.cpp:18]   --->   Operation 1067 'readreq' 'gmem0_6_load_req' <Predicate = true> <Delay = 3.65> <CoreInst = "m_axi">   --->   Core 119 'm_axi' <Latency = 6> <II = 1> <Delay = 1.00> <Adapter> <Opcode : 'read' 'write' 'readreq' 'writereq' 'writeresp'>
ST_51 : Operation 1068 [22/71] (3.65ns)   --->   "%gmem0_7_load_req = readreq i1 @_ssdm_op_ReadReq.m_axi.i16P1A, i16 %gmem0_7_addr, i64 1" [kernel.cpp:18]   --->   Operation 1068 'readreq' 'gmem0_7_load_req' <Predicate = true> <Delay = 3.65> <CoreInst = "m_axi">   --->   Core 119 'm_axi' <Latency = 6> <II = 1> <Delay = 1.00> <Adapter> <Opcode : 'read' 'write' 'readreq' 'writereq' 'writeresp'>
ST_51 : Operation 1069 [22/71] (3.65ns)   --->   "%gmem1_1_load_req = readreq i1 @_ssdm_op_ReadReq.m_axi.i16P1A, i16 %gmem1_1_addr, i64 1" [kernel.cpp:18]   --->   Operation 1069 'readreq' 'gmem1_1_load_req' <Predicate = true> <Delay = 3.65> <CoreInst = "m_axi">   --->   Core 119 'm_axi' <Latency = 6> <II = 1> <Delay = 1.00> <Adapter> <Opcode : 'read' 'write' 'readreq' 'writereq' 'writeresp'>
ST_51 : Operation 1070 [22/71] (3.65ns)   --->   "%gmem1_2_load_req = readreq i1 @_ssdm_op_ReadReq.m_axi.i16P1A, i16 %gmem1_2_addr, i64 1" [kernel.cpp:18]   --->   Operation 1070 'readreq' 'gmem1_2_load_req' <Predicate = true> <Delay = 3.65> <CoreInst = "m_axi">   --->   Core 119 'm_axi' <Latency = 6> <II = 1> <Delay = 1.00> <Adapter> <Opcode : 'read' 'write' 'readreq' 'writereq' 'writeresp'>
ST_51 : Operation 1071 [22/71] (3.65ns)   --->   "%gmem1_3_load_req = readreq i1 @_ssdm_op_ReadReq.m_axi.i16P1A, i16 %gmem1_3_addr, i64 1" [kernel.cpp:18]   --->   Operation 1071 'readreq' 'gmem1_3_load_req' <Predicate = true> <Delay = 3.65> <CoreInst = "m_axi">   --->   Core 119 'm_axi' <Latency = 6> <II = 1> <Delay = 1.00> <Adapter> <Opcode : 'read' 'write' 'readreq' 'writereq' 'writeresp'>
ST_51 : Operation 1072 [22/71] (3.65ns)   --->   "%gmem1_4_load_req = readreq i1 @_ssdm_op_ReadReq.m_axi.i16P1A, i16 %gmem1_4_addr, i64 1" [kernel.cpp:18]   --->   Operation 1072 'readreq' 'gmem1_4_load_req' <Predicate = true> <Delay = 3.65> <CoreInst = "m_axi">   --->   Core 119 'm_axi' <Latency = 6> <II = 1> <Delay = 1.00> <Adapter> <Opcode : 'read' 'write' 'readreq' 'writereq' 'writeresp'>
ST_51 : Operation 1073 [22/71] (3.65ns)   --->   "%gmem1_5_load_req = readreq i1 @_ssdm_op_ReadReq.m_axi.i16P1A, i16 %gmem1_5_addr, i64 1" [kernel.cpp:18]   --->   Operation 1073 'readreq' 'gmem1_5_load_req' <Predicate = true> <Delay = 3.65> <CoreInst = "m_axi">   --->   Core 119 'm_axi' <Latency = 6> <II = 1> <Delay = 1.00> <Adapter> <Opcode : 'read' 'write' 'readreq' 'writereq' 'writeresp'>
ST_51 : Operation 1074 [22/71] (3.65ns)   --->   "%gmem1_6_load_req = readreq i1 @_ssdm_op_ReadReq.m_axi.i16P1A, i16 %gmem1_6_addr, i64 1" [kernel.cpp:18]   --->   Operation 1074 'readreq' 'gmem1_6_load_req' <Predicate = true> <Delay = 3.65> <CoreInst = "m_axi">   --->   Core 119 'm_axi' <Latency = 6> <II = 1> <Delay = 1.00> <Adapter> <Opcode : 'read' 'write' 'readreq' 'writereq' 'writeresp'>
ST_51 : Operation 1075 [22/71] (3.65ns)   --->   "%gmem1_7_load_req = readreq i1 @_ssdm_op_ReadReq.m_axi.i16P1A, i16 %gmem1_7_addr, i64 1" [kernel.cpp:18]   --->   Operation 1075 'readreq' 'gmem1_7_load_req' <Predicate = true> <Delay = 3.65> <CoreInst = "m_axi">   --->   Core 119 'm_axi' <Latency = 6> <II = 1> <Delay = 1.00> <Adapter> <Opcode : 'read' 'write' 'readreq' 'writereq' 'writeresp'>

State 52 <SV = 51> <Delay = 3.65>
ST_52 : Operation 1076 [21/71] (3.65ns)   --->   "%gmem0_0_load_req = readreq i1 @_ssdm_op_ReadReq.m_axi.i16P1A, i16 %gmem0_0_addr, i64 1" [kernel.cpp:18]   --->   Operation 1076 'readreq' 'gmem0_0_load_req' <Predicate = true> <Delay = 3.65> <CoreInst = "m_axi">   --->   Core 119 'm_axi' <Latency = 6> <II = 1> <Delay = 1.00> <Adapter> <Opcode : 'read' 'write' 'readreq' 'writereq' 'writeresp'>
ST_52 : Operation 1077 [21/71] (3.65ns)   --->   "%gmem1_0_load_req = readreq i1 @_ssdm_op_ReadReq.m_axi.i16P1A, i16 %gmem1_0_addr, i64 1" [kernel.cpp:18]   --->   Operation 1077 'readreq' 'gmem1_0_load_req' <Predicate = true> <Delay = 3.65> <CoreInst = "m_axi">   --->   Core 119 'm_axi' <Latency = 6> <II = 1> <Delay = 1.00> <Adapter> <Opcode : 'read' 'write' 'readreq' 'writereq' 'writeresp'>
ST_52 : Operation 1078 [21/71] (3.65ns)   --->   "%gmem0_1_load_req = readreq i1 @_ssdm_op_ReadReq.m_axi.i16P1A, i16 %gmem0_1_addr, i64 1" [kernel.cpp:18]   --->   Operation 1078 'readreq' 'gmem0_1_load_req' <Predicate = true> <Delay = 3.65> <CoreInst = "m_axi">   --->   Core 119 'm_axi' <Latency = 6> <II = 1> <Delay = 1.00> <Adapter> <Opcode : 'read' 'write' 'readreq' 'writereq' 'writeresp'>
ST_52 : Operation 1079 [21/71] (3.65ns)   --->   "%gmem0_2_load_req = readreq i1 @_ssdm_op_ReadReq.m_axi.i16P1A, i16 %gmem0_2_addr, i64 1" [kernel.cpp:18]   --->   Operation 1079 'readreq' 'gmem0_2_load_req' <Predicate = true> <Delay = 3.65> <CoreInst = "m_axi">   --->   Core 119 'm_axi' <Latency = 6> <II = 1> <Delay = 1.00> <Adapter> <Opcode : 'read' 'write' 'readreq' 'writereq' 'writeresp'>
ST_52 : Operation 1080 [21/71] (3.65ns)   --->   "%gmem0_3_load_req = readreq i1 @_ssdm_op_ReadReq.m_axi.i16P1A, i16 %gmem0_3_addr, i64 1" [kernel.cpp:18]   --->   Operation 1080 'readreq' 'gmem0_3_load_req' <Predicate = true> <Delay = 3.65> <CoreInst = "m_axi">   --->   Core 119 'm_axi' <Latency = 6> <II = 1> <Delay = 1.00> <Adapter> <Opcode : 'read' 'write' 'readreq' 'writereq' 'writeresp'>
ST_52 : Operation 1081 [21/71] (3.65ns)   --->   "%gmem0_4_load_req = readreq i1 @_ssdm_op_ReadReq.m_axi.i16P1A, i16 %gmem0_4_addr, i64 1" [kernel.cpp:18]   --->   Operation 1081 'readreq' 'gmem0_4_load_req' <Predicate = true> <Delay = 3.65> <CoreInst = "m_axi">   --->   Core 119 'm_axi' <Latency = 6> <II = 1> <Delay = 1.00> <Adapter> <Opcode : 'read' 'write' 'readreq' 'writereq' 'writeresp'>
ST_52 : Operation 1082 [21/71] (3.65ns)   --->   "%gmem0_5_load_req = readreq i1 @_ssdm_op_ReadReq.m_axi.i16P1A, i16 %gmem0_5_addr, i64 1" [kernel.cpp:18]   --->   Operation 1082 'readreq' 'gmem0_5_load_req' <Predicate = true> <Delay = 3.65> <CoreInst = "m_axi">   --->   Core 119 'm_axi' <Latency = 6> <II = 1> <Delay = 1.00> <Adapter> <Opcode : 'read' 'write' 'readreq' 'writereq' 'writeresp'>
ST_52 : Operation 1083 [21/71] (3.65ns)   --->   "%gmem0_6_load_req = readreq i1 @_ssdm_op_ReadReq.m_axi.i16P1A, i16 %gmem0_6_addr, i64 1" [kernel.cpp:18]   --->   Operation 1083 'readreq' 'gmem0_6_load_req' <Predicate = true> <Delay = 3.65> <CoreInst = "m_axi">   --->   Core 119 'm_axi' <Latency = 6> <II = 1> <Delay = 1.00> <Adapter> <Opcode : 'read' 'write' 'readreq' 'writereq' 'writeresp'>
ST_52 : Operation 1084 [21/71] (3.65ns)   --->   "%gmem0_7_load_req = readreq i1 @_ssdm_op_ReadReq.m_axi.i16P1A, i16 %gmem0_7_addr, i64 1" [kernel.cpp:18]   --->   Operation 1084 'readreq' 'gmem0_7_load_req' <Predicate = true> <Delay = 3.65> <CoreInst = "m_axi">   --->   Core 119 'm_axi' <Latency = 6> <II = 1> <Delay = 1.00> <Adapter> <Opcode : 'read' 'write' 'readreq' 'writereq' 'writeresp'>
ST_52 : Operation 1085 [21/71] (3.65ns)   --->   "%gmem1_1_load_req = readreq i1 @_ssdm_op_ReadReq.m_axi.i16P1A, i16 %gmem1_1_addr, i64 1" [kernel.cpp:18]   --->   Operation 1085 'readreq' 'gmem1_1_load_req' <Predicate = true> <Delay = 3.65> <CoreInst = "m_axi">   --->   Core 119 'm_axi' <Latency = 6> <II = 1> <Delay = 1.00> <Adapter> <Opcode : 'read' 'write' 'readreq' 'writereq' 'writeresp'>
ST_52 : Operation 1086 [21/71] (3.65ns)   --->   "%gmem1_2_load_req = readreq i1 @_ssdm_op_ReadReq.m_axi.i16P1A, i16 %gmem1_2_addr, i64 1" [kernel.cpp:18]   --->   Operation 1086 'readreq' 'gmem1_2_load_req' <Predicate = true> <Delay = 3.65> <CoreInst = "m_axi">   --->   Core 119 'm_axi' <Latency = 6> <II = 1> <Delay = 1.00> <Adapter> <Opcode : 'read' 'write' 'readreq' 'writereq' 'writeresp'>
ST_52 : Operation 1087 [21/71] (3.65ns)   --->   "%gmem1_3_load_req = readreq i1 @_ssdm_op_ReadReq.m_axi.i16P1A, i16 %gmem1_3_addr, i64 1" [kernel.cpp:18]   --->   Operation 1087 'readreq' 'gmem1_3_load_req' <Predicate = true> <Delay = 3.65> <CoreInst = "m_axi">   --->   Core 119 'm_axi' <Latency = 6> <II = 1> <Delay = 1.00> <Adapter> <Opcode : 'read' 'write' 'readreq' 'writereq' 'writeresp'>
ST_52 : Operation 1088 [21/71] (3.65ns)   --->   "%gmem1_4_load_req = readreq i1 @_ssdm_op_ReadReq.m_axi.i16P1A, i16 %gmem1_4_addr, i64 1" [kernel.cpp:18]   --->   Operation 1088 'readreq' 'gmem1_4_load_req' <Predicate = true> <Delay = 3.65> <CoreInst = "m_axi">   --->   Core 119 'm_axi' <Latency = 6> <II = 1> <Delay = 1.00> <Adapter> <Opcode : 'read' 'write' 'readreq' 'writereq' 'writeresp'>
ST_52 : Operation 1089 [21/71] (3.65ns)   --->   "%gmem1_5_load_req = readreq i1 @_ssdm_op_ReadReq.m_axi.i16P1A, i16 %gmem1_5_addr, i64 1" [kernel.cpp:18]   --->   Operation 1089 'readreq' 'gmem1_5_load_req' <Predicate = true> <Delay = 3.65> <CoreInst = "m_axi">   --->   Core 119 'm_axi' <Latency = 6> <II = 1> <Delay = 1.00> <Adapter> <Opcode : 'read' 'write' 'readreq' 'writereq' 'writeresp'>
ST_52 : Operation 1090 [21/71] (3.65ns)   --->   "%gmem1_6_load_req = readreq i1 @_ssdm_op_ReadReq.m_axi.i16P1A, i16 %gmem1_6_addr, i64 1" [kernel.cpp:18]   --->   Operation 1090 'readreq' 'gmem1_6_load_req' <Predicate = true> <Delay = 3.65> <CoreInst = "m_axi">   --->   Core 119 'm_axi' <Latency = 6> <II = 1> <Delay = 1.00> <Adapter> <Opcode : 'read' 'write' 'readreq' 'writereq' 'writeresp'>
ST_52 : Operation 1091 [21/71] (3.65ns)   --->   "%gmem1_7_load_req = readreq i1 @_ssdm_op_ReadReq.m_axi.i16P1A, i16 %gmem1_7_addr, i64 1" [kernel.cpp:18]   --->   Operation 1091 'readreq' 'gmem1_7_load_req' <Predicate = true> <Delay = 3.65> <CoreInst = "m_axi">   --->   Core 119 'm_axi' <Latency = 6> <II = 1> <Delay = 1.00> <Adapter> <Opcode : 'read' 'write' 'readreq' 'writereq' 'writeresp'>

State 53 <SV = 52> <Delay = 3.65>
ST_53 : Operation 1092 [20/71] (3.65ns)   --->   "%gmem0_0_load_req = readreq i1 @_ssdm_op_ReadReq.m_axi.i16P1A, i16 %gmem0_0_addr, i64 1" [kernel.cpp:18]   --->   Operation 1092 'readreq' 'gmem0_0_load_req' <Predicate = true> <Delay = 3.65> <CoreInst = "m_axi">   --->   Core 119 'm_axi' <Latency = 6> <II = 1> <Delay = 1.00> <Adapter> <Opcode : 'read' 'write' 'readreq' 'writereq' 'writeresp'>
ST_53 : Operation 1093 [20/71] (3.65ns)   --->   "%gmem1_0_load_req = readreq i1 @_ssdm_op_ReadReq.m_axi.i16P1A, i16 %gmem1_0_addr, i64 1" [kernel.cpp:18]   --->   Operation 1093 'readreq' 'gmem1_0_load_req' <Predicate = true> <Delay = 3.65> <CoreInst = "m_axi">   --->   Core 119 'm_axi' <Latency = 6> <II = 1> <Delay = 1.00> <Adapter> <Opcode : 'read' 'write' 'readreq' 'writereq' 'writeresp'>
ST_53 : Operation 1094 [20/71] (3.65ns)   --->   "%gmem0_1_load_req = readreq i1 @_ssdm_op_ReadReq.m_axi.i16P1A, i16 %gmem0_1_addr, i64 1" [kernel.cpp:18]   --->   Operation 1094 'readreq' 'gmem0_1_load_req' <Predicate = true> <Delay = 3.65> <CoreInst = "m_axi">   --->   Core 119 'm_axi' <Latency = 6> <II = 1> <Delay = 1.00> <Adapter> <Opcode : 'read' 'write' 'readreq' 'writereq' 'writeresp'>
ST_53 : Operation 1095 [20/71] (3.65ns)   --->   "%gmem0_2_load_req = readreq i1 @_ssdm_op_ReadReq.m_axi.i16P1A, i16 %gmem0_2_addr, i64 1" [kernel.cpp:18]   --->   Operation 1095 'readreq' 'gmem0_2_load_req' <Predicate = true> <Delay = 3.65> <CoreInst = "m_axi">   --->   Core 119 'm_axi' <Latency = 6> <II = 1> <Delay = 1.00> <Adapter> <Opcode : 'read' 'write' 'readreq' 'writereq' 'writeresp'>
ST_53 : Operation 1096 [20/71] (3.65ns)   --->   "%gmem0_3_load_req = readreq i1 @_ssdm_op_ReadReq.m_axi.i16P1A, i16 %gmem0_3_addr, i64 1" [kernel.cpp:18]   --->   Operation 1096 'readreq' 'gmem0_3_load_req' <Predicate = true> <Delay = 3.65> <CoreInst = "m_axi">   --->   Core 119 'm_axi' <Latency = 6> <II = 1> <Delay = 1.00> <Adapter> <Opcode : 'read' 'write' 'readreq' 'writereq' 'writeresp'>
ST_53 : Operation 1097 [20/71] (3.65ns)   --->   "%gmem0_4_load_req = readreq i1 @_ssdm_op_ReadReq.m_axi.i16P1A, i16 %gmem0_4_addr, i64 1" [kernel.cpp:18]   --->   Operation 1097 'readreq' 'gmem0_4_load_req' <Predicate = true> <Delay = 3.65> <CoreInst = "m_axi">   --->   Core 119 'm_axi' <Latency = 6> <II = 1> <Delay = 1.00> <Adapter> <Opcode : 'read' 'write' 'readreq' 'writereq' 'writeresp'>
ST_53 : Operation 1098 [20/71] (3.65ns)   --->   "%gmem0_5_load_req = readreq i1 @_ssdm_op_ReadReq.m_axi.i16P1A, i16 %gmem0_5_addr, i64 1" [kernel.cpp:18]   --->   Operation 1098 'readreq' 'gmem0_5_load_req' <Predicate = true> <Delay = 3.65> <CoreInst = "m_axi">   --->   Core 119 'm_axi' <Latency = 6> <II = 1> <Delay = 1.00> <Adapter> <Opcode : 'read' 'write' 'readreq' 'writereq' 'writeresp'>
ST_53 : Operation 1099 [20/71] (3.65ns)   --->   "%gmem0_6_load_req = readreq i1 @_ssdm_op_ReadReq.m_axi.i16P1A, i16 %gmem0_6_addr, i64 1" [kernel.cpp:18]   --->   Operation 1099 'readreq' 'gmem0_6_load_req' <Predicate = true> <Delay = 3.65> <CoreInst = "m_axi">   --->   Core 119 'm_axi' <Latency = 6> <II = 1> <Delay = 1.00> <Adapter> <Opcode : 'read' 'write' 'readreq' 'writereq' 'writeresp'>
ST_53 : Operation 1100 [20/71] (3.65ns)   --->   "%gmem0_7_load_req = readreq i1 @_ssdm_op_ReadReq.m_axi.i16P1A, i16 %gmem0_7_addr, i64 1" [kernel.cpp:18]   --->   Operation 1100 'readreq' 'gmem0_7_load_req' <Predicate = true> <Delay = 3.65> <CoreInst = "m_axi">   --->   Core 119 'm_axi' <Latency = 6> <II = 1> <Delay = 1.00> <Adapter> <Opcode : 'read' 'write' 'readreq' 'writereq' 'writeresp'>
ST_53 : Operation 1101 [20/71] (3.65ns)   --->   "%gmem1_1_load_req = readreq i1 @_ssdm_op_ReadReq.m_axi.i16P1A, i16 %gmem1_1_addr, i64 1" [kernel.cpp:18]   --->   Operation 1101 'readreq' 'gmem1_1_load_req' <Predicate = true> <Delay = 3.65> <CoreInst = "m_axi">   --->   Core 119 'm_axi' <Latency = 6> <II = 1> <Delay = 1.00> <Adapter> <Opcode : 'read' 'write' 'readreq' 'writereq' 'writeresp'>
ST_53 : Operation 1102 [20/71] (3.65ns)   --->   "%gmem1_2_load_req = readreq i1 @_ssdm_op_ReadReq.m_axi.i16P1A, i16 %gmem1_2_addr, i64 1" [kernel.cpp:18]   --->   Operation 1102 'readreq' 'gmem1_2_load_req' <Predicate = true> <Delay = 3.65> <CoreInst = "m_axi">   --->   Core 119 'm_axi' <Latency = 6> <II = 1> <Delay = 1.00> <Adapter> <Opcode : 'read' 'write' 'readreq' 'writereq' 'writeresp'>
ST_53 : Operation 1103 [20/71] (3.65ns)   --->   "%gmem1_3_load_req = readreq i1 @_ssdm_op_ReadReq.m_axi.i16P1A, i16 %gmem1_3_addr, i64 1" [kernel.cpp:18]   --->   Operation 1103 'readreq' 'gmem1_3_load_req' <Predicate = true> <Delay = 3.65> <CoreInst = "m_axi">   --->   Core 119 'm_axi' <Latency = 6> <II = 1> <Delay = 1.00> <Adapter> <Opcode : 'read' 'write' 'readreq' 'writereq' 'writeresp'>
ST_53 : Operation 1104 [20/71] (3.65ns)   --->   "%gmem1_4_load_req = readreq i1 @_ssdm_op_ReadReq.m_axi.i16P1A, i16 %gmem1_4_addr, i64 1" [kernel.cpp:18]   --->   Operation 1104 'readreq' 'gmem1_4_load_req' <Predicate = true> <Delay = 3.65> <CoreInst = "m_axi">   --->   Core 119 'm_axi' <Latency = 6> <II = 1> <Delay = 1.00> <Adapter> <Opcode : 'read' 'write' 'readreq' 'writereq' 'writeresp'>
ST_53 : Operation 1105 [20/71] (3.65ns)   --->   "%gmem1_5_load_req = readreq i1 @_ssdm_op_ReadReq.m_axi.i16P1A, i16 %gmem1_5_addr, i64 1" [kernel.cpp:18]   --->   Operation 1105 'readreq' 'gmem1_5_load_req' <Predicate = true> <Delay = 3.65> <CoreInst = "m_axi">   --->   Core 119 'm_axi' <Latency = 6> <II = 1> <Delay = 1.00> <Adapter> <Opcode : 'read' 'write' 'readreq' 'writereq' 'writeresp'>
ST_53 : Operation 1106 [20/71] (3.65ns)   --->   "%gmem1_6_load_req = readreq i1 @_ssdm_op_ReadReq.m_axi.i16P1A, i16 %gmem1_6_addr, i64 1" [kernel.cpp:18]   --->   Operation 1106 'readreq' 'gmem1_6_load_req' <Predicate = true> <Delay = 3.65> <CoreInst = "m_axi">   --->   Core 119 'm_axi' <Latency = 6> <II = 1> <Delay = 1.00> <Adapter> <Opcode : 'read' 'write' 'readreq' 'writereq' 'writeresp'>
ST_53 : Operation 1107 [20/71] (3.65ns)   --->   "%gmem1_7_load_req = readreq i1 @_ssdm_op_ReadReq.m_axi.i16P1A, i16 %gmem1_7_addr, i64 1" [kernel.cpp:18]   --->   Operation 1107 'readreq' 'gmem1_7_load_req' <Predicate = true> <Delay = 3.65> <CoreInst = "m_axi">   --->   Core 119 'm_axi' <Latency = 6> <II = 1> <Delay = 1.00> <Adapter> <Opcode : 'read' 'write' 'readreq' 'writereq' 'writeresp'>

State 54 <SV = 53> <Delay = 3.65>
ST_54 : Operation 1108 [19/71] (3.65ns)   --->   "%gmem0_0_load_req = readreq i1 @_ssdm_op_ReadReq.m_axi.i16P1A, i16 %gmem0_0_addr, i64 1" [kernel.cpp:18]   --->   Operation 1108 'readreq' 'gmem0_0_load_req' <Predicate = true> <Delay = 3.65> <CoreInst = "m_axi">   --->   Core 119 'm_axi' <Latency = 6> <II = 1> <Delay = 1.00> <Adapter> <Opcode : 'read' 'write' 'readreq' 'writereq' 'writeresp'>
ST_54 : Operation 1109 [19/71] (3.65ns)   --->   "%gmem1_0_load_req = readreq i1 @_ssdm_op_ReadReq.m_axi.i16P1A, i16 %gmem1_0_addr, i64 1" [kernel.cpp:18]   --->   Operation 1109 'readreq' 'gmem1_0_load_req' <Predicate = true> <Delay = 3.65> <CoreInst = "m_axi">   --->   Core 119 'm_axi' <Latency = 6> <II = 1> <Delay = 1.00> <Adapter> <Opcode : 'read' 'write' 'readreq' 'writereq' 'writeresp'>
ST_54 : Operation 1110 [19/71] (3.65ns)   --->   "%gmem0_1_load_req = readreq i1 @_ssdm_op_ReadReq.m_axi.i16P1A, i16 %gmem0_1_addr, i64 1" [kernel.cpp:18]   --->   Operation 1110 'readreq' 'gmem0_1_load_req' <Predicate = true> <Delay = 3.65> <CoreInst = "m_axi">   --->   Core 119 'm_axi' <Latency = 6> <II = 1> <Delay = 1.00> <Adapter> <Opcode : 'read' 'write' 'readreq' 'writereq' 'writeresp'>
ST_54 : Operation 1111 [19/71] (3.65ns)   --->   "%gmem0_2_load_req = readreq i1 @_ssdm_op_ReadReq.m_axi.i16P1A, i16 %gmem0_2_addr, i64 1" [kernel.cpp:18]   --->   Operation 1111 'readreq' 'gmem0_2_load_req' <Predicate = true> <Delay = 3.65> <CoreInst = "m_axi">   --->   Core 119 'm_axi' <Latency = 6> <II = 1> <Delay = 1.00> <Adapter> <Opcode : 'read' 'write' 'readreq' 'writereq' 'writeresp'>
ST_54 : Operation 1112 [19/71] (3.65ns)   --->   "%gmem0_3_load_req = readreq i1 @_ssdm_op_ReadReq.m_axi.i16P1A, i16 %gmem0_3_addr, i64 1" [kernel.cpp:18]   --->   Operation 1112 'readreq' 'gmem0_3_load_req' <Predicate = true> <Delay = 3.65> <CoreInst = "m_axi">   --->   Core 119 'm_axi' <Latency = 6> <II = 1> <Delay = 1.00> <Adapter> <Opcode : 'read' 'write' 'readreq' 'writereq' 'writeresp'>
ST_54 : Operation 1113 [19/71] (3.65ns)   --->   "%gmem0_4_load_req = readreq i1 @_ssdm_op_ReadReq.m_axi.i16P1A, i16 %gmem0_4_addr, i64 1" [kernel.cpp:18]   --->   Operation 1113 'readreq' 'gmem0_4_load_req' <Predicate = true> <Delay = 3.65> <CoreInst = "m_axi">   --->   Core 119 'm_axi' <Latency = 6> <II = 1> <Delay = 1.00> <Adapter> <Opcode : 'read' 'write' 'readreq' 'writereq' 'writeresp'>
ST_54 : Operation 1114 [19/71] (3.65ns)   --->   "%gmem0_5_load_req = readreq i1 @_ssdm_op_ReadReq.m_axi.i16P1A, i16 %gmem0_5_addr, i64 1" [kernel.cpp:18]   --->   Operation 1114 'readreq' 'gmem0_5_load_req' <Predicate = true> <Delay = 3.65> <CoreInst = "m_axi">   --->   Core 119 'm_axi' <Latency = 6> <II = 1> <Delay = 1.00> <Adapter> <Opcode : 'read' 'write' 'readreq' 'writereq' 'writeresp'>
ST_54 : Operation 1115 [19/71] (3.65ns)   --->   "%gmem0_6_load_req = readreq i1 @_ssdm_op_ReadReq.m_axi.i16P1A, i16 %gmem0_6_addr, i64 1" [kernel.cpp:18]   --->   Operation 1115 'readreq' 'gmem0_6_load_req' <Predicate = true> <Delay = 3.65> <CoreInst = "m_axi">   --->   Core 119 'm_axi' <Latency = 6> <II = 1> <Delay = 1.00> <Adapter> <Opcode : 'read' 'write' 'readreq' 'writereq' 'writeresp'>
ST_54 : Operation 1116 [19/71] (3.65ns)   --->   "%gmem0_7_load_req = readreq i1 @_ssdm_op_ReadReq.m_axi.i16P1A, i16 %gmem0_7_addr, i64 1" [kernel.cpp:18]   --->   Operation 1116 'readreq' 'gmem0_7_load_req' <Predicate = true> <Delay = 3.65> <CoreInst = "m_axi">   --->   Core 119 'm_axi' <Latency = 6> <II = 1> <Delay = 1.00> <Adapter> <Opcode : 'read' 'write' 'readreq' 'writereq' 'writeresp'>
ST_54 : Operation 1117 [19/71] (3.65ns)   --->   "%gmem1_1_load_req = readreq i1 @_ssdm_op_ReadReq.m_axi.i16P1A, i16 %gmem1_1_addr, i64 1" [kernel.cpp:18]   --->   Operation 1117 'readreq' 'gmem1_1_load_req' <Predicate = true> <Delay = 3.65> <CoreInst = "m_axi">   --->   Core 119 'm_axi' <Latency = 6> <II = 1> <Delay = 1.00> <Adapter> <Opcode : 'read' 'write' 'readreq' 'writereq' 'writeresp'>
ST_54 : Operation 1118 [19/71] (3.65ns)   --->   "%gmem1_2_load_req = readreq i1 @_ssdm_op_ReadReq.m_axi.i16P1A, i16 %gmem1_2_addr, i64 1" [kernel.cpp:18]   --->   Operation 1118 'readreq' 'gmem1_2_load_req' <Predicate = true> <Delay = 3.65> <CoreInst = "m_axi">   --->   Core 119 'm_axi' <Latency = 6> <II = 1> <Delay = 1.00> <Adapter> <Opcode : 'read' 'write' 'readreq' 'writereq' 'writeresp'>
ST_54 : Operation 1119 [19/71] (3.65ns)   --->   "%gmem1_3_load_req = readreq i1 @_ssdm_op_ReadReq.m_axi.i16P1A, i16 %gmem1_3_addr, i64 1" [kernel.cpp:18]   --->   Operation 1119 'readreq' 'gmem1_3_load_req' <Predicate = true> <Delay = 3.65> <CoreInst = "m_axi">   --->   Core 119 'm_axi' <Latency = 6> <II = 1> <Delay = 1.00> <Adapter> <Opcode : 'read' 'write' 'readreq' 'writereq' 'writeresp'>
ST_54 : Operation 1120 [19/71] (3.65ns)   --->   "%gmem1_4_load_req = readreq i1 @_ssdm_op_ReadReq.m_axi.i16P1A, i16 %gmem1_4_addr, i64 1" [kernel.cpp:18]   --->   Operation 1120 'readreq' 'gmem1_4_load_req' <Predicate = true> <Delay = 3.65> <CoreInst = "m_axi">   --->   Core 119 'm_axi' <Latency = 6> <II = 1> <Delay = 1.00> <Adapter> <Opcode : 'read' 'write' 'readreq' 'writereq' 'writeresp'>
ST_54 : Operation 1121 [19/71] (3.65ns)   --->   "%gmem1_5_load_req = readreq i1 @_ssdm_op_ReadReq.m_axi.i16P1A, i16 %gmem1_5_addr, i64 1" [kernel.cpp:18]   --->   Operation 1121 'readreq' 'gmem1_5_load_req' <Predicate = true> <Delay = 3.65> <CoreInst = "m_axi">   --->   Core 119 'm_axi' <Latency = 6> <II = 1> <Delay = 1.00> <Adapter> <Opcode : 'read' 'write' 'readreq' 'writereq' 'writeresp'>
ST_54 : Operation 1122 [19/71] (3.65ns)   --->   "%gmem1_6_load_req = readreq i1 @_ssdm_op_ReadReq.m_axi.i16P1A, i16 %gmem1_6_addr, i64 1" [kernel.cpp:18]   --->   Operation 1122 'readreq' 'gmem1_6_load_req' <Predicate = true> <Delay = 3.65> <CoreInst = "m_axi">   --->   Core 119 'm_axi' <Latency = 6> <II = 1> <Delay = 1.00> <Adapter> <Opcode : 'read' 'write' 'readreq' 'writereq' 'writeresp'>
ST_54 : Operation 1123 [19/71] (3.65ns)   --->   "%gmem1_7_load_req = readreq i1 @_ssdm_op_ReadReq.m_axi.i16P1A, i16 %gmem1_7_addr, i64 1" [kernel.cpp:18]   --->   Operation 1123 'readreq' 'gmem1_7_load_req' <Predicate = true> <Delay = 3.65> <CoreInst = "m_axi">   --->   Core 119 'm_axi' <Latency = 6> <II = 1> <Delay = 1.00> <Adapter> <Opcode : 'read' 'write' 'readreq' 'writereq' 'writeresp'>

State 55 <SV = 54> <Delay = 3.65>
ST_55 : Operation 1124 [18/71] (3.65ns)   --->   "%gmem0_0_load_req = readreq i1 @_ssdm_op_ReadReq.m_axi.i16P1A, i16 %gmem0_0_addr, i64 1" [kernel.cpp:18]   --->   Operation 1124 'readreq' 'gmem0_0_load_req' <Predicate = true> <Delay = 3.65> <CoreInst = "m_axi">   --->   Core 119 'm_axi' <Latency = 6> <II = 1> <Delay = 1.00> <Adapter> <Opcode : 'read' 'write' 'readreq' 'writereq' 'writeresp'>
ST_55 : Operation 1125 [18/71] (3.65ns)   --->   "%gmem1_0_load_req = readreq i1 @_ssdm_op_ReadReq.m_axi.i16P1A, i16 %gmem1_0_addr, i64 1" [kernel.cpp:18]   --->   Operation 1125 'readreq' 'gmem1_0_load_req' <Predicate = true> <Delay = 3.65> <CoreInst = "m_axi">   --->   Core 119 'm_axi' <Latency = 6> <II = 1> <Delay = 1.00> <Adapter> <Opcode : 'read' 'write' 'readreq' 'writereq' 'writeresp'>
ST_55 : Operation 1126 [18/71] (3.65ns)   --->   "%gmem0_1_load_req = readreq i1 @_ssdm_op_ReadReq.m_axi.i16P1A, i16 %gmem0_1_addr, i64 1" [kernel.cpp:18]   --->   Operation 1126 'readreq' 'gmem0_1_load_req' <Predicate = true> <Delay = 3.65> <CoreInst = "m_axi">   --->   Core 119 'm_axi' <Latency = 6> <II = 1> <Delay = 1.00> <Adapter> <Opcode : 'read' 'write' 'readreq' 'writereq' 'writeresp'>
ST_55 : Operation 1127 [18/71] (3.65ns)   --->   "%gmem0_2_load_req = readreq i1 @_ssdm_op_ReadReq.m_axi.i16P1A, i16 %gmem0_2_addr, i64 1" [kernel.cpp:18]   --->   Operation 1127 'readreq' 'gmem0_2_load_req' <Predicate = true> <Delay = 3.65> <CoreInst = "m_axi">   --->   Core 119 'm_axi' <Latency = 6> <II = 1> <Delay = 1.00> <Adapter> <Opcode : 'read' 'write' 'readreq' 'writereq' 'writeresp'>
ST_55 : Operation 1128 [18/71] (3.65ns)   --->   "%gmem0_3_load_req = readreq i1 @_ssdm_op_ReadReq.m_axi.i16P1A, i16 %gmem0_3_addr, i64 1" [kernel.cpp:18]   --->   Operation 1128 'readreq' 'gmem0_3_load_req' <Predicate = true> <Delay = 3.65> <CoreInst = "m_axi">   --->   Core 119 'm_axi' <Latency = 6> <II = 1> <Delay = 1.00> <Adapter> <Opcode : 'read' 'write' 'readreq' 'writereq' 'writeresp'>
ST_55 : Operation 1129 [18/71] (3.65ns)   --->   "%gmem0_4_load_req = readreq i1 @_ssdm_op_ReadReq.m_axi.i16P1A, i16 %gmem0_4_addr, i64 1" [kernel.cpp:18]   --->   Operation 1129 'readreq' 'gmem0_4_load_req' <Predicate = true> <Delay = 3.65> <CoreInst = "m_axi">   --->   Core 119 'm_axi' <Latency = 6> <II = 1> <Delay = 1.00> <Adapter> <Opcode : 'read' 'write' 'readreq' 'writereq' 'writeresp'>
ST_55 : Operation 1130 [18/71] (3.65ns)   --->   "%gmem0_5_load_req = readreq i1 @_ssdm_op_ReadReq.m_axi.i16P1A, i16 %gmem0_5_addr, i64 1" [kernel.cpp:18]   --->   Operation 1130 'readreq' 'gmem0_5_load_req' <Predicate = true> <Delay = 3.65> <CoreInst = "m_axi">   --->   Core 119 'm_axi' <Latency = 6> <II = 1> <Delay = 1.00> <Adapter> <Opcode : 'read' 'write' 'readreq' 'writereq' 'writeresp'>
ST_55 : Operation 1131 [18/71] (3.65ns)   --->   "%gmem0_6_load_req = readreq i1 @_ssdm_op_ReadReq.m_axi.i16P1A, i16 %gmem0_6_addr, i64 1" [kernel.cpp:18]   --->   Operation 1131 'readreq' 'gmem0_6_load_req' <Predicate = true> <Delay = 3.65> <CoreInst = "m_axi">   --->   Core 119 'm_axi' <Latency = 6> <II = 1> <Delay = 1.00> <Adapter> <Opcode : 'read' 'write' 'readreq' 'writereq' 'writeresp'>
ST_55 : Operation 1132 [18/71] (3.65ns)   --->   "%gmem0_7_load_req = readreq i1 @_ssdm_op_ReadReq.m_axi.i16P1A, i16 %gmem0_7_addr, i64 1" [kernel.cpp:18]   --->   Operation 1132 'readreq' 'gmem0_7_load_req' <Predicate = true> <Delay = 3.65> <CoreInst = "m_axi">   --->   Core 119 'm_axi' <Latency = 6> <II = 1> <Delay = 1.00> <Adapter> <Opcode : 'read' 'write' 'readreq' 'writereq' 'writeresp'>
ST_55 : Operation 1133 [18/71] (3.65ns)   --->   "%gmem1_1_load_req = readreq i1 @_ssdm_op_ReadReq.m_axi.i16P1A, i16 %gmem1_1_addr, i64 1" [kernel.cpp:18]   --->   Operation 1133 'readreq' 'gmem1_1_load_req' <Predicate = true> <Delay = 3.65> <CoreInst = "m_axi">   --->   Core 119 'm_axi' <Latency = 6> <II = 1> <Delay = 1.00> <Adapter> <Opcode : 'read' 'write' 'readreq' 'writereq' 'writeresp'>
ST_55 : Operation 1134 [18/71] (3.65ns)   --->   "%gmem1_2_load_req = readreq i1 @_ssdm_op_ReadReq.m_axi.i16P1A, i16 %gmem1_2_addr, i64 1" [kernel.cpp:18]   --->   Operation 1134 'readreq' 'gmem1_2_load_req' <Predicate = true> <Delay = 3.65> <CoreInst = "m_axi">   --->   Core 119 'm_axi' <Latency = 6> <II = 1> <Delay = 1.00> <Adapter> <Opcode : 'read' 'write' 'readreq' 'writereq' 'writeresp'>
ST_55 : Operation 1135 [18/71] (3.65ns)   --->   "%gmem1_3_load_req = readreq i1 @_ssdm_op_ReadReq.m_axi.i16P1A, i16 %gmem1_3_addr, i64 1" [kernel.cpp:18]   --->   Operation 1135 'readreq' 'gmem1_3_load_req' <Predicate = true> <Delay = 3.65> <CoreInst = "m_axi">   --->   Core 119 'm_axi' <Latency = 6> <II = 1> <Delay = 1.00> <Adapter> <Opcode : 'read' 'write' 'readreq' 'writereq' 'writeresp'>
ST_55 : Operation 1136 [18/71] (3.65ns)   --->   "%gmem1_4_load_req = readreq i1 @_ssdm_op_ReadReq.m_axi.i16P1A, i16 %gmem1_4_addr, i64 1" [kernel.cpp:18]   --->   Operation 1136 'readreq' 'gmem1_4_load_req' <Predicate = true> <Delay = 3.65> <CoreInst = "m_axi">   --->   Core 119 'm_axi' <Latency = 6> <II = 1> <Delay = 1.00> <Adapter> <Opcode : 'read' 'write' 'readreq' 'writereq' 'writeresp'>
ST_55 : Operation 1137 [18/71] (3.65ns)   --->   "%gmem1_5_load_req = readreq i1 @_ssdm_op_ReadReq.m_axi.i16P1A, i16 %gmem1_5_addr, i64 1" [kernel.cpp:18]   --->   Operation 1137 'readreq' 'gmem1_5_load_req' <Predicate = true> <Delay = 3.65> <CoreInst = "m_axi">   --->   Core 119 'm_axi' <Latency = 6> <II = 1> <Delay = 1.00> <Adapter> <Opcode : 'read' 'write' 'readreq' 'writereq' 'writeresp'>
ST_55 : Operation 1138 [18/71] (3.65ns)   --->   "%gmem1_6_load_req = readreq i1 @_ssdm_op_ReadReq.m_axi.i16P1A, i16 %gmem1_6_addr, i64 1" [kernel.cpp:18]   --->   Operation 1138 'readreq' 'gmem1_6_load_req' <Predicate = true> <Delay = 3.65> <CoreInst = "m_axi">   --->   Core 119 'm_axi' <Latency = 6> <II = 1> <Delay = 1.00> <Adapter> <Opcode : 'read' 'write' 'readreq' 'writereq' 'writeresp'>
ST_55 : Operation 1139 [18/71] (3.65ns)   --->   "%gmem1_7_load_req = readreq i1 @_ssdm_op_ReadReq.m_axi.i16P1A, i16 %gmem1_7_addr, i64 1" [kernel.cpp:18]   --->   Operation 1139 'readreq' 'gmem1_7_load_req' <Predicate = true> <Delay = 3.65> <CoreInst = "m_axi">   --->   Core 119 'm_axi' <Latency = 6> <II = 1> <Delay = 1.00> <Adapter> <Opcode : 'read' 'write' 'readreq' 'writereq' 'writeresp'>

State 56 <SV = 55> <Delay = 3.65>
ST_56 : Operation 1140 [17/71] (3.65ns)   --->   "%gmem0_0_load_req = readreq i1 @_ssdm_op_ReadReq.m_axi.i16P1A, i16 %gmem0_0_addr, i64 1" [kernel.cpp:18]   --->   Operation 1140 'readreq' 'gmem0_0_load_req' <Predicate = true> <Delay = 3.65> <CoreInst = "m_axi">   --->   Core 119 'm_axi' <Latency = 6> <II = 1> <Delay = 1.00> <Adapter> <Opcode : 'read' 'write' 'readreq' 'writereq' 'writeresp'>
ST_56 : Operation 1141 [17/71] (3.65ns)   --->   "%gmem1_0_load_req = readreq i1 @_ssdm_op_ReadReq.m_axi.i16P1A, i16 %gmem1_0_addr, i64 1" [kernel.cpp:18]   --->   Operation 1141 'readreq' 'gmem1_0_load_req' <Predicate = true> <Delay = 3.65> <CoreInst = "m_axi">   --->   Core 119 'm_axi' <Latency = 6> <II = 1> <Delay = 1.00> <Adapter> <Opcode : 'read' 'write' 'readreq' 'writereq' 'writeresp'>
ST_56 : Operation 1142 [17/71] (3.65ns)   --->   "%gmem0_1_load_req = readreq i1 @_ssdm_op_ReadReq.m_axi.i16P1A, i16 %gmem0_1_addr, i64 1" [kernel.cpp:18]   --->   Operation 1142 'readreq' 'gmem0_1_load_req' <Predicate = true> <Delay = 3.65> <CoreInst = "m_axi">   --->   Core 119 'm_axi' <Latency = 6> <II = 1> <Delay = 1.00> <Adapter> <Opcode : 'read' 'write' 'readreq' 'writereq' 'writeresp'>
ST_56 : Operation 1143 [17/71] (3.65ns)   --->   "%gmem0_2_load_req = readreq i1 @_ssdm_op_ReadReq.m_axi.i16P1A, i16 %gmem0_2_addr, i64 1" [kernel.cpp:18]   --->   Operation 1143 'readreq' 'gmem0_2_load_req' <Predicate = true> <Delay = 3.65> <CoreInst = "m_axi">   --->   Core 119 'm_axi' <Latency = 6> <II = 1> <Delay = 1.00> <Adapter> <Opcode : 'read' 'write' 'readreq' 'writereq' 'writeresp'>
ST_56 : Operation 1144 [17/71] (3.65ns)   --->   "%gmem0_3_load_req = readreq i1 @_ssdm_op_ReadReq.m_axi.i16P1A, i16 %gmem0_3_addr, i64 1" [kernel.cpp:18]   --->   Operation 1144 'readreq' 'gmem0_3_load_req' <Predicate = true> <Delay = 3.65> <CoreInst = "m_axi">   --->   Core 119 'm_axi' <Latency = 6> <II = 1> <Delay = 1.00> <Adapter> <Opcode : 'read' 'write' 'readreq' 'writereq' 'writeresp'>
ST_56 : Operation 1145 [17/71] (3.65ns)   --->   "%gmem0_4_load_req = readreq i1 @_ssdm_op_ReadReq.m_axi.i16P1A, i16 %gmem0_4_addr, i64 1" [kernel.cpp:18]   --->   Operation 1145 'readreq' 'gmem0_4_load_req' <Predicate = true> <Delay = 3.65> <CoreInst = "m_axi">   --->   Core 119 'm_axi' <Latency = 6> <II = 1> <Delay = 1.00> <Adapter> <Opcode : 'read' 'write' 'readreq' 'writereq' 'writeresp'>
ST_56 : Operation 1146 [17/71] (3.65ns)   --->   "%gmem0_5_load_req = readreq i1 @_ssdm_op_ReadReq.m_axi.i16P1A, i16 %gmem0_5_addr, i64 1" [kernel.cpp:18]   --->   Operation 1146 'readreq' 'gmem0_5_load_req' <Predicate = true> <Delay = 3.65> <CoreInst = "m_axi">   --->   Core 119 'm_axi' <Latency = 6> <II = 1> <Delay = 1.00> <Adapter> <Opcode : 'read' 'write' 'readreq' 'writereq' 'writeresp'>
ST_56 : Operation 1147 [17/71] (3.65ns)   --->   "%gmem0_6_load_req = readreq i1 @_ssdm_op_ReadReq.m_axi.i16P1A, i16 %gmem0_6_addr, i64 1" [kernel.cpp:18]   --->   Operation 1147 'readreq' 'gmem0_6_load_req' <Predicate = true> <Delay = 3.65> <CoreInst = "m_axi">   --->   Core 119 'm_axi' <Latency = 6> <II = 1> <Delay = 1.00> <Adapter> <Opcode : 'read' 'write' 'readreq' 'writereq' 'writeresp'>
ST_56 : Operation 1148 [17/71] (3.65ns)   --->   "%gmem0_7_load_req = readreq i1 @_ssdm_op_ReadReq.m_axi.i16P1A, i16 %gmem0_7_addr, i64 1" [kernel.cpp:18]   --->   Operation 1148 'readreq' 'gmem0_7_load_req' <Predicate = true> <Delay = 3.65> <CoreInst = "m_axi">   --->   Core 119 'm_axi' <Latency = 6> <II = 1> <Delay = 1.00> <Adapter> <Opcode : 'read' 'write' 'readreq' 'writereq' 'writeresp'>
ST_56 : Operation 1149 [17/71] (3.65ns)   --->   "%gmem1_1_load_req = readreq i1 @_ssdm_op_ReadReq.m_axi.i16P1A, i16 %gmem1_1_addr, i64 1" [kernel.cpp:18]   --->   Operation 1149 'readreq' 'gmem1_1_load_req' <Predicate = true> <Delay = 3.65> <CoreInst = "m_axi">   --->   Core 119 'm_axi' <Latency = 6> <II = 1> <Delay = 1.00> <Adapter> <Opcode : 'read' 'write' 'readreq' 'writereq' 'writeresp'>
ST_56 : Operation 1150 [17/71] (3.65ns)   --->   "%gmem1_2_load_req = readreq i1 @_ssdm_op_ReadReq.m_axi.i16P1A, i16 %gmem1_2_addr, i64 1" [kernel.cpp:18]   --->   Operation 1150 'readreq' 'gmem1_2_load_req' <Predicate = true> <Delay = 3.65> <CoreInst = "m_axi">   --->   Core 119 'm_axi' <Latency = 6> <II = 1> <Delay = 1.00> <Adapter> <Opcode : 'read' 'write' 'readreq' 'writereq' 'writeresp'>
ST_56 : Operation 1151 [17/71] (3.65ns)   --->   "%gmem1_3_load_req = readreq i1 @_ssdm_op_ReadReq.m_axi.i16P1A, i16 %gmem1_3_addr, i64 1" [kernel.cpp:18]   --->   Operation 1151 'readreq' 'gmem1_3_load_req' <Predicate = true> <Delay = 3.65> <CoreInst = "m_axi">   --->   Core 119 'm_axi' <Latency = 6> <II = 1> <Delay = 1.00> <Adapter> <Opcode : 'read' 'write' 'readreq' 'writereq' 'writeresp'>
ST_56 : Operation 1152 [17/71] (3.65ns)   --->   "%gmem1_4_load_req = readreq i1 @_ssdm_op_ReadReq.m_axi.i16P1A, i16 %gmem1_4_addr, i64 1" [kernel.cpp:18]   --->   Operation 1152 'readreq' 'gmem1_4_load_req' <Predicate = true> <Delay = 3.65> <CoreInst = "m_axi">   --->   Core 119 'm_axi' <Latency = 6> <II = 1> <Delay = 1.00> <Adapter> <Opcode : 'read' 'write' 'readreq' 'writereq' 'writeresp'>
ST_56 : Operation 1153 [17/71] (3.65ns)   --->   "%gmem1_5_load_req = readreq i1 @_ssdm_op_ReadReq.m_axi.i16P1A, i16 %gmem1_5_addr, i64 1" [kernel.cpp:18]   --->   Operation 1153 'readreq' 'gmem1_5_load_req' <Predicate = true> <Delay = 3.65> <CoreInst = "m_axi">   --->   Core 119 'm_axi' <Latency = 6> <II = 1> <Delay = 1.00> <Adapter> <Opcode : 'read' 'write' 'readreq' 'writereq' 'writeresp'>
ST_56 : Operation 1154 [17/71] (3.65ns)   --->   "%gmem1_6_load_req = readreq i1 @_ssdm_op_ReadReq.m_axi.i16P1A, i16 %gmem1_6_addr, i64 1" [kernel.cpp:18]   --->   Operation 1154 'readreq' 'gmem1_6_load_req' <Predicate = true> <Delay = 3.65> <CoreInst = "m_axi">   --->   Core 119 'm_axi' <Latency = 6> <II = 1> <Delay = 1.00> <Adapter> <Opcode : 'read' 'write' 'readreq' 'writereq' 'writeresp'>
ST_56 : Operation 1155 [17/71] (3.65ns)   --->   "%gmem1_7_load_req = readreq i1 @_ssdm_op_ReadReq.m_axi.i16P1A, i16 %gmem1_7_addr, i64 1" [kernel.cpp:18]   --->   Operation 1155 'readreq' 'gmem1_7_load_req' <Predicate = true> <Delay = 3.65> <CoreInst = "m_axi">   --->   Core 119 'm_axi' <Latency = 6> <II = 1> <Delay = 1.00> <Adapter> <Opcode : 'read' 'write' 'readreq' 'writereq' 'writeresp'>

State 57 <SV = 56> <Delay = 3.65>
ST_57 : Operation 1156 [16/71] (3.65ns)   --->   "%gmem0_0_load_req = readreq i1 @_ssdm_op_ReadReq.m_axi.i16P1A, i16 %gmem0_0_addr, i64 1" [kernel.cpp:18]   --->   Operation 1156 'readreq' 'gmem0_0_load_req' <Predicate = true> <Delay = 3.65> <CoreInst = "m_axi">   --->   Core 119 'm_axi' <Latency = 6> <II = 1> <Delay = 1.00> <Adapter> <Opcode : 'read' 'write' 'readreq' 'writereq' 'writeresp'>
ST_57 : Operation 1157 [16/71] (3.65ns)   --->   "%gmem1_0_load_req = readreq i1 @_ssdm_op_ReadReq.m_axi.i16P1A, i16 %gmem1_0_addr, i64 1" [kernel.cpp:18]   --->   Operation 1157 'readreq' 'gmem1_0_load_req' <Predicate = true> <Delay = 3.65> <CoreInst = "m_axi">   --->   Core 119 'm_axi' <Latency = 6> <II = 1> <Delay = 1.00> <Adapter> <Opcode : 'read' 'write' 'readreq' 'writereq' 'writeresp'>
ST_57 : Operation 1158 [16/71] (3.65ns)   --->   "%gmem0_1_load_req = readreq i1 @_ssdm_op_ReadReq.m_axi.i16P1A, i16 %gmem0_1_addr, i64 1" [kernel.cpp:18]   --->   Operation 1158 'readreq' 'gmem0_1_load_req' <Predicate = true> <Delay = 3.65> <CoreInst = "m_axi">   --->   Core 119 'm_axi' <Latency = 6> <II = 1> <Delay = 1.00> <Adapter> <Opcode : 'read' 'write' 'readreq' 'writereq' 'writeresp'>
ST_57 : Operation 1159 [16/71] (3.65ns)   --->   "%gmem0_2_load_req = readreq i1 @_ssdm_op_ReadReq.m_axi.i16P1A, i16 %gmem0_2_addr, i64 1" [kernel.cpp:18]   --->   Operation 1159 'readreq' 'gmem0_2_load_req' <Predicate = true> <Delay = 3.65> <CoreInst = "m_axi">   --->   Core 119 'm_axi' <Latency = 6> <II = 1> <Delay = 1.00> <Adapter> <Opcode : 'read' 'write' 'readreq' 'writereq' 'writeresp'>
ST_57 : Operation 1160 [16/71] (3.65ns)   --->   "%gmem0_3_load_req = readreq i1 @_ssdm_op_ReadReq.m_axi.i16P1A, i16 %gmem0_3_addr, i64 1" [kernel.cpp:18]   --->   Operation 1160 'readreq' 'gmem0_3_load_req' <Predicate = true> <Delay = 3.65> <CoreInst = "m_axi">   --->   Core 119 'm_axi' <Latency = 6> <II = 1> <Delay = 1.00> <Adapter> <Opcode : 'read' 'write' 'readreq' 'writereq' 'writeresp'>
ST_57 : Operation 1161 [16/71] (3.65ns)   --->   "%gmem0_4_load_req = readreq i1 @_ssdm_op_ReadReq.m_axi.i16P1A, i16 %gmem0_4_addr, i64 1" [kernel.cpp:18]   --->   Operation 1161 'readreq' 'gmem0_4_load_req' <Predicate = true> <Delay = 3.65> <CoreInst = "m_axi">   --->   Core 119 'm_axi' <Latency = 6> <II = 1> <Delay = 1.00> <Adapter> <Opcode : 'read' 'write' 'readreq' 'writereq' 'writeresp'>
ST_57 : Operation 1162 [16/71] (3.65ns)   --->   "%gmem0_5_load_req = readreq i1 @_ssdm_op_ReadReq.m_axi.i16P1A, i16 %gmem0_5_addr, i64 1" [kernel.cpp:18]   --->   Operation 1162 'readreq' 'gmem0_5_load_req' <Predicate = true> <Delay = 3.65> <CoreInst = "m_axi">   --->   Core 119 'm_axi' <Latency = 6> <II = 1> <Delay = 1.00> <Adapter> <Opcode : 'read' 'write' 'readreq' 'writereq' 'writeresp'>
ST_57 : Operation 1163 [16/71] (3.65ns)   --->   "%gmem0_6_load_req = readreq i1 @_ssdm_op_ReadReq.m_axi.i16P1A, i16 %gmem0_6_addr, i64 1" [kernel.cpp:18]   --->   Operation 1163 'readreq' 'gmem0_6_load_req' <Predicate = true> <Delay = 3.65> <CoreInst = "m_axi">   --->   Core 119 'm_axi' <Latency = 6> <II = 1> <Delay = 1.00> <Adapter> <Opcode : 'read' 'write' 'readreq' 'writereq' 'writeresp'>
ST_57 : Operation 1164 [16/71] (3.65ns)   --->   "%gmem0_7_load_req = readreq i1 @_ssdm_op_ReadReq.m_axi.i16P1A, i16 %gmem0_7_addr, i64 1" [kernel.cpp:18]   --->   Operation 1164 'readreq' 'gmem0_7_load_req' <Predicate = true> <Delay = 3.65> <CoreInst = "m_axi">   --->   Core 119 'm_axi' <Latency = 6> <II = 1> <Delay = 1.00> <Adapter> <Opcode : 'read' 'write' 'readreq' 'writereq' 'writeresp'>
ST_57 : Operation 1165 [16/71] (3.65ns)   --->   "%gmem1_1_load_req = readreq i1 @_ssdm_op_ReadReq.m_axi.i16P1A, i16 %gmem1_1_addr, i64 1" [kernel.cpp:18]   --->   Operation 1165 'readreq' 'gmem1_1_load_req' <Predicate = true> <Delay = 3.65> <CoreInst = "m_axi">   --->   Core 119 'm_axi' <Latency = 6> <II = 1> <Delay = 1.00> <Adapter> <Opcode : 'read' 'write' 'readreq' 'writereq' 'writeresp'>
ST_57 : Operation 1166 [16/71] (3.65ns)   --->   "%gmem1_2_load_req = readreq i1 @_ssdm_op_ReadReq.m_axi.i16P1A, i16 %gmem1_2_addr, i64 1" [kernel.cpp:18]   --->   Operation 1166 'readreq' 'gmem1_2_load_req' <Predicate = true> <Delay = 3.65> <CoreInst = "m_axi">   --->   Core 119 'm_axi' <Latency = 6> <II = 1> <Delay = 1.00> <Adapter> <Opcode : 'read' 'write' 'readreq' 'writereq' 'writeresp'>
ST_57 : Operation 1167 [16/71] (3.65ns)   --->   "%gmem1_3_load_req = readreq i1 @_ssdm_op_ReadReq.m_axi.i16P1A, i16 %gmem1_3_addr, i64 1" [kernel.cpp:18]   --->   Operation 1167 'readreq' 'gmem1_3_load_req' <Predicate = true> <Delay = 3.65> <CoreInst = "m_axi">   --->   Core 119 'm_axi' <Latency = 6> <II = 1> <Delay = 1.00> <Adapter> <Opcode : 'read' 'write' 'readreq' 'writereq' 'writeresp'>
ST_57 : Operation 1168 [16/71] (3.65ns)   --->   "%gmem1_4_load_req = readreq i1 @_ssdm_op_ReadReq.m_axi.i16P1A, i16 %gmem1_4_addr, i64 1" [kernel.cpp:18]   --->   Operation 1168 'readreq' 'gmem1_4_load_req' <Predicate = true> <Delay = 3.65> <CoreInst = "m_axi">   --->   Core 119 'm_axi' <Latency = 6> <II = 1> <Delay = 1.00> <Adapter> <Opcode : 'read' 'write' 'readreq' 'writereq' 'writeresp'>
ST_57 : Operation 1169 [16/71] (3.65ns)   --->   "%gmem1_5_load_req = readreq i1 @_ssdm_op_ReadReq.m_axi.i16P1A, i16 %gmem1_5_addr, i64 1" [kernel.cpp:18]   --->   Operation 1169 'readreq' 'gmem1_5_load_req' <Predicate = true> <Delay = 3.65> <CoreInst = "m_axi">   --->   Core 119 'm_axi' <Latency = 6> <II = 1> <Delay = 1.00> <Adapter> <Opcode : 'read' 'write' 'readreq' 'writereq' 'writeresp'>
ST_57 : Operation 1170 [16/71] (3.65ns)   --->   "%gmem1_6_load_req = readreq i1 @_ssdm_op_ReadReq.m_axi.i16P1A, i16 %gmem1_6_addr, i64 1" [kernel.cpp:18]   --->   Operation 1170 'readreq' 'gmem1_6_load_req' <Predicate = true> <Delay = 3.65> <CoreInst = "m_axi">   --->   Core 119 'm_axi' <Latency = 6> <II = 1> <Delay = 1.00> <Adapter> <Opcode : 'read' 'write' 'readreq' 'writereq' 'writeresp'>
ST_57 : Operation 1171 [16/71] (3.65ns)   --->   "%gmem1_7_load_req = readreq i1 @_ssdm_op_ReadReq.m_axi.i16P1A, i16 %gmem1_7_addr, i64 1" [kernel.cpp:18]   --->   Operation 1171 'readreq' 'gmem1_7_load_req' <Predicate = true> <Delay = 3.65> <CoreInst = "m_axi">   --->   Core 119 'm_axi' <Latency = 6> <II = 1> <Delay = 1.00> <Adapter> <Opcode : 'read' 'write' 'readreq' 'writereq' 'writeresp'>

State 58 <SV = 57> <Delay = 3.65>
ST_58 : Operation 1172 [15/71] (3.65ns)   --->   "%gmem0_0_load_req = readreq i1 @_ssdm_op_ReadReq.m_axi.i16P1A, i16 %gmem0_0_addr, i64 1" [kernel.cpp:18]   --->   Operation 1172 'readreq' 'gmem0_0_load_req' <Predicate = true> <Delay = 3.65> <CoreInst = "m_axi">   --->   Core 119 'm_axi' <Latency = 6> <II = 1> <Delay = 1.00> <Adapter> <Opcode : 'read' 'write' 'readreq' 'writereq' 'writeresp'>
ST_58 : Operation 1173 [15/71] (3.65ns)   --->   "%gmem1_0_load_req = readreq i1 @_ssdm_op_ReadReq.m_axi.i16P1A, i16 %gmem1_0_addr, i64 1" [kernel.cpp:18]   --->   Operation 1173 'readreq' 'gmem1_0_load_req' <Predicate = true> <Delay = 3.65> <CoreInst = "m_axi">   --->   Core 119 'm_axi' <Latency = 6> <II = 1> <Delay = 1.00> <Adapter> <Opcode : 'read' 'write' 'readreq' 'writereq' 'writeresp'>
ST_58 : Operation 1174 [15/71] (3.65ns)   --->   "%gmem0_1_load_req = readreq i1 @_ssdm_op_ReadReq.m_axi.i16P1A, i16 %gmem0_1_addr, i64 1" [kernel.cpp:18]   --->   Operation 1174 'readreq' 'gmem0_1_load_req' <Predicate = true> <Delay = 3.65> <CoreInst = "m_axi">   --->   Core 119 'm_axi' <Latency = 6> <II = 1> <Delay = 1.00> <Adapter> <Opcode : 'read' 'write' 'readreq' 'writereq' 'writeresp'>
ST_58 : Operation 1175 [15/71] (3.65ns)   --->   "%gmem0_2_load_req = readreq i1 @_ssdm_op_ReadReq.m_axi.i16P1A, i16 %gmem0_2_addr, i64 1" [kernel.cpp:18]   --->   Operation 1175 'readreq' 'gmem0_2_load_req' <Predicate = true> <Delay = 3.65> <CoreInst = "m_axi">   --->   Core 119 'm_axi' <Latency = 6> <II = 1> <Delay = 1.00> <Adapter> <Opcode : 'read' 'write' 'readreq' 'writereq' 'writeresp'>
ST_58 : Operation 1176 [15/71] (3.65ns)   --->   "%gmem0_3_load_req = readreq i1 @_ssdm_op_ReadReq.m_axi.i16P1A, i16 %gmem0_3_addr, i64 1" [kernel.cpp:18]   --->   Operation 1176 'readreq' 'gmem0_3_load_req' <Predicate = true> <Delay = 3.65> <CoreInst = "m_axi">   --->   Core 119 'm_axi' <Latency = 6> <II = 1> <Delay = 1.00> <Adapter> <Opcode : 'read' 'write' 'readreq' 'writereq' 'writeresp'>
ST_58 : Operation 1177 [15/71] (3.65ns)   --->   "%gmem0_4_load_req = readreq i1 @_ssdm_op_ReadReq.m_axi.i16P1A, i16 %gmem0_4_addr, i64 1" [kernel.cpp:18]   --->   Operation 1177 'readreq' 'gmem0_4_load_req' <Predicate = true> <Delay = 3.65> <CoreInst = "m_axi">   --->   Core 119 'm_axi' <Latency = 6> <II = 1> <Delay = 1.00> <Adapter> <Opcode : 'read' 'write' 'readreq' 'writereq' 'writeresp'>
ST_58 : Operation 1178 [15/71] (3.65ns)   --->   "%gmem0_5_load_req = readreq i1 @_ssdm_op_ReadReq.m_axi.i16P1A, i16 %gmem0_5_addr, i64 1" [kernel.cpp:18]   --->   Operation 1178 'readreq' 'gmem0_5_load_req' <Predicate = true> <Delay = 3.65> <CoreInst = "m_axi">   --->   Core 119 'm_axi' <Latency = 6> <II = 1> <Delay = 1.00> <Adapter> <Opcode : 'read' 'write' 'readreq' 'writereq' 'writeresp'>
ST_58 : Operation 1179 [15/71] (3.65ns)   --->   "%gmem0_6_load_req = readreq i1 @_ssdm_op_ReadReq.m_axi.i16P1A, i16 %gmem0_6_addr, i64 1" [kernel.cpp:18]   --->   Operation 1179 'readreq' 'gmem0_6_load_req' <Predicate = true> <Delay = 3.65> <CoreInst = "m_axi">   --->   Core 119 'm_axi' <Latency = 6> <II = 1> <Delay = 1.00> <Adapter> <Opcode : 'read' 'write' 'readreq' 'writereq' 'writeresp'>
ST_58 : Operation 1180 [15/71] (3.65ns)   --->   "%gmem0_7_load_req = readreq i1 @_ssdm_op_ReadReq.m_axi.i16P1A, i16 %gmem0_7_addr, i64 1" [kernel.cpp:18]   --->   Operation 1180 'readreq' 'gmem0_7_load_req' <Predicate = true> <Delay = 3.65> <CoreInst = "m_axi">   --->   Core 119 'm_axi' <Latency = 6> <II = 1> <Delay = 1.00> <Adapter> <Opcode : 'read' 'write' 'readreq' 'writereq' 'writeresp'>
ST_58 : Operation 1181 [15/71] (3.65ns)   --->   "%gmem1_1_load_req = readreq i1 @_ssdm_op_ReadReq.m_axi.i16P1A, i16 %gmem1_1_addr, i64 1" [kernel.cpp:18]   --->   Operation 1181 'readreq' 'gmem1_1_load_req' <Predicate = true> <Delay = 3.65> <CoreInst = "m_axi">   --->   Core 119 'm_axi' <Latency = 6> <II = 1> <Delay = 1.00> <Adapter> <Opcode : 'read' 'write' 'readreq' 'writereq' 'writeresp'>
ST_58 : Operation 1182 [15/71] (3.65ns)   --->   "%gmem1_2_load_req = readreq i1 @_ssdm_op_ReadReq.m_axi.i16P1A, i16 %gmem1_2_addr, i64 1" [kernel.cpp:18]   --->   Operation 1182 'readreq' 'gmem1_2_load_req' <Predicate = true> <Delay = 3.65> <CoreInst = "m_axi">   --->   Core 119 'm_axi' <Latency = 6> <II = 1> <Delay = 1.00> <Adapter> <Opcode : 'read' 'write' 'readreq' 'writereq' 'writeresp'>
ST_58 : Operation 1183 [15/71] (3.65ns)   --->   "%gmem1_3_load_req = readreq i1 @_ssdm_op_ReadReq.m_axi.i16P1A, i16 %gmem1_3_addr, i64 1" [kernel.cpp:18]   --->   Operation 1183 'readreq' 'gmem1_3_load_req' <Predicate = true> <Delay = 3.65> <CoreInst = "m_axi">   --->   Core 119 'm_axi' <Latency = 6> <II = 1> <Delay = 1.00> <Adapter> <Opcode : 'read' 'write' 'readreq' 'writereq' 'writeresp'>
ST_58 : Operation 1184 [15/71] (3.65ns)   --->   "%gmem1_4_load_req = readreq i1 @_ssdm_op_ReadReq.m_axi.i16P1A, i16 %gmem1_4_addr, i64 1" [kernel.cpp:18]   --->   Operation 1184 'readreq' 'gmem1_4_load_req' <Predicate = true> <Delay = 3.65> <CoreInst = "m_axi">   --->   Core 119 'm_axi' <Latency = 6> <II = 1> <Delay = 1.00> <Adapter> <Opcode : 'read' 'write' 'readreq' 'writereq' 'writeresp'>
ST_58 : Operation 1185 [15/71] (3.65ns)   --->   "%gmem1_5_load_req = readreq i1 @_ssdm_op_ReadReq.m_axi.i16P1A, i16 %gmem1_5_addr, i64 1" [kernel.cpp:18]   --->   Operation 1185 'readreq' 'gmem1_5_load_req' <Predicate = true> <Delay = 3.65> <CoreInst = "m_axi">   --->   Core 119 'm_axi' <Latency = 6> <II = 1> <Delay = 1.00> <Adapter> <Opcode : 'read' 'write' 'readreq' 'writereq' 'writeresp'>
ST_58 : Operation 1186 [15/71] (3.65ns)   --->   "%gmem1_6_load_req = readreq i1 @_ssdm_op_ReadReq.m_axi.i16P1A, i16 %gmem1_6_addr, i64 1" [kernel.cpp:18]   --->   Operation 1186 'readreq' 'gmem1_6_load_req' <Predicate = true> <Delay = 3.65> <CoreInst = "m_axi">   --->   Core 119 'm_axi' <Latency = 6> <II = 1> <Delay = 1.00> <Adapter> <Opcode : 'read' 'write' 'readreq' 'writereq' 'writeresp'>
ST_58 : Operation 1187 [15/71] (3.65ns)   --->   "%gmem1_7_load_req = readreq i1 @_ssdm_op_ReadReq.m_axi.i16P1A, i16 %gmem1_7_addr, i64 1" [kernel.cpp:18]   --->   Operation 1187 'readreq' 'gmem1_7_load_req' <Predicate = true> <Delay = 3.65> <CoreInst = "m_axi">   --->   Core 119 'm_axi' <Latency = 6> <II = 1> <Delay = 1.00> <Adapter> <Opcode : 'read' 'write' 'readreq' 'writereq' 'writeresp'>

State 59 <SV = 58> <Delay = 3.65>
ST_59 : Operation 1188 [14/71] (3.65ns)   --->   "%gmem0_0_load_req = readreq i1 @_ssdm_op_ReadReq.m_axi.i16P1A, i16 %gmem0_0_addr, i64 1" [kernel.cpp:18]   --->   Operation 1188 'readreq' 'gmem0_0_load_req' <Predicate = true> <Delay = 3.65> <CoreInst = "m_axi">   --->   Core 119 'm_axi' <Latency = 6> <II = 1> <Delay = 1.00> <Adapter> <Opcode : 'read' 'write' 'readreq' 'writereq' 'writeresp'>
ST_59 : Operation 1189 [14/71] (3.65ns)   --->   "%gmem1_0_load_req = readreq i1 @_ssdm_op_ReadReq.m_axi.i16P1A, i16 %gmem1_0_addr, i64 1" [kernel.cpp:18]   --->   Operation 1189 'readreq' 'gmem1_0_load_req' <Predicate = true> <Delay = 3.65> <CoreInst = "m_axi">   --->   Core 119 'm_axi' <Latency = 6> <II = 1> <Delay = 1.00> <Adapter> <Opcode : 'read' 'write' 'readreq' 'writereq' 'writeresp'>
ST_59 : Operation 1190 [14/71] (3.65ns)   --->   "%gmem0_1_load_req = readreq i1 @_ssdm_op_ReadReq.m_axi.i16P1A, i16 %gmem0_1_addr, i64 1" [kernel.cpp:18]   --->   Operation 1190 'readreq' 'gmem0_1_load_req' <Predicate = true> <Delay = 3.65> <CoreInst = "m_axi">   --->   Core 119 'm_axi' <Latency = 6> <II = 1> <Delay = 1.00> <Adapter> <Opcode : 'read' 'write' 'readreq' 'writereq' 'writeresp'>
ST_59 : Operation 1191 [14/71] (3.65ns)   --->   "%gmem0_2_load_req = readreq i1 @_ssdm_op_ReadReq.m_axi.i16P1A, i16 %gmem0_2_addr, i64 1" [kernel.cpp:18]   --->   Operation 1191 'readreq' 'gmem0_2_load_req' <Predicate = true> <Delay = 3.65> <CoreInst = "m_axi">   --->   Core 119 'm_axi' <Latency = 6> <II = 1> <Delay = 1.00> <Adapter> <Opcode : 'read' 'write' 'readreq' 'writereq' 'writeresp'>
ST_59 : Operation 1192 [14/71] (3.65ns)   --->   "%gmem0_3_load_req = readreq i1 @_ssdm_op_ReadReq.m_axi.i16P1A, i16 %gmem0_3_addr, i64 1" [kernel.cpp:18]   --->   Operation 1192 'readreq' 'gmem0_3_load_req' <Predicate = true> <Delay = 3.65> <CoreInst = "m_axi">   --->   Core 119 'm_axi' <Latency = 6> <II = 1> <Delay = 1.00> <Adapter> <Opcode : 'read' 'write' 'readreq' 'writereq' 'writeresp'>
ST_59 : Operation 1193 [14/71] (3.65ns)   --->   "%gmem0_4_load_req = readreq i1 @_ssdm_op_ReadReq.m_axi.i16P1A, i16 %gmem0_4_addr, i64 1" [kernel.cpp:18]   --->   Operation 1193 'readreq' 'gmem0_4_load_req' <Predicate = true> <Delay = 3.65> <CoreInst = "m_axi">   --->   Core 119 'm_axi' <Latency = 6> <II = 1> <Delay = 1.00> <Adapter> <Opcode : 'read' 'write' 'readreq' 'writereq' 'writeresp'>
ST_59 : Operation 1194 [14/71] (3.65ns)   --->   "%gmem0_5_load_req = readreq i1 @_ssdm_op_ReadReq.m_axi.i16P1A, i16 %gmem0_5_addr, i64 1" [kernel.cpp:18]   --->   Operation 1194 'readreq' 'gmem0_5_load_req' <Predicate = true> <Delay = 3.65> <CoreInst = "m_axi">   --->   Core 119 'm_axi' <Latency = 6> <II = 1> <Delay = 1.00> <Adapter> <Opcode : 'read' 'write' 'readreq' 'writereq' 'writeresp'>
ST_59 : Operation 1195 [14/71] (3.65ns)   --->   "%gmem0_6_load_req = readreq i1 @_ssdm_op_ReadReq.m_axi.i16P1A, i16 %gmem0_6_addr, i64 1" [kernel.cpp:18]   --->   Operation 1195 'readreq' 'gmem0_6_load_req' <Predicate = true> <Delay = 3.65> <CoreInst = "m_axi">   --->   Core 119 'm_axi' <Latency = 6> <II = 1> <Delay = 1.00> <Adapter> <Opcode : 'read' 'write' 'readreq' 'writereq' 'writeresp'>
ST_59 : Operation 1196 [14/71] (3.65ns)   --->   "%gmem0_7_load_req = readreq i1 @_ssdm_op_ReadReq.m_axi.i16P1A, i16 %gmem0_7_addr, i64 1" [kernel.cpp:18]   --->   Operation 1196 'readreq' 'gmem0_7_load_req' <Predicate = true> <Delay = 3.65> <CoreInst = "m_axi">   --->   Core 119 'm_axi' <Latency = 6> <II = 1> <Delay = 1.00> <Adapter> <Opcode : 'read' 'write' 'readreq' 'writereq' 'writeresp'>
ST_59 : Operation 1197 [14/71] (3.65ns)   --->   "%gmem1_1_load_req = readreq i1 @_ssdm_op_ReadReq.m_axi.i16P1A, i16 %gmem1_1_addr, i64 1" [kernel.cpp:18]   --->   Operation 1197 'readreq' 'gmem1_1_load_req' <Predicate = true> <Delay = 3.65> <CoreInst = "m_axi">   --->   Core 119 'm_axi' <Latency = 6> <II = 1> <Delay = 1.00> <Adapter> <Opcode : 'read' 'write' 'readreq' 'writereq' 'writeresp'>
ST_59 : Operation 1198 [14/71] (3.65ns)   --->   "%gmem1_2_load_req = readreq i1 @_ssdm_op_ReadReq.m_axi.i16P1A, i16 %gmem1_2_addr, i64 1" [kernel.cpp:18]   --->   Operation 1198 'readreq' 'gmem1_2_load_req' <Predicate = true> <Delay = 3.65> <CoreInst = "m_axi">   --->   Core 119 'm_axi' <Latency = 6> <II = 1> <Delay = 1.00> <Adapter> <Opcode : 'read' 'write' 'readreq' 'writereq' 'writeresp'>
ST_59 : Operation 1199 [14/71] (3.65ns)   --->   "%gmem1_3_load_req = readreq i1 @_ssdm_op_ReadReq.m_axi.i16P1A, i16 %gmem1_3_addr, i64 1" [kernel.cpp:18]   --->   Operation 1199 'readreq' 'gmem1_3_load_req' <Predicate = true> <Delay = 3.65> <CoreInst = "m_axi">   --->   Core 119 'm_axi' <Latency = 6> <II = 1> <Delay = 1.00> <Adapter> <Opcode : 'read' 'write' 'readreq' 'writereq' 'writeresp'>
ST_59 : Operation 1200 [14/71] (3.65ns)   --->   "%gmem1_4_load_req = readreq i1 @_ssdm_op_ReadReq.m_axi.i16P1A, i16 %gmem1_4_addr, i64 1" [kernel.cpp:18]   --->   Operation 1200 'readreq' 'gmem1_4_load_req' <Predicate = true> <Delay = 3.65> <CoreInst = "m_axi">   --->   Core 119 'm_axi' <Latency = 6> <II = 1> <Delay = 1.00> <Adapter> <Opcode : 'read' 'write' 'readreq' 'writereq' 'writeresp'>
ST_59 : Operation 1201 [14/71] (3.65ns)   --->   "%gmem1_5_load_req = readreq i1 @_ssdm_op_ReadReq.m_axi.i16P1A, i16 %gmem1_5_addr, i64 1" [kernel.cpp:18]   --->   Operation 1201 'readreq' 'gmem1_5_load_req' <Predicate = true> <Delay = 3.65> <CoreInst = "m_axi">   --->   Core 119 'm_axi' <Latency = 6> <II = 1> <Delay = 1.00> <Adapter> <Opcode : 'read' 'write' 'readreq' 'writereq' 'writeresp'>
ST_59 : Operation 1202 [14/71] (3.65ns)   --->   "%gmem1_6_load_req = readreq i1 @_ssdm_op_ReadReq.m_axi.i16P1A, i16 %gmem1_6_addr, i64 1" [kernel.cpp:18]   --->   Operation 1202 'readreq' 'gmem1_6_load_req' <Predicate = true> <Delay = 3.65> <CoreInst = "m_axi">   --->   Core 119 'm_axi' <Latency = 6> <II = 1> <Delay = 1.00> <Adapter> <Opcode : 'read' 'write' 'readreq' 'writereq' 'writeresp'>
ST_59 : Operation 1203 [14/71] (3.65ns)   --->   "%gmem1_7_load_req = readreq i1 @_ssdm_op_ReadReq.m_axi.i16P1A, i16 %gmem1_7_addr, i64 1" [kernel.cpp:18]   --->   Operation 1203 'readreq' 'gmem1_7_load_req' <Predicate = true> <Delay = 3.65> <CoreInst = "m_axi">   --->   Core 119 'm_axi' <Latency = 6> <II = 1> <Delay = 1.00> <Adapter> <Opcode : 'read' 'write' 'readreq' 'writereq' 'writeresp'>

State 60 <SV = 59> <Delay = 3.65>
ST_60 : Operation 1204 [13/71] (3.65ns)   --->   "%gmem0_0_load_req = readreq i1 @_ssdm_op_ReadReq.m_axi.i16P1A, i16 %gmem0_0_addr, i64 1" [kernel.cpp:18]   --->   Operation 1204 'readreq' 'gmem0_0_load_req' <Predicate = true> <Delay = 3.65> <CoreInst = "m_axi">   --->   Core 119 'm_axi' <Latency = 6> <II = 1> <Delay = 1.00> <Adapter> <Opcode : 'read' 'write' 'readreq' 'writereq' 'writeresp'>
ST_60 : Operation 1205 [13/71] (3.65ns)   --->   "%gmem1_0_load_req = readreq i1 @_ssdm_op_ReadReq.m_axi.i16P1A, i16 %gmem1_0_addr, i64 1" [kernel.cpp:18]   --->   Operation 1205 'readreq' 'gmem1_0_load_req' <Predicate = true> <Delay = 3.65> <CoreInst = "m_axi">   --->   Core 119 'm_axi' <Latency = 6> <II = 1> <Delay = 1.00> <Adapter> <Opcode : 'read' 'write' 'readreq' 'writereq' 'writeresp'>
ST_60 : Operation 1206 [13/71] (3.65ns)   --->   "%gmem0_1_load_req = readreq i1 @_ssdm_op_ReadReq.m_axi.i16P1A, i16 %gmem0_1_addr, i64 1" [kernel.cpp:18]   --->   Operation 1206 'readreq' 'gmem0_1_load_req' <Predicate = true> <Delay = 3.65> <CoreInst = "m_axi">   --->   Core 119 'm_axi' <Latency = 6> <II = 1> <Delay = 1.00> <Adapter> <Opcode : 'read' 'write' 'readreq' 'writereq' 'writeresp'>
ST_60 : Operation 1207 [13/71] (3.65ns)   --->   "%gmem0_2_load_req = readreq i1 @_ssdm_op_ReadReq.m_axi.i16P1A, i16 %gmem0_2_addr, i64 1" [kernel.cpp:18]   --->   Operation 1207 'readreq' 'gmem0_2_load_req' <Predicate = true> <Delay = 3.65> <CoreInst = "m_axi">   --->   Core 119 'm_axi' <Latency = 6> <II = 1> <Delay = 1.00> <Adapter> <Opcode : 'read' 'write' 'readreq' 'writereq' 'writeresp'>
ST_60 : Operation 1208 [13/71] (3.65ns)   --->   "%gmem0_3_load_req = readreq i1 @_ssdm_op_ReadReq.m_axi.i16P1A, i16 %gmem0_3_addr, i64 1" [kernel.cpp:18]   --->   Operation 1208 'readreq' 'gmem0_3_load_req' <Predicate = true> <Delay = 3.65> <CoreInst = "m_axi">   --->   Core 119 'm_axi' <Latency = 6> <II = 1> <Delay = 1.00> <Adapter> <Opcode : 'read' 'write' 'readreq' 'writereq' 'writeresp'>
ST_60 : Operation 1209 [13/71] (3.65ns)   --->   "%gmem0_4_load_req = readreq i1 @_ssdm_op_ReadReq.m_axi.i16P1A, i16 %gmem0_4_addr, i64 1" [kernel.cpp:18]   --->   Operation 1209 'readreq' 'gmem0_4_load_req' <Predicate = true> <Delay = 3.65> <CoreInst = "m_axi">   --->   Core 119 'm_axi' <Latency = 6> <II = 1> <Delay = 1.00> <Adapter> <Opcode : 'read' 'write' 'readreq' 'writereq' 'writeresp'>
ST_60 : Operation 1210 [13/71] (3.65ns)   --->   "%gmem0_5_load_req = readreq i1 @_ssdm_op_ReadReq.m_axi.i16P1A, i16 %gmem0_5_addr, i64 1" [kernel.cpp:18]   --->   Operation 1210 'readreq' 'gmem0_5_load_req' <Predicate = true> <Delay = 3.65> <CoreInst = "m_axi">   --->   Core 119 'm_axi' <Latency = 6> <II = 1> <Delay = 1.00> <Adapter> <Opcode : 'read' 'write' 'readreq' 'writereq' 'writeresp'>
ST_60 : Operation 1211 [13/71] (3.65ns)   --->   "%gmem0_6_load_req = readreq i1 @_ssdm_op_ReadReq.m_axi.i16P1A, i16 %gmem0_6_addr, i64 1" [kernel.cpp:18]   --->   Operation 1211 'readreq' 'gmem0_6_load_req' <Predicate = true> <Delay = 3.65> <CoreInst = "m_axi">   --->   Core 119 'm_axi' <Latency = 6> <II = 1> <Delay = 1.00> <Adapter> <Opcode : 'read' 'write' 'readreq' 'writereq' 'writeresp'>
ST_60 : Operation 1212 [13/71] (3.65ns)   --->   "%gmem0_7_load_req = readreq i1 @_ssdm_op_ReadReq.m_axi.i16P1A, i16 %gmem0_7_addr, i64 1" [kernel.cpp:18]   --->   Operation 1212 'readreq' 'gmem0_7_load_req' <Predicate = true> <Delay = 3.65> <CoreInst = "m_axi">   --->   Core 119 'm_axi' <Latency = 6> <II = 1> <Delay = 1.00> <Adapter> <Opcode : 'read' 'write' 'readreq' 'writereq' 'writeresp'>
ST_60 : Operation 1213 [13/71] (3.65ns)   --->   "%gmem1_1_load_req = readreq i1 @_ssdm_op_ReadReq.m_axi.i16P1A, i16 %gmem1_1_addr, i64 1" [kernel.cpp:18]   --->   Operation 1213 'readreq' 'gmem1_1_load_req' <Predicate = true> <Delay = 3.65> <CoreInst = "m_axi">   --->   Core 119 'm_axi' <Latency = 6> <II = 1> <Delay = 1.00> <Adapter> <Opcode : 'read' 'write' 'readreq' 'writereq' 'writeresp'>
ST_60 : Operation 1214 [13/71] (3.65ns)   --->   "%gmem1_2_load_req = readreq i1 @_ssdm_op_ReadReq.m_axi.i16P1A, i16 %gmem1_2_addr, i64 1" [kernel.cpp:18]   --->   Operation 1214 'readreq' 'gmem1_2_load_req' <Predicate = true> <Delay = 3.65> <CoreInst = "m_axi">   --->   Core 119 'm_axi' <Latency = 6> <II = 1> <Delay = 1.00> <Adapter> <Opcode : 'read' 'write' 'readreq' 'writereq' 'writeresp'>
ST_60 : Operation 1215 [13/71] (3.65ns)   --->   "%gmem1_3_load_req = readreq i1 @_ssdm_op_ReadReq.m_axi.i16P1A, i16 %gmem1_3_addr, i64 1" [kernel.cpp:18]   --->   Operation 1215 'readreq' 'gmem1_3_load_req' <Predicate = true> <Delay = 3.65> <CoreInst = "m_axi">   --->   Core 119 'm_axi' <Latency = 6> <II = 1> <Delay = 1.00> <Adapter> <Opcode : 'read' 'write' 'readreq' 'writereq' 'writeresp'>
ST_60 : Operation 1216 [13/71] (3.65ns)   --->   "%gmem1_4_load_req = readreq i1 @_ssdm_op_ReadReq.m_axi.i16P1A, i16 %gmem1_4_addr, i64 1" [kernel.cpp:18]   --->   Operation 1216 'readreq' 'gmem1_4_load_req' <Predicate = true> <Delay = 3.65> <CoreInst = "m_axi">   --->   Core 119 'm_axi' <Latency = 6> <II = 1> <Delay = 1.00> <Adapter> <Opcode : 'read' 'write' 'readreq' 'writereq' 'writeresp'>
ST_60 : Operation 1217 [13/71] (3.65ns)   --->   "%gmem1_5_load_req = readreq i1 @_ssdm_op_ReadReq.m_axi.i16P1A, i16 %gmem1_5_addr, i64 1" [kernel.cpp:18]   --->   Operation 1217 'readreq' 'gmem1_5_load_req' <Predicate = true> <Delay = 3.65> <CoreInst = "m_axi">   --->   Core 119 'm_axi' <Latency = 6> <II = 1> <Delay = 1.00> <Adapter> <Opcode : 'read' 'write' 'readreq' 'writereq' 'writeresp'>
ST_60 : Operation 1218 [13/71] (3.65ns)   --->   "%gmem1_6_load_req = readreq i1 @_ssdm_op_ReadReq.m_axi.i16P1A, i16 %gmem1_6_addr, i64 1" [kernel.cpp:18]   --->   Operation 1218 'readreq' 'gmem1_6_load_req' <Predicate = true> <Delay = 3.65> <CoreInst = "m_axi">   --->   Core 119 'm_axi' <Latency = 6> <II = 1> <Delay = 1.00> <Adapter> <Opcode : 'read' 'write' 'readreq' 'writereq' 'writeresp'>
ST_60 : Operation 1219 [13/71] (3.65ns)   --->   "%gmem1_7_load_req = readreq i1 @_ssdm_op_ReadReq.m_axi.i16P1A, i16 %gmem1_7_addr, i64 1" [kernel.cpp:18]   --->   Operation 1219 'readreq' 'gmem1_7_load_req' <Predicate = true> <Delay = 3.65> <CoreInst = "m_axi">   --->   Core 119 'm_axi' <Latency = 6> <II = 1> <Delay = 1.00> <Adapter> <Opcode : 'read' 'write' 'readreq' 'writereq' 'writeresp'>

State 61 <SV = 60> <Delay = 3.65>
ST_61 : Operation 1220 [12/71] (3.65ns)   --->   "%gmem0_0_load_req = readreq i1 @_ssdm_op_ReadReq.m_axi.i16P1A, i16 %gmem0_0_addr, i64 1" [kernel.cpp:18]   --->   Operation 1220 'readreq' 'gmem0_0_load_req' <Predicate = true> <Delay = 3.65> <CoreInst = "m_axi">   --->   Core 119 'm_axi' <Latency = 6> <II = 1> <Delay = 1.00> <Adapter> <Opcode : 'read' 'write' 'readreq' 'writereq' 'writeresp'>
ST_61 : Operation 1221 [12/71] (3.65ns)   --->   "%gmem1_0_load_req = readreq i1 @_ssdm_op_ReadReq.m_axi.i16P1A, i16 %gmem1_0_addr, i64 1" [kernel.cpp:18]   --->   Operation 1221 'readreq' 'gmem1_0_load_req' <Predicate = true> <Delay = 3.65> <CoreInst = "m_axi">   --->   Core 119 'm_axi' <Latency = 6> <II = 1> <Delay = 1.00> <Adapter> <Opcode : 'read' 'write' 'readreq' 'writereq' 'writeresp'>
ST_61 : Operation 1222 [12/71] (3.65ns)   --->   "%gmem0_1_load_req = readreq i1 @_ssdm_op_ReadReq.m_axi.i16P1A, i16 %gmem0_1_addr, i64 1" [kernel.cpp:18]   --->   Operation 1222 'readreq' 'gmem0_1_load_req' <Predicate = true> <Delay = 3.65> <CoreInst = "m_axi">   --->   Core 119 'm_axi' <Latency = 6> <II = 1> <Delay = 1.00> <Adapter> <Opcode : 'read' 'write' 'readreq' 'writereq' 'writeresp'>
ST_61 : Operation 1223 [12/71] (3.65ns)   --->   "%gmem0_2_load_req = readreq i1 @_ssdm_op_ReadReq.m_axi.i16P1A, i16 %gmem0_2_addr, i64 1" [kernel.cpp:18]   --->   Operation 1223 'readreq' 'gmem0_2_load_req' <Predicate = true> <Delay = 3.65> <CoreInst = "m_axi">   --->   Core 119 'm_axi' <Latency = 6> <II = 1> <Delay = 1.00> <Adapter> <Opcode : 'read' 'write' 'readreq' 'writereq' 'writeresp'>
ST_61 : Operation 1224 [12/71] (3.65ns)   --->   "%gmem0_3_load_req = readreq i1 @_ssdm_op_ReadReq.m_axi.i16P1A, i16 %gmem0_3_addr, i64 1" [kernel.cpp:18]   --->   Operation 1224 'readreq' 'gmem0_3_load_req' <Predicate = true> <Delay = 3.65> <CoreInst = "m_axi">   --->   Core 119 'm_axi' <Latency = 6> <II = 1> <Delay = 1.00> <Adapter> <Opcode : 'read' 'write' 'readreq' 'writereq' 'writeresp'>
ST_61 : Operation 1225 [12/71] (3.65ns)   --->   "%gmem0_4_load_req = readreq i1 @_ssdm_op_ReadReq.m_axi.i16P1A, i16 %gmem0_4_addr, i64 1" [kernel.cpp:18]   --->   Operation 1225 'readreq' 'gmem0_4_load_req' <Predicate = true> <Delay = 3.65> <CoreInst = "m_axi">   --->   Core 119 'm_axi' <Latency = 6> <II = 1> <Delay = 1.00> <Adapter> <Opcode : 'read' 'write' 'readreq' 'writereq' 'writeresp'>
ST_61 : Operation 1226 [12/71] (3.65ns)   --->   "%gmem0_5_load_req = readreq i1 @_ssdm_op_ReadReq.m_axi.i16P1A, i16 %gmem0_5_addr, i64 1" [kernel.cpp:18]   --->   Operation 1226 'readreq' 'gmem0_5_load_req' <Predicate = true> <Delay = 3.65> <CoreInst = "m_axi">   --->   Core 119 'm_axi' <Latency = 6> <II = 1> <Delay = 1.00> <Adapter> <Opcode : 'read' 'write' 'readreq' 'writereq' 'writeresp'>
ST_61 : Operation 1227 [12/71] (3.65ns)   --->   "%gmem0_6_load_req = readreq i1 @_ssdm_op_ReadReq.m_axi.i16P1A, i16 %gmem0_6_addr, i64 1" [kernel.cpp:18]   --->   Operation 1227 'readreq' 'gmem0_6_load_req' <Predicate = true> <Delay = 3.65> <CoreInst = "m_axi">   --->   Core 119 'm_axi' <Latency = 6> <II = 1> <Delay = 1.00> <Adapter> <Opcode : 'read' 'write' 'readreq' 'writereq' 'writeresp'>
ST_61 : Operation 1228 [12/71] (3.65ns)   --->   "%gmem0_7_load_req = readreq i1 @_ssdm_op_ReadReq.m_axi.i16P1A, i16 %gmem0_7_addr, i64 1" [kernel.cpp:18]   --->   Operation 1228 'readreq' 'gmem0_7_load_req' <Predicate = true> <Delay = 3.65> <CoreInst = "m_axi">   --->   Core 119 'm_axi' <Latency = 6> <II = 1> <Delay = 1.00> <Adapter> <Opcode : 'read' 'write' 'readreq' 'writereq' 'writeresp'>
ST_61 : Operation 1229 [12/71] (3.65ns)   --->   "%gmem1_1_load_req = readreq i1 @_ssdm_op_ReadReq.m_axi.i16P1A, i16 %gmem1_1_addr, i64 1" [kernel.cpp:18]   --->   Operation 1229 'readreq' 'gmem1_1_load_req' <Predicate = true> <Delay = 3.65> <CoreInst = "m_axi">   --->   Core 119 'm_axi' <Latency = 6> <II = 1> <Delay = 1.00> <Adapter> <Opcode : 'read' 'write' 'readreq' 'writereq' 'writeresp'>
ST_61 : Operation 1230 [12/71] (3.65ns)   --->   "%gmem1_2_load_req = readreq i1 @_ssdm_op_ReadReq.m_axi.i16P1A, i16 %gmem1_2_addr, i64 1" [kernel.cpp:18]   --->   Operation 1230 'readreq' 'gmem1_2_load_req' <Predicate = true> <Delay = 3.65> <CoreInst = "m_axi">   --->   Core 119 'm_axi' <Latency = 6> <II = 1> <Delay = 1.00> <Adapter> <Opcode : 'read' 'write' 'readreq' 'writereq' 'writeresp'>
ST_61 : Operation 1231 [12/71] (3.65ns)   --->   "%gmem1_3_load_req = readreq i1 @_ssdm_op_ReadReq.m_axi.i16P1A, i16 %gmem1_3_addr, i64 1" [kernel.cpp:18]   --->   Operation 1231 'readreq' 'gmem1_3_load_req' <Predicate = true> <Delay = 3.65> <CoreInst = "m_axi">   --->   Core 119 'm_axi' <Latency = 6> <II = 1> <Delay = 1.00> <Adapter> <Opcode : 'read' 'write' 'readreq' 'writereq' 'writeresp'>
ST_61 : Operation 1232 [12/71] (3.65ns)   --->   "%gmem1_4_load_req = readreq i1 @_ssdm_op_ReadReq.m_axi.i16P1A, i16 %gmem1_4_addr, i64 1" [kernel.cpp:18]   --->   Operation 1232 'readreq' 'gmem1_4_load_req' <Predicate = true> <Delay = 3.65> <CoreInst = "m_axi">   --->   Core 119 'm_axi' <Latency = 6> <II = 1> <Delay = 1.00> <Adapter> <Opcode : 'read' 'write' 'readreq' 'writereq' 'writeresp'>
ST_61 : Operation 1233 [12/71] (3.65ns)   --->   "%gmem1_5_load_req = readreq i1 @_ssdm_op_ReadReq.m_axi.i16P1A, i16 %gmem1_5_addr, i64 1" [kernel.cpp:18]   --->   Operation 1233 'readreq' 'gmem1_5_load_req' <Predicate = true> <Delay = 3.65> <CoreInst = "m_axi">   --->   Core 119 'm_axi' <Latency = 6> <II = 1> <Delay = 1.00> <Adapter> <Opcode : 'read' 'write' 'readreq' 'writereq' 'writeresp'>
ST_61 : Operation 1234 [12/71] (3.65ns)   --->   "%gmem1_6_load_req = readreq i1 @_ssdm_op_ReadReq.m_axi.i16P1A, i16 %gmem1_6_addr, i64 1" [kernel.cpp:18]   --->   Operation 1234 'readreq' 'gmem1_6_load_req' <Predicate = true> <Delay = 3.65> <CoreInst = "m_axi">   --->   Core 119 'm_axi' <Latency = 6> <II = 1> <Delay = 1.00> <Adapter> <Opcode : 'read' 'write' 'readreq' 'writereq' 'writeresp'>
ST_61 : Operation 1235 [12/71] (3.65ns)   --->   "%gmem1_7_load_req = readreq i1 @_ssdm_op_ReadReq.m_axi.i16P1A, i16 %gmem1_7_addr, i64 1" [kernel.cpp:18]   --->   Operation 1235 'readreq' 'gmem1_7_load_req' <Predicate = true> <Delay = 3.65> <CoreInst = "m_axi">   --->   Core 119 'm_axi' <Latency = 6> <II = 1> <Delay = 1.00> <Adapter> <Opcode : 'read' 'write' 'readreq' 'writereq' 'writeresp'>

State 62 <SV = 61> <Delay = 3.65>
ST_62 : Operation 1236 [11/71] (3.65ns)   --->   "%gmem0_0_load_req = readreq i1 @_ssdm_op_ReadReq.m_axi.i16P1A, i16 %gmem0_0_addr, i64 1" [kernel.cpp:18]   --->   Operation 1236 'readreq' 'gmem0_0_load_req' <Predicate = true> <Delay = 3.65> <CoreInst = "m_axi">   --->   Core 119 'm_axi' <Latency = 6> <II = 1> <Delay = 1.00> <Adapter> <Opcode : 'read' 'write' 'readreq' 'writereq' 'writeresp'>
ST_62 : Operation 1237 [11/71] (3.65ns)   --->   "%gmem1_0_load_req = readreq i1 @_ssdm_op_ReadReq.m_axi.i16P1A, i16 %gmem1_0_addr, i64 1" [kernel.cpp:18]   --->   Operation 1237 'readreq' 'gmem1_0_load_req' <Predicate = true> <Delay = 3.65> <CoreInst = "m_axi">   --->   Core 119 'm_axi' <Latency = 6> <II = 1> <Delay = 1.00> <Adapter> <Opcode : 'read' 'write' 'readreq' 'writereq' 'writeresp'>
ST_62 : Operation 1238 [11/71] (3.65ns)   --->   "%gmem0_1_load_req = readreq i1 @_ssdm_op_ReadReq.m_axi.i16P1A, i16 %gmem0_1_addr, i64 1" [kernel.cpp:18]   --->   Operation 1238 'readreq' 'gmem0_1_load_req' <Predicate = true> <Delay = 3.65> <CoreInst = "m_axi">   --->   Core 119 'm_axi' <Latency = 6> <II = 1> <Delay = 1.00> <Adapter> <Opcode : 'read' 'write' 'readreq' 'writereq' 'writeresp'>
ST_62 : Operation 1239 [11/71] (3.65ns)   --->   "%gmem0_2_load_req = readreq i1 @_ssdm_op_ReadReq.m_axi.i16P1A, i16 %gmem0_2_addr, i64 1" [kernel.cpp:18]   --->   Operation 1239 'readreq' 'gmem0_2_load_req' <Predicate = true> <Delay = 3.65> <CoreInst = "m_axi">   --->   Core 119 'm_axi' <Latency = 6> <II = 1> <Delay = 1.00> <Adapter> <Opcode : 'read' 'write' 'readreq' 'writereq' 'writeresp'>
ST_62 : Operation 1240 [11/71] (3.65ns)   --->   "%gmem0_3_load_req = readreq i1 @_ssdm_op_ReadReq.m_axi.i16P1A, i16 %gmem0_3_addr, i64 1" [kernel.cpp:18]   --->   Operation 1240 'readreq' 'gmem0_3_load_req' <Predicate = true> <Delay = 3.65> <CoreInst = "m_axi">   --->   Core 119 'm_axi' <Latency = 6> <II = 1> <Delay = 1.00> <Adapter> <Opcode : 'read' 'write' 'readreq' 'writereq' 'writeresp'>
ST_62 : Operation 1241 [11/71] (3.65ns)   --->   "%gmem0_4_load_req = readreq i1 @_ssdm_op_ReadReq.m_axi.i16P1A, i16 %gmem0_4_addr, i64 1" [kernel.cpp:18]   --->   Operation 1241 'readreq' 'gmem0_4_load_req' <Predicate = true> <Delay = 3.65> <CoreInst = "m_axi">   --->   Core 119 'm_axi' <Latency = 6> <II = 1> <Delay = 1.00> <Adapter> <Opcode : 'read' 'write' 'readreq' 'writereq' 'writeresp'>
ST_62 : Operation 1242 [11/71] (3.65ns)   --->   "%gmem0_5_load_req = readreq i1 @_ssdm_op_ReadReq.m_axi.i16P1A, i16 %gmem0_5_addr, i64 1" [kernel.cpp:18]   --->   Operation 1242 'readreq' 'gmem0_5_load_req' <Predicate = true> <Delay = 3.65> <CoreInst = "m_axi">   --->   Core 119 'm_axi' <Latency = 6> <II = 1> <Delay = 1.00> <Adapter> <Opcode : 'read' 'write' 'readreq' 'writereq' 'writeresp'>
ST_62 : Operation 1243 [11/71] (3.65ns)   --->   "%gmem0_6_load_req = readreq i1 @_ssdm_op_ReadReq.m_axi.i16P1A, i16 %gmem0_6_addr, i64 1" [kernel.cpp:18]   --->   Operation 1243 'readreq' 'gmem0_6_load_req' <Predicate = true> <Delay = 3.65> <CoreInst = "m_axi">   --->   Core 119 'm_axi' <Latency = 6> <II = 1> <Delay = 1.00> <Adapter> <Opcode : 'read' 'write' 'readreq' 'writereq' 'writeresp'>
ST_62 : Operation 1244 [11/71] (3.65ns)   --->   "%gmem0_7_load_req = readreq i1 @_ssdm_op_ReadReq.m_axi.i16P1A, i16 %gmem0_7_addr, i64 1" [kernel.cpp:18]   --->   Operation 1244 'readreq' 'gmem0_7_load_req' <Predicate = true> <Delay = 3.65> <CoreInst = "m_axi">   --->   Core 119 'm_axi' <Latency = 6> <II = 1> <Delay = 1.00> <Adapter> <Opcode : 'read' 'write' 'readreq' 'writereq' 'writeresp'>
ST_62 : Operation 1245 [11/71] (3.65ns)   --->   "%gmem1_1_load_req = readreq i1 @_ssdm_op_ReadReq.m_axi.i16P1A, i16 %gmem1_1_addr, i64 1" [kernel.cpp:18]   --->   Operation 1245 'readreq' 'gmem1_1_load_req' <Predicate = true> <Delay = 3.65> <CoreInst = "m_axi">   --->   Core 119 'm_axi' <Latency = 6> <II = 1> <Delay = 1.00> <Adapter> <Opcode : 'read' 'write' 'readreq' 'writereq' 'writeresp'>
ST_62 : Operation 1246 [11/71] (3.65ns)   --->   "%gmem1_2_load_req = readreq i1 @_ssdm_op_ReadReq.m_axi.i16P1A, i16 %gmem1_2_addr, i64 1" [kernel.cpp:18]   --->   Operation 1246 'readreq' 'gmem1_2_load_req' <Predicate = true> <Delay = 3.65> <CoreInst = "m_axi">   --->   Core 119 'm_axi' <Latency = 6> <II = 1> <Delay = 1.00> <Adapter> <Opcode : 'read' 'write' 'readreq' 'writereq' 'writeresp'>
ST_62 : Operation 1247 [11/71] (3.65ns)   --->   "%gmem1_3_load_req = readreq i1 @_ssdm_op_ReadReq.m_axi.i16P1A, i16 %gmem1_3_addr, i64 1" [kernel.cpp:18]   --->   Operation 1247 'readreq' 'gmem1_3_load_req' <Predicate = true> <Delay = 3.65> <CoreInst = "m_axi">   --->   Core 119 'm_axi' <Latency = 6> <II = 1> <Delay = 1.00> <Adapter> <Opcode : 'read' 'write' 'readreq' 'writereq' 'writeresp'>
ST_62 : Operation 1248 [11/71] (3.65ns)   --->   "%gmem1_4_load_req = readreq i1 @_ssdm_op_ReadReq.m_axi.i16P1A, i16 %gmem1_4_addr, i64 1" [kernel.cpp:18]   --->   Operation 1248 'readreq' 'gmem1_4_load_req' <Predicate = true> <Delay = 3.65> <CoreInst = "m_axi">   --->   Core 119 'm_axi' <Latency = 6> <II = 1> <Delay = 1.00> <Adapter> <Opcode : 'read' 'write' 'readreq' 'writereq' 'writeresp'>
ST_62 : Operation 1249 [11/71] (3.65ns)   --->   "%gmem1_5_load_req = readreq i1 @_ssdm_op_ReadReq.m_axi.i16P1A, i16 %gmem1_5_addr, i64 1" [kernel.cpp:18]   --->   Operation 1249 'readreq' 'gmem1_5_load_req' <Predicate = true> <Delay = 3.65> <CoreInst = "m_axi">   --->   Core 119 'm_axi' <Latency = 6> <II = 1> <Delay = 1.00> <Adapter> <Opcode : 'read' 'write' 'readreq' 'writereq' 'writeresp'>
ST_62 : Operation 1250 [11/71] (3.65ns)   --->   "%gmem1_6_load_req = readreq i1 @_ssdm_op_ReadReq.m_axi.i16P1A, i16 %gmem1_6_addr, i64 1" [kernel.cpp:18]   --->   Operation 1250 'readreq' 'gmem1_6_load_req' <Predicate = true> <Delay = 3.65> <CoreInst = "m_axi">   --->   Core 119 'm_axi' <Latency = 6> <II = 1> <Delay = 1.00> <Adapter> <Opcode : 'read' 'write' 'readreq' 'writereq' 'writeresp'>
ST_62 : Operation 1251 [11/71] (3.65ns)   --->   "%gmem1_7_load_req = readreq i1 @_ssdm_op_ReadReq.m_axi.i16P1A, i16 %gmem1_7_addr, i64 1" [kernel.cpp:18]   --->   Operation 1251 'readreq' 'gmem1_7_load_req' <Predicate = true> <Delay = 3.65> <CoreInst = "m_axi">   --->   Core 119 'm_axi' <Latency = 6> <II = 1> <Delay = 1.00> <Adapter> <Opcode : 'read' 'write' 'readreq' 'writereq' 'writeresp'>

State 63 <SV = 62> <Delay = 3.65>
ST_63 : Operation 1252 [10/71] (3.65ns)   --->   "%gmem0_0_load_req = readreq i1 @_ssdm_op_ReadReq.m_axi.i16P1A, i16 %gmem0_0_addr, i64 1" [kernel.cpp:18]   --->   Operation 1252 'readreq' 'gmem0_0_load_req' <Predicate = true> <Delay = 3.65> <CoreInst = "m_axi">   --->   Core 119 'm_axi' <Latency = 6> <II = 1> <Delay = 1.00> <Adapter> <Opcode : 'read' 'write' 'readreq' 'writereq' 'writeresp'>
ST_63 : Operation 1253 [10/71] (3.65ns)   --->   "%gmem1_0_load_req = readreq i1 @_ssdm_op_ReadReq.m_axi.i16P1A, i16 %gmem1_0_addr, i64 1" [kernel.cpp:18]   --->   Operation 1253 'readreq' 'gmem1_0_load_req' <Predicate = true> <Delay = 3.65> <CoreInst = "m_axi">   --->   Core 119 'm_axi' <Latency = 6> <II = 1> <Delay = 1.00> <Adapter> <Opcode : 'read' 'write' 'readreq' 'writereq' 'writeresp'>
ST_63 : Operation 1254 [10/71] (3.65ns)   --->   "%gmem0_1_load_req = readreq i1 @_ssdm_op_ReadReq.m_axi.i16P1A, i16 %gmem0_1_addr, i64 1" [kernel.cpp:18]   --->   Operation 1254 'readreq' 'gmem0_1_load_req' <Predicate = true> <Delay = 3.65> <CoreInst = "m_axi">   --->   Core 119 'm_axi' <Latency = 6> <II = 1> <Delay = 1.00> <Adapter> <Opcode : 'read' 'write' 'readreq' 'writereq' 'writeresp'>
ST_63 : Operation 1255 [10/71] (3.65ns)   --->   "%gmem0_2_load_req = readreq i1 @_ssdm_op_ReadReq.m_axi.i16P1A, i16 %gmem0_2_addr, i64 1" [kernel.cpp:18]   --->   Operation 1255 'readreq' 'gmem0_2_load_req' <Predicate = true> <Delay = 3.65> <CoreInst = "m_axi">   --->   Core 119 'm_axi' <Latency = 6> <II = 1> <Delay = 1.00> <Adapter> <Opcode : 'read' 'write' 'readreq' 'writereq' 'writeresp'>
ST_63 : Operation 1256 [10/71] (3.65ns)   --->   "%gmem0_3_load_req = readreq i1 @_ssdm_op_ReadReq.m_axi.i16P1A, i16 %gmem0_3_addr, i64 1" [kernel.cpp:18]   --->   Operation 1256 'readreq' 'gmem0_3_load_req' <Predicate = true> <Delay = 3.65> <CoreInst = "m_axi">   --->   Core 119 'm_axi' <Latency = 6> <II = 1> <Delay = 1.00> <Adapter> <Opcode : 'read' 'write' 'readreq' 'writereq' 'writeresp'>
ST_63 : Operation 1257 [10/71] (3.65ns)   --->   "%gmem0_4_load_req = readreq i1 @_ssdm_op_ReadReq.m_axi.i16P1A, i16 %gmem0_4_addr, i64 1" [kernel.cpp:18]   --->   Operation 1257 'readreq' 'gmem0_4_load_req' <Predicate = true> <Delay = 3.65> <CoreInst = "m_axi">   --->   Core 119 'm_axi' <Latency = 6> <II = 1> <Delay = 1.00> <Adapter> <Opcode : 'read' 'write' 'readreq' 'writereq' 'writeresp'>
ST_63 : Operation 1258 [10/71] (3.65ns)   --->   "%gmem0_5_load_req = readreq i1 @_ssdm_op_ReadReq.m_axi.i16P1A, i16 %gmem0_5_addr, i64 1" [kernel.cpp:18]   --->   Operation 1258 'readreq' 'gmem0_5_load_req' <Predicate = true> <Delay = 3.65> <CoreInst = "m_axi">   --->   Core 119 'm_axi' <Latency = 6> <II = 1> <Delay = 1.00> <Adapter> <Opcode : 'read' 'write' 'readreq' 'writereq' 'writeresp'>
ST_63 : Operation 1259 [10/71] (3.65ns)   --->   "%gmem0_6_load_req = readreq i1 @_ssdm_op_ReadReq.m_axi.i16P1A, i16 %gmem0_6_addr, i64 1" [kernel.cpp:18]   --->   Operation 1259 'readreq' 'gmem0_6_load_req' <Predicate = true> <Delay = 3.65> <CoreInst = "m_axi">   --->   Core 119 'm_axi' <Latency = 6> <II = 1> <Delay = 1.00> <Adapter> <Opcode : 'read' 'write' 'readreq' 'writereq' 'writeresp'>
ST_63 : Operation 1260 [10/71] (3.65ns)   --->   "%gmem0_7_load_req = readreq i1 @_ssdm_op_ReadReq.m_axi.i16P1A, i16 %gmem0_7_addr, i64 1" [kernel.cpp:18]   --->   Operation 1260 'readreq' 'gmem0_7_load_req' <Predicate = true> <Delay = 3.65> <CoreInst = "m_axi">   --->   Core 119 'm_axi' <Latency = 6> <II = 1> <Delay = 1.00> <Adapter> <Opcode : 'read' 'write' 'readreq' 'writereq' 'writeresp'>
ST_63 : Operation 1261 [10/71] (3.65ns)   --->   "%gmem1_1_load_req = readreq i1 @_ssdm_op_ReadReq.m_axi.i16P1A, i16 %gmem1_1_addr, i64 1" [kernel.cpp:18]   --->   Operation 1261 'readreq' 'gmem1_1_load_req' <Predicate = true> <Delay = 3.65> <CoreInst = "m_axi">   --->   Core 119 'm_axi' <Latency = 6> <II = 1> <Delay = 1.00> <Adapter> <Opcode : 'read' 'write' 'readreq' 'writereq' 'writeresp'>
ST_63 : Operation 1262 [10/71] (3.65ns)   --->   "%gmem1_2_load_req = readreq i1 @_ssdm_op_ReadReq.m_axi.i16P1A, i16 %gmem1_2_addr, i64 1" [kernel.cpp:18]   --->   Operation 1262 'readreq' 'gmem1_2_load_req' <Predicate = true> <Delay = 3.65> <CoreInst = "m_axi">   --->   Core 119 'm_axi' <Latency = 6> <II = 1> <Delay = 1.00> <Adapter> <Opcode : 'read' 'write' 'readreq' 'writereq' 'writeresp'>
ST_63 : Operation 1263 [10/71] (3.65ns)   --->   "%gmem1_3_load_req = readreq i1 @_ssdm_op_ReadReq.m_axi.i16P1A, i16 %gmem1_3_addr, i64 1" [kernel.cpp:18]   --->   Operation 1263 'readreq' 'gmem1_3_load_req' <Predicate = true> <Delay = 3.65> <CoreInst = "m_axi">   --->   Core 119 'm_axi' <Latency = 6> <II = 1> <Delay = 1.00> <Adapter> <Opcode : 'read' 'write' 'readreq' 'writereq' 'writeresp'>
ST_63 : Operation 1264 [10/71] (3.65ns)   --->   "%gmem1_4_load_req = readreq i1 @_ssdm_op_ReadReq.m_axi.i16P1A, i16 %gmem1_4_addr, i64 1" [kernel.cpp:18]   --->   Operation 1264 'readreq' 'gmem1_4_load_req' <Predicate = true> <Delay = 3.65> <CoreInst = "m_axi">   --->   Core 119 'm_axi' <Latency = 6> <II = 1> <Delay = 1.00> <Adapter> <Opcode : 'read' 'write' 'readreq' 'writereq' 'writeresp'>
ST_63 : Operation 1265 [10/71] (3.65ns)   --->   "%gmem1_5_load_req = readreq i1 @_ssdm_op_ReadReq.m_axi.i16P1A, i16 %gmem1_5_addr, i64 1" [kernel.cpp:18]   --->   Operation 1265 'readreq' 'gmem1_5_load_req' <Predicate = true> <Delay = 3.65> <CoreInst = "m_axi">   --->   Core 119 'm_axi' <Latency = 6> <II = 1> <Delay = 1.00> <Adapter> <Opcode : 'read' 'write' 'readreq' 'writereq' 'writeresp'>
ST_63 : Operation 1266 [10/71] (3.65ns)   --->   "%gmem1_6_load_req = readreq i1 @_ssdm_op_ReadReq.m_axi.i16P1A, i16 %gmem1_6_addr, i64 1" [kernel.cpp:18]   --->   Operation 1266 'readreq' 'gmem1_6_load_req' <Predicate = true> <Delay = 3.65> <CoreInst = "m_axi">   --->   Core 119 'm_axi' <Latency = 6> <II = 1> <Delay = 1.00> <Adapter> <Opcode : 'read' 'write' 'readreq' 'writereq' 'writeresp'>
ST_63 : Operation 1267 [10/71] (3.65ns)   --->   "%gmem1_7_load_req = readreq i1 @_ssdm_op_ReadReq.m_axi.i16P1A, i16 %gmem1_7_addr, i64 1" [kernel.cpp:18]   --->   Operation 1267 'readreq' 'gmem1_7_load_req' <Predicate = true> <Delay = 3.65> <CoreInst = "m_axi">   --->   Core 119 'm_axi' <Latency = 6> <II = 1> <Delay = 1.00> <Adapter> <Opcode : 'read' 'write' 'readreq' 'writereq' 'writeresp'>

State 64 <SV = 63> <Delay = 3.65>
ST_64 : Operation 1268 [9/71] (3.65ns)   --->   "%gmem0_0_load_req = readreq i1 @_ssdm_op_ReadReq.m_axi.i16P1A, i16 %gmem0_0_addr, i64 1" [kernel.cpp:18]   --->   Operation 1268 'readreq' 'gmem0_0_load_req' <Predicate = true> <Delay = 3.65> <CoreInst = "m_axi">   --->   Core 119 'm_axi' <Latency = 6> <II = 1> <Delay = 1.00> <Adapter> <Opcode : 'read' 'write' 'readreq' 'writereq' 'writeresp'>
ST_64 : Operation 1269 [9/71] (3.65ns)   --->   "%gmem1_0_load_req = readreq i1 @_ssdm_op_ReadReq.m_axi.i16P1A, i16 %gmem1_0_addr, i64 1" [kernel.cpp:18]   --->   Operation 1269 'readreq' 'gmem1_0_load_req' <Predicate = true> <Delay = 3.65> <CoreInst = "m_axi">   --->   Core 119 'm_axi' <Latency = 6> <II = 1> <Delay = 1.00> <Adapter> <Opcode : 'read' 'write' 'readreq' 'writereq' 'writeresp'>
ST_64 : Operation 1270 [9/71] (3.65ns)   --->   "%gmem0_1_load_req = readreq i1 @_ssdm_op_ReadReq.m_axi.i16P1A, i16 %gmem0_1_addr, i64 1" [kernel.cpp:18]   --->   Operation 1270 'readreq' 'gmem0_1_load_req' <Predicate = true> <Delay = 3.65> <CoreInst = "m_axi">   --->   Core 119 'm_axi' <Latency = 6> <II = 1> <Delay = 1.00> <Adapter> <Opcode : 'read' 'write' 'readreq' 'writereq' 'writeresp'>
ST_64 : Operation 1271 [9/71] (3.65ns)   --->   "%gmem0_2_load_req = readreq i1 @_ssdm_op_ReadReq.m_axi.i16P1A, i16 %gmem0_2_addr, i64 1" [kernel.cpp:18]   --->   Operation 1271 'readreq' 'gmem0_2_load_req' <Predicate = true> <Delay = 3.65> <CoreInst = "m_axi">   --->   Core 119 'm_axi' <Latency = 6> <II = 1> <Delay = 1.00> <Adapter> <Opcode : 'read' 'write' 'readreq' 'writereq' 'writeresp'>
ST_64 : Operation 1272 [9/71] (3.65ns)   --->   "%gmem0_3_load_req = readreq i1 @_ssdm_op_ReadReq.m_axi.i16P1A, i16 %gmem0_3_addr, i64 1" [kernel.cpp:18]   --->   Operation 1272 'readreq' 'gmem0_3_load_req' <Predicate = true> <Delay = 3.65> <CoreInst = "m_axi">   --->   Core 119 'm_axi' <Latency = 6> <II = 1> <Delay = 1.00> <Adapter> <Opcode : 'read' 'write' 'readreq' 'writereq' 'writeresp'>
ST_64 : Operation 1273 [9/71] (3.65ns)   --->   "%gmem0_4_load_req = readreq i1 @_ssdm_op_ReadReq.m_axi.i16P1A, i16 %gmem0_4_addr, i64 1" [kernel.cpp:18]   --->   Operation 1273 'readreq' 'gmem0_4_load_req' <Predicate = true> <Delay = 3.65> <CoreInst = "m_axi">   --->   Core 119 'm_axi' <Latency = 6> <II = 1> <Delay = 1.00> <Adapter> <Opcode : 'read' 'write' 'readreq' 'writereq' 'writeresp'>
ST_64 : Operation 1274 [9/71] (3.65ns)   --->   "%gmem0_5_load_req = readreq i1 @_ssdm_op_ReadReq.m_axi.i16P1A, i16 %gmem0_5_addr, i64 1" [kernel.cpp:18]   --->   Operation 1274 'readreq' 'gmem0_5_load_req' <Predicate = true> <Delay = 3.65> <CoreInst = "m_axi">   --->   Core 119 'm_axi' <Latency = 6> <II = 1> <Delay = 1.00> <Adapter> <Opcode : 'read' 'write' 'readreq' 'writereq' 'writeresp'>
ST_64 : Operation 1275 [9/71] (3.65ns)   --->   "%gmem0_6_load_req = readreq i1 @_ssdm_op_ReadReq.m_axi.i16P1A, i16 %gmem0_6_addr, i64 1" [kernel.cpp:18]   --->   Operation 1275 'readreq' 'gmem0_6_load_req' <Predicate = true> <Delay = 3.65> <CoreInst = "m_axi">   --->   Core 119 'm_axi' <Latency = 6> <II = 1> <Delay = 1.00> <Adapter> <Opcode : 'read' 'write' 'readreq' 'writereq' 'writeresp'>
ST_64 : Operation 1276 [9/71] (3.65ns)   --->   "%gmem0_7_load_req = readreq i1 @_ssdm_op_ReadReq.m_axi.i16P1A, i16 %gmem0_7_addr, i64 1" [kernel.cpp:18]   --->   Operation 1276 'readreq' 'gmem0_7_load_req' <Predicate = true> <Delay = 3.65> <CoreInst = "m_axi">   --->   Core 119 'm_axi' <Latency = 6> <II = 1> <Delay = 1.00> <Adapter> <Opcode : 'read' 'write' 'readreq' 'writereq' 'writeresp'>
ST_64 : Operation 1277 [9/71] (3.65ns)   --->   "%gmem1_1_load_req = readreq i1 @_ssdm_op_ReadReq.m_axi.i16P1A, i16 %gmem1_1_addr, i64 1" [kernel.cpp:18]   --->   Operation 1277 'readreq' 'gmem1_1_load_req' <Predicate = true> <Delay = 3.65> <CoreInst = "m_axi">   --->   Core 119 'm_axi' <Latency = 6> <II = 1> <Delay = 1.00> <Adapter> <Opcode : 'read' 'write' 'readreq' 'writereq' 'writeresp'>
ST_64 : Operation 1278 [9/71] (3.65ns)   --->   "%gmem1_2_load_req = readreq i1 @_ssdm_op_ReadReq.m_axi.i16P1A, i16 %gmem1_2_addr, i64 1" [kernel.cpp:18]   --->   Operation 1278 'readreq' 'gmem1_2_load_req' <Predicate = true> <Delay = 3.65> <CoreInst = "m_axi">   --->   Core 119 'm_axi' <Latency = 6> <II = 1> <Delay = 1.00> <Adapter> <Opcode : 'read' 'write' 'readreq' 'writereq' 'writeresp'>
ST_64 : Operation 1279 [9/71] (3.65ns)   --->   "%gmem1_3_load_req = readreq i1 @_ssdm_op_ReadReq.m_axi.i16P1A, i16 %gmem1_3_addr, i64 1" [kernel.cpp:18]   --->   Operation 1279 'readreq' 'gmem1_3_load_req' <Predicate = true> <Delay = 3.65> <CoreInst = "m_axi">   --->   Core 119 'm_axi' <Latency = 6> <II = 1> <Delay = 1.00> <Adapter> <Opcode : 'read' 'write' 'readreq' 'writereq' 'writeresp'>
ST_64 : Operation 1280 [9/71] (3.65ns)   --->   "%gmem1_4_load_req = readreq i1 @_ssdm_op_ReadReq.m_axi.i16P1A, i16 %gmem1_4_addr, i64 1" [kernel.cpp:18]   --->   Operation 1280 'readreq' 'gmem1_4_load_req' <Predicate = true> <Delay = 3.65> <CoreInst = "m_axi">   --->   Core 119 'm_axi' <Latency = 6> <II = 1> <Delay = 1.00> <Adapter> <Opcode : 'read' 'write' 'readreq' 'writereq' 'writeresp'>
ST_64 : Operation 1281 [9/71] (3.65ns)   --->   "%gmem1_5_load_req = readreq i1 @_ssdm_op_ReadReq.m_axi.i16P1A, i16 %gmem1_5_addr, i64 1" [kernel.cpp:18]   --->   Operation 1281 'readreq' 'gmem1_5_load_req' <Predicate = true> <Delay = 3.65> <CoreInst = "m_axi">   --->   Core 119 'm_axi' <Latency = 6> <II = 1> <Delay = 1.00> <Adapter> <Opcode : 'read' 'write' 'readreq' 'writereq' 'writeresp'>
ST_64 : Operation 1282 [9/71] (3.65ns)   --->   "%gmem1_6_load_req = readreq i1 @_ssdm_op_ReadReq.m_axi.i16P1A, i16 %gmem1_6_addr, i64 1" [kernel.cpp:18]   --->   Operation 1282 'readreq' 'gmem1_6_load_req' <Predicate = true> <Delay = 3.65> <CoreInst = "m_axi">   --->   Core 119 'm_axi' <Latency = 6> <II = 1> <Delay = 1.00> <Adapter> <Opcode : 'read' 'write' 'readreq' 'writereq' 'writeresp'>
ST_64 : Operation 1283 [9/71] (3.65ns)   --->   "%gmem1_7_load_req = readreq i1 @_ssdm_op_ReadReq.m_axi.i16P1A, i16 %gmem1_7_addr, i64 1" [kernel.cpp:18]   --->   Operation 1283 'readreq' 'gmem1_7_load_req' <Predicate = true> <Delay = 3.65> <CoreInst = "m_axi">   --->   Core 119 'm_axi' <Latency = 6> <II = 1> <Delay = 1.00> <Adapter> <Opcode : 'read' 'write' 'readreq' 'writereq' 'writeresp'>

State 65 <SV = 64> <Delay = 3.65>
ST_65 : Operation 1284 [8/71] (3.65ns)   --->   "%gmem0_0_load_req = readreq i1 @_ssdm_op_ReadReq.m_axi.i16P1A, i16 %gmem0_0_addr, i64 1" [kernel.cpp:18]   --->   Operation 1284 'readreq' 'gmem0_0_load_req' <Predicate = true> <Delay = 3.65> <CoreInst = "m_axi">   --->   Core 119 'm_axi' <Latency = 6> <II = 1> <Delay = 1.00> <Adapter> <Opcode : 'read' 'write' 'readreq' 'writereq' 'writeresp'>
ST_65 : Operation 1285 [8/71] (3.65ns)   --->   "%gmem1_0_load_req = readreq i1 @_ssdm_op_ReadReq.m_axi.i16P1A, i16 %gmem1_0_addr, i64 1" [kernel.cpp:18]   --->   Operation 1285 'readreq' 'gmem1_0_load_req' <Predicate = true> <Delay = 3.65> <CoreInst = "m_axi">   --->   Core 119 'm_axi' <Latency = 6> <II = 1> <Delay = 1.00> <Adapter> <Opcode : 'read' 'write' 'readreq' 'writereq' 'writeresp'>
ST_65 : Operation 1286 [8/71] (3.65ns)   --->   "%gmem0_1_load_req = readreq i1 @_ssdm_op_ReadReq.m_axi.i16P1A, i16 %gmem0_1_addr, i64 1" [kernel.cpp:18]   --->   Operation 1286 'readreq' 'gmem0_1_load_req' <Predicate = true> <Delay = 3.65> <CoreInst = "m_axi">   --->   Core 119 'm_axi' <Latency = 6> <II = 1> <Delay = 1.00> <Adapter> <Opcode : 'read' 'write' 'readreq' 'writereq' 'writeresp'>
ST_65 : Operation 1287 [8/71] (3.65ns)   --->   "%gmem0_2_load_req = readreq i1 @_ssdm_op_ReadReq.m_axi.i16P1A, i16 %gmem0_2_addr, i64 1" [kernel.cpp:18]   --->   Operation 1287 'readreq' 'gmem0_2_load_req' <Predicate = true> <Delay = 3.65> <CoreInst = "m_axi">   --->   Core 119 'm_axi' <Latency = 6> <II = 1> <Delay = 1.00> <Adapter> <Opcode : 'read' 'write' 'readreq' 'writereq' 'writeresp'>
ST_65 : Operation 1288 [8/71] (3.65ns)   --->   "%gmem0_3_load_req = readreq i1 @_ssdm_op_ReadReq.m_axi.i16P1A, i16 %gmem0_3_addr, i64 1" [kernel.cpp:18]   --->   Operation 1288 'readreq' 'gmem0_3_load_req' <Predicate = true> <Delay = 3.65> <CoreInst = "m_axi">   --->   Core 119 'm_axi' <Latency = 6> <II = 1> <Delay = 1.00> <Adapter> <Opcode : 'read' 'write' 'readreq' 'writereq' 'writeresp'>
ST_65 : Operation 1289 [8/71] (3.65ns)   --->   "%gmem0_4_load_req = readreq i1 @_ssdm_op_ReadReq.m_axi.i16P1A, i16 %gmem0_4_addr, i64 1" [kernel.cpp:18]   --->   Operation 1289 'readreq' 'gmem0_4_load_req' <Predicate = true> <Delay = 3.65> <CoreInst = "m_axi">   --->   Core 119 'm_axi' <Latency = 6> <II = 1> <Delay = 1.00> <Adapter> <Opcode : 'read' 'write' 'readreq' 'writereq' 'writeresp'>
ST_65 : Operation 1290 [8/71] (3.65ns)   --->   "%gmem0_5_load_req = readreq i1 @_ssdm_op_ReadReq.m_axi.i16P1A, i16 %gmem0_5_addr, i64 1" [kernel.cpp:18]   --->   Operation 1290 'readreq' 'gmem0_5_load_req' <Predicate = true> <Delay = 3.65> <CoreInst = "m_axi">   --->   Core 119 'm_axi' <Latency = 6> <II = 1> <Delay = 1.00> <Adapter> <Opcode : 'read' 'write' 'readreq' 'writereq' 'writeresp'>
ST_65 : Operation 1291 [8/71] (3.65ns)   --->   "%gmem0_6_load_req = readreq i1 @_ssdm_op_ReadReq.m_axi.i16P1A, i16 %gmem0_6_addr, i64 1" [kernel.cpp:18]   --->   Operation 1291 'readreq' 'gmem0_6_load_req' <Predicate = true> <Delay = 3.65> <CoreInst = "m_axi">   --->   Core 119 'm_axi' <Latency = 6> <II = 1> <Delay = 1.00> <Adapter> <Opcode : 'read' 'write' 'readreq' 'writereq' 'writeresp'>
ST_65 : Operation 1292 [8/71] (3.65ns)   --->   "%gmem0_7_load_req = readreq i1 @_ssdm_op_ReadReq.m_axi.i16P1A, i16 %gmem0_7_addr, i64 1" [kernel.cpp:18]   --->   Operation 1292 'readreq' 'gmem0_7_load_req' <Predicate = true> <Delay = 3.65> <CoreInst = "m_axi">   --->   Core 119 'm_axi' <Latency = 6> <II = 1> <Delay = 1.00> <Adapter> <Opcode : 'read' 'write' 'readreq' 'writereq' 'writeresp'>
ST_65 : Operation 1293 [8/71] (3.65ns)   --->   "%gmem1_1_load_req = readreq i1 @_ssdm_op_ReadReq.m_axi.i16P1A, i16 %gmem1_1_addr, i64 1" [kernel.cpp:18]   --->   Operation 1293 'readreq' 'gmem1_1_load_req' <Predicate = true> <Delay = 3.65> <CoreInst = "m_axi">   --->   Core 119 'm_axi' <Latency = 6> <II = 1> <Delay = 1.00> <Adapter> <Opcode : 'read' 'write' 'readreq' 'writereq' 'writeresp'>
ST_65 : Operation 1294 [8/71] (3.65ns)   --->   "%gmem1_2_load_req = readreq i1 @_ssdm_op_ReadReq.m_axi.i16P1A, i16 %gmem1_2_addr, i64 1" [kernel.cpp:18]   --->   Operation 1294 'readreq' 'gmem1_2_load_req' <Predicate = true> <Delay = 3.65> <CoreInst = "m_axi">   --->   Core 119 'm_axi' <Latency = 6> <II = 1> <Delay = 1.00> <Adapter> <Opcode : 'read' 'write' 'readreq' 'writereq' 'writeresp'>
ST_65 : Operation 1295 [8/71] (3.65ns)   --->   "%gmem1_3_load_req = readreq i1 @_ssdm_op_ReadReq.m_axi.i16P1A, i16 %gmem1_3_addr, i64 1" [kernel.cpp:18]   --->   Operation 1295 'readreq' 'gmem1_3_load_req' <Predicate = true> <Delay = 3.65> <CoreInst = "m_axi">   --->   Core 119 'm_axi' <Latency = 6> <II = 1> <Delay = 1.00> <Adapter> <Opcode : 'read' 'write' 'readreq' 'writereq' 'writeresp'>
ST_65 : Operation 1296 [8/71] (3.65ns)   --->   "%gmem1_4_load_req = readreq i1 @_ssdm_op_ReadReq.m_axi.i16P1A, i16 %gmem1_4_addr, i64 1" [kernel.cpp:18]   --->   Operation 1296 'readreq' 'gmem1_4_load_req' <Predicate = true> <Delay = 3.65> <CoreInst = "m_axi">   --->   Core 119 'm_axi' <Latency = 6> <II = 1> <Delay = 1.00> <Adapter> <Opcode : 'read' 'write' 'readreq' 'writereq' 'writeresp'>
ST_65 : Operation 1297 [8/71] (3.65ns)   --->   "%gmem1_5_load_req = readreq i1 @_ssdm_op_ReadReq.m_axi.i16P1A, i16 %gmem1_5_addr, i64 1" [kernel.cpp:18]   --->   Operation 1297 'readreq' 'gmem1_5_load_req' <Predicate = true> <Delay = 3.65> <CoreInst = "m_axi">   --->   Core 119 'm_axi' <Latency = 6> <II = 1> <Delay = 1.00> <Adapter> <Opcode : 'read' 'write' 'readreq' 'writereq' 'writeresp'>
ST_65 : Operation 1298 [8/71] (3.65ns)   --->   "%gmem1_6_load_req = readreq i1 @_ssdm_op_ReadReq.m_axi.i16P1A, i16 %gmem1_6_addr, i64 1" [kernel.cpp:18]   --->   Operation 1298 'readreq' 'gmem1_6_load_req' <Predicate = true> <Delay = 3.65> <CoreInst = "m_axi">   --->   Core 119 'm_axi' <Latency = 6> <II = 1> <Delay = 1.00> <Adapter> <Opcode : 'read' 'write' 'readreq' 'writereq' 'writeresp'>
ST_65 : Operation 1299 [8/71] (3.65ns)   --->   "%gmem1_7_load_req = readreq i1 @_ssdm_op_ReadReq.m_axi.i16P1A, i16 %gmem1_7_addr, i64 1" [kernel.cpp:18]   --->   Operation 1299 'readreq' 'gmem1_7_load_req' <Predicate = true> <Delay = 3.65> <CoreInst = "m_axi">   --->   Core 119 'm_axi' <Latency = 6> <II = 1> <Delay = 1.00> <Adapter> <Opcode : 'read' 'write' 'readreq' 'writereq' 'writeresp'>

State 66 <SV = 65> <Delay = 3.65>
ST_66 : Operation 1300 [7/71] (3.65ns)   --->   "%gmem0_0_load_req = readreq i1 @_ssdm_op_ReadReq.m_axi.i16P1A, i16 %gmem0_0_addr, i64 1" [kernel.cpp:18]   --->   Operation 1300 'readreq' 'gmem0_0_load_req' <Predicate = true> <Delay = 3.65> <CoreInst = "m_axi">   --->   Core 119 'm_axi' <Latency = 6> <II = 1> <Delay = 1.00> <Adapter> <Opcode : 'read' 'write' 'readreq' 'writereq' 'writeresp'>
ST_66 : Operation 1301 [7/71] (3.65ns)   --->   "%gmem1_0_load_req = readreq i1 @_ssdm_op_ReadReq.m_axi.i16P1A, i16 %gmem1_0_addr, i64 1" [kernel.cpp:18]   --->   Operation 1301 'readreq' 'gmem1_0_load_req' <Predicate = true> <Delay = 3.65> <CoreInst = "m_axi">   --->   Core 119 'm_axi' <Latency = 6> <II = 1> <Delay = 1.00> <Adapter> <Opcode : 'read' 'write' 'readreq' 'writereq' 'writeresp'>
ST_66 : Operation 1302 [7/71] (3.65ns)   --->   "%gmem0_1_load_req = readreq i1 @_ssdm_op_ReadReq.m_axi.i16P1A, i16 %gmem0_1_addr, i64 1" [kernel.cpp:18]   --->   Operation 1302 'readreq' 'gmem0_1_load_req' <Predicate = true> <Delay = 3.65> <CoreInst = "m_axi">   --->   Core 119 'm_axi' <Latency = 6> <II = 1> <Delay = 1.00> <Adapter> <Opcode : 'read' 'write' 'readreq' 'writereq' 'writeresp'>
ST_66 : Operation 1303 [7/71] (3.65ns)   --->   "%gmem0_2_load_req = readreq i1 @_ssdm_op_ReadReq.m_axi.i16P1A, i16 %gmem0_2_addr, i64 1" [kernel.cpp:18]   --->   Operation 1303 'readreq' 'gmem0_2_load_req' <Predicate = true> <Delay = 3.65> <CoreInst = "m_axi">   --->   Core 119 'm_axi' <Latency = 6> <II = 1> <Delay = 1.00> <Adapter> <Opcode : 'read' 'write' 'readreq' 'writereq' 'writeresp'>
ST_66 : Operation 1304 [7/71] (3.65ns)   --->   "%gmem0_3_load_req = readreq i1 @_ssdm_op_ReadReq.m_axi.i16P1A, i16 %gmem0_3_addr, i64 1" [kernel.cpp:18]   --->   Operation 1304 'readreq' 'gmem0_3_load_req' <Predicate = true> <Delay = 3.65> <CoreInst = "m_axi">   --->   Core 119 'm_axi' <Latency = 6> <II = 1> <Delay = 1.00> <Adapter> <Opcode : 'read' 'write' 'readreq' 'writereq' 'writeresp'>
ST_66 : Operation 1305 [7/71] (3.65ns)   --->   "%gmem0_4_load_req = readreq i1 @_ssdm_op_ReadReq.m_axi.i16P1A, i16 %gmem0_4_addr, i64 1" [kernel.cpp:18]   --->   Operation 1305 'readreq' 'gmem0_4_load_req' <Predicate = true> <Delay = 3.65> <CoreInst = "m_axi">   --->   Core 119 'm_axi' <Latency = 6> <II = 1> <Delay = 1.00> <Adapter> <Opcode : 'read' 'write' 'readreq' 'writereq' 'writeresp'>
ST_66 : Operation 1306 [7/71] (3.65ns)   --->   "%gmem0_5_load_req = readreq i1 @_ssdm_op_ReadReq.m_axi.i16P1A, i16 %gmem0_5_addr, i64 1" [kernel.cpp:18]   --->   Operation 1306 'readreq' 'gmem0_5_load_req' <Predicate = true> <Delay = 3.65> <CoreInst = "m_axi">   --->   Core 119 'm_axi' <Latency = 6> <II = 1> <Delay = 1.00> <Adapter> <Opcode : 'read' 'write' 'readreq' 'writereq' 'writeresp'>
ST_66 : Operation 1307 [7/71] (3.65ns)   --->   "%gmem0_6_load_req = readreq i1 @_ssdm_op_ReadReq.m_axi.i16P1A, i16 %gmem0_6_addr, i64 1" [kernel.cpp:18]   --->   Operation 1307 'readreq' 'gmem0_6_load_req' <Predicate = true> <Delay = 3.65> <CoreInst = "m_axi">   --->   Core 119 'm_axi' <Latency = 6> <II = 1> <Delay = 1.00> <Adapter> <Opcode : 'read' 'write' 'readreq' 'writereq' 'writeresp'>
ST_66 : Operation 1308 [7/71] (3.65ns)   --->   "%gmem0_7_load_req = readreq i1 @_ssdm_op_ReadReq.m_axi.i16P1A, i16 %gmem0_7_addr, i64 1" [kernel.cpp:18]   --->   Operation 1308 'readreq' 'gmem0_7_load_req' <Predicate = true> <Delay = 3.65> <CoreInst = "m_axi">   --->   Core 119 'm_axi' <Latency = 6> <II = 1> <Delay = 1.00> <Adapter> <Opcode : 'read' 'write' 'readreq' 'writereq' 'writeresp'>
ST_66 : Operation 1309 [7/71] (3.65ns)   --->   "%gmem1_1_load_req = readreq i1 @_ssdm_op_ReadReq.m_axi.i16P1A, i16 %gmem1_1_addr, i64 1" [kernel.cpp:18]   --->   Operation 1309 'readreq' 'gmem1_1_load_req' <Predicate = true> <Delay = 3.65> <CoreInst = "m_axi">   --->   Core 119 'm_axi' <Latency = 6> <II = 1> <Delay = 1.00> <Adapter> <Opcode : 'read' 'write' 'readreq' 'writereq' 'writeresp'>
ST_66 : Operation 1310 [7/71] (3.65ns)   --->   "%gmem1_2_load_req = readreq i1 @_ssdm_op_ReadReq.m_axi.i16P1A, i16 %gmem1_2_addr, i64 1" [kernel.cpp:18]   --->   Operation 1310 'readreq' 'gmem1_2_load_req' <Predicate = true> <Delay = 3.65> <CoreInst = "m_axi">   --->   Core 119 'm_axi' <Latency = 6> <II = 1> <Delay = 1.00> <Adapter> <Opcode : 'read' 'write' 'readreq' 'writereq' 'writeresp'>
ST_66 : Operation 1311 [7/71] (3.65ns)   --->   "%gmem1_3_load_req = readreq i1 @_ssdm_op_ReadReq.m_axi.i16P1A, i16 %gmem1_3_addr, i64 1" [kernel.cpp:18]   --->   Operation 1311 'readreq' 'gmem1_3_load_req' <Predicate = true> <Delay = 3.65> <CoreInst = "m_axi">   --->   Core 119 'm_axi' <Latency = 6> <II = 1> <Delay = 1.00> <Adapter> <Opcode : 'read' 'write' 'readreq' 'writereq' 'writeresp'>
ST_66 : Operation 1312 [7/71] (3.65ns)   --->   "%gmem1_4_load_req = readreq i1 @_ssdm_op_ReadReq.m_axi.i16P1A, i16 %gmem1_4_addr, i64 1" [kernel.cpp:18]   --->   Operation 1312 'readreq' 'gmem1_4_load_req' <Predicate = true> <Delay = 3.65> <CoreInst = "m_axi">   --->   Core 119 'm_axi' <Latency = 6> <II = 1> <Delay = 1.00> <Adapter> <Opcode : 'read' 'write' 'readreq' 'writereq' 'writeresp'>
ST_66 : Operation 1313 [7/71] (3.65ns)   --->   "%gmem1_5_load_req = readreq i1 @_ssdm_op_ReadReq.m_axi.i16P1A, i16 %gmem1_5_addr, i64 1" [kernel.cpp:18]   --->   Operation 1313 'readreq' 'gmem1_5_load_req' <Predicate = true> <Delay = 3.65> <CoreInst = "m_axi">   --->   Core 119 'm_axi' <Latency = 6> <II = 1> <Delay = 1.00> <Adapter> <Opcode : 'read' 'write' 'readreq' 'writereq' 'writeresp'>
ST_66 : Operation 1314 [7/71] (3.65ns)   --->   "%gmem1_6_load_req = readreq i1 @_ssdm_op_ReadReq.m_axi.i16P1A, i16 %gmem1_6_addr, i64 1" [kernel.cpp:18]   --->   Operation 1314 'readreq' 'gmem1_6_load_req' <Predicate = true> <Delay = 3.65> <CoreInst = "m_axi">   --->   Core 119 'm_axi' <Latency = 6> <II = 1> <Delay = 1.00> <Adapter> <Opcode : 'read' 'write' 'readreq' 'writereq' 'writeresp'>
ST_66 : Operation 1315 [7/71] (3.65ns)   --->   "%gmem1_7_load_req = readreq i1 @_ssdm_op_ReadReq.m_axi.i16P1A, i16 %gmem1_7_addr, i64 1" [kernel.cpp:18]   --->   Operation 1315 'readreq' 'gmem1_7_load_req' <Predicate = true> <Delay = 3.65> <CoreInst = "m_axi">   --->   Core 119 'm_axi' <Latency = 6> <II = 1> <Delay = 1.00> <Adapter> <Opcode : 'read' 'write' 'readreq' 'writereq' 'writeresp'>

State 67 <SV = 66> <Delay = 3.65>
ST_67 : Operation 1316 [6/71] (3.65ns)   --->   "%gmem0_0_load_req = readreq i1 @_ssdm_op_ReadReq.m_axi.i16P1A, i16 %gmem0_0_addr, i64 1" [kernel.cpp:18]   --->   Operation 1316 'readreq' 'gmem0_0_load_req' <Predicate = true> <Delay = 3.65> <CoreInst = "m_axi">   --->   Core 119 'm_axi' <Latency = 6> <II = 1> <Delay = 1.00> <Adapter> <Opcode : 'read' 'write' 'readreq' 'writereq' 'writeresp'>
ST_67 : Operation 1317 [6/71] (3.65ns)   --->   "%gmem1_0_load_req = readreq i1 @_ssdm_op_ReadReq.m_axi.i16P1A, i16 %gmem1_0_addr, i64 1" [kernel.cpp:18]   --->   Operation 1317 'readreq' 'gmem1_0_load_req' <Predicate = true> <Delay = 3.65> <CoreInst = "m_axi">   --->   Core 119 'm_axi' <Latency = 6> <II = 1> <Delay = 1.00> <Adapter> <Opcode : 'read' 'write' 'readreq' 'writereq' 'writeresp'>
ST_67 : Operation 1318 [6/71] (3.65ns)   --->   "%gmem0_1_load_req = readreq i1 @_ssdm_op_ReadReq.m_axi.i16P1A, i16 %gmem0_1_addr, i64 1" [kernel.cpp:18]   --->   Operation 1318 'readreq' 'gmem0_1_load_req' <Predicate = true> <Delay = 3.65> <CoreInst = "m_axi">   --->   Core 119 'm_axi' <Latency = 6> <II = 1> <Delay = 1.00> <Adapter> <Opcode : 'read' 'write' 'readreq' 'writereq' 'writeresp'>
ST_67 : Operation 1319 [6/71] (3.65ns)   --->   "%gmem0_2_load_req = readreq i1 @_ssdm_op_ReadReq.m_axi.i16P1A, i16 %gmem0_2_addr, i64 1" [kernel.cpp:18]   --->   Operation 1319 'readreq' 'gmem0_2_load_req' <Predicate = true> <Delay = 3.65> <CoreInst = "m_axi">   --->   Core 119 'm_axi' <Latency = 6> <II = 1> <Delay = 1.00> <Adapter> <Opcode : 'read' 'write' 'readreq' 'writereq' 'writeresp'>
ST_67 : Operation 1320 [6/71] (3.65ns)   --->   "%gmem0_3_load_req = readreq i1 @_ssdm_op_ReadReq.m_axi.i16P1A, i16 %gmem0_3_addr, i64 1" [kernel.cpp:18]   --->   Operation 1320 'readreq' 'gmem0_3_load_req' <Predicate = true> <Delay = 3.65> <CoreInst = "m_axi">   --->   Core 119 'm_axi' <Latency = 6> <II = 1> <Delay = 1.00> <Adapter> <Opcode : 'read' 'write' 'readreq' 'writereq' 'writeresp'>
ST_67 : Operation 1321 [6/71] (3.65ns)   --->   "%gmem0_4_load_req = readreq i1 @_ssdm_op_ReadReq.m_axi.i16P1A, i16 %gmem0_4_addr, i64 1" [kernel.cpp:18]   --->   Operation 1321 'readreq' 'gmem0_4_load_req' <Predicate = true> <Delay = 3.65> <CoreInst = "m_axi">   --->   Core 119 'm_axi' <Latency = 6> <II = 1> <Delay = 1.00> <Adapter> <Opcode : 'read' 'write' 'readreq' 'writereq' 'writeresp'>
ST_67 : Operation 1322 [6/71] (3.65ns)   --->   "%gmem0_5_load_req = readreq i1 @_ssdm_op_ReadReq.m_axi.i16P1A, i16 %gmem0_5_addr, i64 1" [kernel.cpp:18]   --->   Operation 1322 'readreq' 'gmem0_5_load_req' <Predicate = true> <Delay = 3.65> <CoreInst = "m_axi">   --->   Core 119 'm_axi' <Latency = 6> <II = 1> <Delay = 1.00> <Adapter> <Opcode : 'read' 'write' 'readreq' 'writereq' 'writeresp'>
ST_67 : Operation 1323 [6/71] (3.65ns)   --->   "%gmem0_6_load_req = readreq i1 @_ssdm_op_ReadReq.m_axi.i16P1A, i16 %gmem0_6_addr, i64 1" [kernel.cpp:18]   --->   Operation 1323 'readreq' 'gmem0_6_load_req' <Predicate = true> <Delay = 3.65> <CoreInst = "m_axi">   --->   Core 119 'm_axi' <Latency = 6> <II = 1> <Delay = 1.00> <Adapter> <Opcode : 'read' 'write' 'readreq' 'writereq' 'writeresp'>
ST_67 : Operation 1324 [6/71] (3.65ns)   --->   "%gmem0_7_load_req = readreq i1 @_ssdm_op_ReadReq.m_axi.i16P1A, i16 %gmem0_7_addr, i64 1" [kernel.cpp:18]   --->   Operation 1324 'readreq' 'gmem0_7_load_req' <Predicate = true> <Delay = 3.65> <CoreInst = "m_axi">   --->   Core 119 'm_axi' <Latency = 6> <II = 1> <Delay = 1.00> <Adapter> <Opcode : 'read' 'write' 'readreq' 'writereq' 'writeresp'>
ST_67 : Operation 1325 [6/71] (3.65ns)   --->   "%gmem1_1_load_req = readreq i1 @_ssdm_op_ReadReq.m_axi.i16P1A, i16 %gmem1_1_addr, i64 1" [kernel.cpp:18]   --->   Operation 1325 'readreq' 'gmem1_1_load_req' <Predicate = true> <Delay = 3.65> <CoreInst = "m_axi">   --->   Core 119 'm_axi' <Latency = 6> <II = 1> <Delay = 1.00> <Adapter> <Opcode : 'read' 'write' 'readreq' 'writereq' 'writeresp'>
ST_67 : Operation 1326 [6/71] (3.65ns)   --->   "%gmem1_2_load_req = readreq i1 @_ssdm_op_ReadReq.m_axi.i16P1A, i16 %gmem1_2_addr, i64 1" [kernel.cpp:18]   --->   Operation 1326 'readreq' 'gmem1_2_load_req' <Predicate = true> <Delay = 3.65> <CoreInst = "m_axi">   --->   Core 119 'm_axi' <Latency = 6> <II = 1> <Delay = 1.00> <Adapter> <Opcode : 'read' 'write' 'readreq' 'writereq' 'writeresp'>
ST_67 : Operation 1327 [6/71] (3.65ns)   --->   "%gmem1_3_load_req = readreq i1 @_ssdm_op_ReadReq.m_axi.i16P1A, i16 %gmem1_3_addr, i64 1" [kernel.cpp:18]   --->   Operation 1327 'readreq' 'gmem1_3_load_req' <Predicate = true> <Delay = 3.65> <CoreInst = "m_axi">   --->   Core 119 'm_axi' <Latency = 6> <II = 1> <Delay = 1.00> <Adapter> <Opcode : 'read' 'write' 'readreq' 'writereq' 'writeresp'>
ST_67 : Operation 1328 [6/71] (3.65ns)   --->   "%gmem1_4_load_req = readreq i1 @_ssdm_op_ReadReq.m_axi.i16P1A, i16 %gmem1_4_addr, i64 1" [kernel.cpp:18]   --->   Operation 1328 'readreq' 'gmem1_4_load_req' <Predicate = true> <Delay = 3.65> <CoreInst = "m_axi">   --->   Core 119 'm_axi' <Latency = 6> <II = 1> <Delay = 1.00> <Adapter> <Opcode : 'read' 'write' 'readreq' 'writereq' 'writeresp'>
ST_67 : Operation 1329 [6/71] (3.65ns)   --->   "%gmem1_5_load_req = readreq i1 @_ssdm_op_ReadReq.m_axi.i16P1A, i16 %gmem1_5_addr, i64 1" [kernel.cpp:18]   --->   Operation 1329 'readreq' 'gmem1_5_load_req' <Predicate = true> <Delay = 3.65> <CoreInst = "m_axi">   --->   Core 119 'm_axi' <Latency = 6> <II = 1> <Delay = 1.00> <Adapter> <Opcode : 'read' 'write' 'readreq' 'writereq' 'writeresp'>
ST_67 : Operation 1330 [6/71] (3.65ns)   --->   "%gmem1_6_load_req = readreq i1 @_ssdm_op_ReadReq.m_axi.i16P1A, i16 %gmem1_6_addr, i64 1" [kernel.cpp:18]   --->   Operation 1330 'readreq' 'gmem1_6_load_req' <Predicate = true> <Delay = 3.65> <CoreInst = "m_axi">   --->   Core 119 'm_axi' <Latency = 6> <II = 1> <Delay = 1.00> <Adapter> <Opcode : 'read' 'write' 'readreq' 'writereq' 'writeresp'>
ST_67 : Operation 1331 [6/71] (3.65ns)   --->   "%gmem1_7_load_req = readreq i1 @_ssdm_op_ReadReq.m_axi.i16P1A, i16 %gmem1_7_addr, i64 1" [kernel.cpp:18]   --->   Operation 1331 'readreq' 'gmem1_7_load_req' <Predicate = true> <Delay = 3.65> <CoreInst = "m_axi">   --->   Core 119 'm_axi' <Latency = 6> <II = 1> <Delay = 1.00> <Adapter> <Opcode : 'read' 'write' 'readreq' 'writereq' 'writeresp'>

State 68 <SV = 67> <Delay = 3.65>
ST_68 : Operation 1332 [5/71] (3.65ns)   --->   "%gmem0_0_load_req = readreq i1 @_ssdm_op_ReadReq.m_axi.i16P1A, i16 %gmem0_0_addr, i64 1" [kernel.cpp:18]   --->   Operation 1332 'readreq' 'gmem0_0_load_req' <Predicate = true> <Delay = 3.65> <CoreInst = "m_axi">   --->   Core 119 'm_axi' <Latency = 6> <II = 1> <Delay = 1.00> <Adapter> <Opcode : 'read' 'write' 'readreq' 'writereq' 'writeresp'>
ST_68 : Operation 1333 [5/71] (3.65ns)   --->   "%gmem1_0_load_req = readreq i1 @_ssdm_op_ReadReq.m_axi.i16P1A, i16 %gmem1_0_addr, i64 1" [kernel.cpp:18]   --->   Operation 1333 'readreq' 'gmem1_0_load_req' <Predicate = true> <Delay = 3.65> <CoreInst = "m_axi">   --->   Core 119 'm_axi' <Latency = 6> <II = 1> <Delay = 1.00> <Adapter> <Opcode : 'read' 'write' 'readreq' 'writereq' 'writeresp'>
ST_68 : Operation 1334 [5/71] (3.65ns)   --->   "%gmem0_1_load_req = readreq i1 @_ssdm_op_ReadReq.m_axi.i16P1A, i16 %gmem0_1_addr, i64 1" [kernel.cpp:18]   --->   Operation 1334 'readreq' 'gmem0_1_load_req' <Predicate = true> <Delay = 3.65> <CoreInst = "m_axi">   --->   Core 119 'm_axi' <Latency = 6> <II = 1> <Delay = 1.00> <Adapter> <Opcode : 'read' 'write' 'readreq' 'writereq' 'writeresp'>
ST_68 : Operation 1335 [5/71] (3.65ns)   --->   "%gmem0_2_load_req = readreq i1 @_ssdm_op_ReadReq.m_axi.i16P1A, i16 %gmem0_2_addr, i64 1" [kernel.cpp:18]   --->   Operation 1335 'readreq' 'gmem0_2_load_req' <Predicate = true> <Delay = 3.65> <CoreInst = "m_axi">   --->   Core 119 'm_axi' <Latency = 6> <II = 1> <Delay = 1.00> <Adapter> <Opcode : 'read' 'write' 'readreq' 'writereq' 'writeresp'>
ST_68 : Operation 1336 [5/71] (3.65ns)   --->   "%gmem0_3_load_req = readreq i1 @_ssdm_op_ReadReq.m_axi.i16P1A, i16 %gmem0_3_addr, i64 1" [kernel.cpp:18]   --->   Operation 1336 'readreq' 'gmem0_3_load_req' <Predicate = true> <Delay = 3.65> <CoreInst = "m_axi">   --->   Core 119 'm_axi' <Latency = 6> <II = 1> <Delay = 1.00> <Adapter> <Opcode : 'read' 'write' 'readreq' 'writereq' 'writeresp'>
ST_68 : Operation 1337 [5/71] (3.65ns)   --->   "%gmem0_4_load_req = readreq i1 @_ssdm_op_ReadReq.m_axi.i16P1A, i16 %gmem0_4_addr, i64 1" [kernel.cpp:18]   --->   Operation 1337 'readreq' 'gmem0_4_load_req' <Predicate = true> <Delay = 3.65> <CoreInst = "m_axi">   --->   Core 119 'm_axi' <Latency = 6> <II = 1> <Delay = 1.00> <Adapter> <Opcode : 'read' 'write' 'readreq' 'writereq' 'writeresp'>
ST_68 : Operation 1338 [5/71] (3.65ns)   --->   "%gmem0_5_load_req = readreq i1 @_ssdm_op_ReadReq.m_axi.i16P1A, i16 %gmem0_5_addr, i64 1" [kernel.cpp:18]   --->   Operation 1338 'readreq' 'gmem0_5_load_req' <Predicate = true> <Delay = 3.65> <CoreInst = "m_axi">   --->   Core 119 'm_axi' <Latency = 6> <II = 1> <Delay = 1.00> <Adapter> <Opcode : 'read' 'write' 'readreq' 'writereq' 'writeresp'>
ST_68 : Operation 1339 [5/71] (3.65ns)   --->   "%gmem0_6_load_req = readreq i1 @_ssdm_op_ReadReq.m_axi.i16P1A, i16 %gmem0_6_addr, i64 1" [kernel.cpp:18]   --->   Operation 1339 'readreq' 'gmem0_6_load_req' <Predicate = true> <Delay = 3.65> <CoreInst = "m_axi">   --->   Core 119 'm_axi' <Latency = 6> <II = 1> <Delay = 1.00> <Adapter> <Opcode : 'read' 'write' 'readreq' 'writereq' 'writeresp'>
ST_68 : Operation 1340 [5/71] (3.65ns)   --->   "%gmem0_7_load_req = readreq i1 @_ssdm_op_ReadReq.m_axi.i16P1A, i16 %gmem0_7_addr, i64 1" [kernel.cpp:18]   --->   Operation 1340 'readreq' 'gmem0_7_load_req' <Predicate = true> <Delay = 3.65> <CoreInst = "m_axi">   --->   Core 119 'm_axi' <Latency = 6> <II = 1> <Delay = 1.00> <Adapter> <Opcode : 'read' 'write' 'readreq' 'writereq' 'writeresp'>
ST_68 : Operation 1341 [5/71] (3.65ns)   --->   "%gmem1_1_load_req = readreq i1 @_ssdm_op_ReadReq.m_axi.i16P1A, i16 %gmem1_1_addr, i64 1" [kernel.cpp:18]   --->   Operation 1341 'readreq' 'gmem1_1_load_req' <Predicate = true> <Delay = 3.65> <CoreInst = "m_axi">   --->   Core 119 'm_axi' <Latency = 6> <II = 1> <Delay = 1.00> <Adapter> <Opcode : 'read' 'write' 'readreq' 'writereq' 'writeresp'>
ST_68 : Operation 1342 [5/71] (3.65ns)   --->   "%gmem1_2_load_req = readreq i1 @_ssdm_op_ReadReq.m_axi.i16P1A, i16 %gmem1_2_addr, i64 1" [kernel.cpp:18]   --->   Operation 1342 'readreq' 'gmem1_2_load_req' <Predicate = true> <Delay = 3.65> <CoreInst = "m_axi">   --->   Core 119 'm_axi' <Latency = 6> <II = 1> <Delay = 1.00> <Adapter> <Opcode : 'read' 'write' 'readreq' 'writereq' 'writeresp'>
ST_68 : Operation 1343 [5/71] (3.65ns)   --->   "%gmem1_3_load_req = readreq i1 @_ssdm_op_ReadReq.m_axi.i16P1A, i16 %gmem1_3_addr, i64 1" [kernel.cpp:18]   --->   Operation 1343 'readreq' 'gmem1_3_load_req' <Predicate = true> <Delay = 3.65> <CoreInst = "m_axi">   --->   Core 119 'm_axi' <Latency = 6> <II = 1> <Delay = 1.00> <Adapter> <Opcode : 'read' 'write' 'readreq' 'writereq' 'writeresp'>
ST_68 : Operation 1344 [5/71] (3.65ns)   --->   "%gmem1_4_load_req = readreq i1 @_ssdm_op_ReadReq.m_axi.i16P1A, i16 %gmem1_4_addr, i64 1" [kernel.cpp:18]   --->   Operation 1344 'readreq' 'gmem1_4_load_req' <Predicate = true> <Delay = 3.65> <CoreInst = "m_axi">   --->   Core 119 'm_axi' <Latency = 6> <II = 1> <Delay = 1.00> <Adapter> <Opcode : 'read' 'write' 'readreq' 'writereq' 'writeresp'>
ST_68 : Operation 1345 [5/71] (3.65ns)   --->   "%gmem1_5_load_req = readreq i1 @_ssdm_op_ReadReq.m_axi.i16P1A, i16 %gmem1_5_addr, i64 1" [kernel.cpp:18]   --->   Operation 1345 'readreq' 'gmem1_5_load_req' <Predicate = true> <Delay = 3.65> <CoreInst = "m_axi">   --->   Core 119 'm_axi' <Latency = 6> <II = 1> <Delay = 1.00> <Adapter> <Opcode : 'read' 'write' 'readreq' 'writereq' 'writeresp'>
ST_68 : Operation 1346 [5/71] (3.65ns)   --->   "%gmem1_6_load_req = readreq i1 @_ssdm_op_ReadReq.m_axi.i16P1A, i16 %gmem1_6_addr, i64 1" [kernel.cpp:18]   --->   Operation 1346 'readreq' 'gmem1_6_load_req' <Predicate = true> <Delay = 3.65> <CoreInst = "m_axi">   --->   Core 119 'm_axi' <Latency = 6> <II = 1> <Delay = 1.00> <Adapter> <Opcode : 'read' 'write' 'readreq' 'writereq' 'writeresp'>
ST_68 : Operation 1347 [5/71] (3.65ns)   --->   "%gmem1_7_load_req = readreq i1 @_ssdm_op_ReadReq.m_axi.i16P1A, i16 %gmem1_7_addr, i64 1" [kernel.cpp:18]   --->   Operation 1347 'readreq' 'gmem1_7_load_req' <Predicate = true> <Delay = 3.65> <CoreInst = "m_axi">   --->   Core 119 'm_axi' <Latency = 6> <II = 1> <Delay = 1.00> <Adapter> <Opcode : 'read' 'write' 'readreq' 'writereq' 'writeresp'>

State 69 <SV = 68> <Delay = 3.65>
ST_69 : Operation 1348 [4/71] (3.65ns)   --->   "%gmem0_0_load_req = readreq i1 @_ssdm_op_ReadReq.m_axi.i16P1A, i16 %gmem0_0_addr, i64 1" [kernel.cpp:18]   --->   Operation 1348 'readreq' 'gmem0_0_load_req' <Predicate = true> <Delay = 3.65> <CoreInst = "m_axi">   --->   Core 119 'm_axi' <Latency = 6> <II = 1> <Delay = 1.00> <Adapter> <Opcode : 'read' 'write' 'readreq' 'writereq' 'writeresp'>
ST_69 : Operation 1349 [4/71] (3.65ns)   --->   "%gmem1_0_load_req = readreq i1 @_ssdm_op_ReadReq.m_axi.i16P1A, i16 %gmem1_0_addr, i64 1" [kernel.cpp:18]   --->   Operation 1349 'readreq' 'gmem1_0_load_req' <Predicate = true> <Delay = 3.65> <CoreInst = "m_axi">   --->   Core 119 'm_axi' <Latency = 6> <II = 1> <Delay = 1.00> <Adapter> <Opcode : 'read' 'write' 'readreq' 'writereq' 'writeresp'>
ST_69 : Operation 1350 [4/71] (3.65ns)   --->   "%gmem0_1_load_req = readreq i1 @_ssdm_op_ReadReq.m_axi.i16P1A, i16 %gmem0_1_addr, i64 1" [kernel.cpp:18]   --->   Operation 1350 'readreq' 'gmem0_1_load_req' <Predicate = true> <Delay = 3.65> <CoreInst = "m_axi">   --->   Core 119 'm_axi' <Latency = 6> <II = 1> <Delay = 1.00> <Adapter> <Opcode : 'read' 'write' 'readreq' 'writereq' 'writeresp'>
ST_69 : Operation 1351 [4/71] (3.65ns)   --->   "%gmem0_2_load_req = readreq i1 @_ssdm_op_ReadReq.m_axi.i16P1A, i16 %gmem0_2_addr, i64 1" [kernel.cpp:18]   --->   Operation 1351 'readreq' 'gmem0_2_load_req' <Predicate = true> <Delay = 3.65> <CoreInst = "m_axi">   --->   Core 119 'm_axi' <Latency = 6> <II = 1> <Delay = 1.00> <Adapter> <Opcode : 'read' 'write' 'readreq' 'writereq' 'writeresp'>
ST_69 : Operation 1352 [4/71] (3.65ns)   --->   "%gmem0_3_load_req = readreq i1 @_ssdm_op_ReadReq.m_axi.i16P1A, i16 %gmem0_3_addr, i64 1" [kernel.cpp:18]   --->   Operation 1352 'readreq' 'gmem0_3_load_req' <Predicate = true> <Delay = 3.65> <CoreInst = "m_axi">   --->   Core 119 'm_axi' <Latency = 6> <II = 1> <Delay = 1.00> <Adapter> <Opcode : 'read' 'write' 'readreq' 'writereq' 'writeresp'>
ST_69 : Operation 1353 [4/71] (3.65ns)   --->   "%gmem0_4_load_req = readreq i1 @_ssdm_op_ReadReq.m_axi.i16P1A, i16 %gmem0_4_addr, i64 1" [kernel.cpp:18]   --->   Operation 1353 'readreq' 'gmem0_4_load_req' <Predicate = true> <Delay = 3.65> <CoreInst = "m_axi">   --->   Core 119 'm_axi' <Latency = 6> <II = 1> <Delay = 1.00> <Adapter> <Opcode : 'read' 'write' 'readreq' 'writereq' 'writeresp'>
ST_69 : Operation 1354 [4/71] (3.65ns)   --->   "%gmem0_5_load_req = readreq i1 @_ssdm_op_ReadReq.m_axi.i16P1A, i16 %gmem0_5_addr, i64 1" [kernel.cpp:18]   --->   Operation 1354 'readreq' 'gmem0_5_load_req' <Predicate = true> <Delay = 3.65> <CoreInst = "m_axi">   --->   Core 119 'm_axi' <Latency = 6> <II = 1> <Delay = 1.00> <Adapter> <Opcode : 'read' 'write' 'readreq' 'writereq' 'writeresp'>
ST_69 : Operation 1355 [4/71] (3.65ns)   --->   "%gmem0_6_load_req = readreq i1 @_ssdm_op_ReadReq.m_axi.i16P1A, i16 %gmem0_6_addr, i64 1" [kernel.cpp:18]   --->   Operation 1355 'readreq' 'gmem0_6_load_req' <Predicate = true> <Delay = 3.65> <CoreInst = "m_axi">   --->   Core 119 'm_axi' <Latency = 6> <II = 1> <Delay = 1.00> <Adapter> <Opcode : 'read' 'write' 'readreq' 'writereq' 'writeresp'>
ST_69 : Operation 1356 [4/71] (3.65ns)   --->   "%gmem0_7_load_req = readreq i1 @_ssdm_op_ReadReq.m_axi.i16P1A, i16 %gmem0_7_addr, i64 1" [kernel.cpp:18]   --->   Operation 1356 'readreq' 'gmem0_7_load_req' <Predicate = true> <Delay = 3.65> <CoreInst = "m_axi">   --->   Core 119 'm_axi' <Latency = 6> <II = 1> <Delay = 1.00> <Adapter> <Opcode : 'read' 'write' 'readreq' 'writereq' 'writeresp'>
ST_69 : Operation 1357 [4/71] (3.65ns)   --->   "%gmem1_1_load_req = readreq i1 @_ssdm_op_ReadReq.m_axi.i16P1A, i16 %gmem1_1_addr, i64 1" [kernel.cpp:18]   --->   Operation 1357 'readreq' 'gmem1_1_load_req' <Predicate = true> <Delay = 3.65> <CoreInst = "m_axi">   --->   Core 119 'm_axi' <Latency = 6> <II = 1> <Delay = 1.00> <Adapter> <Opcode : 'read' 'write' 'readreq' 'writereq' 'writeresp'>
ST_69 : Operation 1358 [4/71] (3.65ns)   --->   "%gmem1_2_load_req = readreq i1 @_ssdm_op_ReadReq.m_axi.i16P1A, i16 %gmem1_2_addr, i64 1" [kernel.cpp:18]   --->   Operation 1358 'readreq' 'gmem1_2_load_req' <Predicate = true> <Delay = 3.65> <CoreInst = "m_axi">   --->   Core 119 'm_axi' <Latency = 6> <II = 1> <Delay = 1.00> <Adapter> <Opcode : 'read' 'write' 'readreq' 'writereq' 'writeresp'>
ST_69 : Operation 1359 [4/71] (3.65ns)   --->   "%gmem1_3_load_req = readreq i1 @_ssdm_op_ReadReq.m_axi.i16P1A, i16 %gmem1_3_addr, i64 1" [kernel.cpp:18]   --->   Operation 1359 'readreq' 'gmem1_3_load_req' <Predicate = true> <Delay = 3.65> <CoreInst = "m_axi">   --->   Core 119 'm_axi' <Latency = 6> <II = 1> <Delay = 1.00> <Adapter> <Opcode : 'read' 'write' 'readreq' 'writereq' 'writeresp'>
ST_69 : Operation 1360 [4/71] (3.65ns)   --->   "%gmem1_4_load_req = readreq i1 @_ssdm_op_ReadReq.m_axi.i16P1A, i16 %gmem1_4_addr, i64 1" [kernel.cpp:18]   --->   Operation 1360 'readreq' 'gmem1_4_load_req' <Predicate = true> <Delay = 3.65> <CoreInst = "m_axi">   --->   Core 119 'm_axi' <Latency = 6> <II = 1> <Delay = 1.00> <Adapter> <Opcode : 'read' 'write' 'readreq' 'writereq' 'writeresp'>
ST_69 : Operation 1361 [4/71] (3.65ns)   --->   "%gmem1_5_load_req = readreq i1 @_ssdm_op_ReadReq.m_axi.i16P1A, i16 %gmem1_5_addr, i64 1" [kernel.cpp:18]   --->   Operation 1361 'readreq' 'gmem1_5_load_req' <Predicate = true> <Delay = 3.65> <CoreInst = "m_axi">   --->   Core 119 'm_axi' <Latency = 6> <II = 1> <Delay = 1.00> <Adapter> <Opcode : 'read' 'write' 'readreq' 'writereq' 'writeresp'>
ST_69 : Operation 1362 [4/71] (3.65ns)   --->   "%gmem1_6_load_req = readreq i1 @_ssdm_op_ReadReq.m_axi.i16P1A, i16 %gmem1_6_addr, i64 1" [kernel.cpp:18]   --->   Operation 1362 'readreq' 'gmem1_6_load_req' <Predicate = true> <Delay = 3.65> <CoreInst = "m_axi">   --->   Core 119 'm_axi' <Latency = 6> <II = 1> <Delay = 1.00> <Adapter> <Opcode : 'read' 'write' 'readreq' 'writereq' 'writeresp'>
ST_69 : Operation 1363 [4/71] (3.65ns)   --->   "%gmem1_7_load_req = readreq i1 @_ssdm_op_ReadReq.m_axi.i16P1A, i16 %gmem1_7_addr, i64 1" [kernel.cpp:18]   --->   Operation 1363 'readreq' 'gmem1_7_load_req' <Predicate = true> <Delay = 3.65> <CoreInst = "m_axi">   --->   Core 119 'm_axi' <Latency = 6> <II = 1> <Delay = 1.00> <Adapter> <Opcode : 'read' 'write' 'readreq' 'writereq' 'writeresp'>

State 70 <SV = 69> <Delay = 3.65>
ST_70 : Operation 1364 [3/71] (3.65ns)   --->   "%gmem0_0_load_req = readreq i1 @_ssdm_op_ReadReq.m_axi.i16P1A, i16 %gmem0_0_addr, i64 1" [kernel.cpp:18]   --->   Operation 1364 'readreq' 'gmem0_0_load_req' <Predicate = true> <Delay = 3.65> <CoreInst = "m_axi">   --->   Core 119 'm_axi' <Latency = 6> <II = 1> <Delay = 1.00> <Adapter> <Opcode : 'read' 'write' 'readreq' 'writereq' 'writeresp'>
ST_70 : Operation 1365 [3/71] (3.65ns)   --->   "%gmem1_0_load_req = readreq i1 @_ssdm_op_ReadReq.m_axi.i16P1A, i16 %gmem1_0_addr, i64 1" [kernel.cpp:18]   --->   Operation 1365 'readreq' 'gmem1_0_load_req' <Predicate = true> <Delay = 3.65> <CoreInst = "m_axi">   --->   Core 119 'm_axi' <Latency = 6> <II = 1> <Delay = 1.00> <Adapter> <Opcode : 'read' 'write' 'readreq' 'writereq' 'writeresp'>
ST_70 : Operation 1366 [3/71] (3.65ns)   --->   "%gmem0_1_load_req = readreq i1 @_ssdm_op_ReadReq.m_axi.i16P1A, i16 %gmem0_1_addr, i64 1" [kernel.cpp:18]   --->   Operation 1366 'readreq' 'gmem0_1_load_req' <Predicate = true> <Delay = 3.65> <CoreInst = "m_axi">   --->   Core 119 'm_axi' <Latency = 6> <II = 1> <Delay = 1.00> <Adapter> <Opcode : 'read' 'write' 'readreq' 'writereq' 'writeresp'>
ST_70 : Operation 1367 [3/71] (3.65ns)   --->   "%gmem0_2_load_req = readreq i1 @_ssdm_op_ReadReq.m_axi.i16P1A, i16 %gmem0_2_addr, i64 1" [kernel.cpp:18]   --->   Operation 1367 'readreq' 'gmem0_2_load_req' <Predicate = true> <Delay = 3.65> <CoreInst = "m_axi">   --->   Core 119 'm_axi' <Latency = 6> <II = 1> <Delay = 1.00> <Adapter> <Opcode : 'read' 'write' 'readreq' 'writereq' 'writeresp'>
ST_70 : Operation 1368 [3/71] (3.65ns)   --->   "%gmem0_3_load_req = readreq i1 @_ssdm_op_ReadReq.m_axi.i16P1A, i16 %gmem0_3_addr, i64 1" [kernel.cpp:18]   --->   Operation 1368 'readreq' 'gmem0_3_load_req' <Predicate = true> <Delay = 3.65> <CoreInst = "m_axi">   --->   Core 119 'm_axi' <Latency = 6> <II = 1> <Delay = 1.00> <Adapter> <Opcode : 'read' 'write' 'readreq' 'writereq' 'writeresp'>
ST_70 : Operation 1369 [3/71] (3.65ns)   --->   "%gmem0_4_load_req = readreq i1 @_ssdm_op_ReadReq.m_axi.i16P1A, i16 %gmem0_4_addr, i64 1" [kernel.cpp:18]   --->   Operation 1369 'readreq' 'gmem0_4_load_req' <Predicate = true> <Delay = 3.65> <CoreInst = "m_axi">   --->   Core 119 'm_axi' <Latency = 6> <II = 1> <Delay = 1.00> <Adapter> <Opcode : 'read' 'write' 'readreq' 'writereq' 'writeresp'>
ST_70 : Operation 1370 [3/71] (3.65ns)   --->   "%gmem0_5_load_req = readreq i1 @_ssdm_op_ReadReq.m_axi.i16P1A, i16 %gmem0_5_addr, i64 1" [kernel.cpp:18]   --->   Operation 1370 'readreq' 'gmem0_5_load_req' <Predicate = true> <Delay = 3.65> <CoreInst = "m_axi">   --->   Core 119 'm_axi' <Latency = 6> <II = 1> <Delay = 1.00> <Adapter> <Opcode : 'read' 'write' 'readreq' 'writereq' 'writeresp'>
ST_70 : Operation 1371 [3/71] (3.65ns)   --->   "%gmem0_6_load_req = readreq i1 @_ssdm_op_ReadReq.m_axi.i16P1A, i16 %gmem0_6_addr, i64 1" [kernel.cpp:18]   --->   Operation 1371 'readreq' 'gmem0_6_load_req' <Predicate = true> <Delay = 3.65> <CoreInst = "m_axi">   --->   Core 119 'm_axi' <Latency = 6> <II = 1> <Delay = 1.00> <Adapter> <Opcode : 'read' 'write' 'readreq' 'writereq' 'writeresp'>
ST_70 : Operation 1372 [3/71] (3.65ns)   --->   "%gmem0_7_load_req = readreq i1 @_ssdm_op_ReadReq.m_axi.i16P1A, i16 %gmem0_7_addr, i64 1" [kernel.cpp:18]   --->   Operation 1372 'readreq' 'gmem0_7_load_req' <Predicate = true> <Delay = 3.65> <CoreInst = "m_axi">   --->   Core 119 'm_axi' <Latency = 6> <II = 1> <Delay = 1.00> <Adapter> <Opcode : 'read' 'write' 'readreq' 'writereq' 'writeresp'>
ST_70 : Operation 1373 [3/71] (3.65ns)   --->   "%gmem1_1_load_req = readreq i1 @_ssdm_op_ReadReq.m_axi.i16P1A, i16 %gmem1_1_addr, i64 1" [kernel.cpp:18]   --->   Operation 1373 'readreq' 'gmem1_1_load_req' <Predicate = true> <Delay = 3.65> <CoreInst = "m_axi">   --->   Core 119 'm_axi' <Latency = 6> <II = 1> <Delay = 1.00> <Adapter> <Opcode : 'read' 'write' 'readreq' 'writereq' 'writeresp'>
ST_70 : Operation 1374 [3/71] (3.65ns)   --->   "%gmem1_2_load_req = readreq i1 @_ssdm_op_ReadReq.m_axi.i16P1A, i16 %gmem1_2_addr, i64 1" [kernel.cpp:18]   --->   Operation 1374 'readreq' 'gmem1_2_load_req' <Predicate = true> <Delay = 3.65> <CoreInst = "m_axi">   --->   Core 119 'm_axi' <Latency = 6> <II = 1> <Delay = 1.00> <Adapter> <Opcode : 'read' 'write' 'readreq' 'writereq' 'writeresp'>
ST_70 : Operation 1375 [3/71] (3.65ns)   --->   "%gmem1_3_load_req = readreq i1 @_ssdm_op_ReadReq.m_axi.i16P1A, i16 %gmem1_3_addr, i64 1" [kernel.cpp:18]   --->   Operation 1375 'readreq' 'gmem1_3_load_req' <Predicate = true> <Delay = 3.65> <CoreInst = "m_axi">   --->   Core 119 'm_axi' <Latency = 6> <II = 1> <Delay = 1.00> <Adapter> <Opcode : 'read' 'write' 'readreq' 'writereq' 'writeresp'>
ST_70 : Operation 1376 [3/71] (3.65ns)   --->   "%gmem1_4_load_req = readreq i1 @_ssdm_op_ReadReq.m_axi.i16P1A, i16 %gmem1_4_addr, i64 1" [kernel.cpp:18]   --->   Operation 1376 'readreq' 'gmem1_4_load_req' <Predicate = true> <Delay = 3.65> <CoreInst = "m_axi">   --->   Core 119 'm_axi' <Latency = 6> <II = 1> <Delay = 1.00> <Adapter> <Opcode : 'read' 'write' 'readreq' 'writereq' 'writeresp'>
ST_70 : Operation 1377 [3/71] (3.65ns)   --->   "%gmem1_5_load_req = readreq i1 @_ssdm_op_ReadReq.m_axi.i16P1A, i16 %gmem1_5_addr, i64 1" [kernel.cpp:18]   --->   Operation 1377 'readreq' 'gmem1_5_load_req' <Predicate = true> <Delay = 3.65> <CoreInst = "m_axi">   --->   Core 119 'm_axi' <Latency = 6> <II = 1> <Delay = 1.00> <Adapter> <Opcode : 'read' 'write' 'readreq' 'writereq' 'writeresp'>
ST_70 : Operation 1378 [3/71] (3.65ns)   --->   "%gmem1_6_load_req = readreq i1 @_ssdm_op_ReadReq.m_axi.i16P1A, i16 %gmem1_6_addr, i64 1" [kernel.cpp:18]   --->   Operation 1378 'readreq' 'gmem1_6_load_req' <Predicate = true> <Delay = 3.65> <CoreInst = "m_axi">   --->   Core 119 'm_axi' <Latency = 6> <II = 1> <Delay = 1.00> <Adapter> <Opcode : 'read' 'write' 'readreq' 'writereq' 'writeresp'>
ST_70 : Operation 1379 [3/71] (3.65ns)   --->   "%gmem1_7_load_req = readreq i1 @_ssdm_op_ReadReq.m_axi.i16P1A, i16 %gmem1_7_addr, i64 1" [kernel.cpp:18]   --->   Operation 1379 'readreq' 'gmem1_7_load_req' <Predicate = true> <Delay = 3.65> <CoreInst = "m_axi">   --->   Core 119 'm_axi' <Latency = 6> <II = 1> <Delay = 1.00> <Adapter> <Opcode : 'read' 'write' 'readreq' 'writereq' 'writeresp'>

State 71 <SV = 70> <Delay = 3.65>
ST_71 : Operation 1380 [2/71] (3.65ns)   --->   "%gmem0_0_load_req = readreq i1 @_ssdm_op_ReadReq.m_axi.i16P1A, i16 %gmem0_0_addr, i64 1" [kernel.cpp:18]   --->   Operation 1380 'readreq' 'gmem0_0_load_req' <Predicate = true> <Delay = 3.65> <CoreInst = "m_axi">   --->   Core 119 'm_axi' <Latency = 6> <II = 1> <Delay = 1.00> <Adapter> <Opcode : 'read' 'write' 'readreq' 'writereq' 'writeresp'>
ST_71 : Operation 1381 [2/71] (3.65ns)   --->   "%gmem1_0_load_req = readreq i1 @_ssdm_op_ReadReq.m_axi.i16P1A, i16 %gmem1_0_addr, i64 1" [kernel.cpp:18]   --->   Operation 1381 'readreq' 'gmem1_0_load_req' <Predicate = true> <Delay = 3.65> <CoreInst = "m_axi">   --->   Core 119 'm_axi' <Latency = 6> <II = 1> <Delay = 1.00> <Adapter> <Opcode : 'read' 'write' 'readreq' 'writereq' 'writeresp'>
ST_71 : Operation 1382 [2/71] (3.65ns)   --->   "%gmem0_1_load_req = readreq i1 @_ssdm_op_ReadReq.m_axi.i16P1A, i16 %gmem0_1_addr, i64 1" [kernel.cpp:18]   --->   Operation 1382 'readreq' 'gmem0_1_load_req' <Predicate = true> <Delay = 3.65> <CoreInst = "m_axi">   --->   Core 119 'm_axi' <Latency = 6> <II = 1> <Delay = 1.00> <Adapter> <Opcode : 'read' 'write' 'readreq' 'writereq' 'writeresp'>
ST_71 : Operation 1383 [2/71] (3.65ns)   --->   "%gmem0_2_load_req = readreq i1 @_ssdm_op_ReadReq.m_axi.i16P1A, i16 %gmem0_2_addr, i64 1" [kernel.cpp:18]   --->   Operation 1383 'readreq' 'gmem0_2_load_req' <Predicate = true> <Delay = 3.65> <CoreInst = "m_axi">   --->   Core 119 'm_axi' <Latency = 6> <II = 1> <Delay = 1.00> <Adapter> <Opcode : 'read' 'write' 'readreq' 'writereq' 'writeresp'>
ST_71 : Operation 1384 [2/71] (3.65ns)   --->   "%gmem0_3_load_req = readreq i1 @_ssdm_op_ReadReq.m_axi.i16P1A, i16 %gmem0_3_addr, i64 1" [kernel.cpp:18]   --->   Operation 1384 'readreq' 'gmem0_3_load_req' <Predicate = true> <Delay = 3.65> <CoreInst = "m_axi">   --->   Core 119 'm_axi' <Latency = 6> <II = 1> <Delay = 1.00> <Adapter> <Opcode : 'read' 'write' 'readreq' 'writereq' 'writeresp'>
ST_71 : Operation 1385 [2/71] (3.65ns)   --->   "%gmem0_4_load_req = readreq i1 @_ssdm_op_ReadReq.m_axi.i16P1A, i16 %gmem0_4_addr, i64 1" [kernel.cpp:18]   --->   Operation 1385 'readreq' 'gmem0_4_load_req' <Predicate = true> <Delay = 3.65> <CoreInst = "m_axi">   --->   Core 119 'm_axi' <Latency = 6> <II = 1> <Delay = 1.00> <Adapter> <Opcode : 'read' 'write' 'readreq' 'writereq' 'writeresp'>
ST_71 : Operation 1386 [2/71] (3.65ns)   --->   "%gmem0_5_load_req = readreq i1 @_ssdm_op_ReadReq.m_axi.i16P1A, i16 %gmem0_5_addr, i64 1" [kernel.cpp:18]   --->   Operation 1386 'readreq' 'gmem0_5_load_req' <Predicate = true> <Delay = 3.65> <CoreInst = "m_axi">   --->   Core 119 'm_axi' <Latency = 6> <II = 1> <Delay = 1.00> <Adapter> <Opcode : 'read' 'write' 'readreq' 'writereq' 'writeresp'>
ST_71 : Operation 1387 [2/71] (3.65ns)   --->   "%gmem0_6_load_req = readreq i1 @_ssdm_op_ReadReq.m_axi.i16P1A, i16 %gmem0_6_addr, i64 1" [kernel.cpp:18]   --->   Operation 1387 'readreq' 'gmem0_6_load_req' <Predicate = true> <Delay = 3.65> <CoreInst = "m_axi">   --->   Core 119 'm_axi' <Latency = 6> <II = 1> <Delay = 1.00> <Adapter> <Opcode : 'read' 'write' 'readreq' 'writereq' 'writeresp'>
ST_71 : Operation 1388 [2/71] (3.65ns)   --->   "%gmem0_7_load_req = readreq i1 @_ssdm_op_ReadReq.m_axi.i16P1A, i16 %gmem0_7_addr, i64 1" [kernel.cpp:18]   --->   Operation 1388 'readreq' 'gmem0_7_load_req' <Predicate = true> <Delay = 3.65> <CoreInst = "m_axi">   --->   Core 119 'm_axi' <Latency = 6> <II = 1> <Delay = 1.00> <Adapter> <Opcode : 'read' 'write' 'readreq' 'writereq' 'writeresp'>
ST_71 : Operation 1389 [2/71] (3.65ns)   --->   "%gmem1_1_load_req = readreq i1 @_ssdm_op_ReadReq.m_axi.i16P1A, i16 %gmem1_1_addr, i64 1" [kernel.cpp:18]   --->   Operation 1389 'readreq' 'gmem1_1_load_req' <Predicate = true> <Delay = 3.65> <CoreInst = "m_axi">   --->   Core 119 'm_axi' <Latency = 6> <II = 1> <Delay = 1.00> <Adapter> <Opcode : 'read' 'write' 'readreq' 'writereq' 'writeresp'>
ST_71 : Operation 1390 [2/71] (3.65ns)   --->   "%gmem1_2_load_req = readreq i1 @_ssdm_op_ReadReq.m_axi.i16P1A, i16 %gmem1_2_addr, i64 1" [kernel.cpp:18]   --->   Operation 1390 'readreq' 'gmem1_2_load_req' <Predicate = true> <Delay = 3.65> <CoreInst = "m_axi">   --->   Core 119 'm_axi' <Latency = 6> <II = 1> <Delay = 1.00> <Adapter> <Opcode : 'read' 'write' 'readreq' 'writereq' 'writeresp'>
ST_71 : Operation 1391 [2/71] (3.65ns)   --->   "%gmem1_3_load_req = readreq i1 @_ssdm_op_ReadReq.m_axi.i16P1A, i16 %gmem1_3_addr, i64 1" [kernel.cpp:18]   --->   Operation 1391 'readreq' 'gmem1_3_load_req' <Predicate = true> <Delay = 3.65> <CoreInst = "m_axi">   --->   Core 119 'm_axi' <Latency = 6> <II = 1> <Delay = 1.00> <Adapter> <Opcode : 'read' 'write' 'readreq' 'writereq' 'writeresp'>
ST_71 : Operation 1392 [2/71] (3.65ns)   --->   "%gmem1_4_load_req = readreq i1 @_ssdm_op_ReadReq.m_axi.i16P1A, i16 %gmem1_4_addr, i64 1" [kernel.cpp:18]   --->   Operation 1392 'readreq' 'gmem1_4_load_req' <Predicate = true> <Delay = 3.65> <CoreInst = "m_axi">   --->   Core 119 'm_axi' <Latency = 6> <II = 1> <Delay = 1.00> <Adapter> <Opcode : 'read' 'write' 'readreq' 'writereq' 'writeresp'>
ST_71 : Operation 1393 [2/71] (3.65ns)   --->   "%gmem1_5_load_req = readreq i1 @_ssdm_op_ReadReq.m_axi.i16P1A, i16 %gmem1_5_addr, i64 1" [kernel.cpp:18]   --->   Operation 1393 'readreq' 'gmem1_5_load_req' <Predicate = true> <Delay = 3.65> <CoreInst = "m_axi">   --->   Core 119 'm_axi' <Latency = 6> <II = 1> <Delay = 1.00> <Adapter> <Opcode : 'read' 'write' 'readreq' 'writereq' 'writeresp'>
ST_71 : Operation 1394 [2/71] (3.65ns)   --->   "%gmem1_6_load_req = readreq i1 @_ssdm_op_ReadReq.m_axi.i16P1A, i16 %gmem1_6_addr, i64 1" [kernel.cpp:18]   --->   Operation 1394 'readreq' 'gmem1_6_load_req' <Predicate = true> <Delay = 3.65> <CoreInst = "m_axi">   --->   Core 119 'm_axi' <Latency = 6> <II = 1> <Delay = 1.00> <Adapter> <Opcode : 'read' 'write' 'readreq' 'writereq' 'writeresp'>
ST_71 : Operation 1395 [2/71] (3.65ns)   --->   "%gmem1_7_load_req = readreq i1 @_ssdm_op_ReadReq.m_axi.i16P1A, i16 %gmem1_7_addr, i64 1" [kernel.cpp:18]   --->   Operation 1395 'readreq' 'gmem1_7_load_req' <Predicate = true> <Delay = 3.65> <CoreInst = "m_axi">   --->   Core 119 'm_axi' <Latency = 6> <II = 1> <Delay = 1.00> <Adapter> <Opcode : 'read' 'write' 'readreq' 'writereq' 'writeresp'>

State 72 <SV = 71> <Delay = 3.65>
ST_72 : Operation 1396 [1/71] (3.65ns)   --->   "%gmem0_0_load_req = readreq i1 @_ssdm_op_ReadReq.m_axi.i16P1A, i16 %gmem0_0_addr, i64 1" [kernel.cpp:18]   --->   Operation 1396 'readreq' 'gmem0_0_load_req' <Predicate = true> <Delay = 3.65> <CoreInst = "m_axi">   --->   Core 119 'm_axi' <Latency = 6> <II = 1> <Delay = 1.00> <Adapter> <Opcode : 'read' 'write' 'readreq' 'writereq' 'writeresp'>
ST_72 : Operation 1397 [1/71] (3.65ns)   --->   "%gmem1_0_load_req = readreq i1 @_ssdm_op_ReadReq.m_axi.i16P1A, i16 %gmem1_0_addr, i64 1" [kernel.cpp:18]   --->   Operation 1397 'readreq' 'gmem1_0_load_req' <Predicate = true> <Delay = 3.65> <CoreInst = "m_axi">   --->   Core 119 'm_axi' <Latency = 6> <II = 1> <Delay = 1.00> <Adapter> <Opcode : 'read' 'write' 'readreq' 'writereq' 'writeresp'>
ST_72 : Operation 1398 [1/71] (3.65ns)   --->   "%gmem0_1_load_req = readreq i1 @_ssdm_op_ReadReq.m_axi.i16P1A, i16 %gmem0_1_addr, i64 1" [kernel.cpp:18]   --->   Operation 1398 'readreq' 'gmem0_1_load_req' <Predicate = true> <Delay = 3.65> <CoreInst = "m_axi">   --->   Core 119 'm_axi' <Latency = 6> <II = 1> <Delay = 1.00> <Adapter> <Opcode : 'read' 'write' 'readreq' 'writereq' 'writeresp'>
ST_72 : Operation 1399 [1/71] (3.65ns)   --->   "%gmem0_2_load_req = readreq i1 @_ssdm_op_ReadReq.m_axi.i16P1A, i16 %gmem0_2_addr, i64 1" [kernel.cpp:18]   --->   Operation 1399 'readreq' 'gmem0_2_load_req' <Predicate = true> <Delay = 3.65> <CoreInst = "m_axi">   --->   Core 119 'm_axi' <Latency = 6> <II = 1> <Delay = 1.00> <Adapter> <Opcode : 'read' 'write' 'readreq' 'writereq' 'writeresp'>
ST_72 : Operation 1400 [1/71] (3.65ns)   --->   "%gmem0_3_load_req = readreq i1 @_ssdm_op_ReadReq.m_axi.i16P1A, i16 %gmem0_3_addr, i64 1" [kernel.cpp:18]   --->   Operation 1400 'readreq' 'gmem0_3_load_req' <Predicate = true> <Delay = 3.65> <CoreInst = "m_axi">   --->   Core 119 'm_axi' <Latency = 6> <II = 1> <Delay = 1.00> <Adapter> <Opcode : 'read' 'write' 'readreq' 'writereq' 'writeresp'>
ST_72 : Operation 1401 [1/71] (3.65ns)   --->   "%gmem0_4_load_req = readreq i1 @_ssdm_op_ReadReq.m_axi.i16P1A, i16 %gmem0_4_addr, i64 1" [kernel.cpp:18]   --->   Operation 1401 'readreq' 'gmem0_4_load_req' <Predicate = true> <Delay = 3.65> <CoreInst = "m_axi">   --->   Core 119 'm_axi' <Latency = 6> <II = 1> <Delay = 1.00> <Adapter> <Opcode : 'read' 'write' 'readreq' 'writereq' 'writeresp'>
ST_72 : Operation 1402 [1/71] (3.65ns)   --->   "%gmem0_5_load_req = readreq i1 @_ssdm_op_ReadReq.m_axi.i16P1A, i16 %gmem0_5_addr, i64 1" [kernel.cpp:18]   --->   Operation 1402 'readreq' 'gmem0_5_load_req' <Predicate = true> <Delay = 3.65> <CoreInst = "m_axi">   --->   Core 119 'm_axi' <Latency = 6> <II = 1> <Delay = 1.00> <Adapter> <Opcode : 'read' 'write' 'readreq' 'writereq' 'writeresp'>
ST_72 : Operation 1403 [1/71] (3.65ns)   --->   "%gmem0_6_load_req = readreq i1 @_ssdm_op_ReadReq.m_axi.i16P1A, i16 %gmem0_6_addr, i64 1" [kernel.cpp:18]   --->   Operation 1403 'readreq' 'gmem0_6_load_req' <Predicate = true> <Delay = 3.65> <CoreInst = "m_axi">   --->   Core 119 'm_axi' <Latency = 6> <II = 1> <Delay = 1.00> <Adapter> <Opcode : 'read' 'write' 'readreq' 'writereq' 'writeresp'>
ST_72 : Operation 1404 [1/71] (3.65ns)   --->   "%gmem0_7_load_req = readreq i1 @_ssdm_op_ReadReq.m_axi.i16P1A, i16 %gmem0_7_addr, i64 1" [kernel.cpp:18]   --->   Operation 1404 'readreq' 'gmem0_7_load_req' <Predicate = true> <Delay = 3.65> <CoreInst = "m_axi">   --->   Core 119 'm_axi' <Latency = 6> <II = 1> <Delay = 1.00> <Adapter> <Opcode : 'read' 'write' 'readreq' 'writereq' 'writeresp'>
ST_72 : Operation 1405 [1/71] (3.65ns)   --->   "%gmem1_1_load_req = readreq i1 @_ssdm_op_ReadReq.m_axi.i16P1A, i16 %gmem1_1_addr, i64 1" [kernel.cpp:18]   --->   Operation 1405 'readreq' 'gmem1_1_load_req' <Predicate = true> <Delay = 3.65> <CoreInst = "m_axi">   --->   Core 119 'm_axi' <Latency = 6> <II = 1> <Delay = 1.00> <Adapter> <Opcode : 'read' 'write' 'readreq' 'writereq' 'writeresp'>
ST_72 : Operation 1406 [1/71] (3.65ns)   --->   "%gmem1_2_load_req = readreq i1 @_ssdm_op_ReadReq.m_axi.i16P1A, i16 %gmem1_2_addr, i64 1" [kernel.cpp:18]   --->   Operation 1406 'readreq' 'gmem1_2_load_req' <Predicate = true> <Delay = 3.65> <CoreInst = "m_axi">   --->   Core 119 'm_axi' <Latency = 6> <II = 1> <Delay = 1.00> <Adapter> <Opcode : 'read' 'write' 'readreq' 'writereq' 'writeresp'>
ST_72 : Operation 1407 [1/71] (3.65ns)   --->   "%gmem1_3_load_req = readreq i1 @_ssdm_op_ReadReq.m_axi.i16P1A, i16 %gmem1_3_addr, i64 1" [kernel.cpp:18]   --->   Operation 1407 'readreq' 'gmem1_3_load_req' <Predicate = true> <Delay = 3.65> <CoreInst = "m_axi">   --->   Core 119 'm_axi' <Latency = 6> <II = 1> <Delay = 1.00> <Adapter> <Opcode : 'read' 'write' 'readreq' 'writereq' 'writeresp'>
ST_72 : Operation 1408 [1/71] (3.65ns)   --->   "%gmem1_4_load_req = readreq i1 @_ssdm_op_ReadReq.m_axi.i16P1A, i16 %gmem1_4_addr, i64 1" [kernel.cpp:18]   --->   Operation 1408 'readreq' 'gmem1_4_load_req' <Predicate = true> <Delay = 3.65> <CoreInst = "m_axi">   --->   Core 119 'm_axi' <Latency = 6> <II = 1> <Delay = 1.00> <Adapter> <Opcode : 'read' 'write' 'readreq' 'writereq' 'writeresp'>
ST_72 : Operation 1409 [1/71] (3.65ns)   --->   "%gmem1_5_load_req = readreq i1 @_ssdm_op_ReadReq.m_axi.i16P1A, i16 %gmem1_5_addr, i64 1" [kernel.cpp:18]   --->   Operation 1409 'readreq' 'gmem1_5_load_req' <Predicate = true> <Delay = 3.65> <CoreInst = "m_axi">   --->   Core 119 'm_axi' <Latency = 6> <II = 1> <Delay = 1.00> <Adapter> <Opcode : 'read' 'write' 'readreq' 'writereq' 'writeresp'>
ST_72 : Operation 1410 [1/71] (3.65ns)   --->   "%gmem1_6_load_req = readreq i1 @_ssdm_op_ReadReq.m_axi.i16P1A, i16 %gmem1_6_addr, i64 1" [kernel.cpp:18]   --->   Operation 1410 'readreq' 'gmem1_6_load_req' <Predicate = true> <Delay = 3.65> <CoreInst = "m_axi">   --->   Core 119 'm_axi' <Latency = 6> <II = 1> <Delay = 1.00> <Adapter> <Opcode : 'read' 'write' 'readreq' 'writereq' 'writeresp'>
ST_72 : Operation 1411 [1/71] (3.65ns)   --->   "%gmem1_7_load_req = readreq i1 @_ssdm_op_ReadReq.m_axi.i16P1A, i16 %gmem1_7_addr, i64 1" [kernel.cpp:18]   --->   Operation 1411 'readreq' 'gmem1_7_load_req' <Predicate = true> <Delay = 3.65> <CoreInst = "m_axi">   --->   Core 119 'm_axi' <Latency = 6> <II = 1> <Delay = 1.00> <Adapter> <Opcode : 'read' 'write' 'readreq' 'writereq' 'writeresp'>

State 73 <SV = 72> <Delay = 3.65>
ST_73 : Operation 1412 [1/1] (3.65ns)   --->   "%gmem0_0_addr_read = read i16 @_ssdm_op_Read.m_axi.i16P1A, i16 %gmem0_0_addr" [kernel.cpp:18]   --->   Operation 1412 'read' 'gmem0_0_addr_read' <Predicate = true> <Delay = 3.65> <CoreInst = "m_axi">   --->   Core 119 'm_axi' <Latency = 3> <II = 1> <Delay = 1.00> <Adapter> <Opcode : 'read' 'write' 'readreq' 'writereq' 'writeresp'>
ST_73 : Operation 1413 [1/1] (3.65ns)   --->   "%gmem1_0_addr_read = read i16 @_ssdm_op_Read.m_axi.i16P1A, i16 %gmem1_0_addr" [kernel.cpp:18]   --->   Operation 1413 'read' 'gmem1_0_addr_read' <Predicate = true> <Delay = 3.65> <CoreInst = "m_axi">   --->   Core 119 'm_axi' <Latency = 3> <II = 1> <Delay = 1.00> <Adapter> <Opcode : 'read' 'write' 'readreq' 'writereq' 'writeresp'>
ST_73 : Operation 1414 [1/1] (3.65ns)   --->   "%gmem0_1_addr_read = read i16 @_ssdm_op_Read.m_axi.i16P1A, i16 %gmem0_1_addr" [kernel.cpp:18]   --->   Operation 1414 'read' 'gmem0_1_addr_read' <Predicate = true> <Delay = 3.65> <CoreInst = "m_axi">   --->   Core 119 'm_axi' <Latency = 3> <II = 1> <Delay = 1.00> <Adapter> <Opcode : 'read' 'write' 'readreq' 'writereq' 'writeresp'>
ST_73 : Operation 1415 [1/1] (3.65ns)   --->   "%gmem0_2_addr_read = read i16 @_ssdm_op_Read.m_axi.i16P1A, i16 %gmem0_2_addr" [kernel.cpp:18]   --->   Operation 1415 'read' 'gmem0_2_addr_read' <Predicate = true> <Delay = 3.65> <CoreInst = "m_axi">   --->   Core 119 'm_axi' <Latency = 3> <II = 1> <Delay = 1.00> <Adapter> <Opcode : 'read' 'write' 'readreq' 'writereq' 'writeresp'>
ST_73 : Operation 1416 [1/1] (3.65ns)   --->   "%gmem0_3_addr_read = read i16 @_ssdm_op_Read.m_axi.i16P1A, i16 %gmem0_3_addr" [kernel.cpp:18]   --->   Operation 1416 'read' 'gmem0_3_addr_read' <Predicate = true> <Delay = 3.65> <CoreInst = "m_axi">   --->   Core 119 'm_axi' <Latency = 3> <II = 1> <Delay = 1.00> <Adapter> <Opcode : 'read' 'write' 'readreq' 'writereq' 'writeresp'>
ST_73 : Operation 1417 [1/1] (3.65ns)   --->   "%gmem0_4_addr_read = read i16 @_ssdm_op_Read.m_axi.i16P1A, i16 %gmem0_4_addr" [kernel.cpp:18]   --->   Operation 1417 'read' 'gmem0_4_addr_read' <Predicate = true> <Delay = 3.65> <CoreInst = "m_axi">   --->   Core 119 'm_axi' <Latency = 3> <II = 1> <Delay = 1.00> <Adapter> <Opcode : 'read' 'write' 'readreq' 'writereq' 'writeresp'>
ST_73 : Operation 1418 [1/1] (3.65ns)   --->   "%gmem0_5_addr_read = read i16 @_ssdm_op_Read.m_axi.i16P1A, i16 %gmem0_5_addr" [kernel.cpp:18]   --->   Operation 1418 'read' 'gmem0_5_addr_read' <Predicate = true> <Delay = 3.65> <CoreInst = "m_axi">   --->   Core 119 'm_axi' <Latency = 3> <II = 1> <Delay = 1.00> <Adapter> <Opcode : 'read' 'write' 'readreq' 'writereq' 'writeresp'>
ST_73 : Operation 1419 [1/1] (3.65ns)   --->   "%gmem0_6_addr_read = read i16 @_ssdm_op_Read.m_axi.i16P1A, i16 %gmem0_6_addr" [kernel.cpp:18]   --->   Operation 1419 'read' 'gmem0_6_addr_read' <Predicate = true> <Delay = 3.65> <CoreInst = "m_axi">   --->   Core 119 'm_axi' <Latency = 3> <II = 1> <Delay = 1.00> <Adapter> <Opcode : 'read' 'write' 'readreq' 'writereq' 'writeresp'>
ST_73 : Operation 1420 [1/1] (3.65ns)   --->   "%gmem0_7_addr_read = read i16 @_ssdm_op_Read.m_axi.i16P1A, i16 %gmem0_7_addr" [kernel.cpp:18]   --->   Operation 1420 'read' 'gmem0_7_addr_read' <Predicate = true> <Delay = 3.65> <CoreInst = "m_axi">   --->   Core 119 'm_axi' <Latency = 3> <II = 1> <Delay = 1.00> <Adapter> <Opcode : 'read' 'write' 'readreq' 'writereq' 'writeresp'>
ST_73 : Operation 1421 [1/1] (3.65ns)   --->   "%gmem1_1_addr_read = read i16 @_ssdm_op_Read.m_axi.i16P1A, i16 %gmem1_1_addr" [kernel.cpp:18]   --->   Operation 1421 'read' 'gmem1_1_addr_read' <Predicate = true> <Delay = 3.65> <CoreInst = "m_axi">   --->   Core 119 'm_axi' <Latency = 3> <II = 1> <Delay = 1.00> <Adapter> <Opcode : 'read' 'write' 'readreq' 'writereq' 'writeresp'>
ST_73 : Operation 1422 [1/1] (3.65ns)   --->   "%gmem1_2_addr_read = read i16 @_ssdm_op_Read.m_axi.i16P1A, i16 %gmem1_2_addr" [kernel.cpp:18]   --->   Operation 1422 'read' 'gmem1_2_addr_read' <Predicate = true> <Delay = 3.65> <CoreInst = "m_axi">   --->   Core 119 'm_axi' <Latency = 3> <II = 1> <Delay = 1.00> <Adapter> <Opcode : 'read' 'write' 'readreq' 'writereq' 'writeresp'>
ST_73 : Operation 1423 [1/1] (3.65ns)   --->   "%gmem1_3_addr_read = read i16 @_ssdm_op_Read.m_axi.i16P1A, i16 %gmem1_3_addr" [kernel.cpp:18]   --->   Operation 1423 'read' 'gmem1_3_addr_read' <Predicate = true> <Delay = 3.65> <CoreInst = "m_axi">   --->   Core 119 'm_axi' <Latency = 3> <II = 1> <Delay = 1.00> <Adapter> <Opcode : 'read' 'write' 'readreq' 'writereq' 'writeresp'>
ST_73 : Operation 1424 [1/1] (3.65ns)   --->   "%gmem1_4_addr_read = read i16 @_ssdm_op_Read.m_axi.i16P1A, i16 %gmem1_4_addr" [kernel.cpp:18]   --->   Operation 1424 'read' 'gmem1_4_addr_read' <Predicate = true> <Delay = 3.65> <CoreInst = "m_axi">   --->   Core 119 'm_axi' <Latency = 3> <II = 1> <Delay = 1.00> <Adapter> <Opcode : 'read' 'write' 'readreq' 'writereq' 'writeresp'>
ST_73 : Operation 1425 [1/1] (3.65ns)   --->   "%gmem1_5_addr_read = read i16 @_ssdm_op_Read.m_axi.i16P1A, i16 %gmem1_5_addr" [kernel.cpp:18]   --->   Operation 1425 'read' 'gmem1_5_addr_read' <Predicate = true> <Delay = 3.65> <CoreInst = "m_axi">   --->   Core 119 'm_axi' <Latency = 3> <II = 1> <Delay = 1.00> <Adapter> <Opcode : 'read' 'write' 'readreq' 'writereq' 'writeresp'>
ST_73 : Operation 1426 [1/1] (3.65ns)   --->   "%gmem1_6_addr_read = read i16 @_ssdm_op_Read.m_axi.i16P1A, i16 %gmem1_6_addr" [kernel.cpp:18]   --->   Operation 1426 'read' 'gmem1_6_addr_read' <Predicate = true> <Delay = 3.65> <CoreInst = "m_axi">   --->   Core 119 'm_axi' <Latency = 3> <II = 1> <Delay = 1.00> <Adapter> <Opcode : 'read' 'write' 'readreq' 'writereq' 'writeresp'>
ST_73 : Operation 1427 [1/1] (3.65ns)   --->   "%gmem1_7_addr_read = read i16 @_ssdm_op_Read.m_axi.i16P1A, i16 %gmem1_7_addr" [kernel.cpp:18]   --->   Operation 1427 'read' 'gmem1_7_addr_read' <Predicate = true> <Delay = 3.65> <CoreInst = "m_axi">   --->   Core 119 'm_axi' <Latency = 3> <II = 1> <Delay = 1.00> <Adapter> <Opcode : 'read' 'write' 'readreq' 'writereq' 'writeresp'>

State 74 <SV = 73> <Delay = 0.38>
ST_74 : Operation 1428 [1/1] (0.00ns)   --->   "%spectopmodule_ln5 = spectopmodule void @_ssdm_op_SpecTopModule, void @empty_53" [kernel.cpp:5]   --->   Operation 1428 'spectopmodule' 'spectopmodule_ln5' <Predicate = true> <Delay = 0.00>
ST_74 : Operation 1429 [1/1] (0.00ns)   --->   "%specinterface_ln5 = specinterface void @_ssdm_op_SpecInterface, i32 0, void @empty_54, i32 0, i32 0, void @empty_42, i32 0, i32 0, void @empty_42, void @empty_42, void @empty_42, i32 0, i32 0, i32 0, i32 0, void @empty_42, void @empty_42, i32 4294967295, i32 0, i32 0" [kernel.cpp:5]   --->   Operation 1429 'specinterface' 'specinterface_ln5' <Predicate = true> <Delay = 0.00>
ST_74 : Operation 1430 [1/1] (0.00ns)   --->   "%specinterface_ln0 = specinterface void @_ssdm_op_SpecInterface, i16 %gmem0_0, void @empty_27, i32 0, i32 0, void @empty_42, i32 64, i32 0, void @empty_14, void @empty_0, void @empty_42, i32 16, i32 16, i32 16, i32 16, void @empty_42, void @empty_42, i32 4294967295, i32 0, i32 0"   --->   Operation 1430 'specinterface' 'specinterface_ln0' <Predicate = true> <Delay = 0.00>
ST_74 : Operation 1431 [1/1] (0.00ns)   --->   "%specbitsmap_ln0 = specbitsmap void @_ssdm_op_SpecBitsMap, i16 %gmem0_0"   --->   Operation 1431 'specbitsmap' 'specbitsmap_ln0' <Predicate = true> <Delay = 0.00>
ST_74 : Operation 1432 [1/1] (0.00ns)   --->   "%specinterface_ln0 = specinterface void @_ssdm_op_SpecInterface, i16 %gmem0_1, void @empty_27, i32 0, i32 0, void @empty_42, i32 64, i32 0, void @empty_1, void @empty_0, void @empty_42, i32 16, i32 16, i32 16, i32 16, void @empty_42, void @empty_42, i32 4294967295, i32 0, i32 0"   --->   Operation 1432 'specinterface' 'specinterface_ln0' <Predicate = true> <Delay = 0.00>
ST_74 : Operation 1433 [1/1] (0.00ns)   --->   "%specbitsmap_ln0 = specbitsmap void @_ssdm_op_SpecBitsMap, i16 %gmem0_1"   --->   Operation 1433 'specbitsmap' 'specbitsmap_ln0' <Predicate = true> <Delay = 0.00>
ST_74 : Operation 1434 [1/1] (0.00ns)   --->   "%specinterface_ln0 = specinterface void @_ssdm_op_SpecInterface, i16 %gmem0_2, void @empty_27, i32 0, i32 0, void @empty_42, i32 64, i32 0, void @empty_2, void @empty_0, void @empty_42, i32 16, i32 16, i32 16, i32 16, void @empty_42, void @empty_42, i32 4294967295, i32 0, i32 0"   --->   Operation 1434 'specinterface' 'specinterface_ln0' <Predicate = true> <Delay = 0.00>
ST_74 : Operation 1435 [1/1] (0.00ns)   --->   "%specbitsmap_ln0 = specbitsmap void @_ssdm_op_SpecBitsMap, i16 %gmem0_2"   --->   Operation 1435 'specbitsmap' 'specbitsmap_ln0' <Predicate = true> <Delay = 0.00>
ST_74 : Operation 1436 [1/1] (0.00ns)   --->   "%specinterface_ln0 = specinterface void @_ssdm_op_SpecInterface, i16 %gmem0_3, void @empty_27, i32 0, i32 0, void @empty_42, i32 64, i32 0, void @empty_3, void @empty_0, void @empty_42, i32 16, i32 16, i32 16, i32 16, void @empty_42, void @empty_42, i32 4294967295, i32 0, i32 0"   --->   Operation 1436 'specinterface' 'specinterface_ln0' <Predicate = true> <Delay = 0.00>
ST_74 : Operation 1437 [1/1] (0.00ns)   --->   "%specbitsmap_ln0 = specbitsmap void @_ssdm_op_SpecBitsMap, i16 %gmem0_3"   --->   Operation 1437 'specbitsmap' 'specbitsmap_ln0' <Predicate = true> <Delay = 0.00>
ST_74 : Operation 1438 [1/1] (0.00ns)   --->   "%specinterface_ln0 = specinterface void @_ssdm_op_SpecInterface, i16 %gmem0_4, void @empty_27, i32 0, i32 0, void @empty_42, i32 64, i32 0, void @empty_4, void @empty_0, void @empty_42, i32 16, i32 16, i32 16, i32 16, void @empty_42, void @empty_42, i32 4294967295, i32 0, i32 0"   --->   Operation 1438 'specinterface' 'specinterface_ln0' <Predicate = true> <Delay = 0.00>
ST_74 : Operation 1439 [1/1] (0.00ns)   --->   "%specbitsmap_ln0 = specbitsmap void @_ssdm_op_SpecBitsMap, i16 %gmem0_4"   --->   Operation 1439 'specbitsmap' 'specbitsmap_ln0' <Predicate = true> <Delay = 0.00>
ST_74 : Operation 1440 [1/1] (0.00ns)   --->   "%specinterface_ln0 = specinterface void @_ssdm_op_SpecInterface, i16 %gmem0_5, void @empty_27, i32 0, i32 0, void @empty_42, i32 64, i32 0, void @empty_5, void @empty_0, void @empty_42, i32 16, i32 16, i32 16, i32 16, void @empty_42, void @empty_42, i32 4294967295, i32 0, i32 0"   --->   Operation 1440 'specinterface' 'specinterface_ln0' <Predicate = true> <Delay = 0.00>
ST_74 : Operation 1441 [1/1] (0.00ns)   --->   "%specbitsmap_ln0 = specbitsmap void @_ssdm_op_SpecBitsMap, i16 %gmem0_5"   --->   Operation 1441 'specbitsmap' 'specbitsmap_ln0' <Predicate = true> <Delay = 0.00>
ST_74 : Operation 1442 [1/1] (0.00ns)   --->   "%specinterface_ln0 = specinterface void @_ssdm_op_SpecInterface, i16 %gmem0_6, void @empty_27, i32 0, i32 0, void @empty_42, i32 64, i32 0, void @empty_6, void @empty_0, void @empty_42, i32 16, i32 16, i32 16, i32 16, void @empty_42, void @empty_42, i32 4294967295, i32 0, i32 0"   --->   Operation 1442 'specinterface' 'specinterface_ln0' <Predicate = true> <Delay = 0.00>
ST_74 : Operation 1443 [1/1] (0.00ns)   --->   "%specbitsmap_ln0 = specbitsmap void @_ssdm_op_SpecBitsMap, i16 %gmem0_6"   --->   Operation 1443 'specbitsmap' 'specbitsmap_ln0' <Predicate = true> <Delay = 0.00>
ST_74 : Operation 1444 [1/1] (0.00ns)   --->   "%specinterface_ln0 = specinterface void @_ssdm_op_SpecInterface, i16 %gmem0_7, void @empty_27, i32 0, i32 0, void @empty_42, i32 64, i32 0, void @empty_7, void @empty_0, void @empty_42, i32 16, i32 16, i32 16, i32 16, void @empty_42, void @empty_42, i32 4294967295, i32 0, i32 0"   --->   Operation 1444 'specinterface' 'specinterface_ln0' <Predicate = true> <Delay = 0.00>
ST_74 : Operation 1445 [1/1] (0.00ns)   --->   "%specbitsmap_ln0 = specbitsmap void @_ssdm_op_SpecBitsMap, i16 %gmem0_7"   --->   Operation 1445 'specbitsmap' 'specbitsmap_ln0' <Predicate = true> <Delay = 0.00>
ST_74 : Operation 1446 [1/1] (0.00ns)   --->   "%specinterface_ln0 = specinterface void @_ssdm_op_SpecInterface, i16 %gmem1_0, void @empty_27, i32 0, i32 0, void @empty_42, i32 64, i32 0, void @empty_8, void @empty_0, void @empty_42, i32 16, i32 16, i32 16, i32 16, void @empty_42, void @empty_42, i32 4294967295, i32 0, i32 0"   --->   Operation 1446 'specinterface' 'specinterface_ln0' <Predicate = true> <Delay = 0.00>
ST_74 : Operation 1447 [1/1] (0.00ns)   --->   "%specbitsmap_ln0 = specbitsmap void @_ssdm_op_SpecBitsMap, i16 %gmem1_0"   --->   Operation 1447 'specbitsmap' 'specbitsmap_ln0' <Predicate = true> <Delay = 0.00>
ST_74 : Operation 1448 [1/1] (0.00ns)   --->   "%specinterface_ln0 = specinterface void @_ssdm_op_SpecInterface, i16 %gmem1_1, void @empty_27, i32 0, i32 0, void @empty_42, i32 64, i32 0, void @empty_9, void @empty_0, void @empty_42, i32 16, i32 16, i32 16, i32 16, void @empty_42, void @empty_42, i32 4294967295, i32 0, i32 0"   --->   Operation 1448 'specinterface' 'specinterface_ln0' <Predicate = true> <Delay = 0.00>
ST_74 : Operation 1449 [1/1] (0.00ns)   --->   "%specbitsmap_ln0 = specbitsmap void @_ssdm_op_SpecBitsMap, i16 %gmem1_1"   --->   Operation 1449 'specbitsmap' 'specbitsmap_ln0' <Predicate = true> <Delay = 0.00>
ST_74 : Operation 1450 [1/1] (0.00ns)   --->   "%specinterface_ln0 = specinterface void @_ssdm_op_SpecInterface, i16 %gmem1_2, void @empty_27, i32 0, i32 0, void @empty_42, i32 64, i32 0, void @empty_56, void @empty_0, void @empty_42, i32 16, i32 16, i32 16, i32 16, void @empty_42, void @empty_42, i32 4294967295, i32 0, i32 0"   --->   Operation 1450 'specinterface' 'specinterface_ln0' <Predicate = true> <Delay = 0.00>
ST_74 : Operation 1451 [1/1] (0.00ns)   --->   "%specbitsmap_ln0 = specbitsmap void @_ssdm_op_SpecBitsMap, i16 %gmem1_2"   --->   Operation 1451 'specbitsmap' 'specbitsmap_ln0' <Predicate = true> <Delay = 0.00>
ST_74 : Operation 1452 [1/1] (0.00ns)   --->   "%specinterface_ln0 = specinterface void @_ssdm_op_SpecInterface, i16 %gmem1_3, void @empty_27, i32 0, i32 0, void @empty_42, i32 64, i32 0, void @empty_11, void @empty_0, void @empty_42, i32 16, i32 16, i32 16, i32 16, void @empty_42, void @empty_42, i32 4294967295, i32 0, i32 0"   --->   Operation 1452 'specinterface' 'specinterface_ln0' <Predicate = true> <Delay = 0.00>
ST_74 : Operation 1453 [1/1] (0.00ns)   --->   "%specbitsmap_ln0 = specbitsmap void @_ssdm_op_SpecBitsMap, i16 %gmem1_3"   --->   Operation 1453 'specbitsmap' 'specbitsmap_ln0' <Predicate = true> <Delay = 0.00>
ST_74 : Operation 1454 [1/1] (0.00ns)   --->   "%specinterface_ln0 = specinterface void @_ssdm_op_SpecInterface, i16 %gmem1_4, void @empty_27, i32 0, i32 0, void @empty_42, i32 64, i32 0, void @empty_26, void @empty_0, void @empty_42, i32 16, i32 16, i32 16, i32 16, void @empty_42, void @empty_42, i32 4294967295, i32 0, i32 0"   --->   Operation 1454 'specinterface' 'specinterface_ln0' <Predicate = true> <Delay = 0.00>
ST_74 : Operation 1455 [1/1] (0.00ns)   --->   "%specbitsmap_ln0 = specbitsmap void @_ssdm_op_SpecBitsMap, i16 %gmem1_4"   --->   Operation 1455 'specbitsmap' 'specbitsmap_ln0' <Predicate = true> <Delay = 0.00>
ST_74 : Operation 1456 [1/1] (0.00ns)   --->   "%specinterface_ln0 = specinterface void @_ssdm_op_SpecInterface, i16 %gmem1_5, void @empty_27, i32 0, i32 0, void @empty_42, i32 64, i32 0, void @empty_13, void @empty_0, void @empty_42, i32 16, i32 16, i32 16, i32 16, void @empty_42, void @empty_42, i32 4294967295, i32 0, i32 0"   --->   Operation 1456 'specinterface' 'specinterface_ln0' <Predicate = true> <Delay = 0.00>
ST_74 : Operation 1457 [1/1] (0.00ns)   --->   "%specbitsmap_ln0 = specbitsmap void @_ssdm_op_SpecBitsMap, i16 %gmem1_5"   --->   Operation 1457 'specbitsmap' 'specbitsmap_ln0' <Predicate = true> <Delay = 0.00>
ST_74 : Operation 1458 [1/1] (0.00ns)   --->   "%specinterface_ln0 = specinterface void @_ssdm_op_SpecInterface, i16 %gmem1_6, void @empty_27, i32 0, i32 0, void @empty_42, i32 64, i32 0, void @empty, void @empty_0, void @empty_42, i32 16, i32 16, i32 16, i32 16, void @empty_42, void @empty_42, i32 4294967295, i32 0, i32 0"   --->   Operation 1458 'specinterface' 'specinterface_ln0' <Predicate = true> <Delay = 0.00>
ST_74 : Operation 1459 [1/1] (0.00ns)   --->   "%specbitsmap_ln0 = specbitsmap void @_ssdm_op_SpecBitsMap, i16 %gmem1_6"   --->   Operation 1459 'specbitsmap' 'specbitsmap_ln0' <Predicate = true> <Delay = 0.00>
ST_74 : Operation 1460 [1/1] (0.00ns)   --->   "%specinterface_ln0 = specinterface void @_ssdm_op_SpecInterface, i16 %gmem1_7, void @empty_27, i32 0, i32 0, void @empty_42, i32 64, i32 0, void @empty_15, void @empty_0, void @empty_42, i32 16, i32 16, i32 16, i32 16, void @empty_42, void @empty_42, i32 4294967295, i32 0, i32 0"   --->   Operation 1460 'specinterface' 'specinterface_ln0' <Predicate = true> <Delay = 0.00>
ST_74 : Operation 1461 [1/1] (0.00ns)   --->   "%specbitsmap_ln0 = specbitsmap void @_ssdm_op_SpecBitsMap, i16 %gmem1_7"   --->   Operation 1461 'specbitsmap' 'specbitsmap_ln0' <Predicate = true> <Delay = 0.00>
ST_74 : Operation 1462 [1/1] (0.00ns)   --->   "%specinterface_ln0 = specinterface void @_ssdm_op_SpecInterface, i32 %gmem2_0, void @empty_27, i32 0, i32 0, void @empty_42, i32 64, i32 0, void @empty_16, void @empty_0, void @empty_42, i32 16, i32 16, i32 16, i32 16, void @empty_42, void @empty_42, i32 4294967295, i32 0, i32 0"   --->   Operation 1462 'specinterface' 'specinterface_ln0' <Predicate = true> <Delay = 0.00>
ST_74 : Operation 1463 [1/1] (0.00ns)   --->   "%specbitsmap_ln0 = specbitsmap void @_ssdm_op_SpecBitsMap, i32 %gmem2_0"   --->   Operation 1463 'specbitsmap' 'specbitsmap_ln0' <Predicate = true> <Delay = 0.00>
ST_74 : Operation 1464 [1/1] (0.00ns)   --->   "%specinterface_ln0 = specinterface void @_ssdm_op_SpecInterface, i32 %gmem2_1, void @empty_27, i32 0, i32 0, void @empty_42, i32 64, i32 0, void @empty_17, void @empty_0, void @empty_42, i32 16, i32 16, i32 16, i32 16, void @empty_42, void @empty_42, i32 4294967295, i32 0, i32 0"   --->   Operation 1464 'specinterface' 'specinterface_ln0' <Predicate = true> <Delay = 0.00>
ST_74 : Operation 1465 [1/1] (0.00ns)   --->   "%specbitsmap_ln0 = specbitsmap void @_ssdm_op_SpecBitsMap, i32 %gmem2_1"   --->   Operation 1465 'specbitsmap' 'specbitsmap_ln0' <Predicate = true> <Delay = 0.00>
ST_74 : Operation 1466 [1/1] (0.00ns)   --->   "%specinterface_ln0 = specinterface void @_ssdm_op_SpecInterface, i32 %gmem2_2, void @empty_27, i32 0, i32 0, void @empty_42, i32 64, i32 0, void @empty_18, void @empty_0, void @empty_42, i32 16, i32 16, i32 16, i32 16, void @empty_42, void @empty_42, i32 4294967295, i32 0, i32 0"   --->   Operation 1466 'specinterface' 'specinterface_ln0' <Predicate = true> <Delay = 0.00>
ST_74 : Operation 1467 [1/1] (0.00ns)   --->   "%specbitsmap_ln0 = specbitsmap void @_ssdm_op_SpecBitsMap, i32 %gmem2_2"   --->   Operation 1467 'specbitsmap' 'specbitsmap_ln0' <Predicate = true> <Delay = 0.00>
ST_74 : Operation 1468 [1/1] (0.00ns)   --->   "%specinterface_ln0 = specinterface void @_ssdm_op_SpecInterface, i32 %gmem2_3, void @empty_27, i32 0, i32 0, void @empty_42, i32 64, i32 0, void @empty_19, void @empty_0, void @empty_42, i32 16, i32 16, i32 16, i32 16, void @empty_42, void @empty_42, i32 4294967295, i32 0, i32 0"   --->   Operation 1468 'specinterface' 'specinterface_ln0' <Predicate = true> <Delay = 0.00>
ST_74 : Operation 1469 [1/1] (0.00ns)   --->   "%specbitsmap_ln0 = specbitsmap void @_ssdm_op_SpecBitsMap, i32 %gmem2_3"   --->   Operation 1469 'specbitsmap' 'specbitsmap_ln0' <Predicate = true> <Delay = 0.00>
ST_74 : Operation 1470 [1/1] (0.00ns)   --->   "%specinterface_ln0 = specinterface void @_ssdm_op_SpecInterface, i32 %gmem2_4, void @empty_27, i32 0, i32 0, void @empty_42, i32 64, i32 0, void @empty_20, void @empty_0, void @empty_42, i32 16, i32 16, i32 16, i32 16, void @empty_42, void @empty_42, i32 4294967295, i32 0, i32 0"   --->   Operation 1470 'specinterface' 'specinterface_ln0' <Predicate = true> <Delay = 0.00>
ST_74 : Operation 1471 [1/1] (0.00ns)   --->   "%specbitsmap_ln0 = specbitsmap void @_ssdm_op_SpecBitsMap, i32 %gmem2_4"   --->   Operation 1471 'specbitsmap' 'specbitsmap_ln0' <Predicate = true> <Delay = 0.00>
ST_74 : Operation 1472 [1/1] (0.00ns)   --->   "%specinterface_ln0 = specinterface void @_ssdm_op_SpecInterface, i32 %gmem2_5, void @empty_27, i32 0, i32 0, void @empty_42, i32 64, i32 0, void @empty_21, void @empty_0, void @empty_42, i32 16, i32 16, i32 16, i32 16, void @empty_42, void @empty_42, i32 4294967295, i32 0, i32 0"   --->   Operation 1472 'specinterface' 'specinterface_ln0' <Predicate = true> <Delay = 0.00>
ST_74 : Operation 1473 [1/1] (0.00ns)   --->   "%specbitsmap_ln0 = specbitsmap void @_ssdm_op_SpecBitsMap, i32 %gmem2_5"   --->   Operation 1473 'specbitsmap' 'specbitsmap_ln0' <Predicate = true> <Delay = 0.00>
ST_74 : Operation 1474 [1/1] (0.00ns)   --->   "%specinterface_ln0 = specinterface void @_ssdm_op_SpecInterface, i32 %gmem2_6, void @empty_27, i32 0, i32 0, void @empty_42, i32 64, i32 0, void @empty_22, void @empty_0, void @empty_42, i32 16, i32 16, i32 16, i32 16, void @empty_42, void @empty_42, i32 4294967295, i32 0, i32 0"   --->   Operation 1474 'specinterface' 'specinterface_ln0' <Predicate = true> <Delay = 0.00>
ST_74 : Operation 1475 [1/1] (0.00ns)   --->   "%specbitsmap_ln0 = specbitsmap void @_ssdm_op_SpecBitsMap, i32 %gmem2_6"   --->   Operation 1475 'specbitsmap' 'specbitsmap_ln0' <Predicate = true> <Delay = 0.00>
ST_74 : Operation 1476 [1/1] (0.00ns)   --->   "%specinterface_ln0 = specinterface void @_ssdm_op_SpecInterface, i32 %gmem2_7, void @empty_27, i32 0, i32 0, void @empty_42, i32 64, i32 0, void @empty_23, void @empty_0, void @empty_42, i32 16, i32 16, i32 16, i32 16, void @empty_42, void @empty_42, i32 4294967295, i32 0, i32 0"   --->   Operation 1476 'specinterface' 'specinterface_ln0' <Predicate = true> <Delay = 0.00>
ST_74 : Operation 1477 [1/1] (0.00ns)   --->   "%specbitsmap_ln0 = specbitsmap void @_ssdm_op_SpecBitsMap, i32 %gmem2_7"   --->   Operation 1477 'specbitsmap' 'specbitsmap_ln0' <Predicate = true> <Delay = 0.00>
ST_74 : Operation 1478 [1/1] (0.00ns)   --->   "%specinterface_ln0 = specinterface void @_ssdm_op_SpecInterface, i64 %a_0, void @empty_24, i32 0, i32 0, void @empty_42, i32 0, i32 0, void @empty_10, void @empty_12, void @empty_42, i32 0, i32 0, i32 0, i32 0, void @empty_42, void @empty_43, i32 4294967295, i32 0, i32 0"   --->   Operation 1478 'specinterface' 'specinterface_ln0' <Predicate = true> <Delay = 0.00>
ST_74 : Operation 1479 [1/1] (0.00ns)   --->   "%specinterface_ln0 = specinterface void @_ssdm_op_SpecInterface, i64 %a_0, void @empty_29, i32 0, i32 0, void @empty_42, i32 0, i32 0, void @empty_42, void @empty_42, void @empty_42, i32 0, i32 0, i32 0, i32 0, void @empty_42, void @empty_43, i32 4294967295, i32 0, i32 0"   --->   Operation 1479 'specinterface' 'specinterface_ln0' <Predicate = true> <Delay = 0.00>
ST_74 : Operation 1480 [1/1] (0.00ns)   --->   "%specinterface_ln0 = specinterface void @_ssdm_op_SpecInterface, i64 %a_1, void @empty_24, i32 0, i32 0, void @empty_42, i32 0, i32 0, void @empty_10, void @empty_30, void @empty_42, i32 0, i32 0, i32 0, i32 0, void @empty_42, void @empty_43, i32 4294967295, i32 0, i32 0"   --->   Operation 1480 'specinterface' 'specinterface_ln0' <Predicate = true> <Delay = 0.00>
ST_74 : Operation 1481 [1/1] (0.00ns)   --->   "%specinterface_ln0 = specinterface void @_ssdm_op_SpecInterface, i64 %a_1, void @empty_29, i32 0, i32 0, void @empty_42, i32 0, i32 0, void @empty_42, void @empty_42, void @empty_42, i32 0, i32 0, i32 0, i32 0, void @empty_42, void @empty_43, i32 4294967295, i32 0, i32 0"   --->   Operation 1481 'specinterface' 'specinterface_ln0' <Predicate = true> <Delay = 0.00>
ST_74 : Operation 1482 [1/1] (0.00ns)   --->   "%specinterface_ln0 = specinterface void @_ssdm_op_SpecInterface, i64 %a_2, void @empty_24, i32 0, i32 0, void @empty_42, i32 0, i32 0, void @empty_10, void @empty_31, void @empty_42, i32 0, i32 0, i32 0, i32 0, void @empty_42, void @empty_43, i32 4294967295, i32 0, i32 0"   --->   Operation 1482 'specinterface' 'specinterface_ln0' <Predicate = true> <Delay = 0.00>
ST_74 : Operation 1483 [1/1] (0.00ns)   --->   "%specinterface_ln0 = specinterface void @_ssdm_op_SpecInterface, i64 %a_2, void @empty_29, i32 0, i32 0, void @empty_42, i32 0, i32 0, void @empty_42, void @empty_42, void @empty_42, i32 0, i32 0, i32 0, i32 0, void @empty_42, void @empty_43, i32 4294967295, i32 0, i32 0"   --->   Operation 1483 'specinterface' 'specinterface_ln0' <Predicate = true> <Delay = 0.00>
ST_74 : Operation 1484 [1/1] (0.00ns)   --->   "%specinterface_ln0 = specinterface void @_ssdm_op_SpecInterface, i64 %a_3, void @empty_24, i32 0, i32 0, void @empty_42, i32 0, i32 0, void @empty_10, void @empty_32, void @empty_42, i32 0, i32 0, i32 0, i32 0, void @empty_42, void @empty_43, i32 4294967295, i32 0, i32 0"   --->   Operation 1484 'specinterface' 'specinterface_ln0' <Predicate = true> <Delay = 0.00>
ST_74 : Operation 1485 [1/1] (0.00ns)   --->   "%specinterface_ln0 = specinterface void @_ssdm_op_SpecInterface, i64 %a_3, void @empty_29, i32 0, i32 0, void @empty_42, i32 0, i32 0, void @empty_42, void @empty_42, void @empty_42, i32 0, i32 0, i32 0, i32 0, void @empty_42, void @empty_43, i32 4294967295, i32 0, i32 0"   --->   Operation 1485 'specinterface' 'specinterface_ln0' <Predicate = true> <Delay = 0.00>
ST_74 : Operation 1486 [1/1] (0.00ns)   --->   "%specinterface_ln0 = specinterface void @_ssdm_op_SpecInterface, i64 %a_4, void @empty_24, i32 0, i32 0, void @empty_42, i32 0, i32 0, void @empty_10, void @empty_33, void @empty_42, i32 0, i32 0, i32 0, i32 0, void @empty_42, void @empty_43, i32 4294967295, i32 0, i32 0"   --->   Operation 1486 'specinterface' 'specinterface_ln0' <Predicate = true> <Delay = 0.00>
ST_74 : Operation 1487 [1/1] (0.00ns)   --->   "%specinterface_ln0 = specinterface void @_ssdm_op_SpecInterface, i64 %a_4, void @empty_29, i32 0, i32 0, void @empty_42, i32 0, i32 0, void @empty_42, void @empty_42, void @empty_42, i32 0, i32 0, i32 0, i32 0, void @empty_42, void @empty_43, i32 4294967295, i32 0, i32 0"   --->   Operation 1487 'specinterface' 'specinterface_ln0' <Predicate = true> <Delay = 0.00>
ST_74 : Operation 1488 [1/1] (0.00ns)   --->   "%specinterface_ln0 = specinterface void @_ssdm_op_SpecInterface, i64 %a_5, void @empty_24, i32 0, i32 0, void @empty_42, i32 0, i32 0, void @empty_10, void @empty_34, void @empty_42, i32 0, i32 0, i32 0, i32 0, void @empty_42, void @empty_43, i32 4294967295, i32 0, i32 0"   --->   Operation 1488 'specinterface' 'specinterface_ln0' <Predicate = true> <Delay = 0.00>
ST_74 : Operation 1489 [1/1] (0.00ns)   --->   "%specinterface_ln0 = specinterface void @_ssdm_op_SpecInterface, i64 %a_5, void @empty_29, i32 0, i32 0, void @empty_42, i32 0, i32 0, void @empty_42, void @empty_42, void @empty_42, i32 0, i32 0, i32 0, i32 0, void @empty_42, void @empty_43, i32 4294967295, i32 0, i32 0"   --->   Operation 1489 'specinterface' 'specinterface_ln0' <Predicate = true> <Delay = 0.00>
ST_74 : Operation 1490 [1/1] (0.00ns)   --->   "%specinterface_ln0 = specinterface void @_ssdm_op_SpecInterface, i64 %a_6, void @empty_24, i32 0, i32 0, void @empty_42, i32 0, i32 0, void @empty_10, void @empty_35, void @empty_42, i32 0, i32 0, i32 0, i32 0, void @empty_42, void @empty_43, i32 4294967295, i32 0, i32 0"   --->   Operation 1490 'specinterface' 'specinterface_ln0' <Predicate = true> <Delay = 0.00>
ST_74 : Operation 1491 [1/1] (0.00ns)   --->   "%specinterface_ln0 = specinterface void @_ssdm_op_SpecInterface, i64 %a_6, void @empty_29, i32 0, i32 0, void @empty_42, i32 0, i32 0, void @empty_42, void @empty_42, void @empty_42, i32 0, i32 0, i32 0, i32 0, void @empty_42, void @empty_43, i32 4294967295, i32 0, i32 0"   --->   Operation 1491 'specinterface' 'specinterface_ln0' <Predicate = true> <Delay = 0.00>
ST_74 : Operation 1492 [1/1] (0.00ns)   --->   "%specinterface_ln0 = specinterface void @_ssdm_op_SpecInterface, i64 %a_7, void @empty_24, i32 0, i32 0, void @empty_42, i32 0, i32 0, void @empty_10, void @empty_36, void @empty_42, i32 0, i32 0, i32 0, i32 0, void @empty_42, void @empty_43, i32 4294967295, i32 0, i32 0"   --->   Operation 1492 'specinterface' 'specinterface_ln0' <Predicate = true> <Delay = 0.00>
ST_74 : Operation 1493 [1/1] (0.00ns)   --->   "%specinterface_ln0 = specinterface void @_ssdm_op_SpecInterface, i64 %a_7, void @empty_29, i32 0, i32 0, void @empty_42, i32 0, i32 0, void @empty_42, void @empty_42, void @empty_42, i32 0, i32 0, i32 0, i32 0, void @empty_42, void @empty_43, i32 4294967295, i32 0, i32 0"   --->   Operation 1493 'specinterface' 'specinterface_ln0' <Predicate = true> <Delay = 0.00>
ST_74 : Operation 1494 [1/1] (0.00ns)   --->   "%specinterface_ln0 = specinterface void @_ssdm_op_SpecInterface, i64 %b_0, void @empty_24, i32 0, i32 0, void @empty_42, i32 0, i32 0, void @empty_10, void @empty_37, void @empty_42, i32 0, i32 0, i32 0, i32 0, void @empty_42, void @empty_43, i32 4294967295, i32 0, i32 0"   --->   Operation 1494 'specinterface' 'specinterface_ln0' <Predicate = true> <Delay = 0.00>
ST_74 : Operation 1495 [1/1] (0.00ns)   --->   "%specinterface_ln0 = specinterface void @_ssdm_op_SpecInterface, i64 %b_0, void @empty_29, i32 0, i32 0, void @empty_42, i32 0, i32 0, void @empty_42, void @empty_42, void @empty_42, i32 0, i32 0, i32 0, i32 0, void @empty_42, void @empty_43, i32 4294967295, i32 0, i32 0"   --->   Operation 1495 'specinterface' 'specinterface_ln0' <Predicate = true> <Delay = 0.00>
ST_74 : Operation 1496 [1/1] (0.00ns)   --->   "%specinterface_ln0 = specinterface void @_ssdm_op_SpecInterface, i64 %b_1, void @empty_24, i32 0, i32 0, void @empty_42, i32 0, i32 0, void @empty_10, void @empty_38, void @empty_42, i32 0, i32 0, i32 0, i32 0, void @empty_42, void @empty_43, i32 4294967295, i32 0, i32 0"   --->   Operation 1496 'specinterface' 'specinterface_ln0' <Predicate = true> <Delay = 0.00>
ST_74 : Operation 1497 [1/1] (0.00ns)   --->   "%specinterface_ln0 = specinterface void @_ssdm_op_SpecInterface, i64 %b_1, void @empty_29, i32 0, i32 0, void @empty_42, i32 0, i32 0, void @empty_42, void @empty_42, void @empty_42, i32 0, i32 0, i32 0, i32 0, void @empty_42, void @empty_43, i32 4294967295, i32 0, i32 0"   --->   Operation 1497 'specinterface' 'specinterface_ln0' <Predicate = true> <Delay = 0.00>
ST_74 : Operation 1498 [1/1] (0.00ns)   --->   "%specinterface_ln0 = specinterface void @_ssdm_op_SpecInterface, i64 %b_2, void @empty_24, i32 0, i32 0, void @empty_42, i32 0, i32 0, void @empty_10, void @empty_39, void @empty_42, i32 0, i32 0, i32 0, i32 0, void @empty_42, void @empty_43, i32 4294967295, i32 0, i32 0"   --->   Operation 1498 'specinterface' 'specinterface_ln0' <Predicate = true> <Delay = 0.00>
ST_74 : Operation 1499 [1/1] (0.00ns)   --->   "%specinterface_ln0 = specinterface void @_ssdm_op_SpecInterface, i64 %b_2, void @empty_29, i32 0, i32 0, void @empty_42, i32 0, i32 0, void @empty_42, void @empty_42, void @empty_42, i32 0, i32 0, i32 0, i32 0, void @empty_42, void @empty_43, i32 4294967295, i32 0, i32 0"   --->   Operation 1499 'specinterface' 'specinterface_ln0' <Predicate = true> <Delay = 0.00>
ST_74 : Operation 1500 [1/1] (0.00ns)   --->   "%specinterface_ln0 = specinterface void @_ssdm_op_SpecInterface, i64 %b_3, void @empty_24, i32 0, i32 0, void @empty_42, i32 0, i32 0, void @empty_10, void @empty_55, void @empty_42, i32 0, i32 0, i32 0, i32 0, void @empty_42, void @empty_43, i32 4294967295, i32 0, i32 0"   --->   Operation 1500 'specinterface' 'specinterface_ln0' <Predicate = true> <Delay = 0.00>
ST_74 : Operation 1501 [1/1] (0.00ns)   --->   "%specinterface_ln0 = specinterface void @_ssdm_op_SpecInterface, i64 %b_3, void @empty_29, i32 0, i32 0, void @empty_42, i32 0, i32 0, void @empty_42, void @empty_42, void @empty_42, i32 0, i32 0, i32 0, i32 0, void @empty_42, void @empty_43, i32 4294967295, i32 0, i32 0"   --->   Operation 1501 'specinterface' 'specinterface_ln0' <Predicate = true> <Delay = 0.00>
ST_74 : Operation 1502 [1/1] (0.00ns)   --->   "%specinterface_ln0 = specinterface void @_ssdm_op_SpecInterface, i64 %b_4, void @empty_24, i32 0, i32 0, void @empty_42, i32 0, i32 0, void @empty_10, void @empty_41, void @empty_42, i32 0, i32 0, i32 0, i32 0, void @empty_42, void @empty_43, i32 4294967295, i32 0, i32 0"   --->   Operation 1502 'specinterface' 'specinterface_ln0' <Predicate = true> <Delay = 0.00>
ST_74 : Operation 1503 [1/1] (0.00ns)   --->   "%specinterface_ln0 = specinterface void @_ssdm_op_SpecInterface, i64 %b_4, void @empty_29, i32 0, i32 0, void @empty_42, i32 0, i32 0, void @empty_42, void @empty_42, void @empty_42, i32 0, i32 0, i32 0, i32 0, void @empty_42, void @empty_43, i32 4294967295, i32 0, i32 0"   --->   Operation 1503 'specinterface' 'specinterface_ln0' <Predicate = true> <Delay = 0.00>
ST_74 : Operation 1504 [1/1] (0.00ns)   --->   "%specinterface_ln0 = specinterface void @_ssdm_op_SpecInterface, i64 %b_5, void @empty_24, i32 0, i32 0, void @empty_42, i32 0, i32 0, void @empty_10, void @empty_25, void @empty_42, i32 0, i32 0, i32 0, i32 0, void @empty_42, void @empty_43, i32 4294967295, i32 0, i32 0"   --->   Operation 1504 'specinterface' 'specinterface_ln0' <Predicate = true> <Delay = 0.00>
ST_74 : Operation 1505 [1/1] (0.00ns)   --->   "%specinterface_ln0 = specinterface void @_ssdm_op_SpecInterface, i64 %b_5, void @empty_29, i32 0, i32 0, void @empty_42, i32 0, i32 0, void @empty_42, void @empty_42, void @empty_42, i32 0, i32 0, i32 0, i32 0, void @empty_42, void @empty_43, i32 4294967295, i32 0, i32 0"   --->   Operation 1505 'specinterface' 'specinterface_ln0' <Predicate = true> <Delay = 0.00>
ST_74 : Operation 1506 [1/1] (0.00ns)   --->   "%specinterface_ln0 = specinterface void @_ssdm_op_SpecInterface, i64 %b_6, void @empty_24, i32 0, i32 0, void @empty_42, i32 0, i32 0, void @empty_10, void @empty_28, void @empty_42, i32 0, i32 0, i32 0, i32 0, void @empty_42, void @empty_43, i32 4294967295, i32 0, i32 0"   --->   Operation 1506 'specinterface' 'specinterface_ln0' <Predicate = true> <Delay = 0.00>
ST_74 : Operation 1507 [1/1] (0.00ns)   --->   "%specinterface_ln0 = specinterface void @_ssdm_op_SpecInterface, i64 %b_6, void @empty_29, i32 0, i32 0, void @empty_42, i32 0, i32 0, void @empty_42, void @empty_42, void @empty_42, i32 0, i32 0, i32 0, i32 0, void @empty_42, void @empty_43, i32 4294967295, i32 0, i32 0"   --->   Operation 1507 'specinterface' 'specinterface_ln0' <Predicate = true> <Delay = 0.00>
ST_74 : Operation 1508 [1/1] (0.00ns)   --->   "%specinterface_ln0 = specinterface void @_ssdm_op_SpecInterface, i64 %b_7, void @empty_24, i32 0, i32 0, void @empty_42, i32 0, i32 0, void @empty_10, void @empty_44, void @empty_42, i32 0, i32 0, i32 0, i32 0, void @empty_42, void @empty_43, i32 4294967295, i32 0, i32 0"   --->   Operation 1508 'specinterface' 'specinterface_ln0' <Predicate = true> <Delay = 0.00>
ST_74 : Operation 1509 [1/1] (0.00ns)   --->   "%specinterface_ln0 = specinterface void @_ssdm_op_SpecInterface, i64 %b_7, void @empty_29, i32 0, i32 0, void @empty_42, i32 0, i32 0, void @empty_42, void @empty_42, void @empty_42, i32 0, i32 0, i32 0, i32 0, void @empty_42, void @empty_43, i32 4294967295, i32 0, i32 0"   --->   Operation 1509 'specinterface' 'specinterface_ln0' <Predicate = true> <Delay = 0.00>
ST_74 : Operation 1510 [1/1] (0.00ns)   --->   "%specinterface_ln0 = specinterface void @_ssdm_op_SpecInterface, i64 %c_0, void @empty_24, i32 0, i32 0, void @empty_42, i32 0, i32 0, void @empty_10, void @empty_45, void @empty_42, i32 0, i32 0, i32 0, i32 0, void @empty_42, void @empty_43, i32 4294967295, i32 0, i32 0"   --->   Operation 1510 'specinterface' 'specinterface_ln0' <Predicate = true> <Delay = 0.00>
ST_74 : Operation 1511 [1/1] (0.00ns)   --->   "%specinterface_ln0 = specinterface void @_ssdm_op_SpecInterface, i64 %c_0, void @empty_29, i32 0, i32 0, void @empty_42, i32 0, i32 0, void @empty_42, void @empty_42, void @empty_42, i32 0, i32 0, i32 0, i32 0, void @empty_42, void @empty_43, i32 4294967295, i32 0, i32 0"   --->   Operation 1511 'specinterface' 'specinterface_ln0' <Predicate = true> <Delay = 0.00>
ST_74 : Operation 1512 [1/1] (0.00ns)   --->   "%specinterface_ln0 = specinterface void @_ssdm_op_SpecInterface, i64 %c_1, void @empty_24, i32 0, i32 0, void @empty_42, i32 0, i32 0, void @empty_10, void @empty_46, void @empty_42, i32 0, i32 0, i32 0, i32 0, void @empty_42, void @empty_43, i32 4294967295, i32 0, i32 0"   --->   Operation 1512 'specinterface' 'specinterface_ln0' <Predicate = true> <Delay = 0.00>
ST_74 : Operation 1513 [1/1] (0.00ns)   --->   "%specinterface_ln0 = specinterface void @_ssdm_op_SpecInterface, i64 %c_1, void @empty_29, i32 0, i32 0, void @empty_42, i32 0, i32 0, void @empty_42, void @empty_42, void @empty_42, i32 0, i32 0, i32 0, i32 0, void @empty_42, void @empty_43, i32 4294967295, i32 0, i32 0"   --->   Operation 1513 'specinterface' 'specinterface_ln0' <Predicate = true> <Delay = 0.00>
ST_74 : Operation 1514 [1/1] (0.00ns)   --->   "%specinterface_ln0 = specinterface void @_ssdm_op_SpecInterface, i64 %c_2, void @empty_24, i32 0, i32 0, void @empty_42, i32 0, i32 0, void @empty_10, void @empty_47, void @empty_42, i32 0, i32 0, i32 0, i32 0, void @empty_42, void @empty_43, i32 4294967295, i32 0, i32 0"   --->   Operation 1514 'specinterface' 'specinterface_ln0' <Predicate = true> <Delay = 0.00>
ST_74 : Operation 1515 [1/1] (0.00ns)   --->   "%specinterface_ln0 = specinterface void @_ssdm_op_SpecInterface, i64 %c_2, void @empty_29, i32 0, i32 0, void @empty_42, i32 0, i32 0, void @empty_42, void @empty_42, void @empty_42, i32 0, i32 0, i32 0, i32 0, void @empty_42, void @empty_43, i32 4294967295, i32 0, i32 0"   --->   Operation 1515 'specinterface' 'specinterface_ln0' <Predicate = true> <Delay = 0.00>
ST_74 : Operation 1516 [1/1] (0.00ns)   --->   "%specinterface_ln0 = specinterface void @_ssdm_op_SpecInterface, i64 %c_3, void @empty_24, i32 0, i32 0, void @empty_42, i32 0, i32 0, void @empty_10, void @empty_48, void @empty_42, i32 0, i32 0, i32 0, i32 0, void @empty_42, void @empty_43, i32 4294967295, i32 0, i32 0"   --->   Operation 1516 'specinterface' 'specinterface_ln0' <Predicate = true> <Delay = 0.00>
ST_74 : Operation 1517 [1/1] (0.00ns)   --->   "%specinterface_ln0 = specinterface void @_ssdm_op_SpecInterface, i64 %c_3, void @empty_29, i32 0, i32 0, void @empty_42, i32 0, i32 0, void @empty_42, void @empty_42, void @empty_42, i32 0, i32 0, i32 0, i32 0, void @empty_42, void @empty_43, i32 4294967295, i32 0, i32 0"   --->   Operation 1517 'specinterface' 'specinterface_ln0' <Predicate = true> <Delay = 0.00>
ST_74 : Operation 1518 [1/1] (0.00ns)   --->   "%specinterface_ln0 = specinterface void @_ssdm_op_SpecInterface, i64 %c_4, void @empty_24, i32 0, i32 0, void @empty_42, i32 0, i32 0, void @empty_10, void @empty_49, void @empty_42, i32 0, i32 0, i32 0, i32 0, void @empty_42, void @empty_43, i32 4294967295, i32 0, i32 0"   --->   Operation 1518 'specinterface' 'specinterface_ln0' <Predicate = true> <Delay = 0.00>
ST_74 : Operation 1519 [1/1] (0.00ns)   --->   "%specinterface_ln0 = specinterface void @_ssdm_op_SpecInterface, i64 %c_4, void @empty_29, i32 0, i32 0, void @empty_42, i32 0, i32 0, void @empty_42, void @empty_42, void @empty_42, i32 0, i32 0, i32 0, i32 0, void @empty_42, void @empty_43, i32 4294967295, i32 0, i32 0"   --->   Operation 1519 'specinterface' 'specinterface_ln0' <Predicate = true> <Delay = 0.00>
ST_74 : Operation 1520 [1/1] (0.00ns)   --->   "%specinterface_ln0 = specinterface void @_ssdm_op_SpecInterface, i64 %c_5, void @empty_24, i32 0, i32 0, void @empty_42, i32 0, i32 0, void @empty_10, void @empty_50, void @empty_42, i32 0, i32 0, i32 0, i32 0, void @empty_42, void @empty_43, i32 4294967295, i32 0, i32 0"   --->   Operation 1520 'specinterface' 'specinterface_ln0' <Predicate = true> <Delay = 0.00>
ST_74 : Operation 1521 [1/1] (0.00ns)   --->   "%specinterface_ln0 = specinterface void @_ssdm_op_SpecInterface, i64 %c_5, void @empty_29, i32 0, i32 0, void @empty_42, i32 0, i32 0, void @empty_42, void @empty_42, void @empty_42, i32 0, i32 0, i32 0, i32 0, void @empty_42, void @empty_43, i32 4294967295, i32 0, i32 0"   --->   Operation 1521 'specinterface' 'specinterface_ln0' <Predicate = true> <Delay = 0.00>
ST_74 : Operation 1522 [1/1] (0.00ns)   --->   "%specinterface_ln0 = specinterface void @_ssdm_op_SpecInterface, i64 %c_6, void @empty_24, i32 0, i32 0, void @empty_42, i32 0, i32 0, void @empty_10, void @empty_51, void @empty_42, i32 0, i32 0, i32 0, i32 0, void @empty_42, void @empty_43, i32 4294967295, i32 0, i32 0"   --->   Operation 1522 'specinterface' 'specinterface_ln0' <Predicate = true> <Delay = 0.00>
ST_74 : Operation 1523 [1/1] (0.00ns)   --->   "%specinterface_ln0 = specinterface void @_ssdm_op_SpecInterface, i64 %c_6, void @empty_29, i32 0, i32 0, void @empty_42, i32 0, i32 0, void @empty_42, void @empty_42, void @empty_42, i32 0, i32 0, i32 0, i32 0, void @empty_42, void @empty_43, i32 4294967295, i32 0, i32 0"   --->   Operation 1523 'specinterface' 'specinterface_ln0' <Predicate = true> <Delay = 0.00>
ST_74 : Operation 1524 [1/1] (0.00ns)   --->   "%specinterface_ln0 = specinterface void @_ssdm_op_SpecInterface, i64 %c_7, void @empty_24, i32 0, i32 0, void @empty_42, i32 0, i32 0, void @empty_10, void @empty_52, void @empty_42, i32 0, i32 0, i32 0, i32 0, void @empty_42, void @empty_43, i32 4294967295, i32 0, i32 0"   --->   Operation 1524 'specinterface' 'specinterface_ln0' <Predicate = true> <Delay = 0.00>
ST_74 : Operation 1525 [1/1] (0.00ns)   --->   "%specinterface_ln0 = specinterface void @_ssdm_op_SpecInterface, i64 %c_7, void @empty_29, i32 0, i32 0, void @empty_42, i32 0, i32 0, void @empty_42, void @empty_42, void @empty_42, i32 0, i32 0, i32 0, i32 0, void @empty_42, void @empty_43, i32 4294967295, i32 0, i32 0"   --->   Operation 1525 'specinterface' 'specinterface_ln0' <Predicate = true> <Delay = 0.00>
ST_74 : Operation 1526 [1/1] (0.00ns)   --->   "%specinterface_ln0 = specinterface void @_ssdm_op_SpecInterface, i32 0, void @empty_24, i32 0, i32 0, void @empty_42, i32 0, i32 0, void @empty_10, void @empty_42, void @empty_42, i32 0, i32 0, i32 0, i32 0, void @empty_42, void @empty_42, i32 4294967295, i32 0, i32 0"   --->   Operation 1526 'specinterface' 'specinterface_ln0' <Predicate = true> <Delay = 0.00>
ST_74 : Operation 1527 [1/1] (0.38ns)   --->   "%store_ln18 = store i16 %gmem1_7_addr_read, i16 %shiftreg6017" [kernel.cpp:18]   --->   Operation 1527 'store' 'store_ln18' <Predicate = true> <Delay = 0.38>
ST_74 : Operation 1528 [1/1] (0.38ns)   --->   "%store_ln18 = store i16 %gmem1_6_addr_read, i16 %shiftreg5816" [kernel.cpp:18]   --->   Operation 1528 'store' 'store_ln18' <Predicate = true> <Delay = 0.38>
ST_74 : Operation 1529 [1/1] (0.38ns)   --->   "%store_ln18 = store i16 %gmem1_5_addr_read, i16 %shiftreg5615" [kernel.cpp:18]   --->   Operation 1529 'store' 'store_ln18' <Predicate = true> <Delay = 0.38>
ST_74 : Operation 1530 [1/1] (0.38ns)   --->   "%store_ln18 = store i16 %gmem1_4_addr_read, i16 %shiftreg5414" [kernel.cpp:18]   --->   Operation 1530 'store' 'store_ln18' <Predicate = true> <Delay = 0.38>
ST_74 : Operation 1531 [1/1] (0.38ns)   --->   "%store_ln18 = store i16 %gmem1_3_addr_read, i16 %shiftreg5213" [kernel.cpp:18]   --->   Operation 1531 'store' 'store_ln18' <Predicate = true> <Delay = 0.38>
ST_74 : Operation 1532 [1/1] (0.38ns)   --->   "%store_ln18 = store i16 %gmem1_2_addr_read, i16 %shiftreg5012" [kernel.cpp:18]   --->   Operation 1532 'store' 'store_ln18' <Predicate = true> <Delay = 0.38>
ST_74 : Operation 1533 [1/1] (0.38ns)   --->   "%store_ln18 = store i16 %gmem1_1_addr_read, i16 %shiftreg4811" [kernel.cpp:18]   --->   Operation 1533 'store' 'store_ln18' <Predicate = true> <Delay = 0.38>
ST_74 : Operation 1534 [1/1] (0.38ns)   --->   "%store_ln18 = store i16 %gmem0_7_addr_read, i16 %shiftreg4610" [kernel.cpp:18]   --->   Operation 1534 'store' 'store_ln18' <Predicate = true> <Delay = 0.38>
ST_74 : Operation 1535 [1/1] (0.38ns)   --->   "%store_ln18 = store i16 %gmem0_6_addr_read, i16 %shiftreg449" [kernel.cpp:18]   --->   Operation 1535 'store' 'store_ln18' <Predicate = true> <Delay = 0.38>
ST_74 : Operation 1536 [1/1] (0.38ns)   --->   "%store_ln18 = store i16 %gmem0_5_addr_read, i16 %shiftreg428" [kernel.cpp:18]   --->   Operation 1536 'store' 'store_ln18' <Predicate = true> <Delay = 0.38>
ST_74 : Operation 1537 [1/1] (0.38ns)   --->   "%store_ln18 = store i16 %gmem0_4_addr_read, i16 %shiftreg407" [kernel.cpp:18]   --->   Operation 1537 'store' 'store_ln18' <Predicate = true> <Delay = 0.38>
ST_74 : Operation 1538 [1/1] (0.38ns)   --->   "%store_ln18 = store i16 %gmem0_3_addr_read, i16 %shiftreg386" [kernel.cpp:18]   --->   Operation 1538 'store' 'store_ln18' <Predicate = true> <Delay = 0.38>
ST_74 : Operation 1539 [1/1] (0.38ns)   --->   "%store_ln18 = store i16 %gmem0_2_addr_read, i16 %shiftreg365" [kernel.cpp:18]   --->   Operation 1539 'store' 'store_ln18' <Predicate = true> <Delay = 0.38>
ST_74 : Operation 1540 [1/1] (0.38ns)   --->   "%store_ln18 = store i16 %gmem0_1_addr_read, i16 %shiftreg344" [kernel.cpp:18]   --->   Operation 1540 'store' 'store_ln18' <Predicate = true> <Delay = 0.38>
ST_74 : Operation 1541 [1/1] (0.38ns)   --->   "%store_ln18 = store i16 %gmem1_0_addr_read, i16 %shiftreg323" [kernel.cpp:18]   --->   Operation 1541 'store' 'store_ln18' <Predicate = true> <Delay = 0.38>
ST_74 : Operation 1542 [1/1] (0.38ns)   --->   "%store_ln18 = store i16 %gmem0_0_addr_read, i16 %shiftreg2" [kernel.cpp:18]   --->   Operation 1542 'store' 'store_ln18' <Predicate = true> <Delay = 0.38>
ST_74 : Operation 1543 [1/1] (0.00ns)   --->   "%br_ln18 = br void %for.body.split" [kernel.cpp:18]   --->   Operation 1543 'br' 'br_ln18' <Predicate = true> <Delay = 0.00>

State 75 <SV = 74> <Delay = 1.09>
ST_75 : Operation 1544 [1/1] (0.00ns)   --->   "%i1_load = load i5 %i1" [kernel.cpp:18]   --->   Operation 1544 'load' 'i1_load' <Predicate = true> <Delay = 0.00>
ST_75 : Operation 1545 [1/1] (0.00ns)   --->   "%shiftreg2_load = load i16 %shiftreg2"   --->   Operation 1545 'load' 'shiftreg2_load' <Predicate = true> <Delay = 0.00>
ST_75 : Operation 1546 [1/1] (0.00ns)   --->   "%shiftreg323_load = load i16 %shiftreg323"   --->   Operation 1546 'load' 'shiftreg323_load' <Predicate = true> <Delay = 0.00>
ST_75 : Operation 1547 [1/1] (0.00ns)   --->   "%shiftreg344_load = load i16 %shiftreg344"   --->   Operation 1547 'load' 'shiftreg344_load' <Predicate = true> <Delay = 0.00>
ST_75 : Operation 1548 [1/1] (0.00ns)   --->   "%shiftreg365_load = load i16 %shiftreg365"   --->   Operation 1548 'load' 'shiftreg365_load' <Predicate = true> <Delay = 0.00>
ST_75 : Operation 1549 [1/1] (0.00ns)   --->   "%shiftreg386_load = load i16 %shiftreg386"   --->   Operation 1549 'load' 'shiftreg386_load' <Predicate = true> <Delay = 0.00>
ST_75 : Operation 1550 [1/1] (0.00ns)   --->   "%shiftreg407_load = load i16 %shiftreg407"   --->   Operation 1550 'load' 'shiftreg407_load' <Predicate = true> <Delay = 0.00>
ST_75 : Operation 1551 [1/1] (0.00ns)   --->   "%shiftreg428_load = load i16 %shiftreg428"   --->   Operation 1551 'load' 'shiftreg428_load' <Predicate = true> <Delay = 0.00>
ST_75 : Operation 1552 [1/1] (0.00ns)   --->   "%shiftreg449_load = load i16 %shiftreg449"   --->   Operation 1552 'load' 'shiftreg449_load' <Predicate = true> <Delay = 0.00>
ST_75 : Operation 1553 [1/1] (0.00ns)   --->   "%shiftreg4610_load = load i16 %shiftreg4610"   --->   Operation 1553 'load' 'shiftreg4610_load' <Predicate = true> <Delay = 0.00>
ST_75 : Operation 1554 [1/1] (0.00ns)   --->   "%shiftreg4811_load = load i16 %shiftreg4811"   --->   Operation 1554 'load' 'shiftreg4811_load' <Predicate = true> <Delay = 0.00>
ST_75 : Operation 1555 [1/1] (0.00ns)   --->   "%shiftreg5012_load = load i16 %shiftreg5012"   --->   Operation 1555 'load' 'shiftreg5012_load' <Predicate = true> <Delay = 0.00>
ST_75 : Operation 1556 [1/1] (0.00ns)   --->   "%shiftreg5213_load = load i16 %shiftreg5213"   --->   Operation 1556 'load' 'shiftreg5213_load' <Predicate = true> <Delay = 0.00>
ST_75 : Operation 1557 [1/1] (0.00ns)   --->   "%shiftreg5414_load = load i16 %shiftreg5414"   --->   Operation 1557 'load' 'shiftreg5414_load' <Predicate = true> <Delay = 0.00>
ST_75 : Operation 1558 [1/1] (0.00ns)   --->   "%shiftreg5615_load = load i16 %shiftreg5615"   --->   Operation 1558 'load' 'shiftreg5615_load' <Predicate = true> <Delay = 0.00>
ST_75 : Operation 1559 [1/1] (0.00ns)   --->   "%shiftreg5816_load = load i16 %shiftreg5816"   --->   Operation 1559 'load' 'shiftreg5816_load' <Predicate = true> <Delay = 0.00>
ST_75 : Operation 1560 [1/1] (0.00ns)   --->   "%shiftreg6017_load = load i16 %shiftreg6017"   --->   Operation 1560 'load' 'shiftreg6017_load' <Predicate = true> <Delay = 0.00>
ST_75 : Operation 1561 [1/1] (0.00ns)   --->   "%shiftreg6218_load = load i32 %shiftreg6218" [kernel.cpp:21]   --->   Operation 1561 'load' 'shiftreg6218_load' <Predicate = true> <Delay = 0.00>
ST_75 : Operation 1562 [1/1] (0.00ns)   --->   "%shiftreg6420_load = load i32 %shiftreg6420" [kernel.cpp:21]   --->   Operation 1562 'load' 'shiftreg6420_load' <Predicate = true> <Delay = 0.00>
ST_75 : Operation 1563 [1/1] (0.00ns)   --->   "%shiftreg6622_load = load i32 %shiftreg6622" [kernel.cpp:21]   --->   Operation 1563 'load' 'shiftreg6622_load' <Predicate = true> <Delay = 0.00>
ST_75 : Operation 1564 [1/1] (0.00ns)   --->   "%shiftreg6824_load = load i32 %shiftreg6824" [kernel.cpp:21]   --->   Operation 1564 'load' 'shiftreg6824_load' <Predicate = true> <Delay = 0.00>
ST_75 : Operation 1565 [1/1] (0.00ns)   --->   "%shiftreg7026_load = load i32 %shiftreg7026" [kernel.cpp:21]   --->   Operation 1565 'load' 'shiftreg7026_load' <Predicate = true> <Delay = 0.00>
ST_75 : Operation 1566 [1/1] (0.00ns)   --->   "%shiftreg7228_load = load i32 %shiftreg7228" [kernel.cpp:21]   --->   Operation 1566 'load' 'shiftreg7228_load' <Predicate = true> <Delay = 0.00>
ST_75 : Operation 1567 [1/1] (0.00ns)   --->   "%shiftreg7430_load = load i32 %shiftreg7430" [kernel.cpp:21]   --->   Operation 1567 'load' 'shiftreg7430_load' <Predicate = true> <Delay = 0.00>
ST_75 : Operation 1568 [1/1] (0.00ns)   --->   "%shiftreg7632_load = load i32 %shiftreg7632" [kernel.cpp:21]   --->   Operation 1568 'load' 'shiftreg7632_load' <Predicate = true> <Delay = 0.00>
ST_75 : Operation 1569 [1/1] (0.00ns)   --->   "%specpipeline_ln19 = specpipeline void @_ssdm_op_SpecPipeline, i32 2, i32 0, i32 0, i32 0, void @empty_42" [kernel.cpp:19]   --->   Operation 1569 'specpipeline' 'specpipeline_ln19' <Predicate = true> <Delay = 0.00>
ST_75 : Operation 1570 [1/1] (0.00ns)   --->   "%speclooptripcount_ln18 = speclooptripcount void @_ssdm_op_SpecLoopTripCount, i64 2, i64 2, i64 2" [kernel.cpp:18]   --->   Operation 1570 'speclooptripcount' 'speclooptripcount_ln18' <Predicate = true> <Delay = 0.00>
ST_75 : Operation 1571 [1/1] (0.00ns)   --->   "%specloopname_ln18 = specloopname void @_ssdm_op_SpecLoopName, void @empty_40" [kernel.cpp:18]   --->   Operation 1571 'specloopname' 'specloopname_ln18' <Predicate = true> <Delay = 0.00>
ST_75 : Operation 1572 [1/1] (0.00ns)   --->   "%lshr_ln = partselect i8 @_ssdm_op_PartSelect.i8.i16.i32.i32, i16 %shiftreg2_load, i32 8, i32 15" [kernel.cpp:21]   --->   Operation 1572 'partselect' 'lshr_ln' <Predicate = true> <Delay = 0.00>
ST_75 : Operation 1573 [1/1] (0.00ns)   --->   "%zext_ln21 = zext i8 %lshr_ln" [kernel.cpp:21]   --->   Operation 1573 'zext' 'zext_ln21' <Predicate = true> <Delay = 0.00>
ST_75 : Operation 1574 [1/1] (0.00ns)   --->   "%lshr_ln21_1 = partselect i8 @_ssdm_op_PartSelect.i8.i16.i32.i32, i16 %shiftreg323_load, i32 8, i32 15" [kernel.cpp:21]   --->   Operation 1574 'partselect' 'lshr_ln21_1' <Predicate = true> <Delay = 0.00>
ST_75 : Operation 1575 [1/1] (0.00ns)   --->   "%zext_ln21_1 = zext i8 %lshr_ln21_1" [kernel.cpp:21]   --->   Operation 1575 'zext' 'zext_ln21_1' <Predicate = true> <Delay = 0.00>
ST_75 : Operation 1576 [1/1] (0.00ns)   --->   "%empty = trunc i16 %shiftreg2_load"   --->   Operation 1576 'trunc' 'empty' <Predicate = true> <Delay = 0.00>
ST_75 : Operation 1577 [1/1] (0.00ns)   --->   "%empty_65 = trunc i16 %shiftreg323_load"   --->   Operation 1577 'trunc' 'empty_65' <Predicate = true> <Delay = 0.00>
ST_75 : Operation 1578 [1/1] (0.70ns)   --->   "%add_ln21 = add i7 %empty_65, i7 %empty" [kernel.cpp:21]   --->   Operation 1578 'add' 'add_ln21' <Predicate = true> <Delay = 0.70> <CoreInst = "Adder">   --->   Core 1 'Adder' <Latency = 0> <II = 1> <Delay = 0.70> <FuncUnit> <Opcode : 'add' 'sub'> <InPorts = 2> <OutPorts = 1>
ST_75 : Operation 1579 [1/1] (0.00ns)   --->   "%lshr_ln21_2 = partselect i8 @_ssdm_op_PartSelect.i8.i16.i32.i32, i16 %shiftreg344_load, i32 8, i32 15" [kernel.cpp:21]   --->   Operation 1579 'partselect' 'lshr_ln21_2' <Predicate = true> <Delay = 0.00>
ST_75 : Operation 1580 [1/1] (0.00ns)   --->   "%zext_ln21_2 = zext i8 %lshr_ln21_2" [kernel.cpp:21]   --->   Operation 1580 'zext' 'zext_ln21_2' <Predicate = true> <Delay = 0.00>
ST_75 : Operation 1581 [1/1] (0.00ns)   --->   "%lshr_ln21_3 = partselect i8 @_ssdm_op_PartSelect.i8.i16.i32.i32, i16 %shiftreg365_load, i32 8, i32 15" [kernel.cpp:21]   --->   Operation 1581 'partselect' 'lshr_ln21_3' <Predicate = true> <Delay = 0.00>
ST_75 : Operation 1582 [1/1] (0.00ns)   --->   "%zext_ln21_3 = zext i8 %lshr_ln21_3" [kernel.cpp:21]   --->   Operation 1582 'zext' 'zext_ln21_3' <Predicate = true> <Delay = 0.00>
ST_75 : Operation 1583 [1/1] (0.00ns)   --->   "%lshr_ln21_4 = partselect i8 @_ssdm_op_PartSelect.i8.i16.i32.i32, i16 %shiftreg386_load, i32 8, i32 15" [kernel.cpp:21]   --->   Operation 1583 'partselect' 'lshr_ln21_4' <Predicate = true> <Delay = 0.00>
ST_75 : Operation 1584 [1/1] (0.00ns)   --->   "%zext_ln21_4 = zext i8 %lshr_ln21_4" [kernel.cpp:21]   --->   Operation 1584 'zext' 'zext_ln21_4' <Predicate = true> <Delay = 0.00>
ST_75 : Operation 1585 [1/1] (0.00ns)   --->   "%lshr_ln21_5 = partselect i8 @_ssdm_op_PartSelect.i8.i16.i32.i32, i16 %shiftreg407_load, i32 8, i32 15" [kernel.cpp:21]   --->   Operation 1585 'partselect' 'lshr_ln21_5' <Predicate = true> <Delay = 0.00>
ST_75 : Operation 1586 [1/1] (0.00ns)   --->   "%zext_ln21_5 = zext i8 %lshr_ln21_5" [kernel.cpp:21]   --->   Operation 1586 'zext' 'zext_ln21_5' <Predicate = true> <Delay = 0.00>
ST_75 : Operation 1587 [1/1] (0.00ns)   --->   "%lshr_ln21_6 = partselect i8 @_ssdm_op_PartSelect.i8.i16.i32.i32, i16 %shiftreg428_load, i32 8, i32 15" [kernel.cpp:21]   --->   Operation 1587 'partselect' 'lshr_ln21_6' <Predicate = true> <Delay = 0.00>
ST_75 : Operation 1588 [1/1] (0.00ns)   --->   "%zext_ln21_6 = zext i8 %lshr_ln21_6" [kernel.cpp:21]   --->   Operation 1588 'zext' 'zext_ln21_6' <Predicate = true> <Delay = 0.00>
ST_75 : Operation 1589 [1/1] (0.00ns)   --->   "%lshr_ln21_7 = partselect i8 @_ssdm_op_PartSelect.i8.i16.i32.i32, i16 %shiftreg449_load, i32 8, i32 15" [kernel.cpp:21]   --->   Operation 1589 'partselect' 'lshr_ln21_7' <Predicate = true> <Delay = 0.00>
ST_75 : Operation 1590 [1/1] (0.00ns)   --->   "%zext_ln21_7 = zext i8 %lshr_ln21_7" [kernel.cpp:21]   --->   Operation 1590 'zext' 'zext_ln21_7' <Predicate = true> <Delay = 0.00>
ST_75 : Operation 1591 [1/1] (0.00ns)   --->   "%lshr_ln21_8 = partselect i8 @_ssdm_op_PartSelect.i8.i16.i32.i32, i16 %shiftreg4610_load, i32 8, i32 15" [kernel.cpp:21]   --->   Operation 1591 'partselect' 'lshr_ln21_8' <Predicate = true> <Delay = 0.00>
ST_75 : Operation 1592 [1/1] (0.00ns)   --->   "%zext_ln21_8 = zext i8 %lshr_ln21_8" [kernel.cpp:21]   --->   Operation 1592 'zext' 'zext_ln21_8' <Predicate = true> <Delay = 0.00>
ST_75 : Operation 1593 [1/1] (0.00ns)   --->   "%lshr_ln21_9 = partselect i8 @_ssdm_op_PartSelect.i8.i16.i32.i32, i16 %shiftreg4811_load, i32 8, i32 15" [kernel.cpp:21]   --->   Operation 1593 'partselect' 'lshr_ln21_9' <Predicate = true> <Delay = 0.00>
ST_75 : Operation 1594 [1/1] (0.00ns)   --->   "%zext_ln21_9 = zext i8 %lshr_ln21_9" [kernel.cpp:21]   --->   Operation 1594 'zext' 'zext_ln21_9' <Predicate = true> <Delay = 0.00>
ST_75 : Operation 1595 [1/1] (0.00ns)   --->   "%empty_66 = trunc i16 %shiftreg344_load"   --->   Operation 1595 'trunc' 'empty_66' <Predicate = true> <Delay = 0.00>
ST_75 : Operation 1596 [1/1] (0.00ns)   --->   "%empty_67 = trunc i16 %shiftreg4811_load"   --->   Operation 1596 'trunc' 'empty_67' <Predicate = true> <Delay = 0.00>
ST_75 : Operation 1597 [1/1] (0.70ns)   --->   "%add_ln21_1 = add i7 %empty_67, i7 %empty_66" [kernel.cpp:21]   --->   Operation 1597 'add' 'add_ln21_1' <Predicate = true> <Delay = 0.70> <CoreInst = "Adder">   --->   Core 1 'Adder' <Latency = 0> <II = 1> <Delay = 0.70> <FuncUnit> <Opcode : 'add' 'sub'> <InPorts = 2> <OutPorts = 1>
ST_75 : Operation 1598 [1/1] (0.00ns)   --->   "%lshr_ln21_s = partselect i8 @_ssdm_op_PartSelect.i8.i16.i32.i32, i16 %shiftreg5012_load, i32 8, i32 15" [kernel.cpp:21]   --->   Operation 1598 'partselect' 'lshr_ln21_s' <Predicate = true> <Delay = 0.00>
ST_75 : Operation 1599 [1/1] (0.00ns)   --->   "%zext_ln21_10 = zext i8 %lshr_ln21_s" [kernel.cpp:21]   --->   Operation 1599 'zext' 'zext_ln21_10' <Predicate = true> <Delay = 0.00>
ST_75 : Operation 1600 [1/1] (0.00ns)   --->   "%empty_68 = trunc i16 %shiftreg365_load"   --->   Operation 1600 'trunc' 'empty_68' <Predicate = true> <Delay = 0.00>
ST_75 : Operation 1601 [1/1] (0.00ns)   --->   "%empty_69 = trunc i16 %shiftreg5012_load"   --->   Operation 1601 'trunc' 'empty_69' <Predicate = true> <Delay = 0.00>
ST_75 : Operation 1602 [1/1] (0.70ns)   --->   "%add_ln21_2 = add i7 %empty_69, i7 %empty_68" [kernel.cpp:21]   --->   Operation 1602 'add' 'add_ln21_2' <Predicate = true> <Delay = 0.70> <CoreInst = "Adder">   --->   Core 1 'Adder' <Latency = 0> <II = 1> <Delay = 0.70> <FuncUnit> <Opcode : 'add' 'sub'> <InPorts = 2> <OutPorts = 1>
ST_75 : Operation 1603 [1/1] (0.00ns)   --->   "%lshr_ln21_10 = partselect i8 @_ssdm_op_PartSelect.i8.i16.i32.i32, i16 %shiftreg5213_load, i32 8, i32 15" [kernel.cpp:21]   --->   Operation 1603 'partselect' 'lshr_ln21_10' <Predicate = true> <Delay = 0.00>
ST_75 : Operation 1604 [1/1] (0.00ns)   --->   "%zext_ln21_11 = zext i8 %lshr_ln21_10" [kernel.cpp:21]   --->   Operation 1604 'zext' 'zext_ln21_11' <Predicate = true> <Delay = 0.00>
ST_75 : Operation 1605 [1/1] (0.00ns)   --->   "%empty_70 = trunc i16 %shiftreg386_load"   --->   Operation 1605 'trunc' 'empty_70' <Predicate = true> <Delay = 0.00>
ST_75 : Operation 1606 [1/1] (0.00ns)   --->   "%empty_71 = trunc i16 %shiftreg5213_load"   --->   Operation 1606 'trunc' 'empty_71' <Predicate = true> <Delay = 0.00>
ST_75 : Operation 1607 [1/1] (0.70ns)   --->   "%add_ln21_3 = add i7 %empty_71, i7 %empty_70" [kernel.cpp:21]   --->   Operation 1607 'add' 'add_ln21_3' <Predicate = true> <Delay = 0.70> <CoreInst = "Adder">   --->   Core 1 'Adder' <Latency = 0> <II = 1> <Delay = 0.70> <FuncUnit> <Opcode : 'add' 'sub'> <InPorts = 2> <OutPorts = 1>
ST_75 : Operation 1608 [1/1] (0.00ns)   --->   "%lshr_ln21_11 = partselect i8 @_ssdm_op_PartSelect.i8.i16.i32.i32, i16 %shiftreg5414_load, i32 8, i32 15" [kernel.cpp:21]   --->   Operation 1608 'partselect' 'lshr_ln21_11' <Predicate = true> <Delay = 0.00>
ST_75 : Operation 1609 [1/1] (0.00ns)   --->   "%zext_ln21_12 = zext i8 %lshr_ln21_11" [kernel.cpp:21]   --->   Operation 1609 'zext' 'zext_ln21_12' <Predicate = true> <Delay = 0.00>
ST_75 : Operation 1610 [1/1] (0.00ns)   --->   "%empty_72 = trunc i16 %shiftreg407_load"   --->   Operation 1610 'trunc' 'empty_72' <Predicate = true> <Delay = 0.00>
ST_75 : Operation 1611 [1/1] (0.00ns)   --->   "%empty_73 = trunc i16 %shiftreg5414_load"   --->   Operation 1611 'trunc' 'empty_73' <Predicate = true> <Delay = 0.00>
ST_75 : Operation 1612 [1/1] (0.70ns)   --->   "%add_ln21_4 = add i7 %empty_73, i7 %empty_72" [kernel.cpp:21]   --->   Operation 1612 'add' 'add_ln21_4' <Predicate = true> <Delay = 0.70> <CoreInst = "Adder">   --->   Core 1 'Adder' <Latency = 0> <II = 1> <Delay = 0.70> <FuncUnit> <Opcode : 'add' 'sub'> <InPorts = 2> <OutPorts = 1>
ST_75 : Operation 1613 [1/1] (0.00ns)   --->   "%lshr_ln21_12 = partselect i8 @_ssdm_op_PartSelect.i8.i16.i32.i32, i16 %shiftreg5615_load, i32 8, i32 15" [kernel.cpp:21]   --->   Operation 1613 'partselect' 'lshr_ln21_12' <Predicate = true> <Delay = 0.00>
ST_75 : Operation 1614 [1/1] (0.00ns)   --->   "%zext_ln21_13 = zext i8 %lshr_ln21_12" [kernel.cpp:21]   --->   Operation 1614 'zext' 'zext_ln21_13' <Predicate = true> <Delay = 0.00>
ST_75 : Operation 1615 [1/1] (0.00ns)   --->   "%empty_74 = trunc i16 %shiftreg428_load"   --->   Operation 1615 'trunc' 'empty_74' <Predicate = true> <Delay = 0.00>
ST_75 : Operation 1616 [1/1] (0.00ns)   --->   "%empty_75 = trunc i16 %shiftreg5615_load"   --->   Operation 1616 'trunc' 'empty_75' <Predicate = true> <Delay = 0.00>
ST_75 : Operation 1617 [1/1] (0.70ns)   --->   "%add_ln21_5 = add i7 %empty_75, i7 %empty_74" [kernel.cpp:21]   --->   Operation 1617 'add' 'add_ln21_5' <Predicate = true> <Delay = 0.70> <CoreInst = "Adder">   --->   Core 1 'Adder' <Latency = 0> <II = 1> <Delay = 0.70> <FuncUnit> <Opcode : 'add' 'sub'> <InPorts = 2> <OutPorts = 1>
ST_75 : Operation 1618 [1/1] (0.00ns)   --->   "%lshr_ln21_13 = partselect i8 @_ssdm_op_PartSelect.i8.i16.i32.i32, i16 %shiftreg5816_load, i32 8, i32 15" [kernel.cpp:21]   --->   Operation 1618 'partselect' 'lshr_ln21_13' <Predicate = true> <Delay = 0.00>
ST_75 : Operation 1619 [1/1] (0.00ns)   --->   "%zext_ln21_14 = zext i8 %lshr_ln21_13" [kernel.cpp:21]   --->   Operation 1619 'zext' 'zext_ln21_14' <Predicate = true> <Delay = 0.00>
ST_75 : Operation 1620 [1/1] (0.00ns)   --->   "%empty_76 = trunc i16 %shiftreg449_load"   --->   Operation 1620 'trunc' 'empty_76' <Predicate = true> <Delay = 0.00>
ST_75 : Operation 1621 [1/1] (0.00ns)   --->   "%empty_77 = trunc i16 %shiftreg5816_load"   --->   Operation 1621 'trunc' 'empty_77' <Predicate = true> <Delay = 0.00>
ST_75 : Operation 1622 [1/1] (0.70ns)   --->   "%add_ln21_6 = add i7 %empty_77, i7 %empty_76" [kernel.cpp:21]   --->   Operation 1622 'add' 'add_ln21_6' <Predicate = true> <Delay = 0.70> <CoreInst = "Adder">   --->   Core 1 'Adder' <Latency = 0> <II = 1> <Delay = 0.70> <FuncUnit> <Opcode : 'add' 'sub'> <InPorts = 2> <OutPorts = 1>
ST_75 : Operation 1623 [1/1] (0.00ns)   --->   "%lshr_ln21_14 = partselect i8 @_ssdm_op_PartSelect.i8.i16.i32.i32, i16 %shiftreg6017_load, i32 8, i32 15" [kernel.cpp:21]   --->   Operation 1623 'partselect' 'lshr_ln21_14' <Predicate = true> <Delay = 0.00>
ST_75 : Operation 1624 [1/1] (0.00ns)   --->   "%zext_ln21_15 = zext i8 %lshr_ln21_14" [kernel.cpp:21]   --->   Operation 1624 'zext' 'zext_ln21_15' <Predicate = true> <Delay = 0.00>
ST_75 : Operation 1625 [1/1] (0.00ns)   --->   "%empty_78 = trunc i16 %shiftreg4610_load"   --->   Operation 1625 'trunc' 'empty_78' <Predicate = true> <Delay = 0.00>
ST_75 : Operation 1626 [1/1] (0.00ns)   --->   "%empty_79 = trunc i16 %shiftreg6017_load"   --->   Operation 1626 'trunc' 'empty_79' <Predicate = true> <Delay = 0.00>
ST_75 : Operation 1627 [1/1] (0.70ns)   --->   "%add_ln21_7 = add i7 %empty_79, i7 %empty_78" [kernel.cpp:21]   --->   Operation 1627 'add' 'add_ln21_7' <Predicate = true> <Delay = 0.70> <CoreInst = "Adder">   --->   Core 1 'Adder' <Latency = 0> <II = 1> <Delay = 0.70> <FuncUnit> <Opcode : 'add' 'sub'> <InPorts = 2> <OutPorts = 1>
ST_75 : Operation 1628 [1/1] (0.00ns)   --->   "%lshr_ln21_15 = partselect i16 @_ssdm_op_PartSelect.i16.i32.i32.i32, i32 %shiftreg6218_load, i32 16, i32 31" [kernel.cpp:21]   --->   Operation 1628 'partselect' 'lshr_ln21_15' <Predicate = true> <Delay = 0.00>
ST_75 : Operation 1629 [1/1] (0.00ns)   --->   "%or_ln = bitconcatenate i32 @_ssdm_op_BitConcatenate.i32.i7.i9.i16, i7 %add_ln21, i9 0, i16 %lshr_ln21_15" [kernel.cpp:21]   --->   Operation 1629 'bitconcatenate' 'or_ln' <Predicate = true> <Delay = 0.00>
ST_75 : Operation 1630 [1/1] (0.00ns)   --->   "%lshr_ln21_16 = partselect i16 @_ssdm_op_PartSelect.i16.i32.i32.i32, i32 %shiftreg6420_load, i32 16, i32 31" [kernel.cpp:21]   --->   Operation 1630 'partselect' 'lshr_ln21_16' <Predicate = true> <Delay = 0.00>
ST_75 : Operation 1631 [1/1] (0.00ns)   --->   "%or_ln21_1 = bitconcatenate i32 @_ssdm_op_BitConcatenate.i32.i7.i9.i16, i7 %add_ln21_1, i9 0, i16 %lshr_ln21_16" [kernel.cpp:21]   --->   Operation 1631 'bitconcatenate' 'or_ln21_1' <Predicate = true> <Delay = 0.00>
ST_75 : Operation 1632 [1/1] (0.00ns)   --->   "%lshr_ln21_17 = partselect i16 @_ssdm_op_PartSelect.i16.i32.i32.i32, i32 %shiftreg6622_load, i32 16, i32 31" [kernel.cpp:21]   --->   Operation 1632 'partselect' 'lshr_ln21_17' <Predicate = true> <Delay = 0.00>
ST_75 : Operation 1633 [1/1] (0.00ns)   --->   "%or_ln21_2 = bitconcatenate i32 @_ssdm_op_BitConcatenate.i32.i7.i9.i16, i7 %add_ln21_2, i9 0, i16 %lshr_ln21_17" [kernel.cpp:21]   --->   Operation 1633 'bitconcatenate' 'or_ln21_2' <Predicate = true> <Delay = 0.00>
ST_75 : Operation 1634 [1/1] (0.00ns)   --->   "%lshr_ln21_18 = partselect i16 @_ssdm_op_PartSelect.i16.i32.i32.i32, i32 %shiftreg6824_load, i32 16, i32 31" [kernel.cpp:21]   --->   Operation 1634 'partselect' 'lshr_ln21_18' <Predicate = true> <Delay = 0.00>
ST_75 : Operation 1635 [1/1] (0.00ns)   --->   "%or_ln21_3 = bitconcatenate i32 @_ssdm_op_BitConcatenate.i32.i7.i9.i16, i7 %add_ln21_3, i9 0, i16 %lshr_ln21_18" [kernel.cpp:21]   --->   Operation 1635 'bitconcatenate' 'or_ln21_3' <Predicate = true> <Delay = 0.00>
ST_75 : Operation 1636 [1/1] (0.00ns)   --->   "%lshr_ln21_19 = partselect i16 @_ssdm_op_PartSelect.i16.i32.i32.i32, i32 %shiftreg7026_load, i32 16, i32 31" [kernel.cpp:21]   --->   Operation 1636 'partselect' 'lshr_ln21_19' <Predicate = true> <Delay = 0.00>
ST_75 : Operation 1637 [1/1] (0.00ns)   --->   "%or_ln21_4 = bitconcatenate i32 @_ssdm_op_BitConcatenate.i32.i7.i9.i16, i7 %add_ln21_4, i9 0, i16 %lshr_ln21_19" [kernel.cpp:21]   --->   Operation 1637 'bitconcatenate' 'or_ln21_4' <Predicate = true> <Delay = 0.00>
ST_75 : Operation 1638 [1/1] (0.00ns)   --->   "%lshr_ln21_20 = partselect i16 @_ssdm_op_PartSelect.i16.i32.i32.i32, i32 %shiftreg7228_load, i32 16, i32 31" [kernel.cpp:21]   --->   Operation 1638 'partselect' 'lshr_ln21_20' <Predicate = true> <Delay = 0.00>
ST_75 : Operation 1639 [1/1] (0.00ns)   --->   "%or_ln21_5 = bitconcatenate i32 @_ssdm_op_BitConcatenate.i32.i7.i9.i16, i7 %add_ln21_5, i9 0, i16 %lshr_ln21_20" [kernel.cpp:21]   --->   Operation 1639 'bitconcatenate' 'or_ln21_5' <Predicate = true> <Delay = 0.00>
ST_75 : Operation 1640 [1/1] (0.00ns)   --->   "%lshr_ln21_21 = partselect i16 @_ssdm_op_PartSelect.i16.i32.i32.i32, i32 %shiftreg7430_load, i32 16, i32 31" [kernel.cpp:21]   --->   Operation 1640 'partselect' 'lshr_ln21_21' <Predicate = true> <Delay = 0.00>
ST_75 : Operation 1641 [1/1] (0.00ns)   --->   "%or_ln21_6 = bitconcatenate i32 @_ssdm_op_BitConcatenate.i32.i7.i9.i16, i7 %add_ln21_6, i9 0, i16 %lshr_ln21_21" [kernel.cpp:21]   --->   Operation 1641 'bitconcatenate' 'or_ln21_6' <Predicate = true> <Delay = 0.00>
ST_75 : Operation 1642 [1/1] (0.00ns)   --->   "%lshr_ln21_22 = partselect i16 @_ssdm_op_PartSelect.i16.i32.i32.i32, i32 %shiftreg7632_load, i32 16, i32 31" [kernel.cpp:21]   --->   Operation 1642 'partselect' 'lshr_ln21_22' <Predicate = true> <Delay = 0.00>
ST_75 : Operation 1643 [1/1] (0.00ns)   --->   "%or_ln21_7 = bitconcatenate i32 @_ssdm_op_BitConcatenate.i32.i7.i9.i16, i7 %add_ln21_7, i9 0, i16 %lshr_ln21_22" [kernel.cpp:21]   --->   Operation 1643 'bitconcatenate' 'or_ln21_7' <Predicate = true> <Delay = 0.00>
ST_75 : Operation 1644 [1/1] (0.70ns)   --->   "%i = add i5 %i1_load, i5 8" [kernel.cpp:18]   --->   Operation 1644 'add' 'i' <Predicate = true> <Delay = 0.70> <CoreInst = "Adder">   --->   Core 1 'Adder' <Latency = 0> <II = 1> <Delay = 0.70> <FuncUnit> <Opcode : 'add' 'sub'> <InPorts = 2> <OutPorts = 1>
ST_75 : Operation 1645 [1/1] (0.00ns)   --->   "%tmp = bitselect i1 @_ssdm_op_BitSelect.i1.i5.i32, i5 %i, i32 4" [kernel.cpp:18]   --->   Operation 1645 'bitselect' 'tmp' <Predicate = true> <Delay = 0.00>
ST_75 : Operation 1646 [1/1] (0.38ns)   --->   "%store_ln21 = store i32 %or_ln21_7, i32 %shiftreg7632" [kernel.cpp:21]   --->   Operation 1646 'store' 'store_ln21' <Predicate = true> <Delay = 0.38>
ST_75 : Operation 1647 [1/1] (0.38ns)   --->   "%store_ln21 = store i32 %or_ln21_6, i32 %shiftreg7430" [kernel.cpp:21]   --->   Operation 1647 'store' 'store_ln21' <Predicate = true> <Delay = 0.38>
ST_75 : Operation 1648 [1/1] (0.38ns)   --->   "%store_ln21 = store i32 %or_ln21_5, i32 %shiftreg7228" [kernel.cpp:21]   --->   Operation 1648 'store' 'store_ln21' <Predicate = true> <Delay = 0.38>
ST_75 : Operation 1649 [1/1] (0.38ns)   --->   "%store_ln21 = store i32 %or_ln21_4, i32 %shiftreg7026" [kernel.cpp:21]   --->   Operation 1649 'store' 'store_ln21' <Predicate = true> <Delay = 0.38>
ST_75 : Operation 1650 [1/1] (0.38ns)   --->   "%store_ln21 = store i32 %or_ln21_3, i32 %shiftreg6824" [kernel.cpp:21]   --->   Operation 1650 'store' 'store_ln21' <Predicate = true> <Delay = 0.38>
ST_75 : Operation 1651 [1/1] (0.38ns)   --->   "%store_ln21 = store i32 %or_ln21_2, i32 %shiftreg6622" [kernel.cpp:21]   --->   Operation 1651 'store' 'store_ln21' <Predicate = true> <Delay = 0.38>
ST_75 : Operation 1652 [1/1] (0.38ns)   --->   "%store_ln21 = store i32 %or_ln21_1, i32 %shiftreg6420" [kernel.cpp:21]   --->   Operation 1652 'store' 'store_ln21' <Predicate = true> <Delay = 0.38>
ST_75 : Operation 1653 [1/1] (0.38ns)   --->   "%store_ln21 = store i32 %or_ln, i32 %shiftreg6218" [kernel.cpp:21]   --->   Operation 1653 'store' 'store_ln21' <Predicate = true> <Delay = 0.38>
ST_75 : Operation 1654 [1/1] (0.38ns)   --->   "%store_ln21 = store i16 %zext_ln21_15, i16 %shiftreg6017" [kernel.cpp:21]   --->   Operation 1654 'store' 'store_ln21' <Predicate = true> <Delay = 0.38>
ST_75 : Operation 1655 [1/1] (0.38ns)   --->   "%store_ln21 = store i16 %zext_ln21_14, i16 %shiftreg5816" [kernel.cpp:21]   --->   Operation 1655 'store' 'store_ln21' <Predicate = true> <Delay = 0.38>
ST_75 : Operation 1656 [1/1] (0.38ns)   --->   "%store_ln21 = store i16 %zext_ln21_13, i16 %shiftreg5615" [kernel.cpp:21]   --->   Operation 1656 'store' 'store_ln21' <Predicate = true> <Delay = 0.38>
ST_75 : Operation 1657 [1/1] (0.38ns)   --->   "%store_ln21 = store i16 %zext_ln21_12, i16 %shiftreg5414" [kernel.cpp:21]   --->   Operation 1657 'store' 'store_ln21' <Predicate = true> <Delay = 0.38>
ST_75 : Operation 1658 [1/1] (0.38ns)   --->   "%store_ln21 = store i16 %zext_ln21_11, i16 %shiftreg5213" [kernel.cpp:21]   --->   Operation 1658 'store' 'store_ln21' <Predicate = true> <Delay = 0.38>
ST_75 : Operation 1659 [1/1] (0.38ns)   --->   "%store_ln21 = store i16 %zext_ln21_10, i16 %shiftreg5012" [kernel.cpp:21]   --->   Operation 1659 'store' 'store_ln21' <Predicate = true> <Delay = 0.38>
ST_75 : Operation 1660 [1/1] (0.38ns)   --->   "%store_ln21 = store i16 %zext_ln21_9, i16 %shiftreg4811" [kernel.cpp:21]   --->   Operation 1660 'store' 'store_ln21' <Predicate = true> <Delay = 0.38>
ST_75 : Operation 1661 [1/1] (0.38ns)   --->   "%store_ln21 = store i16 %zext_ln21_8, i16 %shiftreg4610" [kernel.cpp:21]   --->   Operation 1661 'store' 'store_ln21' <Predicate = true> <Delay = 0.38>
ST_75 : Operation 1662 [1/1] (0.38ns)   --->   "%store_ln21 = store i16 %zext_ln21_7, i16 %shiftreg449" [kernel.cpp:21]   --->   Operation 1662 'store' 'store_ln21' <Predicate = true> <Delay = 0.38>
ST_75 : Operation 1663 [1/1] (0.38ns)   --->   "%store_ln21 = store i16 %zext_ln21_6, i16 %shiftreg428" [kernel.cpp:21]   --->   Operation 1663 'store' 'store_ln21' <Predicate = true> <Delay = 0.38>
ST_75 : Operation 1664 [1/1] (0.38ns)   --->   "%store_ln21 = store i16 %zext_ln21_5, i16 %shiftreg407" [kernel.cpp:21]   --->   Operation 1664 'store' 'store_ln21' <Predicate = true> <Delay = 0.38>
ST_75 : Operation 1665 [1/1] (0.38ns)   --->   "%store_ln21 = store i16 %zext_ln21_4, i16 %shiftreg386" [kernel.cpp:21]   --->   Operation 1665 'store' 'store_ln21' <Predicate = true> <Delay = 0.38>
ST_75 : Operation 1666 [1/1] (0.38ns)   --->   "%store_ln21 = store i16 %zext_ln21_3, i16 %shiftreg365" [kernel.cpp:21]   --->   Operation 1666 'store' 'store_ln21' <Predicate = true> <Delay = 0.38>
ST_75 : Operation 1667 [1/1] (0.38ns)   --->   "%store_ln21 = store i16 %zext_ln21_2, i16 %shiftreg344" [kernel.cpp:21]   --->   Operation 1667 'store' 'store_ln21' <Predicate = true> <Delay = 0.38>
ST_75 : Operation 1668 [1/1] (0.38ns)   --->   "%store_ln21 = store i16 %zext_ln21_1, i16 %shiftreg323" [kernel.cpp:21]   --->   Operation 1668 'store' 'store_ln21' <Predicate = true> <Delay = 0.38>
ST_75 : Operation 1669 [1/1] (0.38ns)   --->   "%store_ln21 = store i16 %zext_ln21, i16 %shiftreg2" [kernel.cpp:21]   --->   Operation 1669 'store' 'store_ln21' <Predicate = true> <Delay = 0.38>
ST_75 : Operation 1670 [1/1] (0.38ns)   --->   "%store_ln18 = store i5 %i, i5 %i1" [kernel.cpp:18]   --->   Operation 1670 'store' 'store_ln18' <Predicate = true> <Delay = 0.38>
ST_75 : Operation 1671 [1/1] (0.00ns)   --->   "%br_ln18 = br i1 %tmp, void %for.body.split, void %for.end" [kernel.cpp:18]   --->   Operation 1671 'br' 'br_ln18' <Predicate = true> <Delay = 0.00>

State 76 <SV = 75> <Delay = 3.65>
ST_76 : Operation 1672 [1/1] (3.65ns)   --->   "%gmem2_0_addr_req = writereq i1 @_ssdm_op_WriteReq.m_axi.i32P1A, i32 %gmem2_0_addr, i64 1" [kernel.cpp:23]   --->   Operation 1672 'writereq' 'gmem2_0_addr_req' <Predicate = true> <Delay = 3.65> <CoreInst = "m_axi">   --->   Core 119 'm_axi' <Latency = 9> <II = 1> <Delay = 1.00> <Adapter> <Opcode : 'read' 'write' 'readreq' 'writereq' 'writeresp'>
ST_76 : Operation 1673 [1/1] (3.65ns)   --->   "%gmem2_1_addr_req = writereq i1 @_ssdm_op_WriteReq.m_axi.i32P1A, i32 %gmem2_1_addr, i64 1" [kernel.cpp:23]   --->   Operation 1673 'writereq' 'gmem2_1_addr_req' <Predicate = true> <Delay = 3.65> <CoreInst = "m_axi">   --->   Core 119 'm_axi' <Latency = 9> <II = 1> <Delay = 1.00> <Adapter> <Opcode : 'read' 'write' 'readreq' 'writereq' 'writeresp'>
ST_76 : Operation 1674 [1/1] (3.65ns)   --->   "%gmem2_2_addr_req = writereq i1 @_ssdm_op_WriteReq.m_axi.i32P1A, i32 %gmem2_2_addr, i64 1" [kernel.cpp:23]   --->   Operation 1674 'writereq' 'gmem2_2_addr_req' <Predicate = true> <Delay = 3.65> <CoreInst = "m_axi">   --->   Core 119 'm_axi' <Latency = 9> <II = 1> <Delay = 1.00> <Adapter> <Opcode : 'read' 'write' 'readreq' 'writereq' 'writeresp'>
ST_76 : Operation 1675 [1/1] (3.65ns)   --->   "%gmem2_3_addr_req = writereq i1 @_ssdm_op_WriteReq.m_axi.i32P1A, i32 %gmem2_3_addr, i64 1" [kernel.cpp:23]   --->   Operation 1675 'writereq' 'gmem2_3_addr_req' <Predicate = true> <Delay = 3.65> <CoreInst = "m_axi">   --->   Core 119 'm_axi' <Latency = 9> <II = 1> <Delay = 1.00> <Adapter> <Opcode : 'read' 'write' 'readreq' 'writereq' 'writeresp'>
ST_76 : Operation 1676 [1/1] (3.65ns)   --->   "%gmem2_4_addr_req = writereq i1 @_ssdm_op_WriteReq.m_axi.i32P1A, i32 %gmem2_4_addr, i64 1" [kernel.cpp:23]   --->   Operation 1676 'writereq' 'gmem2_4_addr_req' <Predicate = true> <Delay = 3.65> <CoreInst = "m_axi">   --->   Core 119 'm_axi' <Latency = 9> <II = 1> <Delay = 1.00> <Adapter> <Opcode : 'read' 'write' 'readreq' 'writereq' 'writeresp'>
ST_76 : Operation 1677 [1/1] (3.65ns)   --->   "%gmem2_5_addr_req = writereq i1 @_ssdm_op_WriteReq.m_axi.i32P1A, i32 %gmem2_5_addr, i64 1" [kernel.cpp:23]   --->   Operation 1677 'writereq' 'gmem2_5_addr_req' <Predicate = true> <Delay = 3.65> <CoreInst = "m_axi">   --->   Core 119 'm_axi' <Latency = 9> <II = 1> <Delay = 1.00> <Adapter> <Opcode : 'read' 'write' 'readreq' 'writereq' 'writeresp'>
ST_76 : Operation 1678 [1/1] (3.65ns)   --->   "%gmem2_6_addr_req = writereq i1 @_ssdm_op_WriteReq.m_axi.i32P1A, i32 %gmem2_6_addr, i64 1" [kernel.cpp:23]   --->   Operation 1678 'writereq' 'gmem2_6_addr_req' <Predicate = true> <Delay = 3.65> <CoreInst = "m_axi">   --->   Core 119 'm_axi' <Latency = 9> <II = 1> <Delay = 1.00> <Adapter> <Opcode : 'read' 'write' 'readreq' 'writereq' 'writeresp'>
ST_76 : Operation 1679 [1/1] (3.65ns)   --->   "%gmem2_7_addr_req = writereq i1 @_ssdm_op_WriteReq.m_axi.i32P1A, i32 %gmem2_7_addr, i64 1" [kernel.cpp:23]   --->   Operation 1679 'writereq' 'gmem2_7_addr_req' <Predicate = true> <Delay = 3.65> <CoreInst = "m_axi">   --->   Core 119 'm_axi' <Latency = 9> <II = 1> <Delay = 1.00> <Adapter> <Opcode : 'read' 'write' 'readreq' 'writereq' 'writeresp'>

State 77 <SV = 76> <Delay = 3.65>
ST_77 : Operation 1680 [1/1] (3.65ns)   --->   "%write_ln23 = write void @_ssdm_op_Write.m_axi.i32P1A, i32 %gmem2_0_addr, i32 %or_ln, i4 15" [kernel.cpp:23]   --->   Operation 1680 'write' 'write_ln23' <Predicate = true> <Delay = 3.65> <CoreInst = "m_axi">   --->   Core 119 'm_axi' <Latency = 5> <II = 1> <Delay = 1.00> <Adapter> <Opcode : 'read' 'write' 'readreq' 'writereq' 'writeresp'>
ST_77 : Operation 1681 [1/1] (3.65ns)   --->   "%write_ln23 = write void @_ssdm_op_Write.m_axi.i32P1A, i32 %gmem2_1_addr, i32 %or_ln21_1, i4 15" [kernel.cpp:23]   --->   Operation 1681 'write' 'write_ln23' <Predicate = true> <Delay = 3.65> <CoreInst = "m_axi">   --->   Core 119 'm_axi' <Latency = 5> <II = 1> <Delay = 1.00> <Adapter> <Opcode : 'read' 'write' 'readreq' 'writereq' 'writeresp'>
ST_77 : Operation 1682 [1/1] (3.65ns)   --->   "%write_ln23 = write void @_ssdm_op_Write.m_axi.i32P1A, i32 %gmem2_2_addr, i32 %or_ln21_2, i4 15" [kernel.cpp:23]   --->   Operation 1682 'write' 'write_ln23' <Predicate = true> <Delay = 3.65> <CoreInst = "m_axi">   --->   Core 119 'm_axi' <Latency = 5> <II = 1> <Delay = 1.00> <Adapter> <Opcode : 'read' 'write' 'readreq' 'writereq' 'writeresp'>
ST_77 : Operation 1683 [1/1] (3.65ns)   --->   "%write_ln23 = write void @_ssdm_op_Write.m_axi.i32P1A, i32 %gmem2_3_addr, i32 %or_ln21_3, i4 15" [kernel.cpp:23]   --->   Operation 1683 'write' 'write_ln23' <Predicate = true> <Delay = 3.65> <CoreInst = "m_axi">   --->   Core 119 'm_axi' <Latency = 5> <II = 1> <Delay = 1.00> <Adapter> <Opcode : 'read' 'write' 'readreq' 'writereq' 'writeresp'>
ST_77 : Operation 1684 [1/1] (3.65ns)   --->   "%write_ln23 = write void @_ssdm_op_Write.m_axi.i32P1A, i32 %gmem2_4_addr, i32 %or_ln21_4, i4 15" [kernel.cpp:23]   --->   Operation 1684 'write' 'write_ln23' <Predicate = true> <Delay = 3.65> <CoreInst = "m_axi">   --->   Core 119 'm_axi' <Latency = 5> <II = 1> <Delay = 1.00> <Adapter> <Opcode : 'read' 'write' 'readreq' 'writereq' 'writeresp'>
ST_77 : Operation 1685 [1/1] (3.65ns)   --->   "%write_ln23 = write void @_ssdm_op_Write.m_axi.i32P1A, i32 %gmem2_5_addr, i32 %or_ln21_5, i4 15" [kernel.cpp:23]   --->   Operation 1685 'write' 'write_ln23' <Predicate = true> <Delay = 3.65> <CoreInst = "m_axi">   --->   Core 119 'm_axi' <Latency = 5> <II = 1> <Delay = 1.00> <Adapter> <Opcode : 'read' 'write' 'readreq' 'writereq' 'writeresp'>
ST_77 : Operation 1686 [1/1] (3.65ns)   --->   "%write_ln23 = write void @_ssdm_op_Write.m_axi.i32P1A, i32 %gmem2_6_addr, i32 %or_ln21_6, i4 15" [kernel.cpp:23]   --->   Operation 1686 'write' 'write_ln23' <Predicate = true> <Delay = 3.65> <CoreInst = "m_axi">   --->   Core 119 'm_axi' <Latency = 5> <II = 1> <Delay = 1.00> <Adapter> <Opcode : 'read' 'write' 'readreq' 'writereq' 'writeresp'>
ST_77 : Operation 1687 [1/1] (3.65ns)   --->   "%write_ln23 = write void @_ssdm_op_Write.m_axi.i32P1A, i32 %gmem2_7_addr, i32 %or_ln21_7, i4 15" [kernel.cpp:23]   --->   Operation 1687 'write' 'write_ln23' <Predicate = true> <Delay = 3.65> <CoreInst = "m_axi">   --->   Core 119 'm_axi' <Latency = 5> <II = 1> <Delay = 1.00> <Adapter> <Opcode : 'read' 'write' 'readreq' 'writereq' 'writeresp'>

State 78 <SV = 77> <Delay = 3.65>
ST_78 : Operation 1688 [68/68] (3.65ns)   --->   "%gmem2_0_addr_resp = writeresp i1 @_ssdm_op_WriteResp.m_axi.i32P1A, i32 %gmem2_0_addr" [kernel.cpp:23]   --->   Operation 1688 'writeresp' 'gmem2_0_addr_resp' <Predicate = true> <Delay = 3.65> <CoreInst = "m_axi">   --->   Core 119 'm_axi' <Latency = 3> <II = 1> <Delay = 1.00> <Adapter> <Opcode : 'read' 'write' 'readreq' 'writereq' 'writeresp'>
ST_78 : Operation 1689 [68/68] (3.65ns)   --->   "%gmem2_1_addr_resp = writeresp i1 @_ssdm_op_WriteResp.m_axi.i32P1A, i32 %gmem2_1_addr" [kernel.cpp:23]   --->   Operation 1689 'writeresp' 'gmem2_1_addr_resp' <Predicate = true> <Delay = 3.65> <CoreInst = "m_axi">   --->   Core 119 'm_axi' <Latency = 3> <II = 1> <Delay = 1.00> <Adapter> <Opcode : 'read' 'write' 'readreq' 'writereq' 'writeresp'>
ST_78 : Operation 1690 [68/68] (3.65ns)   --->   "%gmem2_2_addr_resp = writeresp i1 @_ssdm_op_WriteResp.m_axi.i32P1A, i32 %gmem2_2_addr" [kernel.cpp:23]   --->   Operation 1690 'writeresp' 'gmem2_2_addr_resp' <Predicate = true> <Delay = 3.65> <CoreInst = "m_axi">   --->   Core 119 'm_axi' <Latency = 3> <II = 1> <Delay = 1.00> <Adapter> <Opcode : 'read' 'write' 'readreq' 'writereq' 'writeresp'>
ST_78 : Operation 1691 [68/68] (3.65ns)   --->   "%gmem2_3_addr_resp = writeresp i1 @_ssdm_op_WriteResp.m_axi.i32P1A, i32 %gmem2_3_addr" [kernel.cpp:23]   --->   Operation 1691 'writeresp' 'gmem2_3_addr_resp' <Predicate = true> <Delay = 3.65> <CoreInst = "m_axi">   --->   Core 119 'm_axi' <Latency = 3> <II = 1> <Delay = 1.00> <Adapter> <Opcode : 'read' 'write' 'readreq' 'writereq' 'writeresp'>
ST_78 : Operation 1692 [68/68] (3.65ns)   --->   "%gmem2_4_addr_resp = writeresp i1 @_ssdm_op_WriteResp.m_axi.i32P1A, i32 %gmem2_4_addr" [kernel.cpp:23]   --->   Operation 1692 'writeresp' 'gmem2_4_addr_resp' <Predicate = true> <Delay = 3.65> <CoreInst = "m_axi">   --->   Core 119 'm_axi' <Latency = 3> <II = 1> <Delay = 1.00> <Adapter> <Opcode : 'read' 'write' 'readreq' 'writereq' 'writeresp'>
ST_78 : Operation 1693 [68/68] (3.65ns)   --->   "%gmem2_5_addr_resp = writeresp i1 @_ssdm_op_WriteResp.m_axi.i32P1A, i32 %gmem2_5_addr" [kernel.cpp:23]   --->   Operation 1693 'writeresp' 'gmem2_5_addr_resp' <Predicate = true> <Delay = 3.65> <CoreInst = "m_axi">   --->   Core 119 'm_axi' <Latency = 3> <II = 1> <Delay = 1.00> <Adapter> <Opcode : 'read' 'write' 'readreq' 'writereq' 'writeresp'>
ST_78 : Operation 1694 [68/68] (3.65ns)   --->   "%gmem2_6_addr_resp = writeresp i1 @_ssdm_op_WriteResp.m_axi.i32P1A, i32 %gmem2_6_addr" [kernel.cpp:23]   --->   Operation 1694 'writeresp' 'gmem2_6_addr_resp' <Predicate = true> <Delay = 3.65> <CoreInst = "m_axi">   --->   Core 119 'm_axi' <Latency = 3> <II = 1> <Delay = 1.00> <Adapter> <Opcode : 'read' 'write' 'readreq' 'writereq' 'writeresp'>
ST_78 : Operation 1695 [68/68] (3.65ns)   --->   "%gmem2_7_addr_resp = writeresp i1 @_ssdm_op_WriteResp.m_axi.i32P1A, i32 %gmem2_7_addr" [kernel.cpp:23]   --->   Operation 1695 'writeresp' 'gmem2_7_addr_resp' <Predicate = true> <Delay = 3.65> <CoreInst = "m_axi">   --->   Core 119 'm_axi' <Latency = 3> <II = 1> <Delay = 1.00> <Adapter> <Opcode : 'read' 'write' 'readreq' 'writereq' 'writeresp'>

State 79 <SV = 78> <Delay = 3.65>
ST_79 : Operation 1696 [67/68] (3.65ns)   --->   "%gmem2_0_addr_resp = writeresp i1 @_ssdm_op_WriteResp.m_axi.i32P1A, i32 %gmem2_0_addr" [kernel.cpp:23]   --->   Operation 1696 'writeresp' 'gmem2_0_addr_resp' <Predicate = true> <Delay = 3.65> <CoreInst = "m_axi">   --->   Core 119 'm_axi' <Latency = 3> <II = 1> <Delay = 1.00> <Adapter> <Opcode : 'read' 'write' 'readreq' 'writereq' 'writeresp'>
ST_79 : Operation 1697 [67/68] (3.65ns)   --->   "%gmem2_1_addr_resp = writeresp i1 @_ssdm_op_WriteResp.m_axi.i32P1A, i32 %gmem2_1_addr" [kernel.cpp:23]   --->   Operation 1697 'writeresp' 'gmem2_1_addr_resp' <Predicate = true> <Delay = 3.65> <CoreInst = "m_axi">   --->   Core 119 'm_axi' <Latency = 3> <II = 1> <Delay = 1.00> <Adapter> <Opcode : 'read' 'write' 'readreq' 'writereq' 'writeresp'>
ST_79 : Operation 1698 [67/68] (3.65ns)   --->   "%gmem2_2_addr_resp = writeresp i1 @_ssdm_op_WriteResp.m_axi.i32P1A, i32 %gmem2_2_addr" [kernel.cpp:23]   --->   Operation 1698 'writeresp' 'gmem2_2_addr_resp' <Predicate = true> <Delay = 3.65> <CoreInst = "m_axi">   --->   Core 119 'm_axi' <Latency = 3> <II = 1> <Delay = 1.00> <Adapter> <Opcode : 'read' 'write' 'readreq' 'writereq' 'writeresp'>
ST_79 : Operation 1699 [67/68] (3.65ns)   --->   "%gmem2_3_addr_resp = writeresp i1 @_ssdm_op_WriteResp.m_axi.i32P1A, i32 %gmem2_3_addr" [kernel.cpp:23]   --->   Operation 1699 'writeresp' 'gmem2_3_addr_resp' <Predicate = true> <Delay = 3.65> <CoreInst = "m_axi">   --->   Core 119 'm_axi' <Latency = 3> <II = 1> <Delay = 1.00> <Adapter> <Opcode : 'read' 'write' 'readreq' 'writereq' 'writeresp'>
ST_79 : Operation 1700 [67/68] (3.65ns)   --->   "%gmem2_4_addr_resp = writeresp i1 @_ssdm_op_WriteResp.m_axi.i32P1A, i32 %gmem2_4_addr" [kernel.cpp:23]   --->   Operation 1700 'writeresp' 'gmem2_4_addr_resp' <Predicate = true> <Delay = 3.65> <CoreInst = "m_axi">   --->   Core 119 'm_axi' <Latency = 3> <II = 1> <Delay = 1.00> <Adapter> <Opcode : 'read' 'write' 'readreq' 'writereq' 'writeresp'>
ST_79 : Operation 1701 [67/68] (3.65ns)   --->   "%gmem2_5_addr_resp = writeresp i1 @_ssdm_op_WriteResp.m_axi.i32P1A, i32 %gmem2_5_addr" [kernel.cpp:23]   --->   Operation 1701 'writeresp' 'gmem2_5_addr_resp' <Predicate = true> <Delay = 3.65> <CoreInst = "m_axi">   --->   Core 119 'm_axi' <Latency = 3> <II = 1> <Delay = 1.00> <Adapter> <Opcode : 'read' 'write' 'readreq' 'writereq' 'writeresp'>
ST_79 : Operation 1702 [67/68] (3.65ns)   --->   "%gmem2_6_addr_resp = writeresp i1 @_ssdm_op_WriteResp.m_axi.i32P1A, i32 %gmem2_6_addr" [kernel.cpp:23]   --->   Operation 1702 'writeresp' 'gmem2_6_addr_resp' <Predicate = true> <Delay = 3.65> <CoreInst = "m_axi">   --->   Core 119 'm_axi' <Latency = 3> <II = 1> <Delay = 1.00> <Adapter> <Opcode : 'read' 'write' 'readreq' 'writereq' 'writeresp'>
ST_79 : Operation 1703 [67/68] (3.65ns)   --->   "%gmem2_7_addr_resp = writeresp i1 @_ssdm_op_WriteResp.m_axi.i32P1A, i32 %gmem2_7_addr" [kernel.cpp:23]   --->   Operation 1703 'writeresp' 'gmem2_7_addr_resp' <Predicate = true> <Delay = 3.65> <CoreInst = "m_axi">   --->   Core 119 'm_axi' <Latency = 3> <II = 1> <Delay = 1.00> <Adapter> <Opcode : 'read' 'write' 'readreq' 'writereq' 'writeresp'>

State 80 <SV = 79> <Delay = 3.65>
ST_80 : Operation 1704 [66/68] (3.65ns)   --->   "%gmem2_0_addr_resp = writeresp i1 @_ssdm_op_WriteResp.m_axi.i32P1A, i32 %gmem2_0_addr" [kernel.cpp:23]   --->   Operation 1704 'writeresp' 'gmem2_0_addr_resp' <Predicate = true> <Delay = 3.65> <CoreInst = "m_axi">   --->   Core 119 'm_axi' <Latency = 3> <II = 1> <Delay = 1.00> <Adapter> <Opcode : 'read' 'write' 'readreq' 'writereq' 'writeresp'>
ST_80 : Operation 1705 [66/68] (3.65ns)   --->   "%gmem2_1_addr_resp = writeresp i1 @_ssdm_op_WriteResp.m_axi.i32P1A, i32 %gmem2_1_addr" [kernel.cpp:23]   --->   Operation 1705 'writeresp' 'gmem2_1_addr_resp' <Predicate = true> <Delay = 3.65> <CoreInst = "m_axi">   --->   Core 119 'm_axi' <Latency = 3> <II = 1> <Delay = 1.00> <Adapter> <Opcode : 'read' 'write' 'readreq' 'writereq' 'writeresp'>
ST_80 : Operation 1706 [66/68] (3.65ns)   --->   "%gmem2_2_addr_resp = writeresp i1 @_ssdm_op_WriteResp.m_axi.i32P1A, i32 %gmem2_2_addr" [kernel.cpp:23]   --->   Operation 1706 'writeresp' 'gmem2_2_addr_resp' <Predicate = true> <Delay = 3.65> <CoreInst = "m_axi">   --->   Core 119 'm_axi' <Latency = 3> <II = 1> <Delay = 1.00> <Adapter> <Opcode : 'read' 'write' 'readreq' 'writereq' 'writeresp'>
ST_80 : Operation 1707 [66/68] (3.65ns)   --->   "%gmem2_3_addr_resp = writeresp i1 @_ssdm_op_WriteResp.m_axi.i32P1A, i32 %gmem2_3_addr" [kernel.cpp:23]   --->   Operation 1707 'writeresp' 'gmem2_3_addr_resp' <Predicate = true> <Delay = 3.65> <CoreInst = "m_axi">   --->   Core 119 'm_axi' <Latency = 3> <II = 1> <Delay = 1.00> <Adapter> <Opcode : 'read' 'write' 'readreq' 'writereq' 'writeresp'>
ST_80 : Operation 1708 [66/68] (3.65ns)   --->   "%gmem2_4_addr_resp = writeresp i1 @_ssdm_op_WriteResp.m_axi.i32P1A, i32 %gmem2_4_addr" [kernel.cpp:23]   --->   Operation 1708 'writeresp' 'gmem2_4_addr_resp' <Predicate = true> <Delay = 3.65> <CoreInst = "m_axi">   --->   Core 119 'm_axi' <Latency = 3> <II = 1> <Delay = 1.00> <Adapter> <Opcode : 'read' 'write' 'readreq' 'writereq' 'writeresp'>
ST_80 : Operation 1709 [66/68] (3.65ns)   --->   "%gmem2_5_addr_resp = writeresp i1 @_ssdm_op_WriteResp.m_axi.i32P1A, i32 %gmem2_5_addr" [kernel.cpp:23]   --->   Operation 1709 'writeresp' 'gmem2_5_addr_resp' <Predicate = true> <Delay = 3.65> <CoreInst = "m_axi">   --->   Core 119 'm_axi' <Latency = 3> <II = 1> <Delay = 1.00> <Adapter> <Opcode : 'read' 'write' 'readreq' 'writereq' 'writeresp'>
ST_80 : Operation 1710 [66/68] (3.65ns)   --->   "%gmem2_6_addr_resp = writeresp i1 @_ssdm_op_WriteResp.m_axi.i32P1A, i32 %gmem2_6_addr" [kernel.cpp:23]   --->   Operation 1710 'writeresp' 'gmem2_6_addr_resp' <Predicate = true> <Delay = 3.65> <CoreInst = "m_axi">   --->   Core 119 'm_axi' <Latency = 3> <II = 1> <Delay = 1.00> <Adapter> <Opcode : 'read' 'write' 'readreq' 'writereq' 'writeresp'>
ST_80 : Operation 1711 [66/68] (3.65ns)   --->   "%gmem2_7_addr_resp = writeresp i1 @_ssdm_op_WriteResp.m_axi.i32P1A, i32 %gmem2_7_addr" [kernel.cpp:23]   --->   Operation 1711 'writeresp' 'gmem2_7_addr_resp' <Predicate = true> <Delay = 3.65> <CoreInst = "m_axi">   --->   Core 119 'm_axi' <Latency = 3> <II = 1> <Delay = 1.00> <Adapter> <Opcode : 'read' 'write' 'readreq' 'writereq' 'writeresp'>

State 81 <SV = 80> <Delay = 3.65>
ST_81 : Operation 1712 [65/68] (3.65ns)   --->   "%gmem2_0_addr_resp = writeresp i1 @_ssdm_op_WriteResp.m_axi.i32P1A, i32 %gmem2_0_addr" [kernel.cpp:23]   --->   Operation 1712 'writeresp' 'gmem2_0_addr_resp' <Predicate = true> <Delay = 3.65> <CoreInst = "m_axi">   --->   Core 119 'm_axi' <Latency = 3> <II = 1> <Delay = 1.00> <Adapter> <Opcode : 'read' 'write' 'readreq' 'writereq' 'writeresp'>
ST_81 : Operation 1713 [65/68] (3.65ns)   --->   "%gmem2_1_addr_resp = writeresp i1 @_ssdm_op_WriteResp.m_axi.i32P1A, i32 %gmem2_1_addr" [kernel.cpp:23]   --->   Operation 1713 'writeresp' 'gmem2_1_addr_resp' <Predicate = true> <Delay = 3.65> <CoreInst = "m_axi">   --->   Core 119 'm_axi' <Latency = 3> <II = 1> <Delay = 1.00> <Adapter> <Opcode : 'read' 'write' 'readreq' 'writereq' 'writeresp'>
ST_81 : Operation 1714 [65/68] (3.65ns)   --->   "%gmem2_2_addr_resp = writeresp i1 @_ssdm_op_WriteResp.m_axi.i32P1A, i32 %gmem2_2_addr" [kernel.cpp:23]   --->   Operation 1714 'writeresp' 'gmem2_2_addr_resp' <Predicate = true> <Delay = 3.65> <CoreInst = "m_axi">   --->   Core 119 'm_axi' <Latency = 3> <II = 1> <Delay = 1.00> <Adapter> <Opcode : 'read' 'write' 'readreq' 'writereq' 'writeresp'>
ST_81 : Operation 1715 [65/68] (3.65ns)   --->   "%gmem2_3_addr_resp = writeresp i1 @_ssdm_op_WriteResp.m_axi.i32P1A, i32 %gmem2_3_addr" [kernel.cpp:23]   --->   Operation 1715 'writeresp' 'gmem2_3_addr_resp' <Predicate = true> <Delay = 3.65> <CoreInst = "m_axi">   --->   Core 119 'm_axi' <Latency = 3> <II = 1> <Delay = 1.00> <Adapter> <Opcode : 'read' 'write' 'readreq' 'writereq' 'writeresp'>
ST_81 : Operation 1716 [65/68] (3.65ns)   --->   "%gmem2_4_addr_resp = writeresp i1 @_ssdm_op_WriteResp.m_axi.i32P1A, i32 %gmem2_4_addr" [kernel.cpp:23]   --->   Operation 1716 'writeresp' 'gmem2_4_addr_resp' <Predicate = true> <Delay = 3.65> <CoreInst = "m_axi">   --->   Core 119 'm_axi' <Latency = 3> <II = 1> <Delay = 1.00> <Adapter> <Opcode : 'read' 'write' 'readreq' 'writereq' 'writeresp'>
ST_81 : Operation 1717 [65/68] (3.65ns)   --->   "%gmem2_5_addr_resp = writeresp i1 @_ssdm_op_WriteResp.m_axi.i32P1A, i32 %gmem2_5_addr" [kernel.cpp:23]   --->   Operation 1717 'writeresp' 'gmem2_5_addr_resp' <Predicate = true> <Delay = 3.65> <CoreInst = "m_axi">   --->   Core 119 'm_axi' <Latency = 3> <II = 1> <Delay = 1.00> <Adapter> <Opcode : 'read' 'write' 'readreq' 'writereq' 'writeresp'>
ST_81 : Operation 1718 [65/68] (3.65ns)   --->   "%gmem2_6_addr_resp = writeresp i1 @_ssdm_op_WriteResp.m_axi.i32P1A, i32 %gmem2_6_addr" [kernel.cpp:23]   --->   Operation 1718 'writeresp' 'gmem2_6_addr_resp' <Predicate = true> <Delay = 3.65> <CoreInst = "m_axi">   --->   Core 119 'm_axi' <Latency = 3> <II = 1> <Delay = 1.00> <Adapter> <Opcode : 'read' 'write' 'readreq' 'writereq' 'writeresp'>
ST_81 : Operation 1719 [65/68] (3.65ns)   --->   "%gmem2_7_addr_resp = writeresp i1 @_ssdm_op_WriteResp.m_axi.i32P1A, i32 %gmem2_7_addr" [kernel.cpp:23]   --->   Operation 1719 'writeresp' 'gmem2_7_addr_resp' <Predicate = true> <Delay = 3.65> <CoreInst = "m_axi">   --->   Core 119 'm_axi' <Latency = 3> <II = 1> <Delay = 1.00> <Adapter> <Opcode : 'read' 'write' 'readreq' 'writereq' 'writeresp'>

State 82 <SV = 81> <Delay = 3.65>
ST_82 : Operation 1720 [64/68] (3.65ns)   --->   "%gmem2_0_addr_resp = writeresp i1 @_ssdm_op_WriteResp.m_axi.i32P1A, i32 %gmem2_0_addr" [kernel.cpp:23]   --->   Operation 1720 'writeresp' 'gmem2_0_addr_resp' <Predicate = true> <Delay = 3.65> <CoreInst = "m_axi">   --->   Core 119 'm_axi' <Latency = 3> <II = 1> <Delay = 1.00> <Adapter> <Opcode : 'read' 'write' 'readreq' 'writereq' 'writeresp'>
ST_82 : Operation 1721 [64/68] (3.65ns)   --->   "%gmem2_1_addr_resp = writeresp i1 @_ssdm_op_WriteResp.m_axi.i32P1A, i32 %gmem2_1_addr" [kernel.cpp:23]   --->   Operation 1721 'writeresp' 'gmem2_1_addr_resp' <Predicate = true> <Delay = 3.65> <CoreInst = "m_axi">   --->   Core 119 'm_axi' <Latency = 3> <II = 1> <Delay = 1.00> <Adapter> <Opcode : 'read' 'write' 'readreq' 'writereq' 'writeresp'>
ST_82 : Operation 1722 [64/68] (3.65ns)   --->   "%gmem2_2_addr_resp = writeresp i1 @_ssdm_op_WriteResp.m_axi.i32P1A, i32 %gmem2_2_addr" [kernel.cpp:23]   --->   Operation 1722 'writeresp' 'gmem2_2_addr_resp' <Predicate = true> <Delay = 3.65> <CoreInst = "m_axi">   --->   Core 119 'm_axi' <Latency = 3> <II = 1> <Delay = 1.00> <Adapter> <Opcode : 'read' 'write' 'readreq' 'writereq' 'writeresp'>
ST_82 : Operation 1723 [64/68] (3.65ns)   --->   "%gmem2_3_addr_resp = writeresp i1 @_ssdm_op_WriteResp.m_axi.i32P1A, i32 %gmem2_3_addr" [kernel.cpp:23]   --->   Operation 1723 'writeresp' 'gmem2_3_addr_resp' <Predicate = true> <Delay = 3.65> <CoreInst = "m_axi">   --->   Core 119 'm_axi' <Latency = 3> <II = 1> <Delay = 1.00> <Adapter> <Opcode : 'read' 'write' 'readreq' 'writereq' 'writeresp'>
ST_82 : Operation 1724 [64/68] (3.65ns)   --->   "%gmem2_4_addr_resp = writeresp i1 @_ssdm_op_WriteResp.m_axi.i32P1A, i32 %gmem2_4_addr" [kernel.cpp:23]   --->   Operation 1724 'writeresp' 'gmem2_4_addr_resp' <Predicate = true> <Delay = 3.65> <CoreInst = "m_axi">   --->   Core 119 'm_axi' <Latency = 3> <II = 1> <Delay = 1.00> <Adapter> <Opcode : 'read' 'write' 'readreq' 'writereq' 'writeresp'>
ST_82 : Operation 1725 [64/68] (3.65ns)   --->   "%gmem2_5_addr_resp = writeresp i1 @_ssdm_op_WriteResp.m_axi.i32P1A, i32 %gmem2_5_addr" [kernel.cpp:23]   --->   Operation 1725 'writeresp' 'gmem2_5_addr_resp' <Predicate = true> <Delay = 3.65> <CoreInst = "m_axi">   --->   Core 119 'm_axi' <Latency = 3> <II = 1> <Delay = 1.00> <Adapter> <Opcode : 'read' 'write' 'readreq' 'writereq' 'writeresp'>
ST_82 : Operation 1726 [64/68] (3.65ns)   --->   "%gmem2_6_addr_resp = writeresp i1 @_ssdm_op_WriteResp.m_axi.i32P1A, i32 %gmem2_6_addr" [kernel.cpp:23]   --->   Operation 1726 'writeresp' 'gmem2_6_addr_resp' <Predicate = true> <Delay = 3.65> <CoreInst = "m_axi">   --->   Core 119 'm_axi' <Latency = 3> <II = 1> <Delay = 1.00> <Adapter> <Opcode : 'read' 'write' 'readreq' 'writereq' 'writeresp'>
ST_82 : Operation 1727 [64/68] (3.65ns)   --->   "%gmem2_7_addr_resp = writeresp i1 @_ssdm_op_WriteResp.m_axi.i32P1A, i32 %gmem2_7_addr" [kernel.cpp:23]   --->   Operation 1727 'writeresp' 'gmem2_7_addr_resp' <Predicate = true> <Delay = 3.65> <CoreInst = "m_axi">   --->   Core 119 'm_axi' <Latency = 3> <II = 1> <Delay = 1.00> <Adapter> <Opcode : 'read' 'write' 'readreq' 'writereq' 'writeresp'>

State 83 <SV = 82> <Delay = 3.65>
ST_83 : Operation 1728 [63/68] (3.65ns)   --->   "%gmem2_0_addr_resp = writeresp i1 @_ssdm_op_WriteResp.m_axi.i32P1A, i32 %gmem2_0_addr" [kernel.cpp:23]   --->   Operation 1728 'writeresp' 'gmem2_0_addr_resp' <Predicate = true> <Delay = 3.65> <CoreInst = "m_axi">   --->   Core 119 'm_axi' <Latency = 3> <II = 1> <Delay = 1.00> <Adapter> <Opcode : 'read' 'write' 'readreq' 'writereq' 'writeresp'>
ST_83 : Operation 1729 [63/68] (3.65ns)   --->   "%gmem2_1_addr_resp = writeresp i1 @_ssdm_op_WriteResp.m_axi.i32P1A, i32 %gmem2_1_addr" [kernel.cpp:23]   --->   Operation 1729 'writeresp' 'gmem2_1_addr_resp' <Predicate = true> <Delay = 3.65> <CoreInst = "m_axi">   --->   Core 119 'm_axi' <Latency = 3> <II = 1> <Delay = 1.00> <Adapter> <Opcode : 'read' 'write' 'readreq' 'writereq' 'writeresp'>
ST_83 : Operation 1730 [63/68] (3.65ns)   --->   "%gmem2_2_addr_resp = writeresp i1 @_ssdm_op_WriteResp.m_axi.i32P1A, i32 %gmem2_2_addr" [kernel.cpp:23]   --->   Operation 1730 'writeresp' 'gmem2_2_addr_resp' <Predicate = true> <Delay = 3.65> <CoreInst = "m_axi">   --->   Core 119 'm_axi' <Latency = 3> <II = 1> <Delay = 1.00> <Adapter> <Opcode : 'read' 'write' 'readreq' 'writereq' 'writeresp'>
ST_83 : Operation 1731 [63/68] (3.65ns)   --->   "%gmem2_3_addr_resp = writeresp i1 @_ssdm_op_WriteResp.m_axi.i32P1A, i32 %gmem2_3_addr" [kernel.cpp:23]   --->   Operation 1731 'writeresp' 'gmem2_3_addr_resp' <Predicate = true> <Delay = 3.65> <CoreInst = "m_axi">   --->   Core 119 'm_axi' <Latency = 3> <II = 1> <Delay = 1.00> <Adapter> <Opcode : 'read' 'write' 'readreq' 'writereq' 'writeresp'>
ST_83 : Operation 1732 [63/68] (3.65ns)   --->   "%gmem2_4_addr_resp = writeresp i1 @_ssdm_op_WriteResp.m_axi.i32P1A, i32 %gmem2_4_addr" [kernel.cpp:23]   --->   Operation 1732 'writeresp' 'gmem2_4_addr_resp' <Predicate = true> <Delay = 3.65> <CoreInst = "m_axi">   --->   Core 119 'm_axi' <Latency = 3> <II = 1> <Delay = 1.00> <Adapter> <Opcode : 'read' 'write' 'readreq' 'writereq' 'writeresp'>
ST_83 : Operation 1733 [63/68] (3.65ns)   --->   "%gmem2_5_addr_resp = writeresp i1 @_ssdm_op_WriteResp.m_axi.i32P1A, i32 %gmem2_5_addr" [kernel.cpp:23]   --->   Operation 1733 'writeresp' 'gmem2_5_addr_resp' <Predicate = true> <Delay = 3.65> <CoreInst = "m_axi">   --->   Core 119 'm_axi' <Latency = 3> <II = 1> <Delay = 1.00> <Adapter> <Opcode : 'read' 'write' 'readreq' 'writereq' 'writeresp'>
ST_83 : Operation 1734 [63/68] (3.65ns)   --->   "%gmem2_6_addr_resp = writeresp i1 @_ssdm_op_WriteResp.m_axi.i32P1A, i32 %gmem2_6_addr" [kernel.cpp:23]   --->   Operation 1734 'writeresp' 'gmem2_6_addr_resp' <Predicate = true> <Delay = 3.65> <CoreInst = "m_axi">   --->   Core 119 'm_axi' <Latency = 3> <II = 1> <Delay = 1.00> <Adapter> <Opcode : 'read' 'write' 'readreq' 'writereq' 'writeresp'>
ST_83 : Operation 1735 [63/68] (3.65ns)   --->   "%gmem2_7_addr_resp = writeresp i1 @_ssdm_op_WriteResp.m_axi.i32P1A, i32 %gmem2_7_addr" [kernel.cpp:23]   --->   Operation 1735 'writeresp' 'gmem2_7_addr_resp' <Predicate = true> <Delay = 3.65> <CoreInst = "m_axi">   --->   Core 119 'm_axi' <Latency = 3> <II = 1> <Delay = 1.00> <Adapter> <Opcode : 'read' 'write' 'readreq' 'writereq' 'writeresp'>

State 84 <SV = 83> <Delay = 3.65>
ST_84 : Operation 1736 [62/68] (3.65ns)   --->   "%gmem2_0_addr_resp = writeresp i1 @_ssdm_op_WriteResp.m_axi.i32P1A, i32 %gmem2_0_addr" [kernel.cpp:23]   --->   Operation 1736 'writeresp' 'gmem2_0_addr_resp' <Predicate = true> <Delay = 3.65> <CoreInst = "m_axi">   --->   Core 119 'm_axi' <Latency = 3> <II = 1> <Delay = 1.00> <Adapter> <Opcode : 'read' 'write' 'readreq' 'writereq' 'writeresp'>
ST_84 : Operation 1737 [62/68] (3.65ns)   --->   "%gmem2_1_addr_resp = writeresp i1 @_ssdm_op_WriteResp.m_axi.i32P1A, i32 %gmem2_1_addr" [kernel.cpp:23]   --->   Operation 1737 'writeresp' 'gmem2_1_addr_resp' <Predicate = true> <Delay = 3.65> <CoreInst = "m_axi">   --->   Core 119 'm_axi' <Latency = 3> <II = 1> <Delay = 1.00> <Adapter> <Opcode : 'read' 'write' 'readreq' 'writereq' 'writeresp'>
ST_84 : Operation 1738 [62/68] (3.65ns)   --->   "%gmem2_2_addr_resp = writeresp i1 @_ssdm_op_WriteResp.m_axi.i32P1A, i32 %gmem2_2_addr" [kernel.cpp:23]   --->   Operation 1738 'writeresp' 'gmem2_2_addr_resp' <Predicate = true> <Delay = 3.65> <CoreInst = "m_axi">   --->   Core 119 'm_axi' <Latency = 3> <II = 1> <Delay = 1.00> <Adapter> <Opcode : 'read' 'write' 'readreq' 'writereq' 'writeresp'>
ST_84 : Operation 1739 [62/68] (3.65ns)   --->   "%gmem2_3_addr_resp = writeresp i1 @_ssdm_op_WriteResp.m_axi.i32P1A, i32 %gmem2_3_addr" [kernel.cpp:23]   --->   Operation 1739 'writeresp' 'gmem2_3_addr_resp' <Predicate = true> <Delay = 3.65> <CoreInst = "m_axi">   --->   Core 119 'm_axi' <Latency = 3> <II = 1> <Delay = 1.00> <Adapter> <Opcode : 'read' 'write' 'readreq' 'writereq' 'writeresp'>
ST_84 : Operation 1740 [62/68] (3.65ns)   --->   "%gmem2_4_addr_resp = writeresp i1 @_ssdm_op_WriteResp.m_axi.i32P1A, i32 %gmem2_4_addr" [kernel.cpp:23]   --->   Operation 1740 'writeresp' 'gmem2_4_addr_resp' <Predicate = true> <Delay = 3.65> <CoreInst = "m_axi">   --->   Core 119 'm_axi' <Latency = 3> <II = 1> <Delay = 1.00> <Adapter> <Opcode : 'read' 'write' 'readreq' 'writereq' 'writeresp'>
ST_84 : Operation 1741 [62/68] (3.65ns)   --->   "%gmem2_5_addr_resp = writeresp i1 @_ssdm_op_WriteResp.m_axi.i32P1A, i32 %gmem2_5_addr" [kernel.cpp:23]   --->   Operation 1741 'writeresp' 'gmem2_5_addr_resp' <Predicate = true> <Delay = 3.65> <CoreInst = "m_axi">   --->   Core 119 'm_axi' <Latency = 3> <II = 1> <Delay = 1.00> <Adapter> <Opcode : 'read' 'write' 'readreq' 'writereq' 'writeresp'>
ST_84 : Operation 1742 [62/68] (3.65ns)   --->   "%gmem2_6_addr_resp = writeresp i1 @_ssdm_op_WriteResp.m_axi.i32P1A, i32 %gmem2_6_addr" [kernel.cpp:23]   --->   Operation 1742 'writeresp' 'gmem2_6_addr_resp' <Predicate = true> <Delay = 3.65> <CoreInst = "m_axi">   --->   Core 119 'm_axi' <Latency = 3> <II = 1> <Delay = 1.00> <Adapter> <Opcode : 'read' 'write' 'readreq' 'writereq' 'writeresp'>
ST_84 : Operation 1743 [62/68] (3.65ns)   --->   "%gmem2_7_addr_resp = writeresp i1 @_ssdm_op_WriteResp.m_axi.i32P1A, i32 %gmem2_7_addr" [kernel.cpp:23]   --->   Operation 1743 'writeresp' 'gmem2_7_addr_resp' <Predicate = true> <Delay = 3.65> <CoreInst = "m_axi">   --->   Core 119 'm_axi' <Latency = 3> <II = 1> <Delay = 1.00> <Adapter> <Opcode : 'read' 'write' 'readreq' 'writereq' 'writeresp'>

State 85 <SV = 84> <Delay = 3.65>
ST_85 : Operation 1744 [61/68] (3.65ns)   --->   "%gmem2_0_addr_resp = writeresp i1 @_ssdm_op_WriteResp.m_axi.i32P1A, i32 %gmem2_0_addr" [kernel.cpp:23]   --->   Operation 1744 'writeresp' 'gmem2_0_addr_resp' <Predicate = true> <Delay = 3.65> <CoreInst = "m_axi">   --->   Core 119 'm_axi' <Latency = 3> <II = 1> <Delay = 1.00> <Adapter> <Opcode : 'read' 'write' 'readreq' 'writereq' 'writeresp'>
ST_85 : Operation 1745 [61/68] (3.65ns)   --->   "%gmem2_1_addr_resp = writeresp i1 @_ssdm_op_WriteResp.m_axi.i32P1A, i32 %gmem2_1_addr" [kernel.cpp:23]   --->   Operation 1745 'writeresp' 'gmem2_1_addr_resp' <Predicate = true> <Delay = 3.65> <CoreInst = "m_axi">   --->   Core 119 'm_axi' <Latency = 3> <II = 1> <Delay = 1.00> <Adapter> <Opcode : 'read' 'write' 'readreq' 'writereq' 'writeresp'>
ST_85 : Operation 1746 [61/68] (3.65ns)   --->   "%gmem2_2_addr_resp = writeresp i1 @_ssdm_op_WriteResp.m_axi.i32P1A, i32 %gmem2_2_addr" [kernel.cpp:23]   --->   Operation 1746 'writeresp' 'gmem2_2_addr_resp' <Predicate = true> <Delay = 3.65> <CoreInst = "m_axi">   --->   Core 119 'm_axi' <Latency = 3> <II = 1> <Delay = 1.00> <Adapter> <Opcode : 'read' 'write' 'readreq' 'writereq' 'writeresp'>
ST_85 : Operation 1747 [61/68] (3.65ns)   --->   "%gmem2_3_addr_resp = writeresp i1 @_ssdm_op_WriteResp.m_axi.i32P1A, i32 %gmem2_3_addr" [kernel.cpp:23]   --->   Operation 1747 'writeresp' 'gmem2_3_addr_resp' <Predicate = true> <Delay = 3.65> <CoreInst = "m_axi">   --->   Core 119 'm_axi' <Latency = 3> <II = 1> <Delay = 1.00> <Adapter> <Opcode : 'read' 'write' 'readreq' 'writereq' 'writeresp'>
ST_85 : Operation 1748 [61/68] (3.65ns)   --->   "%gmem2_4_addr_resp = writeresp i1 @_ssdm_op_WriteResp.m_axi.i32P1A, i32 %gmem2_4_addr" [kernel.cpp:23]   --->   Operation 1748 'writeresp' 'gmem2_4_addr_resp' <Predicate = true> <Delay = 3.65> <CoreInst = "m_axi">   --->   Core 119 'm_axi' <Latency = 3> <II = 1> <Delay = 1.00> <Adapter> <Opcode : 'read' 'write' 'readreq' 'writereq' 'writeresp'>
ST_85 : Operation 1749 [61/68] (3.65ns)   --->   "%gmem2_5_addr_resp = writeresp i1 @_ssdm_op_WriteResp.m_axi.i32P1A, i32 %gmem2_5_addr" [kernel.cpp:23]   --->   Operation 1749 'writeresp' 'gmem2_5_addr_resp' <Predicate = true> <Delay = 3.65> <CoreInst = "m_axi">   --->   Core 119 'm_axi' <Latency = 3> <II = 1> <Delay = 1.00> <Adapter> <Opcode : 'read' 'write' 'readreq' 'writereq' 'writeresp'>
ST_85 : Operation 1750 [61/68] (3.65ns)   --->   "%gmem2_6_addr_resp = writeresp i1 @_ssdm_op_WriteResp.m_axi.i32P1A, i32 %gmem2_6_addr" [kernel.cpp:23]   --->   Operation 1750 'writeresp' 'gmem2_6_addr_resp' <Predicate = true> <Delay = 3.65> <CoreInst = "m_axi">   --->   Core 119 'm_axi' <Latency = 3> <II = 1> <Delay = 1.00> <Adapter> <Opcode : 'read' 'write' 'readreq' 'writereq' 'writeresp'>
ST_85 : Operation 1751 [61/68] (3.65ns)   --->   "%gmem2_7_addr_resp = writeresp i1 @_ssdm_op_WriteResp.m_axi.i32P1A, i32 %gmem2_7_addr" [kernel.cpp:23]   --->   Operation 1751 'writeresp' 'gmem2_7_addr_resp' <Predicate = true> <Delay = 3.65> <CoreInst = "m_axi">   --->   Core 119 'm_axi' <Latency = 3> <II = 1> <Delay = 1.00> <Adapter> <Opcode : 'read' 'write' 'readreq' 'writereq' 'writeresp'>

State 86 <SV = 85> <Delay = 3.65>
ST_86 : Operation 1752 [60/68] (3.65ns)   --->   "%gmem2_0_addr_resp = writeresp i1 @_ssdm_op_WriteResp.m_axi.i32P1A, i32 %gmem2_0_addr" [kernel.cpp:23]   --->   Operation 1752 'writeresp' 'gmem2_0_addr_resp' <Predicate = true> <Delay = 3.65> <CoreInst = "m_axi">   --->   Core 119 'm_axi' <Latency = 3> <II = 1> <Delay = 1.00> <Adapter> <Opcode : 'read' 'write' 'readreq' 'writereq' 'writeresp'>
ST_86 : Operation 1753 [60/68] (3.65ns)   --->   "%gmem2_1_addr_resp = writeresp i1 @_ssdm_op_WriteResp.m_axi.i32P1A, i32 %gmem2_1_addr" [kernel.cpp:23]   --->   Operation 1753 'writeresp' 'gmem2_1_addr_resp' <Predicate = true> <Delay = 3.65> <CoreInst = "m_axi">   --->   Core 119 'm_axi' <Latency = 3> <II = 1> <Delay = 1.00> <Adapter> <Opcode : 'read' 'write' 'readreq' 'writereq' 'writeresp'>
ST_86 : Operation 1754 [60/68] (3.65ns)   --->   "%gmem2_2_addr_resp = writeresp i1 @_ssdm_op_WriteResp.m_axi.i32P1A, i32 %gmem2_2_addr" [kernel.cpp:23]   --->   Operation 1754 'writeresp' 'gmem2_2_addr_resp' <Predicate = true> <Delay = 3.65> <CoreInst = "m_axi">   --->   Core 119 'm_axi' <Latency = 3> <II = 1> <Delay = 1.00> <Adapter> <Opcode : 'read' 'write' 'readreq' 'writereq' 'writeresp'>
ST_86 : Operation 1755 [60/68] (3.65ns)   --->   "%gmem2_3_addr_resp = writeresp i1 @_ssdm_op_WriteResp.m_axi.i32P1A, i32 %gmem2_3_addr" [kernel.cpp:23]   --->   Operation 1755 'writeresp' 'gmem2_3_addr_resp' <Predicate = true> <Delay = 3.65> <CoreInst = "m_axi">   --->   Core 119 'm_axi' <Latency = 3> <II = 1> <Delay = 1.00> <Adapter> <Opcode : 'read' 'write' 'readreq' 'writereq' 'writeresp'>
ST_86 : Operation 1756 [60/68] (3.65ns)   --->   "%gmem2_4_addr_resp = writeresp i1 @_ssdm_op_WriteResp.m_axi.i32P1A, i32 %gmem2_4_addr" [kernel.cpp:23]   --->   Operation 1756 'writeresp' 'gmem2_4_addr_resp' <Predicate = true> <Delay = 3.65> <CoreInst = "m_axi">   --->   Core 119 'm_axi' <Latency = 3> <II = 1> <Delay = 1.00> <Adapter> <Opcode : 'read' 'write' 'readreq' 'writereq' 'writeresp'>
ST_86 : Operation 1757 [60/68] (3.65ns)   --->   "%gmem2_5_addr_resp = writeresp i1 @_ssdm_op_WriteResp.m_axi.i32P1A, i32 %gmem2_5_addr" [kernel.cpp:23]   --->   Operation 1757 'writeresp' 'gmem2_5_addr_resp' <Predicate = true> <Delay = 3.65> <CoreInst = "m_axi">   --->   Core 119 'm_axi' <Latency = 3> <II = 1> <Delay = 1.00> <Adapter> <Opcode : 'read' 'write' 'readreq' 'writereq' 'writeresp'>
ST_86 : Operation 1758 [60/68] (3.65ns)   --->   "%gmem2_6_addr_resp = writeresp i1 @_ssdm_op_WriteResp.m_axi.i32P1A, i32 %gmem2_6_addr" [kernel.cpp:23]   --->   Operation 1758 'writeresp' 'gmem2_6_addr_resp' <Predicate = true> <Delay = 3.65> <CoreInst = "m_axi">   --->   Core 119 'm_axi' <Latency = 3> <II = 1> <Delay = 1.00> <Adapter> <Opcode : 'read' 'write' 'readreq' 'writereq' 'writeresp'>
ST_86 : Operation 1759 [60/68] (3.65ns)   --->   "%gmem2_7_addr_resp = writeresp i1 @_ssdm_op_WriteResp.m_axi.i32P1A, i32 %gmem2_7_addr" [kernel.cpp:23]   --->   Operation 1759 'writeresp' 'gmem2_7_addr_resp' <Predicate = true> <Delay = 3.65> <CoreInst = "m_axi">   --->   Core 119 'm_axi' <Latency = 3> <II = 1> <Delay = 1.00> <Adapter> <Opcode : 'read' 'write' 'readreq' 'writereq' 'writeresp'>

State 87 <SV = 86> <Delay = 3.65>
ST_87 : Operation 1760 [59/68] (3.65ns)   --->   "%gmem2_0_addr_resp = writeresp i1 @_ssdm_op_WriteResp.m_axi.i32P1A, i32 %gmem2_0_addr" [kernel.cpp:23]   --->   Operation 1760 'writeresp' 'gmem2_0_addr_resp' <Predicate = true> <Delay = 3.65> <CoreInst = "m_axi">   --->   Core 119 'm_axi' <Latency = 3> <II = 1> <Delay = 1.00> <Adapter> <Opcode : 'read' 'write' 'readreq' 'writereq' 'writeresp'>
ST_87 : Operation 1761 [59/68] (3.65ns)   --->   "%gmem2_1_addr_resp = writeresp i1 @_ssdm_op_WriteResp.m_axi.i32P1A, i32 %gmem2_1_addr" [kernel.cpp:23]   --->   Operation 1761 'writeresp' 'gmem2_1_addr_resp' <Predicate = true> <Delay = 3.65> <CoreInst = "m_axi">   --->   Core 119 'm_axi' <Latency = 3> <II = 1> <Delay = 1.00> <Adapter> <Opcode : 'read' 'write' 'readreq' 'writereq' 'writeresp'>
ST_87 : Operation 1762 [59/68] (3.65ns)   --->   "%gmem2_2_addr_resp = writeresp i1 @_ssdm_op_WriteResp.m_axi.i32P1A, i32 %gmem2_2_addr" [kernel.cpp:23]   --->   Operation 1762 'writeresp' 'gmem2_2_addr_resp' <Predicate = true> <Delay = 3.65> <CoreInst = "m_axi">   --->   Core 119 'm_axi' <Latency = 3> <II = 1> <Delay = 1.00> <Adapter> <Opcode : 'read' 'write' 'readreq' 'writereq' 'writeresp'>
ST_87 : Operation 1763 [59/68] (3.65ns)   --->   "%gmem2_3_addr_resp = writeresp i1 @_ssdm_op_WriteResp.m_axi.i32P1A, i32 %gmem2_3_addr" [kernel.cpp:23]   --->   Operation 1763 'writeresp' 'gmem2_3_addr_resp' <Predicate = true> <Delay = 3.65> <CoreInst = "m_axi">   --->   Core 119 'm_axi' <Latency = 3> <II = 1> <Delay = 1.00> <Adapter> <Opcode : 'read' 'write' 'readreq' 'writereq' 'writeresp'>
ST_87 : Operation 1764 [59/68] (3.65ns)   --->   "%gmem2_4_addr_resp = writeresp i1 @_ssdm_op_WriteResp.m_axi.i32P1A, i32 %gmem2_4_addr" [kernel.cpp:23]   --->   Operation 1764 'writeresp' 'gmem2_4_addr_resp' <Predicate = true> <Delay = 3.65> <CoreInst = "m_axi">   --->   Core 119 'm_axi' <Latency = 3> <II = 1> <Delay = 1.00> <Adapter> <Opcode : 'read' 'write' 'readreq' 'writereq' 'writeresp'>
ST_87 : Operation 1765 [59/68] (3.65ns)   --->   "%gmem2_5_addr_resp = writeresp i1 @_ssdm_op_WriteResp.m_axi.i32P1A, i32 %gmem2_5_addr" [kernel.cpp:23]   --->   Operation 1765 'writeresp' 'gmem2_5_addr_resp' <Predicate = true> <Delay = 3.65> <CoreInst = "m_axi">   --->   Core 119 'm_axi' <Latency = 3> <II = 1> <Delay = 1.00> <Adapter> <Opcode : 'read' 'write' 'readreq' 'writereq' 'writeresp'>
ST_87 : Operation 1766 [59/68] (3.65ns)   --->   "%gmem2_6_addr_resp = writeresp i1 @_ssdm_op_WriteResp.m_axi.i32P1A, i32 %gmem2_6_addr" [kernel.cpp:23]   --->   Operation 1766 'writeresp' 'gmem2_6_addr_resp' <Predicate = true> <Delay = 3.65> <CoreInst = "m_axi">   --->   Core 119 'm_axi' <Latency = 3> <II = 1> <Delay = 1.00> <Adapter> <Opcode : 'read' 'write' 'readreq' 'writereq' 'writeresp'>
ST_87 : Operation 1767 [59/68] (3.65ns)   --->   "%gmem2_7_addr_resp = writeresp i1 @_ssdm_op_WriteResp.m_axi.i32P1A, i32 %gmem2_7_addr" [kernel.cpp:23]   --->   Operation 1767 'writeresp' 'gmem2_7_addr_resp' <Predicate = true> <Delay = 3.65> <CoreInst = "m_axi">   --->   Core 119 'm_axi' <Latency = 3> <II = 1> <Delay = 1.00> <Adapter> <Opcode : 'read' 'write' 'readreq' 'writereq' 'writeresp'>

State 88 <SV = 87> <Delay = 3.65>
ST_88 : Operation 1768 [58/68] (3.65ns)   --->   "%gmem2_0_addr_resp = writeresp i1 @_ssdm_op_WriteResp.m_axi.i32P1A, i32 %gmem2_0_addr" [kernel.cpp:23]   --->   Operation 1768 'writeresp' 'gmem2_0_addr_resp' <Predicate = true> <Delay = 3.65> <CoreInst = "m_axi">   --->   Core 119 'm_axi' <Latency = 3> <II = 1> <Delay = 1.00> <Adapter> <Opcode : 'read' 'write' 'readreq' 'writereq' 'writeresp'>
ST_88 : Operation 1769 [58/68] (3.65ns)   --->   "%gmem2_1_addr_resp = writeresp i1 @_ssdm_op_WriteResp.m_axi.i32P1A, i32 %gmem2_1_addr" [kernel.cpp:23]   --->   Operation 1769 'writeresp' 'gmem2_1_addr_resp' <Predicate = true> <Delay = 3.65> <CoreInst = "m_axi">   --->   Core 119 'm_axi' <Latency = 3> <II = 1> <Delay = 1.00> <Adapter> <Opcode : 'read' 'write' 'readreq' 'writereq' 'writeresp'>
ST_88 : Operation 1770 [58/68] (3.65ns)   --->   "%gmem2_2_addr_resp = writeresp i1 @_ssdm_op_WriteResp.m_axi.i32P1A, i32 %gmem2_2_addr" [kernel.cpp:23]   --->   Operation 1770 'writeresp' 'gmem2_2_addr_resp' <Predicate = true> <Delay = 3.65> <CoreInst = "m_axi">   --->   Core 119 'm_axi' <Latency = 3> <II = 1> <Delay = 1.00> <Adapter> <Opcode : 'read' 'write' 'readreq' 'writereq' 'writeresp'>
ST_88 : Operation 1771 [58/68] (3.65ns)   --->   "%gmem2_3_addr_resp = writeresp i1 @_ssdm_op_WriteResp.m_axi.i32P1A, i32 %gmem2_3_addr" [kernel.cpp:23]   --->   Operation 1771 'writeresp' 'gmem2_3_addr_resp' <Predicate = true> <Delay = 3.65> <CoreInst = "m_axi">   --->   Core 119 'm_axi' <Latency = 3> <II = 1> <Delay = 1.00> <Adapter> <Opcode : 'read' 'write' 'readreq' 'writereq' 'writeresp'>
ST_88 : Operation 1772 [58/68] (3.65ns)   --->   "%gmem2_4_addr_resp = writeresp i1 @_ssdm_op_WriteResp.m_axi.i32P1A, i32 %gmem2_4_addr" [kernel.cpp:23]   --->   Operation 1772 'writeresp' 'gmem2_4_addr_resp' <Predicate = true> <Delay = 3.65> <CoreInst = "m_axi">   --->   Core 119 'm_axi' <Latency = 3> <II = 1> <Delay = 1.00> <Adapter> <Opcode : 'read' 'write' 'readreq' 'writereq' 'writeresp'>
ST_88 : Operation 1773 [58/68] (3.65ns)   --->   "%gmem2_5_addr_resp = writeresp i1 @_ssdm_op_WriteResp.m_axi.i32P1A, i32 %gmem2_5_addr" [kernel.cpp:23]   --->   Operation 1773 'writeresp' 'gmem2_5_addr_resp' <Predicate = true> <Delay = 3.65> <CoreInst = "m_axi">   --->   Core 119 'm_axi' <Latency = 3> <II = 1> <Delay = 1.00> <Adapter> <Opcode : 'read' 'write' 'readreq' 'writereq' 'writeresp'>
ST_88 : Operation 1774 [58/68] (3.65ns)   --->   "%gmem2_6_addr_resp = writeresp i1 @_ssdm_op_WriteResp.m_axi.i32P1A, i32 %gmem2_6_addr" [kernel.cpp:23]   --->   Operation 1774 'writeresp' 'gmem2_6_addr_resp' <Predicate = true> <Delay = 3.65> <CoreInst = "m_axi">   --->   Core 119 'm_axi' <Latency = 3> <II = 1> <Delay = 1.00> <Adapter> <Opcode : 'read' 'write' 'readreq' 'writereq' 'writeresp'>
ST_88 : Operation 1775 [58/68] (3.65ns)   --->   "%gmem2_7_addr_resp = writeresp i1 @_ssdm_op_WriteResp.m_axi.i32P1A, i32 %gmem2_7_addr" [kernel.cpp:23]   --->   Operation 1775 'writeresp' 'gmem2_7_addr_resp' <Predicate = true> <Delay = 3.65> <CoreInst = "m_axi">   --->   Core 119 'm_axi' <Latency = 3> <II = 1> <Delay = 1.00> <Adapter> <Opcode : 'read' 'write' 'readreq' 'writereq' 'writeresp'>

State 89 <SV = 88> <Delay = 3.65>
ST_89 : Operation 1776 [57/68] (3.65ns)   --->   "%gmem2_0_addr_resp = writeresp i1 @_ssdm_op_WriteResp.m_axi.i32P1A, i32 %gmem2_0_addr" [kernel.cpp:23]   --->   Operation 1776 'writeresp' 'gmem2_0_addr_resp' <Predicate = true> <Delay = 3.65> <CoreInst = "m_axi">   --->   Core 119 'm_axi' <Latency = 3> <II = 1> <Delay = 1.00> <Adapter> <Opcode : 'read' 'write' 'readreq' 'writereq' 'writeresp'>
ST_89 : Operation 1777 [57/68] (3.65ns)   --->   "%gmem2_1_addr_resp = writeresp i1 @_ssdm_op_WriteResp.m_axi.i32P1A, i32 %gmem2_1_addr" [kernel.cpp:23]   --->   Operation 1777 'writeresp' 'gmem2_1_addr_resp' <Predicate = true> <Delay = 3.65> <CoreInst = "m_axi">   --->   Core 119 'm_axi' <Latency = 3> <II = 1> <Delay = 1.00> <Adapter> <Opcode : 'read' 'write' 'readreq' 'writereq' 'writeresp'>
ST_89 : Operation 1778 [57/68] (3.65ns)   --->   "%gmem2_2_addr_resp = writeresp i1 @_ssdm_op_WriteResp.m_axi.i32P1A, i32 %gmem2_2_addr" [kernel.cpp:23]   --->   Operation 1778 'writeresp' 'gmem2_2_addr_resp' <Predicate = true> <Delay = 3.65> <CoreInst = "m_axi">   --->   Core 119 'm_axi' <Latency = 3> <II = 1> <Delay = 1.00> <Adapter> <Opcode : 'read' 'write' 'readreq' 'writereq' 'writeresp'>
ST_89 : Operation 1779 [57/68] (3.65ns)   --->   "%gmem2_3_addr_resp = writeresp i1 @_ssdm_op_WriteResp.m_axi.i32P1A, i32 %gmem2_3_addr" [kernel.cpp:23]   --->   Operation 1779 'writeresp' 'gmem2_3_addr_resp' <Predicate = true> <Delay = 3.65> <CoreInst = "m_axi">   --->   Core 119 'm_axi' <Latency = 3> <II = 1> <Delay = 1.00> <Adapter> <Opcode : 'read' 'write' 'readreq' 'writereq' 'writeresp'>
ST_89 : Operation 1780 [57/68] (3.65ns)   --->   "%gmem2_4_addr_resp = writeresp i1 @_ssdm_op_WriteResp.m_axi.i32P1A, i32 %gmem2_4_addr" [kernel.cpp:23]   --->   Operation 1780 'writeresp' 'gmem2_4_addr_resp' <Predicate = true> <Delay = 3.65> <CoreInst = "m_axi">   --->   Core 119 'm_axi' <Latency = 3> <II = 1> <Delay = 1.00> <Adapter> <Opcode : 'read' 'write' 'readreq' 'writereq' 'writeresp'>
ST_89 : Operation 1781 [57/68] (3.65ns)   --->   "%gmem2_5_addr_resp = writeresp i1 @_ssdm_op_WriteResp.m_axi.i32P1A, i32 %gmem2_5_addr" [kernel.cpp:23]   --->   Operation 1781 'writeresp' 'gmem2_5_addr_resp' <Predicate = true> <Delay = 3.65> <CoreInst = "m_axi">   --->   Core 119 'm_axi' <Latency = 3> <II = 1> <Delay = 1.00> <Adapter> <Opcode : 'read' 'write' 'readreq' 'writereq' 'writeresp'>
ST_89 : Operation 1782 [57/68] (3.65ns)   --->   "%gmem2_6_addr_resp = writeresp i1 @_ssdm_op_WriteResp.m_axi.i32P1A, i32 %gmem2_6_addr" [kernel.cpp:23]   --->   Operation 1782 'writeresp' 'gmem2_6_addr_resp' <Predicate = true> <Delay = 3.65> <CoreInst = "m_axi">   --->   Core 119 'm_axi' <Latency = 3> <II = 1> <Delay = 1.00> <Adapter> <Opcode : 'read' 'write' 'readreq' 'writereq' 'writeresp'>
ST_89 : Operation 1783 [57/68] (3.65ns)   --->   "%gmem2_7_addr_resp = writeresp i1 @_ssdm_op_WriteResp.m_axi.i32P1A, i32 %gmem2_7_addr" [kernel.cpp:23]   --->   Operation 1783 'writeresp' 'gmem2_7_addr_resp' <Predicate = true> <Delay = 3.65> <CoreInst = "m_axi">   --->   Core 119 'm_axi' <Latency = 3> <II = 1> <Delay = 1.00> <Adapter> <Opcode : 'read' 'write' 'readreq' 'writereq' 'writeresp'>

State 90 <SV = 89> <Delay = 3.65>
ST_90 : Operation 1784 [56/68] (3.65ns)   --->   "%gmem2_0_addr_resp = writeresp i1 @_ssdm_op_WriteResp.m_axi.i32P1A, i32 %gmem2_0_addr" [kernel.cpp:23]   --->   Operation 1784 'writeresp' 'gmem2_0_addr_resp' <Predicate = true> <Delay = 3.65> <CoreInst = "m_axi">   --->   Core 119 'm_axi' <Latency = 3> <II = 1> <Delay = 1.00> <Adapter> <Opcode : 'read' 'write' 'readreq' 'writereq' 'writeresp'>
ST_90 : Operation 1785 [56/68] (3.65ns)   --->   "%gmem2_1_addr_resp = writeresp i1 @_ssdm_op_WriteResp.m_axi.i32P1A, i32 %gmem2_1_addr" [kernel.cpp:23]   --->   Operation 1785 'writeresp' 'gmem2_1_addr_resp' <Predicate = true> <Delay = 3.65> <CoreInst = "m_axi">   --->   Core 119 'm_axi' <Latency = 3> <II = 1> <Delay = 1.00> <Adapter> <Opcode : 'read' 'write' 'readreq' 'writereq' 'writeresp'>
ST_90 : Operation 1786 [56/68] (3.65ns)   --->   "%gmem2_2_addr_resp = writeresp i1 @_ssdm_op_WriteResp.m_axi.i32P1A, i32 %gmem2_2_addr" [kernel.cpp:23]   --->   Operation 1786 'writeresp' 'gmem2_2_addr_resp' <Predicate = true> <Delay = 3.65> <CoreInst = "m_axi">   --->   Core 119 'm_axi' <Latency = 3> <II = 1> <Delay = 1.00> <Adapter> <Opcode : 'read' 'write' 'readreq' 'writereq' 'writeresp'>
ST_90 : Operation 1787 [56/68] (3.65ns)   --->   "%gmem2_3_addr_resp = writeresp i1 @_ssdm_op_WriteResp.m_axi.i32P1A, i32 %gmem2_3_addr" [kernel.cpp:23]   --->   Operation 1787 'writeresp' 'gmem2_3_addr_resp' <Predicate = true> <Delay = 3.65> <CoreInst = "m_axi">   --->   Core 119 'm_axi' <Latency = 3> <II = 1> <Delay = 1.00> <Adapter> <Opcode : 'read' 'write' 'readreq' 'writereq' 'writeresp'>
ST_90 : Operation 1788 [56/68] (3.65ns)   --->   "%gmem2_4_addr_resp = writeresp i1 @_ssdm_op_WriteResp.m_axi.i32P1A, i32 %gmem2_4_addr" [kernel.cpp:23]   --->   Operation 1788 'writeresp' 'gmem2_4_addr_resp' <Predicate = true> <Delay = 3.65> <CoreInst = "m_axi">   --->   Core 119 'm_axi' <Latency = 3> <II = 1> <Delay = 1.00> <Adapter> <Opcode : 'read' 'write' 'readreq' 'writereq' 'writeresp'>
ST_90 : Operation 1789 [56/68] (3.65ns)   --->   "%gmem2_5_addr_resp = writeresp i1 @_ssdm_op_WriteResp.m_axi.i32P1A, i32 %gmem2_5_addr" [kernel.cpp:23]   --->   Operation 1789 'writeresp' 'gmem2_5_addr_resp' <Predicate = true> <Delay = 3.65> <CoreInst = "m_axi">   --->   Core 119 'm_axi' <Latency = 3> <II = 1> <Delay = 1.00> <Adapter> <Opcode : 'read' 'write' 'readreq' 'writereq' 'writeresp'>
ST_90 : Operation 1790 [56/68] (3.65ns)   --->   "%gmem2_6_addr_resp = writeresp i1 @_ssdm_op_WriteResp.m_axi.i32P1A, i32 %gmem2_6_addr" [kernel.cpp:23]   --->   Operation 1790 'writeresp' 'gmem2_6_addr_resp' <Predicate = true> <Delay = 3.65> <CoreInst = "m_axi">   --->   Core 119 'm_axi' <Latency = 3> <II = 1> <Delay = 1.00> <Adapter> <Opcode : 'read' 'write' 'readreq' 'writereq' 'writeresp'>
ST_90 : Operation 1791 [56/68] (3.65ns)   --->   "%gmem2_7_addr_resp = writeresp i1 @_ssdm_op_WriteResp.m_axi.i32P1A, i32 %gmem2_7_addr" [kernel.cpp:23]   --->   Operation 1791 'writeresp' 'gmem2_7_addr_resp' <Predicate = true> <Delay = 3.65> <CoreInst = "m_axi">   --->   Core 119 'm_axi' <Latency = 3> <II = 1> <Delay = 1.00> <Adapter> <Opcode : 'read' 'write' 'readreq' 'writereq' 'writeresp'>

State 91 <SV = 90> <Delay = 3.65>
ST_91 : Operation 1792 [55/68] (3.65ns)   --->   "%gmem2_0_addr_resp = writeresp i1 @_ssdm_op_WriteResp.m_axi.i32P1A, i32 %gmem2_0_addr" [kernel.cpp:23]   --->   Operation 1792 'writeresp' 'gmem2_0_addr_resp' <Predicate = true> <Delay = 3.65> <CoreInst = "m_axi">   --->   Core 119 'm_axi' <Latency = 3> <II = 1> <Delay = 1.00> <Adapter> <Opcode : 'read' 'write' 'readreq' 'writereq' 'writeresp'>
ST_91 : Operation 1793 [55/68] (3.65ns)   --->   "%gmem2_1_addr_resp = writeresp i1 @_ssdm_op_WriteResp.m_axi.i32P1A, i32 %gmem2_1_addr" [kernel.cpp:23]   --->   Operation 1793 'writeresp' 'gmem2_1_addr_resp' <Predicate = true> <Delay = 3.65> <CoreInst = "m_axi">   --->   Core 119 'm_axi' <Latency = 3> <II = 1> <Delay = 1.00> <Adapter> <Opcode : 'read' 'write' 'readreq' 'writereq' 'writeresp'>
ST_91 : Operation 1794 [55/68] (3.65ns)   --->   "%gmem2_2_addr_resp = writeresp i1 @_ssdm_op_WriteResp.m_axi.i32P1A, i32 %gmem2_2_addr" [kernel.cpp:23]   --->   Operation 1794 'writeresp' 'gmem2_2_addr_resp' <Predicate = true> <Delay = 3.65> <CoreInst = "m_axi">   --->   Core 119 'm_axi' <Latency = 3> <II = 1> <Delay = 1.00> <Adapter> <Opcode : 'read' 'write' 'readreq' 'writereq' 'writeresp'>
ST_91 : Operation 1795 [55/68] (3.65ns)   --->   "%gmem2_3_addr_resp = writeresp i1 @_ssdm_op_WriteResp.m_axi.i32P1A, i32 %gmem2_3_addr" [kernel.cpp:23]   --->   Operation 1795 'writeresp' 'gmem2_3_addr_resp' <Predicate = true> <Delay = 3.65> <CoreInst = "m_axi">   --->   Core 119 'm_axi' <Latency = 3> <II = 1> <Delay = 1.00> <Adapter> <Opcode : 'read' 'write' 'readreq' 'writereq' 'writeresp'>
ST_91 : Operation 1796 [55/68] (3.65ns)   --->   "%gmem2_4_addr_resp = writeresp i1 @_ssdm_op_WriteResp.m_axi.i32P1A, i32 %gmem2_4_addr" [kernel.cpp:23]   --->   Operation 1796 'writeresp' 'gmem2_4_addr_resp' <Predicate = true> <Delay = 3.65> <CoreInst = "m_axi">   --->   Core 119 'm_axi' <Latency = 3> <II = 1> <Delay = 1.00> <Adapter> <Opcode : 'read' 'write' 'readreq' 'writereq' 'writeresp'>
ST_91 : Operation 1797 [55/68] (3.65ns)   --->   "%gmem2_5_addr_resp = writeresp i1 @_ssdm_op_WriteResp.m_axi.i32P1A, i32 %gmem2_5_addr" [kernel.cpp:23]   --->   Operation 1797 'writeresp' 'gmem2_5_addr_resp' <Predicate = true> <Delay = 3.65> <CoreInst = "m_axi">   --->   Core 119 'm_axi' <Latency = 3> <II = 1> <Delay = 1.00> <Adapter> <Opcode : 'read' 'write' 'readreq' 'writereq' 'writeresp'>
ST_91 : Operation 1798 [55/68] (3.65ns)   --->   "%gmem2_6_addr_resp = writeresp i1 @_ssdm_op_WriteResp.m_axi.i32P1A, i32 %gmem2_6_addr" [kernel.cpp:23]   --->   Operation 1798 'writeresp' 'gmem2_6_addr_resp' <Predicate = true> <Delay = 3.65> <CoreInst = "m_axi">   --->   Core 119 'm_axi' <Latency = 3> <II = 1> <Delay = 1.00> <Adapter> <Opcode : 'read' 'write' 'readreq' 'writereq' 'writeresp'>
ST_91 : Operation 1799 [55/68] (3.65ns)   --->   "%gmem2_7_addr_resp = writeresp i1 @_ssdm_op_WriteResp.m_axi.i32P1A, i32 %gmem2_7_addr" [kernel.cpp:23]   --->   Operation 1799 'writeresp' 'gmem2_7_addr_resp' <Predicate = true> <Delay = 3.65> <CoreInst = "m_axi">   --->   Core 119 'm_axi' <Latency = 3> <II = 1> <Delay = 1.00> <Adapter> <Opcode : 'read' 'write' 'readreq' 'writereq' 'writeresp'>

State 92 <SV = 91> <Delay = 3.65>
ST_92 : Operation 1800 [54/68] (3.65ns)   --->   "%gmem2_0_addr_resp = writeresp i1 @_ssdm_op_WriteResp.m_axi.i32P1A, i32 %gmem2_0_addr" [kernel.cpp:23]   --->   Operation 1800 'writeresp' 'gmem2_0_addr_resp' <Predicate = true> <Delay = 3.65> <CoreInst = "m_axi">   --->   Core 119 'm_axi' <Latency = 3> <II = 1> <Delay = 1.00> <Adapter> <Opcode : 'read' 'write' 'readreq' 'writereq' 'writeresp'>
ST_92 : Operation 1801 [54/68] (3.65ns)   --->   "%gmem2_1_addr_resp = writeresp i1 @_ssdm_op_WriteResp.m_axi.i32P1A, i32 %gmem2_1_addr" [kernel.cpp:23]   --->   Operation 1801 'writeresp' 'gmem2_1_addr_resp' <Predicate = true> <Delay = 3.65> <CoreInst = "m_axi">   --->   Core 119 'm_axi' <Latency = 3> <II = 1> <Delay = 1.00> <Adapter> <Opcode : 'read' 'write' 'readreq' 'writereq' 'writeresp'>
ST_92 : Operation 1802 [54/68] (3.65ns)   --->   "%gmem2_2_addr_resp = writeresp i1 @_ssdm_op_WriteResp.m_axi.i32P1A, i32 %gmem2_2_addr" [kernel.cpp:23]   --->   Operation 1802 'writeresp' 'gmem2_2_addr_resp' <Predicate = true> <Delay = 3.65> <CoreInst = "m_axi">   --->   Core 119 'm_axi' <Latency = 3> <II = 1> <Delay = 1.00> <Adapter> <Opcode : 'read' 'write' 'readreq' 'writereq' 'writeresp'>
ST_92 : Operation 1803 [54/68] (3.65ns)   --->   "%gmem2_3_addr_resp = writeresp i1 @_ssdm_op_WriteResp.m_axi.i32P1A, i32 %gmem2_3_addr" [kernel.cpp:23]   --->   Operation 1803 'writeresp' 'gmem2_3_addr_resp' <Predicate = true> <Delay = 3.65> <CoreInst = "m_axi">   --->   Core 119 'm_axi' <Latency = 3> <II = 1> <Delay = 1.00> <Adapter> <Opcode : 'read' 'write' 'readreq' 'writereq' 'writeresp'>
ST_92 : Operation 1804 [54/68] (3.65ns)   --->   "%gmem2_4_addr_resp = writeresp i1 @_ssdm_op_WriteResp.m_axi.i32P1A, i32 %gmem2_4_addr" [kernel.cpp:23]   --->   Operation 1804 'writeresp' 'gmem2_4_addr_resp' <Predicate = true> <Delay = 3.65> <CoreInst = "m_axi">   --->   Core 119 'm_axi' <Latency = 3> <II = 1> <Delay = 1.00> <Adapter> <Opcode : 'read' 'write' 'readreq' 'writereq' 'writeresp'>
ST_92 : Operation 1805 [54/68] (3.65ns)   --->   "%gmem2_5_addr_resp = writeresp i1 @_ssdm_op_WriteResp.m_axi.i32P1A, i32 %gmem2_5_addr" [kernel.cpp:23]   --->   Operation 1805 'writeresp' 'gmem2_5_addr_resp' <Predicate = true> <Delay = 3.65> <CoreInst = "m_axi">   --->   Core 119 'm_axi' <Latency = 3> <II = 1> <Delay = 1.00> <Adapter> <Opcode : 'read' 'write' 'readreq' 'writereq' 'writeresp'>
ST_92 : Operation 1806 [54/68] (3.65ns)   --->   "%gmem2_6_addr_resp = writeresp i1 @_ssdm_op_WriteResp.m_axi.i32P1A, i32 %gmem2_6_addr" [kernel.cpp:23]   --->   Operation 1806 'writeresp' 'gmem2_6_addr_resp' <Predicate = true> <Delay = 3.65> <CoreInst = "m_axi">   --->   Core 119 'm_axi' <Latency = 3> <II = 1> <Delay = 1.00> <Adapter> <Opcode : 'read' 'write' 'readreq' 'writereq' 'writeresp'>
ST_92 : Operation 1807 [54/68] (3.65ns)   --->   "%gmem2_7_addr_resp = writeresp i1 @_ssdm_op_WriteResp.m_axi.i32P1A, i32 %gmem2_7_addr" [kernel.cpp:23]   --->   Operation 1807 'writeresp' 'gmem2_7_addr_resp' <Predicate = true> <Delay = 3.65> <CoreInst = "m_axi">   --->   Core 119 'm_axi' <Latency = 3> <II = 1> <Delay = 1.00> <Adapter> <Opcode : 'read' 'write' 'readreq' 'writereq' 'writeresp'>

State 93 <SV = 92> <Delay = 3.65>
ST_93 : Operation 1808 [53/68] (3.65ns)   --->   "%gmem2_0_addr_resp = writeresp i1 @_ssdm_op_WriteResp.m_axi.i32P1A, i32 %gmem2_0_addr" [kernel.cpp:23]   --->   Operation 1808 'writeresp' 'gmem2_0_addr_resp' <Predicate = true> <Delay = 3.65> <CoreInst = "m_axi">   --->   Core 119 'm_axi' <Latency = 3> <II = 1> <Delay = 1.00> <Adapter> <Opcode : 'read' 'write' 'readreq' 'writereq' 'writeresp'>
ST_93 : Operation 1809 [53/68] (3.65ns)   --->   "%gmem2_1_addr_resp = writeresp i1 @_ssdm_op_WriteResp.m_axi.i32P1A, i32 %gmem2_1_addr" [kernel.cpp:23]   --->   Operation 1809 'writeresp' 'gmem2_1_addr_resp' <Predicate = true> <Delay = 3.65> <CoreInst = "m_axi">   --->   Core 119 'm_axi' <Latency = 3> <II = 1> <Delay = 1.00> <Adapter> <Opcode : 'read' 'write' 'readreq' 'writereq' 'writeresp'>
ST_93 : Operation 1810 [53/68] (3.65ns)   --->   "%gmem2_2_addr_resp = writeresp i1 @_ssdm_op_WriteResp.m_axi.i32P1A, i32 %gmem2_2_addr" [kernel.cpp:23]   --->   Operation 1810 'writeresp' 'gmem2_2_addr_resp' <Predicate = true> <Delay = 3.65> <CoreInst = "m_axi">   --->   Core 119 'm_axi' <Latency = 3> <II = 1> <Delay = 1.00> <Adapter> <Opcode : 'read' 'write' 'readreq' 'writereq' 'writeresp'>
ST_93 : Operation 1811 [53/68] (3.65ns)   --->   "%gmem2_3_addr_resp = writeresp i1 @_ssdm_op_WriteResp.m_axi.i32P1A, i32 %gmem2_3_addr" [kernel.cpp:23]   --->   Operation 1811 'writeresp' 'gmem2_3_addr_resp' <Predicate = true> <Delay = 3.65> <CoreInst = "m_axi">   --->   Core 119 'm_axi' <Latency = 3> <II = 1> <Delay = 1.00> <Adapter> <Opcode : 'read' 'write' 'readreq' 'writereq' 'writeresp'>
ST_93 : Operation 1812 [53/68] (3.65ns)   --->   "%gmem2_4_addr_resp = writeresp i1 @_ssdm_op_WriteResp.m_axi.i32P1A, i32 %gmem2_4_addr" [kernel.cpp:23]   --->   Operation 1812 'writeresp' 'gmem2_4_addr_resp' <Predicate = true> <Delay = 3.65> <CoreInst = "m_axi">   --->   Core 119 'm_axi' <Latency = 3> <II = 1> <Delay = 1.00> <Adapter> <Opcode : 'read' 'write' 'readreq' 'writereq' 'writeresp'>
ST_93 : Operation 1813 [53/68] (3.65ns)   --->   "%gmem2_5_addr_resp = writeresp i1 @_ssdm_op_WriteResp.m_axi.i32P1A, i32 %gmem2_5_addr" [kernel.cpp:23]   --->   Operation 1813 'writeresp' 'gmem2_5_addr_resp' <Predicate = true> <Delay = 3.65> <CoreInst = "m_axi">   --->   Core 119 'm_axi' <Latency = 3> <II = 1> <Delay = 1.00> <Adapter> <Opcode : 'read' 'write' 'readreq' 'writereq' 'writeresp'>
ST_93 : Operation 1814 [53/68] (3.65ns)   --->   "%gmem2_6_addr_resp = writeresp i1 @_ssdm_op_WriteResp.m_axi.i32P1A, i32 %gmem2_6_addr" [kernel.cpp:23]   --->   Operation 1814 'writeresp' 'gmem2_6_addr_resp' <Predicate = true> <Delay = 3.65> <CoreInst = "m_axi">   --->   Core 119 'm_axi' <Latency = 3> <II = 1> <Delay = 1.00> <Adapter> <Opcode : 'read' 'write' 'readreq' 'writereq' 'writeresp'>
ST_93 : Operation 1815 [53/68] (3.65ns)   --->   "%gmem2_7_addr_resp = writeresp i1 @_ssdm_op_WriteResp.m_axi.i32P1A, i32 %gmem2_7_addr" [kernel.cpp:23]   --->   Operation 1815 'writeresp' 'gmem2_7_addr_resp' <Predicate = true> <Delay = 3.65> <CoreInst = "m_axi">   --->   Core 119 'm_axi' <Latency = 3> <II = 1> <Delay = 1.00> <Adapter> <Opcode : 'read' 'write' 'readreq' 'writereq' 'writeresp'>

State 94 <SV = 93> <Delay = 3.65>
ST_94 : Operation 1816 [52/68] (3.65ns)   --->   "%gmem2_0_addr_resp = writeresp i1 @_ssdm_op_WriteResp.m_axi.i32P1A, i32 %gmem2_0_addr" [kernel.cpp:23]   --->   Operation 1816 'writeresp' 'gmem2_0_addr_resp' <Predicate = true> <Delay = 3.65> <CoreInst = "m_axi">   --->   Core 119 'm_axi' <Latency = 3> <II = 1> <Delay = 1.00> <Adapter> <Opcode : 'read' 'write' 'readreq' 'writereq' 'writeresp'>
ST_94 : Operation 1817 [52/68] (3.65ns)   --->   "%gmem2_1_addr_resp = writeresp i1 @_ssdm_op_WriteResp.m_axi.i32P1A, i32 %gmem2_1_addr" [kernel.cpp:23]   --->   Operation 1817 'writeresp' 'gmem2_1_addr_resp' <Predicate = true> <Delay = 3.65> <CoreInst = "m_axi">   --->   Core 119 'm_axi' <Latency = 3> <II = 1> <Delay = 1.00> <Adapter> <Opcode : 'read' 'write' 'readreq' 'writereq' 'writeresp'>
ST_94 : Operation 1818 [52/68] (3.65ns)   --->   "%gmem2_2_addr_resp = writeresp i1 @_ssdm_op_WriteResp.m_axi.i32P1A, i32 %gmem2_2_addr" [kernel.cpp:23]   --->   Operation 1818 'writeresp' 'gmem2_2_addr_resp' <Predicate = true> <Delay = 3.65> <CoreInst = "m_axi">   --->   Core 119 'm_axi' <Latency = 3> <II = 1> <Delay = 1.00> <Adapter> <Opcode : 'read' 'write' 'readreq' 'writereq' 'writeresp'>
ST_94 : Operation 1819 [52/68] (3.65ns)   --->   "%gmem2_3_addr_resp = writeresp i1 @_ssdm_op_WriteResp.m_axi.i32P1A, i32 %gmem2_3_addr" [kernel.cpp:23]   --->   Operation 1819 'writeresp' 'gmem2_3_addr_resp' <Predicate = true> <Delay = 3.65> <CoreInst = "m_axi">   --->   Core 119 'm_axi' <Latency = 3> <II = 1> <Delay = 1.00> <Adapter> <Opcode : 'read' 'write' 'readreq' 'writereq' 'writeresp'>
ST_94 : Operation 1820 [52/68] (3.65ns)   --->   "%gmem2_4_addr_resp = writeresp i1 @_ssdm_op_WriteResp.m_axi.i32P1A, i32 %gmem2_4_addr" [kernel.cpp:23]   --->   Operation 1820 'writeresp' 'gmem2_4_addr_resp' <Predicate = true> <Delay = 3.65> <CoreInst = "m_axi">   --->   Core 119 'm_axi' <Latency = 3> <II = 1> <Delay = 1.00> <Adapter> <Opcode : 'read' 'write' 'readreq' 'writereq' 'writeresp'>
ST_94 : Operation 1821 [52/68] (3.65ns)   --->   "%gmem2_5_addr_resp = writeresp i1 @_ssdm_op_WriteResp.m_axi.i32P1A, i32 %gmem2_5_addr" [kernel.cpp:23]   --->   Operation 1821 'writeresp' 'gmem2_5_addr_resp' <Predicate = true> <Delay = 3.65> <CoreInst = "m_axi">   --->   Core 119 'm_axi' <Latency = 3> <II = 1> <Delay = 1.00> <Adapter> <Opcode : 'read' 'write' 'readreq' 'writereq' 'writeresp'>
ST_94 : Operation 1822 [52/68] (3.65ns)   --->   "%gmem2_6_addr_resp = writeresp i1 @_ssdm_op_WriteResp.m_axi.i32P1A, i32 %gmem2_6_addr" [kernel.cpp:23]   --->   Operation 1822 'writeresp' 'gmem2_6_addr_resp' <Predicate = true> <Delay = 3.65> <CoreInst = "m_axi">   --->   Core 119 'm_axi' <Latency = 3> <II = 1> <Delay = 1.00> <Adapter> <Opcode : 'read' 'write' 'readreq' 'writereq' 'writeresp'>
ST_94 : Operation 1823 [52/68] (3.65ns)   --->   "%gmem2_7_addr_resp = writeresp i1 @_ssdm_op_WriteResp.m_axi.i32P1A, i32 %gmem2_7_addr" [kernel.cpp:23]   --->   Operation 1823 'writeresp' 'gmem2_7_addr_resp' <Predicate = true> <Delay = 3.65> <CoreInst = "m_axi">   --->   Core 119 'm_axi' <Latency = 3> <II = 1> <Delay = 1.00> <Adapter> <Opcode : 'read' 'write' 'readreq' 'writereq' 'writeresp'>

State 95 <SV = 94> <Delay = 3.65>
ST_95 : Operation 1824 [51/68] (3.65ns)   --->   "%gmem2_0_addr_resp = writeresp i1 @_ssdm_op_WriteResp.m_axi.i32P1A, i32 %gmem2_0_addr" [kernel.cpp:23]   --->   Operation 1824 'writeresp' 'gmem2_0_addr_resp' <Predicate = true> <Delay = 3.65> <CoreInst = "m_axi">   --->   Core 119 'm_axi' <Latency = 3> <II = 1> <Delay = 1.00> <Adapter> <Opcode : 'read' 'write' 'readreq' 'writereq' 'writeresp'>
ST_95 : Operation 1825 [51/68] (3.65ns)   --->   "%gmem2_1_addr_resp = writeresp i1 @_ssdm_op_WriteResp.m_axi.i32P1A, i32 %gmem2_1_addr" [kernel.cpp:23]   --->   Operation 1825 'writeresp' 'gmem2_1_addr_resp' <Predicate = true> <Delay = 3.65> <CoreInst = "m_axi">   --->   Core 119 'm_axi' <Latency = 3> <II = 1> <Delay = 1.00> <Adapter> <Opcode : 'read' 'write' 'readreq' 'writereq' 'writeresp'>
ST_95 : Operation 1826 [51/68] (3.65ns)   --->   "%gmem2_2_addr_resp = writeresp i1 @_ssdm_op_WriteResp.m_axi.i32P1A, i32 %gmem2_2_addr" [kernel.cpp:23]   --->   Operation 1826 'writeresp' 'gmem2_2_addr_resp' <Predicate = true> <Delay = 3.65> <CoreInst = "m_axi">   --->   Core 119 'm_axi' <Latency = 3> <II = 1> <Delay = 1.00> <Adapter> <Opcode : 'read' 'write' 'readreq' 'writereq' 'writeresp'>
ST_95 : Operation 1827 [51/68] (3.65ns)   --->   "%gmem2_3_addr_resp = writeresp i1 @_ssdm_op_WriteResp.m_axi.i32P1A, i32 %gmem2_3_addr" [kernel.cpp:23]   --->   Operation 1827 'writeresp' 'gmem2_3_addr_resp' <Predicate = true> <Delay = 3.65> <CoreInst = "m_axi">   --->   Core 119 'm_axi' <Latency = 3> <II = 1> <Delay = 1.00> <Adapter> <Opcode : 'read' 'write' 'readreq' 'writereq' 'writeresp'>
ST_95 : Operation 1828 [51/68] (3.65ns)   --->   "%gmem2_4_addr_resp = writeresp i1 @_ssdm_op_WriteResp.m_axi.i32P1A, i32 %gmem2_4_addr" [kernel.cpp:23]   --->   Operation 1828 'writeresp' 'gmem2_4_addr_resp' <Predicate = true> <Delay = 3.65> <CoreInst = "m_axi">   --->   Core 119 'm_axi' <Latency = 3> <II = 1> <Delay = 1.00> <Adapter> <Opcode : 'read' 'write' 'readreq' 'writereq' 'writeresp'>
ST_95 : Operation 1829 [51/68] (3.65ns)   --->   "%gmem2_5_addr_resp = writeresp i1 @_ssdm_op_WriteResp.m_axi.i32P1A, i32 %gmem2_5_addr" [kernel.cpp:23]   --->   Operation 1829 'writeresp' 'gmem2_5_addr_resp' <Predicate = true> <Delay = 3.65> <CoreInst = "m_axi">   --->   Core 119 'm_axi' <Latency = 3> <II = 1> <Delay = 1.00> <Adapter> <Opcode : 'read' 'write' 'readreq' 'writereq' 'writeresp'>
ST_95 : Operation 1830 [51/68] (3.65ns)   --->   "%gmem2_6_addr_resp = writeresp i1 @_ssdm_op_WriteResp.m_axi.i32P1A, i32 %gmem2_6_addr" [kernel.cpp:23]   --->   Operation 1830 'writeresp' 'gmem2_6_addr_resp' <Predicate = true> <Delay = 3.65> <CoreInst = "m_axi">   --->   Core 119 'm_axi' <Latency = 3> <II = 1> <Delay = 1.00> <Adapter> <Opcode : 'read' 'write' 'readreq' 'writereq' 'writeresp'>
ST_95 : Operation 1831 [51/68] (3.65ns)   --->   "%gmem2_7_addr_resp = writeresp i1 @_ssdm_op_WriteResp.m_axi.i32P1A, i32 %gmem2_7_addr" [kernel.cpp:23]   --->   Operation 1831 'writeresp' 'gmem2_7_addr_resp' <Predicate = true> <Delay = 3.65> <CoreInst = "m_axi">   --->   Core 119 'm_axi' <Latency = 3> <II = 1> <Delay = 1.00> <Adapter> <Opcode : 'read' 'write' 'readreq' 'writereq' 'writeresp'>

State 96 <SV = 95> <Delay = 3.65>
ST_96 : Operation 1832 [50/68] (3.65ns)   --->   "%gmem2_0_addr_resp = writeresp i1 @_ssdm_op_WriteResp.m_axi.i32P1A, i32 %gmem2_0_addr" [kernel.cpp:23]   --->   Operation 1832 'writeresp' 'gmem2_0_addr_resp' <Predicate = true> <Delay = 3.65> <CoreInst = "m_axi">   --->   Core 119 'm_axi' <Latency = 3> <II = 1> <Delay = 1.00> <Adapter> <Opcode : 'read' 'write' 'readreq' 'writereq' 'writeresp'>
ST_96 : Operation 1833 [50/68] (3.65ns)   --->   "%gmem2_1_addr_resp = writeresp i1 @_ssdm_op_WriteResp.m_axi.i32P1A, i32 %gmem2_1_addr" [kernel.cpp:23]   --->   Operation 1833 'writeresp' 'gmem2_1_addr_resp' <Predicate = true> <Delay = 3.65> <CoreInst = "m_axi">   --->   Core 119 'm_axi' <Latency = 3> <II = 1> <Delay = 1.00> <Adapter> <Opcode : 'read' 'write' 'readreq' 'writereq' 'writeresp'>
ST_96 : Operation 1834 [50/68] (3.65ns)   --->   "%gmem2_2_addr_resp = writeresp i1 @_ssdm_op_WriteResp.m_axi.i32P1A, i32 %gmem2_2_addr" [kernel.cpp:23]   --->   Operation 1834 'writeresp' 'gmem2_2_addr_resp' <Predicate = true> <Delay = 3.65> <CoreInst = "m_axi">   --->   Core 119 'm_axi' <Latency = 3> <II = 1> <Delay = 1.00> <Adapter> <Opcode : 'read' 'write' 'readreq' 'writereq' 'writeresp'>
ST_96 : Operation 1835 [50/68] (3.65ns)   --->   "%gmem2_3_addr_resp = writeresp i1 @_ssdm_op_WriteResp.m_axi.i32P1A, i32 %gmem2_3_addr" [kernel.cpp:23]   --->   Operation 1835 'writeresp' 'gmem2_3_addr_resp' <Predicate = true> <Delay = 3.65> <CoreInst = "m_axi">   --->   Core 119 'm_axi' <Latency = 3> <II = 1> <Delay = 1.00> <Adapter> <Opcode : 'read' 'write' 'readreq' 'writereq' 'writeresp'>
ST_96 : Operation 1836 [50/68] (3.65ns)   --->   "%gmem2_4_addr_resp = writeresp i1 @_ssdm_op_WriteResp.m_axi.i32P1A, i32 %gmem2_4_addr" [kernel.cpp:23]   --->   Operation 1836 'writeresp' 'gmem2_4_addr_resp' <Predicate = true> <Delay = 3.65> <CoreInst = "m_axi">   --->   Core 119 'm_axi' <Latency = 3> <II = 1> <Delay = 1.00> <Adapter> <Opcode : 'read' 'write' 'readreq' 'writereq' 'writeresp'>
ST_96 : Operation 1837 [50/68] (3.65ns)   --->   "%gmem2_5_addr_resp = writeresp i1 @_ssdm_op_WriteResp.m_axi.i32P1A, i32 %gmem2_5_addr" [kernel.cpp:23]   --->   Operation 1837 'writeresp' 'gmem2_5_addr_resp' <Predicate = true> <Delay = 3.65> <CoreInst = "m_axi">   --->   Core 119 'm_axi' <Latency = 3> <II = 1> <Delay = 1.00> <Adapter> <Opcode : 'read' 'write' 'readreq' 'writereq' 'writeresp'>
ST_96 : Operation 1838 [50/68] (3.65ns)   --->   "%gmem2_6_addr_resp = writeresp i1 @_ssdm_op_WriteResp.m_axi.i32P1A, i32 %gmem2_6_addr" [kernel.cpp:23]   --->   Operation 1838 'writeresp' 'gmem2_6_addr_resp' <Predicate = true> <Delay = 3.65> <CoreInst = "m_axi">   --->   Core 119 'm_axi' <Latency = 3> <II = 1> <Delay = 1.00> <Adapter> <Opcode : 'read' 'write' 'readreq' 'writereq' 'writeresp'>
ST_96 : Operation 1839 [50/68] (3.65ns)   --->   "%gmem2_7_addr_resp = writeresp i1 @_ssdm_op_WriteResp.m_axi.i32P1A, i32 %gmem2_7_addr" [kernel.cpp:23]   --->   Operation 1839 'writeresp' 'gmem2_7_addr_resp' <Predicate = true> <Delay = 3.65> <CoreInst = "m_axi">   --->   Core 119 'm_axi' <Latency = 3> <II = 1> <Delay = 1.00> <Adapter> <Opcode : 'read' 'write' 'readreq' 'writereq' 'writeresp'>

State 97 <SV = 96> <Delay = 3.65>
ST_97 : Operation 1840 [49/68] (3.65ns)   --->   "%gmem2_0_addr_resp = writeresp i1 @_ssdm_op_WriteResp.m_axi.i32P1A, i32 %gmem2_0_addr" [kernel.cpp:23]   --->   Operation 1840 'writeresp' 'gmem2_0_addr_resp' <Predicate = true> <Delay = 3.65> <CoreInst = "m_axi">   --->   Core 119 'm_axi' <Latency = 3> <II = 1> <Delay = 1.00> <Adapter> <Opcode : 'read' 'write' 'readreq' 'writereq' 'writeresp'>
ST_97 : Operation 1841 [49/68] (3.65ns)   --->   "%gmem2_1_addr_resp = writeresp i1 @_ssdm_op_WriteResp.m_axi.i32P1A, i32 %gmem2_1_addr" [kernel.cpp:23]   --->   Operation 1841 'writeresp' 'gmem2_1_addr_resp' <Predicate = true> <Delay = 3.65> <CoreInst = "m_axi">   --->   Core 119 'm_axi' <Latency = 3> <II = 1> <Delay = 1.00> <Adapter> <Opcode : 'read' 'write' 'readreq' 'writereq' 'writeresp'>
ST_97 : Operation 1842 [49/68] (3.65ns)   --->   "%gmem2_2_addr_resp = writeresp i1 @_ssdm_op_WriteResp.m_axi.i32P1A, i32 %gmem2_2_addr" [kernel.cpp:23]   --->   Operation 1842 'writeresp' 'gmem2_2_addr_resp' <Predicate = true> <Delay = 3.65> <CoreInst = "m_axi">   --->   Core 119 'm_axi' <Latency = 3> <II = 1> <Delay = 1.00> <Adapter> <Opcode : 'read' 'write' 'readreq' 'writereq' 'writeresp'>
ST_97 : Operation 1843 [49/68] (3.65ns)   --->   "%gmem2_3_addr_resp = writeresp i1 @_ssdm_op_WriteResp.m_axi.i32P1A, i32 %gmem2_3_addr" [kernel.cpp:23]   --->   Operation 1843 'writeresp' 'gmem2_3_addr_resp' <Predicate = true> <Delay = 3.65> <CoreInst = "m_axi">   --->   Core 119 'm_axi' <Latency = 3> <II = 1> <Delay = 1.00> <Adapter> <Opcode : 'read' 'write' 'readreq' 'writereq' 'writeresp'>
ST_97 : Operation 1844 [49/68] (3.65ns)   --->   "%gmem2_4_addr_resp = writeresp i1 @_ssdm_op_WriteResp.m_axi.i32P1A, i32 %gmem2_4_addr" [kernel.cpp:23]   --->   Operation 1844 'writeresp' 'gmem2_4_addr_resp' <Predicate = true> <Delay = 3.65> <CoreInst = "m_axi">   --->   Core 119 'm_axi' <Latency = 3> <II = 1> <Delay = 1.00> <Adapter> <Opcode : 'read' 'write' 'readreq' 'writereq' 'writeresp'>
ST_97 : Operation 1845 [49/68] (3.65ns)   --->   "%gmem2_5_addr_resp = writeresp i1 @_ssdm_op_WriteResp.m_axi.i32P1A, i32 %gmem2_5_addr" [kernel.cpp:23]   --->   Operation 1845 'writeresp' 'gmem2_5_addr_resp' <Predicate = true> <Delay = 3.65> <CoreInst = "m_axi">   --->   Core 119 'm_axi' <Latency = 3> <II = 1> <Delay = 1.00> <Adapter> <Opcode : 'read' 'write' 'readreq' 'writereq' 'writeresp'>
ST_97 : Operation 1846 [49/68] (3.65ns)   --->   "%gmem2_6_addr_resp = writeresp i1 @_ssdm_op_WriteResp.m_axi.i32P1A, i32 %gmem2_6_addr" [kernel.cpp:23]   --->   Operation 1846 'writeresp' 'gmem2_6_addr_resp' <Predicate = true> <Delay = 3.65> <CoreInst = "m_axi">   --->   Core 119 'm_axi' <Latency = 3> <II = 1> <Delay = 1.00> <Adapter> <Opcode : 'read' 'write' 'readreq' 'writereq' 'writeresp'>
ST_97 : Operation 1847 [49/68] (3.65ns)   --->   "%gmem2_7_addr_resp = writeresp i1 @_ssdm_op_WriteResp.m_axi.i32P1A, i32 %gmem2_7_addr" [kernel.cpp:23]   --->   Operation 1847 'writeresp' 'gmem2_7_addr_resp' <Predicate = true> <Delay = 3.65> <CoreInst = "m_axi">   --->   Core 119 'm_axi' <Latency = 3> <II = 1> <Delay = 1.00> <Adapter> <Opcode : 'read' 'write' 'readreq' 'writereq' 'writeresp'>

State 98 <SV = 97> <Delay = 3.65>
ST_98 : Operation 1848 [48/68] (3.65ns)   --->   "%gmem2_0_addr_resp = writeresp i1 @_ssdm_op_WriteResp.m_axi.i32P1A, i32 %gmem2_0_addr" [kernel.cpp:23]   --->   Operation 1848 'writeresp' 'gmem2_0_addr_resp' <Predicate = true> <Delay = 3.65> <CoreInst = "m_axi">   --->   Core 119 'm_axi' <Latency = 3> <II = 1> <Delay = 1.00> <Adapter> <Opcode : 'read' 'write' 'readreq' 'writereq' 'writeresp'>
ST_98 : Operation 1849 [48/68] (3.65ns)   --->   "%gmem2_1_addr_resp = writeresp i1 @_ssdm_op_WriteResp.m_axi.i32P1A, i32 %gmem2_1_addr" [kernel.cpp:23]   --->   Operation 1849 'writeresp' 'gmem2_1_addr_resp' <Predicate = true> <Delay = 3.65> <CoreInst = "m_axi">   --->   Core 119 'm_axi' <Latency = 3> <II = 1> <Delay = 1.00> <Adapter> <Opcode : 'read' 'write' 'readreq' 'writereq' 'writeresp'>
ST_98 : Operation 1850 [48/68] (3.65ns)   --->   "%gmem2_2_addr_resp = writeresp i1 @_ssdm_op_WriteResp.m_axi.i32P1A, i32 %gmem2_2_addr" [kernel.cpp:23]   --->   Operation 1850 'writeresp' 'gmem2_2_addr_resp' <Predicate = true> <Delay = 3.65> <CoreInst = "m_axi">   --->   Core 119 'm_axi' <Latency = 3> <II = 1> <Delay = 1.00> <Adapter> <Opcode : 'read' 'write' 'readreq' 'writereq' 'writeresp'>
ST_98 : Operation 1851 [48/68] (3.65ns)   --->   "%gmem2_3_addr_resp = writeresp i1 @_ssdm_op_WriteResp.m_axi.i32P1A, i32 %gmem2_3_addr" [kernel.cpp:23]   --->   Operation 1851 'writeresp' 'gmem2_3_addr_resp' <Predicate = true> <Delay = 3.65> <CoreInst = "m_axi">   --->   Core 119 'm_axi' <Latency = 3> <II = 1> <Delay = 1.00> <Adapter> <Opcode : 'read' 'write' 'readreq' 'writereq' 'writeresp'>
ST_98 : Operation 1852 [48/68] (3.65ns)   --->   "%gmem2_4_addr_resp = writeresp i1 @_ssdm_op_WriteResp.m_axi.i32P1A, i32 %gmem2_4_addr" [kernel.cpp:23]   --->   Operation 1852 'writeresp' 'gmem2_4_addr_resp' <Predicate = true> <Delay = 3.65> <CoreInst = "m_axi">   --->   Core 119 'm_axi' <Latency = 3> <II = 1> <Delay = 1.00> <Adapter> <Opcode : 'read' 'write' 'readreq' 'writereq' 'writeresp'>
ST_98 : Operation 1853 [48/68] (3.65ns)   --->   "%gmem2_5_addr_resp = writeresp i1 @_ssdm_op_WriteResp.m_axi.i32P1A, i32 %gmem2_5_addr" [kernel.cpp:23]   --->   Operation 1853 'writeresp' 'gmem2_5_addr_resp' <Predicate = true> <Delay = 3.65> <CoreInst = "m_axi">   --->   Core 119 'm_axi' <Latency = 3> <II = 1> <Delay = 1.00> <Adapter> <Opcode : 'read' 'write' 'readreq' 'writereq' 'writeresp'>
ST_98 : Operation 1854 [48/68] (3.65ns)   --->   "%gmem2_6_addr_resp = writeresp i1 @_ssdm_op_WriteResp.m_axi.i32P1A, i32 %gmem2_6_addr" [kernel.cpp:23]   --->   Operation 1854 'writeresp' 'gmem2_6_addr_resp' <Predicate = true> <Delay = 3.65> <CoreInst = "m_axi">   --->   Core 119 'm_axi' <Latency = 3> <II = 1> <Delay = 1.00> <Adapter> <Opcode : 'read' 'write' 'readreq' 'writereq' 'writeresp'>
ST_98 : Operation 1855 [48/68] (3.65ns)   --->   "%gmem2_7_addr_resp = writeresp i1 @_ssdm_op_WriteResp.m_axi.i32P1A, i32 %gmem2_7_addr" [kernel.cpp:23]   --->   Operation 1855 'writeresp' 'gmem2_7_addr_resp' <Predicate = true> <Delay = 3.65> <CoreInst = "m_axi">   --->   Core 119 'm_axi' <Latency = 3> <II = 1> <Delay = 1.00> <Adapter> <Opcode : 'read' 'write' 'readreq' 'writereq' 'writeresp'>

State 99 <SV = 98> <Delay = 3.65>
ST_99 : Operation 1856 [47/68] (3.65ns)   --->   "%gmem2_0_addr_resp = writeresp i1 @_ssdm_op_WriteResp.m_axi.i32P1A, i32 %gmem2_0_addr" [kernel.cpp:23]   --->   Operation 1856 'writeresp' 'gmem2_0_addr_resp' <Predicate = true> <Delay = 3.65> <CoreInst = "m_axi">   --->   Core 119 'm_axi' <Latency = 3> <II = 1> <Delay = 1.00> <Adapter> <Opcode : 'read' 'write' 'readreq' 'writereq' 'writeresp'>
ST_99 : Operation 1857 [47/68] (3.65ns)   --->   "%gmem2_1_addr_resp = writeresp i1 @_ssdm_op_WriteResp.m_axi.i32P1A, i32 %gmem2_1_addr" [kernel.cpp:23]   --->   Operation 1857 'writeresp' 'gmem2_1_addr_resp' <Predicate = true> <Delay = 3.65> <CoreInst = "m_axi">   --->   Core 119 'm_axi' <Latency = 3> <II = 1> <Delay = 1.00> <Adapter> <Opcode : 'read' 'write' 'readreq' 'writereq' 'writeresp'>
ST_99 : Operation 1858 [47/68] (3.65ns)   --->   "%gmem2_2_addr_resp = writeresp i1 @_ssdm_op_WriteResp.m_axi.i32P1A, i32 %gmem2_2_addr" [kernel.cpp:23]   --->   Operation 1858 'writeresp' 'gmem2_2_addr_resp' <Predicate = true> <Delay = 3.65> <CoreInst = "m_axi">   --->   Core 119 'm_axi' <Latency = 3> <II = 1> <Delay = 1.00> <Adapter> <Opcode : 'read' 'write' 'readreq' 'writereq' 'writeresp'>
ST_99 : Operation 1859 [47/68] (3.65ns)   --->   "%gmem2_3_addr_resp = writeresp i1 @_ssdm_op_WriteResp.m_axi.i32P1A, i32 %gmem2_3_addr" [kernel.cpp:23]   --->   Operation 1859 'writeresp' 'gmem2_3_addr_resp' <Predicate = true> <Delay = 3.65> <CoreInst = "m_axi">   --->   Core 119 'm_axi' <Latency = 3> <II = 1> <Delay = 1.00> <Adapter> <Opcode : 'read' 'write' 'readreq' 'writereq' 'writeresp'>
ST_99 : Operation 1860 [47/68] (3.65ns)   --->   "%gmem2_4_addr_resp = writeresp i1 @_ssdm_op_WriteResp.m_axi.i32P1A, i32 %gmem2_4_addr" [kernel.cpp:23]   --->   Operation 1860 'writeresp' 'gmem2_4_addr_resp' <Predicate = true> <Delay = 3.65> <CoreInst = "m_axi">   --->   Core 119 'm_axi' <Latency = 3> <II = 1> <Delay = 1.00> <Adapter> <Opcode : 'read' 'write' 'readreq' 'writereq' 'writeresp'>
ST_99 : Operation 1861 [47/68] (3.65ns)   --->   "%gmem2_5_addr_resp = writeresp i1 @_ssdm_op_WriteResp.m_axi.i32P1A, i32 %gmem2_5_addr" [kernel.cpp:23]   --->   Operation 1861 'writeresp' 'gmem2_5_addr_resp' <Predicate = true> <Delay = 3.65> <CoreInst = "m_axi">   --->   Core 119 'm_axi' <Latency = 3> <II = 1> <Delay = 1.00> <Adapter> <Opcode : 'read' 'write' 'readreq' 'writereq' 'writeresp'>
ST_99 : Operation 1862 [47/68] (3.65ns)   --->   "%gmem2_6_addr_resp = writeresp i1 @_ssdm_op_WriteResp.m_axi.i32P1A, i32 %gmem2_6_addr" [kernel.cpp:23]   --->   Operation 1862 'writeresp' 'gmem2_6_addr_resp' <Predicate = true> <Delay = 3.65> <CoreInst = "m_axi">   --->   Core 119 'm_axi' <Latency = 3> <II = 1> <Delay = 1.00> <Adapter> <Opcode : 'read' 'write' 'readreq' 'writereq' 'writeresp'>
ST_99 : Operation 1863 [47/68] (3.65ns)   --->   "%gmem2_7_addr_resp = writeresp i1 @_ssdm_op_WriteResp.m_axi.i32P1A, i32 %gmem2_7_addr" [kernel.cpp:23]   --->   Operation 1863 'writeresp' 'gmem2_7_addr_resp' <Predicate = true> <Delay = 3.65> <CoreInst = "m_axi">   --->   Core 119 'm_axi' <Latency = 3> <II = 1> <Delay = 1.00> <Adapter> <Opcode : 'read' 'write' 'readreq' 'writereq' 'writeresp'>

State 100 <SV = 99> <Delay = 3.65>
ST_100 : Operation 1864 [46/68] (3.65ns)   --->   "%gmem2_0_addr_resp = writeresp i1 @_ssdm_op_WriteResp.m_axi.i32P1A, i32 %gmem2_0_addr" [kernel.cpp:23]   --->   Operation 1864 'writeresp' 'gmem2_0_addr_resp' <Predicate = true> <Delay = 3.65> <CoreInst = "m_axi">   --->   Core 119 'm_axi' <Latency = 3> <II = 1> <Delay = 1.00> <Adapter> <Opcode : 'read' 'write' 'readreq' 'writereq' 'writeresp'>
ST_100 : Operation 1865 [46/68] (3.65ns)   --->   "%gmem2_1_addr_resp = writeresp i1 @_ssdm_op_WriteResp.m_axi.i32P1A, i32 %gmem2_1_addr" [kernel.cpp:23]   --->   Operation 1865 'writeresp' 'gmem2_1_addr_resp' <Predicate = true> <Delay = 3.65> <CoreInst = "m_axi">   --->   Core 119 'm_axi' <Latency = 3> <II = 1> <Delay = 1.00> <Adapter> <Opcode : 'read' 'write' 'readreq' 'writereq' 'writeresp'>
ST_100 : Operation 1866 [46/68] (3.65ns)   --->   "%gmem2_2_addr_resp = writeresp i1 @_ssdm_op_WriteResp.m_axi.i32P1A, i32 %gmem2_2_addr" [kernel.cpp:23]   --->   Operation 1866 'writeresp' 'gmem2_2_addr_resp' <Predicate = true> <Delay = 3.65> <CoreInst = "m_axi">   --->   Core 119 'm_axi' <Latency = 3> <II = 1> <Delay = 1.00> <Adapter> <Opcode : 'read' 'write' 'readreq' 'writereq' 'writeresp'>
ST_100 : Operation 1867 [46/68] (3.65ns)   --->   "%gmem2_3_addr_resp = writeresp i1 @_ssdm_op_WriteResp.m_axi.i32P1A, i32 %gmem2_3_addr" [kernel.cpp:23]   --->   Operation 1867 'writeresp' 'gmem2_3_addr_resp' <Predicate = true> <Delay = 3.65> <CoreInst = "m_axi">   --->   Core 119 'm_axi' <Latency = 3> <II = 1> <Delay = 1.00> <Adapter> <Opcode : 'read' 'write' 'readreq' 'writereq' 'writeresp'>
ST_100 : Operation 1868 [46/68] (3.65ns)   --->   "%gmem2_4_addr_resp = writeresp i1 @_ssdm_op_WriteResp.m_axi.i32P1A, i32 %gmem2_4_addr" [kernel.cpp:23]   --->   Operation 1868 'writeresp' 'gmem2_4_addr_resp' <Predicate = true> <Delay = 3.65> <CoreInst = "m_axi">   --->   Core 119 'm_axi' <Latency = 3> <II = 1> <Delay = 1.00> <Adapter> <Opcode : 'read' 'write' 'readreq' 'writereq' 'writeresp'>
ST_100 : Operation 1869 [46/68] (3.65ns)   --->   "%gmem2_5_addr_resp = writeresp i1 @_ssdm_op_WriteResp.m_axi.i32P1A, i32 %gmem2_5_addr" [kernel.cpp:23]   --->   Operation 1869 'writeresp' 'gmem2_5_addr_resp' <Predicate = true> <Delay = 3.65> <CoreInst = "m_axi">   --->   Core 119 'm_axi' <Latency = 3> <II = 1> <Delay = 1.00> <Adapter> <Opcode : 'read' 'write' 'readreq' 'writereq' 'writeresp'>
ST_100 : Operation 1870 [46/68] (3.65ns)   --->   "%gmem2_6_addr_resp = writeresp i1 @_ssdm_op_WriteResp.m_axi.i32P1A, i32 %gmem2_6_addr" [kernel.cpp:23]   --->   Operation 1870 'writeresp' 'gmem2_6_addr_resp' <Predicate = true> <Delay = 3.65> <CoreInst = "m_axi">   --->   Core 119 'm_axi' <Latency = 3> <II = 1> <Delay = 1.00> <Adapter> <Opcode : 'read' 'write' 'readreq' 'writereq' 'writeresp'>
ST_100 : Operation 1871 [46/68] (3.65ns)   --->   "%gmem2_7_addr_resp = writeresp i1 @_ssdm_op_WriteResp.m_axi.i32P1A, i32 %gmem2_7_addr" [kernel.cpp:23]   --->   Operation 1871 'writeresp' 'gmem2_7_addr_resp' <Predicate = true> <Delay = 3.65> <CoreInst = "m_axi">   --->   Core 119 'm_axi' <Latency = 3> <II = 1> <Delay = 1.00> <Adapter> <Opcode : 'read' 'write' 'readreq' 'writereq' 'writeresp'>

State 101 <SV = 100> <Delay = 3.65>
ST_101 : Operation 1872 [45/68] (3.65ns)   --->   "%gmem2_0_addr_resp = writeresp i1 @_ssdm_op_WriteResp.m_axi.i32P1A, i32 %gmem2_0_addr" [kernel.cpp:23]   --->   Operation 1872 'writeresp' 'gmem2_0_addr_resp' <Predicate = true> <Delay = 3.65> <CoreInst = "m_axi">   --->   Core 119 'm_axi' <Latency = 3> <II = 1> <Delay = 1.00> <Adapter> <Opcode : 'read' 'write' 'readreq' 'writereq' 'writeresp'>
ST_101 : Operation 1873 [45/68] (3.65ns)   --->   "%gmem2_1_addr_resp = writeresp i1 @_ssdm_op_WriteResp.m_axi.i32P1A, i32 %gmem2_1_addr" [kernel.cpp:23]   --->   Operation 1873 'writeresp' 'gmem2_1_addr_resp' <Predicate = true> <Delay = 3.65> <CoreInst = "m_axi">   --->   Core 119 'm_axi' <Latency = 3> <II = 1> <Delay = 1.00> <Adapter> <Opcode : 'read' 'write' 'readreq' 'writereq' 'writeresp'>
ST_101 : Operation 1874 [45/68] (3.65ns)   --->   "%gmem2_2_addr_resp = writeresp i1 @_ssdm_op_WriteResp.m_axi.i32P1A, i32 %gmem2_2_addr" [kernel.cpp:23]   --->   Operation 1874 'writeresp' 'gmem2_2_addr_resp' <Predicate = true> <Delay = 3.65> <CoreInst = "m_axi">   --->   Core 119 'm_axi' <Latency = 3> <II = 1> <Delay = 1.00> <Adapter> <Opcode : 'read' 'write' 'readreq' 'writereq' 'writeresp'>
ST_101 : Operation 1875 [45/68] (3.65ns)   --->   "%gmem2_3_addr_resp = writeresp i1 @_ssdm_op_WriteResp.m_axi.i32P1A, i32 %gmem2_3_addr" [kernel.cpp:23]   --->   Operation 1875 'writeresp' 'gmem2_3_addr_resp' <Predicate = true> <Delay = 3.65> <CoreInst = "m_axi">   --->   Core 119 'm_axi' <Latency = 3> <II = 1> <Delay = 1.00> <Adapter> <Opcode : 'read' 'write' 'readreq' 'writereq' 'writeresp'>
ST_101 : Operation 1876 [45/68] (3.65ns)   --->   "%gmem2_4_addr_resp = writeresp i1 @_ssdm_op_WriteResp.m_axi.i32P1A, i32 %gmem2_4_addr" [kernel.cpp:23]   --->   Operation 1876 'writeresp' 'gmem2_4_addr_resp' <Predicate = true> <Delay = 3.65> <CoreInst = "m_axi">   --->   Core 119 'm_axi' <Latency = 3> <II = 1> <Delay = 1.00> <Adapter> <Opcode : 'read' 'write' 'readreq' 'writereq' 'writeresp'>
ST_101 : Operation 1877 [45/68] (3.65ns)   --->   "%gmem2_5_addr_resp = writeresp i1 @_ssdm_op_WriteResp.m_axi.i32P1A, i32 %gmem2_5_addr" [kernel.cpp:23]   --->   Operation 1877 'writeresp' 'gmem2_5_addr_resp' <Predicate = true> <Delay = 3.65> <CoreInst = "m_axi">   --->   Core 119 'm_axi' <Latency = 3> <II = 1> <Delay = 1.00> <Adapter> <Opcode : 'read' 'write' 'readreq' 'writereq' 'writeresp'>
ST_101 : Operation 1878 [45/68] (3.65ns)   --->   "%gmem2_6_addr_resp = writeresp i1 @_ssdm_op_WriteResp.m_axi.i32P1A, i32 %gmem2_6_addr" [kernel.cpp:23]   --->   Operation 1878 'writeresp' 'gmem2_6_addr_resp' <Predicate = true> <Delay = 3.65> <CoreInst = "m_axi">   --->   Core 119 'm_axi' <Latency = 3> <II = 1> <Delay = 1.00> <Adapter> <Opcode : 'read' 'write' 'readreq' 'writereq' 'writeresp'>
ST_101 : Operation 1879 [45/68] (3.65ns)   --->   "%gmem2_7_addr_resp = writeresp i1 @_ssdm_op_WriteResp.m_axi.i32P1A, i32 %gmem2_7_addr" [kernel.cpp:23]   --->   Operation 1879 'writeresp' 'gmem2_7_addr_resp' <Predicate = true> <Delay = 3.65> <CoreInst = "m_axi">   --->   Core 119 'm_axi' <Latency = 3> <II = 1> <Delay = 1.00> <Adapter> <Opcode : 'read' 'write' 'readreq' 'writereq' 'writeresp'>

State 102 <SV = 101> <Delay = 3.65>
ST_102 : Operation 1880 [44/68] (3.65ns)   --->   "%gmem2_0_addr_resp = writeresp i1 @_ssdm_op_WriteResp.m_axi.i32P1A, i32 %gmem2_0_addr" [kernel.cpp:23]   --->   Operation 1880 'writeresp' 'gmem2_0_addr_resp' <Predicate = true> <Delay = 3.65> <CoreInst = "m_axi">   --->   Core 119 'm_axi' <Latency = 3> <II = 1> <Delay = 1.00> <Adapter> <Opcode : 'read' 'write' 'readreq' 'writereq' 'writeresp'>
ST_102 : Operation 1881 [44/68] (3.65ns)   --->   "%gmem2_1_addr_resp = writeresp i1 @_ssdm_op_WriteResp.m_axi.i32P1A, i32 %gmem2_1_addr" [kernel.cpp:23]   --->   Operation 1881 'writeresp' 'gmem2_1_addr_resp' <Predicate = true> <Delay = 3.65> <CoreInst = "m_axi">   --->   Core 119 'm_axi' <Latency = 3> <II = 1> <Delay = 1.00> <Adapter> <Opcode : 'read' 'write' 'readreq' 'writereq' 'writeresp'>
ST_102 : Operation 1882 [44/68] (3.65ns)   --->   "%gmem2_2_addr_resp = writeresp i1 @_ssdm_op_WriteResp.m_axi.i32P1A, i32 %gmem2_2_addr" [kernel.cpp:23]   --->   Operation 1882 'writeresp' 'gmem2_2_addr_resp' <Predicate = true> <Delay = 3.65> <CoreInst = "m_axi">   --->   Core 119 'm_axi' <Latency = 3> <II = 1> <Delay = 1.00> <Adapter> <Opcode : 'read' 'write' 'readreq' 'writereq' 'writeresp'>
ST_102 : Operation 1883 [44/68] (3.65ns)   --->   "%gmem2_3_addr_resp = writeresp i1 @_ssdm_op_WriteResp.m_axi.i32P1A, i32 %gmem2_3_addr" [kernel.cpp:23]   --->   Operation 1883 'writeresp' 'gmem2_3_addr_resp' <Predicate = true> <Delay = 3.65> <CoreInst = "m_axi">   --->   Core 119 'm_axi' <Latency = 3> <II = 1> <Delay = 1.00> <Adapter> <Opcode : 'read' 'write' 'readreq' 'writereq' 'writeresp'>
ST_102 : Operation 1884 [44/68] (3.65ns)   --->   "%gmem2_4_addr_resp = writeresp i1 @_ssdm_op_WriteResp.m_axi.i32P1A, i32 %gmem2_4_addr" [kernel.cpp:23]   --->   Operation 1884 'writeresp' 'gmem2_4_addr_resp' <Predicate = true> <Delay = 3.65> <CoreInst = "m_axi">   --->   Core 119 'm_axi' <Latency = 3> <II = 1> <Delay = 1.00> <Adapter> <Opcode : 'read' 'write' 'readreq' 'writereq' 'writeresp'>
ST_102 : Operation 1885 [44/68] (3.65ns)   --->   "%gmem2_5_addr_resp = writeresp i1 @_ssdm_op_WriteResp.m_axi.i32P1A, i32 %gmem2_5_addr" [kernel.cpp:23]   --->   Operation 1885 'writeresp' 'gmem2_5_addr_resp' <Predicate = true> <Delay = 3.65> <CoreInst = "m_axi">   --->   Core 119 'm_axi' <Latency = 3> <II = 1> <Delay = 1.00> <Adapter> <Opcode : 'read' 'write' 'readreq' 'writereq' 'writeresp'>
ST_102 : Operation 1886 [44/68] (3.65ns)   --->   "%gmem2_6_addr_resp = writeresp i1 @_ssdm_op_WriteResp.m_axi.i32P1A, i32 %gmem2_6_addr" [kernel.cpp:23]   --->   Operation 1886 'writeresp' 'gmem2_6_addr_resp' <Predicate = true> <Delay = 3.65> <CoreInst = "m_axi">   --->   Core 119 'm_axi' <Latency = 3> <II = 1> <Delay = 1.00> <Adapter> <Opcode : 'read' 'write' 'readreq' 'writereq' 'writeresp'>
ST_102 : Operation 1887 [44/68] (3.65ns)   --->   "%gmem2_7_addr_resp = writeresp i1 @_ssdm_op_WriteResp.m_axi.i32P1A, i32 %gmem2_7_addr" [kernel.cpp:23]   --->   Operation 1887 'writeresp' 'gmem2_7_addr_resp' <Predicate = true> <Delay = 3.65> <CoreInst = "m_axi">   --->   Core 119 'm_axi' <Latency = 3> <II = 1> <Delay = 1.00> <Adapter> <Opcode : 'read' 'write' 'readreq' 'writereq' 'writeresp'>

State 103 <SV = 102> <Delay = 3.65>
ST_103 : Operation 1888 [43/68] (3.65ns)   --->   "%gmem2_0_addr_resp = writeresp i1 @_ssdm_op_WriteResp.m_axi.i32P1A, i32 %gmem2_0_addr" [kernel.cpp:23]   --->   Operation 1888 'writeresp' 'gmem2_0_addr_resp' <Predicate = true> <Delay = 3.65> <CoreInst = "m_axi">   --->   Core 119 'm_axi' <Latency = 3> <II = 1> <Delay = 1.00> <Adapter> <Opcode : 'read' 'write' 'readreq' 'writereq' 'writeresp'>
ST_103 : Operation 1889 [43/68] (3.65ns)   --->   "%gmem2_1_addr_resp = writeresp i1 @_ssdm_op_WriteResp.m_axi.i32P1A, i32 %gmem2_1_addr" [kernel.cpp:23]   --->   Operation 1889 'writeresp' 'gmem2_1_addr_resp' <Predicate = true> <Delay = 3.65> <CoreInst = "m_axi">   --->   Core 119 'm_axi' <Latency = 3> <II = 1> <Delay = 1.00> <Adapter> <Opcode : 'read' 'write' 'readreq' 'writereq' 'writeresp'>
ST_103 : Operation 1890 [43/68] (3.65ns)   --->   "%gmem2_2_addr_resp = writeresp i1 @_ssdm_op_WriteResp.m_axi.i32P1A, i32 %gmem2_2_addr" [kernel.cpp:23]   --->   Operation 1890 'writeresp' 'gmem2_2_addr_resp' <Predicate = true> <Delay = 3.65> <CoreInst = "m_axi">   --->   Core 119 'm_axi' <Latency = 3> <II = 1> <Delay = 1.00> <Adapter> <Opcode : 'read' 'write' 'readreq' 'writereq' 'writeresp'>
ST_103 : Operation 1891 [43/68] (3.65ns)   --->   "%gmem2_3_addr_resp = writeresp i1 @_ssdm_op_WriteResp.m_axi.i32P1A, i32 %gmem2_3_addr" [kernel.cpp:23]   --->   Operation 1891 'writeresp' 'gmem2_3_addr_resp' <Predicate = true> <Delay = 3.65> <CoreInst = "m_axi">   --->   Core 119 'm_axi' <Latency = 3> <II = 1> <Delay = 1.00> <Adapter> <Opcode : 'read' 'write' 'readreq' 'writereq' 'writeresp'>
ST_103 : Operation 1892 [43/68] (3.65ns)   --->   "%gmem2_4_addr_resp = writeresp i1 @_ssdm_op_WriteResp.m_axi.i32P1A, i32 %gmem2_4_addr" [kernel.cpp:23]   --->   Operation 1892 'writeresp' 'gmem2_4_addr_resp' <Predicate = true> <Delay = 3.65> <CoreInst = "m_axi">   --->   Core 119 'm_axi' <Latency = 3> <II = 1> <Delay = 1.00> <Adapter> <Opcode : 'read' 'write' 'readreq' 'writereq' 'writeresp'>
ST_103 : Operation 1893 [43/68] (3.65ns)   --->   "%gmem2_5_addr_resp = writeresp i1 @_ssdm_op_WriteResp.m_axi.i32P1A, i32 %gmem2_5_addr" [kernel.cpp:23]   --->   Operation 1893 'writeresp' 'gmem2_5_addr_resp' <Predicate = true> <Delay = 3.65> <CoreInst = "m_axi">   --->   Core 119 'm_axi' <Latency = 3> <II = 1> <Delay = 1.00> <Adapter> <Opcode : 'read' 'write' 'readreq' 'writereq' 'writeresp'>
ST_103 : Operation 1894 [43/68] (3.65ns)   --->   "%gmem2_6_addr_resp = writeresp i1 @_ssdm_op_WriteResp.m_axi.i32P1A, i32 %gmem2_6_addr" [kernel.cpp:23]   --->   Operation 1894 'writeresp' 'gmem2_6_addr_resp' <Predicate = true> <Delay = 3.65> <CoreInst = "m_axi">   --->   Core 119 'm_axi' <Latency = 3> <II = 1> <Delay = 1.00> <Adapter> <Opcode : 'read' 'write' 'readreq' 'writereq' 'writeresp'>
ST_103 : Operation 1895 [43/68] (3.65ns)   --->   "%gmem2_7_addr_resp = writeresp i1 @_ssdm_op_WriteResp.m_axi.i32P1A, i32 %gmem2_7_addr" [kernel.cpp:23]   --->   Operation 1895 'writeresp' 'gmem2_7_addr_resp' <Predicate = true> <Delay = 3.65> <CoreInst = "m_axi">   --->   Core 119 'm_axi' <Latency = 3> <II = 1> <Delay = 1.00> <Adapter> <Opcode : 'read' 'write' 'readreq' 'writereq' 'writeresp'>

State 104 <SV = 103> <Delay = 3.65>
ST_104 : Operation 1896 [42/68] (3.65ns)   --->   "%gmem2_0_addr_resp = writeresp i1 @_ssdm_op_WriteResp.m_axi.i32P1A, i32 %gmem2_0_addr" [kernel.cpp:23]   --->   Operation 1896 'writeresp' 'gmem2_0_addr_resp' <Predicate = true> <Delay = 3.65> <CoreInst = "m_axi">   --->   Core 119 'm_axi' <Latency = 3> <II = 1> <Delay = 1.00> <Adapter> <Opcode : 'read' 'write' 'readreq' 'writereq' 'writeresp'>
ST_104 : Operation 1897 [42/68] (3.65ns)   --->   "%gmem2_1_addr_resp = writeresp i1 @_ssdm_op_WriteResp.m_axi.i32P1A, i32 %gmem2_1_addr" [kernel.cpp:23]   --->   Operation 1897 'writeresp' 'gmem2_1_addr_resp' <Predicate = true> <Delay = 3.65> <CoreInst = "m_axi">   --->   Core 119 'm_axi' <Latency = 3> <II = 1> <Delay = 1.00> <Adapter> <Opcode : 'read' 'write' 'readreq' 'writereq' 'writeresp'>
ST_104 : Operation 1898 [42/68] (3.65ns)   --->   "%gmem2_2_addr_resp = writeresp i1 @_ssdm_op_WriteResp.m_axi.i32P1A, i32 %gmem2_2_addr" [kernel.cpp:23]   --->   Operation 1898 'writeresp' 'gmem2_2_addr_resp' <Predicate = true> <Delay = 3.65> <CoreInst = "m_axi">   --->   Core 119 'm_axi' <Latency = 3> <II = 1> <Delay = 1.00> <Adapter> <Opcode : 'read' 'write' 'readreq' 'writereq' 'writeresp'>
ST_104 : Operation 1899 [42/68] (3.65ns)   --->   "%gmem2_3_addr_resp = writeresp i1 @_ssdm_op_WriteResp.m_axi.i32P1A, i32 %gmem2_3_addr" [kernel.cpp:23]   --->   Operation 1899 'writeresp' 'gmem2_3_addr_resp' <Predicate = true> <Delay = 3.65> <CoreInst = "m_axi">   --->   Core 119 'm_axi' <Latency = 3> <II = 1> <Delay = 1.00> <Adapter> <Opcode : 'read' 'write' 'readreq' 'writereq' 'writeresp'>
ST_104 : Operation 1900 [42/68] (3.65ns)   --->   "%gmem2_4_addr_resp = writeresp i1 @_ssdm_op_WriteResp.m_axi.i32P1A, i32 %gmem2_4_addr" [kernel.cpp:23]   --->   Operation 1900 'writeresp' 'gmem2_4_addr_resp' <Predicate = true> <Delay = 3.65> <CoreInst = "m_axi">   --->   Core 119 'm_axi' <Latency = 3> <II = 1> <Delay = 1.00> <Adapter> <Opcode : 'read' 'write' 'readreq' 'writereq' 'writeresp'>
ST_104 : Operation 1901 [42/68] (3.65ns)   --->   "%gmem2_5_addr_resp = writeresp i1 @_ssdm_op_WriteResp.m_axi.i32P1A, i32 %gmem2_5_addr" [kernel.cpp:23]   --->   Operation 1901 'writeresp' 'gmem2_5_addr_resp' <Predicate = true> <Delay = 3.65> <CoreInst = "m_axi">   --->   Core 119 'm_axi' <Latency = 3> <II = 1> <Delay = 1.00> <Adapter> <Opcode : 'read' 'write' 'readreq' 'writereq' 'writeresp'>
ST_104 : Operation 1902 [42/68] (3.65ns)   --->   "%gmem2_6_addr_resp = writeresp i1 @_ssdm_op_WriteResp.m_axi.i32P1A, i32 %gmem2_6_addr" [kernel.cpp:23]   --->   Operation 1902 'writeresp' 'gmem2_6_addr_resp' <Predicate = true> <Delay = 3.65> <CoreInst = "m_axi">   --->   Core 119 'm_axi' <Latency = 3> <II = 1> <Delay = 1.00> <Adapter> <Opcode : 'read' 'write' 'readreq' 'writereq' 'writeresp'>
ST_104 : Operation 1903 [42/68] (3.65ns)   --->   "%gmem2_7_addr_resp = writeresp i1 @_ssdm_op_WriteResp.m_axi.i32P1A, i32 %gmem2_7_addr" [kernel.cpp:23]   --->   Operation 1903 'writeresp' 'gmem2_7_addr_resp' <Predicate = true> <Delay = 3.65> <CoreInst = "m_axi">   --->   Core 119 'm_axi' <Latency = 3> <II = 1> <Delay = 1.00> <Adapter> <Opcode : 'read' 'write' 'readreq' 'writereq' 'writeresp'>

State 105 <SV = 104> <Delay = 3.65>
ST_105 : Operation 1904 [41/68] (3.65ns)   --->   "%gmem2_0_addr_resp = writeresp i1 @_ssdm_op_WriteResp.m_axi.i32P1A, i32 %gmem2_0_addr" [kernel.cpp:23]   --->   Operation 1904 'writeresp' 'gmem2_0_addr_resp' <Predicate = true> <Delay = 3.65> <CoreInst = "m_axi">   --->   Core 119 'm_axi' <Latency = 3> <II = 1> <Delay = 1.00> <Adapter> <Opcode : 'read' 'write' 'readreq' 'writereq' 'writeresp'>
ST_105 : Operation 1905 [41/68] (3.65ns)   --->   "%gmem2_1_addr_resp = writeresp i1 @_ssdm_op_WriteResp.m_axi.i32P1A, i32 %gmem2_1_addr" [kernel.cpp:23]   --->   Operation 1905 'writeresp' 'gmem2_1_addr_resp' <Predicate = true> <Delay = 3.65> <CoreInst = "m_axi">   --->   Core 119 'm_axi' <Latency = 3> <II = 1> <Delay = 1.00> <Adapter> <Opcode : 'read' 'write' 'readreq' 'writereq' 'writeresp'>
ST_105 : Operation 1906 [41/68] (3.65ns)   --->   "%gmem2_2_addr_resp = writeresp i1 @_ssdm_op_WriteResp.m_axi.i32P1A, i32 %gmem2_2_addr" [kernel.cpp:23]   --->   Operation 1906 'writeresp' 'gmem2_2_addr_resp' <Predicate = true> <Delay = 3.65> <CoreInst = "m_axi">   --->   Core 119 'm_axi' <Latency = 3> <II = 1> <Delay = 1.00> <Adapter> <Opcode : 'read' 'write' 'readreq' 'writereq' 'writeresp'>
ST_105 : Operation 1907 [41/68] (3.65ns)   --->   "%gmem2_3_addr_resp = writeresp i1 @_ssdm_op_WriteResp.m_axi.i32P1A, i32 %gmem2_3_addr" [kernel.cpp:23]   --->   Operation 1907 'writeresp' 'gmem2_3_addr_resp' <Predicate = true> <Delay = 3.65> <CoreInst = "m_axi">   --->   Core 119 'm_axi' <Latency = 3> <II = 1> <Delay = 1.00> <Adapter> <Opcode : 'read' 'write' 'readreq' 'writereq' 'writeresp'>
ST_105 : Operation 1908 [41/68] (3.65ns)   --->   "%gmem2_4_addr_resp = writeresp i1 @_ssdm_op_WriteResp.m_axi.i32P1A, i32 %gmem2_4_addr" [kernel.cpp:23]   --->   Operation 1908 'writeresp' 'gmem2_4_addr_resp' <Predicate = true> <Delay = 3.65> <CoreInst = "m_axi">   --->   Core 119 'm_axi' <Latency = 3> <II = 1> <Delay = 1.00> <Adapter> <Opcode : 'read' 'write' 'readreq' 'writereq' 'writeresp'>
ST_105 : Operation 1909 [41/68] (3.65ns)   --->   "%gmem2_5_addr_resp = writeresp i1 @_ssdm_op_WriteResp.m_axi.i32P1A, i32 %gmem2_5_addr" [kernel.cpp:23]   --->   Operation 1909 'writeresp' 'gmem2_5_addr_resp' <Predicate = true> <Delay = 3.65> <CoreInst = "m_axi">   --->   Core 119 'm_axi' <Latency = 3> <II = 1> <Delay = 1.00> <Adapter> <Opcode : 'read' 'write' 'readreq' 'writereq' 'writeresp'>
ST_105 : Operation 1910 [41/68] (3.65ns)   --->   "%gmem2_6_addr_resp = writeresp i1 @_ssdm_op_WriteResp.m_axi.i32P1A, i32 %gmem2_6_addr" [kernel.cpp:23]   --->   Operation 1910 'writeresp' 'gmem2_6_addr_resp' <Predicate = true> <Delay = 3.65> <CoreInst = "m_axi">   --->   Core 119 'm_axi' <Latency = 3> <II = 1> <Delay = 1.00> <Adapter> <Opcode : 'read' 'write' 'readreq' 'writereq' 'writeresp'>
ST_105 : Operation 1911 [41/68] (3.65ns)   --->   "%gmem2_7_addr_resp = writeresp i1 @_ssdm_op_WriteResp.m_axi.i32P1A, i32 %gmem2_7_addr" [kernel.cpp:23]   --->   Operation 1911 'writeresp' 'gmem2_7_addr_resp' <Predicate = true> <Delay = 3.65> <CoreInst = "m_axi">   --->   Core 119 'm_axi' <Latency = 3> <II = 1> <Delay = 1.00> <Adapter> <Opcode : 'read' 'write' 'readreq' 'writereq' 'writeresp'>

State 106 <SV = 105> <Delay = 3.65>
ST_106 : Operation 1912 [40/68] (3.65ns)   --->   "%gmem2_0_addr_resp = writeresp i1 @_ssdm_op_WriteResp.m_axi.i32P1A, i32 %gmem2_0_addr" [kernel.cpp:23]   --->   Operation 1912 'writeresp' 'gmem2_0_addr_resp' <Predicate = true> <Delay = 3.65> <CoreInst = "m_axi">   --->   Core 119 'm_axi' <Latency = 3> <II = 1> <Delay = 1.00> <Adapter> <Opcode : 'read' 'write' 'readreq' 'writereq' 'writeresp'>
ST_106 : Operation 1913 [40/68] (3.65ns)   --->   "%gmem2_1_addr_resp = writeresp i1 @_ssdm_op_WriteResp.m_axi.i32P1A, i32 %gmem2_1_addr" [kernel.cpp:23]   --->   Operation 1913 'writeresp' 'gmem2_1_addr_resp' <Predicate = true> <Delay = 3.65> <CoreInst = "m_axi">   --->   Core 119 'm_axi' <Latency = 3> <II = 1> <Delay = 1.00> <Adapter> <Opcode : 'read' 'write' 'readreq' 'writereq' 'writeresp'>
ST_106 : Operation 1914 [40/68] (3.65ns)   --->   "%gmem2_2_addr_resp = writeresp i1 @_ssdm_op_WriteResp.m_axi.i32P1A, i32 %gmem2_2_addr" [kernel.cpp:23]   --->   Operation 1914 'writeresp' 'gmem2_2_addr_resp' <Predicate = true> <Delay = 3.65> <CoreInst = "m_axi">   --->   Core 119 'm_axi' <Latency = 3> <II = 1> <Delay = 1.00> <Adapter> <Opcode : 'read' 'write' 'readreq' 'writereq' 'writeresp'>
ST_106 : Operation 1915 [40/68] (3.65ns)   --->   "%gmem2_3_addr_resp = writeresp i1 @_ssdm_op_WriteResp.m_axi.i32P1A, i32 %gmem2_3_addr" [kernel.cpp:23]   --->   Operation 1915 'writeresp' 'gmem2_3_addr_resp' <Predicate = true> <Delay = 3.65> <CoreInst = "m_axi">   --->   Core 119 'm_axi' <Latency = 3> <II = 1> <Delay = 1.00> <Adapter> <Opcode : 'read' 'write' 'readreq' 'writereq' 'writeresp'>
ST_106 : Operation 1916 [40/68] (3.65ns)   --->   "%gmem2_4_addr_resp = writeresp i1 @_ssdm_op_WriteResp.m_axi.i32P1A, i32 %gmem2_4_addr" [kernel.cpp:23]   --->   Operation 1916 'writeresp' 'gmem2_4_addr_resp' <Predicate = true> <Delay = 3.65> <CoreInst = "m_axi">   --->   Core 119 'm_axi' <Latency = 3> <II = 1> <Delay = 1.00> <Adapter> <Opcode : 'read' 'write' 'readreq' 'writereq' 'writeresp'>
ST_106 : Operation 1917 [40/68] (3.65ns)   --->   "%gmem2_5_addr_resp = writeresp i1 @_ssdm_op_WriteResp.m_axi.i32P1A, i32 %gmem2_5_addr" [kernel.cpp:23]   --->   Operation 1917 'writeresp' 'gmem2_5_addr_resp' <Predicate = true> <Delay = 3.65> <CoreInst = "m_axi">   --->   Core 119 'm_axi' <Latency = 3> <II = 1> <Delay = 1.00> <Adapter> <Opcode : 'read' 'write' 'readreq' 'writereq' 'writeresp'>
ST_106 : Operation 1918 [40/68] (3.65ns)   --->   "%gmem2_6_addr_resp = writeresp i1 @_ssdm_op_WriteResp.m_axi.i32P1A, i32 %gmem2_6_addr" [kernel.cpp:23]   --->   Operation 1918 'writeresp' 'gmem2_6_addr_resp' <Predicate = true> <Delay = 3.65> <CoreInst = "m_axi">   --->   Core 119 'm_axi' <Latency = 3> <II = 1> <Delay = 1.00> <Adapter> <Opcode : 'read' 'write' 'readreq' 'writereq' 'writeresp'>
ST_106 : Operation 1919 [40/68] (3.65ns)   --->   "%gmem2_7_addr_resp = writeresp i1 @_ssdm_op_WriteResp.m_axi.i32P1A, i32 %gmem2_7_addr" [kernel.cpp:23]   --->   Operation 1919 'writeresp' 'gmem2_7_addr_resp' <Predicate = true> <Delay = 3.65> <CoreInst = "m_axi">   --->   Core 119 'm_axi' <Latency = 3> <II = 1> <Delay = 1.00> <Adapter> <Opcode : 'read' 'write' 'readreq' 'writereq' 'writeresp'>

State 107 <SV = 106> <Delay = 3.65>
ST_107 : Operation 1920 [39/68] (3.65ns)   --->   "%gmem2_0_addr_resp = writeresp i1 @_ssdm_op_WriteResp.m_axi.i32P1A, i32 %gmem2_0_addr" [kernel.cpp:23]   --->   Operation 1920 'writeresp' 'gmem2_0_addr_resp' <Predicate = true> <Delay = 3.65> <CoreInst = "m_axi">   --->   Core 119 'm_axi' <Latency = 3> <II = 1> <Delay = 1.00> <Adapter> <Opcode : 'read' 'write' 'readreq' 'writereq' 'writeresp'>
ST_107 : Operation 1921 [39/68] (3.65ns)   --->   "%gmem2_1_addr_resp = writeresp i1 @_ssdm_op_WriteResp.m_axi.i32P1A, i32 %gmem2_1_addr" [kernel.cpp:23]   --->   Operation 1921 'writeresp' 'gmem2_1_addr_resp' <Predicate = true> <Delay = 3.65> <CoreInst = "m_axi">   --->   Core 119 'm_axi' <Latency = 3> <II = 1> <Delay = 1.00> <Adapter> <Opcode : 'read' 'write' 'readreq' 'writereq' 'writeresp'>
ST_107 : Operation 1922 [39/68] (3.65ns)   --->   "%gmem2_2_addr_resp = writeresp i1 @_ssdm_op_WriteResp.m_axi.i32P1A, i32 %gmem2_2_addr" [kernel.cpp:23]   --->   Operation 1922 'writeresp' 'gmem2_2_addr_resp' <Predicate = true> <Delay = 3.65> <CoreInst = "m_axi">   --->   Core 119 'm_axi' <Latency = 3> <II = 1> <Delay = 1.00> <Adapter> <Opcode : 'read' 'write' 'readreq' 'writereq' 'writeresp'>
ST_107 : Operation 1923 [39/68] (3.65ns)   --->   "%gmem2_3_addr_resp = writeresp i1 @_ssdm_op_WriteResp.m_axi.i32P1A, i32 %gmem2_3_addr" [kernel.cpp:23]   --->   Operation 1923 'writeresp' 'gmem2_3_addr_resp' <Predicate = true> <Delay = 3.65> <CoreInst = "m_axi">   --->   Core 119 'm_axi' <Latency = 3> <II = 1> <Delay = 1.00> <Adapter> <Opcode : 'read' 'write' 'readreq' 'writereq' 'writeresp'>
ST_107 : Operation 1924 [39/68] (3.65ns)   --->   "%gmem2_4_addr_resp = writeresp i1 @_ssdm_op_WriteResp.m_axi.i32P1A, i32 %gmem2_4_addr" [kernel.cpp:23]   --->   Operation 1924 'writeresp' 'gmem2_4_addr_resp' <Predicate = true> <Delay = 3.65> <CoreInst = "m_axi">   --->   Core 119 'm_axi' <Latency = 3> <II = 1> <Delay = 1.00> <Adapter> <Opcode : 'read' 'write' 'readreq' 'writereq' 'writeresp'>
ST_107 : Operation 1925 [39/68] (3.65ns)   --->   "%gmem2_5_addr_resp = writeresp i1 @_ssdm_op_WriteResp.m_axi.i32P1A, i32 %gmem2_5_addr" [kernel.cpp:23]   --->   Operation 1925 'writeresp' 'gmem2_5_addr_resp' <Predicate = true> <Delay = 3.65> <CoreInst = "m_axi">   --->   Core 119 'm_axi' <Latency = 3> <II = 1> <Delay = 1.00> <Adapter> <Opcode : 'read' 'write' 'readreq' 'writereq' 'writeresp'>
ST_107 : Operation 1926 [39/68] (3.65ns)   --->   "%gmem2_6_addr_resp = writeresp i1 @_ssdm_op_WriteResp.m_axi.i32P1A, i32 %gmem2_6_addr" [kernel.cpp:23]   --->   Operation 1926 'writeresp' 'gmem2_6_addr_resp' <Predicate = true> <Delay = 3.65> <CoreInst = "m_axi">   --->   Core 119 'm_axi' <Latency = 3> <II = 1> <Delay = 1.00> <Adapter> <Opcode : 'read' 'write' 'readreq' 'writereq' 'writeresp'>
ST_107 : Operation 1927 [39/68] (3.65ns)   --->   "%gmem2_7_addr_resp = writeresp i1 @_ssdm_op_WriteResp.m_axi.i32P1A, i32 %gmem2_7_addr" [kernel.cpp:23]   --->   Operation 1927 'writeresp' 'gmem2_7_addr_resp' <Predicate = true> <Delay = 3.65> <CoreInst = "m_axi">   --->   Core 119 'm_axi' <Latency = 3> <II = 1> <Delay = 1.00> <Adapter> <Opcode : 'read' 'write' 'readreq' 'writereq' 'writeresp'>

State 108 <SV = 107> <Delay = 3.65>
ST_108 : Operation 1928 [38/68] (3.65ns)   --->   "%gmem2_0_addr_resp = writeresp i1 @_ssdm_op_WriteResp.m_axi.i32P1A, i32 %gmem2_0_addr" [kernel.cpp:23]   --->   Operation 1928 'writeresp' 'gmem2_0_addr_resp' <Predicate = true> <Delay = 3.65> <CoreInst = "m_axi">   --->   Core 119 'm_axi' <Latency = 3> <II = 1> <Delay = 1.00> <Adapter> <Opcode : 'read' 'write' 'readreq' 'writereq' 'writeresp'>
ST_108 : Operation 1929 [38/68] (3.65ns)   --->   "%gmem2_1_addr_resp = writeresp i1 @_ssdm_op_WriteResp.m_axi.i32P1A, i32 %gmem2_1_addr" [kernel.cpp:23]   --->   Operation 1929 'writeresp' 'gmem2_1_addr_resp' <Predicate = true> <Delay = 3.65> <CoreInst = "m_axi">   --->   Core 119 'm_axi' <Latency = 3> <II = 1> <Delay = 1.00> <Adapter> <Opcode : 'read' 'write' 'readreq' 'writereq' 'writeresp'>
ST_108 : Operation 1930 [38/68] (3.65ns)   --->   "%gmem2_2_addr_resp = writeresp i1 @_ssdm_op_WriteResp.m_axi.i32P1A, i32 %gmem2_2_addr" [kernel.cpp:23]   --->   Operation 1930 'writeresp' 'gmem2_2_addr_resp' <Predicate = true> <Delay = 3.65> <CoreInst = "m_axi">   --->   Core 119 'm_axi' <Latency = 3> <II = 1> <Delay = 1.00> <Adapter> <Opcode : 'read' 'write' 'readreq' 'writereq' 'writeresp'>
ST_108 : Operation 1931 [38/68] (3.65ns)   --->   "%gmem2_3_addr_resp = writeresp i1 @_ssdm_op_WriteResp.m_axi.i32P1A, i32 %gmem2_3_addr" [kernel.cpp:23]   --->   Operation 1931 'writeresp' 'gmem2_3_addr_resp' <Predicate = true> <Delay = 3.65> <CoreInst = "m_axi">   --->   Core 119 'm_axi' <Latency = 3> <II = 1> <Delay = 1.00> <Adapter> <Opcode : 'read' 'write' 'readreq' 'writereq' 'writeresp'>
ST_108 : Operation 1932 [38/68] (3.65ns)   --->   "%gmem2_4_addr_resp = writeresp i1 @_ssdm_op_WriteResp.m_axi.i32P1A, i32 %gmem2_4_addr" [kernel.cpp:23]   --->   Operation 1932 'writeresp' 'gmem2_4_addr_resp' <Predicate = true> <Delay = 3.65> <CoreInst = "m_axi">   --->   Core 119 'm_axi' <Latency = 3> <II = 1> <Delay = 1.00> <Adapter> <Opcode : 'read' 'write' 'readreq' 'writereq' 'writeresp'>
ST_108 : Operation 1933 [38/68] (3.65ns)   --->   "%gmem2_5_addr_resp = writeresp i1 @_ssdm_op_WriteResp.m_axi.i32P1A, i32 %gmem2_5_addr" [kernel.cpp:23]   --->   Operation 1933 'writeresp' 'gmem2_5_addr_resp' <Predicate = true> <Delay = 3.65> <CoreInst = "m_axi">   --->   Core 119 'm_axi' <Latency = 3> <II = 1> <Delay = 1.00> <Adapter> <Opcode : 'read' 'write' 'readreq' 'writereq' 'writeresp'>
ST_108 : Operation 1934 [38/68] (3.65ns)   --->   "%gmem2_6_addr_resp = writeresp i1 @_ssdm_op_WriteResp.m_axi.i32P1A, i32 %gmem2_6_addr" [kernel.cpp:23]   --->   Operation 1934 'writeresp' 'gmem2_6_addr_resp' <Predicate = true> <Delay = 3.65> <CoreInst = "m_axi">   --->   Core 119 'm_axi' <Latency = 3> <II = 1> <Delay = 1.00> <Adapter> <Opcode : 'read' 'write' 'readreq' 'writereq' 'writeresp'>
ST_108 : Operation 1935 [38/68] (3.65ns)   --->   "%gmem2_7_addr_resp = writeresp i1 @_ssdm_op_WriteResp.m_axi.i32P1A, i32 %gmem2_7_addr" [kernel.cpp:23]   --->   Operation 1935 'writeresp' 'gmem2_7_addr_resp' <Predicate = true> <Delay = 3.65> <CoreInst = "m_axi">   --->   Core 119 'm_axi' <Latency = 3> <II = 1> <Delay = 1.00> <Adapter> <Opcode : 'read' 'write' 'readreq' 'writereq' 'writeresp'>

State 109 <SV = 108> <Delay = 3.65>
ST_109 : Operation 1936 [37/68] (3.65ns)   --->   "%gmem2_0_addr_resp = writeresp i1 @_ssdm_op_WriteResp.m_axi.i32P1A, i32 %gmem2_0_addr" [kernel.cpp:23]   --->   Operation 1936 'writeresp' 'gmem2_0_addr_resp' <Predicate = true> <Delay = 3.65> <CoreInst = "m_axi">   --->   Core 119 'm_axi' <Latency = 3> <II = 1> <Delay = 1.00> <Adapter> <Opcode : 'read' 'write' 'readreq' 'writereq' 'writeresp'>
ST_109 : Operation 1937 [37/68] (3.65ns)   --->   "%gmem2_1_addr_resp = writeresp i1 @_ssdm_op_WriteResp.m_axi.i32P1A, i32 %gmem2_1_addr" [kernel.cpp:23]   --->   Operation 1937 'writeresp' 'gmem2_1_addr_resp' <Predicate = true> <Delay = 3.65> <CoreInst = "m_axi">   --->   Core 119 'm_axi' <Latency = 3> <II = 1> <Delay = 1.00> <Adapter> <Opcode : 'read' 'write' 'readreq' 'writereq' 'writeresp'>
ST_109 : Operation 1938 [37/68] (3.65ns)   --->   "%gmem2_2_addr_resp = writeresp i1 @_ssdm_op_WriteResp.m_axi.i32P1A, i32 %gmem2_2_addr" [kernel.cpp:23]   --->   Operation 1938 'writeresp' 'gmem2_2_addr_resp' <Predicate = true> <Delay = 3.65> <CoreInst = "m_axi">   --->   Core 119 'm_axi' <Latency = 3> <II = 1> <Delay = 1.00> <Adapter> <Opcode : 'read' 'write' 'readreq' 'writereq' 'writeresp'>
ST_109 : Operation 1939 [37/68] (3.65ns)   --->   "%gmem2_3_addr_resp = writeresp i1 @_ssdm_op_WriteResp.m_axi.i32P1A, i32 %gmem2_3_addr" [kernel.cpp:23]   --->   Operation 1939 'writeresp' 'gmem2_3_addr_resp' <Predicate = true> <Delay = 3.65> <CoreInst = "m_axi">   --->   Core 119 'm_axi' <Latency = 3> <II = 1> <Delay = 1.00> <Adapter> <Opcode : 'read' 'write' 'readreq' 'writereq' 'writeresp'>
ST_109 : Operation 1940 [37/68] (3.65ns)   --->   "%gmem2_4_addr_resp = writeresp i1 @_ssdm_op_WriteResp.m_axi.i32P1A, i32 %gmem2_4_addr" [kernel.cpp:23]   --->   Operation 1940 'writeresp' 'gmem2_4_addr_resp' <Predicate = true> <Delay = 3.65> <CoreInst = "m_axi">   --->   Core 119 'm_axi' <Latency = 3> <II = 1> <Delay = 1.00> <Adapter> <Opcode : 'read' 'write' 'readreq' 'writereq' 'writeresp'>
ST_109 : Operation 1941 [37/68] (3.65ns)   --->   "%gmem2_5_addr_resp = writeresp i1 @_ssdm_op_WriteResp.m_axi.i32P1A, i32 %gmem2_5_addr" [kernel.cpp:23]   --->   Operation 1941 'writeresp' 'gmem2_5_addr_resp' <Predicate = true> <Delay = 3.65> <CoreInst = "m_axi">   --->   Core 119 'm_axi' <Latency = 3> <II = 1> <Delay = 1.00> <Adapter> <Opcode : 'read' 'write' 'readreq' 'writereq' 'writeresp'>
ST_109 : Operation 1942 [37/68] (3.65ns)   --->   "%gmem2_6_addr_resp = writeresp i1 @_ssdm_op_WriteResp.m_axi.i32P1A, i32 %gmem2_6_addr" [kernel.cpp:23]   --->   Operation 1942 'writeresp' 'gmem2_6_addr_resp' <Predicate = true> <Delay = 3.65> <CoreInst = "m_axi">   --->   Core 119 'm_axi' <Latency = 3> <II = 1> <Delay = 1.00> <Adapter> <Opcode : 'read' 'write' 'readreq' 'writereq' 'writeresp'>
ST_109 : Operation 1943 [37/68] (3.65ns)   --->   "%gmem2_7_addr_resp = writeresp i1 @_ssdm_op_WriteResp.m_axi.i32P1A, i32 %gmem2_7_addr" [kernel.cpp:23]   --->   Operation 1943 'writeresp' 'gmem2_7_addr_resp' <Predicate = true> <Delay = 3.65> <CoreInst = "m_axi">   --->   Core 119 'm_axi' <Latency = 3> <II = 1> <Delay = 1.00> <Adapter> <Opcode : 'read' 'write' 'readreq' 'writereq' 'writeresp'>

State 110 <SV = 109> <Delay = 3.65>
ST_110 : Operation 1944 [36/68] (3.65ns)   --->   "%gmem2_0_addr_resp = writeresp i1 @_ssdm_op_WriteResp.m_axi.i32P1A, i32 %gmem2_0_addr" [kernel.cpp:23]   --->   Operation 1944 'writeresp' 'gmem2_0_addr_resp' <Predicate = true> <Delay = 3.65> <CoreInst = "m_axi">   --->   Core 119 'm_axi' <Latency = 3> <II = 1> <Delay = 1.00> <Adapter> <Opcode : 'read' 'write' 'readreq' 'writereq' 'writeresp'>
ST_110 : Operation 1945 [36/68] (3.65ns)   --->   "%gmem2_1_addr_resp = writeresp i1 @_ssdm_op_WriteResp.m_axi.i32P1A, i32 %gmem2_1_addr" [kernel.cpp:23]   --->   Operation 1945 'writeresp' 'gmem2_1_addr_resp' <Predicate = true> <Delay = 3.65> <CoreInst = "m_axi">   --->   Core 119 'm_axi' <Latency = 3> <II = 1> <Delay = 1.00> <Adapter> <Opcode : 'read' 'write' 'readreq' 'writereq' 'writeresp'>
ST_110 : Operation 1946 [36/68] (3.65ns)   --->   "%gmem2_2_addr_resp = writeresp i1 @_ssdm_op_WriteResp.m_axi.i32P1A, i32 %gmem2_2_addr" [kernel.cpp:23]   --->   Operation 1946 'writeresp' 'gmem2_2_addr_resp' <Predicate = true> <Delay = 3.65> <CoreInst = "m_axi">   --->   Core 119 'm_axi' <Latency = 3> <II = 1> <Delay = 1.00> <Adapter> <Opcode : 'read' 'write' 'readreq' 'writereq' 'writeresp'>
ST_110 : Operation 1947 [36/68] (3.65ns)   --->   "%gmem2_3_addr_resp = writeresp i1 @_ssdm_op_WriteResp.m_axi.i32P1A, i32 %gmem2_3_addr" [kernel.cpp:23]   --->   Operation 1947 'writeresp' 'gmem2_3_addr_resp' <Predicate = true> <Delay = 3.65> <CoreInst = "m_axi">   --->   Core 119 'm_axi' <Latency = 3> <II = 1> <Delay = 1.00> <Adapter> <Opcode : 'read' 'write' 'readreq' 'writereq' 'writeresp'>
ST_110 : Operation 1948 [36/68] (3.65ns)   --->   "%gmem2_4_addr_resp = writeresp i1 @_ssdm_op_WriteResp.m_axi.i32P1A, i32 %gmem2_4_addr" [kernel.cpp:23]   --->   Operation 1948 'writeresp' 'gmem2_4_addr_resp' <Predicate = true> <Delay = 3.65> <CoreInst = "m_axi">   --->   Core 119 'm_axi' <Latency = 3> <II = 1> <Delay = 1.00> <Adapter> <Opcode : 'read' 'write' 'readreq' 'writereq' 'writeresp'>
ST_110 : Operation 1949 [36/68] (3.65ns)   --->   "%gmem2_5_addr_resp = writeresp i1 @_ssdm_op_WriteResp.m_axi.i32P1A, i32 %gmem2_5_addr" [kernel.cpp:23]   --->   Operation 1949 'writeresp' 'gmem2_5_addr_resp' <Predicate = true> <Delay = 3.65> <CoreInst = "m_axi">   --->   Core 119 'm_axi' <Latency = 3> <II = 1> <Delay = 1.00> <Adapter> <Opcode : 'read' 'write' 'readreq' 'writereq' 'writeresp'>
ST_110 : Operation 1950 [36/68] (3.65ns)   --->   "%gmem2_6_addr_resp = writeresp i1 @_ssdm_op_WriteResp.m_axi.i32P1A, i32 %gmem2_6_addr" [kernel.cpp:23]   --->   Operation 1950 'writeresp' 'gmem2_6_addr_resp' <Predicate = true> <Delay = 3.65> <CoreInst = "m_axi">   --->   Core 119 'm_axi' <Latency = 3> <II = 1> <Delay = 1.00> <Adapter> <Opcode : 'read' 'write' 'readreq' 'writereq' 'writeresp'>
ST_110 : Operation 1951 [36/68] (3.65ns)   --->   "%gmem2_7_addr_resp = writeresp i1 @_ssdm_op_WriteResp.m_axi.i32P1A, i32 %gmem2_7_addr" [kernel.cpp:23]   --->   Operation 1951 'writeresp' 'gmem2_7_addr_resp' <Predicate = true> <Delay = 3.65> <CoreInst = "m_axi">   --->   Core 119 'm_axi' <Latency = 3> <II = 1> <Delay = 1.00> <Adapter> <Opcode : 'read' 'write' 'readreq' 'writereq' 'writeresp'>

State 111 <SV = 110> <Delay = 3.65>
ST_111 : Operation 1952 [35/68] (3.65ns)   --->   "%gmem2_0_addr_resp = writeresp i1 @_ssdm_op_WriteResp.m_axi.i32P1A, i32 %gmem2_0_addr" [kernel.cpp:23]   --->   Operation 1952 'writeresp' 'gmem2_0_addr_resp' <Predicate = true> <Delay = 3.65> <CoreInst = "m_axi">   --->   Core 119 'm_axi' <Latency = 3> <II = 1> <Delay = 1.00> <Adapter> <Opcode : 'read' 'write' 'readreq' 'writereq' 'writeresp'>
ST_111 : Operation 1953 [35/68] (3.65ns)   --->   "%gmem2_1_addr_resp = writeresp i1 @_ssdm_op_WriteResp.m_axi.i32P1A, i32 %gmem2_1_addr" [kernel.cpp:23]   --->   Operation 1953 'writeresp' 'gmem2_1_addr_resp' <Predicate = true> <Delay = 3.65> <CoreInst = "m_axi">   --->   Core 119 'm_axi' <Latency = 3> <II = 1> <Delay = 1.00> <Adapter> <Opcode : 'read' 'write' 'readreq' 'writereq' 'writeresp'>
ST_111 : Operation 1954 [35/68] (3.65ns)   --->   "%gmem2_2_addr_resp = writeresp i1 @_ssdm_op_WriteResp.m_axi.i32P1A, i32 %gmem2_2_addr" [kernel.cpp:23]   --->   Operation 1954 'writeresp' 'gmem2_2_addr_resp' <Predicate = true> <Delay = 3.65> <CoreInst = "m_axi">   --->   Core 119 'm_axi' <Latency = 3> <II = 1> <Delay = 1.00> <Adapter> <Opcode : 'read' 'write' 'readreq' 'writereq' 'writeresp'>
ST_111 : Operation 1955 [35/68] (3.65ns)   --->   "%gmem2_3_addr_resp = writeresp i1 @_ssdm_op_WriteResp.m_axi.i32P1A, i32 %gmem2_3_addr" [kernel.cpp:23]   --->   Operation 1955 'writeresp' 'gmem2_3_addr_resp' <Predicate = true> <Delay = 3.65> <CoreInst = "m_axi">   --->   Core 119 'm_axi' <Latency = 3> <II = 1> <Delay = 1.00> <Adapter> <Opcode : 'read' 'write' 'readreq' 'writereq' 'writeresp'>
ST_111 : Operation 1956 [35/68] (3.65ns)   --->   "%gmem2_4_addr_resp = writeresp i1 @_ssdm_op_WriteResp.m_axi.i32P1A, i32 %gmem2_4_addr" [kernel.cpp:23]   --->   Operation 1956 'writeresp' 'gmem2_4_addr_resp' <Predicate = true> <Delay = 3.65> <CoreInst = "m_axi">   --->   Core 119 'm_axi' <Latency = 3> <II = 1> <Delay = 1.00> <Adapter> <Opcode : 'read' 'write' 'readreq' 'writereq' 'writeresp'>
ST_111 : Operation 1957 [35/68] (3.65ns)   --->   "%gmem2_5_addr_resp = writeresp i1 @_ssdm_op_WriteResp.m_axi.i32P1A, i32 %gmem2_5_addr" [kernel.cpp:23]   --->   Operation 1957 'writeresp' 'gmem2_5_addr_resp' <Predicate = true> <Delay = 3.65> <CoreInst = "m_axi">   --->   Core 119 'm_axi' <Latency = 3> <II = 1> <Delay = 1.00> <Adapter> <Opcode : 'read' 'write' 'readreq' 'writereq' 'writeresp'>
ST_111 : Operation 1958 [35/68] (3.65ns)   --->   "%gmem2_6_addr_resp = writeresp i1 @_ssdm_op_WriteResp.m_axi.i32P1A, i32 %gmem2_6_addr" [kernel.cpp:23]   --->   Operation 1958 'writeresp' 'gmem2_6_addr_resp' <Predicate = true> <Delay = 3.65> <CoreInst = "m_axi">   --->   Core 119 'm_axi' <Latency = 3> <II = 1> <Delay = 1.00> <Adapter> <Opcode : 'read' 'write' 'readreq' 'writereq' 'writeresp'>
ST_111 : Operation 1959 [35/68] (3.65ns)   --->   "%gmem2_7_addr_resp = writeresp i1 @_ssdm_op_WriteResp.m_axi.i32P1A, i32 %gmem2_7_addr" [kernel.cpp:23]   --->   Operation 1959 'writeresp' 'gmem2_7_addr_resp' <Predicate = true> <Delay = 3.65> <CoreInst = "m_axi">   --->   Core 119 'm_axi' <Latency = 3> <II = 1> <Delay = 1.00> <Adapter> <Opcode : 'read' 'write' 'readreq' 'writereq' 'writeresp'>

State 112 <SV = 111> <Delay = 3.65>
ST_112 : Operation 1960 [34/68] (3.65ns)   --->   "%gmem2_0_addr_resp = writeresp i1 @_ssdm_op_WriteResp.m_axi.i32P1A, i32 %gmem2_0_addr" [kernel.cpp:23]   --->   Operation 1960 'writeresp' 'gmem2_0_addr_resp' <Predicate = true> <Delay = 3.65> <CoreInst = "m_axi">   --->   Core 119 'm_axi' <Latency = 3> <II = 1> <Delay = 1.00> <Adapter> <Opcode : 'read' 'write' 'readreq' 'writereq' 'writeresp'>
ST_112 : Operation 1961 [34/68] (3.65ns)   --->   "%gmem2_1_addr_resp = writeresp i1 @_ssdm_op_WriteResp.m_axi.i32P1A, i32 %gmem2_1_addr" [kernel.cpp:23]   --->   Operation 1961 'writeresp' 'gmem2_1_addr_resp' <Predicate = true> <Delay = 3.65> <CoreInst = "m_axi">   --->   Core 119 'm_axi' <Latency = 3> <II = 1> <Delay = 1.00> <Adapter> <Opcode : 'read' 'write' 'readreq' 'writereq' 'writeresp'>
ST_112 : Operation 1962 [34/68] (3.65ns)   --->   "%gmem2_2_addr_resp = writeresp i1 @_ssdm_op_WriteResp.m_axi.i32P1A, i32 %gmem2_2_addr" [kernel.cpp:23]   --->   Operation 1962 'writeresp' 'gmem2_2_addr_resp' <Predicate = true> <Delay = 3.65> <CoreInst = "m_axi">   --->   Core 119 'm_axi' <Latency = 3> <II = 1> <Delay = 1.00> <Adapter> <Opcode : 'read' 'write' 'readreq' 'writereq' 'writeresp'>
ST_112 : Operation 1963 [34/68] (3.65ns)   --->   "%gmem2_3_addr_resp = writeresp i1 @_ssdm_op_WriteResp.m_axi.i32P1A, i32 %gmem2_3_addr" [kernel.cpp:23]   --->   Operation 1963 'writeresp' 'gmem2_3_addr_resp' <Predicate = true> <Delay = 3.65> <CoreInst = "m_axi">   --->   Core 119 'm_axi' <Latency = 3> <II = 1> <Delay = 1.00> <Adapter> <Opcode : 'read' 'write' 'readreq' 'writereq' 'writeresp'>
ST_112 : Operation 1964 [34/68] (3.65ns)   --->   "%gmem2_4_addr_resp = writeresp i1 @_ssdm_op_WriteResp.m_axi.i32P1A, i32 %gmem2_4_addr" [kernel.cpp:23]   --->   Operation 1964 'writeresp' 'gmem2_4_addr_resp' <Predicate = true> <Delay = 3.65> <CoreInst = "m_axi">   --->   Core 119 'm_axi' <Latency = 3> <II = 1> <Delay = 1.00> <Adapter> <Opcode : 'read' 'write' 'readreq' 'writereq' 'writeresp'>
ST_112 : Operation 1965 [34/68] (3.65ns)   --->   "%gmem2_5_addr_resp = writeresp i1 @_ssdm_op_WriteResp.m_axi.i32P1A, i32 %gmem2_5_addr" [kernel.cpp:23]   --->   Operation 1965 'writeresp' 'gmem2_5_addr_resp' <Predicate = true> <Delay = 3.65> <CoreInst = "m_axi">   --->   Core 119 'm_axi' <Latency = 3> <II = 1> <Delay = 1.00> <Adapter> <Opcode : 'read' 'write' 'readreq' 'writereq' 'writeresp'>
ST_112 : Operation 1966 [34/68] (3.65ns)   --->   "%gmem2_6_addr_resp = writeresp i1 @_ssdm_op_WriteResp.m_axi.i32P1A, i32 %gmem2_6_addr" [kernel.cpp:23]   --->   Operation 1966 'writeresp' 'gmem2_6_addr_resp' <Predicate = true> <Delay = 3.65> <CoreInst = "m_axi">   --->   Core 119 'm_axi' <Latency = 3> <II = 1> <Delay = 1.00> <Adapter> <Opcode : 'read' 'write' 'readreq' 'writereq' 'writeresp'>
ST_112 : Operation 1967 [34/68] (3.65ns)   --->   "%gmem2_7_addr_resp = writeresp i1 @_ssdm_op_WriteResp.m_axi.i32P1A, i32 %gmem2_7_addr" [kernel.cpp:23]   --->   Operation 1967 'writeresp' 'gmem2_7_addr_resp' <Predicate = true> <Delay = 3.65> <CoreInst = "m_axi">   --->   Core 119 'm_axi' <Latency = 3> <II = 1> <Delay = 1.00> <Adapter> <Opcode : 'read' 'write' 'readreq' 'writereq' 'writeresp'>

State 113 <SV = 112> <Delay = 3.65>
ST_113 : Operation 1968 [33/68] (3.65ns)   --->   "%gmem2_0_addr_resp = writeresp i1 @_ssdm_op_WriteResp.m_axi.i32P1A, i32 %gmem2_0_addr" [kernel.cpp:23]   --->   Operation 1968 'writeresp' 'gmem2_0_addr_resp' <Predicate = true> <Delay = 3.65> <CoreInst = "m_axi">   --->   Core 119 'm_axi' <Latency = 3> <II = 1> <Delay = 1.00> <Adapter> <Opcode : 'read' 'write' 'readreq' 'writereq' 'writeresp'>
ST_113 : Operation 1969 [33/68] (3.65ns)   --->   "%gmem2_1_addr_resp = writeresp i1 @_ssdm_op_WriteResp.m_axi.i32P1A, i32 %gmem2_1_addr" [kernel.cpp:23]   --->   Operation 1969 'writeresp' 'gmem2_1_addr_resp' <Predicate = true> <Delay = 3.65> <CoreInst = "m_axi">   --->   Core 119 'm_axi' <Latency = 3> <II = 1> <Delay = 1.00> <Adapter> <Opcode : 'read' 'write' 'readreq' 'writereq' 'writeresp'>
ST_113 : Operation 1970 [33/68] (3.65ns)   --->   "%gmem2_2_addr_resp = writeresp i1 @_ssdm_op_WriteResp.m_axi.i32P1A, i32 %gmem2_2_addr" [kernel.cpp:23]   --->   Operation 1970 'writeresp' 'gmem2_2_addr_resp' <Predicate = true> <Delay = 3.65> <CoreInst = "m_axi">   --->   Core 119 'm_axi' <Latency = 3> <II = 1> <Delay = 1.00> <Adapter> <Opcode : 'read' 'write' 'readreq' 'writereq' 'writeresp'>
ST_113 : Operation 1971 [33/68] (3.65ns)   --->   "%gmem2_3_addr_resp = writeresp i1 @_ssdm_op_WriteResp.m_axi.i32P1A, i32 %gmem2_3_addr" [kernel.cpp:23]   --->   Operation 1971 'writeresp' 'gmem2_3_addr_resp' <Predicate = true> <Delay = 3.65> <CoreInst = "m_axi">   --->   Core 119 'm_axi' <Latency = 3> <II = 1> <Delay = 1.00> <Adapter> <Opcode : 'read' 'write' 'readreq' 'writereq' 'writeresp'>
ST_113 : Operation 1972 [33/68] (3.65ns)   --->   "%gmem2_4_addr_resp = writeresp i1 @_ssdm_op_WriteResp.m_axi.i32P1A, i32 %gmem2_4_addr" [kernel.cpp:23]   --->   Operation 1972 'writeresp' 'gmem2_4_addr_resp' <Predicate = true> <Delay = 3.65> <CoreInst = "m_axi">   --->   Core 119 'm_axi' <Latency = 3> <II = 1> <Delay = 1.00> <Adapter> <Opcode : 'read' 'write' 'readreq' 'writereq' 'writeresp'>
ST_113 : Operation 1973 [33/68] (3.65ns)   --->   "%gmem2_5_addr_resp = writeresp i1 @_ssdm_op_WriteResp.m_axi.i32P1A, i32 %gmem2_5_addr" [kernel.cpp:23]   --->   Operation 1973 'writeresp' 'gmem2_5_addr_resp' <Predicate = true> <Delay = 3.65> <CoreInst = "m_axi">   --->   Core 119 'm_axi' <Latency = 3> <II = 1> <Delay = 1.00> <Adapter> <Opcode : 'read' 'write' 'readreq' 'writereq' 'writeresp'>
ST_113 : Operation 1974 [33/68] (3.65ns)   --->   "%gmem2_6_addr_resp = writeresp i1 @_ssdm_op_WriteResp.m_axi.i32P1A, i32 %gmem2_6_addr" [kernel.cpp:23]   --->   Operation 1974 'writeresp' 'gmem2_6_addr_resp' <Predicate = true> <Delay = 3.65> <CoreInst = "m_axi">   --->   Core 119 'm_axi' <Latency = 3> <II = 1> <Delay = 1.00> <Adapter> <Opcode : 'read' 'write' 'readreq' 'writereq' 'writeresp'>
ST_113 : Operation 1975 [33/68] (3.65ns)   --->   "%gmem2_7_addr_resp = writeresp i1 @_ssdm_op_WriteResp.m_axi.i32P1A, i32 %gmem2_7_addr" [kernel.cpp:23]   --->   Operation 1975 'writeresp' 'gmem2_7_addr_resp' <Predicate = true> <Delay = 3.65> <CoreInst = "m_axi">   --->   Core 119 'm_axi' <Latency = 3> <II = 1> <Delay = 1.00> <Adapter> <Opcode : 'read' 'write' 'readreq' 'writereq' 'writeresp'>

State 114 <SV = 113> <Delay = 3.65>
ST_114 : Operation 1976 [32/68] (3.65ns)   --->   "%gmem2_0_addr_resp = writeresp i1 @_ssdm_op_WriteResp.m_axi.i32P1A, i32 %gmem2_0_addr" [kernel.cpp:23]   --->   Operation 1976 'writeresp' 'gmem2_0_addr_resp' <Predicate = true> <Delay = 3.65> <CoreInst = "m_axi">   --->   Core 119 'm_axi' <Latency = 3> <II = 1> <Delay = 1.00> <Adapter> <Opcode : 'read' 'write' 'readreq' 'writereq' 'writeresp'>
ST_114 : Operation 1977 [32/68] (3.65ns)   --->   "%gmem2_1_addr_resp = writeresp i1 @_ssdm_op_WriteResp.m_axi.i32P1A, i32 %gmem2_1_addr" [kernel.cpp:23]   --->   Operation 1977 'writeresp' 'gmem2_1_addr_resp' <Predicate = true> <Delay = 3.65> <CoreInst = "m_axi">   --->   Core 119 'm_axi' <Latency = 3> <II = 1> <Delay = 1.00> <Adapter> <Opcode : 'read' 'write' 'readreq' 'writereq' 'writeresp'>
ST_114 : Operation 1978 [32/68] (3.65ns)   --->   "%gmem2_2_addr_resp = writeresp i1 @_ssdm_op_WriteResp.m_axi.i32P1A, i32 %gmem2_2_addr" [kernel.cpp:23]   --->   Operation 1978 'writeresp' 'gmem2_2_addr_resp' <Predicate = true> <Delay = 3.65> <CoreInst = "m_axi">   --->   Core 119 'm_axi' <Latency = 3> <II = 1> <Delay = 1.00> <Adapter> <Opcode : 'read' 'write' 'readreq' 'writereq' 'writeresp'>
ST_114 : Operation 1979 [32/68] (3.65ns)   --->   "%gmem2_3_addr_resp = writeresp i1 @_ssdm_op_WriteResp.m_axi.i32P1A, i32 %gmem2_3_addr" [kernel.cpp:23]   --->   Operation 1979 'writeresp' 'gmem2_3_addr_resp' <Predicate = true> <Delay = 3.65> <CoreInst = "m_axi">   --->   Core 119 'm_axi' <Latency = 3> <II = 1> <Delay = 1.00> <Adapter> <Opcode : 'read' 'write' 'readreq' 'writereq' 'writeresp'>
ST_114 : Operation 1980 [32/68] (3.65ns)   --->   "%gmem2_4_addr_resp = writeresp i1 @_ssdm_op_WriteResp.m_axi.i32P1A, i32 %gmem2_4_addr" [kernel.cpp:23]   --->   Operation 1980 'writeresp' 'gmem2_4_addr_resp' <Predicate = true> <Delay = 3.65> <CoreInst = "m_axi">   --->   Core 119 'm_axi' <Latency = 3> <II = 1> <Delay = 1.00> <Adapter> <Opcode : 'read' 'write' 'readreq' 'writereq' 'writeresp'>
ST_114 : Operation 1981 [32/68] (3.65ns)   --->   "%gmem2_5_addr_resp = writeresp i1 @_ssdm_op_WriteResp.m_axi.i32P1A, i32 %gmem2_5_addr" [kernel.cpp:23]   --->   Operation 1981 'writeresp' 'gmem2_5_addr_resp' <Predicate = true> <Delay = 3.65> <CoreInst = "m_axi">   --->   Core 119 'm_axi' <Latency = 3> <II = 1> <Delay = 1.00> <Adapter> <Opcode : 'read' 'write' 'readreq' 'writereq' 'writeresp'>
ST_114 : Operation 1982 [32/68] (3.65ns)   --->   "%gmem2_6_addr_resp = writeresp i1 @_ssdm_op_WriteResp.m_axi.i32P1A, i32 %gmem2_6_addr" [kernel.cpp:23]   --->   Operation 1982 'writeresp' 'gmem2_6_addr_resp' <Predicate = true> <Delay = 3.65> <CoreInst = "m_axi">   --->   Core 119 'm_axi' <Latency = 3> <II = 1> <Delay = 1.00> <Adapter> <Opcode : 'read' 'write' 'readreq' 'writereq' 'writeresp'>
ST_114 : Operation 1983 [32/68] (3.65ns)   --->   "%gmem2_7_addr_resp = writeresp i1 @_ssdm_op_WriteResp.m_axi.i32P1A, i32 %gmem2_7_addr" [kernel.cpp:23]   --->   Operation 1983 'writeresp' 'gmem2_7_addr_resp' <Predicate = true> <Delay = 3.65> <CoreInst = "m_axi">   --->   Core 119 'm_axi' <Latency = 3> <II = 1> <Delay = 1.00> <Adapter> <Opcode : 'read' 'write' 'readreq' 'writereq' 'writeresp'>

State 115 <SV = 114> <Delay = 3.65>
ST_115 : Operation 1984 [31/68] (3.65ns)   --->   "%gmem2_0_addr_resp = writeresp i1 @_ssdm_op_WriteResp.m_axi.i32P1A, i32 %gmem2_0_addr" [kernel.cpp:23]   --->   Operation 1984 'writeresp' 'gmem2_0_addr_resp' <Predicate = true> <Delay = 3.65> <CoreInst = "m_axi">   --->   Core 119 'm_axi' <Latency = 3> <II = 1> <Delay = 1.00> <Adapter> <Opcode : 'read' 'write' 'readreq' 'writereq' 'writeresp'>
ST_115 : Operation 1985 [31/68] (3.65ns)   --->   "%gmem2_1_addr_resp = writeresp i1 @_ssdm_op_WriteResp.m_axi.i32P1A, i32 %gmem2_1_addr" [kernel.cpp:23]   --->   Operation 1985 'writeresp' 'gmem2_1_addr_resp' <Predicate = true> <Delay = 3.65> <CoreInst = "m_axi">   --->   Core 119 'm_axi' <Latency = 3> <II = 1> <Delay = 1.00> <Adapter> <Opcode : 'read' 'write' 'readreq' 'writereq' 'writeresp'>
ST_115 : Operation 1986 [31/68] (3.65ns)   --->   "%gmem2_2_addr_resp = writeresp i1 @_ssdm_op_WriteResp.m_axi.i32P1A, i32 %gmem2_2_addr" [kernel.cpp:23]   --->   Operation 1986 'writeresp' 'gmem2_2_addr_resp' <Predicate = true> <Delay = 3.65> <CoreInst = "m_axi">   --->   Core 119 'm_axi' <Latency = 3> <II = 1> <Delay = 1.00> <Adapter> <Opcode : 'read' 'write' 'readreq' 'writereq' 'writeresp'>
ST_115 : Operation 1987 [31/68] (3.65ns)   --->   "%gmem2_3_addr_resp = writeresp i1 @_ssdm_op_WriteResp.m_axi.i32P1A, i32 %gmem2_3_addr" [kernel.cpp:23]   --->   Operation 1987 'writeresp' 'gmem2_3_addr_resp' <Predicate = true> <Delay = 3.65> <CoreInst = "m_axi">   --->   Core 119 'm_axi' <Latency = 3> <II = 1> <Delay = 1.00> <Adapter> <Opcode : 'read' 'write' 'readreq' 'writereq' 'writeresp'>
ST_115 : Operation 1988 [31/68] (3.65ns)   --->   "%gmem2_4_addr_resp = writeresp i1 @_ssdm_op_WriteResp.m_axi.i32P1A, i32 %gmem2_4_addr" [kernel.cpp:23]   --->   Operation 1988 'writeresp' 'gmem2_4_addr_resp' <Predicate = true> <Delay = 3.65> <CoreInst = "m_axi">   --->   Core 119 'm_axi' <Latency = 3> <II = 1> <Delay = 1.00> <Adapter> <Opcode : 'read' 'write' 'readreq' 'writereq' 'writeresp'>
ST_115 : Operation 1989 [31/68] (3.65ns)   --->   "%gmem2_5_addr_resp = writeresp i1 @_ssdm_op_WriteResp.m_axi.i32P1A, i32 %gmem2_5_addr" [kernel.cpp:23]   --->   Operation 1989 'writeresp' 'gmem2_5_addr_resp' <Predicate = true> <Delay = 3.65> <CoreInst = "m_axi">   --->   Core 119 'm_axi' <Latency = 3> <II = 1> <Delay = 1.00> <Adapter> <Opcode : 'read' 'write' 'readreq' 'writereq' 'writeresp'>
ST_115 : Operation 1990 [31/68] (3.65ns)   --->   "%gmem2_6_addr_resp = writeresp i1 @_ssdm_op_WriteResp.m_axi.i32P1A, i32 %gmem2_6_addr" [kernel.cpp:23]   --->   Operation 1990 'writeresp' 'gmem2_6_addr_resp' <Predicate = true> <Delay = 3.65> <CoreInst = "m_axi">   --->   Core 119 'm_axi' <Latency = 3> <II = 1> <Delay = 1.00> <Adapter> <Opcode : 'read' 'write' 'readreq' 'writereq' 'writeresp'>
ST_115 : Operation 1991 [31/68] (3.65ns)   --->   "%gmem2_7_addr_resp = writeresp i1 @_ssdm_op_WriteResp.m_axi.i32P1A, i32 %gmem2_7_addr" [kernel.cpp:23]   --->   Operation 1991 'writeresp' 'gmem2_7_addr_resp' <Predicate = true> <Delay = 3.65> <CoreInst = "m_axi">   --->   Core 119 'm_axi' <Latency = 3> <II = 1> <Delay = 1.00> <Adapter> <Opcode : 'read' 'write' 'readreq' 'writereq' 'writeresp'>

State 116 <SV = 115> <Delay = 3.65>
ST_116 : Operation 1992 [30/68] (3.65ns)   --->   "%gmem2_0_addr_resp = writeresp i1 @_ssdm_op_WriteResp.m_axi.i32P1A, i32 %gmem2_0_addr" [kernel.cpp:23]   --->   Operation 1992 'writeresp' 'gmem2_0_addr_resp' <Predicate = true> <Delay = 3.65> <CoreInst = "m_axi">   --->   Core 119 'm_axi' <Latency = 3> <II = 1> <Delay = 1.00> <Adapter> <Opcode : 'read' 'write' 'readreq' 'writereq' 'writeresp'>
ST_116 : Operation 1993 [30/68] (3.65ns)   --->   "%gmem2_1_addr_resp = writeresp i1 @_ssdm_op_WriteResp.m_axi.i32P1A, i32 %gmem2_1_addr" [kernel.cpp:23]   --->   Operation 1993 'writeresp' 'gmem2_1_addr_resp' <Predicate = true> <Delay = 3.65> <CoreInst = "m_axi">   --->   Core 119 'm_axi' <Latency = 3> <II = 1> <Delay = 1.00> <Adapter> <Opcode : 'read' 'write' 'readreq' 'writereq' 'writeresp'>
ST_116 : Operation 1994 [30/68] (3.65ns)   --->   "%gmem2_2_addr_resp = writeresp i1 @_ssdm_op_WriteResp.m_axi.i32P1A, i32 %gmem2_2_addr" [kernel.cpp:23]   --->   Operation 1994 'writeresp' 'gmem2_2_addr_resp' <Predicate = true> <Delay = 3.65> <CoreInst = "m_axi">   --->   Core 119 'm_axi' <Latency = 3> <II = 1> <Delay = 1.00> <Adapter> <Opcode : 'read' 'write' 'readreq' 'writereq' 'writeresp'>
ST_116 : Operation 1995 [30/68] (3.65ns)   --->   "%gmem2_3_addr_resp = writeresp i1 @_ssdm_op_WriteResp.m_axi.i32P1A, i32 %gmem2_3_addr" [kernel.cpp:23]   --->   Operation 1995 'writeresp' 'gmem2_3_addr_resp' <Predicate = true> <Delay = 3.65> <CoreInst = "m_axi">   --->   Core 119 'm_axi' <Latency = 3> <II = 1> <Delay = 1.00> <Adapter> <Opcode : 'read' 'write' 'readreq' 'writereq' 'writeresp'>
ST_116 : Operation 1996 [30/68] (3.65ns)   --->   "%gmem2_4_addr_resp = writeresp i1 @_ssdm_op_WriteResp.m_axi.i32P1A, i32 %gmem2_4_addr" [kernel.cpp:23]   --->   Operation 1996 'writeresp' 'gmem2_4_addr_resp' <Predicate = true> <Delay = 3.65> <CoreInst = "m_axi">   --->   Core 119 'm_axi' <Latency = 3> <II = 1> <Delay = 1.00> <Adapter> <Opcode : 'read' 'write' 'readreq' 'writereq' 'writeresp'>
ST_116 : Operation 1997 [30/68] (3.65ns)   --->   "%gmem2_5_addr_resp = writeresp i1 @_ssdm_op_WriteResp.m_axi.i32P1A, i32 %gmem2_5_addr" [kernel.cpp:23]   --->   Operation 1997 'writeresp' 'gmem2_5_addr_resp' <Predicate = true> <Delay = 3.65> <CoreInst = "m_axi">   --->   Core 119 'm_axi' <Latency = 3> <II = 1> <Delay = 1.00> <Adapter> <Opcode : 'read' 'write' 'readreq' 'writereq' 'writeresp'>
ST_116 : Operation 1998 [30/68] (3.65ns)   --->   "%gmem2_6_addr_resp = writeresp i1 @_ssdm_op_WriteResp.m_axi.i32P1A, i32 %gmem2_6_addr" [kernel.cpp:23]   --->   Operation 1998 'writeresp' 'gmem2_6_addr_resp' <Predicate = true> <Delay = 3.65> <CoreInst = "m_axi">   --->   Core 119 'm_axi' <Latency = 3> <II = 1> <Delay = 1.00> <Adapter> <Opcode : 'read' 'write' 'readreq' 'writereq' 'writeresp'>
ST_116 : Operation 1999 [30/68] (3.65ns)   --->   "%gmem2_7_addr_resp = writeresp i1 @_ssdm_op_WriteResp.m_axi.i32P1A, i32 %gmem2_7_addr" [kernel.cpp:23]   --->   Operation 1999 'writeresp' 'gmem2_7_addr_resp' <Predicate = true> <Delay = 3.65> <CoreInst = "m_axi">   --->   Core 119 'm_axi' <Latency = 3> <II = 1> <Delay = 1.00> <Adapter> <Opcode : 'read' 'write' 'readreq' 'writereq' 'writeresp'>

State 117 <SV = 116> <Delay = 3.65>
ST_117 : Operation 2000 [29/68] (3.65ns)   --->   "%gmem2_0_addr_resp = writeresp i1 @_ssdm_op_WriteResp.m_axi.i32P1A, i32 %gmem2_0_addr" [kernel.cpp:23]   --->   Operation 2000 'writeresp' 'gmem2_0_addr_resp' <Predicate = true> <Delay = 3.65> <CoreInst = "m_axi">   --->   Core 119 'm_axi' <Latency = 3> <II = 1> <Delay = 1.00> <Adapter> <Opcode : 'read' 'write' 'readreq' 'writereq' 'writeresp'>
ST_117 : Operation 2001 [29/68] (3.65ns)   --->   "%gmem2_1_addr_resp = writeresp i1 @_ssdm_op_WriteResp.m_axi.i32P1A, i32 %gmem2_1_addr" [kernel.cpp:23]   --->   Operation 2001 'writeresp' 'gmem2_1_addr_resp' <Predicate = true> <Delay = 3.65> <CoreInst = "m_axi">   --->   Core 119 'm_axi' <Latency = 3> <II = 1> <Delay = 1.00> <Adapter> <Opcode : 'read' 'write' 'readreq' 'writereq' 'writeresp'>
ST_117 : Operation 2002 [29/68] (3.65ns)   --->   "%gmem2_2_addr_resp = writeresp i1 @_ssdm_op_WriteResp.m_axi.i32P1A, i32 %gmem2_2_addr" [kernel.cpp:23]   --->   Operation 2002 'writeresp' 'gmem2_2_addr_resp' <Predicate = true> <Delay = 3.65> <CoreInst = "m_axi">   --->   Core 119 'm_axi' <Latency = 3> <II = 1> <Delay = 1.00> <Adapter> <Opcode : 'read' 'write' 'readreq' 'writereq' 'writeresp'>
ST_117 : Operation 2003 [29/68] (3.65ns)   --->   "%gmem2_3_addr_resp = writeresp i1 @_ssdm_op_WriteResp.m_axi.i32P1A, i32 %gmem2_3_addr" [kernel.cpp:23]   --->   Operation 2003 'writeresp' 'gmem2_3_addr_resp' <Predicate = true> <Delay = 3.65> <CoreInst = "m_axi">   --->   Core 119 'm_axi' <Latency = 3> <II = 1> <Delay = 1.00> <Adapter> <Opcode : 'read' 'write' 'readreq' 'writereq' 'writeresp'>
ST_117 : Operation 2004 [29/68] (3.65ns)   --->   "%gmem2_4_addr_resp = writeresp i1 @_ssdm_op_WriteResp.m_axi.i32P1A, i32 %gmem2_4_addr" [kernel.cpp:23]   --->   Operation 2004 'writeresp' 'gmem2_4_addr_resp' <Predicate = true> <Delay = 3.65> <CoreInst = "m_axi">   --->   Core 119 'm_axi' <Latency = 3> <II = 1> <Delay = 1.00> <Adapter> <Opcode : 'read' 'write' 'readreq' 'writereq' 'writeresp'>
ST_117 : Operation 2005 [29/68] (3.65ns)   --->   "%gmem2_5_addr_resp = writeresp i1 @_ssdm_op_WriteResp.m_axi.i32P1A, i32 %gmem2_5_addr" [kernel.cpp:23]   --->   Operation 2005 'writeresp' 'gmem2_5_addr_resp' <Predicate = true> <Delay = 3.65> <CoreInst = "m_axi">   --->   Core 119 'm_axi' <Latency = 3> <II = 1> <Delay = 1.00> <Adapter> <Opcode : 'read' 'write' 'readreq' 'writereq' 'writeresp'>
ST_117 : Operation 2006 [29/68] (3.65ns)   --->   "%gmem2_6_addr_resp = writeresp i1 @_ssdm_op_WriteResp.m_axi.i32P1A, i32 %gmem2_6_addr" [kernel.cpp:23]   --->   Operation 2006 'writeresp' 'gmem2_6_addr_resp' <Predicate = true> <Delay = 3.65> <CoreInst = "m_axi">   --->   Core 119 'm_axi' <Latency = 3> <II = 1> <Delay = 1.00> <Adapter> <Opcode : 'read' 'write' 'readreq' 'writereq' 'writeresp'>
ST_117 : Operation 2007 [29/68] (3.65ns)   --->   "%gmem2_7_addr_resp = writeresp i1 @_ssdm_op_WriteResp.m_axi.i32P1A, i32 %gmem2_7_addr" [kernel.cpp:23]   --->   Operation 2007 'writeresp' 'gmem2_7_addr_resp' <Predicate = true> <Delay = 3.65> <CoreInst = "m_axi">   --->   Core 119 'm_axi' <Latency = 3> <II = 1> <Delay = 1.00> <Adapter> <Opcode : 'read' 'write' 'readreq' 'writereq' 'writeresp'>

State 118 <SV = 117> <Delay = 3.65>
ST_118 : Operation 2008 [28/68] (3.65ns)   --->   "%gmem2_0_addr_resp = writeresp i1 @_ssdm_op_WriteResp.m_axi.i32P1A, i32 %gmem2_0_addr" [kernel.cpp:23]   --->   Operation 2008 'writeresp' 'gmem2_0_addr_resp' <Predicate = true> <Delay = 3.65> <CoreInst = "m_axi">   --->   Core 119 'm_axi' <Latency = 3> <II = 1> <Delay = 1.00> <Adapter> <Opcode : 'read' 'write' 'readreq' 'writereq' 'writeresp'>
ST_118 : Operation 2009 [28/68] (3.65ns)   --->   "%gmem2_1_addr_resp = writeresp i1 @_ssdm_op_WriteResp.m_axi.i32P1A, i32 %gmem2_1_addr" [kernel.cpp:23]   --->   Operation 2009 'writeresp' 'gmem2_1_addr_resp' <Predicate = true> <Delay = 3.65> <CoreInst = "m_axi">   --->   Core 119 'm_axi' <Latency = 3> <II = 1> <Delay = 1.00> <Adapter> <Opcode : 'read' 'write' 'readreq' 'writereq' 'writeresp'>
ST_118 : Operation 2010 [28/68] (3.65ns)   --->   "%gmem2_2_addr_resp = writeresp i1 @_ssdm_op_WriteResp.m_axi.i32P1A, i32 %gmem2_2_addr" [kernel.cpp:23]   --->   Operation 2010 'writeresp' 'gmem2_2_addr_resp' <Predicate = true> <Delay = 3.65> <CoreInst = "m_axi">   --->   Core 119 'm_axi' <Latency = 3> <II = 1> <Delay = 1.00> <Adapter> <Opcode : 'read' 'write' 'readreq' 'writereq' 'writeresp'>
ST_118 : Operation 2011 [28/68] (3.65ns)   --->   "%gmem2_3_addr_resp = writeresp i1 @_ssdm_op_WriteResp.m_axi.i32P1A, i32 %gmem2_3_addr" [kernel.cpp:23]   --->   Operation 2011 'writeresp' 'gmem2_3_addr_resp' <Predicate = true> <Delay = 3.65> <CoreInst = "m_axi">   --->   Core 119 'm_axi' <Latency = 3> <II = 1> <Delay = 1.00> <Adapter> <Opcode : 'read' 'write' 'readreq' 'writereq' 'writeresp'>
ST_118 : Operation 2012 [28/68] (3.65ns)   --->   "%gmem2_4_addr_resp = writeresp i1 @_ssdm_op_WriteResp.m_axi.i32P1A, i32 %gmem2_4_addr" [kernel.cpp:23]   --->   Operation 2012 'writeresp' 'gmem2_4_addr_resp' <Predicate = true> <Delay = 3.65> <CoreInst = "m_axi">   --->   Core 119 'm_axi' <Latency = 3> <II = 1> <Delay = 1.00> <Adapter> <Opcode : 'read' 'write' 'readreq' 'writereq' 'writeresp'>
ST_118 : Operation 2013 [28/68] (3.65ns)   --->   "%gmem2_5_addr_resp = writeresp i1 @_ssdm_op_WriteResp.m_axi.i32P1A, i32 %gmem2_5_addr" [kernel.cpp:23]   --->   Operation 2013 'writeresp' 'gmem2_5_addr_resp' <Predicate = true> <Delay = 3.65> <CoreInst = "m_axi">   --->   Core 119 'm_axi' <Latency = 3> <II = 1> <Delay = 1.00> <Adapter> <Opcode : 'read' 'write' 'readreq' 'writereq' 'writeresp'>
ST_118 : Operation 2014 [28/68] (3.65ns)   --->   "%gmem2_6_addr_resp = writeresp i1 @_ssdm_op_WriteResp.m_axi.i32P1A, i32 %gmem2_6_addr" [kernel.cpp:23]   --->   Operation 2014 'writeresp' 'gmem2_6_addr_resp' <Predicate = true> <Delay = 3.65> <CoreInst = "m_axi">   --->   Core 119 'm_axi' <Latency = 3> <II = 1> <Delay = 1.00> <Adapter> <Opcode : 'read' 'write' 'readreq' 'writereq' 'writeresp'>
ST_118 : Operation 2015 [28/68] (3.65ns)   --->   "%gmem2_7_addr_resp = writeresp i1 @_ssdm_op_WriteResp.m_axi.i32P1A, i32 %gmem2_7_addr" [kernel.cpp:23]   --->   Operation 2015 'writeresp' 'gmem2_7_addr_resp' <Predicate = true> <Delay = 3.65> <CoreInst = "m_axi">   --->   Core 119 'm_axi' <Latency = 3> <II = 1> <Delay = 1.00> <Adapter> <Opcode : 'read' 'write' 'readreq' 'writereq' 'writeresp'>

State 119 <SV = 118> <Delay = 3.65>
ST_119 : Operation 2016 [27/68] (3.65ns)   --->   "%gmem2_0_addr_resp = writeresp i1 @_ssdm_op_WriteResp.m_axi.i32P1A, i32 %gmem2_0_addr" [kernel.cpp:23]   --->   Operation 2016 'writeresp' 'gmem2_0_addr_resp' <Predicate = true> <Delay = 3.65> <CoreInst = "m_axi">   --->   Core 119 'm_axi' <Latency = 3> <II = 1> <Delay = 1.00> <Adapter> <Opcode : 'read' 'write' 'readreq' 'writereq' 'writeresp'>
ST_119 : Operation 2017 [27/68] (3.65ns)   --->   "%gmem2_1_addr_resp = writeresp i1 @_ssdm_op_WriteResp.m_axi.i32P1A, i32 %gmem2_1_addr" [kernel.cpp:23]   --->   Operation 2017 'writeresp' 'gmem2_1_addr_resp' <Predicate = true> <Delay = 3.65> <CoreInst = "m_axi">   --->   Core 119 'm_axi' <Latency = 3> <II = 1> <Delay = 1.00> <Adapter> <Opcode : 'read' 'write' 'readreq' 'writereq' 'writeresp'>
ST_119 : Operation 2018 [27/68] (3.65ns)   --->   "%gmem2_2_addr_resp = writeresp i1 @_ssdm_op_WriteResp.m_axi.i32P1A, i32 %gmem2_2_addr" [kernel.cpp:23]   --->   Operation 2018 'writeresp' 'gmem2_2_addr_resp' <Predicate = true> <Delay = 3.65> <CoreInst = "m_axi">   --->   Core 119 'm_axi' <Latency = 3> <II = 1> <Delay = 1.00> <Adapter> <Opcode : 'read' 'write' 'readreq' 'writereq' 'writeresp'>
ST_119 : Operation 2019 [27/68] (3.65ns)   --->   "%gmem2_3_addr_resp = writeresp i1 @_ssdm_op_WriteResp.m_axi.i32P1A, i32 %gmem2_3_addr" [kernel.cpp:23]   --->   Operation 2019 'writeresp' 'gmem2_3_addr_resp' <Predicate = true> <Delay = 3.65> <CoreInst = "m_axi">   --->   Core 119 'm_axi' <Latency = 3> <II = 1> <Delay = 1.00> <Adapter> <Opcode : 'read' 'write' 'readreq' 'writereq' 'writeresp'>
ST_119 : Operation 2020 [27/68] (3.65ns)   --->   "%gmem2_4_addr_resp = writeresp i1 @_ssdm_op_WriteResp.m_axi.i32P1A, i32 %gmem2_4_addr" [kernel.cpp:23]   --->   Operation 2020 'writeresp' 'gmem2_4_addr_resp' <Predicate = true> <Delay = 3.65> <CoreInst = "m_axi">   --->   Core 119 'm_axi' <Latency = 3> <II = 1> <Delay = 1.00> <Adapter> <Opcode : 'read' 'write' 'readreq' 'writereq' 'writeresp'>
ST_119 : Operation 2021 [27/68] (3.65ns)   --->   "%gmem2_5_addr_resp = writeresp i1 @_ssdm_op_WriteResp.m_axi.i32P1A, i32 %gmem2_5_addr" [kernel.cpp:23]   --->   Operation 2021 'writeresp' 'gmem2_5_addr_resp' <Predicate = true> <Delay = 3.65> <CoreInst = "m_axi">   --->   Core 119 'm_axi' <Latency = 3> <II = 1> <Delay = 1.00> <Adapter> <Opcode : 'read' 'write' 'readreq' 'writereq' 'writeresp'>
ST_119 : Operation 2022 [27/68] (3.65ns)   --->   "%gmem2_6_addr_resp = writeresp i1 @_ssdm_op_WriteResp.m_axi.i32P1A, i32 %gmem2_6_addr" [kernel.cpp:23]   --->   Operation 2022 'writeresp' 'gmem2_6_addr_resp' <Predicate = true> <Delay = 3.65> <CoreInst = "m_axi">   --->   Core 119 'm_axi' <Latency = 3> <II = 1> <Delay = 1.00> <Adapter> <Opcode : 'read' 'write' 'readreq' 'writereq' 'writeresp'>
ST_119 : Operation 2023 [27/68] (3.65ns)   --->   "%gmem2_7_addr_resp = writeresp i1 @_ssdm_op_WriteResp.m_axi.i32P1A, i32 %gmem2_7_addr" [kernel.cpp:23]   --->   Operation 2023 'writeresp' 'gmem2_7_addr_resp' <Predicate = true> <Delay = 3.65> <CoreInst = "m_axi">   --->   Core 119 'm_axi' <Latency = 3> <II = 1> <Delay = 1.00> <Adapter> <Opcode : 'read' 'write' 'readreq' 'writereq' 'writeresp'>

State 120 <SV = 119> <Delay = 3.65>
ST_120 : Operation 2024 [26/68] (3.65ns)   --->   "%gmem2_0_addr_resp = writeresp i1 @_ssdm_op_WriteResp.m_axi.i32P1A, i32 %gmem2_0_addr" [kernel.cpp:23]   --->   Operation 2024 'writeresp' 'gmem2_0_addr_resp' <Predicate = true> <Delay = 3.65> <CoreInst = "m_axi">   --->   Core 119 'm_axi' <Latency = 3> <II = 1> <Delay = 1.00> <Adapter> <Opcode : 'read' 'write' 'readreq' 'writereq' 'writeresp'>
ST_120 : Operation 2025 [26/68] (3.65ns)   --->   "%gmem2_1_addr_resp = writeresp i1 @_ssdm_op_WriteResp.m_axi.i32P1A, i32 %gmem2_1_addr" [kernel.cpp:23]   --->   Operation 2025 'writeresp' 'gmem2_1_addr_resp' <Predicate = true> <Delay = 3.65> <CoreInst = "m_axi">   --->   Core 119 'm_axi' <Latency = 3> <II = 1> <Delay = 1.00> <Adapter> <Opcode : 'read' 'write' 'readreq' 'writereq' 'writeresp'>
ST_120 : Operation 2026 [26/68] (3.65ns)   --->   "%gmem2_2_addr_resp = writeresp i1 @_ssdm_op_WriteResp.m_axi.i32P1A, i32 %gmem2_2_addr" [kernel.cpp:23]   --->   Operation 2026 'writeresp' 'gmem2_2_addr_resp' <Predicate = true> <Delay = 3.65> <CoreInst = "m_axi">   --->   Core 119 'm_axi' <Latency = 3> <II = 1> <Delay = 1.00> <Adapter> <Opcode : 'read' 'write' 'readreq' 'writereq' 'writeresp'>
ST_120 : Operation 2027 [26/68] (3.65ns)   --->   "%gmem2_3_addr_resp = writeresp i1 @_ssdm_op_WriteResp.m_axi.i32P1A, i32 %gmem2_3_addr" [kernel.cpp:23]   --->   Operation 2027 'writeresp' 'gmem2_3_addr_resp' <Predicate = true> <Delay = 3.65> <CoreInst = "m_axi">   --->   Core 119 'm_axi' <Latency = 3> <II = 1> <Delay = 1.00> <Adapter> <Opcode : 'read' 'write' 'readreq' 'writereq' 'writeresp'>
ST_120 : Operation 2028 [26/68] (3.65ns)   --->   "%gmem2_4_addr_resp = writeresp i1 @_ssdm_op_WriteResp.m_axi.i32P1A, i32 %gmem2_4_addr" [kernel.cpp:23]   --->   Operation 2028 'writeresp' 'gmem2_4_addr_resp' <Predicate = true> <Delay = 3.65> <CoreInst = "m_axi">   --->   Core 119 'm_axi' <Latency = 3> <II = 1> <Delay = 1.00> <Adapter> <Opcode : 'read' 'write' 'readreq' 'writereq' 'writeresp'>
ST_120 : Operation 2029 [26/68] (3.65ns)   --->   "%gmem2_5_addr_resp = writeresp i1 @_ssdm_op_WriteResp.m_axi.i32P1A, i32 %gmem2_5_addr" [kernel.cpp:23]   --->   Operation 2029 'writeresp' 'gmem2_5_addr_resp' <Predicate = true> <Delay = 3.65> <CoreInst = "m_axi">   --->   Core 119 'm_axi' <Latency = 3> <II = 1> <Delay = 1.00> <Adapter> <Opcode : 'read' 'write' 'readreq' 'writereq' 'writeresp'>
ST_120 : Operation 2030 [26/68] (3.65ns)   --->   "%gmem2_6_addr_resp = writeresp i1 @_ssdm_op_WriteResp.m_axi.i32P1A, i32 %gmem2_6_addr" [kernel.cpp:23]   --->   Operation 2030 'writeresp' 'gmem2_6_addr_resp' <Predicate = true> <Delay = 3.65> <CoreInst = "m_axi">   --->   Core 119 'm_axi' <Latency = 3> <II = 1> <Delay = 1.00> <Adapter> <Opcode : 'read' 'write' 'readreq' 'writereq' 'writeresp'>
ST_120 : Operation 2031 [26/68] (3.65ns)   --->   "%gmem2_7_addr_resp = writeresp i1 @_ssdm_op_WriteResp.m_axi.i32P1A, i32 %gmem2_7_addr" [kernel.cpp:23]   --->   Operation 2031 'writeresp' 'gmem2_7_addr_resp' <Predicate = true> <Delay = 3.65> <CoreInst = "m_axi">   --->   Core 119 'm_axi' <Latency = 3> <II = 1> <Delay = 1.00> <Adapter> <Opcode : 'read' 'write' 'readreq' 'writereq' 'writeresp'>

State 121 <SV = 120> <Delay = 3.65>
ST_121 : Operation 2032 [25/68] (3.65ns)   --->   "%gmem2_0_addr_resp = writeresp i1 @_ssdm_op_WriteResp.m_axi.i32P1A, i32 %gmem2_0_addr" [kernel.cpp:23]   --->   Operation 2032 'writeresp' 'gmem2_0_addr_resp' <Predicate = true> <Delay = 3.65> <CoreInst = "m_axi">   --->   Core 119 'm_axi' <Latency = 3> <II = 1> <Delay = 1.00> <Adapter> <Opcode : 'read' 'write' 'readreq' 'writereq' 'writeresp'>
ST_121 : Operation 2033 [25/68] (3.65ns)   --->   "%gmem2_1_addr_resp = writeresp i1 @_ssdm_op_WriteResp.m_axi.i32P1A, i32 %gmem2_1_addr" [kernel.cpp:23]   --->   Operation 2033 'writeresp' 'gmem2_1_addr_resp' <Predicate = true> <Delay = 3.65> <CoreInst = "m_axi">   --->   Core 119 'm_axi' <Latency = 3> <II = 1> <Delay = 1.00> <Adapter> <Opcode : 'read' 'write' 'readreq' 'writereq' 'writeresp'>
ST_121 : Operation 2034 [25/68] (3.65ns)   --->   "%gmem2_2_addr_resp = writeresp i1 @_ssdm_op_WriteResp.m_axi.i32P1A, i32 %gmem2_2_addr" [kernel.cpp:23]   --->   Operation 2034 'writeresp' 'gmem2_2_addr_resp' <Predicate = true> <Delay = 3.65> <CoreInst = "m_axi">   --->   Core 119 'm_axi' <Latency = 3> <II = 1> <Delay = 1.00> <Adapter> <Opcode : 'read' 'write' 'readreq' 'writereq' 'writeresp'>
ST_121 : Operation 2035 [25/68] (3.65ns)   --->   "%gmem2_3_addr_resp = writeresp i1 @_ssdm_op_WriteResp.m_axi.i32P1A, i32 %gmem2_3_addr" [kernel.cpp:23]   --->   Operation 2035 'writeresp' 'gmem2_3_addr_resp' <Predicate = true> <Delay = 3.65> <CoreInst = "m_axi">   --->   Core 119 'm_axi' <Latency = 3> <II = 1> <Delay = 1.00> <Adapter> <Opcode : 'read' 'write' 'readreq' 'writereq' 'writeresp'>
ST_121 : Operation 2036 [25/68] (3.65ns)   --->   "%gmem2_4_addr_resp = writeresp i1 @_ssdm_op_WriteResp.m_axi.i32P1A, i32 %gmem2_4_addr" [kernel.cpp:23]   --->   Operation 2036 'writeresp' 'gmem2_4_addr_resp' <Predicate = true> <Delay = 3.65> <CoreInst = "m_axi">   --->   Core 119 'm_axi' <Latency = 3> <II = 1> <Delay = 1.00> <Adapter> <Opcode : 'read' 'write' 'readreq' 'writereq' 'writeresp'>
ST_121 : Operation 2037 [25/68] (3.65ns)   --->   "%gmem2_5_addr_resp = writeresp i1 @_ssdm_op_WriteResp.m_axi.i32P1A, i32 %gmem2_5_addr" [kernel.cpp:23]   --->   Operation 2037 'writeresp' 'gmem2_5_addr_resp' <Predicate = true> <Delay = 3.65> <CoreInst = "m_axi">   --->   Core 119 'm_axi' <Latency = 3> <II = 1> <Delay = 1.00> <Adapter> <Opcode : 'read' 'write' 'readreq' 'writereq' 'writeresp'>
ST_121 : Operation 2038 [25/68] (3.65ns)   --->   "%gmem2_6_addr_resp = writeresp i1 @_ssdm_op_WriteResp.m_axi.i32P1A, i32 %gmem2_6_addr" [kernel.cpp:23]   --->   Operation 2038 'writeresp' 'gmem2_6_addr_resp' <Predicate = true> <Delay = 3.65> <CoreInst = "m_axi">   --->   Core 119 'm_axi' <Latency = 3> <II = 1> <Delay = 1.00> <Adapter> <Opcode : 'read' 'write' 'readreq' 'writereq' 'writeresp'>
ST_121 : Operation 2039 [25/68] (3.65ns)   --->   "%gmem2_7_addr_resp = writeresp i1 @_ssdm_op_WriteResp.m_axi.i32P1A, i32 %gmem2_7_addr" [kernel.cpp:23]   --->   Operation 2039 'writeresp' 'gmem2_7_addr_resp' <Predicate = true> <Delay = 3.65> <CoreInst = "m_axi">   --->   Core 119 'm_axi' <Latency = 3> <II = 1> <Delay = 1.00> <Adapter> <Opcode : 'read' 'write' 'readreq' 'writereq' 'writeresp'>

State 122 <SV = 121> <Delay = 3.65>
ST_122 : Operation 2040 [24/68] (3.65ns)   --->   "%gmem2_0_addr_resp = writeresp i1 @_ssdm_op_WriteResp.m_axi.i32P1A, i32 %gmem2_0_addr" [kernel.cpp:23]   --->   Operation 2040 'writeresp' 'gmem2_0_addr_resp' <Predicate = true> <Delay = 3.65> <CoreInst = "m_axi">   --->   Core 119 'm_axi' <Latency = 3> <II = 1> <Delay = 1.00> <Adapter> <Opcode : 'read' 'write' 'readreq' 'writereq' 'writeresp'>
ST_122 : Operation 2041 [24/68] (3.65ns)   --->   "%gmem2_1_addr_resp = writeresp i1 @_ssdm_op_WriteResp.m_axi.i32P1A, i32 %gmem2_1_addr" [kernel.cpp:23]   --->   Operation 2041 'writeresp' 'gmem2_1_addr_resp' <Predicate = true> <Delay = 3.65> <CoreInst = "m_axi">   --->   Core 119 'm_axi' <Latency = 3> <II = 1> <Delay = 1.00> <Adapter> <Opcode : 'read' 'write' 'readreq' 'writereq' 'writeresp'>
ST_122 : Operation 2042 [24/68] (3.65ns)   --->   "%gmem2_2_addr_resp = writeresp i1 @_ssdm_op_WriteResp.m_axi.i32P1A, i32 %gmem2_2_addr" [kernel.cpp:23]   --->   Operation 2042 'writeresp' 'gmem2_2_addr_resp' <Predicate = true> <Delay = 3.65> <CoreInst = "m_axi">   --->   Core 119 'm_axi' <Latency = 3> <II = 1> <Delay = 1.00> <Adapter> <Opcode : 'read' 'write' 'readreq' 'writereq' 'writeresp'>
ST_122 : Operation 2043 [24/68] (3.65ns)   --->   "%gmem2_3_addr_resp = writeresp i1 @_ssdm_op_WriteResp.m_axi.i32P1A, i32 %gmem2_3_addr" [kernel.cpp:23]   --->   Operation 2043 'writeresp' 'gmem2_3_addr_resp' <Predicate = true> <Delay = 3.65> <CoreInst = "m_axi">   --->   Core 119 'm_axi' <Latency = 3> <II = 1> <Delay = 1.00> <Adapter> <Opcode : 'read' 'write' 'readreq' 'writereq' 'writeresp'>
ST_122 : Operation 2044 [24/68] (3.65ns)   --->   "%gmem2_4_addr_resp = writeresp i1 @_ssdm_op_WriteResp.m_axi.i32P1A, i32 %gmem2_4_addr" [kernel.cpp:23]   --->   Operation 2044 'writeresp' 'gmem2_4_addr_resp' <Predicate = true> <Delay = 3.65> <CoreInst = "m_axi">   --->   Core 119 'm_axi' <Latency = 3> <II = 1> <Delay = 1.00> <Adapter> <Opcode : 'read' 'write' 'readreq' 'writereq' 'writeresp'>
ST_122 : Operation 2045 [24/68] (3.65ns)   --->   "%gmem2_5_addr_resp = writeresp i1 @_ssdm_op_WriteResp.m_axi.i32P1A, i32 %gmem2_5_addr" [kernel.cpp:23]   --->   Operation 2045 'writeresp' 'gmem2_5_addr_resp' <Predicate = true> <Delay = 3.65> <CoreInst = "m_axi">   --->   Core 119 'm_axi' <Latency = 3> <II = 1> <Delay = 1.00> <Adapter> <Opcode : 'read' 'write' 'readreq' 'writereq' 'writeresp'>
ST_122 : Operation 2046 [24/68] (3.65ns)   --->   "%gmem2_6_addr_resp = writeresp i1 @_ssdm_op_WriteResp.m_axi.i32P1A, i32 %gmem2_6_addr" [kernel.cpp:23]   --->   Operation 2046 'writeresp' 'gmem2_6_addr_resp' <Predicate = true> <Delay = 3.65> <CoreInst = "m_axi">   --->   Core 119 'm_axi' <Latency = 3> <II = 1> <Delay = 1.00> <Adapter> <Opcode : 'read' 'write' 'readreq' 'writereq' 'writeresp'>
ST_122 : Operation 2047 [24/68] (3.65ns)   --->   "%gmem2_7_addr_resp = writeresp i1 @_ssdm_op_WriteResp.m_axi.i32P1A, i32 %gmem2_7_addr" [kernel.cpp:23]   --->   Operation 2047 'writeresp' 'gmem2_7_addr_resp' <Predicate = true> <Delay = 3.65> <CoreInst = "m_axi">   --->   Core 119 'm_axi' <Latency = 3> <II = 1> <Delay = 1.00> <Adapter> <Opcode : 'read' 'write' 'readreq' 'writereq' 'writeresp'>

State 123 <SV = 122> <Delay = 3.65>
ST_123 : Operation 2048 [23/68] (3.65ns)   --->   "%gmem2_0_addr_resp = writeresp i1 @_ssdm_op_WriteResp.m_axi.i32P1A, i32 %gmem2_0_addr" [kernel.cpp:23]   --->   Operation 2048 'writeresp' 'gmem2_0_addr_resp' <Predicate = true> <Delay = 3.65> <CoreInst = "m_axi">   --->   Core 119 'm_axi' <Latency = 3> <II = 1> <Delay = 1.00> <Adapter> <Opcode : 'read' 'write' 'readreq' 'writereq' 'writeresp'>
ST_123 : Operation 2049 [23/68] (3.65ns)   --->   "%gmem2_1_addr_resp = writeresp i1 @_ssdm_op_WriteResp.m_axi.i32P1A, i32 %gmem2_1_addr" [kernel.cpp:23]   --->   Operation 2049 'writeresp' 'gmem2_1_addr_resp' <Predicate = true> <Delay = 3.65> <CoreInst = "m_axi">   --->   Core 119 'm_axi' <Latency = 3> <II = 1> <Delay = 1.00> <Adapter> <Opcode : 'read' 'write' 'readreq' 'writereq' 'writeresp'>
ST_123 : Operation 2050 [23/68] (3.65ns)   --->   "%gmem2_2_addr_resp = writeresp i1 @_ssdm_op_WriteResp.m_axi.i32P1A, i32 %gmem2_2_addr" [kernel.cpp:23]   --->   Operation 2050 'writeresp' 'gmem2_2_addr_resp' <Predicate = true> <Delay = 3.65> <CoreInst = "m_axi">   --->   Core 119 'm_axi' <Latency = 3> <II = 1> <Delay = 1.00> <Adapter> <Opcode : 'read' 'write' 'readreq' 'writereq' 'writeresp'>
ST_123 : Operation 2051 [23/68] (3.65ns)   --->   "%gmem2_3_addr_resp = writeresp i1 @_ssdm_op_WriteResp.m_axi.i32P1A, i32 %gmem2_3_addr" [kernel.cpp:23]   --->   Operation 2051 'writeresp' 'gmem2_3_addr_resp' <Predicate = true> <Delay = 3.65> <CoreInst = "m_axi">   --->   Core 119 'm_axi' <Latency = 3> <II = 1> <Delay = 1.00> <Adapter> <Opcode : 'read' 'write' 'readreq' 'writereq' 'writeresp'>
ST_123 : Operation 2052 [23/68] (3.65ns)   --->   "%gmem2_4_addr_resp = writeresp i1 @_ssdm_op_WriteResp.m_axi.i32P1A, i32 %gmem2_4_addr" [kernel.cpp:23]   --->   Operation 2052 'writeresp' 'gmem2_4_addr_resp' <Predicate = true> <Delay = 3.65> <CoreInst = "m_axi">   --->   Core 119 'm_axi' <Latency = 3> <II = 1> <Delay = 1.00> <Adapter> <Opcode : 'read' 'write' 'readreq' 'writereq' 'writeresp'>
ST_123 : Operation 2053 [23/68] (3.65ns)   --->   "%gmem2_5_addr_resp = writeresp i1 @_ssdm_op_WriteResp.m_axi.i32P1A, i32 %gmem2_5_addr" [kernel.cpp:23]   --->   Operation 2053 'writeresp' 'gmem2_5_addr_resp' <Predicate = true> <Delay = 3.65> <CoreInst = "m_axi">   --->   Core 119 'm_axi' <Latency = 3> <II = 1> <Delay = 1.00> <Adapter> <Opcode : 'read' 'write' 'readreq' 'writereq' 'writeresp'>
ST_123 : Operation 2054 [23/68] (3.65ns)   --->   "%gmem2_6_addr_resp = writeresp i1 @_ssdm_op_WriteResp.m_axi.i32P1A, i32 %gmem2_6_addr" [kernel.cpp:23]   --->   Operation 2054 'writeresp' 'gmem2_6_addr_resp' <Predicate = true> <Delay = 3.65> <CoreInst = "m_axi">   --->   Core 119 'm_axi' <Latency = 3> <II = 1> <Delay = 1.00> <Adapter> <Opcode : 'read' 'write' 'readreq' 'writereq' 'writeresp'>
ST_123 : Operation 2055 [23/68] (3.65ns)   --->   "%gmem2_7_addr_resp = writeresp i1 @_ssdm_op_WriteResp.m_axi.i32P1A, i32 %gmem2_7_addr" [kernel.cpp:23]   --->   Operation 2055 'writeresp' 'gmem2_7_addr_resp' <Predicate = true> <Delay = 3.65> <CoreInst = "m_axi">   --->   Core 119 'm_axi' <Latency = 3> <II = 1> <Delay = 1.00> <Adapter> <Opcode : 'read' 'write' 'readreq' 'writereq' 'writeresp'>

State 124 <SV = 123> <Delay = 3.65>
ST_124 : Operation 2056 [22/68] (3.65ns)   --->   "%gmem2_0_addr_resp = writeresp i1 @_ssdm_op_WriteResp.m_axi.i32P1A, i32 %gmem2_0_addr" [kernel.cpp:23]   --->   Operation 2056 'writeresp' 'gmem2_0_addr_resp' <Predicate = true> <Delay = 3.65> <CoreInst = "m_axi">   --->   Core 119 'm_axi' <Latency = 3> <II = 1> <Delay = 1.00> <Adapter> <Opcode : 'read' 'write' 'readreq' 'writereq' 'writeresp'>
ST_124 : Operation 2057 [22/68] (3.65ns)   --->   "%gmem2_1_addr_resp = writeresp i1 @_ssdm_op_WriteResp.m_axi.i32P1A, i32 %gmem2_1_addr" [kernel.cpp:23]   --->   Operation 2057 'writeresp' 'gmem2_1_addr_resp' <Predicate = true> <Delay = 3.65> <CoreInst = "m_axi">   --->   Core 119 'm_axi' <Latency = 3> <II = 1> <Delay = 1.00> <Adapter> <Opcode : 'read' 'write' 'readreq' 'writereq' 'writeresp'>
ST_124 : Operation 2058 [22/68] (3.65ns)   --->   "%gmem2_2_addr_resp = writeresp i1 @_ssdm_op_WriteResp.m_axi.i32P1A, i32 %gmem2_2_addr" [kernel.cpp:23]   --->   Operation 2058 'writeresp' 'gmem2_2_addr_resp' <Predicate = true> <Delay = 3.65> <CoreInst = "m_axi">   --->   Core 119 'm_axi' <Latency = 3> <II = 1> <Delay = 1.00> <Adapter> <Opcode : 'read' 'write' 'readreq' 'writereq' 'writeresp'>
ST_124 : Operation 2059 [22/68] (3.65ns)   --->   "%gmem2_3_addr_resp = writeresp i1 @_ssdm_op_WriteResp.m_axi.i32P1A, i32 %gmem2_3_addr" [kernel.cpp:23]   --->   Operation 2059 'writeresp' 'gmem2_3_addr_resp' <Predicate = true> <Delay = 3.65> <CoreInst = "m_axi">   --->   Core 119 'm_axi' <Latency = 3> <II = 1> <Delay = 1.00> <Adapter> <Opcode : 'read' 'write' 'readreq' 'writereq' 'writeresp'>
ST_124 : Operation 2060 [22/68] (3.65ns)   --->   "%gmem2_4_addr_resp = writeresp i1 @_ssdm_op_WriteResp.m_axi.i32P1A, i32 %gmem2_4_addr" [kernel.cpp:23]   --->   Operation 2060 'writeresp' 'gmem2_4_addr_resp' <Predicate = true> <Delay = 3.65> <CoreInst = "m_axi">   --->   Core 119 'm_axi' <Latency = 3> <II = 1> <Delay = 1.00> <Adapter> <Opcode : 'read' 'write' 'readreq' 'writereq' 'writeresp'>
ST_124 : Operation 2061 [22/68] (3.65ns)   --->   "%gmem2_5_addr_resp = writeresp i1 @_ssdm_op_WriteResp.m_axi.i32P1A, i32 %gmem2_5_addr" [kernel.cpp:23]   --->   Operation 2061 'writeresp' 'gmem2_5_addr_resp' <Predicate = true> <Delay = 3.65> <CoreInst = "m_axi">   --->   Core 119 'm_axi' <Latency = 3> <II = 1> <Delay = 1.00> <Adapter> <Opcode : 'read' 'write' 'readreq' 'writereq' 'writeresp'>
ST_124 : Operation 2062 [22/68] (3.65ns)   --->   "%gmem2_6_addr_resp = writeresp i1 @_ssdm_op_WriteResp.m_axi.i32P1A, i32 %gmem2_6_addr" [kernel.cpp:23]   --->   Operation 2062 'writeresp' 'gmem2_6_addr_resp' <Predicate = true> <Delay = 3.65> <CoreInst = "m_axi">   --->   Core 119 'm_axi' <Latency = 3> <II = 1> <Delay = 1.00> <Adapter> <Opcode : 'read' 'write' 'readreq' 'writereq' 'writeresp'>
ST_124 : Operation 2063 [22/68] (3.65ns)   --->   "%gmem2_7_addr_resp = writeresp i1 @_ssdm_op_WriteResp.m_axi.i32P1A, i32 %gmem2_7_addr" [kernel.cpp:23]   --->   Operation 2063 'writeresp' 'gmem2_7_addr_resp' <Predicate = true> <Delay = 3.65> <CoreInst = "m_axi">   --->   Core 119 'm_axi' <Latency = 3> <II = 1> <Delay = 1.00> <Adapter> <Opcode : 'read' 'write' 'readreq' 'writereq' 'writeresp'>

State 125 <SV = 124> <Delay = 3.65>
ST_125 : Operation 2064 [21/68] (3.65ns)   --->   "%gmem2_0_addr_resp = writeresp i1 @_ssdm_op_WriteResp.m_axi.i32P1A, i32 %gmem2_0_addr" [kernel.cpp:23]   --->   Operation 2064 'writeresp' 'gmem2_0_addr_resp' <Predicate = true> <Delay = 3.65> <CoreInst = "m_axi">   --->   Core 119 'm_axi' <Latency = 3> <II = 1> <Delay = 1.00> <Adapter> <Opcode : 'read' 'write' 'readreq' 'writereq' 'writeresp'>
ST_125 : Operation 2065 [21/68] (3.65ns)   --->   "%gmem2_1_addr_resp = writeresp i1 @_ssdm_op_WriteResp.m_axi.i32P1A, i32 %gmem2_1_addr" [kernel.cpp:23]   --->   Operation 2065 'writeresp' 'gmem2_1_addr_resp' <Predicate = true> <Delay = 3.65> <CoreInst = "m_axi">   --->   Core 119 'm_axi' <Latency = 3> <II = 1> <Delay = 1.00> <Adapter> <Opcode : 'read' 'write' 'readreq' 'writereq' 'writeresp'>
ST_125 : Operation 2066 [21/68] (3.65ns)   --->   "%gmem2_2_addr_resp = writeresp i1 @_ssdm_op_WriteResp.m_axi.i32P1A, i32 %gmem2_2_addr" [kernel.cpp:23]   --->   Operation 2066 'writeresp' 'gmem2_2_addr_resp' <Predicate = true> <Delay = 3.65> <CoreInst = "m_axi">   --->   Core 119 'm_axi' <Latency = 3> <II = 1> <Delay = 1.00> <Adapter> <Opcode : 'read' 'write' 'readreq' 'writereq' 'writeresp'>
ST_125 : Operation 2067 [21/68] (3.65ns)   --->   "%gmem2_3_addr_resp = writeresp i1 @_ssdm_op_WriteResp.m_axi.i32P1A, i32 %gmem2_3_addr" [kernel.cpp:23]   --->   Operation 2067 'writeresp' 'gmem2_3_addr_resp' <Predicate = true> <Delay = 3.65> <CoreInst = "m_axi">   --->   Core 119 'm_axi' <Latency = 3> <II = 1> <Delay = 1.00> <Adapter> <Opcode : 'read' 'write' 'readreq' 'writereq' 'writeresp'>
ST_125 : Operation 2068 [21/68] (3.65ns)   --->   "%gmem2_4_addr_resp = writeresp i1 @_ssdm_op_WriteResp.m_axi.i32P1A, i32 %gmem2_4_addr" [kernel.cpp:23]   --->   Operation 2068 'writeresp' 'gmem2_4_addr_resp' <Predicate = true> <Delay = 3.65> <CoreInst = "m_axi">   --->   Core 119 'm_axi' <Latency = 3> <II = 1> <Delay = 1.00> <Adapter> <Opcode : 'read' 'write' 'readreq' 'writereq' 'writeresp'>
ST_125 : Operation 2069 [21/68] (3.65ns)   --->   "%gmem2_5_addr_resp = writeresp i1 @_ssdm_op_WriteResp.m_axi.i32P1A, i32 %gmem2_5_addr" [kernel.cpp:23]   --->   Operation 2069 'writeresp' 'gmem2_5_addr_resp' <Predicate = true> <Delay = 3.65> <CoreInst = "m_axi">   --->   Core 119 'm_axi' <Latency = 3> <II = 1> <Delay = 1.00> <Adapter> <Opcode : 'read' 'write' 'readreq' 'writereq' 'writeresp'>
ST_125 : Operation 2070 [21/68] (3.65ns)   --->   "%gmem2_6_addr_resp = writeresp i1 @_ssdm_op_WriteResp.m_axi.i32P1A, i32 %gmem2_6_addr" [kernel.cpp:23]   --->   Operation 2070 'writeresp' 'gmem2_6_addr_resp' <Predicate = true> <Delay = 3.65> <CoreInst = "m_axi">   --->   Core 119 'm_axi' <Latency = 3> <II = 1> <Delay = 1.00> <Adapter> <Opcode : 'read' 'write' 'readreq' 'writereq' 'writeresp'>
ST_125 : Operation 2071 [21/68] (3.65ns)   --->   "%gmem2_7_addr_resp = writeresp i1 @_ssdm_op_WriteResp.m_axi.i32P1A, i32 %gmem2_7_addr" [kernel.cpp:23]   --->   Operation 2071 'writeresp' 'gmem2_7_addr_resp' <Predicate = true> <Delay = 3.65> <CoreInst = "m_axi">   --->   Core 119 'm_axi' <Latency = 3> <II = 1> <Delay = 1.00> <Adapter> <Opcode : 'read' 'write' 'readreq' 'writereq' 'writeresp'>

State 126 <SV = 125> <Delay = 3.65>
ST_126 : Operation 2072 [20/68] (3.65ns)   --->   "%gmem2_0_addr_resp = writeresp i1 @_ssdm_op_WriteResp.m_axi.i32P1A, i32 %gmem2_0_addr" [kernel.cpp:23]   --->   Operation 2072 'writeresp' 'gmem2_0_addr_resp' <Predicate = true> <Delay = 3.65> <CoreInst = "m_axi">   --->   Core 119 'm_axi' <Latency = 3> <II = 1> <Delay = 1.00> <Adapter> <Opcode : 'read' 'write' 'readreq' 'writereq' 'writeresp'>
ST_126 : Operation 2073 [20/68] (3.65ns)   --->   "%gmem2_1_addr_resp = writeresp i1 @_ssdm_op_WriteResp.m_axi.i32P1A, i32 %gmem2_1_addr" [kernel.cpp:23]   --->   Operation 2073 'writeresp' 'gmem2_1_addr_resp' <Predicate = true> <Delay = 3.65> <CoreInst = "m_axi">   --->   Core 119 'm_axi' <Latency = 3> <II = 1> <Delay = 1.00> <Adapter> <Opcode : 'read' 'write' 'readreq' 'writereq' 'writeresp'>
ST_126 : Operation 2074 [20/68] (3.65ns)   --->   "%gmem2_2_addr_resp = writeresp i1 @_ssdm_op_WriteResp.m_axi.i32P1A, i32 %gmem2_2_addr" [kernel.cpp:23]   --->   Operation 2074 'writeresp' 'gmem2_2_addr_resp' <Predicate = true> <Delay = 3.65> <CoreInst = "m_axi">   --->   Core 119 'm_axi' <Latency = 3> <II = 1> <Delay = 1.00> <Adapter> <Opcode : 'read' 'write' 'readreq' 'writereq' 'writeresp'>
ST_126 : Operation 2075 [20/68] (3.65ns)   --->   "%gmem2_3_addr_resp = writeresp i1 @_ssdm_op_WriteResp.m_axi.i32P1A, i32 %gmem2_3_addr" [kernel.cpp:23]   --->   Operation 2075 'writeresp' 'gmem2_3_addr_resp' <Predicate = true> <Delay = 3.65> <CoreInst = "m_axi">   --->   Core 119 'm_axi' <Latency = 3> <II = 1> <Delay = 1.00> <Adapter> <Opcode : 'read' 'write' 'readreq' 'writereq' 'writeresp'>
ST_126 : Operation 2076 [20/68] (3.65ns)   --->   "%gmem2_4_addr_resp = writeresp i1 @_ssdm_op_WriteResp.m_axi.i32P1A, i32 %gmem2_4_addr" [kernel.cpp:23]   --->   Operation 2076 'writeresp' 'gmem2_4_addr_resp' <Predicate = true> <Delay = 3.65> <CoreInst = "m_axi">   --->   Core 119 'm_axi' <Latency = 3> <II = 1> <Delay = 1.00> <Adapter> <Opcode : 'read' 'write' 'readreq' 'writereq' 'writeresp'>
ST_126 : Operation 2077 [20/68] (3.65ns)   --->   "%gmem2_5_addr_resp = writeresp i1 @_ssdm_op_WriteResp.m_axi.i32P1A, i32 %gmem2_5_addr" [kernel.cpp:23]   --->   Operation 2077 'writeresp' 'gmem2_5_addr_resp' <Predicate = true> <Delay = 3.65> <CoreInst = "m_axi">   --->   Core 119 'm_axi' <Latency = 3> <II = 1> <Delay = 1.00> <Adapter> <Opcode : 'read' 'write' 'readreq' 'writereq' 'writeresp'>
ST_126 : Operation 2078 [20/68] (3.65ns)   --->   "%gmem2_6_addr_resp = writeresp i1 @_ssdm_op_WriteResp.m_axi.i32P1A, i32 %gmem2_6_addr" [kernel.cpp:23]   --->   Operation 2078 'writeresp' 'gmem2_6_addr_resp' <Predicate = true> <Delay = 3.65> <CoreInst = "m_axi">   --->   Core 119 'm_axi' <Latency = 3> <II = 1> <Delay = 1.00> <Adapter> <Opcode : 'read' 'write' 'readreq' 'writereq' 'writeresp'>
ST_126 : Operation 2079 [20/68] (3.65ns)   --->   "%gmem2_7_addr_resp = writeresp i1 @_ssdm_op_WriteResp.m_axi.i32P1A, i32 %gmem2_7_addr" [kernel.cpp:23]   --->   Operation 2079 'writeresp' 'gmem2_7_addr_resp' <Predicate = true> <Delay = 3.65> <CoreInst = "m_axi">   --->   Core 119 'm_axi' <Latency = 3> <II = 1> <Delay = 1.00> <Adapter> <Opcode : 'read' 'write' 'readreq' 'writereq' 'writeresp'>

State 127 <SV = 126> <Delay = 3.65>
ST_127 : Operation 2080 [19/68] (3.65ns)   --->   "%gmem2_0_addr_resp = writeresp i1 @_ssdm_op_WriteResp.m_axi.i32P1A, i32 %gmem2_0_addr" [kernel.cpp:23]   --->   Operation 2080 'writeresp' 'gmem2_0_addr_resp' <Predicate = true> <Delay = 3.65> <CoreInst = "m_axi">   --->   Core 119 'm_axi' <Latency = 3> <II = 1> <Delay = 1.00> <Adapter> <Opcode : 'read' 'write' 'readreq' 'writereq' 'writeresp'>
ST_127 : Operation 2081 [19/68] (3.65ns)   --->   "%gmem2_1_addr_resp = writeresp i1 @_ssdm_op_WriteResp.m_axi.i32P1A, i32 %gmem2_1_addr" [kernel.cpp:23]   --->   Operation 2081 'writeresp' 'gmem2_1_addr_resp' <Predicate = true> <Delay = 3.65> <CoreInst = "m_axi">   --->   Core 119 'm_axi' <Latency = 3> <II = 1> <Delay = 1.00> <Adapter> <Opcode : 'read' 'write' 'readreq' 'writereq' 'writeresp'>
ST_127 : Operation 2082 [19/68] (3.65ns)   --->   "%gmem2_2_addr_resp = writeresp i1 @_ssdm_op_WriteResp.m_axi.i32P1A, i32 %gmem2_2_addr" [kernel.cpp:23]   --->   Operation 2082 'writeresp' 'gmem2_2_addr_resp' <Predicate = true> <Delay = 3.65> <CoreInst = "m_axi">   --->   Core 119 'm_axi' <Latency = 3> <II = 1> <Delay = 1.00> <Adapter> <Opcode : 'read' 'write' 'readreq' 'writereq' 'writeresp'>
ST_127 : Operation 2083 [19/68] (3.65ns)   --->   "%gmem2_3_addr_resp = writeresp i1 @_ssdm_op_WriteResp.m_axi.i32P1A, i32 %gmem2_3_addr" [kernel.cpp:23]   --->   Operation 2083 'writeresp' 'gmem2_3_addr_resp' <Predicate = true> <Delay = 3.65> <CoreInst = "m_axi">   --->   Core 119 'm_axi' <Latency = 3> <II = 1> <Delay = 1.00> <Adapter> <Opcode : 'read' 'write' 'readreq' 'writereq' 'writeresp'>
ST_127 : Operation 2084 [19/68] (3.65ns)   --->   "%gmem2_4_addr_resp = writeresp i1 @_ssdm_op_WriteResp.m_axi.i32P1A, i32 %gmem2_4_addr" [kernel.cpp:23]   --->   Operation 2084 'writeresp' 'gmem2_4_addr_resp' <Predicate = true> <Delay = 3.65> <CoreInst = "m_axi">   --->   Core 119 'm_axi' <Latency = 3> <II = 1> <Delay = 1.00> <Adapter> <Opcode : 'read' 'write' 'readreq' 'writereq' 'writeresp'>
ST_127 : Operation 2085 [19/68] (3.65ns)   --->   "%gmem2_5_addr_resp = writeresp i1 @_ssdm_op_WriteResp.m_axi.i32P1A, i32 %gmem2_5_addr" [kernel.cpp:23]   --->   Operation 2085 'writeresp' 'gmem2_5_addr_resp' <Predicate = true> <Delay = 3.65> <CoreInst = "m_axi">   --->   Core 119 'm_axi' <Latency = 3> <II = 1> <Delay = 1.00> <Adapter> <Opcode : 'read' 'write' 'readreq' 'writereq' 'writeresp'>
ST_127 : Operation 2086 [19/68] (3.65ns)   --->   "%gmem2_6_addr_resp = writeresp i1 @_ssdm_op_WriteResp.m_axi.i32P1A, i32 %gmem2_6_addr" [kernel.cpp:23]   --->   Operation 2086 'writeresp' 'gmem2_6_addr_resp' <Predicate = true> <Delay = 3.65> <CoreInst = "m_axi">   --->   Core 119 'm_axi' <Latency = 3> <II = 1> <Delay = 1.00> <Adapter> <Opcode : 'read' 'write' 'readreq' 'writereq' 'writeresp'>
ST_127 : Operation 2087 [19/68] (3.65ns)   --->   "%gmem2_7_addr_resp = writeresp i1 @_ssdm_op_WriteResp.m_axi.i32P1A, i32 %gmem2_7_addr" [kernel.cpp:23]   --->   Operation 2087 'writeresp' 'gmem2_7_addr_resp' <Predicate = true> <Delay = 3.65> <CoreInst = "m_axi">   --->   Core 119 'm_axi' <Latency = 3> <II = 1> <Delay = 1.00> <Adapter> <Opcode : 'read' 'write' 'readreq' 'writereq' 'writeresp'>

State 128 <SV = 127> <Delay = 3.65>
ST_128 : Operation 2088 [18/68] (3.65ns)   --->   "%gmem2_0_addr_resp = writeresp i1 @_ssdm_op_WriteResp.m_axi.i32P1A, i32 %gmem2_0_addr" [kernel.cpp:23]   --->   Operation 2088 'writeresp' 'gmem2_0_addr_resp' <Predicate = true> <Delay = 3.65> <CoreInst = "m_axi">   --->   Core 119 'm_axi' <Latency = 3> <II = 1> <Delay = 1.00> <Adapter> <Opcode : 'read' 'write' 'readreq' 'writereq' 'writeresp'>
ST_128 : Operation 2089 [18/68] (3.65ns)   --->   "%gmem2_1_addr_resp = writeresp i1 @_ssdm_op_WriteResp.m_axi.i32P1A, i32 %gmem2_1_addr" [kernel.cpp:23]   --->   Operation 2089 'writeresp' 'gmem2_1_addr_resp' <Predicate = true> <Delay = 3.65> <CoreInst = "m_axi">   --->   Core 119 'm_axi' <Latency = 3> <II = 1> <Delay = 1.00> <Adapter> <Opcode : 'read' 'write' 'readreq' 'writereq' 'writeresp'>
ST_128 : Operation 2090 [18/68] (3.65ns)   --->   "%gmem2_2_addr_resp = writeresp i1 @_ssdm_op_WriteResp.m_axi.i32P1A, i32 %gmem2_2_addr" [kernel.cpp:23]   --->   Operation 2090 'writeresp' 'gmem2_2_addr_resp' <Predicate = true> <Delay = 3.65> <CoreInst = "m_axi">   --->   Core 119 'm_axi' <Latency = 3> <II = 1> <Delay = 1.00> <Adapter> <Opcode : 'read' 'write' 'readreq' 'writereq' 'writeresp'>
ST_128 : Operation 2091 [18/68] (3.65ns)   --->   "%gmem2_3_addr_resp = writeresp i1 @_ssdm_op_WriteResp.m_axi.i32P1A, i32 %gmem2_3_addr" [kernel.cpp:23]   --->   Operation 2091 'writeresp' 'gmem2_3_addr_resp' <Predicate = true> <Delay = 3.65> <CoreInst = "m_axi">   --->   Core 119 'm_axi' <Latency = 3> <II = 1> <Delay = 1.00> <Adapter> <Opcode : 'read' 'write' 'readreq' 'writereq' 'writeresp'>
ST_128 : Operation 2092 [18/68] (3.65ns)   --->   "%gmem2_4_addr_resp = writeresp i1 @_ssdm_op_WriteResp.m_axi.i32P1A, i32 %gmem2_4_addr" [kernel.cpp:23]   --->   Operation 2092 'writeresp' 'gmem2_4_addr_resp' <Predicate = true> <Delay = 3.65> <CoreInst = "m_axi">   --->   Core 119 'm_axi' <Latency = 3> <II = 1> <Delay = 1.00> <Adapter> <Opcode : 'read' 'write' 'readreq' 'writereq' 'writeresp'>
ST_128 : Operation 2093 [18/68] (3.65ns)   --->   "%gmem2_5_addr_resp = writeresp i1 @_ssdm_op_WriteResp.m_axi.i32P1A, i32 %gmem2_5_addr" [kernel.cpp:23]   --->   Operation 2093 'writeresp' 'gmem2_5_addr_resp' <Predicate = true> <Delay = 3.65> <CoreInst = "m_axi">   --->   Core 119 'm_axi' <Latency = 3> <II = 1> <Delay = 1.00> <Adapter> <Opcode : 'read' 'write' 'readreq' 'writereq' 'writeresp'>
ST_128 : Operation 2094 [18/68] (3.65ns)   --->   "%gmem2_6_addr_resp = writeresp i1 @_ssdm_op_WriteResp.m_axi.i32P1A, i32 %gmem2_6_addr" [kernel.cpp:23]   --->   Operation 2094 'writeresp' 'gmem2_6_addr_resp' <Predicate = true> <Delay = 3.65> <CoreInst = "m_axi">   --->   Core 119 'm_axi' <Latency = 3> <II = 1> <Delay = 1.00> <Adapter> <Opcode : 'read' 'write' 'readreq' 'writereq' 'writeresp'>
ST_128 : Operation 2095 [18/68] (3.65ns)   --->   "%gmem2_7_addr_resp = writeresp i1 @_ssdm_op_WriteResp.m_axi.i32P1A, i32 %gmem2_7_addr" [kernel.cpp:23]   --->   Operation 2095 'writeresp' 'gmem2_7_addr_resp' <Predicate = true> <Delay = 3.65> <CoreInst = "m_axi">   --->   Core 119 'm_axi' <Latency = 3> <II = 1> <Delay = 1.00> <Adapter> <Opcode : 'read' 'write' 'readreq' 'writereq' 'writeresp'>

State 129 <SV = 128> <Delay = 3.65>
ST_129 : Operation 2096 [17/68] (3.65ns)   --->   "%gmem2_0_addr_resp = writeresp i1 @_ssdm_op_WriteResp.m_axi.i32P1A, i32 %gmem2_0_addr" [kernel.cpp:23]   --->   Operation 2096 'writeresp' 'gmem2_0_addr_resp' <Predicate = true> <Delay = 3.65> <CoreInst = "m_axi">   --->   Core 119 'm_axi' <Latency = 3> <II = 1> <Delay = 1.00> <Adapter> <Opcode : 'read' 'write' 'readreq' 'writereq' 'writeresp'>
ST_129 : Operation 2097 [17/68] (3.65ns)   --->   "%gmem2_1_addr_resp = writeresp i1 @_ssdm_op_WriteResp.m_axi.i32P1A, i32 %gmem2_1_addr" [kernel.cpp:23]   --->   Operation 2097 'writeresp' 'gmem2_1_addr_resp' <Predicate = true> <Delay = 3.65> <CoreInst = "m_axi">   --->   Core 119 'm_axi' <Latency = 3> <II = 1> <Delay = 1.00> <Adapter> <Opcode : 'read' 'write' 'readreq' 'writereq' 'writeresp'>
ST_129 : Operation 2098 [17/68] (3.65ns)   --->   "%gmem2_2_addr_resp = writeresp i1 @_ssdm_op_WriteResp.m_axi.i32P1A, i32 %gmem2_2_addr" [kernel.cpp:23]   --->   Operation 2098 'writeresp' 'gmem2_2_addr_resp' <Predicate = true> <Delay = 3.65> <CoreInst = "m_axi">   --->   Core 119 'm_axi' <Latency = 3> <II = 1> <Delay = 1.00> <Adapter> <Opcode : 'read' 'write' 'readreq' 'writereq' 'writeresp'>
ST_129 : Operation 2099 [17/68] (3.65ns)   --->   "%gmem2_3_addr_resp = writeresp i1 @_ssdm_op_WriteResp.m_axi.i32P1A, i32 %gmem2_3_addr" [kernel.cpp:23]   --->   Operation 2099 'writeresp' 'gmem2_3_addr_resp' <Predicate = true> <Delay = 3.65> <CoreInst = "m_axi">   --->   Core 119 'm_axi' <Latency = 3> <II = 1> <Delay = 1.00> <Adapter> <Opcode : 'read' 'write' 'readreq' 'writereq' 'writeresp'>
ST_129 : Operation 2100 [17/68] (3.65ns)   --->   "%gmem2_4_addr_resp = writeresp i1 @_ssdm_op_WriteResp.m_axi.i32P1A, i32 %gmem2_4_addr" [kernel.cpp:23]   --->   Operation 2100 'writeresp' 'gmem2_4_addr_resp' <Predicate = true> <Delay = 3.65> <CoreInst = "m_axi">   --->   Core 119 'm_axi' <Latency = 3> <II = 1> <Delay = 1.00> <Adapter> <Opcode : 'read' 'write' 'readreq' 'writereq' 'writeresp'>
ST_129 : Operation 2101 [17/68] (3.65ns)   --->   "%gmem2_5_addr_resp = writeresp i1 @_ssdm_op_WriteResp.m_axi.i32P1A, i32 %gmem2_5_addr" [kernel.cpp:23]   --->   Operation 2101 'writeresp' 'gmem2_5_addr_resp' <Predicate = true> <Delay = 3.65> <CoreInst = "m_axi">   --->   Core 119 'm_axi' <Latency = 3> <II = 1> <Delay = 1.00> <Adapter> <Opcode : 'read' 'write' 'readreq' 'writereq' 'writeresp'>
ST_129 : Operation 2102 [17/68] (3.65ns)   --->   "%gmem2_6_addr_resp = writeresp i1 @_ssdm_op_WriteResp.m_axi.i32P1A, i32 %gmem2_6_addr" [kernel.cpp:23]   --->   Operation 2102 'writeresp' 'gmem2_6_addr_resp' <Predicate = true> <Delay = 3.65> <CoreInst = "m_axi">   --->   Core 119 'm_axi' <Latency = 3> <II = 1> <Delay = 1.00> <Adapter> <Opcode : 'read' 'write' 'readreq' 'writereq' 'writeresp'>
ST_129 : Operation 2103 [17/68] (3.65ns)   --->   "%gmem2_7_addr_resp = writeresp i1 @_ssdm_op_WriteResp.m_axi.i32P1A, i32 %gmem2_7_addr" [kernel.cpp:23]   --->   Operation 2103 'writeresp' 'gmem2_7_addr_resp' <Predicate = true> <Delay = 3.65> <CoreInst = "m_axi">   --->   Core 119 'm_axi' <Latency = 3> <II = 1> <Delay = 1.00> <Adapter> <Opcode : 'read' 'write' 'readreq' 'writereq' 'writeresp'>

State 130 <SV = 129> <Delay = 3.65>
ST_130 : Operation 2104 [16/68] (3.65ns)   --->   "%gmem2_0_addr_resp = writeresp i1 @_ssdm_op_WriteResp.m_axi.i32P1A, i32 %gmem2_0_addr" [kernel.cpp:23]   --->   Operation 2104 'writeresp' 'gmem2_0_addr_resp' <Predicate = true> <Delay = 3.65> <CoreInst = "m_axi">   --->   Core 119 'm_axi' <Latency = 3> <II = 1> <Delay = 1.00> <Adapter> <Opcode : 'read' 'write' 'readreq' 'writereq' 'writeresp'>
ST_130 : Operation 2105 [16/68] (3.65ns)   --->   "%gmem2_1_addr_resp = writeresp i1 @_ssdm_op_WriteResp.m_axi.i32P1A, i32 %gmem2_1_addr" [kernel.cpp:23]   --->   Operation 2105 'writeresp' 'gmem2_1_addr_resp' <Predicate = true> <Delay = 3.65> <CoreInst = "m_axi">   --->   Core 119 'm_axi' <Latency = 3> <II = 1> <Delay = 1.00> <Adapter> <Opcode : 'read' 'write' 'readreq' 'writereq' 'writeresp'>
ST_130 : Operation 2106 [16/68] (3.65ns)   --->   "%gmem2_2_addr_resp = writeresp i1 @_ssdm_op_WriteResp.m_axi.i32P1A, i32 %gmem2_2_addr" [kernel.cpp:23]   --->   Operation 2106 'writeresp' 'gmem2_2_addr_resp' <Predicate = true> <Delay = 3.65> <CoreInst = "m_axi">   --->   Core 119 'm_axi' <Latency = 3> <II = 1> <Delay = 1.00> <Adapter> <Opcode : 'read' 'write' 'readreq' 'writereq' 'writeresp'>
ST_130 : Operation 2107 [16/68] (3.65ns)   --->   "%gmem2_3_addr_resp = writeresp i1 @_ssdm_op_WriteResp.m_axi.i32P1A, i32 %gmem2_3_addr" [kernel.cpp:23]   --->   Operation 2107 'writeresp' 'gmem2_3_addr_resp' <Predicate = true> <Delay = 3.65> <CoreInst = "m_axi">   --->   Core 119 'm_axi' <Latency = 3> <II = 1> <Delay = 1.00> <Adapter> <Opcode : 'read' 'write' 'readreq' 'writereq' 'writeresp'>
ST_130 : Operation 2108 [16/68] (3.65ns)   --->   "%gmem2_4_addr_resp = writeresp i1 @_ssdm_op_WriteResp.m_axi.i32P1A, i32 %gmem2_4_addr" [kernel.cpp:23]   --->   Operation 2108 'writeresp' 'gmem2_4_addr_resp' <Predicate = true> <Delay = 3.65> <CoreInst = "m_axi">   --->   Core 119 'm_axi' <Latency = 3> <II = 1> <Delay = 1.00> <Adapter> <Opcode : 'read' 'write' 'readreq' 'writereq' 'writeresp'>
ST_130 : Operation 2109 [16/68] (3.65ns)   --->   "%gmem2_5_addr_resp = writeresp i1 @_ssdm_op_WriteResp.m_axi.i32P1A, i32 %gmem2_5_addr" [kernel.cpp:23]   --->   Operation 2109 'writeresp' 'gmem2_5_addr_resp' <Predicate = true> <Delay = 3.65> <CoreInst = "m_axi">   --->   Core 119 'm_axi' <Latency = 3> <II = 1> <Delay = 1.00> <Adapter> <Opcode : 'read' 'write' 'readreq' 'writereq' 'writeresp'>
ST_130 : Operation 2110 [16/68] (3.65ns)   --->   "%gmem2_6_addr_resp = writeresp i1 @_ssdm_op_WriteResp.m_axi.i32P1A, i32 %gmem2_6_addr" [kernel.cpp:23]   --->   Operation 2110 'writeresp' 'gmem2_6_addr_resp' <Predicate = true> <Delay = 3.65> <CoreInst = "m_axi">   --->   Core 119 'm_axi' <Latency = 3> <II = 1> <Delay = 1.00> <Adapter> <Opcode : 'read' 'write' 'readreq' 'writereq' 'writeresp'>
ST_130 : Operation 2111 [16/68] (3.65ns)   --->   "%gmem2_7_addr_resp = writeresp i1 @_ssdm_op_WriteResp.m_axi.i32P1A, i32 %gmem2_7_addr" [kernel.cpp:23]   --->   Operation 2111 'writeresp' 'gmem2_7_addr_resp' <Predicate = true> <Delay = 3.65> <CoreInst = "m_axi">   --->   Core 119 'm_axi' <Latency = 3> <II = 1> <Delay = 1.00> <Adapter> <Opcode : 'read' 'write' 'readreq' 'writereq' 'writeresp'>

State 131 <SV = 130> <Delay = 3.65>
ST_131 : Operation 2112 [15/68] (3.65ns)   --->   "%gmem2_0_addr_resp = writeresp i1 @_ssdm_op_WriteResp.m_axi.i32P1A, i32 %gmem2_0_addr" [kernel.cpp:23]   --->   Operation 2112 'writeresp' 'gmem2_0_addr_resp' <Predicate = true> <Delay = 3.65> <CoreInst = "m_axi">   --->   Core 119 'm_axi' <Latency = 3> <II = 1> <Delay = 1.00> <Adapter> <Opcode : 'read' 'write' 'readreq' 'writereq' 'writeresp'>
ST_131 : Operation 2113 [15/68] (3.65ns)   --->   "%gmem2_1_addr_resp = writeresp i1 @_ssdm_op_WriteResp.m_axi.i32P1A, i32 %gmem2_1_addr" [kernel.cpp:23]   --->   Operation 2113 'writeresp' 'gmem2_1_addr_resp' <Predicate = true> <Delay = 3.65> <CoreInst = "m_axi">   --->   Core 119 'm_axi' <Latency = 3> <II = 1> <Delay = 1.00> <Adapter> <Opcode : 'read' 'write' 'readreq' 'writereq' 'writeresp'>
ST_131 : Operation 2114 [15/68] (3.65ns)   --->   "%gmem2_2_addr_resp = writeresp i1 @_ssdm_op_WriteResp.m_axi.i32P1A, i32 %gmem2_2_addr" [kernel.cpp:23]   --->   Operation 2114 'writeresp' 'gmem2_2_addr_resp' <Predicate = true> <Delay = 3.65> <CoreInst = "m_axi">   --->   Core 119 'm_axi' <Latency = 3> <II = 1> <Delay = 1.00> <Adapter> <Opcode : 'read' 'write' 'readreq' 'writereq' 'writeresp'>
ST_131 : Operation 2115 [15/68] (3.65ns)   --->   "%gmem2_3_addr_resp = writeresp i1 @_ssdm_op_WriteResp.m_axi.i32P1A, i32 %gmem2_3_addr" [kernel.cpp:23]   --->   Operation 2115 'writeresp' 'gmem2_3_addr_resp' <Predicate = true> <Delay = 3.65> <CoreInst = "m_axi">   --->   Core 119 'm_axi' <Latency = 3> <II = 1> <Delay = 1.00> <Adapter> <Opcode : 'read' 'write' 'readreq' 'writereq' 'writeresp'>
ST_131 : Operation 2116 [15/68] (3.65ns)   --->   "%gmem2_4_addr_resp = writeresp i1 @_ssdm_op_WriteResp.m_axi.i32P1A, i32 %gmem2_4_addr" [kernel.cpp:23]   --->   Operation 2116 'writeresp' 'gmem2_4_addr_resp' <Predicate = true> <Delay = 3.65> <CoreInst = "m_axi">   --->   Core 119 'm_axi' <Latency = 3> <II = 1> <Delay = 1.00> <Adapter> <Opcode : 'read' 'write' 'readreq' 'writereq' 'writeresp'>
ST_131 : Operation 2117 [15/68] (3.65ns)   --->   "%gmem2_5_addr_resp = writeresp i1 @_ssdm_op_WriteResp.m_axi.i32P1A, i32 %gmem2_5_addr" [kernel.cpp:23]   --->   Operation 2117 'writeresp' 'gmem2_5_addr_resp' <Predicate = true> <Delay = 3.65> <CoreInst = "m_axi">   --->   Core 119 'm_axi' <Latency = 3> <II = 1> <Delay = 1.00> <Adapter> <Opcode : 'read' 'write' 'readreq' 'writereq' 'writeresp'>
ST_131 : Operation 2118 [15/68] (3.65ns)   --->   "%gmem2_6_addr_resp = writeresp i1 @_ssdm_op_WriteResp.m_axi.i32P1A, i32 %gmem2_6_addr" [kernel.cpp:23]   --->   Operation 2118 'writeresp' 'gmem2_6_addr_resp' <Predicate = true> <Delay = 3.65> <CoreInst = "m_axi">   --->   Core 119 'm_axi' <Latency = 3> <II = 1> <Delay = 1.00> <Adapter> <Opcode : 'read' 'write' 'readreq' 'writereq' 'writeresp'>
ST_131 : Operation 2119 [15/68] (3.65ns)   --->   "%gmem2_7_addr_resp = writeresp i1 @_ssdm_op_WriteResp.m_axi.i32P1A, i32 %gmem2_7_addr" [kernel.cpp:23]   --->   Operation 2119 'writeresp' 'gmem2_7_addr_resp' <Predicate = true> <Delay = 3.65> <CoreInst = "m_axi">   --->   Core 119 'm_axi' <Latency = 3> <II = 1> <Delay = 1.00> <Adapter> <Opcode : 'read' 'write' 'readreq' 'writereq' 'writeresp'>

State 132 <SV = 131> <Delay = 3.65>
ST_132 : Operation 2120 [14/68] (3.65ns)   --->   "%gmem2_0_addr_resp = writeresp i1 @_ssdm_op_WriteResp.m_axi.i32P1A, i32 %gmem2_0_addr" [kernel.cpp:23]   --->   Operation 2120 'writeresp' 'gmem2_0_addr_resp' <Predicate = true> <Delay = 3.65> <CoreInst = "m_axi">   --->   Core 119 'm_axi' <Latency = 3> <II = 1> <Delay = 1.00> <Adapter> <Opcode : 'read' 'write' 'readreq' 'writereq' 'writeresp'>
ST_132 : Operation 2121 [14/68] (3.65ns)   --->   "%gmem2_1_addr_resp = writeresp i1 @_ssdm_op_WriteResp.m_axi.i32P1A, i32 %gmem2_1_addr" [kernel.cpp:23]   --->   Operation 2121 'writeresp' 'gmem2_1_addr_resp' <Predicate = true> <Delay = 3.65> <CoreInst = "m_axi">   --->   Core 119 'm_axi' <Latency = 3> <II = 1> <Delay = 1.00> <Adapter> <Opcode : 'read' 'write' 'readreq' 'writereq' 'writeresp'>
ST_132 : Operation 2122 [14/68] (3.65ns)   --->   "%gmem2_2_addr_resp = writeresp i1 @_ssdm_op_WriteResp.m_axi.i32P1A, i32 %gmem2_2_addr" [kernel.cpp:23]   --->   Operation 2122 'writeresp' 'gmem2_2_addr_resp' <Predicate = true> <Delay = 3.65> <CoreInst = "m_axi">   --->   Core 119 'm_axi' <Latency = 3> <II = 1> <Delay = 1.00> <Adapter> <Opcode : 'read' 'write' 'readreq' 'writereq' 'writeresp'>
ST_132 : Operation 2123 [14/68] (3.65ns)   --->   "%gmem2_3_addr_resp = writeresp i1 @_ssdm_op_WriteResp.m_axi.i32P1A, i32 %gmem2_3_addr" [kernel.cpp:23]   --->   Operation 2123 'writeresp' 'gmem2_3_addr_resp' <Predicate = true> <Delay = 3.65> <CoreInst = "m_axi">   --->   Core 119 'm_axi' <Latency = 3> <II = 1> <Delay = 1.00> <Adapter> <Opcode : 'read' 'write' 'readreq' 'writereq' 'writeresp'>
ST_132 : Operation 2124 [14/68] (3.65ns)   --->   "%gmem2_4_addr_resp = writeresp i1 @_ssdm_op_WriteResp.m_axi.i32P1A, i32 %gmem2_4_addr" [kernel.cpp:23]   --->   Operation 2124 'writeresp' 'gmem2_4_addr_resp' <Predicate = true> <Delay = 3.65> <CoreInst = "m_axi">   --->   Core 119 'm_axi' <Latency = 3> <II = 1> <Delay = 1.00> <Adapter> <Opcode : 'read' 'write' 'readreq' 'writereq' 'writeresp'>
ST_132 : Operation 2125 [14/68] (3.65ns)   --->   "%gmem2_5_addr_resp = writeresp i1 @_ssdm_op_WriteResp.m_axi.i32P1A, i32 %gmem2_5_addr" [kernel.cpp:23]   --->   Operation 2125 'writeresp' 'gmem2_5_addr_resp' <Predicate = true> <Delay = 3.65> <CoreInst = "m_axi">   --->   Core 119 'm_axi' <Latency = 3> <II = 1> <Delay = 1.00> <Adapter> <Opcode : 'read' 'write' 'readreq' 'writereq' 'writeresp'>
ST_132 : Operation 2126 [14/68] (3.65ns)   --->   "%gmem2_6_addr_resp = writeresp i1 @_ssdm_op_WriteResp.m_axi.i32P1A, i32 %gmem2_6_addr" [kernel.cpp:23]   --->   Operation 2126 'writeresp' 'gmem2_6_addr_resp' <Predicate = true> <Delay = 3.65> <CoreInst = "m_axi">   --->   Core 119 'm_axi' <Latency = 3> <II = 1> <Delay = 1.00> <Adapter> <Opcode : 'read' 'write' 'readreq' 'writereq' 'writeresp'>
ST_132 : Operation 2127 [14/68] (3.65ns)   --->   "%gmem2_7_addr_resp = writeresp i1 @_ssdm_op_WriteResp.m_axi.i32P1A, i32 %gmem2_7_addr" [kernel.cpp:23]   --->   Operation 2127 'writeresp' 'gmem2_7_addr_resp' <Predicate = true> <Delay = 3.65> <CoreInst = "m_axi">   --->   Core 119 'm_axi' <Latency = 3> <II = 1> <Delay = 1.00> <Adapter> <Opcode : 'read' 'write' 'readreq' 'writereq' 'writeresp'>

State 133 <SV = 132> <Delay = 3.65>
ST_133 : Operation 2128 [13/68] (3.65ns)   --->   "%gmem2_0_addr_resp = writeresp i1 @_ssdm_op_WriteResp.m_axi.i32P1A, i32 %gmem2_0_addr" [kernel.cpp:23]   --->   Operation 2128 'writeresp' 'gmem2_0_addr_resp' <Predicate = true> <Delay = 3.65> <CoreInst = "m_axi">   --->   Core 119 'm_axi' <Latency = 3> <II = 1> <Delay = 1.00> <Adapter> <Opcode : 'read' 'write' 'readreq' 'writereq' 'writeresp'>
ST_133 : Operation 2129 [13/68] (3.65ns)   --->   "%gmem2_1_addr_resp = writeresp i1 @_ssdm_op_WriteResp.m_axi.i32P1A, i32 %gmem2_1_addr" [kernel.cpp:23]   --->   Operation 2129 'writeresp' 'gmem2_1_addr_resp' <Predicate = true> <Delay = 3.65> <CoreInst = "m_axi">   --->   Core 119 'm_axi' <Latency = 3> <II = 1> <Delay = 1.00> <Adapter> <Opcode : 'read' 'write' 'readreq' 'writereq' 'writeresp'>
ST_133 : Operation 2130 [13/68] (3.65ns)   --->   "%gmem2_2_addr_resp = writeresp i1 @_ssdm_op_WriteResp.m_axi.i32P1A, i32 %gmem2_2_addr" [kernel.cpp:23]   --->   Operation 2130 'writeresp' 'gmem2_2_addr_resp' <Predicate = true> <Delay = 3.65> <CoreInst = "m_axi">   --->   Core 119 'm_axi' <Latency = 3> <II = 1> <Delay = 1.00> <Adapter> <Opcode : 'read' 'write' 'readreq' 'writereq' 'writeresp'>
ST_133 : Operation 2131 [13/68] (3.65ns)   --->   "%gmem2_3_addr_resp = writeresp i1 @_ssdm_op_WriteResp.m_axi.i32P1A, i32 %gmem2_3_addr" [kernel.cpp:23]   --->   Operation 2131 'writeresp' 'gmem2_3_addr_resp' <Predicate = true> <Delay = 3.65> <CoreInst = "m_axi">   --->   Core 119 'm_axi' <Latency = 3> <II = 1> <Delay = 1.00> <Adapter> <Opcode : 'read' 'write' 'readreq' 'writereq' 'writeresp'>
ST_133 : Operation 2132 [13/68] (3.65ns)   --->   "%gmem2_4_addr_resp = writeresp i1 @_ssdm_op_WriteResp.m_axi.i32P1A, i32 %gmem2_4_addr" [kernel.cpp:23]   --->   Operation 2132 'writeresp' 'gmem2_4_addr_resp' <Predicate = true> <Delay = 3.65> <CoreInst = "m_axi">   --->   Core 119 'm_axi' <Latency = 3> <II = 1> <Delay = 1.00> <Adapter> <Opcode : 'read' 'write' 'readreq' 'writereq' 'writeresp'>
ST_133 : Operation 2133 [13/68] (3.65ns)   --->   "%gmem2_5_addr_resp = writeresp i1 @_ssdm_op_WriteResp.m_axi.i32P1A, i32 %gmem2_5_addr" [kernel.cpp:23]   --->   Operation 2133 'writeresp' 'gmem2_5_addr_resp' <Predicate = true> <Delay = 3.65> <CoreInst = "m_axi">   --->   Core 119 'm_axi' <Latency = 3> <II = 1> <Delay = 1.00> <Adapter> <Opcode : 'read' 'write' 'readreq' 'writereq' 'writeresp'>
ST_133 : Operation 2134 [13/68] (3.65ns)   --->   "%gmem2_6_addr_resp = writeresp i1 @_ssdm_op_WriteResp.m_axi.i32P1A, i32 %gmem2_6_addr" [kernel.cpp:23]   --->   Operation 2134 'writeresp' 'gmem2_6_addr_resp' <Predicate = true> <Delay = 3.65> <CoreInst = "m_axi">   --->   Core 119 'm_axi' <Latency = 3> <II = 1> <Delay = 1.00> <Adapter> <Opcode : 'read' 'write' 'readreq' 'writereq' 'writeresp'>
ST_133 : Operation 2135 [13/68] (3.65ns)   --->   "%gmem2_7_addr_resp = writeresp i1 @_ssdm_op_WriteResp.m_axi.i32P1A, i32 %gmem2_7_addr" [kernel.cpp:23]   --->   Operation 2135 'writeresp' 'gmem2_7_addr_resp' <Predicate = true> <Delay = 3.65> <CoreInst = "m_axi">   --->   Core 119 'm_axi' <Latency = 3> <II = 1> <Delay = 1.00> <Adapter> <Opcode : 'read' 'write' 'readreq' 'writereq' 'writeresp'>

State 134 <SV = 133> <Delay = 3.65>
ST_134 : Operation 2136 [12/68] (3.65ns)   --->   "%gmem2_0_addr_resp = writeresp i1 @_ssdm_op_WriteResp.m_axi.i32P1A, i32 %gmem2_0_addr" [kernel.cpp:23]   --->   Operation 2136 'writeresp' 'gmem2_0_addr_resp' <Predicate = true> <Delay = 3.65> <CoreInst = "m_axi">   --->   Core 119 'm_axi' <Latency = 3> <II = 1> <Delay = 1.00> <Adapter> <Opcode : 'read' 'write' 'readreq' 'writereq' 'writeresp'>
ST_134 : Operation 2137 [12/68] (3.65ns)   --->   "%gmem2_1_addr_resp = writeresp i1 @_ssdm_op_WriteResp.m_axi.i32P1A, i32 %gmem2_1_addr" [kernel.cpp:23]   --->   Operation 2137 'writeresp' 'gmem2_1_addr_resp' <Predicate = true> <Delay = 3.65> <CoreInst = "m_axi">   --->   Core 119 'm_axi' <Latency = 3> <II = 1> <Delay = 1.00> <Adapter> <Opcode : 'read' 'write' 'readreq' 'writereq' 'writeresp'>
ST_134 : Operation 2138 [12/68] (3.65ns)   --->   "%gmem2_2_addr_resp = writeresp i1 @_ssdm_op_WriteResp.m_axi.i32P1A, i32 %gmem2_2_addr" [kernel.cpp:23]   --->   Operation 2138 'writeresp' 'gmem2_2_addr_resp' <Predicate = true> <Delay = 3.65> <CoreInst = "m_axi">   --->   Core 119 'm_axi' <Latency = 3> <II = 1> <Delay = 1.00> <Adapter> <Opcode : 'read' 'write' 'readreq' 'writereq' 'writeresp'>
ST_134 : Operation 2139 [12/68] (3.65ns)   --->   "%gmem2_3_addr_resp = writeresp i1 @_ssdm_op_WriteResp.m_axi.i32P1A, i32 %gmem2_3_addr" [kernel.cpp:23]   --->   Operation 2139 'writeresp' 'gmem2_3_addr_resp' <Predicate = true> <Delay = 3.65> <CoreInst = "m_axi">   --->   Core 119 'm_axi' <Latency = 3> <II = 1> <Delay = 1.00> <Adapter> <Opcode : 'read' 'write' 'readreq' 'writereq' 'writeresp'>
ST_134 : Operation 2140 [12/68] (3.65ns)   --->   "%gmem2_4_addr_resp = writeresp i1 @_ssdm_op_WriteResp.m_axi.i32P1A, i32 %gmem2_4_addr" [kernel.cpp:23]   --->   Operation 2140 'writeresp' 'gmem2_4_addr_resp' <Predicate = true> <Delay = 3.65> <CoreInst = "m_axi">   --->   Core 119 'm_axi' <Latency = 3> <II = 1> <Delay = 1.00> <Adapter> <Opcode : 'read' 'write' 'readreq' 'writereq' 'writeresp'>
ST_134 : Operation 2141 [12/68] (3.65ns)   --->   "%gmem2_5_addr_resp = writeresp i1 @_ssdm_op_WriteResp.m_axi.i32P1A, i32 %gmem2_5_addr" [kernel.cpp:23]   --->   Operation 2141 'writeresp' 'gmem2_5_addr_resp' <Predicate = true> <Delay = 3.65> <CoreInst = "m_axi">   --->   Core 119 'm_axi' <Latency = 3> <II = 1> <Delay = 1.00> <Adapter> <Opcode : 'read' 'write' 'readreq' 'writereq' 'writeresp'>
ST_134 : Operation 2142 [12/68] (3.65ns)   --->   "%gmem2_6_addr_resp = writeresp i1 @_ssdm_op_WriteResp.m_axi.i32P1A, i32 %gmem2_6_addr" [kernel.cpp:23]   --->   Operation 2142 'writeresp' 'gmem2_6_addr_resp' <Predicate = true> <Delay = 3.65> <CoreInst = "m_axi">   --->   Core 119 'm_axi' <Latency = 3> <II = 1> <Delay = 1.00> <Adapter> <Opcode : 'read' 'write' 'readreq' 'writereq' 'writeresp'>
ST_134 : Operation 2143 [12/68] (3.65ns)   --->   "%gmem2_7_addr_resp = writeresp i1 @_ssdm_op_WriteResp.m_axi.i32P1A, i32 %gmem2_7_addr" [kernel.cpp:23]   --->   Operation 2143 'writeresp' 'gmem2_7_addr_resp' <Predicate = true> <Delay = 3.65> <CoreInst = "m_axi">   --->   Core 119 'm_axi' <Latency = 3> <II = 1> <Delay = 1.00> <Adapter> <Opcode : 'read' 'write' 'readreq' 'writereq' 'writeresp'>

State 135 <SV = 134> <Delay = 3.65>
ST_135 : Operation 2144 [11/68] (3.65ns)   --->   "%gmem2_0_addr_resp = writeresp i1 @_ssdm_op_WriteResp.m_axi.i32P1A, i32 %gmem2_0_addr" [kernel.cpp:23]   --->   Operation 2144 'writeresp' 'gmem2_0_addr_resp' <Predicate = true> <Delay = 3.65> <CoreInst = "m_axi">   --->   Core 119 'm_axi' <Latency = 3> <II = 1> <Delay = 1.00> <Adapter> <Opcode : 'read' 'write' 'readreq' 'writereq' 'writeresp'>
ST_135 : Operation 2145 [11/68] (3.65ns)   --->   "%gmem2_1_addr_resp = writeresp i1 @_ssdm_op_WriteResp.m_axi.i32P1A, i32 %gmem2_1_addr" [kernel.cpp:23]   --->   Operation 2145 'writeresp' 'gmem2_1_addr_resp' <Predicate = true> <Delay = 3.65> <CoreInst = "m_axi">   --->   Core 119 'm_axi' <Latency = 3> <II = 1> <Delay = 1.00> <Adapter> <Opcode : 'read' 'write' 'readreq' 'writereq' 'writeresp'>
ST_135 : Operation 2146 [11/68] (3.65ns)   --->   "%gmem2_2_addr_resp = writeresp i1 @_ssdm_op_WriteResp.m_axi.i32P1A, i32 %gmem2_2_addr" [kernel.cpp:23]   --->   Operation 2146 'writeresp' 'gmem2_2_addr_resp' <Predicate = true> <Delay = 3.65> <CoreInst = "m_axi">   --->   Core 119 'm_axi' <Latency = 3> <II = 1> <Delay = 1.00> <Adapter> <Opcode : 'read' 'write' 'readreq' 'writereq' 'writeresp'>
ST_135 : Operation 2147 [11/68] (3.65ns)   --->   "%gmem2_3_addr_resp = writeresp i1 @_ssdm_op_WriteResp.m_axi.i32P1A, i32 %gmem2_3_addr" [kernel.cpp:23]   --->   Operation 2147 'writeresp' 'gmem2_3_addr_resp' <Predicate = true> <Delay = 3.65> <CoreInst = "m_axi">   --->   Core 119 'm_axi' <Latency = 3> <II = 1> <Delay = 1.00> <Adapter> <Opcode : 'read' 'write' 'readreq' 'writereq' 'writeresp'>
ST_135 : Operation 2148 [11/68] (3.65ns)   --->   "%gmem2_4_addr_resp = writeresp i1 @_ssdm_op_WriteResp.m_axi.i32P1A, i32 %gmem2_4_addr" [kernel.cpp:23]   --->   Operation 2148 'writeresp' 'gmem2_4_addr_resp' <Predicate = true> <Delay = 3.65> <CoreInst = "m_axi">   --->   Core 119 'm_axi' <Latency = 3> <II = 1> <Delay = 1.00> <Adapter> <Opcode : 'read' 'write' 'readreq' 'writereq' 'writeresp'>
ST_135 : Operation 2149 [11/68] (3.65ns)   --->   "%gmem2_5_addr_resp = writeresp i1 @_ssdm_op_WriteResp.m_axi.i32P1A, i32 %gmem2_5_addr" [kernel.cpp:23]   --->   Operation 2149 'writeresp' 'gmem2_5_addr_resp' <Predicate = true> <Delay = 3.65> <CoreInst = "m_axi">   --->   Core 119 'm_axi' <Latency = 3> <II = 1> <Delay = 1.00> <Adapter> <Opcode : 'read' 'write' 'readreq' 'writereq' 'writeresp'>
ST_135 : Operation 2150 [11/68] (3.65ns)   --->   "%gmem2_6_addr_resp = writeresp i1 @_ssdm_op_WriteResp.m_axi.i32P1A, i32 %gmem2_6_addr" [kernel.cpp:23]   --->   Operation 2150 'writeresp' 'gmem2_6_addr_resp' <Predicate = true> <Delay = 3.65> <CoreInst = "m_axi">   --->   Core 119 'm_axi' <Latency = 3> <II = 1> <Delay = 1.00> <Adapter> <Opcode : 'read' 'write' 'readreq' 'writereq' 'writeresp'>
ST_135 : Operation 2151 [11/68] (3.65ns)   --->   "%gmem2_7_addr_resp = writeresp i1 @_ssdm_op_WriteResp.m_axi.i32P1A, i32 %gmem2_7_addr" [kernel.cpp:23]   --->   Operation 2151 'writeresp' 'gmem2_7_addr_resp' <Predicate = true> <Delay = 3.65> <CoreInst = "m_axi">   --->   Core 119 'm_axi' <Latency = 3> <II = 1> <Delay = 1.00> <Adapter> <Opcode : 'read' 'write' 'readreq' 'writereq' 'writeresp'>

State 136 <SV = 135> <Delay = 3.65>
ST_136 : Operation 2152 [10/68] (3.65ns)   --->   "%gmem2_0_addr_resp = writeresp i1 @_ssdm_op_WriteResp.m_axi.i32P1A, i32 %gmem2_0_addr" [kernel.cpp:23]   --->   Operation 2152 'writeresp' 'gmem2_0_addr_resp' <Predicate = true> <Delay = 3.65> <CoreInst = "m_axi">   --->   Core 119 'm_axi' <Latency = 3> <II = 1> <Delay = 1.00> <Adapter> <Opcode : 'read' 'write' 'readreq' 'writereq' 'writeresp'>
ST_136 : Operation 2153 [10/68] (3.65ns)   --->   "%gmem2_1_addr_resp = writeresp i1 @_ssdm_op_WriteResp.m_axi.i32P1A, i32 %gmem2_1_addr" [kernel.cpp:23]   --->   Operation 2153 'writeresp' 'gmem2_1_addr_resp' <Predicate = true> <Delay = 3.65> <CoreInst = "m_axi">   --->   Core 119 'm_axi' <Latency = 3> <II = 1> <Delay = 1.00> <Adapter> <Opcode : 'read' 'write' 'readreq' 'writereq' 'writeresp'>
ST_136 : Operation 2154 [10/68] (3.65ns)   --->   "%gmem2_2_addr_resp = writeresp i1 @_ssdm_op_WriteResp.m_axi.i32P1A, i32 %gmem2_2_addr" [kernel.cpp:23]   --->   Operation 2154 'writeresp' 'gmem2_2_addr_resp' <Predicate = true> <Delay = 3.65> <CoreInst = "m_axi">   --->   Core 119 'm_axi' <Latency = 3> <II = 1> <Delay = 1.00> <Adapter> <Opcode : 'read' 'write' 'readreq' 'writereq' 'writeresp'>
ST_136 : Operation 2155 [10/68] (3.65ns)   --->   "%gmem2_3_addr_resp = writeresp i1 @_ssdm_op_WriteResp.m_axi.i32P1A, i32 %gmem2_3_addr" [kernel.cpp:23]   --->   Operation 2155 'writeresp' 'gmem2_3_addr_resp' <Predicate = true> <Delay = 3.65> <CoreInst = "m_axi">   --->   Core 119 'm_axi' <Latency = 3> <II = 1> <Delay = 1.00> <Adapter> <Opcode : 'read' 'write' 'readreq' 'writereq' 'writeresp'>
ST_136 : Operation 2156 [10/68] (3.65ns)   --->   "%gmem2_4_addr_resp = writeresp i1 @_ssdm_op_WriteResp.m_axi.i32P1A, i32 %gmem2_4_addr" [kernel.cpp:23]   --->   Operation 2156 'writeresp' 'gmem2_4_addr_resp' <Predicate = true> <Delay = 3.65> <CoreInst = "m_axi">   --->   Core 119 'm_axi' <Latency = 3> <II = 1> <Delay = 1.00> <Adapter> <Opcode : 'read' 'write' 'readreq' 'writereq' 'writeresp'>
ST_136 : Operation 2157 [10/68] (3.65ns)   --->   "%gmem2_5_addr_resp = writeresp i1 @_ssdm_op_WriteResp.m_axi.i32P1A, i32 %gmem2_5_addr" [kernel.cpp:23]   --->   Operation 2157 'writeresp' 'gmem2_5_addr_resp' <Predicate = true> <Delay = 3.65> <CoreInst = "m_axi">   --->   Core 119 'm_axi' <Latency = 3> <II = 1> <Delay = 1.00> <Adapter> <Opcode : 'read' 'write' 'readreq' 'writereq' 'writeresp'>
ST_136 : Operation 2158 [10/68] (3.65ns)   --->   "%gmem2_6_addr_resp = writeresp i1 @_ssdm_op_WriteResp.m_axi.i32P1A, i32 %gmem2_6_addr" [kernel.cpp:23]   --->   Operation 2158 'writeresp' 'gmem2_6_addr_resp' <Predicate = true> <Delay = 3.65> <CoreInst = "m_axi">   --->   Core 119 'm_axi' <Latency = 3> <II = 1> <Delay = 1.00> <Adapter> <Opcode : 'read' 'write' 'readreq' 'writereq' 'writeresp'>
ST_136 : Operation 2159 [10/68] (3.65ns)   --->   "%gmem2_7_addr_resp = writeresp i1 @_ssdm_op_WriteResp.m_axi.i32P1A, i32 %gmem2_7_addr" [kernel.cpp:23]   --->   Operation 2159 'writeresp' 'gmem2_7_addr_resp' <Predicate = true> <Delay = 3.65> <CoreInst = "m_axi">   --->   Core 119 'm_axi' <Latency = 3> <II = 1> <Delay = 1.00> <Adapter> <Opcode : 'read' 'write' 'readreq' 'writereq' 'writeresp'>

State 137 <SV = 136> <Delay = 3.65>
ST_137 : Operation 2160 [9/68] (3.65ns)   --->   "%gmem2_0_addr_resp = writeresp i1 @_ssdm_op_WriteResp.m_axi.i32P1A, i32 %gmem2_0_addr" [kernel.cpp:23]   --->   Operation 2160 'writeresp' 'gmem2_0_addr_resp' <Predicate = true> <Delay = 3.65> <CoreInst = "m_axi">   --->   Core 119 'm_axi' <Latency = 3> <II = 1> <Delay = 1.00> <Adapter> <Opcode : 'read' 'write' 'readreq' 'writereq' 'writeresp'>
ST_137 : Operation 2161 [9/68] (3.65ns)   --->   "%gmem2_1_addr_resp = writeresp i1 @_ssdm_op_WriteResp.m_axi.i32P1A, i32 %gmem2_1_addr" [kernel.cpp:23]   --->   Operation 2161 'writeresp' 'gmem2_1_addr_resp' <Predicate = true> <Delay = 3.65> <CoreInst = "m_axi">   --->   Core 119 'm_axi' <Latency = 3> <II = 1> <Delay = 1.00> <Adapter> <Opcode : 'read' 'write' 'readreq' 'writereq' 'writeresp'>
ST_137 : Operation 2162 [9/68] (3.65ns)   --->   "%gmem2_2_addr_resp = writeresp i1 @_ssdm_op_WriteResp.m_axi.i32P1A, i32 %gmem2_2_addr" [kernel.cpp:23]   --->   Operation 2162 'writeresp' 'gmem2_2_addr_resp' <Predicate = true> <Delay = 3.65> <CoreInst = "m_axi">   --->   Core 119 'm_axi' <Latency = 3> <II = 1> <Delay = 1.00> <Adapter> <Opcode : 'read' 'write' 'readreq' 'writereq' 'writeresp'>
ST_137 : Operation 2163 [9/68] (3.65ns)   --->   "%gmem2_3_addr_resp = writeresp i1 @_ssdm_op_WriteResp.m_axi.i32P1A, i32 %gmem2_3_addr" [kernel.cpp:23]   --->   Operation 2163 'writeresp' 'gmem2_3_addr_resp' <Predicate = true> <Delay = 3.65> <CoreInst = "m_axi">   --->   Core 119 'm_axi' <Latency = 3> <II = 1> <Delay = 1.00> <Adapter> <Opcode : 'read' 'write' 'readreq' 'writereq' 'writeresp'>
ST_137 : Operation 2164 [9/68] (3.65ns)   --->   "%gmem2_4_addr_resp = writeresp i1 @_ssdm_op_WriteResp.m_axi.i32P1A, i32 %gmem2_4_addr" [kernel.cpp:23]   --->   Operation 2164 'writeresp' 'gmem2_4_addr_resp' <Predicate = true> <Delay = 3.65> <CoreInst = "m_axi">   --->   Core 119 'm_axi' <Latency = 3> <II = 1> <Delay = 1.00> <Adapter> <Opcode : 'read' 'write' 'readreq' 'writereq' 'writeresp'>
ST_137 : Operation 2165 [9/68] (3.65ns)   --->   "%gmem2_5_addr_resp = writeresp i1 @_ssdm_op_WriteResp.m_axi.i32P1A, i32 %gmem2_5_addr" [kernel.cpp:23]   --->   Operation 2165 'writeresp' 'gmem2_5_addr_resp' <Predicate = true> <Delay = 3.65> <CoreInst = "m_axi">   --->   Core 119 'm_axi' <Latency = 3> <II = 1> <Delay = 1.00> <Adapter> <Opcode : 'read' 'write' 'readreq' 'writereq' 'writeresp'>
ST_137 : Operation 2166 [9/68] (3.65ns)   --->   "%gmem2_6_addr_resp = writeresp i1 @_ssdm_op_WriteResp.m_axi.i32P1A, i32 %gmem2_6_addr" [kernel.cpp:23]   --->   Operation 2166 'writeresp' 'gmem2_6_addr_resp' <Predicate = true> <Delay = 3.65> <CoreInst = "m_axi">   --->   Core 119 'm_axi' <Latency = 3> <II = 1> <Delay = 1.00> <Adapter> <Opcode : 'read' 'write' 'readreq' 'writereq' 'writeresp'>
ST_137 : Operation 2167 [9/68] (3.65ns)   --->   "%gmem2_7_addr_resp = writeresp i1 @_ssdm_op_WriteResp.m_axi.i32P1A, i32 %gmem2_7_addr" [kernel.cpp:23]   --->   Operation 2167 'writeresp' 'gmem2_7_addr_resp' <Predicate = true> <Delay = 3.65> <CoreInst = "m_axi">   --->   Core 119 'm_axi' <Latency = 3> <II = 1> <Delay = 1.00> <Adapter> <Opcode : 'read' 'write' 'readreq' 'writereq' 'writeresp'>

State 138 <SV = 137> <Delay = 3.65>
ST_138 : Operation 2168 [8/68] (3.65ns)   --->   "%gmem2_0_addr_resp = writeresp i1 @_ssdm_op_WriteResp.m_axi.i32P1A, i32 %gmem2_0_addr" [kernel.cpp:23]   --->   Operation 2168 'writeresp' 'gmem2_0_addr_resp' <Predicate = true> <Delay = 3.65> <CoreInst = "m_axi">   --->   Core 119 'm_axi' <Latency = 3> <II = 1> <Delay = 1.00> <Adapter> <Opcode : 'read' 'write' 'readreq' 'writereq' 'writeresp'>
ST_138 : Operation 2169 [8/68] (3.65ns)   --->   "%gmem2_1_addr_resp = writeresp i1 @_ssdm_op_WriteResp.m_axi.i32P1A, i32 %gmem2_1_addr" [kernel.cpp:23]   --->   Operation 2169 'writeresp' 'gmem2_1_addr_resp' <Predicate = true> <Delay = 3.65> <CoreInst = "m_axi">   --->   Core 119 'm_axi' <Latency = 3> <II = 1> <Delay = 1.00> <Adapter> <Opcode : 'read' 'write' 'readreq' 'writereq' 'writeresp'>
ST_138 : Operation 2170 [8/68] (3.65ns)   --->   "%gmem2_2_addr_resp = writeresp i1 @_ssdm_op_WriteResp.m_axi.i32P1A, i32 %gmem2_2_addr" [kernel.cpp:23]   --->   Operation 2170 'writeresp' 'gmem2_2_addr_resp' <Predicate = true> <Delay = 3.65> <CoreInst = "m_axi">   --->   Core 119 'm_axi' <Latency = 3> <II = 1> <Delay = 1.00> <Adapter> <Opcode : 'read' 'write' 'readreq' 'writereq' 'writeresp'>
ST_138 : Operation 2171 [8/68] (3.65ns)   --->   "%gmem2_3_addr_resp = writeresp i1 @_ssdm_op_WriteResp.m_axi.i32P1A, i32 %gmem2_3_addr" [kernel.cpp:23]   --->   Operation 2171 'writeresp' 'gmem2_3_addr_resp' <Predicate = true> <Delay = 3.65> <CoreInst = "m_axi">   --->   Core 119 'm_axi' <Latency = 3> <II = 1> <Delay = 1.00> <Adapter> <Opcode : 'read' 'write' 'readreq' 'writereq' 'writeresp'>
ST_138 : Operation 2172 [8/68] (3.65ns)   --->   "%gmem2_4_addr_resp = writeresp i1 @_ssdm_op_WriteResp.m_axi.i32P1A, i32 %gmem2_4_addr" [kernel.cpp:23]   --->   Operation 2172 'writeresp' 'gmem2_4_addr_resp' <Predicate = true> <Delay = 3.65> <CoreInst = "m_axi">   --->   Core 119 'm_axi' <Latency = 3> <II = 1> <Delay = 1.00> <Adapter> <Opcode : 'read' 'write' 'readreq' 'writereq' 'writeresp'>
ST_138 : Operation 2173 [8/68] (3.65ns)   --->   "%gmem2_5_addr_resp = writeresp i1 @_ssdm_op_WriteResp.m_axi.i32P1A, i32 %gmem2_5_addr" [kernel.cpp:23]   --->   Operation 2173 'writeresp' 'gmem2_5_addr_resp' <Predicate = true> <Delay = 3.65> <CoreInst = "m_axi">   --->   Core 119 'm_axi' <Latency = 3> <II = 1> <Delay = 1.00> <Adapter> <Opcode : 'read' 'write' 'readreq' 'writereq' 'writeresp'>
ST_138 : Operation 2174 [8/68] (3.65ns)   --->   "%gmem2_6_addr_resp = writeresp i1 @_ssdm_op_WriteResp.m_axi.i32P1A, i32 %gmem2_6_addr" [kernel.cpp:23]   --->   Operation 2174 'writeresp' 'gmem2_6_addr_resp' <Predicate = true> <Delay = 3.65> <CoreInst = "m_axi">   --->   Core 119 'm_axi' <Latency = 3> <II = 1> <Delay = 1.00> <Adapter> <Opcode : 'read' 'write' 'readreq' 'writereq' 'writeresp'>
ST_138 : Operation 2175 [8/68] (3.65ns)   --->   "%gmem2_7_addr_resp = writeresp i1 @_ssdm_op_WriteResp.m_axi.i32P1A, i32 %gmem2_7_addr" [kernel.cpp:23]   --->   Operation 2175 'writeresp' 'gmem2_7_addr_resp' <Predicate = true> <Delay = 3.65> <CoreInst = "m_axi">   --->   Core 119 'm_axi' <Latency = 3> <II = 1> <Delay = 1.00> <Adapter> <Opcode : 'read' 'write' 'readreq' 'writereq' 'writeresp'>

State 139 <SV = 138> <Delay = 3.65>
ST_139 : Operation 2176 [7/68] (3.65ns)   --->   "%gmem2_0_addr_resp = writeresp i1 @_ssdm_op_WriteResp.m_axi.i32P1A, i32 %gmem2_0_addr" [kernel.cpp:23]   --->   Operation 2176 'writeresp' 'gmem2_0_addr_resp' <Predicate = true> <Delay = 3.65> <CoreInst = "m_axi">   --->   Core 119 'm_axi' <Latency = 3> <II = 1> <Delay = 1.00> <Adapter> <Opcode : 'read' 'write' 'readreq' 'writereq' 'writeresp'>
ST_139 : Operation 2177 [7/68] (3.65ns)   --->   "%gmem2_1_addr_resp = writeresp i1 @_ssdm_op_WriteResp.m_axi.i32P1A, i32 %gmem2_1_addr" [kernel.cpp:23]   --->   Operation 2177 'writeresp' 'gmem2_1_addr_resp' <Predicate = true> <Delay = 3.65> <CoreInst = "m_axi">   --->   Core 119 'm_axi' <Latency = 3> <II = 1> <Delay = 1.00> <Adapter> <Opcode : 'read' 'write' 'readreq' 'writereq' 'writeresp'>
ST_139 : Operation 2178 [7/68] (3.65ns)   --->   "%gmem2_2_addr_resp = writeresp i1 @_ssdm_op_WriteResp.m_axi.i32P1A, i32 %gmem2_2_addr" [kernel.cpp:23]   --->   Operation 2178 'writeresp' 'gmem2_2_addr_resp' <Predicate = true> <Delay = 3.65> <CoreInst = "m_axi">   --->   Core 119 'm_axi' <Latency = 3> <II = 1> <Delay = 1.00> <Adapter> <Opcode : 'read' 'write' 'readreq' 'writereq' 'writeresp'>
ST_139 : Operation 2179 [7/68] (3.65ns)   --->   "%gmem2_3_addr_resp = writeresp i1 @_ssdm_op_WriteResp.m_axi.i32P1A, i32 %gmem2_3_addr" [kernel.cpp:23]   --->   Operation 2179 'writeresp' 'gmem2_3_addr_resp' <Predicate = true> <Delay = 3.65> <CoreInst = "m_axi">   --->   Core 119 'm_axi' <Latency = 3> <II = 1> <Delay = 1.00> <Adapter> <Opcode : 'read' 'write' 'readreq' 'writereq' 'writeresp'>
ST_139 : Operation 2180 [7/68] (3.65ns)   --->   "%gmem2_4_addr_resp = writeresp i1 @_ssdm_op_WriteResp.m_axi.i32P1A, i32 %gmem2_4_addr" [kernel.cpp:23]   --->   Operation 2180 'writeresp' 'gmem2_4_addr_resp' <Predicate = true> <Delay = 3.65> <CoreInst = "m_axi">   --->   Core 119 'm_axi' <Latency = 3> <II = 1> <Delay = 1.00> <Adapter> <Opcode : 'read' 'write' 'readreq' 'writereq' 'writeresp'>
ST_139 : Operation 2181 [7/68] (3.65ns)   --->   "%gmem2_5_addr_resp = writeresp i1 @_ssdm_op_WriteResp.m_axi.i32P1A, i32 %gmem2_5_addr" [kernel.cpp:23]   --->   Operation 2181 'writeresp' 'gmem2_5_addr_resp' <Predicate = true> <Delay = 3.65> <CoreInst = "m_axi">   --->   Core 119 'm_axi' <Latency = 3> <II = 1> <Delay = 1.00> <Adapter> <Opcode : 'read' 'write' 'readreq' 'writereq' 'writeresp'>
ST_139 : Operation 2182 [7/68] (3.65ns)   --->   "%gmem2_6_addr_resp = writeresp i1 @_ssdm_op_WriteResp.m_axi.i32P1A, i32 %gmem2_6_addr" [kernel.cpp:23]   --->   Operation 2182 'writeresp' 'gmem2_6_addr_resp' <Predicate = true> <Delay = 3.65> <CoreInst = "m_axi">   --->   Core 119 'm_axi' <Latency = 3> <II = 1> <Delay = 1.00> <Adapter> <Opcode : 'read' 'write' 'readreq' 'writereq' 'writeresp'>
ST_139 : Operation 2183 [7/68] (3.65ns)   --->   "%gmem2_7_addr_resp = writeresp i1 @_ssdm_op_WriteResp.m_axi.i32P1A, i32 %gmem2_7_addr" [kernel.cpp:23]   --->   Operation 2183 'writeresp' 'gmem2_7_addr_resp' <Predicate = true> <Delay = 3.65> <CoreInst = "m_axi">   --->   Core 119 'm_axi' <Latency = 3> <II = 1> <Delay = 1.00> <Adapter> <Opcode : 'read' 'write' 'readreq' 'writereq' 'writeresp'>

State 140 <SV = 139> <Delay = 3.65>
ST_140 : Operation 2184 [6/68] (3.65ns)   --->   "%gmem2_0_addr_resp = writeresp i1 @_ssdm_op_WriteResp.m_axi.i32P1A, i32 %gmem2_0_addr" [kernel.cpp:23]   --->   Operation 2184 'writeresp' 'gmem2_0_addr_resp' <Predicate = true> <Delay = 3.65> <CoreInst = "m_axi">   --->   Core 119 'm_axi' <Latency = 3> <II = 1> <Delay = 1.00> <Adapter> <Opcode : 'read' 'write' 'readreq' 'writereq' 'writeresp'>
ST_140 : Operation 2185 [6/68] (3.65ns)   --->   "%gmem2_1_addr_resp = writeresp i1 @_ssdm_op_WriteResp.m_axi.i32P1A, i32 %gmem2_1_addr" [kernel.cpp:23]   --->   Operation 2185 'writeresp' 'gmem2_1_addr_resp' <Predicate = true> <Delay = 3.65> <CoreInst = "m_axi">   --->   Core 119 'm_axi' <Latency = 3> <II = 1> <Delay = 1.00> <Adapter> <Opcode : 'read' 'write' 'readreq' 'writereq' 'writeresp'>
ST_140 : Operation 2186 [6/68] (3.65ns)   --->   "%gmem2_2_addr_resp = writeresp i1 @_ssdm_op_WriteResp.m_axi.i32P1A, i32 %gmem2_2_addr" [kernel.cpp:23]   --->   Operation 2186 'writeresp' 'gmem2_2_addr_resp' <Predicate = true> <Delay = 3.65> <CoreInst = "m_axi">   --->   Core 119 'm_axi' <Latency = 3> <II = 1> <Delay = 1.00> <Adapter> <Opcode : 'read' 'write' 'readreq' 'writereq' 'writeresp'>
ST_140 : Operation 2187 [6/68] (3.65ns)   --->   "%gmem2_3_addr_resp = writeresp i1 @_ssdm_op_WriteResp.m_axi.i32P1A, i32 %gmem2_3_addr" [kernel.cpp:23]   --->   Operation 2187 'writeresp' 'gmem2_3_addr_resp' <Predicate = true> <Delay = 3.65> <CoreInst = "m_axi">   --->   Core 119 'm_axi' <Latency = 3> <II = 1> <Delay = 1.00> <Adapter> <Opcode : 'read' 'write' 'readreq' 'writereq' 'writeresp'>
ST_140 : Operation 2188 [6/68] (3.65ns)   --->   "%gmem2_4_addr_resp = writeresp i1 @_ssdm_op_WriteResp.m_axi.i32P1A, i32 %gmem2_4_addr" [kernel.cpp:23]   --->   Operation 2188 'writeresp' 'gmem2_4_addr_resp' <Predicate = true> <Delay = 3.65> <CoreInst = "m_axi">   --->   Core 119 'm_axi' <Latency = 3> <II = 1> <Delay = 1.00> <Adapter> <Opcode : 'read' 'write' 'readreq' 'writereq' 'writeresp'>
ST_140 : Operation 2189 [6/68] (3.65ns)   --->   "%gmem2_5_addr_resp = writeresp i1 @_ssdm_op_WriteResp.m_axi.i32P1A, i32 %gmem2_5_addr" [kernel.cpp:23]   --->   Operation 2189 'writeresp' 'gmem2_5_addr_resp' <Predicate = true> <Delay = 3.65> <CoreInst = "m_axi">   --->   Core 119 'm_axi' <Latency = 3> <II = 1> <Delay = 1.00> <Adapter> <Opcode : 'read' 'write' 'readreq' 'writereq' 'writeresp'>
ST_140 : Operation 2190 [6/68] (3.65ns)   --->   "%gmem2_6_addr_resp = writeresp i1 @_ssdm_op_WriteResp.m_axi.i32P1A, i32 %gmem2_6_addr" [kernel.cpp:23]   --->   Operation 2190 'writeresp' 'gmem2_6_addr_resp' <Predicate = true> <Delay = 3.65> <CoreInst = "m_axi">   --->   Core 119 'm_axi' <Latency = 3> <II = 1> <Delay = 1.00> <Adapter> <Opcode : 'read' 'write' 'readreq' 'writereq' 'writeresp'>
ST_140 : Operation 2191 [6/68] (3.65ns)   --->   "%gmem2_7_addr_resp = writeresp i1 @_ssdm_op_WriteResp.m_axi.i32P1A, i32 %gmem2_7_addr" [kernel.cpp:23]   --->   Operation 2191 'writeresp' 'gmem2_7_addr_resp' <Predicate = true> <Delay = 3.65> <CoreInst = "m_axi">   --->   Core 119 'm_axi' <Latency = 3> <II = 1> <Delay = 1.00> <Adapter> <Opcode : 'read' 'write' 'readreq' 'writereq' 'writeresp'>

State 141 <SV = 140> <Delay = 3.65>
ST_141 : Operation 2192 [5/68] (3.65ns)   --->   "%gmem2_0_addr_resp = writeresp i1 @_ssdm_op_WriteResp.m_axi.i32P1A, i32 %gmem2_0_addr" [kernel.cpp:23]   --->   Operation 2192 'writeresp' 'gmem2_0_addr_resp' <Predicate = true> <Delay = 3.65> <CoreInst = "m_axi">   --->   Core 119 'm_axi' <Latency = 3> <II = 1> <Delay = 1.00> <Adapter> <Opcode : 'read' 'write' 'readreq' 'writereq' 'writeresp'>
ST_141 : Operation 2193 [5/68] (3.65ns)   --->   "%gmem2_1_addr_resp = writeresp i1 @_ssdm_op_WriteResp.m_axi.i32P1A, i32 %gmem2_1_addr" [kernel.cpp:23]   --->   Operation 2193 'writeresp' 'gmem2_1_addr_resp' <Predicate = true> <Delay = 3.65> <CoreInst = "m_axi">   --->   Core 119 'm_axi' <Latency = 3> <II = 1> <Delay = 1.00> <Adapter> <Opcode : 'read' 'write' 'readreq' 'writereq' 'writeresp'>
ST_141 : Operation 2194 [5/68] (3.65ns)   --->   "%gmem2_2_addr_resp = writeresp i1 @_ssdm_op_WriteResp.m_axi.i32P1A, i32 %gmem2_2_addr" [kernel.cpp:23]   --->   Operation 2194 'writeresp' 'gmem2_2_addr_resp' <Predicate = true> <Delay = 3.65> <CoreInst = "m_axi">   --->   Core 119 'm_axi' <Latency = 3> <II = 1> <Delay = 1.00> <Adapter> <Opcode : 'read' 'write' 'readreq' 'writereq' 'writeresp'>
ST_141 : Operation 2195 [5/68] (3.65ns)   --->   "%gmem2_3_addr_resp = writeresp i1 @_ssdm_op_WriteResp.m_axi.i32P1A, i32 %gmem2_3_addr" [kernel.cpp:23]   --->   Operation 2195 'writeresp' 'gmem2_3_addr_resp' <Predicate = true> <Delay = 3.65> <CoreInst = "m_axi">   --->   Core 119 'm_axi' <Latency = 3> <II = 1> <Delay = 1.00> <Adapter> <Opcode : 'read' 'write' 'readreq' 'writereq' 'writeresp'>
ST_141 : Operation 2196 [5/68] (3.65ns)   --->   "%gmem2_4_addr_resp = writeresp i1 @_ssdm_op_WriteResp.m_axi.i32P1A, i32 %gmem2_4_addr" [kernel.cpp:23]   --->   Operation 2196 'writeresp' 'gmem2_4_addr_resp' <Predicate = true> <Delay = 3.65> <CoreInst = "m_axi">   --->   Core 119 'm_axi' <Latency = 3> <II = 1> <Delay = 1.00> <Adapter> <Opcode : 'read' 'write' 'readreq' 'writereq' 'writeresp'>
ST_141 : Operation 2197 [5/68] (3.65ns)   --->   "%gmem2_5_addr_resp = writeresp i1 @_ssdm_op_WriteResp.m_axi.i32P1A, i32 %gmem2_5_addr" [kernel.cpp:23]   --->   Operation 2197 'writeresp' 'gmem2_5_addr_resp' <Predicate = true> <Delay = 3.65> <CoreInst = "m_axi">   --->   Core 119 'm_axi' <Latency = 3> <II = 1> <Delay = 1.00> <Adapter> <Opcode : 'read' 'write' 'readreq' 'writereq' 'writeresp'>
ST_141 : Operation 2198 [5/68] (3.65ns)   --->   "%gmem2_6_addr_resp = writeresp i1 @_ssdm_op_WriteResp.m_axi.i32P1A, i32 %gmem2_6_addr" [kernel.cpp:23]   --->   Operation 2198 'writeresp' 'gmem2_6_addr_resp' <Predicate = true> <Delay = 3.65> <CoreInst = "m_axi">   --->   Core 119 'm_axi' <Latency = 3> <II = 1> <Delay = 1.00> <Adapter> <Opcode : 'read' 'write' 'readreq' 'writereq' 'writeresp'>
ST_141 : Operation 2199 [5/68] (3.65ns)   --->   "%gmem2_7_addr_resp = writeresp i1 @_ssdm_op_WriteResp.m_axi.i32P1A, i32 %gmem2_7_addr" [kernel.cpp:23]   --->   Operation 2199 'writeresp' 'gmem2_7_addr_resp' <Predicate = true> <Delay = 3.65> <CoreInst = "m_axi">   --->   Core 119 'm_axi' <Latency = 3> <II = 1> <Delay = 1.00> <Adapter> <Opcode : 'read' 'write' 'readreq' 'writereq' 'writeresp'>

State 142 <SV = 141> <Delay = 3.65>
ST_142 : Operation 2200 [4/68] (3.65ns)   --->   "%gmem2_0_addr_resp = writeresp i1 @_ssdm_op_WriteResp.m_axi.i32P1A, i32 %gmem2_0_addr" [kernel.cpp:23]   --->   Operation 2200 'writeresp' 'gmem2_0_addr_resp' <Predicate = true> <Delay = 3.65> <CoreInst = "m_axi">   --->   Core 119 'm_axi' <Latency = 3> <II = 1> <Delay = 1.00> <Adapter> <Opcode : 'read' 'write' 'readreq' 'writereq' 'writeresp'>
ST_142 : Operation 2201 [4/68] (3.65ns)   --->   "%gmem2_1_addr_resp = writeresp i1 @_ssdm_op_WriteResp.m_axi.i32P1A, i32 %gmem2_1_addr" [kernel.cpp:23]   --->   Operation 2201 'writeresp' 'gmem2_1_addr_resp' <Predicate = true> <Delay = 3.65> <CoreInst = "m_axi">   --->   Core 119 'm_axi' <Latency = 3> <II = 1> <Delay = 1.00> <Adapter> <Opcode : 'read' 'write' 'readreq' 'writereq' 'writeresp'>
ST_142 : Operation 2202 [4/68] (3.65ns)   --->   "%gmem2_2_addr_resp = writeresp i1 @_ssdm_op_WriteResp.m_axi.i32P1A, i32 %gmem2_2_addr" [kernel.cpp:23]   --->   Operation 2202 'writeresp' 'gmem2_2_addr_resp' <Predicate = true> <Delay = 3.65> <CoreInst = "m_axi">   --->   Core 119 'm_axi' <Latency = 3> <II = 1> <Delay = 1.00> <Adapter> <Opcode : 'read' 'write' 'readreq' 'writereq' 'writeresp'>
ST_142 : Operation 2203 [4/68] (3.65ns)   --->   "%gmem2_3_addr_resp = writeresp i1 @_ssdm_op_WriteResp.m_axi.i32P1A, i32 %gmem2_3_addr" [kernel.cpp:23]   --->   Operation 2203 'writeresp' 'gmem2_3_addr_resp' <Predicate = true> <Delay = 3.65> <CoreInst = "m_axi">   --->   Core 119 'm_axi' <Latency = 3> <II = 1> <Delay = 1.00> <Adapter> <Opcode : 'read' 'write' 'readreq' 'writereq' 'writeresp'>
ST_142 : Operation 2204 [4/68] (3.65ns)   --->   "%gmem2_4_addr_resp = writeresp i1 @_ssdm_op_WriteResp.m_axi.i32P1A, i32 %gmem2_4_addr" [kernel.cpp:23]   --->   Operation 2204 'writeresp' 'gmem2_4_addr_resp' <Predicate = true> <Delay = 3.65> <CoreInst = "m_axi">   --->   Core 119 'm_axi' <Latency = 3> <II = 1> <Delay = 1.00> <Adapter> <Opcode : 'read' 'write' 'readreq' 'writereq' 'writeresp'>
ST_142 : Operation 2205 [4/68] (3.65ns)   --->   "%gmem2_5_addr_resp = writeresp i1 @_ssdm_op_WriteResp.m_axi.i32P1A, i32 %gmem2_5_addr" [kernel.cpp:23]   --->   Operation 2205 'writeresp' 'gmem2_5_addr_resp' <Predicate = true> <Delay = 3.65> <CoreInst = "m_axi">   --->   Core 119 'm_axi' <Latency = 3> <II = 1> <Delay = 1.00> <Adapter> <Opcode : 'read' 'write' 'readreq' 'writereq' 'writeresp'>
ST_142 : Operation 2206 [4/68] (3.65ns)   --->   "%gmem2_6_addr_resp = writeresp i1 @_ssdm_op_WriteResp.m_axi.i32P1A, i32 %gmem2_6_addr" [kernel.cpp:23]   --->   Operation 2206 'writeresp' 'gmem2_6_addr_resp' <Predicate = true> <Delay = 3.65> <CoreInst = "m_axi">   --->   Core 119 'm_axi' <Latency = 3> <II = 1> <Delay = 1.00> <Adapter> <Opcode : 'read' 'write' 'readreq' 'writereq' 'writeresp'>
ST_142 : Operation 2207 [4/68] (3.65ns)   --->   "%gmem2_7_addr_resp = writeresp i1 @_ssdm_op_WriteResp.m_axi.i32P1A, i32 %gmem2_7_addr" [kernel.cpp:23]   --->   Operation 2207 'writeresp' 'gmem2_7_addr_resp' <Predicate = true> <Delay = 3.65> <CoreInst = "m_axi">   --->   Core 119 'm_axi' <Latency = 3> <II = 1> <Delay = 1.00> <Adapter> <Opcode : 'read' 'write' 'readreq' 'writereq' 'writeresp'>

State 143 <SV = 142> <Delay = 3.65>
ST_143 : Operation 2208 [3/68] (3.65ns)   --->   "%gmem2_0_addr_resp = writeresp i1 @_ssdm_op_WriteResp.m_axi.i32P1A, i32 %gmem2_0_addr" [kernel.cpp:23]   --->   Operation 2208 'writeresp' 'gmem2_0_addr_resp' <Predicate = true> <Delay = 3.65> <CoreInst = "m_axi">   --->   Core 119 'm_axi' <Latency = 3> <II = 1> <Delay = 1.00> <Adapter> <Opcode : 'read' 'write' 'readreq' 'writereq' 'writeresp'>
ST_143 : Operation 2209 [3/68] (3.65ns)   --->   "%gmem2_1_addr_resp = writeresp i1 @_ssdm_op_WriteResp.m_axi.i32P1A, i32 %gmem2_1_addr" [kernel.cpp:23]   --->   Operation 2209 'writeresp' 'gmem2_1_addr_resp' <Predicate = true> <Delay = 3.65> <CoreInst = "m_axi">   --->   Core 119 'm_axi' <Latency = 3> <II = 1> <Delay = 1.00> <Adapter> <Opcode : 'read' 'write' 'readreq' 'writereq' 'writeresp'>
ST_143 : Operation 2210 [3/68] (3.65ns)   --->   "%gmem2_2_addr_resp = writeresp i1 @_ssdm_op_WriteResp.m_axi.i32P1A, i32 %gmem2_2_addr" [kernel.cpp:23]   --->   Operation 2210 'writeresp' 'gmem2_2_addr_resp' <Predicate = true> <Delay = 3.65> <CoreInst = "m_axi">   --->   Core 119 'm_axi' <Latency = 3> <II = 1> <Delay = 1.00> <Adapter> <Opcode : 'read' 'write' 'readreq' 'writereq' 'writeresp'>
ST_143 : Operation 2211 [3/68] (3.65ns)   --->   "%gmem2_3_addr_resp = writeresp i1 @_ssdm_op_WriteResp.m_axi.i32P1A, i32 %gmem2_3_addr" [kernel.cpp:23]   --->   Operation 2211 'writeresp' 'gmem2_3_addr_resp' <Predicate = true> <Delay = 3.65> <CoreInst = "m_axi">   --->   Core 119 'm_axi' <Latency = 3> <II = 1> <Delay = 1.00> <Adapter> <Opcode : 'read' 'write' 'readreq' 'writereq' 'writeresp'>
ST_143 : Operation 2212 [3/68] (3.65ns)   --->   "%gmem2_4_addr_resp = writeresp i1 @_ssdm_op_WriteResp.m_axi.i32P1A, i32 %gmem2_4_addr" [kernel.cpp:23]   --->   Operation 2212 'writeresp' 'gmem2_4_addr_resp' <Predicate = true> <Delay = 3.65> <CoreInst = "m_axi">   --->   Core 119 'm_axi' <Latency = 3> <II = 1> <Delay = 1.00> <Adapter> <Opcode : 'read' 'write' 'readreq' 'writereq' 'writeresp'>
ST_143 : Operation 2213 [3/68] (3.65ns)   --->   "%gmem2_5_addr_resp = writeresp i1 @_ssdm_op_WriteResp.m_axi.i32P1A, i32 %gmem2_5_addr" [kernel.cpp:23]   --->   Operation 2213 'writeresp' 'gmem2_5_addr_resp' <Predicate = true> <Delay = 3.65> <CoreInst = "m_axi">   --->   Core 119 'm_axi' <Latency = 3> <II = 1> <Delay = 1.00> <Adapter> <Opcode : 'read' 'write' 'readreq' 'writereq' 'writeresp'>
ST_143 : Operation 2214 [3/68] (3.65ns)   --->   "%gmem2_6_addr_resp = writeresp i1 @_ssdm_op_WriteResp.m_axi.i32P1A, i32 %gmem2_6_addr" [kernel.cpp:23]   --->   Operation 2214 'writeresp' 'gmem2_6_addr_resp' <Predicate = true> <Delay = 3.65> <CoreInst = "m_axi">   --->   Core 119 'm_axi' <Latency = 3> <II = 1> <Delay = 1.00> <Adapter> <Opcode : 'read' 'write' 'readreq' 'writereq' 'writeresp'>
ST_143 : Operation 2215 [3/68] (3.65ns)   --->   "%gmem2_7_addr_resp = writeresp i1 @_ssdm_op_WriteResp.m_axi.i32P1A, i32 %gmem2_7_addr" [kernel.cpp:23]   --->   Operation 2215 'writeresp' 'gmem2_7_addr_resp' <Predicate = true> <Delay = 3.65> <CoreInst = "m_axi">   --->   Core 119 'm_axi' <Latency = 3> <II = 1> <Delay = 1.00> <Adapter> <Opcode : 'read' 'write' 'readreq' 'writereq' 'writeresp'>

State 144 <SV = 143> <Delay = 3.65>
ST_144 : Operation 2216 [2/68] (3.65ns)   --->   "%gmem2_0_addr_resp = writeresp i1 @_ssdm_op_WriteResp.m_axi.i32P1A, i32 %gmem2_0_addr" [kernel.cpp:23]   --->   Operation 2216 'writeresp' 'gmem2_0_addr_resp' <Predicate = true> <Delay = 3.65> <CoreInst = "m_axi">   --->   Core 119 'm_axi' <Latency = 3> <II = 1> <Delay = 1.00> <Adapter> <Opcode : 'read' 'write' 'readreq' 'writereq' 'writeresp'>
ST_144 : Operation 2217 [2/68] (3.65ns)   --->   "%gmem2_1_addr_resp = writeresp i1 @_ssdm_op_WriteResp.m_axi.i32P1A, i32 %gmem2_1_addr" [kernel.cpp:23]   --->   Operation 2217 'writeresp' 'gmem2_1_addr_resp' <Predicate = true> <Delay = 3.65> <CoreInst = "m_axi">   --->   Core 119 'm_axi' <Latency = 3> <II = 1> <Delay = 1.00> <Adapter> <Opcode : 'read' 'write' 'readreq' 'writereq' 'writeresp'>
ST_144 : Operation 2218 [2/68] (3.65ns)   --->   "%gmem2_2_addr_resp = writeresp i1 @_ssdm_op_WriteResp.m_axi.i32P1A, i32 %gmem2_2_addr" [kernel.cpp:23]   --->   Operation 2218 'writeresp' 'gmem2_2_addr_resp' <Predicate = true> <Delay = 3.65> <CoreInst = "m_axi">   --->   Core 119 'm_axi' <Latency = 3> <II = 1> <Delay = 1.00> <Adapter> <Opcode : 'read' 'write' 'readreq' 'writereq' 'writeresp'>
ST_144 : Operation 2219 [2/68] (3.65ns)   --->   "%gmem2_3_addr_resp = writeresp i1 @_ssdm_op_WriteResp.m_axi.i32P1A, i32 %gmem2_3_addr" [kernel.cpp:23]   --->   Operation 2219 'writeresp' 'gmem2_3_addr_resp' <Predicate = true> <Delay = 3.65> <CoreInst = "m_axi">   --->   Core 119 'm_axi' <Latency = 3> <II = 1> <Delay = 1.00> <Adapter> <Opcode : 'read' 'write' 'readreq' 'writereq' 'writeresp'>
ST_144 : Operation 2220 [2/68] (3.65ns)   --->   "%gmem2_4_addr_resp = writeresp i1 @_ssdm_op_WriteResp.m_axi.i32P1A, i32 %gmem2_4_addr" [kernel.cpp:23]   --->   Operation 2220 'writeresp' 'gmem2_4_addr_resp' <Predicate = true> <Delay = 3.65> <CoreInst = "m_axi">   --->   Core 119 'm_axi' <Latency = 3> <II = 1> <Delay = 1.00> <Adapter> <Opcode : 'read' 'write' 'readreq' 'writereq' 'writeresp'>
ST_144 : Operation 2221 [2/68] (3.65ns)   --->   "%gmem2_5_addr_resp = writeresp i1 @_ssdm_op_WriteResp.m_axi.i32P1A, i32 %gmem2_5_addr" [kernel.cpp:23]   --->   Operation 2221 'writeresp' 'gmem2_5_addr_resp' <Predicate = true> <Delay = 3.65> <CoreInst = "m_axi">   --->   Core 119 'm_axi' <Latency = 3> <II = 1> <Delay = 1.00> <Adapter> <Opcode : 'read' 'write' 'readreq' 'writereq' 'writeresp'>
ST_144 : Operation 2222 [2/68] (3.65ns)   --->   "%gmem2_6_addr_resp = writeresp i1 @_ssdm_op_WriteResp.m_axi.i32P1A, i32 %gmem2_6_addr" [kernel.cpp:23]   --->   Operation 2222 'writeresp' 'gmem2_6_addr_resp' <Predicate = true> <Delay = 3.65> <CoreInst = "m_axi">   --->   Core 119 'm_axi' <Latency = 3> <II = 1> <Delay = 1.00> <Adapter> <Opcode : 'read' 'write' 'readreq' 'writereq' 'writeresp'>
ST_144 : Operation 2223 [2/68] (3.65ns)   --->   "%gmem2_7_addr_resp = writeresp i1 @_ssdm_op_WriteResp.m_axi.i32P1A, i32 %gmem2_7_addr" [kernel.cpp:23]   --->   Operation 2223 'writeresp' 'gmem2_7_addr_resp' <Predicate = true> <Delay = 3.65> <CoreInst = "m_axi">   --->   Core 119 'm_axi' <Latency = 3> <II = 1> <Delay = 1.00> <Adapter> <Opcode : 'read' 'write' 'readreq' 'writereq' 'writeresp'>

State 145 <SV = 144> <Delay = 3.65>
ST_145 : Operation 2224 [1/68] (3.65ns)   --->   "%gmem2_0_addr_resp = writeresp i1 @_ssdm_op_WriteResp.m_axi.i32P1A, i32 %gmem2_0_addr" [kernel.cpp:23]   --->   Operation 2224 'writeresp' 'gmem2_0_addr_resp' <Predicate = true> <Delay = 3.65> <CoreInst = "m_axi">   --->   Core 119 'm_axi' <Latency = 3> <II = 1> <Delay = 1.00> <Adapter> <Opcode : 'read' 'write' 'readreq' 'writereq' 'writeresp'>
ST_145 : Operation 2225 [1/68] (3.65ns)   --->   "%gmem2_1_addr_resp = writeresp i1 @_ssdm_op_WriteResp.m_axi.i32P1A, i32 %gmem2_1_addr" [kernel.cpp:23]   --->   Operation 2225 'writeresp' 'gmem2_1_addr_resp' <Predicate = true> <Delay = 3.65> <CoreInst = "m_axi">   --->   Core 119 'm_axi' <Latency = 3> <II = 1> <Delay = 1.00> <Adapter> <Opcode : 'read' 'write' 'readreq' 'writereq' 'writeresp'>
ST_145 : Operation 2226 [1/68] (3.65ns)   --->   "%gmem2_2_addr_resp = writeresp i1 @_ssdm_op_WriteResp.m_axi.i32P1A, i32 %gmem2_2_addr" [kernel.cpp:23]   --->   Operation 2226 'writeresp' 'gmem2_2_addr_resp' <Predicate = true> <Delay = 3.65> <CoreInst = "m_axi">   --->   Core 119 'm_axi' <Latency = 3> <II = 1> <Delay = 1.00> <Adapter> <Opcode : 'read' 'write' 'readreq' 'writereq' 'writeresp'>
ST_145 : Operation 2227 [1/68] (3.65ns)   --->   "%gmem2_3_addr_resp = writeresp i1 @_ssdm_op_WriteResp.m_axi.i32P1A, i32 %gmem2_3_addr" [kernel.cpp:23]   --->   Operation 2227 'writeresp' 'gmem2_3_addr_resp' <Predicate = true> <Delay = 3.65> <CoreInst = "m_axi">   --->   Core 119 'm_axi' <Latency = 3> <II = 1> <Delay = 1.00> <Adapter> <Opcode : 'read' 'write' 'readreq' 'writereq' 'writeresp'>
ST_145 : Operation 2228 [1/68] (3.65ns)   --->   "%gmem2_4_addr_resp = writeresp i1 @_ssdm_op_WriteResp.m_axi.i32P1A, i32 %gmem2_4_addr" [kernel.cpp:23]   --->   Operation 2228 'writeresp' 'gmem2_4_addr_resp' <Predicate = true> <Delay = 3.65> <CoreInst = "m_axi">   --->   Core 119 'm_axi' <Latency = 3> <II = 1> <Delay = 1.00> <Adapter> <Opcode : 'read' 'write' 'readreq' 'writereq' 'writeresp'>
ST_145 : Operation 2229 [1/68] (3.65ns)   --->   "%gmem2_5_addr_resp = writeresp i1 @_ssdm_op_WriteResp.m_axi.i32P1A, i32 %gmem2_5_addr" [kernel.cpp:23]   --->   Operation 2229 'writeresp' 'gmem2_5_addr_resp' <Predicate = true> <Delay = 3.65> <CoreInst = "m_axi">   --->   Core 119 'm_axi' <Latency = 3> <II = 1> <Delay = 1.00> <Adapter> <Opcode : 'read' 'write' 'readreq' 'writereq' 'writeresp'>
ST_145 : Operation 2230 [1/68] (3.65ns)   --->   "%gmem2_6_addr_resp = writeresp i1 @_ssdm_op_WriteResp.m_axi.i32P1A, i32 %gmem2_6_addr" [kernel.cpp:23]   --->   Operation 2230 'writeresp' 'gmem2_6_addr_resp' <Predicate = true> <Delay = 3.65> <CoreInst = "m_axi">   --->   Core 119 'm_axi' <Latency = 3> <II = 1> <Delay = 1.00> <Adapter> <Opcode : 'read' 'write' 'readreq' 'writereq' 'writeresp'>
ST_145 : Operation 2231 [1/68] (3.65ns)   --->   "%gmem2_7_addr_resp = writeresp i1 @_ssdm_op_WriteResp.m_axi.i32P1A, i32 %gmem2_7_addr" [kernel.cpp:23]   --->   Operation 2231 'writeresp' 'gmem2_7_addr_resp' <Predicate = true> <Delay = 3.65> <CoreInst = "m_axi">   --->   Core 119 'm_axi' <Latency = 3> <II = 1> <Delay = 1.00> <Adapter> <Opcode : 'read' 'write' 'readreq' 'writereq' 'writeresp'>
ST_145 : Operation 2232 [1/1] (0.00ns)   --->   "%ret_ln23 = ret" [kernel.cpp:23]   --->   Operation 2232 'ret' 'ret_ln23' <Predicate = true> <Delay = 0.00>


============================================================
+ Verbose Summary: Timing violations
============================================================
Target clock period: 5.000ns, clock uncertainty: 1.350ns.

 <State 1>: 1.000ns
The critical path consists of the following:
	s_axi read operation ('c_7_read', kernel.cpp:5) on port 'c_7' (kernel.cpp:5) [173]  (1.000 ns)

 <State 2>: 3.650ns
The critical path consists of the following:
	bus request operation ('gmem0_0_load_req', kernel.cpp:18) on port 'gmem0_0' (kernel.cpp:18) [200]  (3.650 ns)

 <State 3>: 3.650ns
The critical path consists of the following:
	bus request operation ('gmem0_0_load_req', kernel.cpp:18) on port 'gmem0_0' (kernel.cpp:18) [200]  (3.650 ns)

 <State 4>: 3.650ns
The critical path consists of the following:
	bus request operation ('gmem0_0_load_req', kernel.cpp:18) on port 'gmem0_0' (kernel.cpp:18) [200]  (3.650 ns)

 <State 5>: 3.650ns
The critical path consists of the following:
	bus request operation ('gmem0_0_load_req', kernel.cpp:18) on port 'gmem0_0' (kernel.cpp:18) [200]  (3.650 ns)

 <State 6>: 3.650ns
The critical path consists of the following:
	bus request operation ('gmem0_0_load_req', kernel.cpp:18) on port 'gmem0_0' (kernel.cpp:18) [200]  (3.650 ns)

 <State 7>: 3.650ns
The critical path consists of the following:
	bus request operation ('gmem0_0_load_req', kernel.cpp:18) on port 'gmem0_0' (kernel.cpp:18) [200]  (3.650 ns)

 <State 8>: 3.650ns
The critical path consists of the following:
	bus request operation ('gmem0_0_load_req', kernel.cpp:18) on port 'gmem0_0' (kernel.cpp:18) [200]  (3.650 ns)

 <State 9>: 3.650ns
The critical path consists of the following:
	bus request operation ('gmem0_0_load_req', kernel.cpp:18) on port 'gmem0_0' (kernel.cpp:18) [200]  (3.650 ns)

 <State 10>: 3.650ns
The critical path consists of the following:
	bus request operation ('gmem0_0_load_req', kernel.cpp:18) on port 'gmem0_0' (kernel.cpp:18) [200]  (3.650 ns)

 <State 11>: 3.650ns
The critical path consists of the following:
	bus request operation ('gmem0_0_load_req', kernel.cpp:18) on port 'gmem0_0' (kernel.cpp:18) [200]  (3.650 ns)

 <State 12>: 3.650ns
The critical path consists of the following:
	bus request operation ('gmem0_0_load_req', kernel.cpp:18) on port 'gmem0_0' (kernel.cpp:18) [200]  (3.650 ns)

 <State 13>: 3.650ns
The critical path consists of the following:
	bus request operation ('gmem0_0_load_req', kernel.cpp:18) on port 'gmem0_0' (kernel.cpp:18) [200]  (3.650 ns)

 <State 14>: 3.650ns
The critical path consists of the following:
	bus request operation ('gmem0_0_load_req', kernel.cpp:18) on port 'gmem0_0' (kernel.cpp:18) [200]  (3.650 ns)

 <State 15>: 3.650ns
The critical path consists of the following:
	bus request operation ('gmem0_0_load_req', kernel.cpp:18) on port 'gmem0_0' (kernel.cpp:18) [200]  (3.650 ns)

 <State 16>: 3.650ns
The critical path consists of the following:
	bus request operation ('gmem0_0_load_req', kernel.cpp:18) on port 'gmem0_0' (kernel.cpp:18) [200]  (3.650 ns)

 <State 17>: 3.650ns
The critical path consists of the following:
	bus request operation ('gmem0_0_load_req', kernel.cpp:18) on port 'gmem0_0' (kernel.cpp:18) [200]  (3.650 ns)

 <State 18>: 3.650ns
The critical path consists of the following:
	bus request operation ('gmem0_0_load_req', kernel.cpp:18) on port 'gmem0_0' (kernel.cpp:18) [200]  (3.650 ns)

 <State 19>: 3.650ns
The critical path consists of the following:
	bus request operation ('gmem0_0_load_req', kernel.cpp:18) on port 'gmem0_0' (kernel.cpp:18) [200]  (3.650 ns)

 <State 20>: 3.650ns
The critical path consists of the following:
	bus request operation ('gmem0_0_load_req', kernel.cpp:18) on port 'gmem0_0' (kernel.cpp:18) [200]  (3.650 ns)

 <State 21>: 3.650ns
The critical path consists of the following:
	bus request operation ('gmem0_0_load_req', kernel.cpp:18) on port 'gmem0_0' (kernel.cpp:18) [200]  (3.650 ns)

 <State 22>: 3.650ns
The critical path consists of the following:
	bus request operation ('gmem0_0_load_req', kernel.cpp:18) on port 'gmem0_0' (kernel.cpp:18) [200]  (3.650 ns)

 <State 23>: 3.650ns
The critical path consists of the following:
	bus request operation ('gmem0_0_load_req', kernel.cpp:18) on port 'gmem0_0' (kernel.cpp:18) [200]  (3.650 ns)

 <State 24>: 3.650ns
The critical path consists of the following:
	bus request operation ('gmem0_0_load_req', kernel.cpp:18) on port 'gmem0_0' (kernel.cpp:18) [200]  (3.650 ns)

 <State 25>: 3.650ns
The critical path consists of the following:
	bus request operation ('gmem0_0_load_req', kernel.cpp:18) on port 'gmem0_0' (kernel.cpp:18) [200]  (3.650 ns)

 <State 26>: 3.650ns
The critical path consists of the following:
	bus request operation ('gmem0_0_load_req', kernel.cpp:18) on port 'gmem0_0' (kernel.cpp:18) [200]  (3.650 ns)

 <State 27>: 3.650ns
The critical path consists of the following:
	bus request operation ('gmem0_0_load_req', kernel.cpp:18) on port 'gmem0_0' (kernel.cpp:18) [200]  (3.650 ns)

 <State 28>: 3.650ns
The critical path consists of the following:
	bus request operation ('gmem0_0_load_req', kernel.cpp:18) on port 'gmem0_0' (kernel.cpp:18) [200]  (3.650 ns)

 <State 29>: 3.650ns
The critical path consists of the following:
	bus request operation ('gmem0_0_load_req', kernel.cpp:18) on port 'gmem0_0' (kernel.cpp:18) [200]  (3.650 ns)

 <State 30>: 3.650ns
The critical path consists of the following:
	bus request operation ('gmem0_0_load_req', kernel.cpp:18) on port 'gmem0_0' (kernel.cpp:18) [200]  (3.650 ns)

 <State 31>: 3.650ns
The critical path consists of the following:
	bus request operation ('gmem0_0_load_req', kernel.cpp:18) on port 'gmem0_0' (kernel.cpp:18) [200]  (3.650 ns)

 <State 32>: 3.650ns
The critical path consists of the following:
	bus request operation ('gmem0_0_load_req', kernel.cpp:18) on port 'gmem0_0' (kernel.cpp:18) [200]  (3.650 ns)

 <State 33>: 3.650ns
The critical path consists of the following:
	bus request operation ('gmem0_0_load_req', kernel.cpp:18) on port 'gmem0_0' (kernel.cpp:18) [200]  (3.650 ns)

 <State 34>: 3.650ns
The critical path consists of the following:
	bus request operation ('gmem0_0_load_req', kernel.cpp:18) on port 'gmem0_0' (kernel.cpp:18) [200]  (3.650 ns)

 <State 35>: 3.650ns
The critical path consists of the following:
	bus request operation ('gmem0_0_load_req', kernel.cpp:18) on port 'gmem0_0' (kernel.cpp:18) [200]  (3.650 ns)

 <State 36>: 3.650ns
The critical path consists of the following:
	bus request operation ('gmem0_0_load_req', kernel.cpp:18) on port 'gmem0_0' (kernel.cpp:18) [200]  (3.650 ns)

 <State 37>: 3.650ns
The critical path consists of the following:
	bus request operation ('gmem0_0_load_req', kernel.cpp:18) on port 'gmem0_0' (kernel.cpp:18) [200]  (3.650 ns)

 <State 38>: 3.650ns
The critical path consists of the following:
	bus request operation ('gmem0_0_load_req', kernel.cpp:18) on port 'gmem0_0' (kernel.cpp:18) [200]  (3.650 ns)

 <State 39>: 3.650ns
The critical path consists of the following:
	bus request operation ('gmem0_0_load_req', kernel.cpp:18) on port 'gmem0_0' (kernel.cpp:18) [200]  (3.650 ns)

 <State 40>: 3.650ns
The critical path consists of the following:
	bus request operation ('gmem0_0_load_req', kernel.cpp:18) on port 'gmem0_0' (kernel.cpp:18) [200]  (3.650 ns)

 <State 41>: 3.650ns
The critical path consists of the following:
	bus request operation ('gmem0_0_load_req', kernel.cpp:18) on port 'gmem0_0' (kernel.cpp:18) [200]  (3.650 ns)

 <State 42>: 3.650ns
The critical path consists of the following:
	bus request operation ('gmem0_0_load_req', kernel.cpp:18) on port 'gmem0_0' (kernel.cpp:18) [200]  (3.650 ns)

 <State 43>: 3.650ns
The critical path consists of the following:
	bus request operation ('gmem0_0_load_req', kernel.cpp:18) on port 'gmem0_0' (kernel.cpp:18) [200]  (3.650 ns)

 <State 44>: 3.650ns
The critical path consists of the following:
	bus request operation ('gmem0_0_load_req', kernel.cpp:18) on port 'gmem0_0' (kernel.cpp:18) [200]  (3.650 ns)

 <State 45>: 3.650ns
The critical path consists of the following:
	bus request operation ('gmem0_0_load_req', kernel.cpp:18) on port 'gmem0_0' (kernel.cpp:18) [200]  (3.650 ns)

 <State 46>: 3.650ns
The critical path consists of the following:
	bus request operation ('gmem0_0_load_req', kernel.cpp:18) on port 'gmem0_0' (kernel.cpp:18) [200]  (3.650 ns)

 <State 47>: 3.650ns
The critical path consists of the following:
	bus request operation ('gmem0_0_load_req', kernel.cpp:18) on port 'gmem0_0' (kernel.cpp:18) [200]  (3.650 ns)

 <State 48>: 3.650ns
The critical path consists of the following:
	bus request operation ('gmem0_0_load_req', kernel.cpp:18) on port 'gmem0_0' (kernel.cpp:18) [200]  (3.650 ns)

 <State 49>: 3.650ns
The critical path consists of the following:
	bus request operation ('gmem0_0_load_req', kernel.cpp:18) on port 'gmem0_0' (kernel.cpp:18) [200]  (3.650 ns)

 <State 50>: 3.650ns
The critical path consists of the following:
	bus request operation ('gmem0_0_load_req', kernel.cpp:18) on port 'gmem0_0' (kernel.cpp:18) [200]  (3.650 ns)

 <State 51>: 3.650ns
The critical path consists of the following:
	bus request operation ('gmem0_0_load_req', kernel.cpp:18) on port 'gmem0_0' (kernel.cpp:18) [200]  (3.650 ns)

 <State 52>: 3.650ns
The critical path consists of the following:
	bus request operation ('gmem0_0_load_req', kernel.cpp:18) on port 'gmem0_0' (kernel.cpp:18) [200]  (3.650 ns)

 <State 53>: 3.650ns
The critical path consists of the following:
	bus request operation ('gmem0_0_load_req', kernel.cpp:18) on port 'gmem0_0' (kernel.cpp:18) [200]  (3.650 ns)

 <State 54>: 3.650ns
The critical path consists of the following:
	bus request operation ('gmem0_0_load_req', kernel.cpp:18) on port 'gmem0_0' (kernel.cpp:18) [200]  (3.650 ns)

 <State 55>: 3.650ns
The critical path consists of the following:
	bus request operation ('gmem0_0_load_req', kernel.cpp:18) on port 'gmem0_0' (kernel.cpp:18) [200]  (3.650 ns)

 <State 56>: 3.650ns
The critical path consists of the following:
	bus request operation ('gmem0_0_load_req', kernel.cpp:18) on port 'gmem0_0' (kernel.cpp:18) [200]  (3.650 ns)

 <State 57>: 3.650ns
The critical path consists of the following:
	bus request operation ('gmem0_0_load_req', kernel.cpp:18) on port 'gmem0_0' (kernel.cpp:18) [200]  (3.650 ns)

 <State 58>: 3.650ns
The critical path consists of the following:
	bus request operation ('gmem0_0_load_req', kernel.cpp:18) on port 'gmem0_0' (kernel.cpp:18) [200]  (3.650 ns)

 <State 59>: 3.650ns
The critical path consists of the following:
	bus request operation ('gmem0_0_load_req', kernel.cpp:18) on port 'gmem0_0' (kernel.cpp:18) [200]  (3.650 ns)

 <State 60>: 3.650ns
The critical path consists of the following:
	bus request operation ('gmem0_0_load_req', kernel.cpp:18) on port 'gmem0_0' (kernel.cpp:18) [200]  (3.650 ns)

 <State 61>: 3.650ns
The critical path consists of the following:
	bus request operation ('gmem0_0_load_req', kernel.cpp:18) on port 'gmem0_0' (kernel.cpp:18) [200]  (3.650 ns)

 <State 62>: 3.650ns
The critical path consists of the following:
	bus request operation ('gmem0_0_load_req', kernel.cpp:18) on port 'gmem0_0' (kernel.cpp:18) [200]  (3.650 ns)

 <State 63>: 3.650ns
The critical path consists of the following:
	bus request operation ('gmem0_0_load_req', kernel.cpp:18) on port 'gmem0_0' (kernel.cpp:18) [200]  (3.650 ns)

 <State 64>: 3.650ns
The critical path consists of the following:
	bus request operation ('gmem0_0_load_req', kernel.cpp:18) on port 'gmem0_0' (kernel.cpp:18) [200]  (3.650 ns)

 <State 65>: 3.650ns
The critical path consists of the following:
	bus request operation ('gmem0_0_load_req', kernel.cpp:18) on port 'gmem0_0' (kernel.cpp:18) [200]  (3.650 ns)

 <State 66>: 3.650ns
The critical path consists of the following:
	bus request operation ('gmem0_0_load_req', kernel.cpp:18) on port 'gmem0_0' (kernel.cpp:18) [200]  (3.650 ns)

 <State 67>: 3.650ns
The critical path consists of the following:
	bus request operation ('gmem0_0_load_req', kernel.cpp:18) on port 'gmem0_0' (kernel.cpp:18) [200]  (3.650 ns)

 <State 68>: 3.650ns
The critical path consists of the following:
	bus request operation ('gmem0_0_load_req', kernel.cpp:18) on port 'gmem0_0' (kernel.cpp:18) [200]  (3.650 ns)

 <State 69>: 3.650ns
The critical path consists of the following:
	bus request operation ('gmem0_0_load_req', kernel.cpp:18) on port 'gmem0_0' (kernel.cpp:18) [200]  (3.650 ns)

 <State 70>: 3.650ns
The critical path consists of the following:
	bus request operation ('gmem0_0_load_req', kernel.cpp:18) on port 'gmem0_0' (kernel.cpp:18) [200]  (3.650 ns)

 <State 71>: 3.650ns
The critical path consists of the following:
	bus request operation ('gmem0_0_load_req', kernel.cpp:18) on port 'gmem0_0' (kernel.cpp:18) [200]  (3.650 ns)

 <State 72>: 3.650ns
The critical path consists of the following:
	bus request operation ('gmem0_0_load_req', kernel.cpp:18) on port 'gmem0_0' (kernel.cpp:18) [200]  (3.650 ns)

 <State 73>: 3.650ns
The critical path consists of the following:
	bus read operation ('gmem0_0_addr_read', kernel.cpp:18) on port 'gmem0_0' (kernel.cpp:18) [201]  (3.650 ns)

 <State 74>: 0.387ns
The critical path consists of the following:
	'store' operation 0 bit ('store_ln18', kernel.cpp:18) of variable 'gmem1_7_addr_read', kernel.cpp:18 on local variable 'shiftreg6017' [309]  (0.387 ns)

 <State 75>: 1.094ns
The critical path consists of the following:
	'load' operation 5 bit ('i1_load', kernel.cpp:18) on local variable 'i1' [328]  (0.000 ns)
	'add' operation 5 bit ('i', kernel.cpp:18) [428]  (0.707 ns)
	'store' operation 0 bit ('store_ln18', kernel.cpp:18) of variable 'i', kernel.cpp:18 on local variable 'i1' [454]  (0.387 ns)

 <State 76>: 3.650ns
The critical path consists of the following:
	bus request operation ('gmem2_0_addr_req', kernel.cpp:23) on port 'gmem2_0' (kernel.cpp:23) [457]  (3.650 ns)

 <State 77>: 3.650ns
The critical path consists of the following:
	bus write operation ('write_ln23', kernel.cpp:23) on port 'gmem2_0' (kernel.cpp:23) [458]  (3.650 ns)

 <State 78>: 3.650ns
The critical path consists of the following:
	bus response operation ('gmem2_0_addr_resp', kernel.cpp:23) on port 'gmem2_0' (kernel.cpp:23) [459]  (3.650 ns)

 <State 79>: 3.650ns
The critical path consists of the following:
	bus response operation ('gmem2_0_addr_resp', kernel.cpp:23) on port 'gmem2_0' (kernel.cpp:23) [459]  (3.650 ns)

 <State 80>: 3.650ns
The critical path consists of the following:
	bus response operation ('gmem2_0_addr_resp', kernel.cpp:23) on port 'gmem2_0' (kernel.cpp:23) [459]  (3.650 ns)

 <State 81>: 3.650ns
The critical path consists of the following:
	bus response operation ('gmem2_0_addr_resp', kernel.cpp:23) on port 'gmem2_0' (kernel.cpp:23) [459]  (3.650 ns)

 <State 82>: 3.650ns
The critical path consists of the following:
	bus response operation ('gmem2_0_addr_resp', kernel.cpp:23) on port 'gmem2_0' (kernel.cpp:23) [459]  (3.650 ns)

 <State 83>: 3.650ns
The critical path consists of the following:
	bus response operation ('gmem2_0_addr_resp', kernel.cpp:23) on port 'gmem2_0' (kernel.cpp:23) [459]  (3.650 ns)

 <State 84>: 3.650ns
The critical path consists of the following:
	bus response operation ('gmem2_0_addr_resp', kernel.cpp:23) on port 'gmem2_0' (kernel.cpp:23) [459]  (3.650 ns)

 <State 85>: 3.650ns
The critical path consists of the following:
	bus response operation ('gmem2_0_addr_resp', kernel.cpp:23) on port 'gmem2_0' (kernel.cpp:23) [459]  (3.650 ns)

 <State 86>: 3.650ns
The critical path consists of the following:
	bus response operation ('gmem2_0_addr_resp', kernel.cpp:23) on port 'gmem2_0' (kernel.cpp:23) [459]  (3.650 ns)

 <State 87>: 3.650ns
The critical path consists of the following:
	bus response operation ('gmem2_0_addr_resp', kernel.cpp:23) on port 'gmem2_0' (kernel.cpp:23) [459]  (3.650 ns)

 <State 88>: 3.650ns
The critical path consists of the following:
	bus response operation ('gmem2_0_addr_resp', kernel.cpp:23) on port 'gmem2_0' (kernel.cpp:23) [459]  (3.650 ns)

 <State 89>: 3.650ns
The critical path consists of the following:
	bus response operation ('gmem2_0_addr_resp', kernel.cpp:23) on port 'gmem2_0' (kernel.cpp:23) [459]  (3.650 ns)

 <State 90>: 3.650ns
The critical path consists of the following:
	bus response operation ('gmem2_0_addr_resp', kernel.cpp:23) on port 'gmem2_0' (kernel.cpp:23) [459]  (3.650 ns)

 <State 91>: 3.650ns
The critical path consists of the following:
	bus response operation ('gmem2_0_addr_resp', kernel.cpp:23) on port 'gmem2_0' (kernel.cpp:23) [459]  (3.650 ns)

 <State 92>: 3.650ns
The critical path consists of the following:
	bus response operation ('gmem2_0_addr_resp', kernel.cpp:23) on port 'gmem2_0' (kernel.cpp:23) [459]  (3.650 ns)

 <State 93>: 3.650ns
The critical path consists of the following:
	bus response operation ('gmem2_0_addr_resp', kernel.cpp:23) on port 'gmem2_0' (kernel.cpp:23) [459]  (3.650 ns)

 <State 94>: 3.650ns
The critical path consists of the following:
	bus response operation ('gmem2_0_addr_resp', kernel.cpp:23) on port 'gmem2_0' (kernel.cpp:23) [459]  (3.650 ns)

 <State 95>: 3.650ns
The critical path consists of the following:
	bus response operation ('gmem2_0_addr_resp', kernel.cpp:23) on port 'gmem2_0' (kernel.cpp:23) [459]  (3.650 ns)

 <State 96>: 3.650ns
The critical path consists of the following:
	bus response operation ('gmem2_0_addr_resp', kernel.cpp:23) on port 'gmem2_0' (kernel.cpp:23) [459]  (3.650 ns)

 <State 97>: 3.650ns
The critical path consists of the following:
	bus response operation ('gmem2_0_addr_resp', kernel.cpp:23) on port 'gmem2_0' (kernel.cpp:23) [459]  (3.650 ns)

 <State 98>: 3.650ns
The critical path consists of the following:
	bus response operation ('gmem2_0_addr_resp', kernel.cpp:23) on port 'gmem2_0' (kernel.cpp:23) [459]  (3.650 ns)

 <State 99>: 3.650ns
The critical path consists of the following:
	bus response operation ('gmem2_0_addr_resp', kernel.cpp:23) on port 'gmem2_0' (kernel.cpp:23) [459]  (3.650 ns)

 <State 100>: 3.650ns
The critical path consists of the following:
	bus response operation ('gmem2_0_addr_resp', kernel.cpp:23) on port 'gmem2_0' (kernel.cpp:23) [459]  (3.650 ns)

 <State 101>: 3.650ns
The critical path consists of the following:
	bus response operation ('gmem2_0_addr_resp', kernel.cpp:23) on port 'gmem2_0' (kernel.cpp:23) [459]  (3.650 ns)

 <State 102>: 3.650ns
The critical path consists of the following:
	bus response operation ('gmem2_0_addr_resp', kernel.cpp:23) on port 'gmem2_0' (kernel.cpp:23) [459]  (3.650 ns)

 <State 103>: 3.650ns
The critical path consists of the following:
	bus response operation ('gmem2_0_addr_resp', kernel.cpp:23) on port 'gmem2_0' (kernel.cpp:23) [459]  (3.650 ns)

 <State 104>: 3.650ns
The critical path consists of the following:
	bus response operation ('gmem2_0_addr_resp', kernel.cpp:23) on port 'gmem2_0' (kernel.cpp:23) [459]  (3.650 ns)

 <State 105>: 3.650ns
The critical path consists of the following:
	bus response operation ('gmem2_0_addr_resp', kernel.cpp:23) on port 'gmem2_0' (kernel.cpp:23) [459]  (3.650 ns)

 <State 106>: 3.650ns
The critical path consists of the following:
	bus response operation ('gmem2_0_addr_resp', kernel.cpp:23) on port 'gmem2_0' (kernel.cpp:23) [459]  (3.650 ns)

 <State 107>: 3.650ns
The critical path consists of the following:
	bus response operation ('gmem2_0_addr_resp', kernel.cpp:23) on port 'gmem2_0' (kernel.cpp:23) [459]  (3.650 ns)

 <State 108>: 3.650ns
The critical path consists of the following:
	bus response operation ('gmem2_0_addr_resp', kernel.cpp:23) on port 'gmem2_0' (kernel.cpp:23) [459]  (3.650 ns)

 <State 109>: 3.650ns
The critical path consists of the following:
	bus response operation ('gmem2_0_addr_resp', kernel.cpp:23) on port 'gmem2_0' (kernel.cpp:23) [459]  (3.650 ns)

 <State 110>: 3.650ns
The critical path consists of the following:
	bus response operation ('gmem2_0_addr_resp', kernel.cpp:23) on port 'gmem2_0' (kernel.cpp:23) [459]  (3.650 ns)

 <State 111>: 3.650ns
The critical path consists of the following:
	bus response operation ('gmem2_0_addr_resp', kernel.cpp:23) on port 'gmem2_0' (kernel.cpp:23) [459]  (3.650 ns)

 <State 112>: 3.650ns
The critical path consists of the following:
	bus response operation ('gmem2_0_addr_resp', kernel.cpp:23) on port 'gmem2_0' (kernel.cpp:23) [459]  (3.650 ns)

 <State 113>: 3.650ns
The critical path consists of the following:
	bus response operation ('gmem2_0_addr_resp', kernel.cpp:23) on port 'gmem2_0' (kernel.cpp:23) [459]  (3.650 ns)

 <State 114>: 3.650ns
The critical path consists of the following:
	bus response operation ('gmem2_0_addr_resp', kernel.cpp:23) on port 'gmem2_0' (kernel.cpp:23) [459]  (3.650 ns)

 <State 115>: 3.650ns
The critical path consists of the following:
	bus response operation ('gmem2_0_addr_resp', kernel.cpp:23) on port 'gmem2_0' (kernel.cpp:23) [459]  (3.650 ns)

 <State 116>: 3.650ns
The critical path consists of the following:
	bus response operation ('gmem2_0_addr_resp', kernel.cpp:23) on port 'gmem2_0' (kernel.cpp:23) [459]  (3.650 ns)

 <State 117>: 3.650ns
The critical path consists of the following:
	bus response operation ('gmem2_0_addr_resp', kernel.cpp:23) on port 'gmem2_0' (kernel.cpp:23) [459]  (3.650 ns)

 <State 118>: 3.650ns
The critical path consists of the following:
	bus response operation ('gmem2_0_addr_resp', kernel.cpp:23) on port 'gmem2_0' (kernel.cpp:23) [459]  (3.650 ns)

 <State 119>: 3.650ns
The critical path consists of the following:
	bus response operation ('gmem2_0_addr_resp', kernel.cpp:23) on port 'gmem2_0' (kernel.cpp:23) [459]  (3.650 ns)

 <State 120>: 3.650ns
The critical path consists of the following:
	bus response operation ('gmem2_0_addr_resp', kernel.cpp:23) on port 'gmem2_0' (kernel.cpp:23) [459]  (3.650 ns)

 <State 121>: 3.650ns
The critical path consists of the following:
	bus response operation ('gmem2_0_addr_resp', kernel.cpp:23) on port 'gmem2_0' (kernel.cpp:23) [459]  (3.650 ns)

 <State 122>: 3.650ns
The critical path consists of the following:
	bus response operation ('gmem2_0_addr_resp', kernel.cpp:23) on port 'gmem2_0' (kernel.cpp:23) [459]  (3.650 ns)

 <State 123>: 3.650ns
The critical path consists of the following:
	bus response operation ('gmem2_0_addr_resp', kernel.cpp:23) on port 'gmem2_0' (kernel.cpp:23) [459]  (3.650 ns)

 <State 124>: 3.650ns
The critical path consists of the following:
	bus response operation ('gmem2_0_addr_resp', kernel.cpp:23) on port 'gmem2_0' (kernel.cpp:23) [459]  (3.650 ns)

 <State 125>: 3.650ns
The critical path consists of the following:
	bus response operation ('gmem2_0_addr_resp', kernel.cpp:23) on port 'gmem2_0' (kernel.cpp:23) [459]  (3.650 ns)

 <State 126>: 3.650ns
The critical path consists of the following:
	bus response operation ('gmem2_0_addr_resp', kernel.cpp:23) on port 'gmem2_0' (kernel.cpp:23) [459]  (3.650 ns)

 <State 127>: 3.650ns
The critical path consists of the following:
	bus response operation ('gmem2_0_addr_resp', kernel.cpp:23) on port 'gmem2_0' (kernel.cpp:23) [459]  (3.650 ns)

 <State 128>: 3.650ns
The critical path consists of the following:
	bus response operation ('gmem2_0_addr_resp', kernel.cpp:23) on port 'gmem2_0' (kernel.cpp:23) [459]  (3.650 ns)

 <State 129>: 3.650ns
The critical path consists of the following:
	bus response operation ('gmem2_0_addr_resp', kernel.cpp:23) on port 'gmem2_0' (kernel.cpp:23) [459]  (3.650 ns)

 <State 130>: 3.650ns
The critical path consists of the following:
	bus response operation ('gmem2_0_addr_resp', kernel.cpp:23) on port 'gmem2_0' (kernel.cpp:23) [459]  (3.650 ns)

 <State 131>: 3.650ns
The critical path consists of the following:
	bus response operation ('gmem2_0_addr_resp', kernel.cpp:23) on port 'gmem2_0' (kernel.cpp:23) [459]  (3.650 ns)

 <State 132>: 3.650ns
The critical path consists of the following:
	bus response operation ('gmem2_0_addr_resp', kernel.cpp:23) on port 'gmem2_0' (kernel.cpp:23) [459]  (3.650 ns)

 <State 133>: 3.650ns
The critical path consists of the following:
	bus response operation ('gmem2_0_addr_resp', kernel.cpp:23) on port 'gmem2_0' (kernel.cpp:23) [459]  (3.650 ns)

 <State 134>: 3.650ns
The critical path consists of the following:
	bus response operation ('gmem2_0_addr_resp', kernel.cpp:23) on port 'gmem2_0' (kernel.cpp:23) [459]  (3.650 ns)

 <State 135>: 3.650ns
The critical path consists of the following:
	bus response operation ('gmem2_0_addr_resp', kernel.cpp:23) on port 'gmem2_0' (kernel.cpp:23) [459]  (3.650 ns)

 <State 136>: 3.650ns
The critical path consists of the following:
	bus response operation ('gmem2_0_addr_resp', kernel.cpp:23) on port 'gmem2_0' (kernel.cpp:23) [459]  (3.650 ns)

 <State 137>: 3.650ns
The critical path consists of the following:
	bus response operation ('gmem2_0_addr_resp', kernel.cpp:23) on port 'gmem2_0' (kernel.cpp:23) [459]  (3.650 ns)

 <State 138>: 3.650ns
The critical path consists of the following:
	bus response operation ('gmem2_0_addr_resp', kernel.cpp:23) on port 'gmem2_0' (kernel.cpp:23) [459]  (3.650 ns)

 <State 139>: 3.650ns
The critical path consists of the following:
	bus response operation ('gmem2_0_addr_resp', kernel.cpp:23) on port 'gmem2_0' (kernel.cpp:23) [459]  (3.650 ns)

 <State 140>: 3.650ns
The critical path consists of the following:
	bus response operation ('gmem2_0_addr_resp', kernel.cpp:23) on port 'gmem2_0' (kernel.cpp:23) [459]  (3.650 ns)

 <State 141>: 3.650ns
The critical path consists of the following:
	bus response operation ('gmem2_0_addr_resp', kernel.cpp:23) on port 'gmem2_0' (kernel.cpp:23) [459]  (3.650 ns)

 <State 142>: 3.650ns
The critical path consists of the following:
	bus response operation ('gmem2_0_addr_resp', kernel.cpp:23) on port 'gmem2_0' (kernel.cpp:23) [459]  (3.650 ns)

 <State 143>: 3.650ns
The critical path consists of the following:
	bus response operation ('gmem2_0_addr_resp', kernel.cpp:23) on port 'gmem2_0' (kernel.cpp:23) [459]  (3.650 ns)

 <State 144>: 3.650ns
The critical path consists of the following:
	bus response operation ('gmem2_0_addr_resp', kernel.cpp:23) on port 'gmem2_0' (kernel.cpp:23) [459]  (3.650 ns)

 <State 145>: 3.650ns
The critical path consists of the following:
	bus response operation ('gmem2_0_addr_resp', kernel.cpp:23) on port 'gmem2_0' (kernel.cpp:23) [459]  (3.650 ns)


============================================================
+ Verbose Summary: Binding
============================================================
N/A
* FSMD analyzer results:
  - Output states:
 - Input state : 
  - Chain level:
	State 1
	State 2
	State 3
	State 4
	State 5
	State 6
	State 7
	State 8
	State 9
	State 10
	State 11
	State 12
	State 13
	State 14
	State 15
	State 16
	State 17
	State 18
	State 19
	State 20
	State 21
	State 22
	State 23
	State 24
	State 25
	State 26
	State 27
	State 28
	State 29
	State 30
	State 31
	State 32
	State 33
	State 34
	State 35
	State 36
	State 37
	State 38
	State 39
	State 40
	State 41
	State 42
	State 43
	State 44
	State 45
	State 46
	State 47
	State 48
	State 49
	State 50
	State 51
	State 52
	State 53
	State 54
	State 55
	State 56
	State 57
	State 58
	State 59
	State 60
	State 61
	State 62
	State 63
	State 64
	State 65
	State 66
	State 67
	State 68
	State 69
	State 70
	State 71
	State 72
	State 73
	State 74
	State 75
	State 76
	State 77
	State 78
	State 79
	State 80
	State 81
	State 82
	State 83
	State 84
	State 85
	State 86
	State 87
	State 88
	State 89
	State 90
	State 91
	State 92
	State 93
	State 94
	State 95
	State 96
	State 97
	State 98
	State 99
	State 100
	State 101
	State 102
	State 103
	State 104
	State 105
	State 106
	State 107
	State 108
	State 109
	State 110
	State 111
	State 112
	State 113
	State 114
	State 115
	State 116
	State 117
	State 118
	State 119
	State 120
	State 121
	State 122
	State 123
	State 124
	State 125
	State 126
	State 127
	State 128
	State 129
	State 130
	State 131
	State 132
	State 133
	State 134
	State 135
	State 136
	State 137
	State 138
	State 139
	State 140
	State 141
	State 142
	State 143
	State 144
	State 145


============================================================
+ Verbose Summary: Datapath Resource usage 
============================================================
N/A
