Execute       source -notrace -encoding utf-8 /tools/Xilinx/2025.1/Vitis/tps/tcl/tcl8.6/clock.tcl 
Execute         source -encoding utf-8 /tools/Xilinx/2025.1/tps/tcl/tcl8/8.5/msgcat-1.6.1.tm 
INFO-FLOW: Workspace /home/chengzhy/FormaSyn/examples/fir_16tap/inter_files/minimal_baseline/work/hls opened at Thu Apr 02 04:23:35 UTC 2026
Execute       send_msg_by_id INFO @200-1505@%s%s default  vivado 
INFO: [HLS 200-1505] Using default flow_target 'vivado'
Execute       send_msg_by_id INFO @200-2174@%s%s component /home/chengzhy/FormaSyn/examples/fir_16tap/inter_files/minimal_baseline/hls_config.cfg 
INFO: [HLS 200-2174] Applying component config ini file /home/chengzhy/FormaSyn/examples/fir_16tap/inter_files/minimal_baseline/hls_config.cfg
Execute       apply_ini /home/chengzhy/FormaSyn/examples/fir_16tap/inter_files/minimal_baseline/hls_config.cfg 
Execute         send_msg_by_id INFO @200-1465@%s 'syn.file=kernel.cpp' from /home/chengzhy/FormaSyn/examples/fir_16tap/inter_files/minimal_baseline/hls_config.cfg(7) 
INFO: [HLS 200-1465] Applying config ini 'syn.file=kernel.cpp' from /home/chengzhy/FormaSyn/examples/fir_16tap/inter_files/minimal_baseline/hls_config.cfg(7)
Execute         add_files /home/chengzhy/FormaSyn/examples/fir_16tap/inter_files/minimal_baseline/kernel.cpp 
INFO: [HLS 200-10] Adding design file '/home/chengzhy/FormaSyn/examples/fir_16tap/inter_files/minimal_baseline/kernel.cpp' to the project
Execute         send_msg_by_id INFO @200-1465@%s 'tb.file=kernel_tb.cpp' from /home/chengzhy/FormaSyn/examples/fir_16tap/inter_files/minimal_baseline/hls_config.cfg(8) 
INFO: [HLS 200-1465] Applying config ini 'tb.file=kernel_tb.cpp' from /home/chengzhy/FormaSyn/examples/fir_16tap/inter_files/minimal_baseline/hls_config.cfg(8)
Execute         add_files -tb /home/chengzhy/FormaSyn/examples/fir_16tap/inter_files/minimal_baseline/kernel_tb.cpp 
INFO: [HLS 200-10] Adding test bench file '/home/chengzhy/FormaSyn/examples/fir_16tap/inter_files/minimal_baseline/kernel_tb.cpp' to the project
Execute         send_msg_by_id INFO @200-1465@%s 'syn.top=kernel' from /home/chengzhy/FormaSyn/examples/fir_16tap/inter_files/minimal_baseline/hls_config.cfg(6) 
INFO: [HLS 200-1465] Applying config ini 'syn.top=kernel' from /home/chengzhy/FormaSyn/examples/fir_16tap/inter_files/minimal_baseline/hls_config.cfg(6)
Execute         set_top kernel 
Execute         send_msg_by_id INFO @200-1465@%s 'flow_target=vitis' from /home/chengzhy/FormaSyn/examples/fir_16tap/inter_files/minimal_baseline/hls_config.cfg(5) 
INFO: [HLS 200-1465] Applying config ini 'flow_target=vitis' from /home/chengzhy/FormaSyn/examples/fir_16tap/inter_files/minimal_baseline/hls_config.cfg(5)
Execute         send_msg_by_id INFO @200-1505@%s%s  vitis 
INFO: [HLS 200-1505] Using flow_target 'vitis'
Execute         send_msg_by_id INFO @200-435@%s%s 'open_solution -flow_target vitis' config_interface -m_axi_latency=64 
INFO: [HLS 200-435] Setting 'open_solution -flow_target vitis' configuration: config_interface -m_axi_latency=64
Execute         config_interface -m_axi_latency=64 
Execute         send_msg_by_id INFO @200-435@%s%s 'open_solution -flow_target vitis' config_interface -m_axi_alignment_byte_size=64 
INFO: [HLS 200-435] Setting 'open_solution -flow_target vitis' configuration: config_interface -m_axi_alignment_byte_size=64
Execute         config_interface -m_axi_alignment_byte_size=64 
Execute         send_msg_by_id INFO @200-435@%s%s 'open_solution -flow_target vitis' config_interface -m_axi_max_widen_bitwidth=512 
INFO: [HLS 200-435] Setting 'open_solution -flow_target vitis' configuration: config_interface -m_axi_max_widen_bitwidth=512
Execute         config_interface -m_axi_max_widen_bitwidth=512 
INFO-FLOW: Setting macro_cmd open_solution -flow_target vitis configuration: config_interface -default_interface=kernel
Execute         config_interface -default_interface=kernel 
Execute         send_msg_by_id INFO @200-435@%s%s 'open_solution -flow_target vitis' config_rtl -register_reset_num=3 
INFO: [HLS 200-435] Setting 'open_solution -flow_target vitis' configuration: config_rtl -register_reset_num=3
Execute         config_rtl -register_reset_num=3 
Execute         send_msg_by_id INFO @200-1465@%s 'part=xcu200-fsgd2104-2-e' from /home/chengzhy/FormaSyn/examples/fir_16tap/inter_files/minimal_baseline/hls_config.cfg(1) 
INFO: [HLS 200-1465] Applying config ini 'part=xcu200-fsgd2104-2-e' from /home/chengzhy/FormaSyn/examples/fir_16tap/inter_files/minimal_baseline/hls_config.cfg(1)
Execute         set_part xcu200-fsgd2104-2-e 
Execute           create_platform xcu200-fsgd2104-2-e -board  
DBG:HLSDevice: Trying to load device library: /tools/Xilinx/2025.1/Vitis/lib/lnx64.o/libxv_hlsvwrap.so
DBG:HLSDevice: first parts/arch.xml in RDI_DATADIR: /tools/Xilinx/2025.1/Vivado/data/parts/arch.xml
DBG:HLSDevice: init success
INFO: [HLS 200-1611] Setting target device to 'xcu200-fsgd2104-2-e'
Command           create_platform done; 0.37 sec.
Execute           source /tools/Xilinx/2025.1/Vitis/common/technology/xilinx/common/xilinx.gen 
Execute             source /tools/Xilinx/2025.1/Vitis/common/technology/xilinx/interface/plb46.gen 
Execute             source /tools/Xilinx/2025.1/Vitis/common/technology/xilinx/interface/axi4.gen 
Execute             source /tools/Xilinx/2025.1/Vitis/common/technology/xilinx/interface/nativeAXI4.gen 
Execute               source /tools/Xilinx/2025.1/Vitis/common/technology/xilinx/interface/saxilite.gen 
Execute             source /tools/Xilinx/2025.1/Vitis/common/technology/xilinx/scripts/xilinxcoregen.gen 
Execute             source /tools/Xilinx/2025.1/Vitis/common/technology/xilinx/interface/XilEDKCoreGen.gen 
Execute             source /tools/Xilinx/2025.1/Vitis/common/technology/xilinx/ip/util.gen 
Execute             source /tools/Xilinx/2025.1/Vitis/common/technology/xilinx/ip/xfft.gen 
Execute             source /tools/Xilinx/2025.1/Vitis/common/technology/xilinx/ip/dds_compiler.gen 
Execute             source /tools/Xilinx/2025.1/Vitis/common/technology/xilinx/ip/xfir.gen 
Execute             source /tools/Xilinx/2025.1/Vitis/common/technology/xilinx/DSP48/dsp48.gen 
Execute           ap_part_info -name xcu200-fsgd2104-2-e -data info 
Execute           config_compile -quiet -complex-mul-dsp=0 
Command         set_part done; 0.46 sec.
Execute         send_msg_by_id INFO @200-1465@%s 'clock=3.33ns' from /home/chengzhy/FormaSyn/examples/fir_16tap/inter_files/minimal_baseline/hls_config.cfg(4) 
INFO: [HLS 200-1465] Applying config ini 'clock=3.33ns' from /home/chengzhy/FormaSyn/examples/fir_16tap/inter_files/minimal_baseline/hls_config.cfg(4)
Execute         create_clock -period 3.33ns 
Execute           ap_set_clock -name default -period 3.33 -unit ns -default=false 
INFO: [SYN 201-201] Setting up clock 'default' with a period of 3.33ns.
Command       apply_ini done; 0.48 sec.
Execute       write_component -config /home/chengzhy/FormaSyn/examples/fir_16tap/inter_files/minimal_baseline/hls_config.cfg 
Execute         send_msg_by_id INFO @200-2176@%s /home/chengzhy/FormaSyn/examples/fir_16tap/inter_files/minimal_baseline/work/vitis-comp.json 
INFO: [HLS 200-2176] Writing Vitis IDE component file /home/chengzhy/FormaSyn/examples/fir_16tap/inter_files/minimal_baseline/work/vitis-comp.json
Command     open_solution done; 0.51 sec.
Command   open_component done; 0.51 sec.
Execute   apply_ini /home/chengzhy/FormaSyn/examples/fir_16tap/inter_files/minimal_baseline/work/hls/config.cmdline -iscmdline 
Execute   ::AP::init_summary_file csim 
Execute     AP::app_get_file_relativeroot [AP::app_get_root] {}
Execute   csim_design 
INFO-FLOW: Running SLX 'csim' proc: ::SLX::run_csim
INFO: [SIM 211-2] *************** CSIM start ***************
INFO: [SIM 211-4] CSIM will launch CLANG as the compiler.
Execute     send_msg_by_id INFO @200-2036@%s debug 
INFO: [HLS 200-2036] Building debug C Simulation binaries
Execute     ap_part_info -name xcu200-fsgd2104-2-e -data info 
Execute     source run_sim.tcl 
INFO: [SIM 211-1] CSim done with 0 errors.
INFO: [SIM 211-3] *************** CSIM finish ***************
Command   csim_design done; 4.07 sec.
Execute   close_project 
Execute     close_solution 
Execute       cleanup_all 
Execute       cleanup_all 
Execute       source -notrace -encoding utf-8 /tools/Xilinx/2025.1/Vitis/tps/tcl/tcl8.6/clock.tcl 
Execute         source -encoding utf-8 /tools/Xilinx/2025.1/tps/tcl/tcl8/8.5/msgcat-1.6.1.tm 
INFO-FLOW: Workspace /home/chengzhy/FormaSyn/examples/fir_16tap/inter_files/minimal_baseline/work/hls opened at Thu Apr 02 04:23:54 UTC 2026
Execute       send_msg_by_id INFO @200-1505@%s%s default  vivado 
INFO: [HLS 200-1505] Using default flow_target 'vivado'
Execute       send_msg_by_id INFO @200-2174@%s%s component /home/chengzhy/FormaSyn/examples/fir_16tap/inter_files/minimal_baseline/hls_config.cfg 
INFO: [HLS 200-2174] Applying component config ini file /home/chengzhy/FormaSyn/examples/fir_16tap/inter_files/minimal_baseline/hls_config.cfg
Execute       apply_ini /home/chengzhy/FormaSyn/examples/fir_16tap/inter_files/minimal_baseline/hls_config.cfg 
Execute         send_msg_by_id INFO @200-1465@%s 'syn.file=kernel.cpp' from /home/chengzhy/FormaSyn/examples/fir_16tap/inter_files/minimal_baseline/hls_config.cfg(7) 
INFO: [HLS 200-1465] Applying config ini 'syn.file=kernel.cpp' from /home/chengzhy/FormaSyn/examples/fir_16tap/inter_files/minimal_baseline/hls_config.cfg(7)
Execute         add_files /home/chengzhy/FormaSyn/examples/fir_16tap/inter_files/minimal_baseline/kernel.cpp 
INFO: [HLS 200-10] Adding design file '/home/chengzhy/FormaSyn/examples/fir_16tap/inter_files/minimal_baseline/kernel.cpp' to the project
Execute         send_msg_by_id INFO @200-1465@%s 'tb.file=kernel_tb.cpp' from /home/chengzhy/FormaSyn/examples/fir_16tap/inter_files/minimal_baseline/hls_config.cfg(8) 
INFO: [HLS 200-1465] Applying config ini 'tb.file=kernel_tb.cpp' from /home/chengzhy/FormaSyn/examples/fir_16tap/inter_files/minimal_baseline/hls_config.cfg(8)
Execute         add_files -tb /home/chengzhy/FormaSyn/examples/fir_16tap/inter_files/minimal_baseline/kernel_tb.cpp 
INFO: [HLS 200-10] Adding test bench file '/home/chengzhy/FormaSyn/examples/fir_16tap/inter_files/minimal_baseline/kernel_tb.cpp' to the project
Execute         send_msg_by_id INFO @200-1465@%s 'syn.top=kernel' from /home/chengzhy/FormaSyn/examples/fir_16tap/inter_files/minimal_baseline/hls_config.cfg(6) 
INFO: [HLS 200-1465] Applying config ini 'syn.top=kernel' from /home/chengzhy/FormaSyn/examples/fir_16tap/inter_files/minimal_baseline/hls_config.cfg(6)
Execute         set_top kernel 
Execute         send_msg_by_id INFO @200-1465@%s 'flow_target=vitis' from /home/chengzhy/FormaSyn/examples/fir_16tap/inter_files/minimal_baseline/hls_config.cfg(5) 
INFO: [HLS 200-1465] Applying config ini 'flow_target=vitis' from /home/chengzhy/FormaSyn/examples/fir_16tap/inter_files/minimal_baseline/hls_config.cfg(5)
Execute         send_msg_by_id INFO @200-1505@%s%s  vitis 
INFO: [HLS 200-1505] Using flow_target 'vitis'
Execute         send_msg_by_id INFO @200-435@%s%s 'open_solution -flow_target vitis' config_interface -m_axi_latency=64 
INFO: [HLS 200-435] Setting 'open_solution -flow_target vitis' configuration: config_interface -m_axi_latency=64
Execute         config_interface -m_axi_latency=64 
Execute         send_msg_by_id INFO @200-435@%s%s 'open_solution -flow_target vitis' config_interface -m_axi_alignment_byte_size=64 
INFO: [HLS 200-435] Setting 'open_solution -flow_target vitis' configuration: config_interface -m_axi_alignment_byte_size=64
Execute         config_interface -m_axi_alignment_byte_size=64 
Execute         send_msg_by_id INFO @200-435@%s%s 'open_solution -flow_target vitis' config_interface -m_axi_max_widen_bitwidth=512 
INFO: [HLS 200-435] Setting 'open_solution -flow_target vitis' configuration: config_interface -m_axi_max_widen_bitwidth=512
Execute         config_interface -m_axi_max_widen_bitwidth=512 
INFO-FLOW: Setting macro_cmd open_solution -flow_target vitis configuration: config_interface -default_interface=kernel
Execute         config_interface -default_interface=kernel 
Execute         send_msg_by_id INFO @200-435@%s%s 'open_solution -flow_target vitis' config_rtl -register_reset_num=3 
INFO: [HLS 200-435] Setting 'open_solution -flow_target vitis' configuration: config_rtl -register_reset_num=3
Execute         config_rtl -register_reset_num=3 
Execute         send_msg_by_id INFO @200-1465@%s 'part=xcu200-fsgd2104-2-e' from /home/chengzhy/FormaSyn/examples/fir_16tap/inter_files/minimal_baseline/hls_config.cfg(1) 
INFO: [HLS 200-1465] Applying config ini 'part=xcu200-fsgd2104-2-e' from /home/chengzhy/FormaSyn/examples/fir_16tap/inter_files/minimal_baseline/hls_config.cfg(1)
Execute         set_part xcu200-fsgd2104-2-e 
Execute           create_platform xcu200-fsgd2104-2-e -board  
DBG:HLSDevice: Trying to load device library: /tools/Xilinx/2025.1/Vitis/lib/lnx64.o/libxv_hlsvwrap.so
DBG:HLSDevice: first parts/arch.xml in RDI_DATADIR: /tools/Xilinx/2025.1/Vivado/data/parts/arch.xml
DBG:HLSDevice: init success
INFO: [HLS 200-1611] Setting target device to 'xcu200-fsgd2104-2-e'
Command           create_platform done; 0.37 sec.
Execute           source /tools/Xilinx/2025.1/Vitis/common/technology/xilinx/common/xilinx.gen 
Execute             source /tools/Xilinx/2025.1/Vitis/common/technology/xilinx/interface/plb46.gen 
Execute             source /tools/Xilinx/2025.1/Vitis/common/technology/xilinx/interface/axi4.gen 
Execute             source /tools/Xilinx/2025.1/Vitis/common/technology/xilinx/interface/nativeAXI4.gen 
Execute               source /tools/Xilinx/2025.1/Vitis/common/technology/xilinx/interface/saxilite.gen 
Execute             source /tools/Xilinx/2025.1/Vitis/common/technology/xilinx/scripts/xilinxcoregen.gen 
Execute             source /tools/Xilinx/2025.1/Vitis/common/technology/xilinx/interface/XilEDKCoreGen.gen 
Execute             source /tools/Xilinx/2025.1/Vitis/common/technology/xilinx/ip/util.gen 
Execute             source /tools/Xilinx/2025.1/Vitis/common/technology/xilinx/ip/xfft.gen 
Execute             source /tools/Xilinx/2025.1/Vitis/common/technology/xilinx/ip/dds_compiler.gen 
Execute             source /tools/Xilinx/2025.1/Vitis/common/technology/xilinx/ip/xfir.gen 
Execute             source /tools/Xilinx/2025.1/Vitis/common/technology/xilinx/DSP48/dsp48.gen 
Execute           ap_part_info -name xcu200-fsgd2104-2-e -data info 
Execute           config_compile -quiet -complex-mul-dsp=0 
Command         set_part done; 0.45 sec.
Execute         send_msg_by_id INFO @200-1465@%s 'clock=3.33ns' from /home/chengzhy/FormaSyn/examples/fir_16tap/inter_files/minimal_baseline/hls_config.cfg(4) 
INFO: [HLS 200-1465] Applying config ini 'clock=3.33ns' from /home/chengzhy/FormaSyn/examples/fir_16tap/inter_files/minimal_baseline/hls_config.cfg(4)
Execute         create_clock -period 3.33ns 
Execute           ap_set_clock -name default -period 3.33 -unit ns -default=false 
INFO: [SYN 201-201] Setting up clock 'default' with a period of 3.33ns.
Command       apply_ini done; 0.48 sec.
Execute       write_component -config /home/chengzhy/FormaSyn/examples/fir_16tap/inter_files/minimal_baseline/hls_config.cfg 
Execute         send_msg_by_id INFO @200-2176@%s /home/chengzhy/FormaSyn/examples/fir_16tap/inter_files/minimal_baseline/work/vitis-comp.json 
INFO: [HLS 200-2176] Writing Vitis IDE component file /home/chengzhy/FormaSyn/examples/fir_16tap/inter_files/minimal_baseline/work/vitis-comp.json
Command     open_solution done; 0.5 sec.
Command   open_component done; 0.51 sec.
Execute   apply_ini /home/chengzhy/FormaSyn/examples/fir_16tap/inter_files/minimal_baseline/work/hls/config.cmdline -iscmdline 
Execute   ::AP::init_summary_file csim 
Execute     AP::app_get_file_relativeroot [AP::app_get_root] {}
Execute   csim_design 
INFO-FLOW: Running SLX 'csim' proc: ::SLX::run_csim
INFO: [SIM 211-2] *************** CSIM start ***************
INFO: [SIM 211-4] CSIM will launch CLANG as the compiler.
Execute     source csim/.lst_opt.tcl 
Execute     send_msg_by_id INFO @200-2036@%s debug 
INFO: [HLS 200-2036] Building debug C Simulation binaries
Execute     ap_part_info -name xcu200-fsgd2104-2-e -data info 
Execute     source run_sim.tcl 
INFO: [SIM 211-1] CSim done with 0 errors.
INFO: [SIM 211-3] *************** CSIM finish ***************
Command   csim_design done; 3.96 sec.
Execute   close_project 
Execute     close_solution 
Execute       cleanup_all 
Execute       cleanup_all 
Execute       source -notrace -encoding utf-8 /tools/Xilinx/2025.1/Vitis/tps/tcl/tcl8.6/clock.tcl 
Execute         source -encoding utf-8 /tools/Xilinx/2025.1/tps/tcl/tcl8/8.5/msgcat-1.6.1.tm 
INFO-FLOW: Workspace /home/chengzhy/FormaSyn/examples/fir_16tap/inter_files/minimal_baseline/work/hls opened at Thu Apr 02 04:24:48 UTC 2026
Execute       send_msg_by_id INFO @200-1505@%s%s default  vivado 
INFO: [HLS 200-1505] Using default flow_target 'vivado'
Execute       send_msg_by_id INFO @200-2174@%s%s component /home/chengzhy/FormaSyn/examples/fir_16tap/inter_files/minimal_baseline/hls_config.cfg 
INFO: [HLS 200-2174] Applying component config ini file /home/chengzhy/FormaSyn/examples/fir_16tap/inter_files/minimal_baseline/hls_config.cfg
Execute       apply_ini /home/chengzhy/FormaSyn/examples/fir_16tap/inter_files/minimal_baseline/hls_config.cfg 
Execute         send_msg_by_id INFO @200-1465@%s 'syn.file=kernel.cpp' from /home/chengzhy/FormaSyn/examples/fir_16tap/inter_files/minimal_baseline/hls_config.cfg(7) 
INFO: [HLS 200-1465] Applying config ini 'syn.file=kernel.cpp' from /home/chengzhy/FormaSyn/examples/fir_16tap/inter_files/minimal_baseline/hls_config.cfg(7)
Execute         add_files /home/chengzhy/FormaSyn/examples/fir_16tap/inter_files/minimal_baseline/kernel.cpp 
INFO: [HLS 200-10] Adding design file '/home/chengzhy/FormaSyn/examples/fir_16tap/inter_files/minimal_baseline/kernel.cpp' to the project
Execute         send_msg_by_id INFO @200-1465@%s 'tb.file=kernel_tb.cpp' from /home/chengzhy/FormaSyn/examples/fir_16tap/inter_files/minimal_baseline/hls_config.cfg(8) 
INFO: [HLS 200-1465] Applying config ini 'tb.file=kernel_tb.cpp' from /home/chengzhy/FormaSyn/examples/fir_16tap/inter_files/minimal_baseline/hls_config.cfg(8)
Execute         add_files -tb /home/chengzhy/FormaSyn/examples/fir_16tap/inter_files/minimal_baseline/kernel_tb.cpp 
INFO: [HLS 200-10] Adding test bench file '/home/chengzhy/FormaSyn/examples/fir_16tap/inter_files/minimal_baseline/kernel_tb.cpp' to the project
Execute         send_msg_by_id INFO @200-1465@%s 'syn.top=kernel' from /home/chengzhy/FormaSyn/examples/fir_16tap/inter_files/minimal_baseline/hls_config.cfg(6) 
INFO: [HLS 200-1465] Applying config ini 'syn.top=kernel' from /home/chengzhy/FormaSyn/examples/fir_16tap/inter_files/minimal_baseline/hls_config.cfg(6)
Execute         set_top kernel 
Execute         send_msg_by_id INFO @200-1465@%s 'flow_target=vitis' from /home/chengzhy/FormaSyn/examples/fir_16tap/inter_files/minimal_baseline/hls_config.cfg(5) 
INFO: [HLS 200-1465] Applying config ini 'flow_target=vitis' from /home/chengzhy/FormaSyn/examples/fir_16tap/inter_files/minimal_baseline/hls_config.cfg(5)
Execute         send_msg_by_id INFO @200-1505@%s%s  vitis 
INFO: [HLS 200-1505] Using flow_target 'vitis'
Execute         send_msg_by_id INFO @200-435@%s%s 'open_solution -flow_target vitis' config_interface -m_axi_latency=64 
INFO: [HLS 200-435] Setting 'open_solution -flow_target vitis' configuration: config_interface -m_axi_latency=64
Execute         config_interface -m_axi_latency=64 
Execute         send_msg_by_id INFO @200-435@%s%s 'open_solution -flow_target vitis' config_interface -m_axi_alignment_byte_size=64 
INFO: [HLS 200-435] Setting 'open_solution -flow_target vitis' configuration: config_interface -m_axi_alignment_byte_size=64
Execute         config_interface -m_axi_alignment_byte_size=64 
Execute         send_msg_by_id INFO @200-435@%s%s 'open_solution -flow_target vitis' config_interface -m_axi_max_widen_bitwidth=512 
INFO: [HLS 200-435] Setting 'open_solution -flow_target vitis' configuration: config_interface -m_axi_max_widen_bitwidth=512
Execute         config_interface -m_axi_max_widen_bitwidth=512 
INFO-FLOW: Setting macro_cmd open_solution -flow_target vitis configuration: config_interface -default_interface=kernel
Execute         config_interface -default_interface=kernel 
Execute         send_msg_by_id INFO @200-435@%s%s 'open_solution -flow_target vitis' config_rtl -register_reset_num=3 
INFO: [HLS 200-435] Setting 'open_solution -flow_target vitis' configuration: config_rtl -register_reset_num=3
Execute         config_rtl -register_reset_num=3 
Execute         send_msg_by_id INFO @200-1465@%s 'part=xcu200-fsgd2104-2-e' from /home/chengzhy/FormaSyn/examples/fir_16tap/inter_files/minimal_baseline/hls_config.cfg(1) 
INFO: [HLS 200-1465] Applying config ini 'part=xcu200-fsgd2104-2-e' from /home/chengzhy/FormaSyn/examples/fir_16tap/inter_files/minimal_baseline/hls_config.cfg(1)
Execute         set_part xcu200-fsgd2104-2-e 
Execute           create_platform xcu200-fsgd2104-2-e -board  
DBG:HLSDevice: Trying to load device library: /tools/Xilinx/2025.1/Vitis/lib/lnx64.o/libxv_hlsvwrap.so
DBG:HLSDevice: first parts/arch.xml in RDI_DATADIR: /tools/Xilinx/2025.1/Vivado/data/parts/arch.xml
DBG:HLSDevice: init success
INFO: [HLS 200-1611] Setting target device to 'xcu200-fsgd2104-2-e'
Command           create_platform done; 0.37 sec.
Execute           source /tools/Xilinx/2025.1/Vitis/common/technology/xilinx/common/xilinx.gen 
Execute             source /tools/Xilinx/2025.1/Vitis/common/technology/xilinx/interface/plb46.gen 
Execute             source /tools/Xilinx/2025.1/Vitis/common/technology/xilinx/interface/axi4.gen 
Execute             source /tools/Xilinx/2025.1/Vitis/common/technology/xilinx/interface/nativeAXI4.gen 
Execute               source /tools/Xilinx/2025.1/Vitis/common/technology/xilinx/interface/saxilite.gen 
Execute             source /tools/Xilinx/2025.1/Vitis/common/technology/xilinx/scripts/xilinxcoregen.gen 
Execute             source /tools/Xilinx/2025.1/Vitis/common/technology/xilinx/interface/XilEDKCoreGen.gen 
Execute             source /tools/Xilinx/2025.1/Vitis/common/technology/xilinx/ip/util.gen 
Execute             source /tools/Xilinx/2025.1/Vitis/common/technology/xilinx/ip/xfft.gen 
Execute             source /tools/Xilinx/2025.1/Vitis/common/technology/xilinx/ip/dds_compiler.gen 
Execute             source /tools/Xilinx/2025.1/Vitis/common/technology/xilinx/ip/xfir.gen 
Execute             source /tools/Xilinx/2025.1/Vitis/common/technology/xilinx/DSP48/dsp48.gen 
Execute           ap_part_info -name xcu200-fsgd2104-2-e -data info 
Execute           config_compile -quiet -complex-mul-dsp=0 
Command         set_part done; 0.45 sec.
Execute         send_msg_by_id INFO @200-1465@%s 'clock=3.33ns' from /home/chengzhy/FormaSyn/examples/fir_16tap/inter_files/minimal_baseline/hls_config.cfg(4) 
INFO: [HLS 200-1465] Applying config ini 'clock=3.33ns' from /home/chengzhy/FormaSyn/examples/fir_16tap/inter_files/minimal_baseline/hls_config.cfg(4)
Execute         create_clock -period 3.33ns 
Execute           ap_set_clock -name default -period 3.33 -unit ns -default=false 
INFO: [SYN 201-201] Setting up clock 'default' with a period of 3.33ns.
Command       apply_ini done; 0.47 sec.
Execute       write_component -config /home/chengzhy/FormaSyn/examples/fir_16tap/inter_files/minimal_baseline/hls_config.cfg 
Execute         send_msg_by_id INFO @200-2176@%s /home/chengzhy/FormaSyn/examples/fir_16tap/inter_files/minimal_baseline/work/vitis-comp.json 
INFO: [HLS 200-2176] Writing Vitis IDE component file /home/chengzhy/FormaSyn/examples/fir_16tap/inter_files/minimal_baseline/work/vitis-comp.json
Command     open_solution done; 0.51 sec.
Command   open_component done; 0.51 sec.
Execute   apply_ini /home/chengzhy/FormaSyn/examples/fir_16tap/inter_files/minimal_baseline/work/hls/config.cmdline -iscmdline 
Execute   ::AP::init_summary_file csim 
Execute     AP::app_get_file_relativeroot [AP::app_get_root] {}
Execute   csim_design 
INFO-FLOW: Running SLX 'csim' proc: ::SLX::run_csim
INFO: [SIM 211-2] *************** CSIM start ***************
INFO: [SIM 211-4] CSIM will launch CLANG as the compiler.
Execute     source csim/.lst_opt.tcl 
Execute     send_msg_by_id INFO @200-2036@%s debug 
INFO: [HLS 200-2036] Building debug C Simulation binaries
Execute     ap_part_info -name xcu200-fsgd2104-2-e -data info 
Execute     source run_sim.tcl 
INFO: [SIM 211-1] CSim done with 0 errors.
INFO: [SIM 211-3] *************** CSIM finish ***************
Command   csim_design done; 3.94 sec.
Execute   close_project 
Execute     close_solution 
Execute       cleanup_all 
Execute       cleanup_all 
Execute       source -notrace -encoding utf-8 /tools/Xilinx/2025.1/Vitis/tps/tcl/tcl8.6/clock.tcl 
Execute         source -encoding utf-8 /tools/Xilinx/2025.1/tps/tcl/tcl8/8.5/msgcat-1.6.1.tm 
INFO-FLOW: Workspace /home/chengzhy/FormaSyn/examples/fir_16tap/inter_files/minimal_baseline/work/hls opened at Thu Apr 02 04:25:25 UTC 2026
Execute       send_msg_by_id INFO @200-1505@%s%s default  vivado 
INFO: [HLS 200-1505] Using default flow_target 'vivado'
Execute       send_msg_by_id INFO @200-2174@%s%s component /home/chengzhy/FormaSyn/examples/fir_16tap/inter_files/minimal_baseline/hls_config.cfg 
INFO: [HLS 200-2174] Applying component config ini file /home/chengzhy/FormaSyn/examples/fir_16tap/inter_files/minimal_baseline/hls_config.cfg
Execute       apply_ini /home/chengzhy/FormaSyn/examples/fir_16tap/inter_files/minimal_baseline/hls_config.cfg 
Execute         send_msg_by_id INFO @200-1465@%s 'syn.file=kernel.cpp' from /home/chengzhy/FormaSyn/examples/fir_16tap/inter_files/minimal_baseline/hls_config.cfg(7) 
INFO: [HLS 200-1465] Applying config ini 'syn.file=kernel.cpp' from /home/chengzhy/FormaSyn/examples/fir_16tap/inter_files/minimal_baseline/hls_config.cfg(7)
Execute         add_files /home/chengzhy/FormaSyn/examples/fir_16tap/inter_files/minimal_baseline/kernel.cpp 
INFO: [HLS 200-10] Adding design file '/home/chengzhy/FormaSyn/examples/fir_16tap/inter_files/minimal_baseline/kernel.cpp' to the project
Execute         send_msg_by_id INFO @200-1465@%s 'tb.file=kernel_tb.cpp' from /home/chengzhy/FormaSyn/examples/fir_16tap/inter_files/minimal_baseline/hls_config.cfg(8) 
INFO: [HLS 200-1465] Applying config ini 'tb.file=kernel_tb.cpp' from /home/chengzhy/FormaSyn/examples/fir_16tap/inter_files/minimal_baseline/hls_config.cfg(8)
Execute         add_files -tb /home/chengzhy/FormaSyn/examples/fir_16tap/inter_files/minimal_baseline/kernel_tb.cpp 
INFO: [HLS 200-10] Adding test bench file '/home/chengzhy/FormaSyn/examples/fir_16tap/inter_files/minimal_baseline/kernel_tb.cpp' to the project
Execute         send_msg_by_id INFO @200-1465@%s 'syn.top=kernel' from /home/chengzhy/FormaSyn/examples/fir_16tap/inter_files/minimal_baseline/hls_config.cfg(6) 
INFO: [HLS 200-1465] Applying config ini 'syn.top=kernel' from /home/chengzhy/FormaSyn/examples/fir_16tap/inter_files/minimal_baseline/hls_config.cfg(6)
Execute         set_top kernel 
Execute         send_msg_by_id INFO @200-1465@%s 'flow_target=vitis' from /home/chengzhy/FormaSyn/examples/fir_16tap/inter_files/minimal_baseline/hls_config.cfg(5) 
INFO: [HLS 200-1465] Applying config ini 'flow_target=vitis' from /home/chengzhy/FormaSyn/examples/fir_16tap/inter_files/minimal_baseline/hls_config.cfg(5)
Execute         send_msg_by_id INFO @200-1505@%s%s  vitis 
INFO: [HLS 200-1505] Using flow_target 'vitis'
Execute         send_msg_by_id INFO @200-435@%s%s 'open_solution -flow_target vitis' config_interface -m_axi_latency=64 
INFO: [HLS 200-435] Setting 'open_solution -flow_target vitis' configuration: config_interface -m_axi_latency=64
Execute         config_interface -m_axi_latency=64 
Execute         send_msg_by_id INFO @200-435@%s%s 'open_solution -flow_target vitis' config_interface -m_axi_alignment_byte_size=64 
INFO: [HLS 200-435] Setting 'open_solution -flow_target vitis' configuration: config_interface -m_axi_alignment_byte_size=64
Execute         config_interface -m_axi_alignment_byte_size=64 
Execute         send_msg_by_id INFO @200-435@%s%s 'open_solution -flow_target vitis' config_interface -m_axi_max_widen_bitwidth=512 
INFO: [HLS 200-435] Setting 'open_solution -flow_target vitis' configuration: config_interface -m_axi_max_widen_bitwidth=512
Execute         config_interface -m_axi_max_widen_bitwidth=512 
INFO-FLOW: Setting macro_cmd open_solution -flow_target vitis configuration: config_interface -default_interface=kernel
Execute         config_interface -default_interface=kernel 
Execute         send_msg_by_id INFO @200-435@%s%s 'open_solution -flow_target vitis' config_rtl -register_reset_num=3 
INFO: [HLS 200-435] Setting 'open_solution -flow_target vitis' configuration: config_rtl -register_reset_num=3
Execute         config_rtl -register_reset_num=3 
Execute         send_msg_by_id INFO @200-1465@%s 'part=xcu200-fsgd2104-2-e' from /home/chengzhy/FormaSyn/examples/fir_16tap/inter_files/minimal_baseline/hls_config.cfg(1) 
INFO: [HLS 200-1465] Applying config ini 'part=xcu200-fsgd2104-2-e' from /home/chengzhy/FormaSyn/examples/fir_16tap/inter_files/minimal_baseline/hls_config.cfg(1)
Execute         set_part xcu200-fsgd2104-2-e 
Execute           create_platform xcu200-fsgd2104-2-e -board  
DBG:HLSDevice: Trying to load device library: /tools/Xilinx/2025.1/Vitis/lib/lnx64.o/libxv_hlsvwrap.so
DBG:HLSDevice: first parts/arch.xml in RDI_DATADIR: /tools/Xilinx/2025.1/Vivado/data/parts/arch.xml
DBG:HLSDevice: init success
INFO: [HLS 200-1611] Setting target device to 'xcu200-fsgd2104-2-e'
Command           create_platform done; 0.37 sec.
Execute           source /tools/Xilinx/2025.1/Vitis/common/technology/xilinx/common/xilinx.gen 
Execute             source /tools/Xilinx/2025.1/Vitis/common/technology/xilinx/interface/plb46.gen 
Execute             source /tools/Xilinx/2025.1/Vitis/common/technology/xilinx/interface/axi4.gen 
Execute             source /tools/Xilinx/2025.1/Vitis/common/technology/xilinx/interface/nativeAXI4.gen 
Execute               source /tools/Xilinx/2025.1/Vitis/common/technology/xilinx/interface/saxilite.gen 
Execute             source /tools/Xilinx/2025.1/Vitis/common/technology/xilinx/scripts/xilinxcoregen.gen 
Execute             source /tools/Xilinx/2025.1/Vitis/common/technology/xilinx/interface/XilEDKCoreGen.gen 
Execute             source /tools/Xilinx/2025.1/Vitis/common/technology/xilinx/ip/util.gen 
Execute             source /tools/Xilinx/2025.1/Vitis/common/technology/xilinx/ip/xfft.gen 
Execute             source /tools/Xilinx/2025.1/Vitis/common/technology/xilinx/ip/dds_compiler.gen 
Execute             source /tools/Xilinx/2025.1/Vitis/common/technology/xilinx/ip/xfir.gen 
Execute             source /tools/Xilinx/2025.1/Vitis/common/technology/xilinx/DSP48/dsp48.gen 
Execute           ap_part_info -name xcu200-fsgd2104-2-e -data info 
Execute           config_compile -quiet -complex-mul-dsp=0 
Command         set_part done; 0.45 sec.
Execute         send_msg_by_id INFO @200-1465@%s 'clock=3.33ns' from /home/chengzhy/FormaSyn/examples/fir_16tap/inter_files/minimal_baseline/hls_config.cfg(4) 
INFO: [HLS 200-1465] Applying config ini 'clock=3.33ns' from /home/chengzhy/FormaSyn/examples/fir_16tap/inter_files/minimal_baseline/hls_config.cfg(4)
Execute         create_clock -period 3.33ns 
Execute           ap_set_clock -name default -period 3.33 -unit ns -default=false 
INFO: [SYN 201-201] Setting up clock 'default' with a period of 3.33ns.
Command       apply_ini done; 0.48 sec.
Execute       write_component -config /home/chengzhy/FormaSyn/examples/fir_16tap/inter_files/minimal_baseline/hls_config.cfg 
Execute         send_msg_by_id INFO @200-2176@%s /home/chengzhy/FormaSyn/examples/fir_16tap/inter_files/minimal_baseline/work/vitis-comp.json 
INFO: [HLS 200-2176] Writing Vitis IDE component file /home/chengzhy/FormaSyn/examples/fir_16tap/inter_files/minimal_baseline/work/vitis-comp.json
Command     open_solution done; 0.5 sec.
Command   open_component done; 0.51 sec.
Execute   apply_ini /home/chengzhy/FormaSyn/examples/fir_16tap/inter_files/minimal_baseline/work/hls/config.cmdline -iscmdline 
Execute   ::AP::init_summary_file csim 
Execute     AP::app_get_file_relativeroot [AP::app_get_root] {}
Execute   csim_design 
INFO-FLOW: Running SLX 'csim' proc: ::SLX::run_csim
INFO: [SIM 211-2] *************** CSIM start ***************
INFO: [SIM 211-4] CSIM will launch CLANG as the compiler.
Execute     source csim/.lst_opt.tcl 
Execute     send_msg_by_id INFO @200-2036@%s debug 
INFO: [HLS 200-2036] Building debug C Simulation binaries
Execute     ap_part_info -name xcu200-fsgd2104-2-e -data info 
Execute     source run_sim.tcl 
INFO: [SIM 211-1] CSim done with 0 errors.
INFO: [SIM 211-3] *************** CSIM finish ***************
Command   csim_design done; 4.02 sec.
Execute   close_project 
Execute     close_solution 
Execute       cleanup_all 
Execute       cleanup_all 
Execute       source -notrace -encoding utf-8 /tools/Xilinx/2025.1/Vitis/tps/tcl/tcl8.6/clock.tcl 
Execute         source -encoding utf-8 /tools/Xilinx/2025.1/tps/tcl/tcl8/8.5/msgcat-1.6.1.tm 
INFO-FLOW: Workspace /home/chengzhy/FormaSyn/examples/fir_16tap/inter_files/minimal_baseline/work/hls opened at Thu Apr 02 04:26:30 UTC 2026
Execute       send_msg_by_id INFO @200-1505@%s%s default  vivado 
INFO: [HLS 200-1505] Using default flow_target 'vivado'
Execute       send_msg_by_id INFO @200-2174@%s%s component /home/chengzhy/FormaSyn/examples/fir_16tap/inter_files/minimal_baseline/hls_config.cfg 
INFO: [HLS 200-2174] Applying component config ini file /home/chengzhy/FormaSyn/examples/fir_16tap/inter_files/minimal_baseline/hls_config.cfg
Execute       apply_ini /home/chengzhy/FormaSyn/examples/fir_16tap/inter_files/minimal_baseline/hls_config.cfg 
Execute         send_msg_by_id INFO @200-1465@%s 'syn.file=kernel.cpp' from /home/chengzhy/FormaSyn/examples/fir_16tap/inter_files/minimal_baseline/hls_config.cfg(7) 
INFO: [HLS 200-1465] Applying config ini 'syn.file=kernel.cpp' from /home/chengzhy/FormaSyn/examples/fir_16tap/inter_files/minimal_baseline/hls_config.cfg(7)
Execute         add_files /home/chengzhy/FormaSyn/examples/fir_16tap/inter_files/minimal_baseline/kernel.cpp 
INFO: [HLS 200-10] Adding design file '/home/chengzhy/FormaSyn/examples/fir_16tap/inter_files/minimal_baseline/kernel.cpp' to the project
Execute         send_msg_by_id INFO @200-1465@%s 'tb.file=kernel_tb.cpp' from /home/chengzhy/FormaSyn/examples/fir_16tap/inter_files/minimal_baseline/hls_config.cfg(8) 
INFO: [HLS 200-1465] Applying config ini 'tb.file=kernel_tb.cpp' from /home/chengzhy/FormaSyn/examples/fir_16tap/inter_files/minimal_baseline/hls_config.cfg(8)
Execute         add_files -tb /home/chengzhy/FormaSyn/examples/fir_16tap/inter_files/minimal_baseline/kernel_tb.cpp 
INFO: [HLS 200-10] Adding test bench file '/home/chengzhy/FormaSyn/examples/fir_16tap/inter_files/minimal_baseline/kernel_tb.cpp' to the project
Execute         send_msg_by_id INFO @200-1465@%s 'syn.top=kernel' from /home/chengzhy/FormaSyn/examples/fir_16tap/inter_files/minimal_baseline/hls_config.cfg(6) 
INFO: [HLS 200-1465] Applying config ini 'syn.top=kernel' from /home/chengzhy/FormaSyn/examples/fir_16tap/inter_files/minimal_baseline/hls_config.cfg(6)
Execute         set_top kernel 
Execute         send_msg_by_id INFO @200-1465@%s 'flow_target=vitis' from /home/chengzhy/FormaSyn/examples/fir_16tap/inter_files/minimal_baseline/hls_config.cfg(5) 
INFO: [HLS 200-1465] Applying config ini 'flow_target=vitis' from /home/chengzhy/FormaSyn/examples/fir_16tap/inter_files/minimal_baseline/hls_config.cfg(5)
Execute         send_msg_by_id INFO @200-1505@%s%s  vitis 
INFO: [HLS 200-1505] Using flow_target 'vitis'
Execute         send_msg_by_id INFO @200-435@%s%s 'open_solution -flow_target vitis' config_interface -m_axi_latency=64 
INFO: [HLS 200-435] Setting 'open_solution -flow_target vitis' configuration: config_interface -m_axi_latency=64
Execute         config_interface -m_axi_latency=64 
Execute         send_msg_by_id INFO @200-435@%s%s 'open_solution -flow_target vitis' config_interface -m_axi_alignment_byte_size=64 
INFO: [HLS 200-435] Setting 'open_solution -flow_target vitis' configuration: config_interface -m_axi_alignment_byte_size=64
Execute         config_interface -m_axi_alignment_byte_size=64 
Execute         send_msg_by_id INFO @200-435@%s%s 'open_solution -flow_target vitis' config_interface -m_axi_max_widen_bitwidth=512 
INFO: [HLS 200-435] Setting 'open_solution -flow_target vitis' configuration: config_interface -m_axi_max_widen_bitwidth=512
Execute         config_interface -m_axi_max_widen_bitwidth=512 
INFO-FLOW: Setting macro_cmd open_solution -flow_target vitis configuration: config_interface -default_interface=kernel
Execute         config_interface -default_interface=kernel 
Execute         send_msg_by_id INFO @200-435@%s%s 'open_solution -flow_target vitis' config_rtl -register_reset_num=3 
INFO: [HLS 200-435] Setting 'open_solution -flow_target vitis' configuration: config_rtl -register_reset_num=3
Execute         config_rtl -register_reset_num=3 
Execute         send_msg_by_id INFO @200-1465@%s 'part=xcu200-fsgd2104-2-e' from /home/chengzhy/FormaSyn/examples/fir_16tap/inter_files/minimal_baseline/hls_config.cfg(1) 
INFO: [HLS 200-1465] Applying config ini 'part=xcu200-fsgd2104-2-e' from /home/chengzhy/FormaSyn/examples/fir_16tap/inter_files/minimal_baseline/hls_config.cfg(1)
Execute         set_part xcu200-fsgd2104-2-e 
Execute           create_platform xcu200-fsgd2104-2-e -board  
DBG:HLSDevice: Trying to load device library: /tools/Xilinx/2025.1/Vitis/lib/lnx64.o/libxv_hlsvwrap.so
DBG:HLSDevice: first parts/arch.xml in RDI_DATADIR: /tools/Xilinx/2025.1/Vivado/data/parts/arch.xml
DBG:HLSDevice: init success
INFO: [HLS 200-1611] Setting target device to 'xcu200-fsgd2104-2-e'
Command           create_platform done; 0.37 sec.
Execute           source /tools/Xilinx/2025.1/Vitis/common/technology/xilinx/common/xilinx.gen 
Execute             source /tools/Xilinx/2025.1/Vitis/common/technology/xilinx/interface/plb46.gen 
Execute             source /tools/Xilinx/2025.1/Vitis/common/technology/xilinx/interface/axi4.gen 
Execute             source /tools/Xilinx/2025.1/Vitis/common/technology/xilinx/interface/nativeAXI4.gen 
Execute               source /tools/Xilinx/2025.1/Vitis/common/technology/xilinx/interface/saxilite.gen 
Execute             source /tools/Xilinx/2025.1/Vitis/common/technology/xilinx/scripts/xilinxcoregen.gen 
Execute             source /tools/Xilinx/2025.1/Vitis/common/technology/xilinx/interface/XilEDKCoreGen.gen 
Execute             source /tools/Xilinx/2025.1/Vitis/common/technology/xilinx/ip/util.gen 
Execute             source /tools/Xilinx/2025.1/Vitis/common/technology/xilinx/ip/xfft.gen 
Execute             source /tools/Xilinx/2025.1/Vitis/common/technology/xilinx/ip/dds_compiler.gen 
Execute             source /tools/Xilinx/2025.1/Vitis/common/technology/xilinx/ip/xfir.gen 
Execute             source /tools/Xilinx/2025.1/Vitis/common/technology/xilinx/DSP48/dsp48.gen 
Execute           ap_part_info -name xcu200-fsgd2104-2-e -data info 
Execute           config_compile -quiet -complex-mul-dsp=0 
Command         set_part done; 0.45 sec.
Execute         send_msg_by_id INFO @200-1465@%s 'clock=3.33ns' from /home/chengzhy/FormaSyn/examples/fir_16tap/inter_files/minimal_baseline/hls_config.cfg(4) 
INFO: [HLS 200-1465] Applying config ini 'clock=3.33ns' from /home/chengzhy/FormaSyn/examples/fir_16tap/inter_files/minimal_baseline/hls_config.cfg(4)
Execute         create_clock -period 3.33ns 
Execute           ap_set_clock -name default -period 3.33 -unit ns -default=false 
INFO: [SYN 201-201] Setting up clock 'default' with a period of 3.33ns.
Command       apply_ini done; 0.47 sec.
Execute       write_component -config /home/chengzhy/FormaSyn/examples/fir_16tap/inter_files/minimal_baseline/hls_config.cfg 
Execute         send_msg_by_id INFO @200-2176@%s /home/chengzhy/FormaSyn/examples/fir_16tap/inter_files/minimal_baseline/work/vitis-comp.json 
INFO: [HLS 200-2176] Writing Vitis IDE component file /home/chengzhy/FormaSyn/examples/fir_16tap/inter_files/minimal_baseline/work/vitis-comp.json
Command     open_solution done; 0.5 sec.
Command   open_component done; 0.5 sec.
Execute   apply_ini /home/chengzhy/FormaSyn/examples/fir_16tap/inter_files/minimal_baseline/work/hls/config.cmdline -iscmdline 
Execute   ::AP::init_summary_file csim 
Execute     AP::app_get_file_relativeroot [AP::app_get_root] {}
Execute   csim_design 
INFO-FLOW: Running SLX 'csim' proc: ::SLX::run_csim
INFO: [SIM 211-2] *************** CSIM start ***************
INFO: [SIM 211-4] CSIM will launch CLANG as the compiler.
Execute     source csim/.lst_opt.tcl 
Execute     send_msg_by_id INFO @200-2036@%s debug 
INFO: [HLS 200-2036] Building debug C Simulation binaries
Execute     ap_part_info -name xcu200-fsgd2104-2-e -data info 
Execute     source run_sim.tcl 
INFO: [SIM 211-1] CSim done with 0 errors.
INFO: [SIM 211-3] *************** CSIM finish ***************
Command   csim_design done; 3.99 sec.
Execute   close_project 
Execute     close_solution 
Execute       cleanup_all 
Execute       cleanup_all 
Execute       source -notrace -encoding utf-8 /tools/Xilinx/2025.1/Vitis/tps/tcl/tcl8.6/clock.tcl 
Execute         source -encoding utf-8 /tools/Xilinx/2025.1/tps/tcl/tcl8/8.5/msgcat-1.6.1.tm 
INFO-FLOW: Workspace /home/chengzhy/FormaSyn/examples/fir_16tap/inter_files/minimal_baseline/work/hls opened at Thu Apr 02 04:27:52 UTC 2026
Execute       send_msg_by_id INFO @200-1505@%s%s default  vivado 
INFO: [HLS 200-1505] Using default flow_target 'vivado'
Execute       send_msg_by_id INFO @200-2174@%s%s component /home/chengzhy/FormaSyn/examples/fir_16tap/inter_files/minimal_baseline/hls_config.cfg 
INFO: [HLS 200-2174] Applying component config ini file /home/chengzhy/FormaSyn/examples/fir_16tap/inter_files/minimal_baseline/hls_config.cfg
Execute       apply_ini /home/chengzhy/FormaSyn/examples/fir_16tap/inter_files/minimal_baseline/hls_config.cfg 
Execute         send_msg_by_id INFO @200-1465@%s 'syn.file=kernel.cpp' from /home/chengzhy/FormaSyn/examples/fir_16tap/inter_files/minimal_baseline/hls_config.cfg(7) 
INFO: [HLS 200-1465] Applying config ini 'syn.file=kernel.cpp' from /home/chengzhy/FormaSyn/examples/fir_16tap/inter_files/minimal_baseline/hls_config.cfg(7)
Execute         add_files /home/chengzhy/FormaSyn/examples/fir_16tap/inter_files/minimal_baseline/kernel.cpp 
INFO: [HLS 200-10] Adding design file '/home/chengzhy/FormaSyn/examples/fir_16tap/inter_files/minimal_baseline/kernel.cpp' to the project
Execute         send_msg_by_id INFO @200-1465@%s 'tb.file=kernel_tb.cpp' from /home/chengzhy/FormaSyn/examples/fir_16tap/inter_files/minimal_baseline/hls_config.cfg(8) 
INFO: [HLS 200-1465] Applying config ini 'tb.file=kernel_tb.cpp' from /home/chengzhy/FormaSyn/examples/fir_16tap/inter_files/minimal_baseline/hls_config.cfg(8)
Execute         add_files -tb /home/chengzhy/FormaSyn/examples/fir_16tap/inter_files/minimal_baseline/kernel_tb.cpp 
INFO: [HLS 200-10] Adding test bench file '/home/chengzhy/FormaSyn/examples/fir_16tap/inter_files/minimal_baseline/kernel_tb.cpp' to the project
Execute         send_msg_by_id INFO @200-1465@%s 'syn.top=kernel' from /home/chengzhy/FormaSyn/examples/fir_16tap/inter_files/minimal_baseline/hls_config.cfg(6) 
INFO: [HLS 200-1465] Applying config ini 'syn.top=kernel' from /home/chengzhy/FormaSyn/examples/fir_16tap/inter_files/minimal_baseline/hls_config.cfg(6)
Execute         set_top kernel 
Execute         send_msg_by_id INFO @200-1465@%s 'flow_target=vitis' from /home/chengzhy/FormaSyn/examples/fir_16tap/inter_files/minimal_baseline/hls_config.cfg(5) 
INFO: [HLS 200-1465] Applying config ini 'flow_target=vitis' from /home/chengzhy/FormaSyn/examples/fir_16tap/inter_files/minimal_baseline/hls_config.cfg(5)
Execute         send_msg_by_id INFO @200-1505@%s%s  vitis 
INFO: [HLS 200-1505] Using flow_target 'vitis'
Execute         send_msg_by_id INFO @200-435@%s%s 'open_solution -flow_target vitis' config_interface -m_axi_latency=64 
INFO: [HLS 200-435] Setting 'open_solution -flow_target vitis' configuration: config_interface -m_axi_latency=64
Execute         config_interface -m_axi_latency=64 
Execute         send_msg_by_id INFO @200-435@%s%s 'open_solution -flow_target vitis' config_interface -m_axi_alignment_byte_size=64 
INFO: [HLS 200-435] Setting 'open_solution -flow_target vitis' configuration: config_interface -m_axi_alignment_byte_size=64
Execute         config_interface -m_axi_alignment_byte_size=64 
Execute         send_msg_by_id INFO @200-435@%s%s 'open_solution -flow_target vitis' config_interface -m_axi_max_widen_bitwidth=512 
INFO: [HLS 200-435] Setting 'open_solution -flow_target vitis' configuration: config_interface -m_axi_max_widen_bitwidth=512
Execute         config_interface -m_axi_max_widen_bitwidth=512 
INFO-FLOW: Setting macro_cmd open_solution -flow_target vitis configuration: config_interface -default_interface=kernel
Execute         config_interface -default_interface=kernel 
Execute         send_msg_by_id INFO @200-435@%s%s 'open_solution -flow_target vitis' config_rtl -register_reset_num=3 
INFO: [HLS 200-435] Setting 'open_solution -flow_target vitis' configuration: config_rtl -register_reset_num=3
Execute         config_rtl -register_reset_num=3 
Execute         send_msg_by_id INFO @200-1465@%s 'part=xcu200-fsgd2104-2-e' from /home/chengzhy/FormaSyn/examples/fir_16tap/inter_files/minimal_baseline/hls_config.cfg(1) 
INFO: [HLS 200-1465] Applying config ini 'part=xcu200-fsgd2104-2-e' from /home/chengzhy/FormaSyn/examples/fir_16tap/inter_files/minimal_baseline/hls_config.cfg(1)
Execute         set_part xcu200-fsgd2104-2-e 
Execute           create_platform xcu200-fsgd2104-2-e -board  
DBG:HLSDevice: Trying to load device library: /tools/Xilinx/2025.1/Vitis/lib/lnx64.o/libxv_hlsvwrap.so
DBG:HLSDevice: first parts/arch.xml in RDI_DATADIR: /tools/Xilinx/2025.1/Vivado/data/parts/arch.xml
DBG:HLSDevice: init success
INFO: [HLS 200-1611] Setting target device to 'xcu200-fsgd2104-2-e'
Command           create_platform done; 0.36 sec.
Execute           source /tools/Xilinx/2025.1/Vitis/common/technology/xilinx/common/xilinx.gen 
Execute             source /tools/Xilinx/2025.1/Vitis/common/technology/xilinx/interface/plb46.gen 
Execute             source /tools/Xilinx/2025.1/Vitis/common/technology/xilinx/interface/axi4.gen 
Execute             source /tools/Xilinx/2025.1/Vitis/common/technology/xilinx/interface/nativeAXI4.gen 
Execute               source /tools/Xilinx/2025.1/Vitis/common/technology/xilinx/interface/saxilite.gen 
Execute             source /tools/Xilinx/2025.1/Vitis/common/technology/xilinx/scripts/xilinxcoregen.gen 
Execute             source /tools/Xilinx/2025.1/Vitis/common/technology/xilinx/interface/XilEDKCoreGen.gen 
Execute             source /tools/Xilinx/2025.1/Vitis/common/technology/xilinx/ip/util.gen 
Execute             source /tools/Xilinx/2025.1/Vitis/common/technology/xilinx/ip/xfft.gen 
Execute             source /tools/Xilinx/2025.1/Vitis/common/technology/xilinx/ip/dds_compiler.gen 
Execute             source /tools/Xilinx/2025.1/Vitis/common/technology/xilinx/ip/xfir.gen 
Execute             source /tools/Xilinx/2025.1/Vitis/common/technology/xilinx/DSP48/dsp48.gen 
Execute           ap_part_info -name xcu200-fsgd2104-2-e -data info 
Execute           config_compile -quiet -complex-mul-dsp=0 
Command         set_part done; 0.46 sec.
Execute         send_msg_by_id INFO @200-1465@%s 'clock=3.33ns' from /home/chengzhy/FormaSyn/examples/fir_16tap/inter_files/minimal_baseline/hls_config.cfg(4) 
INFO: [HLS 200-1465] Applying config ini 'clock=3.33ns' from /home/chengzhy/FormaSyn/examples/fir_16tap/inter_files/minimal_baseline/hls_config.cfg(4)
Execute         create_clock -period 3.33ns 
Execute           ap_set_clock -name default -period 3.33 -unit ns -default=false 
INFO: [SYN 201-201] Setting up clock 'default' with a period of 3.33ns.
Command       apply_ini done; 0.48 sec.
Execute       write_component -config /home/chengzhy/FormaSyn/examples/fir_16tap/inter_files/minimal_baseline/hls_config.cfg 
Execute         send_msg_by_id INFO @200-2176@%s /home/chengzhy/FormaSyn/examples/fir_16tap/inter_files/minimal_baseline/work/vitis-comp.json 
INFO: [HLS 200-2176] Writing Vitis IDE component file /home/chengzhy/FormaSyn/examples/fir_16tap/inter_files/minimal_baseline/work/vitis-comp.json
Command     open_solution done; 0.5 sec.
Command   open_component done; 0.51 sec.
Execute   apply_ini /home/chengzhy/FormaSyn/examples/fir_16tap/inter_files/minimal_baseline/work/hls/config.cmdline -iscmdline 
Execute   ::AP::init_summary_file csim 
Execute     AP::app_get_file_relativeroot [AP::app_get_root] {}
Execute   csim_design 
INFO-FLOW: Running SLX 'csim' proc: ::SLX::run_csim
INFO: [SIM 211-2] *************** CSIM start ***************
INFO: [SIM 211-4] CSIM will launch CLANG as the compiler.
Execute     source csim/.lst_opt.tcl 
Execute     send_msg_by_id INFO @200-2036@%s debug 
INFO: [HLS 200-2036] Building debug C Simulation binaries
Execute     ap_part_info -name xcu200-fsgd2104-2-e -data info 
Execute     source run_sim.tcl 
INFO: [SIM 211-1] CSim done with 0 errors.
INFO: [SIM 211-3] *************** CSIM finish ***************
Command   csim_design done; 3.97 sec.
Execute   close_project 
Execute     close_solution 
Execute       cleanup_all 
Execute       cleanup_all 
Execute       source -notrace -encoding utf-8 /tools/Xilinx/2025.1/Vitis/tps/tcl/tcl8.6/clock.tcl 
Execute         source -encoding utf-8 /tools/Xilinx/2025.1/tps/tcl/tcl8/8.5/msgcat-1.6.1.tm 
INFO-FLOW: Workspace /home/chengzhy/FormaSyn/examples/fir_16tap/inter_files/minimal_baseline/work/hls opened at Thu Apr 02 04:47:47 UTC 2026
Execute       send_msg_by_id INFO @200-1505@%s%s default  vivado 
INFO: [HLS 200-1505] Using default flow_target 'vivado'
Execute       send_msg_by_id INFO @200-2174@%s%s component /home/chengzhy/FormaSyn/examples/fir_16tap/inter_files/minimal_baseline/hls_config.cfg 
INFO: [HLS 200-2174] Applying component config ini file /home/chengzhy/FormaSyn/examples/fir_16tap/inter_files/minimal_baseline/hls_config.cfg
Execute       apply_ini /home/chengzhy/FormaSyn/examples/fir_16tap/inter_files/minimal_baseline/hls_config.cfg 
Execute         send_msg_by_id INFO @200-1465@%s 'syn.file=kernel.cpp' from /home/chengzhy/FormaSyn/examples/fir_16tap/inter_files/minimal_baseline/hls_config.cfg(7) 
INFO: [HLS 200-1465] Applying config ini 'syn.file=kernel.cpp' from /home/chengzhy/FormaSyn/examples/fir_16tap/inter_files/minimal_baseline/hls_config.cfg(7)
Execute         add_files /home/chengzhy/FormaSyn/examples/fir_16tap/inter_files/minimal_baseline/kernel.cpp 
INFO: [HLS 200-10] Adding design file '/home/chengzhy/FormaSyn/examples/fir_16tap/inter_files/minimal_baseline/kernel.cpp' to the project
Execute         send_msg_by_id INFO @200-1465@%s 'tb.file=kernel_tb.cpp' from /home/chengzhy/FormaSyn/examples/fir_16tap/inter_files/minimal_baseline/hls_config.cfg(8) 
INFO: [HLS 200-1465] Applying config ini 'tb.file=kernel_tb.cpp' from /home/chengzhy/FormaSyn/examples/fir_16tap/inter_files/minimal_baseline/hls_config.cfg(8)
Execute         add_files -tb /home/chengzhy/FormaSyn/examples/fir_16tap/inter_files/minimal_baseline/kernel_tb.cpp 
INFO: [HLS 200-10] Adding test bench file '/home/chengzhy/FormaSyn/examples/fir_16tap/inter_files/minimal_baseline/kernel_tb.cpp' to the project
Execute         send_msg_by_id INFO @200-1465@%s 'syn.top=kernel' from /home/chengzhy/FormaSyn/examples/fir_16tap/inter_files/minimal_baseline/hls_config.cfg(6) 
INFO: [HLS 200-1465] Applying config ini 'syn.top=kernel' from /home/chengzhy/FormaSyn/examples/fir_16tap/inter_files/minimal_baseline/hls_config.cfg(6)
Execute         set_top kernel 
Execute         send_msg_by_id INFO @200-1465@%s 'flow_target=vitis' from /home/chengzhy/FormaSyn/examples/fir_16tap/inter_files/minimal_baseline/hls_config.cfg(5) 
INFO: [HLS 200-1465] Applying config ini 'flow_target=vitis' from /home/chengzhy/FormaSyn/examples/fir_16tap/inter_files/minimal_baseline/hls_config.cfg(5)
Execute         send_msg_by_id INFO @200-1505@%s%s  vitis 
INFO: [HLS 200-1505] Using flow_target 'vitis'
Execute         send_msg_by_id INFO @200-435@%s%s 'open_solution -flow_target vitis' config_interface -m_axi_latency=64 
INFO: [HLS 200-435] Setting 'open_solution -flow_target vitis' configuration: config_interface -m_axi_latency=64
Execute         config_interface -m_axi_latency=64 
Execute         send_msg_by_id INFO @200-435@%s%s 'open_solution -flow_target vitis' config_interface -m_axi_alignment_byte_size=64 
INFO: [HLS 200-435] Setting 'open_solution -flow_target vitis' configuration: config_interface -m_axi_alignment_byte_size=64
Execute         config_interface -m_axi_alignment_byte_size=64 
Execute         send_msg_by_id INFO @200-435@%s%s 'open_solution -flow_target vitis' config_interface -m_axi_max_widen_bitwidth=512 
INFO: [HLS 200-435] Setting 'open_solution -flow_target vitis' configuration: config_interface -m_axi_max_widen_bitwidth=512
Execute         config_interface -m_axi_max_widen_bitwidth=512 
INFO-FLOW: Setting macro_cmd open_solution -flow_target vitis configuration: config_interface -default_interface=kernel
Execute         config_interface -default_interface=kernel 
Execute         send_msg_by_id INFO @200-435@%s%s 'open_solution -flow_target vitis' config_rtl -register_reset_num=3 
INFO: [HLS 200-435] Setting 'open_solution -flow_target vitis' configuration: config_rtl -register_reset_num=3
Execute         config_rtl -register_reset_num=3 
Execute         send_msg_by_id INFO @200-1465@%s 'part=xcu200-fsgd2104-2-e' from /home/chengzhy/FormaSyn/examples/fir_16tap/inter_files/minimal_baseline/hls_config.cfg(1) 
INFO: [HLS 200-1465] Applying config ini 'part=xcu200-fsgd2104-2-e' from /home/chengzhy/FormaSyn/examples/fir_16tap/inter_files/minimal_baseline/hls_config.cfg(1)
Execute         set_part xcu200-fsgd2104-2-e 
Execute           create_platform xcu200-fsgd2104-2-e -board  
DBG:HLSDevice: Trying to load device library: /tools/Xilinx/2025.1/Vitis/lib/lnx64.o/libxv_hlsvwrap.so
DBG:HLSDevice: first parts/arch.xml in RDI_DATADIR: /tools/Xilinx/2025.1/Vivado/data/parts/arch.xml
DBG:HLSDevice: init success
INFO: [HLS 200-1611] Setting target device to 'xcu200-fsgd2104-2-e'
Command           create_platform done; 0.37 sec.
Execute           source /tools/Xilinx/2025.1/Vitis/common/technology/xilinx/common/xilinx.gen 
Execute             source /tools/Xilinx/2025.1/Vitis/common/technology/xilinx/interface/plb46.gen 
Execute             source /tools/Xilinx/2025.1/Vitis/common/technology/xilinx/interface/axi4.gen 
Execute             source /tools/Xilinx/2025.1/Vitis/common/technology/xilinx/interface/nativeAXI4.gen 
Execute               source /tools/Xilinx/2025.1/Vitis/common/technology/xilinx/interface/saxilite.gen 
Execute             source /tools/Xilinx/2025.1/Vitis/common/technology/xilinx/scripts/xilinxcoregen.gen 
Execute             source /tools/Xilinx/2025.1/Vitis/common/technology/xilinx/interface/XilEDKCoreGen.gen 
Execute             source /tools/Xilinx/2025.1/Vitis/common/technology/xilinx/ip/util.gen 
Execute             source /tools/Xilinx/2025.1/Vitis/common/technology/xilinx/ip/xfft.gen 
Execute             source /tools/Xilinx/2025.1/Vitis/common/technology/xilinx/ip/dds_compiler.gen 
Execute             source /tools/Xilinx/2025.1/Vitis/common/technology/xilinx/ip/xfir.gen 
Execute             source /tools/Xilinx/2025.1/Vitis/common/technology/xilinx/DSP48/dsp48.gen 
Execute           ap_part_info -name xcu200-fsgd2104-2-e -data info 
Execute           config_compile -quiet -complex-mul-dsp=0 
Command         set_part done; 0.46 sec.
Execute         send_msg_by_id INFO @200-1465@%s 'clock=3.33ns' from /home/chengzhy/FormaSyn/examples/fir_16tap/inter_files/minimal_baseline/hls_config.cfg(4) 
INFO: [HLS 200-1465] Applying config ini 'clock=3.33ns' from /home/chengzhy/FormaSyn/examples/fir_16tap/inter_files/minimal_baseline/hls_config.cfg(4)
Execute         create_clock -period 3.33ns 
Execute           ap_set_clock -name default -period 3.33 -unit ns -default=false 
INFO: [SYN 201-201] Setting up clock 'default' with a period of 3.33ns.
Command       apply_ini done; 0.47 sec.
Execute       write_component -config /home/chengzhy/FormaSyn/examples/fir_16tap/inter_files/minimal_baseline/hls_config.cfg 
Execute         send_msg_by_id INFO @200-2176@%s /home/chengzhy/FormaSyn/examples/fir_16tap/inter_files/minimal_baseline/work/vitis-comp.json 
INFO: [HLS 200-2176] Writing Vitis IDE component file /home/chengzhy/FormaSyn/examples/fir_16tap/inter_files/minimal_baseline/work/vitis-comp.json
Command     open_solution done; 0.5 sec.
Command   open_component done; 0.5 sec.
Execute   apply_ini /home/chengzhy/FormaSyn/examples/fir_16tap/inter_files/minimal_baseline/work/hls/config.cmdline -iscmdline 
Execute   ::AP::init_summary_file csim 
Execute     AP::app_get_file_relativeroot [AP::app_get_root] {}
Execute   csim_design 
INFO-FLOW: Running SLX 'csim' proc: ::SLX::run_csim
INFO: [SIM 211-2] *************** CSIM start ***************
INFO: [SIM 211-4] CSIM will launch CLANG as the compiler.
Execute     source csim/.lst_opt.tcl 
Execute     send_msg_by_id INFO @200-2036@%s debug 
INFO: [HLS 200-2036] Building debug C Simulation binaries
Execute     ap_part_info -name xcu200-fsgd2104-2-e -data info 
Execute     source run_sim.tcl 
INFO: [SIM 211-1] CSim done with 0 errors.
INFO: [SIM 211-3] *************** CSIM finish ***************
Command   csim_design done; 3.94 sec.
Execute   close_project 
Execute     close_solution 
Execute       cleanup_all 
Execute       cleanup_all 
Execute       source -notrace -encoding utf-8 /tools/Xilinx/2025.1/Vitis/tps/tcl/tcl8.6/clock.tcl 
Execute         source -encoding utf-8 /tools/Xilinx/2025.1/tps/tcl/tcl8/8.5/msgcat-1.6.1.tm 
INFO-FLOW: Workspace /home/chengzhy/FormaSyn/examples/fir_16tap/inter_files/minimal_baseline/work/hls opened at Thu Apr 02 04:48:50 UTC 2026
Execute       send_msg_by_id INFO @200-1505@%s%s default  vivado 
INFO: [HLS 200-1505] Using default flow_target 'vivado'
Execute       send_msg_by_id INFO @200-2174@%s%s component /home/chengzhy/FormaSyn/examples/fir_16tap/inter_files/minimal_baseline/hls_config.cfg 
INFO: [HLS 200-2174] Applying component config ini file /home/chengzhy/FormaSyn/examples/fir_16tap/inter_files/minimal_baseline/hls_config.cfg
Execute       apply_ini /home/chengzhy/FormaSyn/examples/fir_16tap/inter_files/minimal_baseline/hls_config.cfg 
Execute         send_msg_by_id INFO @200-1465@%s 'syn.file=kernel.cpp' from /home/chengzhy/FormaSyn/examples/fir_16tap/inter_files/minimal_baseline/hls_config.cfg(7) 
INFO: [HLS 200-1465] Applying config ini 'syn.file=kernel.cpp' from /home/chengzhy/FormaSyn/examples/fir_16tap/inter_files/minimal_baseline/hls_config.cfg(7)
Execute         add_files /home/chengzhy/FormaSyn/examples/fir_16tap/inter_files/minimal_baseline/kernel.cpp 
INFO: [HLS 200-10] Adding design file '/home/chengzhy/FormaSyn/examples/fir_16tap/inter_files/minimal_baseline/kernel.cpp' to the project
Execute         send_msg_by_id INFO @200-1465@%s 'tb.file=kernel_tb.cpp' from /home/chengzhy/FormaSyn/examples/fir_16tap/inter_files/minimal_baseline/hls_config.cfg(8) 
INFO: [HLS 200-1465] Applying config ini 'tb.file=kernel_tb.cpp' from /home/chengzhy/FormaSyn/examples/fir_16tap/inter_files/minimal_baseline/hls_config.cfg(8)
Execute         add_files -tb /home/chengzhy/FormaSyn/examples/fir_16tap/inter_files/minimal_baseline/kernel_tb.cpp 
INFO: [HLS 200-10] Adding test bench file '/home/chengzhy/FormaSyn/examples/fir_16tap/inter_files/minimal_baseline/kernel_tb.cpp' to the project
Execute         send_msg_by_id INFO @200-1465@%s 'syn.top=kernel' from /home/chengzhy/FormaSyn/examples/fir_16tap/inter_files/minimal_baseline/hls_config.cfg(6) 
INFO: [HLS 200-1465] Applying config ini 'syn.top=kernel' from /home/chengzhy/FormaSyn/examples/fir_16tap/inter_files/minimal_baseline/hls_config.cfg(6)
Execute         set_top kernel 
Execute         send_msg_by_id INFO @200-1465@%s 'flow_target=vitis' from /home/chengzhy/FormaSyn/examples/fir_16tap/inter_files/minimal_baseline/hls_config.cfg(5) 
INFO: [HLS 200-1465] Applying config ini 'flow_target=vitis' from /home/chengzhy/FormaSyn/examples/fir_16tap/inter_files/minimal_baseline/hls_config.cfg(5)
Execute         send_msg_by_id INFO @200-1505@%s%s  vitis 
INFO: [HLS 200-1505] Using flow_target 'vitis'
Execute         send_msg_by_id INFO @200-435@%s%s 'open_solution -flow_target vitis' config_interface -m_axi_latency=64 
INFO: [HLS 200-435] Setting 'open_solution -flow_target vitis' configuration: config_interface -m_axi_latency=64
Execute         config_interface -m_axi_latency=64 
Execute         send_msg_by_id INFO @200-435@%s%s 'open_solution -flow_target vitis' config_interface -m_axi_alignment_byte_size=64 
INFO: [HLS 200-435] Setting 'open_solution -flow_target vitis' configuration: config_interface -m_axi_alignment_byte_size=64
Execute         config_interface -m_axi_alignment_byte_size=64 
Execute         send_msg_by_id INFO @200-435@%s%s 'open_solution -flow_target vitis' config_interface -m_axi_max_widen_bitwidth=512 
INFO: [HLS 200-435] Setting 'open_solution -flow_target vitis' configuration: config_interface -m_axi_max_widen_bitwidth=512
Execute         config_interface -m_axi_max_widen_bitwidth=512 
INFO-FLOW: Setting macro_cmd open_solution -flow_target vitis configuration: config_interface -default_interface=kernel
Execute         config_interface -default_interface=kernel 
Execute         send_msg_by_id INFO @200-435@%s%s 'open_solution -flow_target vitis' config_rtl -register_reset_num=3 
INFO: [HLS 200-435] Setting 'open_solution -flow_target vitis' configuration: config_rtl -register_reset_num=3
Execute         config_rtl -register_reset_num=3 
Execute         send_msg_by_id INFO @200-1465@%s 'part=xcu200-fsgd2104-2-e' from /home/chengzhy/FormaSyn/examples/fir_16tap/inter_files/minimal_baseline/hls_config.cfg(1) 
INFO: [HLS 200-1465] Applying config ini 'part=xcu200-fsgd2104-2-e' from /home/chengzhy/FormaSyn/examples/fir_16tap/inter_files/minimal_baseline/hls_config.cfg(1)
Execute         set_part xcu200-fsgd2104-2-e 
Execute           create_platform xcu200-fsgd2104-2-e -board  
DBG:HLSDevice: Trying to load device library: /tools/Xilinx/2025.1/Vitis/lib/lnx64.o/libxv_hlsvwrap.so
DBG:HLSDevice: first parts/arch.xml in RDI_DATADIR: /tools/Xilinx/2025.1/Vivado/data/parts/arch.xml
DBG:HLSDevice: init success
INFO: [HLS 200-1611] Setting target device to 'xcu200-fsgd2104-2-e'
Command           create_platform done; 0.37 sec.
Execute           source /tools/Xilinx/2025.1/Vitis/common/technology/xilinx/common/xilinx.gen 
Execute             source /tools/Xilinx/2025.1/Vitis/common/technology/xilinx/interface/plb46.gen 
Execute             source /tools/Xilinx/2025.1/Vitis/common/technology/xilinx/interface/axi4.gen 
Execute             source /tools/Xilinx/2025.1/Vitis/common/technology/xilinx/interface/nativeAXI4.gen 
Execute               source /tools/Xilinx/2025.1/Vitis/common/technology/xilinx/interface/saxilite.gen 
Execute             source /tools/Xilinx/2025.1/Vitis/common/technology/xilinx/scripts/xilinxcoregen.gen 
Execute             source /tools/Xilinx/2025.1/Vitis/common/technology/xilinx/interface/XilEDKCoreGen.gen 
Execute             source /tools/Xilinx/2025.1/Vitis/common/technology/xilinx/ip/util.gen 
Execute             source /tools/Xilinx/2025.1/Vitis/common/technology/xilinx/ip/xfft.gen 
Execute             source /tools/Xilinx/2025.1/Vitis/common/technology/xilinx/ip/dds_compiler.gen 
Execute             source /tools/Xilinx/2025.1/Vitis/common/technology/xilinx/ip/xfir.gen 
Execute             source /tools/Xilinx/2025.1/Vitis/common/technology/xilinx/DSP48/dsp48.gen 
Execute           ap_part_info -name xcu200-fsgd2104-2-e -data info 
Execute           config_compile -quiet -complex-mul-dsp=0 
Command         set_part done; 0.45 sec.
Execute         send_msg_by_id INFO @200-1465@%s 'clock=3.33ns' from /home/chengzhy/FormaSyn/examples/fir_16tap/inter_files/minimal_baseline/hls_config.cfg(4) 
INFO: [HLS 200-1465] Applying config ini 'clock=3.33ns' from /home/chengzhy/FormaSyn/examples/fir_16tap/inter_files/minimal_baseline/hls_config.cfg(4)
Execute         create_clock -period 3.33ns 
Execute           ap_set_clock -name default -period 3.33 -unit ns -default=false 
INFO: [SYN 201-201] Setting up clock 'default' with a period of 3.33ns.
Command       apply_ini done; 0.47 sec.
Execute       write_component -config /home/chengzhy/FormaSyn/examples/fir_16tap/inter_files/minimal_baseline/hls_config.cfg 
Execute         send_msg_by_id INFO @200-2176@%s /home/chengzhy/FormaSyn/examples/fir_16tap/inter_files/minimal_baseline/work/vitis-comp.json 
INFO: [HLS 200-2176] Writing Vitis IDE component file /home/chengzhy/FormaSyn/examples/fir_16tap/inter_files/minimal_baseline/work/vitis-comp.json
Command     open_solution done; 0.5 sec.
Command   open_component done; 0.5 sec.
Execute   apply_ini /home/chengzhy/FormaSyn/examples/fir_16tap/inter_files/minimal_baseline/work/hls/config.cmdline -iscmdline 
Execute   ::AP::init_summary_file csim 
Execute     AP::app_get_file_relativeroot [AP::app_get_root] {}
Execute   csim_design 
INFO-FLOW: Running SLX 'csim' proc: ::SLX::run_csim
INFO: [SIM 211-2] *************** CSIM start ***************
INFO: [SIM 211-4] CSIM will launch CLANG as the compiler.
Execute     source csim/.lst_opt.tcl 
Execute     send_msg_by_id INFO @200-2036@%s debug 
INFO: [HLS 200-2036] Building debug C Simulation binaries
Execute     ap_part_info -name xcu200-fsgd2104-2-e -data info 
Execute     source run_sim.tcl 
INFO: [SIM 211-1] CSim done with 0 errors.
INFO: [SIM 211-3] *************** CSIM finish ***************
Command   csim_design done; 4 sec.
Execute   close_project 
Execute     close_solution 
Execute       cleanup_all 
Execute       cleanup_all 
Execute       source -notrace -encoding utf-8 /tools/Xilinx/2025.1/Vitis/tps/tcl/tcl8.6/clock.tcl 
Execute         source -encoding utf-8 /tools/Xilinx/2025.1/tps/tcl/tcl8/8.5/msgcat-1.6.1.tm 
INFO-FLOW: Workspace /home/chengzhy/FormaSyn/examples/fir_16tap/inter_files/minimal_baseline/work/hls opened at Thu Apr 02 04:49:51 UTC 2026
Execute       send_msg_by_id INFO @200-1505@%s%s default  vivado 
INFO: [HLS 200-1505] Using default flow_target 'vivado'
Execute       send_msg_by_id INFO @200-2174@%s%s component /home/chengzhy/FormaSyn/examples/fir_16tap/inter_files/minimal_baseline/hls_config.cfg 
INFO: [HLS 200-2174] Applying component config ini file /home/chengzhy/FormaSyn/examples/fir_16tap/inter_files/minimal_baseline/hls_config.cfg
Execute       apply_ini /home/chengzhy/FormaSyn/examples/fir_16tap/inter_files/minimal_baseline/hls_config.cfg 
Execute         send_msg_by_id INFO @200-1465@%s 'syn.file=kernel.cpp' from /home/chengzhy/FormaSyn/examples/fir_16tap/inter_files/minimal_baseline/hls_config.cfg(7) 
INFO: [HLS 200-1465] Applying config ini 'syn.file=kernel.cpp' from /home/chengzhy/FormaSyn/examples/fir_16tap/inter_files/minimal_baseline/hls_config.cfg(7)
Execute         add_files /home/chengzhy/FormaSyn/examples/fir_16tap/inter_files/minimal_baseline/kernel.cpp 
INFO: [HLS 200-10] Adding design file '/home/chengzhy/FormaSyn/examples/fir_16tap/inter_files/minimal_baseline/kernel.cpp' to the project
Execute         send_msg_by_id INFO @200-1465@%s 'tb.file=kernel_tb.cpp' from /home/chengzhy/FormaSyn/examples/fir_16tap/inter_files/minimal_baseline/hls_config.cfg(8) 
INFO: [HLS 200-1465] Applying config ini 'tb.file=kernel_tb.cpp' from /home/chengzhy/FormaSyn/examples/fir_16tap/inter_files/minimal_baseline/hls_config.cfg(8)
Execute         add_files -tb /home/chengzhy/FormaSyn/examples/fir_16tap/inter_files/minimal_baseline/kernel_tb.cpp 
INFO: [HLS 200-10] Adding test bench file '/home/chengzhy/FormaSyn/examples/fir_16tap/inter_files/minimal_baseline/kernel_tb.cpp' to the project
Execute         send_msg_by_id INFO @200-1465@%s 'syn.top=kernel' from /home/chengzhy/FormaSyn/examples/fir_16tap/inter_files/minimal_baseline/hls_config.cfg(6) 
INFO: [HLS 200-1465] Applying config ini 'syn.top=kernel' from /home/chengzhy/FormaSyn/examples/fir_16tap/inter_files/minimal_baseline/hls_config.cfg(6)
Execute         set_top kernel 
Execute         send_msg_by_id INFO @200-1465@%s 'flow_target=vitis' from /home/chengzhy/FormaSyn/examples/fir_16tap/inter_files/minimal_baseline/hls_config.cfg(5) 
INFO: [HLS 200-1465] Applying config ini 'flow_target=vitis' from /home/chengzhy/FormaSyn/examples/fir_16tap/inter_files/minimal_baseline/hls_config.cfg(5)
Execute         send_msg_by_id INFO @200-1505@%s%s  vitis 
INFO: [HLS 200-1505] Using flow_target 'vitis'
Execute         send_msg_by_id INFO @200-435@%s%s 'open_solution -flow_target vitis' config_interface -m_axi_latency=64 
INFO: [HLS 200-435] Setting 'open_solution -flow_target vitis' configuration: config_interface -m_axi_latency=64
Execute         config_interface -m_axi_latency=64 
Execute         send_msg_by_id INFO @200-435@%s%s 'open_solution -flow_target vitis' config_interface -m_axi_alignment_byte_size=64 
INFO: [HLS 200-435] Setting 'open_solution -flow_target vitis' configuration: config_interface -m_axi_alignment_byte_size=64
Execute         config_interface -m_axi_alignment_byte_size=64 
Execute         send_msg_by_id INFO @200-435@%s%s 'open_solution -flow_target vitis' config_interface -m_axi_max_widen_bitwidth=512 
INFO: [HLS 200-435] Setting 'open_solution -flow_target vitis' configuration: config_interface -m_axi_max_widen_bitwidth=512
Execute         config_interface -m_axi_max_widen_bitwidth=512 
INFO-FLOW: Setting macro_cmd open_solution -flow_target vitis configuration: config_interface -default_interface=kernel
Execute         config_interface -default_interface=kernel 
Execute         send_msg_by_id INFO @200-435@%s%s 'open_solution -flow_target vitis' config_rtl -register_reset_num=3 
INFO: [HLS 200-435] Setting 'open_solution -flow_target vitis' configuration: config_rtl -register_reset_num=3
Execute         config_rtl -register_reset_num=3 
Execute         send_msg_by_id INFO @200-1465@%s 'part=xcu200-fsgd2104-2-e' from /home/chengzhy/FormaSyn/examples/fir_16tap/inter_files/minimal_baseline/hls_config.cfg(1) 
INFO: [HLS 200-1465] Applying config ini 'part=xcu200-fsgd2104-2-e' from /home/chengzhy/FormaSyn/examples/fir_16tap/inter_files/minimal_baseline/hls_config.cfg(1)
Execute         set_part xcu200-fsgd2104-2-e 
Execute           create_platform xcu200-fsgd2104-2-e -board  
DBG:HLSDevice: Trying to load device library: /tools/Xilinx/2025.1/Vitis/lib/lnx64.o/libxv_hlsvwrap.so
DBG:HLSDevice: first parts/arch.xml in RDI_DATADIR: /tools/Xilinx/2025.1/Vivado/data/parts/arch.xml
DBG:HLSDevice: init success
INFO: [HLS 200-1611] Setting target device to 'xcu200-fsgd2104-2-e'
Command           create_platform done; 0.36 sec.
Execute           source /tools/Xilinx/2025.1/Vitis/common/technology/xilinx/common/xilinx.gen 
Execute             source /tools/Xilinx/2025.1/Vitis/common/technology/xilinx/interface/plb46.gen 
Execute             source /tools/Xilinx/2025.1/Vitis/common/technology/xilinx/interface/axi4.gen 
Execute             source /tools/Xilinx/2025.1/Vitis/common/technology/xilinx/interface/nativeAXI4.gen 
Execute               source /tools/Xilinx/2025.1/Vitis/common/technology/xilinx/interface/saxilite.gen 
Execute             source /tools/Xilinx/2025.1/Vitis/common/technology/xilinx/scripts/xilinxcoregen.gen 
Execute             source /tools/Xilinx/2025.1/Vitis/common/technology/xilinx/interface/XilEDKCoreGen.gen 
Execute             source /tools/Xilinx/2025.1/Vitis/common/technology/xilinx/ip/util.gen 
Execute             source /tools/Xilinx/2025.1/Vitis/common/technology/xilinx/ip/xfft.gen 
Execute             source /tools/Xilinx/2025.1/Vitis/common/technology/xilinx/ip/dds_compiler.gen 
Execute             source /tools/Xilinx/2025.1/Vitis/common/technology/xilinx/ip/xfir.gen 
Execute             source /tools/Xilinx/2025.1/Vitis/common/technology/xilinx/DSP48/dsp48.gen 
Execute           ap_part_info -name xcu200-fsgd2104-2-e -data info 
Execute           config_compile -quiet -complex-mul-dsp=0 
Command         set_part done; 0.45 sec.
Execute         send_msg_by_id INFO @200-1465@%s 'clock=3.33ns' from /home/chengzhy/FormaSyn/examples/fir_16tap/inter_files/minimal_baseline/hls_config.cfg(4) 
INFO: [HLS 200-1465] Applying config ini 'clock=3.33ns' from /home/chengzhy/FormaSyn/examples/fir_16tap/inter_files/minimal_baseline/hls_config.cfg(4)
Execute         create_clock -period 3.33ns 
Execute           ap_set_clock -name default -period 3.33 -unit ns -default=false 
INFO: [SYN 201-201] Setting up clock 'default' with a period of 3.33ns.
Command       apply_ini done; 0.48 sec.
Execute       write_component -config /home/chengzhy/FormaSyn/examples/fir_16tap/inter_files/minimal_baseline/hls_config.cfg 
Execute         send_msg_by_id INFO @200-2176@%s /home/chengzhy/FormaSyn/examples/fir_16tap/inter_files/minimal_baseline/work/vitis-comp.json 
INFO: [HLS 200-2176] Writing Vitis IDE component file /home/chengzhy/FormaSyn/examples/fir_16tap/inter_files/minimal_baseline/work/vitis-comp.json
Command     open_solution done; 0.5 sec.
Command   open_component done; 0.51 sec.
Execute   apply_ini /home/chengzhy/FormaSyn/examples/fir_16tap/inter_files/minimal_baseline/work/hls/config.cmdline -iscmdline 
Execute   ::AP::init_summary_file csim 
Execute     AP::app_get_file_relativeroot [AP::app_get_root] {}
Execute   csim_design 
INFO-FLOW: Running SLX 'csim' proc: ::SLX::run_csim
INFO: [SIM 211-2] *************** CSIM start ***************
INFO: [SIM 211-4] CSIM will launch CLANG as the compiler.
Execute     source csim/.lst_opt.tcl 
Execute     send_msg_by_id INFO @200-2036@%s debug 
INFO: [HLS 200-2036] Building debug C Simulation binaries
Execute     ap_part_info -name xcu200-fsgd2104-2-e -data info 
Execute     source run_sim.tcl 
INFO: [SIM 211-1] CSim done with 0 errors.
INFO: [SIM 211-3] *************** CSIM finish ***************
Command   csim_design done; 4.01 sec.
Execute   close_project 
Execute     close_solution 
Execute       cleanup_all 
Execute       cleanup_all 
Execute       source -notrace -encoding utf-8 /tools/Xilinx/2025.1/Vitis/tps/tcl/tcl8.6/clock.tcl 
Execute         source -encoding utf-8 /tools/Xilinx/2025.1/tps/tcl/tcl8/8.5/msgcat-1.6.1.tm 
INFO-FLOW: Workspace /home/chengzhy/FormaSyn/examples/fir_16tap/inter_files/minimal_baseline/work/hls opened at Thu Apr 02 04:50:54 UTC 2026
Execute       send_msg_by_id INFO @200-1505@%s%s default  vivado 
INFO: [HLS 200-1505] Using default flow_target 'vivado'
Execute       send_msg_by_id INFO @200-2174@%s%s component /home/chengzhy/FormaSyn/examples/fir_16tap/inter_files/minimal_baseline/hls_config.cfg 
INFO: [HLS 200-2174] Applying component config ini file /home/chengzhy/FormaSyn/examples/fir_16tap/inter_files/minimal_baseline/hls_config.cfg
Execute       apply_ini /home/chengzhy/FormaSyn/examples/fir_16tap/inter_files/minimal_baseline/hls_config.cfg 
Execute         send_msg_by_id INFO @200-1465@%s 'syn.file=kernel.cpp' from /home/chengzhy/FormaSyn/examples/fir_16tap/inter_files/minimal_baseline/hls_config.cfg(7) 
INFO: [HLS 200-1465] Applying config ini 'syn.file=kernel.cpp' from /home/chengzhy/FormaSyn/examples/fir_16tap/inter_files/minimal_baseline/hls_config.cfg(7)
Execute         add_files /home/chengzhy/FormaSyn/examples/fir_16tap/inter_files/minimal_baseline/kernel.cpp 
INFO: [HLS 200-10] Adding design file '/home/chengzhy/FormaSyn/examples/fir_16tap/inter_files/minimal_baseline/kernel.cpp' to the project
Execute         send_msg_by_id INFO @200-1465@%s 'tb.file=kernel_tb.cpp' from /home/chengzhy/FormaSyn/examples/fir_16tap/inter_files/minimal_baseline/hls_config.cfg(8) 
INFO: [HLS 200-1465] Applying config ini 'tb.file=kernel_tb.cpp' from /home/chengzhy/FormaSyn/examples/fir_16tap/inter_files/minimal_baseline/hls_config.cfg(8)
Execute         add_files -tb /home/chengzhy/FormaSyn/examples/fir_16tap/inter_files/minimal_baseline/kernel_tb.cpp 
INFO: [HLS 200-10] Adding test bench file '/home/chengzhy/FormaSyn/examples/fir_16tap/inter_files/minimal_baseline/kernel_tb.cpp' to the project
Execute         send_msg_by_id INFO @200-1465@%s 'syn.top=kernel' from /home/chengzhy/FormaSyn/examples/fir_16tap/inter_files/minimal_baseline/hls_config.cfg(6) 
INFO: [HLS 200-1465] Applying config ini 'syn.top=kernel' from /home/chengzhy/FormaSyn/examples/fir_16tap/inter_files/minimal_baseline/hls_config.cfg(6)
Execute         set_top kernel 
Execute         send_msg_by_id INFO @200-1465@%s 'flow_target=vitis' from /home/chengzhy/FormaSyn/examples/fir_16tap/inter_files/minimal_baseline/hls_config.cfg(5) 
INFO: [HLS 200-1465] Applying config ini 'flow_target=vitis' from /home/chengzhy/FormaSyn/examples/fir_16tap/inter_files/minimal_baseline/hls_config.cfg(5)
Execute         send_msg_by_id INFO @200-1505@%s%s  vitis 
INFO: [HLS 200-1505] Using flow_target 'vitis'
Execute         send_msg_by_id INFO @200-435@%s%s 'open_solution -flow_target vitis' config_interface -m_axi_latency=64 
INFO: [HLS 200-435] Setting 'open_solution -flow_target vitis' configuration: config_interface -m_axi_latency=64
Execute         config_interface -m_axi_latency=64 
Execute         send_msg_by_id INFO @200-435@%s%s 'open_solution -flow_target vitis' config_interface -m_axi_alignment_byte_size=64 
INFO: [HLS 200-435] Setting 'open_solution -flow_target vitis' configuration: config_interface -m_axi_alignment_byte_size=64
Execute         config_interface -m_axi_alignment_byte_size=64 
Execute         send_msg_by_id INFO @200-435@%s%s 'open_solution -flow_target vitis' config_interface -m_axi_max_widen_bitwidth=512 
INFO: [HLS 200-435] Setting 'open_solution -flow_target vitis' configuration: config_interface -m_axi_max_widen_bitwidth=512
Execute         config_interface -m_axi_max_widen_bitwidth=512 
INFO-FLOW: Setting macro_cmd open_solution -flow_target vitis configuration: config_interface -default_interface=kernel
Execute         config_interface -default_interface=kernel 
Execute         send_msg_by_id INFO @200-435@%s%s 'open_solution -flow_target vitis' config_rtl -register_reset_num=3 
INFO: [HLS 200-435] Setting 'open_solution -flow_target vitis' configuration: config_rtl -register_reset_num=3
Execute         config_rtl -register_reset_num=3 
Execute         send_msg_by_id INFO @200-1465@%s 'part=xcu200-fsgd2104-2-e' from /home/chengzhy/FormaSyn/examples/fir_16tap/inter_files/minimal_baseline/hls_config.cfg(1) 
INFO: [HLS 200-1465] Applying config ini 'part=xcu200-fsgd2104-2-e' from /home/chengzhy/FormaSyn/examples/fir_16tap/inter_files/minimal_baseline/hls_config.cfg(1)
Execute         set_part xcu200-fsgd2104-2-e 
Execute           create_platform xcu200-fsgd2104-2-e -board  
DBG:HLSDevice: Trying to load device library: /tools/Xilinx/2025.1/Vitis/lib/lnx64.o/libxv_hlsvwrap.so
DBG:HLSDevice: first parts/arch.xml in RDI_DATADIR: /tools/Xilinx/2025.1/Vivado/data/parts/arch.xml
DBG:HLSDevice: init success
INFO: [HLS 200-1611] Setting target device to 'xcu200-fsgd2104-2-e'
Command           create_platform done; 0.36 sec.
Execute           source /tools/Xilinx/2025.1/Vitis/common/technology/xilinx/common/xilinx.gen 
Execute             source /tools/Xilinx/2025.1/Vitis/common/technology/xilinx/interface/plb46.gen 
Execute             source /tools/Xilinx/2025.1/Vitis/common/technology/xilinx/interface/axi4.gen 
Execute             source /tools/Xilinx/2025.1/Vitis/common/technology/xilinx/interface/nativeAXI4.gen 
Execute               source /tools/Xilinx/2025.1/Vitis/common/technology/xilinx/interface/saxilite.gen 
Execute             source /tools/Xilinx/2025.1/Vitis/common/technology/xilinx/scripts/xilinxcoregen.gen 
Execute             source /tools/Xilinx/2025.1/Vitis/common/technology/xilinx/interface/XilEDKCoreGen.gen 
Execute             source /tools/Xilinx/2025.1/Vitis/common/technology/xilinx/ip/util.gen 
Execute             source /tools/Xilinx/2025.1/Vitis/common/technology/xilinx/ip/xfft.gen 
Execute             source /tools/Xilinx/2025.1/Vitis/common/technology/xilinx/ip/dds_compiler.gen 
Execute             source /tools/Xilinx/2025.1/Vitis/common/technology/xilinx/ip/xfir.gen 
Execute             source /tools/Xilinx/2025.1/Vitis/common/technology/xilinx/DSP48/dsp48.gen 
Execute           ap_part_info -name xcu200-fsgd2104-2-e -data info 
Execute           config_compile -quiet -complex-mul-dsp=0 
Command         set_part done; 0.45 sec.
Execute         send_msg_by_id INFO @200-1465@%s 'clock=3.33ns' from /home/chengzhy/FormaSyn/examples/fir_16tap/inter_files/minimal_baseline/hls_config.cfg(4) 
INFO: [HLS 200-1465] Applying config ini 'clock=3.33ns' from /home/chengzhy/FormaSyn/examples/fir_16tap/inter_files/minimal_baseline/hls_config.cfg(4)
Execute         create_clock -period 3.33ns 
Execute           ap_set_clock -name default -period 3.33 -unit ns -default=false 
INFO: [SYN 201-201] Setting up clock 'default' with a period of 3.33ns.
Command       apply_ini done; 0.47 sec.
Execute       write_component -config /home/chengzhy/FormaSyn/examples/fir_16tap/inter_files/minimal_baseline/hls_config.cfg 
Execute         send_msg_by_id INFO @200-2176@%s /home/chengzhy/FormaSyn/examples/fir_16tap/inter_files/minimal_baseline/work/vitis-comp.json 
INFO: [HLS 200-2176] Writing Vitis IDE component file /home/chengzhy/FormaSyn/examples/fir_16tap/inter_files/minimal_baseline/work/vitis-comp.json
Command     open_solution done; 0.5 sec.
Command   open_component done; 0.5 sec.
Execute   apply_ini /home/chengzhy/FormaSyn/examples/fir_16tap/inter_files/minimal_baseline/work/hls/config.cmdline -iscmdline 
Execute   ::AP::init_summary_file csim 
Execute     AP::app_get_file_relativeroot [AP::app_get_root] {}
Execute   csim_design 
INFO-FLOW: Running SLX 'csim' proc: ::SLX::run_csim
INFO: [SIM 211-2] *************** CSIM start ***************
INFO: [SIM 211-4] CSIM will launch CLANG as the compiler.
Execute     source csim/.lst_opt.tcl 
Execute     send_msg_by_id INFO @200-2036@%s debug 
INFO: [HLS 200-2036] Building debug C Simulation binaries
Execute     ap_part_info -name xcu200-fsgd2104-2-e -data info 
Execute     source run_sim.tcl 
INFO: [SIM 211-1] CSim done with 0 errors.
INFO: [SIM 211-3] *************** CSIM finish ***************
Command   csim_design done; 3.98 sec.
Execute   close_project 
Execute     close_solution 
Execute       cleanup_all 
Execute       cleanup_all 
Execute       source -notrace -encoding utf-8 /tools/Xilinx/2025.1/Vitis/tps/tcl/tcl8.6/clock.tcl 
Execute         source -encoding utf-8 /tools/Xilinx/2025.1/tps/tcl/tcl8/8.5/msgcat-1.6.1.tm 
INFO-FLOW: Workspace /home/chengzhy/FormaSyn/examples/fir_16tap/inter_files/minimal_baseline/work/hls opened at Thu Apr 02 04:51:25 UTC 2026
Execute       send_msg_by_id INFO @200-1505@%s%s default  vivado 
INFO: [HLS 200-1505] Using default flow_target 'vivado'
Execute       send_msg_by_id INFO @200-2174@%s%s component /home/chengzhy/FormaSyn/examples/fir_16tap/inter_files/minimal_baseline/hls_config.cfg 
INFO: [HLS 200-2174] Applying component config ini file /home/chengzhy/FormaSyn/examples/fir_16tap/inter_files/minimal_baseline/hls_config.cfg
Execute       apply_ini /home/chengzhy/FormaSyn/examples/fir_16tap/inter_files/minimal_baseline/hls_config.cfg 
Execute         send_msg_by_id INFO @200-1465@%s 'syn.file=kernel.cpp' from /home/chengzhy/FormaSyn/examples/fir_16tap/inter_files/minimal_baseline/hls_config.cfg(7) 
INFO: [HLS 200-1465] Applying config ini 'syn.file=kernel.cpp' from /home/chengzhy/FormaSyn/examples/fir_16tap/inter_files/minimal_baseline/hls_config.cfg(7)
Execute         add_files /home/chengzhy/FormaSyn/examples/fir_16tap/inter_files/minimal_baseline/kernel.cpp 
INFO: [HLS 200-10] Adding design file '/home/chengzhy/FormaSyn/examples/fir_16tap/inter_files/minimal_baseline/kernel.cpp' to the project
Execute         send_msg_by_id INFO @200-1465@%s 'tb.file=kernel_tb.cpp' from /home/chengzhy/FormaSyn/examples/fir_16tap/inter_files/minimal_baseline/hls_config.cfg(8) 
INFO: [HLS 200-1465] Applying config ini 'tb.file=kernel_tb.cpp' from /home/chengzhy/FormaSyn/examples/fir_16tap/inter_files/minimal_baseline/hls_config.cfg(8)
Execute         add_files -tb /home/chengzhy/FormaSyn/examples/fir_16tap/inter_files/minimal_baseline/kernel_tb.cpp 
INFO: [HLS 200-10] Adding test bench file '/home/chengzhy/FormaSyn/examples/fir_16tap/inter_files/minimal_baseline/kernel_tb.cpp' to the project
Execute         send_msg_by_id INFO @200-1465@%s 'syn.top=kernel' from /home/chengzhy/FormaSyn/examples/fir_16tap/inter_files/minimal_baseline/hls_config.cfg(6) 
INFO: [HLS 200-1465] Applying config ini 'syn.top=kernel' from /home/chengzhy/FormaSyn/examples/fir_16tap/inter_files/minimal_baseline/hls_config.cfg(6)
Execute         set_top kernel 
Execute         send_msg_by_id INFO @200-1465@%s 'flow_target=vitis' from /home/chengzhy/FormaSyn/examples/fir_16tap/inter_files/minimal_baseline/hls_config.cfg(5) 
INFO: [HLS 200-1465] Applying config ini 'flow_target=vitis' from /home/chengzhy/FormaSyn/examples/fir_16tap/inter_files/minimal_baseline/hls_config.cfg(5)
Execute         send_msg_by_id INFO @200-1505@%s%s  vitis 
INFO: [HLS 200-1505] Using flow_target 'vitis'
Execute         send_msg_by_id INFO @200-435@%s%s 'open_solution -flow_target vitis' config_interface -m_axi_latency=64 
INFO: [HLS 200-435] Setting 'open_solution -flow_target vitis' configuration: config_interface -m_axi_latency=64
Execute         config_interface -m_axi_latency=64 
Execute         send_msg_by_id INFO @200-435@%s%s 'open_solution -flow_target vitis' config_interface -m_axi_alignment_byte_size=64 
INFO: [HLS 200-435] Setting 'open_solution -flow_target vitis' configuration: config_interface -m_axi_alignment_byte_size=64
Execute         config_interface -m_axi_alignment_byte_size=64 
Execute         send_msg_by_id INFO @200-435@%s%s 'open_solution -flow_target vitis' config_interface -m_axi_max_widen_bitwidth=512 
INFO: [HLS 200-435] Setting 'open_solution -flow_target vitis' configuration: config_interface -m_axi_max_widen_bitwidth=512
Execute         config_interface -m_axi_max_widen_bitwidth=512 
INFO-FLOW: Setting macro_cmd open_solution -flow_target vitis configuration: config_interface -default_interface=kernel
Execute         config_interface -default_interface=kernel 
Execute         send_msg_by_id INFO @200-435@%s%s 'open_solution -flow_target vitis' config_rtl -register_reset_num=3 
INFO: [HLS 200-435] Setting 'open_solution -flow_target vitis' configuration: config_rtl -register_reset_num=3
Execute         config_rtl -register_reset_num=3 
Execute         send_msg_by_id INFO @200-1465@%s 'part=xcu200-fsgd2104-2-e' from /home/chengzhy/FormaSyn/examples/fir_16tap/inter_files/minimal_baseline/hls_config.cfg(1) 
INFO: [HLS 200-1465] Applying config ini 'part=xcu200-fsgd2104-2-e' from /home/chengzhy/FormaSyn/examples/fir_16tap/inter_files/minimal_baseline/hls_config.cfg(1)
Execute         set_part xcu200-fsgd2104-2-e 
Execute           create_platform xcu200-fsgd2104-2-e -board  
DBG:HLSDevice: Trying to load device library: /tools/Xilinx/2025.1/Vitis/lib/lnx64.o/libxv_hlsvwrap.so
DBG:HLSDevice: first parts/arch.xml in RDI_DATADIR: /tools/Xilinx/2025.1/Vivado/data/parts/arch.xml
DBG:HLSDevice: init success
INFO: [HLS 200-1611] Setting target device to 'xcu200-fsgd2104-2-e'
Command           create_platform done; 0.36 sec.
Execute           source /tools/Xilinx/2025.1/Vitis/common/technology/xilinx/common/xilinx.gen 
Execute             source /tools/Xilinx/2025.1/Vitis/common/technology/xilinx/interface/plb46.gen 
Execute             source /tools/Xilinx/2025.1/Vitis/common/technology/xilinx/interface/axi4.gen 
Execute             source /tools/Xilinx/2025.1/Vitis/common/technology/xilinx/interface/nativeAXI4.gen 
Execute               source /tools/Xilinx/2025.1/Vitis/common/technology/xilinx/interface/saxilite.gen 
Execute             source /tools/Xilinx/2025.1/Vitis/common/technology/xilinx/scripts/xilinxcoregen.gen 
Execute             source /tools/Xilinx/2025.1/Vitis/common/technology/xilinx/interface/XilEDKCoreGen.gen 
Execute             source /tools/Xilinx/2025.1/Vitis/common/technology/xilinx/ip/util.gen 
Execute             source /tools/Xilinx/2025.1/Vitis/common/technology/xilinx/ip/xfft.gen 
Execute             source /tools/Xilinx/2025.1/Vitis/common/technology/xilinx/ip/dds_compiler.gen 
Execute             source /tools/Xilinx/2025.1/Vitis/common/technology/xilinx/ip/xfir.gen 
Execute             source /tools/Xilinx/2025.1/Vitis/common/technology/xilinx/DSP48/dsp48.gen 
Execute           ap_part_info -name xcu200-fsgd2104-2-e -data info 
Execute           config_compile -quiet -complex-mul-dsp=0 
Command         set_part done; 0.45 sec.
Execute         send_msg_by_id INFO @200-1465@%s 'clock=3.33ns' from /home/chengzhy/FormaSyn/examples/fir_16tap/inter_files/minimal_baseline/hls_config.cfg(4) 
INFO: [HLS 200-1465] Applying config ini 'clock=3.33ns' from /home/chengzhy/FormaSyn/examples/fir_16tap/inter_files/minimal_baseline/hls_config.cfg(4)
Execute         create_clock -period 3.33ns 
Execute           ap_set_clock -name default -period 3.33 -unit ns -default=false 
INFO: [SYN 201-201] Setting up clock 'default' with a period of 3.33ns.
Command       apply_ini done; 0.48 sec.
Execute       write_component -config /home/chengzhy/FormaSyn/examples/fir_16tap/inter_files/minimal_baseline/hls_config.cfg 
Execute         send_msg_by_id INFO @200-2176@%s /home/chengzhy/FormaSyn/examples/fir_16tap/inter_files/minimal_baseline/work/vitis-comp.json 
INFO: [HLS 200-2176] Writing Vitis IDE component file /home/chengzhy/FormaSyn/examples/fir_16tap/inter_files/minimal_baseline/work/vitis-comp.json
Command     open_solution done; 0.51 sec.
Command   open_component done; 0.51 sec.
Execute   apply_ini /home/chengzhy/FormaSyn/examples/fir_16tap/inter_files/minimal_baseline/work/hls/config.cmdline -iscmdline 
Execute   ::AP::init_summary_file csim 
Execute     AP::app_get_file_relativeroot [AP::app_get_root] {}
Execute   csim_design 
INFO-FLOW: Running SLX 'csim' proc: ::SLX::run_csim
INFO: [SIM 211-2] *************** CSIM start ***************
INFO: [SIM 211-4] CSIM will launch CLANG as the compiler.
Execute     source csim/.lst_opt.tcl 
Execute     send_msg_by_id INFO @200-2036@%s debug 
INFO: [HLS 200-2036] Building debug C Simulation binaries
Execute     ap_part_info -name xcu200-fsgd2104-2-e -data info 
Execute     source run_sim.tcl 
INFO: [SIM 211-1] CSim done with 0 errors.
INFO: [SIM 211-3] *************** CSIM finish ***************
Command   csim_design done; 3.95 sec.
Execute   close_project 
Execute     close_solution 
Execute       cleanup_all 
Execute       cleanup_all 
Execute       source -notrace -encoding utf-8 /tools/Xilinx/2025.1/Vitis/tps/tcl/tcl8.6/clock.tcl 
Execute         source -encoding utf-8 /tools/Xilinx/2025.1/tps/tcl/tcl8/8.5/msgcat-1.6.1.tm 
INFO-FLOW: Workspace /home/chengzhy/FormaSyn/examples/fir_16tap/inter_files/minimal_baseline/work/hls opened at Thu Apr 02 04:52:24 UTC 2026
Execute       send_msg_by_id INFO @200-1505@%s%s default  vivado 
INFO: [HLS 200-1505] Using default flow_target 'vivado'
Execute       send_msg_by_id INFO @200-2174@%s%s component /home/chengzhy/FormaSyn/examples/fir_16tap/inter_files/minimal_baseline/hls_config.cfg 
INFO: [HLS 200-2174] Applying component config ini file /home/chengzhy/FormaSyn/examples/fir_16tap/inter_files/minimal_baseline/hls_config.cfg
Execute       apply_ini /home/chengzhy/FormaSyn/examples/fir_16tap/inter_files/minimal_baseline/hls_config.cfg 
Execute         send_msg_by_id INFO @200-1465@%s 'syn.file=kernel.cpp' from /home/chengzhy/FormaSyn/examples/fir_16tap/inter_files/minimal_baseline/hls_config.cfg(7) 
INFO: [HLS 200-1465] Applying config ini 'syn.file=kernel.cpp' from /home/chengzhy/FormaSyn/examples/fir_16tap/inter_files/minimal_baseline/hls_config.cfg(7)
Execute         add_files /home/chengzhy/FormaSyn/examples/fir_16tap/inter_files/minimal_baseline/kernel.cpp 
INFO: [HLS 200-10] Adding design file '/home/chengzhy/FormaSyn/examples/fir_16tap/inter_files/minimal_baseline/kernel.cpp' to the project
Execute         send_msg_by_id INFO @200-1465@%s 'tb.file=kernel_tb.cpp' from /home/chengzhy/FormaSyn/examples/fir_16tap/inter_files/minimal_baseline/hls_config.cfg(8) 
INFO: [HLS 200-1465] Applying config ini 'tb.file=kernel_tb.cpp' from /home/chengzhy/FormaSyn/examples/fir_16tap/inter_files/minimal_baseline/hls_config.cfg(8)
Execute         add_files -tb /home/chengzhy/FormaSyn/examples/fir_16tap/inter_files/minimal_baseline/kernel_tb.cpp 
INFO: [HLS 200-10] Adding test bench file '/home/chengzhy/FormaSyn/examples/fir_16tap/inter_files/minimal_baseline/kernel_tb.cpp' to the project
Execute         send_msg_by_id INFO @200-1465@%s 'syn.top=kernel' from /home/chengzhy/FormaSyn/examples/fir_16tap/inter_files/minimal_baseline/hls_config.cfg(6) 
INFO: [HLS 200-1465] Applying config ini 'syn.top=kernel' from /home/chengzhy/FormaSyn/examples/fir_16tap/inter_files/minimal_baseline/hls_config.cfg(6)
Execute         set_top kernel 
Execute         send_msg_by_id INFO @200-1465@%s 'flow_target=vitis' from /home/chengzhy/FormaSyn/examples/fir_16tap/inter_files/minimal_baseline/hls_config.cfg(5) 
INFO: [HLS 200-1465] Applying config ini 'flow_target=vitis' from /home/chengzhy/FormaSyn/examples/fir_16tap/inter_files/minimal_baseline/hls_config.cfg(5)
Execute         send_msg_by_id INFO @200-1505@%s%s  vitis 
INFO: [HLS 200-1505] Using flow_target 'vitis'
Execute         send_msg_by_id INFO @200-435@%s%s 'open_solution -flow_target vitis' config_interface -m_axi_latency=64 
INFO: [HLS 200-435] Setting 'open_solution -flow_target vitis' configuration: config_interface -m_axi_latency=64
Execute         config_interface -m_axi_latency=64 
Execute         send_msg_by_id INFO @200-435@%s%s 'open_solution -flow_target vitis' config_interface -m_axi_alignment_byte_size=64 
INFO: [HLS 200-435] Setting 'open_solution -flow_target vitis' configuration: config_interface -m_axi_alignment_byte_size=64
Execute         config_interface -m_axi_alignment_byte_size=64 
Execute         send_msg_by_id INFO @200-435@%s%s 'open_solution -flow_target vitis' config_interface -m_axi_max_widen_bitwidth=512 
INFO: [HLS 200-435] Setting 'open_solution -flow_target vitis' configuration: config_interface -m_axi_max_widen_bitwidth=512
Execute         config_interface -m_axi_max_widen_bitwidth=512 
INFO-FLOW: Setting macro_cmd open_solution -flow_target vitis configuration: config_interface -default_interface=kernel
Execute         config_interface -default_interface=kernel 
Execute         send_msg_by_id INFO @200-435@%s%s 'open_solution -flow_target vitis' config_rtl -register_reset_num=3 
INFO: [HLS 200-435] Setting 'open_solution -flow_target vitis' configuration: config_rtl -register_reset_num=3
Execute         config_rtl -register_reset_num=3 
Execute         send_msg_by_id INFO @200-1465@%s 'part=xcu200-fsgd2104-2-e' from /home/chengzhy/FormaSyn/examples/fir_16tap/inter_files/minimal_baseline/hls_config.cfg(1) 
INFO: [HLS 200-1465] Applying config ini 'part=xcu200-fsgd2104-2-e' from /home/chengzhy/FormaSyn/examples/fir_16tap/inter_files/minimal_baseline/hls_config.cfg(1)
Execute         set_part xcu200-fsgd2104-2-e 
Execute           create_platform xcu200-fsgd2104-2-e -board  
DBG:HLSDevice: Trying to load device library: /tools/Xilinx/2025.1/Vitis/lib/lnx64.o/libxv_hlsvwrap.so
DBG:HLSDevice: first parts/arch.xml in RDI_DATADIR: /tools/Xilinx/2025.1/Vivado/data/parts/arch.xml
DBG:HLSDevice: init success
INFO: [HLS 200-1611] Setting target device to 'xcu200-fsgd2104-2-e'
Command           create_platform done; 0.36 sec.
Execute           source /tools/Xilinx/2025.1/Vitis/common/technology/xilinx/common/xilinx.gen 
Execute             source /tools/Xilinx/2025.1/Vitis/common/technology/xilinx/interface/plb46.gen 
Execute             source /tools/Xilinx/2025.1/Vitis/common/technology/xilinx/interface/axi4.gen 
Execute             source /tools/Xilinx/2025.1/Vitis/common/technology/xilinx/interface/nativeAXI4.gen 
Execute               source /tools/Xilinx/2025.1/Vitis/common/technology/xilinx/interface/saxilite.gen 
Execute             source /tools/Xilinx/2025.1/Vitis/common/technology/xilinx/scripts/xilinxcoregen.gen 
Execute             source /tools/Xilinx/2025.1/Vitis/common/technology/xilinx/interface/XilEDKCoreGen.gen 
Execute             source /tools/Xilinx/2025.1/Vitis/common/technology/xilinx/ip/util.gen 
Execute             source /tools/Xilinx/2025.1/Vitis/common/technology/xilinx/ip/xfft.gen 
Execute             source /tools/Xilinx/2025.1/Vitis/common/technology/xilinx/ip/dds_compiler.gen 
Execute             source /tools/Xilinx/2025.1/Vitis/common/technology/xilinx/ip/xfir.gen 
Execute             source /tools/Xilinx/2025.1/Vitis/common/technology/xilinx/DSP48/dsp48.gen 
Execute           ap_part_info -name xcu200-fsgd2104-2-e -data info 
Execute           config_compile -quiet -complex-mul-dsp=0 
Command         set_part done; 0.45 sec.
Execute         send_msg_by_id INFO @200-1465@%s 'clock=3.33ns' from /home/chengzhy/FormaSyn/examples/fir_16tap/inter_files/minimal_baseline/hls_config.cfg(4) 
INFO: [HLS 200-1465] Applying config ini 'clock=3.33ns' from /home/chengzhy/FormaSyn/examples/fir_16tap/inter_files/minimal_baseline/hls_config.cfg(4)
Execute         create_clock -period 3.33ns 
Execute           ap_set_clock -name default -period 3.33 -unit ns -default=false 
INFO: [SYN 201-201] Setting up clock 'default' with a period of 3.33ns.
Command       apply_ini done; 0.47 sec.
Execute       write_component -config /home/chengzhy/FormaSyn/examples/fir_16tap/inter_files/minimal_baseline/hls_config.cfg 
Execute         send_msg_by_id INFO @200-2176@%s /home/chengzhy/FormaSyn/examples/fir_16tap/inter_files/minimal_baseline/work/vitis-comp.json 
INFO: [HLS 200-2176] Writing Vitis IDE component file /home/chengzhy/FormaSyn/examples/fir_16tap/inter_files/minimal_baseline/work/vitis-comp.json
Command     open_solution done; 0.49 sec.
Command   open_component done; 0.49 sec.
Execute   apply_ini /home/chengzhy/FormaSyn/examples/fir_16tap/inter_files/minimal_baseline/work/hls/config.cmdline -iscmdline 
Execute   ::AP::init_summary_file csim 
Execute     AP::app_get_file_relativeroot [AP::app_get_root] {}
Execute   csim_design 
INFO-FLOW: Running SLX 'csim' proc: ::SLX::run_csim
INFO: [SIM 211-2] *************** CSIM start ***************
INFO: [SIM 211-4] CSIM will launch CLANG as the compiler.
Execute     source csim/.lst_opt.tcl 
Execute     send_msg_by_id INFO @200-2036@%s debug 
INFO: [HLS 200-2036] Building debug C Simulation binaries
Execute     ap_part_info -name xcu200-fsgd2104-2-e -data info 
Execute     source run_sim.tcl 
INFO: [SIM 211-1] CSim done with 0 errors.
INFO: [SIM 211-3] *************** CSIM finish ***************
Command   csim_design done; 3.99 sec.
Execute   close_project 
Execute     close_solution 
Execute       cleanup_all 
Execute       cleanup_all 
Execute       source -notrace -encoding utf-8 /tools/Xilinx/2025.1/Vitis/tps/tcl/tcl8.6/clock.tcl 
Execute         source -encoding utf-8 /tools/Xilinx/2025.1/tps/tcl/tcl8/8.5/msgcat-1.6.1.tm 
INFO-FLOW: Workspace /home/chengzhy/FormaSyn/examples/fir_16tap/inter_files/minimal_baseline/work/hls opened at Thu Apr 02 04:53:35 UTC 2026
Execute       send_msg_by_id INFO @200-1505@%s%s default  vivado 
INFO: [HLS 200-1505] Using default flow_target 'vivado'
Execute       send_msg_by_id INFO @200-2174@%s%s component /home/chengzhy/FormaSyn/examples/fir_16tap/inter_files/minimal_baseline/hls_config.cfg 
INFO: [HLS 200-2174] Applying component config ini file /home/chengzhy/FormaSyn/examples/fir_16tap/inter_files/minimal_baseline/hls_config.cfg
Execute       apply_ini /home/chengzhy/FormaSyn/examples/fir_16tap/inter_files/minimal_baseline/hls_config.cfg 
Execute         send_msg_by_id INFO @200-1465@%s 'syn.file=kernel.cpp' from /home/chengzhy/FormaSyn/examples/fir_16tap/inter_files/minimal_baseline/hls_config.cfg(7) 
INFO: [HLS 200-1465] Applying config ini 'syn.file=kernel.cpp' from /home/chengzhy/FormaSyn/examples/fir_16tap/inter_files/minimal_baseline/hls_config.cfg(7)
Execute         add_files /home/chengzhy/FormaSyn/examples/fir_16tap/inter_files/minimal_baseline/kernel.cpp 
INFO: [HLS 200-10] Adding design file '/home/chengzhy/FormaSyn/examples/fir_16tap/inter_files/minimal_baseline/kernel.cpp' to the project
Execute         send_msg_by_id INFO @200-1465@%s 'tb.file=kernel_tb.cpp' from /home/chengzhy/FormaSyn/examples/fir_16tap/inter_files/minimal_baseline/hls_config.cfg(8) 
INFO: [HLS 200-1465] Applying config ini 'tb.file=kernel_tb.cpp' from /home/chengzhy/FormaSyn/examples/fir_16tap/inter_files/minimal_baseline/hls_config.cfg(8)
Execute         add_files -tb /home/chengzhy/FormaSyn/examples/fir_16tap/inter_files/minimal_baseline/kernel_tb.cpp 
INFO: [HLS 200-10] Adding test bench file '/home/chengzhy/FormaSyn/examples/fir_16tap/inter_files/minimal_baseline/kernel_tb.cpp' to the project
Execute         send_msg_by_id INFO @200-1465@%s 'syn.top=kernel' from /home/chengzhy/FormaSyn/examples/fir_16tap/inter_files/minimal_baseline/hls_config.cfg(6) 
INFO: [HLS 200-1465] Applying config ini 'syn.top=kernel' from /home/chengzhy/FormaSyn/examples/fir_16tap/inter_files/minimal_baseline/hls_config.cfg(6)
Execute         set_top kernel 
Execute         send_msg_by_id INFO @200-1465@%s 'flow_target=vitis' from /home/chengzhy/FormaSyn/examples/fir_16tap/inter_files/minimal_baseline/hls_config.cfg(5) 
INFO: [HLS 200-1465] Applying config ini 'flow_target=vitis' from /home/chengzhy/FormaSyn/examples/fir_16tap/inter_files/minimal_baseline/hls_config.cfg(5)
Execute         send_msg_by_id INFO @200-1505@%s%s  vitis 
INFO: [HLS 200-1505] Using flow_target 'vitis'
Execute         send_msg_by_id INFO @200-435@%s%s 'open_solution -flow_target vitis' config_interface -m_axi_latency=64 
INFO: [HLS 200-435] Setting 'open_solution -flow_target vitis' configuration: config_interface -m_axi_latency=64
Execute         config_interface -m_axi_latency=64 
Execute         send_msg_by_id INFO @200-435@%s%s 'open_solution -flow_target vitis' config_interface -m_axi_alignment_byte_size=64 
INFO: [HLS 200-435] Setting 'open_solution -flow_target vitis' configuration: config_interface -m_axi_alignment_byte_size=64
Execute         config_interface -m_axi_alignment_byte_size=64 
Execute         send_msg_by_id INFO @200-435@%s%s 'open_solution -flow_target vitis' config_interface -m_axi_max_widen_bitwidth=512 
INFO: [HLS 200-435] Setting 'open_solution -flow_target vitis' configuration: config_interface -m_axi_max_widen_bitwidth=512
Execute         config_interface -m_axi_max_widen_bitwidth=512 
INFO-FLOW: Setting macro_cmd open_solution -flow_target vitis configuration: config_interface -default_interface=kernel
Execute         config_interface -default_interface=kernel 
Execute         send_msg_by_id INFO @200-435@%s%s 'open_solution -flow_target vitis' config_rtl -register_reset_num=3 
INFO: [HLS 200-435] Setting 'open_solution -flow_target vitis' configuration: config_rtl -register_reset_num=3
Execute         config_rtl -register_reset_num=3 
Execute         send_msg_by_id INFO @200-1465@%s 'part=xcu200-fsgd2104-2-e' from /home/chengzhy/FormaSyn/examples/fir_16tap/inter_files/minimal_baseline/hls_config.cfg(1) 
INFO: [HLS 200-1465] Applying config ini 'part=xcu200-fsgd2104-2-e' from /home/chengzhy/FormaSyn/examples/fir_16tap/inter_files/minimal_baseline/hls_config.cfg(1)
Execute         set_part xcu200-fsgd2104-2-e 
Execute           create_platform xcu200-fsgd2104-2-e -board  
DBG:HLSDevice: Trying to load device library: /tools/Xilinx/2025.1/Vitis/lib/lnx64.o/libxv_hlsvwrap.so
DBG:HLSDevice: first parts/arch.xml in RDI_DATADIR: /tools/Xilinx/2025.1/Vivado/data/parts/arch.xml
DBG:HLSDevice: init success
INFO: [HLS 200-1611] Setting target device to 'xcu200-fsgd2104-2-e'
Command           create_platform done; 0.37 sec.
Execute           source /tools/Xilinx/2025.1/Vitis/common/technology/xilinx/common/xilinx.gen 
Execute             source /tools/Xilinx/2025.1/Vitis/common/technology/xilinx/interface/plb46.gen 
Execute             source /tools/Xilinx/2025.1/Vitis/common/technology/xilinx/interface/axi4.gen 
Execute             source /tools/Xilinx/2025.1/Vitis/common/technology/xilinx/interface/nativeAXI4.gen 
Execute               source /tools/Xilinx/2025.1/Vitis/common/technology/xilinx/interface/saxilite.gen 
Execute             source /tools/Xilinx/2025.1/Vitis/common/technology/xilinx/scripts/xilinxcoregen.gen 
Execute             source /tools/Xilinx/2025.1/Vitis/common/technology/xilinx/interface/XilEDKCoreGen.gen 
Execute             source /tools/Xilinx/2025.1/Vitis/common/technology/xilinx/ip/util.gen 
Execute             source /tools/Xilinx/2025.1/Vitis/common/technology/xilinx/ip/xfft.gen 
Execute             source /tools/Xilinx/2025.1/Vitis/common/technology/xilinx/ip/dds_compiler.gen 
Execute             source /tools/Xilinx/2025.1/Vitis/common/technology/xilinx/ip/xfir.gen 
Execute             source /tools/Xilinx/2025.1/Vitis/common/technology/xilinx/DSP48/dsp48.gen 
Execute           ap_part_info -name xcu200-fsgd2104-2-e -data info 
Execute           config_compile -quiet -complex-mul-dsp=0 
Command         set_part done; 0.46 sec.
Execute         send_msg_by_id INFO @200-1465@%s 'clock=3.33ns' from /home/chengzhy/FormaSyn/examples/fir_16tap/inter_files/minimal_baseline/hls_config.cfg(4) 
INFO: [HLS 200-1465] Applying config ini 'clock=3.33ns' from /home/chengzhy/FormaSyn/examples/fir_16tap/inter_files/minimal_baseline/hls_config.cfg(4)
Execute         create_clock -period 3.33ns 
Execute           ap_set_clock -name default -period 3.33 -unit ns -default=false 
INFO: [SYN 201-201] Setting up clock 'default' with a period of 3.33ns.
Command       apply_ini done; 0.48 sec.
Execute       write_component -config /home/chengzhy/FormaSyn/examples/fir_16tap/inter_files/minimal_baseline/hls_config.cfg 
Execute         send_msg_by_id INFO @200-2176@%s /home/chengzhy/FormaSyn/examples/fir_16tap/inter_files/minimal_baseline/work/vitis-comp.json 
INFO: [HLS 200-2176] Writing Vitis IDE component file /home/chengzhy/FormaSyn/examples/fir_16tap/inter_files/minimal_baseline/work/vitis-comp.json
Command     open_solution done; 0.5 sec.
Command   open_component done; 0.5 sec.
Execute   apply_ini /home/chengzhy/FormaSyn/examples/fir_16tap/inter_files/minimal_baseline/work/hls/config.cmdline -iscmdline 
Execute   ::AP::init_summary_file csim 
Execute     AP::app_get_file_relativeroot [AP::app_get_root] {}
Execute   csim_design 
INFO-FLOW: Running SLX 'csim' proc: ::SLX::run_csim
INFO: [SIM 211-2] *************** CSIM start ***************
INFO: [SIM 211-4] CSIM will launch CLANG as the compiler.
Execute     source csim/.lst_opt.tcl 
Execute     send_msg_by_id INFO @200-2036@%s debug 
INFO: [HLS 200-2036] Building debug C Simulation binaries
Execute     ap_part_info -name xcu200-fsgd2104-2-e -data info 
Execute     source run_sim.tcl 
INFO: [SIM 211-1] CSim done with 0 errors.
INFO: [SIM 211-3] *************** CSIM finish ***************
Command   csim_design done; 4.03 sec.
Execute   close_project 
Execute     close_solution 
Execute       cleanup_all 
Execute       cleanup_all 
Execute       source -notrace -encoding utf-8 /tools/Xilinx/2025.1/Vitis/tps/tcl/tcl8.6/clock.tcl 
Execute         source -encoding utf-8 /tools/Xilinx/2025.1/tps/tcl/tcl8/8.5/msgcat-1.6.1.tm 
INFO-FLOW: Workspace /home/chengzhy/FormaSyn/examples/fir_16tap/inter_files/minimal_baseline/work/hls opened at Thu Apr 02 04:54:57 UTC 2026
Execute       send_msg_by_id INFO @200-1505@%s%s default  vivado 
INFO: [HLS 200-1505] Using default flow_target 'vivado'
Execute       send_msg_by_id INFO @200-2174@%s%s component /home/chengzhy/FormaSyn/examples/fir_16tap/inter_files/minimal_baseline/hls_config.cfg 
INFO: [HLS 200-2174] Applying component config ini file /home/chengzhy/FormaSyn/examples/fir_16tap/inter_files/minimal_baseline/hls_config.cfg
Execute       apply_ini /home/chengzhy/FormaSyn/examples/fir_16tap/inter_files/minimal_baseline/hls_config.cfg 
Execute         send_msg_by_id INFO @200-1465@%s 'syn.file=kernel.cpp' from /home/chengzhy/FormaSyn/examples/fir_16tap/inter_files/minimal_baseline/hls_config.cfg(7) 
INFO: [HLS 200-1465] Applying config ini 'syn.file=kernel.cpp' from /home/chengzhy/FormaSyn/examples/fir_16tap/inter_files/minimal_baseline/hls_config.cfg(7)
Execute         add_files /home/chengzhy/FormaSyn/examples/fir_16tap/inter_files/minimal_baseline/kernel.cpp 
INFO: [HLS 200-10] Adding design file '/home/chengzhy/FormaSyn/examples/fir_16tap/inter_files/minimal_baseline/kernel.cpp' to the project
Execute         send_msg_by_id INFO @200-1465@%s 'tb.file=kernel_tb.cpp' from /home/chengzhy/FormaSyn/examples/fir_16tap/inter_files/minimal_baseline/hls_config.cfg(8) 
INFO: [HLS 200-1465] Applying config ini 'tb.file=kernel_tb.cpp' from /home/chengzhy/FormaSyn/examples/fir_16tap/inter_files/minimal_baseline/hls_config.cfg(8)
Execute         add_files -tb /home/chengzhy/FormaSyn/examples/fir_16tap/inter_files/minimal_baseline/kernel_tb.cpp 
INFO: [HLS 200-10] Adding test bench file '/home/chengzhy/FormaSyn/examples/fir_16tap/inter_files/minimal_baseline/kernel_tb.cpp' to the project
Execute         send_msg_by_id INFO @200-1465@%s 'syn.top=kernel' from /home/chengzhy/FormaSyn/examples/fir_16tap/inter_files/minimal_baseline/hls_config.cfg(6) 
INFO: [HLS 200-1465] Applying config ini 'syn.top=kernel' from /home/chengzhy/FormaSyn/examples/fir_16tap/inter_files/minimal_baseline/hls_config.cfg(6)
Execute         set_top kernel 
Execute         send_msg_by_id INFO @200-1465@%s 'flow_target=vitis' from /home/chengzhy/FormaSyn/examples/fir_16tap/inter_files/minimal_baseline/hls_config.cfg(5) 
INFO: [HLS 200-1465] Applying config ini 'flow_target=vitis' from /home/chengzhy/FormaSyn/examples/fir_16tap/inter_files/minimal_baseline/hls_config.cfg(5)
Execute         send_msg_by_id INFO @200-1505@%s%s  vitis 
INFO: [HLS 200-1505] Using flow_target 'vitis'
Execute         send_msg_by_id INFO @200-435@%s%s 'open_solution -flow_target vitis' config_interface -m_axi_latency=64 
INFO: [HLS 200-435] Setting 'open_solution -flow_target vitis' configuration: config_interface -m_axi_latency=64
Execute         config_interface -m_axi_latency=64 
Execute         send_msg_by_id INFO @200-435@%s%s 'open_solution -flow_target vitis' config_interface -m_axi_alignment_byte_size=64 
INFO: [HLS 200-435] Setting 'open_solution -flow_target vitis' configuration: config_interface -m_axi_alignment_byte_size=64
Execute         config_interface -m_axi_alignment_byte_size=64 
Execute         send_msg_by_id INFO @200-435@%s%s 'open_solution -flow_target vitis' config_interface -m_axi_max_widen_bitwidth=512 
INFO: [HLS 200-435] Setting 'open_solution -flow_target vitis' configuration: config_interface -m_axi_max_widen_bitwidth=512
Execute         config_interface -m_axi_max_widen_bitwidth=512 
INFO-FLOW: Setting macro_cmd open_solution -flow_target vitis configuration: config_interface -default_interface=kernel
Execute         config_interface -default_interface=kernel 
Execute         send_msg_by_id INFO @200-435@%s%s 'open_solution -flow_target vitis' config_rtl -register_reset_num=3 
INFO: [HLS 200-435] Setting 'open_solution -flow_target vitis' configuration: config_rtl -register_reset_num=3
Execute         config_rtl -register_reset_num=3 
Execute         send_msg_by_id INFO @200-1465@%s 'part=xcu200-fsgd2104-2-e' from /home/chengzhy/FormaSyn/examples/fir_16tap/inter_files/minimal_baseline/hls_config.cfg(1) 
INFO: [HLS 200-1465] Applying config ini 'part=xcu200-fsgd2104-2-e' from /home/chengzhy/FormaSyn/examples/fir_16tap/inter_files/minimal_baseline/hls_config.cfg(1)
Execute         set_part xcu200-fsgd2104-2-e 
Execute           create_platform xcu200-fsgd2104-2-e -board  
DBG:HLSDevice: Trying to load device library: /tools/Xilinx/2025.1/Vitis/lib/lnx64.o/libxv_hlsvwrap.so
DBG:HLSDevice: first parts/arch.xml in RDI_DATADIR: /tools/Xilinx/2025.1/Vivado/data/parts/arch.xml
DBG:HLSDevice: init success
INFO: [HLS 200-1611] Setting target device to 'xcu200-fsgd2104-2-e'
Command           create_platform done; 0.37 sec.
Execute           source /tools/Xilinx/2025.1/Vitis/common/technology/xilinx/common/xilinx.gen 
Execute             source /tools/Xilinx/2025.1/Vitis/common/technology/xilinx/interface/plb46.gen 
Execute             source /tools/Xilinx/2025.1/Vitis/common/technology/xilinx/interface/axi4.gen 
Execute             source /tools/Xilinx/2025.1/Vitis/common/technology/xilinx/interface/nativeAXI4.gen 
Execute               source /tools/Xilinx/2025.1/Vitis/common/technology/xilinx/interface/saxilite.gen 
Execute             source /tools/Xilinx/2025.1/Vitis/common/technology/xilinx/scripts/xilinxcoregen.gen 
Execute             source /tools/Xilinx/2025.1/Vitis/common/technology/xilinx/interface/XilEDKCoreGen.gen 
Execute             source /tools/Xilinx/2025.1/Vitis/common/technology/xilinx/ip/util.gen 
Execute             source /tools/Xilinx/2025.1/Vitis/common/technology/xilinx/ip/xfft.gen 
Execute             source /tools/Xilinx/2025.1/Vitis/common/technology/xilinx/ip/dds_compiler.gen 
Execute             source /tools/Xilinx/2025.1/Vitis/common/technology/xilinx/ip/xfir.gen 
Execute             source /tools/Xilinx/2025.1/Vitis/common/technology/xilinx/DSP48/dsp48.gen 
Execute           ap_part_info -name xcu200-fsgd2104-2-e -data info 
Execute           config_compile -quiet -complex-mul-dsp=0 
Command         set_part done; 0.45 sec.
Execute         send_msg_by_id INFO @200-1465@%s 'clock=3.33ns' from /home/chengzhy/FormaSyn/examples/fir_16tap/inter_files/minimal_baseline/hls_config.cfg(4) 
INFO: [HLS 200-1465] Applying config ini 'clock=3.33ns' from /home/chengzhy/FormaSyn/examples/fir_16tap/inter_files/minimal_baseline/hls_config.cfg(4)
Execute         create_clock -period 3.33ns 
Execute           ap_set_clock -name default -period 3.33 -unit ns -default=false 
INFO: [SYN 201-201] Setting up clock 'default' with a period of 3.33ns.
Command       apply_ini done; 0.46 sec.
Execute       write_component -config /home/chengzhy/FormaSyn/examples/fir_16tap/inter_files/minimal_baseline/hls_config.cfg 
Execute         send_msg_by_id INFO @200-2176@%s /home/chengzhy/FormaSyn/examples/fir_16tap/inter_files/minimal_baseline/work/vitis-comp.json 
INFO: [HLS 200-2176] Writing Vitis IDE component file /home/chengzhy/FormaSyn/examples/fir_16tap/inter_files/minimal_baseline/work/vitis-comp.json
Command     open_solution done; 0.5 sec.
Command   open_component done; 0.5 sec.
Execute   apply_ini /home/chengzhy/FormaSyn/examples/fir_16tap/inter_files/minimal_baseline/work/hls/config.cmdline -iscmdline 
Execute   ::AP::init_summary_file csim 
Execute     AP::app_get_file_relativeroot [AP::app_get_root] {}
Execute   csim_design 
INFO-FLOW: Running SLX 'csim' proc: ::SLX::run_csim
INFO: [SIM 211-2] *************** CSIM start ***************
INFO: [SIM 211-4] CSIM will launch CLANG as the compiler.
Execute     source csim/.lst_opt.tcl 
Execute     send_msg_by_id INFO @200-2036@%s debug 
INFO: [HLS 200-2036] Building debug C Simulation binaries
Execute     ap_part_info -name xcu200-fsgd2104-2-e -data info 
Execute     source run_sim.tcl 
INFO: [SIM 211-1] CSim done with 0 errors.
INFO: [SIM 211-3] *************** CSIM finish ***************
Command   csim_design done; 4.03 sec.
Execute   close_project 
Execute     close_solution 
Execute       cleanup_all 
Execute       cleanup_all 
Execute       source -notrace -encoding utf-8 /tools/Xilinx/2025.1/Vitis/tps/tcl/tcl8.6/clock.tcl 
Execute         source -encoding utf-8 /tools/Xilinx/2025.1/tps/tcl/tcl8/8.5/msgcat-1.6.1.tm 
INFO-FLOW: Workspace /home/chengzhy/FormaSyn/examples/fir_16tap/inter_files/minimal_baseline/work/hls opened at Thu Apr 02 04:55:29 UTC 2026
Execute       send_msg_by_id INFO @200-1505@%s%s default  vivado 
INFO: [HLS 200-1505] Using default flow_target 'vivado'
Execute       send_msg_by_id INFO @200-2174@%s%s component /home/chengzhy/FormaSyn/examples/fir_16tap/inter_files/minimal_baseline/hls_config.cfg 
INFO: [HLS 200-2174] Applying component config ini file /home/chengzhy/FormaSyn/examples/fir_16tap/inter_files/minimal_baseline/hls_config.cfg
Execute       apply_ini /home/chengzhy/FormaSyn/examples/fir_16tap/inter_files/minimal_baseline/hls_config.cfg 
Execute         send_msg_by_id INFO @200-1465@%s 'syn.file=kernel.cpp' from /home/chengzhy/FormaSyn/examples/fir_16tap/inter_files/minimal_baseline/hls_config.cfg(7) 
INFO: [HLS 200-1465] Applying config ini 'syn.file=kernel.cpp' from /home/chengzhy/FormaSyn/examples/fir_16tap/inter_files/minimal_baseline/hls_config.cfg(7)
Execute         add_files /home/chengzhy/FormaSyn/examples/fir_16tap/inter_files/minimal_baseline/kernel.cpp 
INFO: [HLS 200-10] Adding design file '/home/chengzhy/FormaSyn/examples/fir_16tap/inter_files/minimal_baseline/kernel.cpp' to the project
Execute         send_msg_by_id INFO @200-1465@%s 'tb.file=kernel_tb.cpp' from /home/chengzhy/FormaSyn/examples/fir_16tap/inter_files/minimal_baseline/hls_config.cfg(8) 
INFO: [HLS 200-1465] Applying config ini 'tb.file=kernel_tb.cpp' from /home/chengzhy/FormaSyn/examples/fir_16tap/inter_files/minimal_baseline/hls_config.cfg(8)
Execute         add_files -tb /home/chengzhy/FormaSyn/examples/fir_16tap/inter_files/minimal_baseline/kernel_tb.cpp 
INFO: [HLS 200-10] Adding test bench file '/home/chengzhy/FormaSyn/examples/fir_16tap/inter_files/minimal_baseline/kernel_tb.cpp' to the project
Execute         send_msg_by_id INFO @200-1465@%s 'syn.top=kernel' from /home/chengzhy/FormaSyn/examples/fir_16tap/inter_files/minimal_baseline/hls_config.cfg(6) 
INFO: [HLS 200-1465] Applying config ini 'syn.top=kernel' from /home/chengzhy/FormaSyn/examples/fir_16tap/inter_files/minimal_baseline/hls_config.cfg(6)
Execute         set_top kernel 
Execute         send_msg_by_id INFO @200-1465@%s 'flow_target=vitis' from /home/chengzhy/FormaSyn/examples/fir_16tap/inter_files/minimal_baseline/hls_config.cfg(5) 
INFO: [HLS 200-1465] Applying config ini 'flow_target=vitis' from /home/chengzhy/FormaSyn/examples/fir_16tap/inter_files/minimal_baseline/hls_config.cfg(5)
Execute         send_msg_by_id INFO @200-1505@%s%s  vitis 
INFO: [HLS 200-1505] Using flow_target 'vitis'
Execute         send_msg_by_id INFO @200-435@%s%s 'open_solution -flow_target vitis' config_interface -m_axi_latency=64 
INFO: [HLS 200-435] Setting 'open_solution -flow_target vitis' configuration: config_interface -m_axi_latency=64
Execute         config_interface -m_axi_latency=64 
Execute         send_msg_by_id INFO @200-435@%s%s 'open_solution -flow_target vitis' config_interface -m_axi_alignment_byte_size=64 
INFO: [HLS 200-435] Setting 'open_solution -flow_target vitis' configuration: config_interface -m_axi_alignment_byte_size=64
Execute         config_interface -m_axi_alignment_byte_size=64 
Execute         send_msg_by_id INFO @200-435@%s%s 'open_solution -flow_target vitis' config_interface -m_axi_max_widen_bitwidth=512 
INFO: [HLS 200-435] Setting 'open_solution -flow_target vitis' configuration: config_interface -m_axi_max_widen_bitwidth=512
Execute         config_interface -m_axi_max_widen_bitwidth=512 
INFO-FLOW: Setting macro_cmd open_solution -flow_target vitis configuration: config_interface -default_interface=kernel
Execute         config_interface -default_interface=kernel 
Execute         send_msg_by_id INFO @200-435@%s%s 'open_solution -flow_target vitis' config_rtl -register_reset_num=3 
INFO: [HLS 200-435] Setting 'open_solution -flow_target vitis' configuration: config_rtl -register_reset_num=3
Execute         config_rtl -register_reset_num=3 
Execute         send_msg_by_id INFO @200-1465@%s 'part=xcu200-fsgd2104-2-e' from /home/chengzhy/FormaSyn/examples/fir_16tap/inter_files/minimal_baseline/hls_config.cfg(1) 
INFO: [HLS 200-1465] Applying config ini 'part=xcu200-fsgd2104-2-e' from /home/chengzhy/FormaSyn/examples/fir_16tap/inter_files/minimal_baseline/hls_config.cfg(1)
Execute         set_part xcu200-fsgd2104-2-e 
Execute           create_platform xcu200-fsgd2104-2-e -board  
DBG:HLSDevice: Trying to load device library: /tools/Xilinx/2025.1/Vitis/lib/lnx64.o/libxv_hlsvwrap.so
DBG:HLSDevice: first parts/arch.xml in RDI_DATADIR: /tools/Xilinx/2025.1/Vivado/data/parts/arch.xml
DBG:HLSDevice: init success
INFO: [HLS 200-1611] Setting target device to 'xcu200-fsgd2104-2-e'
Command           create_platform done; 0.37 sec.
Execute           source /tools/Xilinx/2025.1/Vitis/common/technology/xilinx/common/xilinx.gen 
Execute             source /tools/Xilinx/2025.1/Vitis/common/technology/xilinx/interface/plb46.gen 
Execute             source /tools/Xilinx/2025.1/Vitis/common/technology/xilinx/interface/axi4.gen 
Execute             source /tools/Xilinx/2025.1/Vitis/common/technology/xilinx/interface/nativeAXI4.gen 
Execute               source /tools/Xilinx/2025.1/Vitis/common/technology/xilinx/interface/saxilite.gen 
Execute             source /tools/Xilinx/2025.1/Vitis/common/technology/xilinx/scripts/xilinxcoregen.gen 
Execute             source /tools/Xilinx/2025.1/Vitis/common/technology/xilinx/interface/XilEDKCoreGen.gen 
Execute             source /tools/Xilinx/2025.1/Vitis/common/technology/xilinx/ip/util.gen 
Execute             source /tools/Xilinx/2025.1/Vitis/common/technology/xilinx/ip/xfft.gen 
Execute             source /tools/Xilinx/2025.1/Vitis/common/technology/xilinx/ip/dds_compiler.gen 
Execute             source /tools/Xilinx/2025.1/Vitis/common/technology/xilinx/ip/xfir.gen 
Execute             source /tools/Xilinx/2025.1/Vitis/common/technology/xilinx/DSP48/dsp48.gen 
Execute           ap_part_info -name xcu200-fsgd2104-2-e -data info 
Execute           config_compile -quiet -complex-mul-dsp=0 
Command         set_part done; 0.45 sec.
Execute         send_msg_by_id INFO @200-1465@%s 'clock=3.33ns' from /home/chengzhy/FormaSyn/examples/fir_16tap/inter_files/minimal_baseline/hls_config.cfg(4) 
INFO: [HLS 200-1465] Applying config ini 'clock=3.33ns' from /home/chengzhy/FormaSyn/examples/fir_16tap/inter_files/minimal_baseline/hls_config.cfg(4)
Execute         create_clock -period 3.33ns 
Execute           ap_set_clock -name default -period 3.33 -unit ns -default=false 
INFO: [SYN 201-201] Setting up clock 'default' with a period of 3.33ns.
Command       apply_ini done; 0.46 sec.
Execute       write_component -config /home/chengzhy/FormaSyn/examples/fir_16tap/inter_files/minimal_baseline/hls_config.cfg 
Execute         send_msg_by_id INFO @200-2176@%s /home/chengzhy/FormaSyn/examples/fir_16tap/inter_files/minimal_baseline/work/vitis-comp.json 
INFO: [HLS 200-2176] Writing Vitis IDE component file /home/chengzhy/FormaSyn/examples/fir_16tap/inter_files/minimal_baseline/work/vitis-comp.json
Command     open_solution done; 0.5 sec.
Command   open_component done; 0.5 sec.
Execute   apply_ini /home/chengzhy/FormaSyn/examples/fir_16tap/inter_files/minimal_baseline/work/hls/config.cmdline -iscmdline 
Execute   ::AP::init_summary_file csim 
Execute     AP::app_get_file_relativeroot [AP::app_get_root] {}
Execute   csim_design 
INFO-FLOW: Running SLX 'csim' proc: ::SLX::run_csim
INFO: [SIM 211-2] *************** CSIM start ***************
INFO: [SIM 211-4] CSIM will launch CLANG as the compiler.
Execute     source csim/.lst_opt.tcl 
Execute     send_msg_by_id INFO @200-2036@%s debug 
INFO: [HLS 200-2036] Building debug C Simulation binaries
Execute     ap_part_info -name xcu200-fsgd2104-2-e -data info 
Execute     source run_sim.tcl 
INFO: [SIM 211-1] CSim done with 0 errors.
INFO: [SIM 211-3] *************** CSIM finish ***************
Command   csim_design done; 3.92 sec.
Execute   close_project 
Execute     close_solution 
Execute       cleanup_all 
Execute       cleanup_all 
Execute       source -notrace -encoding utf-8 /tools/Xilinx/2025.1/Vitis/tps/tcl/tcl8.6/clock.tcl 
Execute         source -encoding utf-8 /tools/Xilinx/2025.1/tps/tcl/tcl8/8.5/msgcat-1.6.1.tm 
INFO-FLOW: Workspace /home/chengzhy/FormaSyn/examples/fir_16tap/inter_files/minimal_baseline/work/hls opened at Thu Apr 02 04:56:30 UTC 2026
Execute       send_msg_by_id INFO @200-1505@%s%s default  vivado 
INFO: [HLS 200-1505] Using default flow_target 'vivado'
Execute       send_msg_by_id INFO @200-2174@%s%s component /home/chengzhy/FormaSyn/examples/fir_16tap/inter_files/minimal_baseline/hls_config.cfg 
INFO: [HLS 200-2174] Applying component config ini file /home/chengzhy/FormaSyn/examples/fir_16tap/inter_files/minimal_baseline/hls_config.cfg
Execute       apply_ini /home/chengzhy/FormaSyn/examples/fir_16tap/inter_files/minimal_baseline/hls_config.cfg 
Execute         send_msg_by_id INFO @200-1465@%s 'syn.file=kernel.cpp' from /home/chengzhy/FormaSyn/examples/fir_16tap/inter_files/minimal_baseline/hls_config.cfg(7) 
INFO: [HLS 200-1465] Applying config ini 'syn.file=kernel.cpp' from /home/chengzhy/FormaSyn/examples/fir_16tap/inter_files/minimal_baseline/hls_config.cfg(7)
Execute         add_files /home/chengzhy/FormaSyn/examples/fir_16tap/inter_files/minimal_baseline/kernel.cpp 
INFO: [HLS 200-10] Adding design file '/home/chengzhy/FormaSyn/examples/fir_16tap/inter_files/minimal_baseline/kernel.cpp' to the project
Execute         send_msg_by_id INFO @200-1465@%s 'tb.file=kernel_tb.cpp' from /home/chengzhy/FormaSyn/examples/fir_16tap/inter_files/minimal_baseline/hls_config.cfg(8) 
INFO: [HLS 200-1465] Applying config ini 'tb.file=kernel_tb.cpp' from /home/chengzhy/FormaSyn/examples/fir_16tap/inter_files/minimal_baseline/hls_config.cfg(8)
Execute         add_files -tb /home/chengzhy/FormaSyn/examples/fir_16tap/inter_files/minimal_baseline/kernel_tb.cpp 
INFO: [HLS 200-10] Adding test bench file '/home/chengzhy/FormaSyn/examples/fir_16tap/inter_files/minimal_baseline/kernel_tb.cpp' to the project
Execute         send_msg_by_id INFO @200-1465@%s 'syn.top=kernel' from /home/chengzhy/FormaSyn/examples/fir_16tap/inter_files/minimal_baseline/hls_config.cfg(6) 
INFO: [HLS 200-1465] Applying config ini 'syn.top=kernel' from /home/chengzhy/FormaSyn/examples/fir_16tap/inter_files/minimal_baseline/hls_config.cfg(6)
Execute         set_top kernel 
Execute         send_msg_by_id INFO @200-1465@%s 'flow_target=vitis' from /home/chengzhy/FormaSyn/examples/fir_16tap/inter_files/minimal_baseline/hls_config.cfg(5) 
INFO: [HLS 200-1465] Applying config ini 'flow_target=vitis' from /home/chengzhy/FormaSyn/examples/fir_16tap/inter_files/minimal_baseline/hls_config.cfg(5)
Execute         send_msg_by_id INFO @200-1505@%s%s  vitis 
INFO: [HLS 200-1505] Using flow_target 'vitis'
Execute         send_msg_by_id INFO @200-435@%s%s 'open_solution -flow_target vitis' config_interface -m_axi_latency=64 
INFO: [HLS 200-435] Setting 'open_solution -flow_target vitis' configuration: config_interface -m_axi_latency=64
Execute         config_interface -m_axi_latency=64 
Execute         send_msg_by_id INFO @200-435@%s%s 'open_solution -flow_target vitis' config_interface -m_axi_alignment_byte_size=64 
INFO: [HLS 200-435] Setting 'open_solution -flow_target vitis' configuration: config_interface -m_axi_alignment_byte_size=64
Execute         config_interface -m_axi_alignment_byte_size=64 
Execute         send_msg_by_id INFO @200-435@%s%s 'open_solution -flow_target vitis' config_interface -m_axi_max_widen_bitwidth=512 
INFO: [HLS 200-435] Setting 'open_solution -flow_target vitis' configuration: config_interface -m_axi_max_widen_bitwidth=512
Execute         config_interface -m_axi_max_widen_bitwidth=512 
INFO-FLOW: Setting macro_cmd open_solution -flow_target vitis configuration: config_interface -default_interface=kernel
Execute         config_interface -default_interface=kernel 
Execute         send_msg_by_id INFO @200-435@%s%s 'open_solution -flow_target vitis' config_rtl -register_reset_num=3 
INFO: [HLS 200-435] Setting 'open_solution -flow_target vitis' configuration: config_rtl -register_reset_num=3
Execute         config_rtl -register_reset_num=3 
Execute         send_msg_by_id INFO @200-1465@%s 'part=xcu200-fsgd2104-2-e' from /home/chengzhy/FormaSyn/examples/fir_16tap/inter_files/minimal_baseline/hls_config.cfg(1) 
INFO: [HLS 200-1465] Applying config ini 'part=xcu200-fsgd2104-2-e' from /home/chengzhy/FormaSyn/examples/fir_16tap/inter_files/minimal_baseline/hls_config.cfg(1)
Execute         set_part xcu200-fsgd2104-2-e 
Execute           create_platform xcu200-fsgd2104-2-e -board  
DBG:HLSDevice: Trying to load device library: /tools/Xilinx/2025.1/Vitis/lib/lnx64.o/libxv_hlsvwrap.so
DBG:HLSDevice: first parts/arch.xml in RDI_DATADIR: /tools/Xilinx/2025.1/Vivado/data/parts/arch.xml
DBG:HLSDevice: init success
INFO: [HLS 200-1611] Setting target device to 'xcu200-fsgd2104-2-e'
Command           create_platform done; 0.37 sec.
Execute           source /tools/Xilinx/2025.1/Vitis/common/technology/xilinx/common/xilinx.gen 
Execute             source /tools/Xilinx/2025.1/Vitis/common/technology/xilinx/interface/plb46.gen 
Execute             source /tools/Xilinx/2025.1/Vitis/common/technology/xilinx/interface/axi4.gen 
Execute             source /tools/Xilinx/2025.1/Vitis/common/technology/xilinx/interface/nativeAXI4.gen 
Execute               source /tools/Xilinx/2025.1/Vitis/common/technology/xilinx/interface/saxilite.gen 
Execute             source /tools/Xilinx/2025.1/Vitis/common/technology/xilinx/scripts/xilinxcoregen.gen 
Execute             source /tools/Xilinx/2025.1/Vitis/common/technology/xilinx/interface/XilEDKCoreGen.gen 
Execute             source /tools/Xilinx/2025.1/Vitis/common/technology/xilinx/ip/util.gen 
Execute             source /tools/Xilinx/2025.1/Vitis/common/technology/xilinx/ip/xfft.gen 
Execute             source /tools/Xilinx/2025.1/Vitis/common/technology/xilinx/ip/dds_compiler.gen 
Execute             source /tools/Xilinx/2025.1/Vitis/common/technology/xilinx/ip/xfir.gen 
Execute             source /tools/Xilinx/2025.1/Vitis/common/technology/xilinx/DSP48/dsp48.gen 
Execute           ap_part_info -name xcu200-fsgd2104-2-e -data info 
Execute           config_compile -quiet -complex-mul-dsp=0 
Command         set_part done; 0.45 sec.
Execute         send_msg_by_id INFO @200-1465@%s 'clock=3.33ns' from /home/chengzhy/FormaSyn/examples/fir_16tap/inter_files/minimal_baseline/hls_config.cfg(4) 
INFO: [HLS 200-1465] Applying config ini 'clock=3.33ns' from /home/chengzhy/FormaSyn/examples/fir_16tap/inter_files/minimal_baseline/hls_config.cfg(4)
Execute         create_clock -period 3.33ns 
Execute           ap_set_clock -name default -period 3.33 -unit ns -default=false 
INFO: [SYN 201-201] Setting up clock 'default' with a period of 3.33ns.
Command       apply_ini done; 0.48 sec.
Execute       write_component -config /home/chengzhy/FormaSyn/examples/fir_16tap/inter_files/minimal_baseline/hls_config.cfg 
Execute         send_msg_by_id INFO @200-2176@%s /home/chengzhy/FormaSyn/examples/fir_16tap/inter_files/minimal_baseline/work/vitis-comp.json 
INFO: [HLS 200-2176] Writing Vitis IDE component file /home/chengzhy/FormaSyn/examples/fir_16tap/inter_files/minimal_baseline/work/vitis-comp.json
Command     open_solution done; 0.5 sec.
Command   open_component done; 0.5 sec.
Execute   apply_ini /home/chengzhy/FormaSyn/examples/fir_16tap/inter_files/minimal_baseline/work/hls/config.cmdline -iscmdline 
Execute   ::AP::init_summary_file csim 
Execute     AP::app_get_file_relativeroot [AP::app_get_root] {}
Execute   csim_design 
INFO-FLOW: Running SLX 'csim' proc: ::SLX::run_csim
INFO: [SIM 211-2] *************** CSIM start ***************
INFO: [SIM 211-4] CSIM will launch CLANG as the compiler.
Execute     source csim/.lst_opt.tcl 
Execute     send_msg_by_id INFO @200-2036@%s debug 
INFO: [HLS 200-2036] Building debug C Simulation binaries
Execute     ap_part_info -name xcu200-fsgd2104-2-e -data info 
Execute     source run_sim.tcl 
INFO: [SIM 211-1] CSim done with 0 errors.
INFO: [SIM 211-3] *************** CSIM finish ***************
Command   csim_design done; 4.01 sec.
Execute   close_project 
Execute     close_solution 
Execute       cleanup_all 
Execute       cleanup_all 
Execute       source -notrace -encoding utf-8 /tools/Xilinx/2025.1/Vitis/tps/tcl/tcl8.6/clock.tcl 
Execute         source -encoding utf-8 /tools/Xilinx/2025.1/tps/tcl/tcl8/8.5/msgcat-1.6.1.tm 
INFO-FLOW: Workspace /home/chengzhy/FormaSyn/examples/fir_16tap/inter_files/minimal_baseline/work/hls opened at Thu Apr 02 04:57:29 UTC 2026
Execute       send_msg_by_id INFO @200-1505@%s%s default  vivado 
INFO: [HLS 200-1505] Using default flow_target 'vivado'
Execute       send_msg_by_id INFO @200-2174@%s%s component /home/chengzhy/FormaSyn/examples/fir_16tap/inter_files/minimal_baseline/hls_config.cfg 
INFO: [HLS 200-2174] Applying component config ini file /home/chengzhy/FormaSyn/examples/fir_16tap/inter_files/minimal_baseline/hls_config.cfg
Execute       apply_ini /home/chengzhy/FormaSyn/examples/fir_16tap/inter_files/minimal_baseline/hls_config.cfg 
Execute         send_msg_by_id INFO @200-1465@%s 'syn.file=kernel.cpp' from /home/chengzhy/FormaSyn/examples/fir_16tap/inter_files/minimal_baseline/hls_config.cfg(7) 
INFO: [HLS 200-1465] Applying config ini 'syn.file=kernel.cpp' from /home/chengzhy/FormaSyn/examples/fir_16tap/inter_files/minimal_baseline/hls_config.cfg(7)
Execute         add_files /home/chengzhy/FormaSyn/examples/fir_16tap/inter_files/minimal_baseline/kernel.cpp 
INFO: [HLS 200-10] Adding design file '/home/chengzhy/FormaSyn/examples/fir_16tap/inter_files/minimal_baseline/kernel.cpp' to the project
Execute         send_msg_by_id INFO @200-1465@%s 'tb.file=kernel_tb.cpp' from /home/chengzhy/FormaSyn/examples/fir_16tap/inter_files/minimal_baseline/hls_config.cfg(8) 
INFO: [HLS 200-1465] Applying config ini 'tb.file=kernel_tb.cpp' from /home/chengzhy/FormaSyn/examples/fir_16tap/inter_files/minimal_baseline/hls_config.cfg(8)
Execute         add_files -tb /home/chengzhy/FormaSyn/examples/fir_16tap/inter_files/minimal_baseline/kernel_tb.cpp 
INFO: [HLS 200-10] Adding test bench file '/home/chengzhy/FormaSyn/examples/fir_16tap/inter_files/minimal_baseline/kernel_tb.cpp' to the project
Execute         send_msg_by_id INFO @200-1465@%s 'syn.top=kernel' from /home/chengzhy/FormaSyn/examples/fir_16tap/inter_files/minimal_baseline/hls_config.cfg(6) 
INFO: [HLS 200-1465] Applying config ini 'syn.top=kernel' from /home/chengzhy/FormaSyn/examples/fir_16tap/inter_files/minimal_baseline/hls_config.cfg(6)
Execute         set_top kernel 
Execute         send_msg_by_id INFO @200-1465@%s 'flow_target=vitis' from /home/chengzhy/FormaSyn/examples/fir_16tap/inter_files/minimal_baseline/hls_config.cfg(5) 
INFO: [HLS 200-1465] Applying config ini 'flow_target=vitis' from /home/chengzhy/FormaSyn/examples/fir_16tap/inter_files/minimal_baseline/hls_config.cfg(5)
Execute         send_msg_by_id INFO @200-1505@%s%s  vitis 
INFO: [HLS 200-1505] Using flow_target 'vitis'
Execute         send_msg_by_id INFO @200-435@%s%s 'open_solution -flow_target vitis' config_interface -m_axi_latency=64 
INFO: [HLS 200-435] Setting 'open_solution -flow_target vitis' configuration: config_interface -m_axi_latency=64
Execute         config_interface -m_axi_latency=64 
Execute         send_msg_by_id INFO @200-435@%s%s 'open_solution -flow_target vitis' config_interface -m_axi_alignment_byte_size=64 
INFO: [HLS 200-435] Setting 'open_solution -flow_target vitis' configuration: config_interface -m_axi_alignment_byte_size=64
Execute         config_interface -m_axi_alignment_byte_size=64 
Execute         send_msg_by_id INFO @200-435@%s%s 'open_solution -flow_target vitis' config_interface -m_axi_max_widen_bitwidth=512 
INFO: [HLS 200-435] Setting 'open_solution -flow_target vitis' configuration: config_interface -m_axi_max_widen_bitwidth=512
Execute         config_interface -m_axi_max_widen_bitwidth=512 
INFO-FLOW: Setting macro_cmd open_solution -flow_target vitis configuration: config_interface -default_interface=kernel
Execute         config_interface -default_interface=kernel 
Execute         send_msg_by_id INFO @200-435@%s%s 'open_solution -flow_target vitis' config_rtl -register_reset_num=3 
INFO: [HLS 200-435] Setting 'open_solution -flow_target vitis' configuration: config_rtl -register_reset_num=3
Execute         config_rtl -register_reset_num=3 
Execute         send_msg_by_id INFO @200-1465@%s 'part=xcu200-fsgd2104-2-e' from /home/chengzhy/FormaSyn/examples/fir_16tap/inter_files/minimal_baseline/hls_config.cfg(1) 
INFO: [HLS 200-1465] Applying config ini 'part=xcu200-fsgd2104-2-e' from /home/chengzhy/FormaSyn/examples/fir_16tap/inter_files/minimal_baseline/hls_config.cfg(1)
Execute         set_part xcu200-fsgd2104-2-e 
Execute           create_platform xcu200-fsgd2104-2-e -board  
DBG:HLSDevice: Trying to load device library: /tools/Xilinx/2025.1/Vitis/lib/lnx64.o/libxv_hlsvwrap.so
DBG:HLSDevice: first parts/arch.xml in RDI_DATADIR: /tools/Xilinx/2025.1/Vivado/data/parts/arch.xml
DBG:HLSDevice: init success
INFO: [HLS 200-1611] Setting target device to 'xcu200-fsgd2104-2-e'
Command           create_platform done; 0.36 sec.
Execute           source /tools/Xilinx/2025.1/Vitis/common/technology/xilinx/common/xilinx.gen 
Execute             source /tools/Xilinx/2025.1/Vitis/common/technology/xilinx/interface/plb46.gen 
Execute             source /tools/Xilinx/2025.1/Vitis/common/technology/xilinx/interface/axi4.gen 
Execute             source /tools/Xilinx/2025.1/Vitis/common/technology/xilinx/interface/nativeAXI4.gen 
Execute               source /tools/Xilinx/2025.1/Vitis/common/technology/xilinx/interface/saxilite.gen 
Execute             source /tools/Xilinx/2025.1/Vitis/common/technology/xilinx/scripts/xilinxcoregen.gen 
Execute             source /tools/Xilinx/2025.1/Vitis/common/technology/xilinx/interface/XilEDKCoreGen.gen 
Execute             source /tools/Xilinx/2025.1/Vitis/common/technology/xilinx/ip/util.gen 
Execute             source /tools/Xilinx/2025.1/Vitis/common/technology/xilinx/ip/xfft.gen 
Execute             source /tools/Xilinx/2025.1/Vitis/common/technology/xilinx/ip/dds_compiler.gen 
Execute             source /tools/Xilinx/2025.1/Vitis/common/technology/xilinx/ip/xfir.gen 
Execute             source /tools/Xilinx/2025.1/Vitis/common/technology/xilinx/DSP48/dsp48.gen 
Execute           ap_part_info -name xcu200-fsgd2104-2-e -data info 
Execute           config_compile -quiet -complex-mul-dsp=0 
Command         set_part done; 0.44 sec.
Execute         send_msg_by_id INFO @200-1465@%s 'clock=3.33ns' from /home/chengzhy/FormaSyn/examples/fir_16tap/inter_files/minimal_baseline/hls_config.cfg(4) 
INFO: [HLS 200-1465] Applying config ini 'clock=3.33ns' from /home/chengzhy/FormaSyn/examples/fir_16tap/inter_files/minimal_baseline/hls_config.cfg(4)
Execute         create_clock -period 3.33ns 
Execute           ap_set_clock -name default -period 3.33 -unit ns -default=false 
INFO: [SYN 201-201] Setting up clock 'default' with a period of 3.33ns.
Command       apply_ini done; 0.46 sec.
Execute       write_component -config /home/chengzhy/FormaSyn/examples/fir_16tap/inter_files/minimal_baseline/hls_config.cfg 
Execute         send_msg_by_id INFO @200-2176@%s /home/chengzhy/FormaSyn/examples/fir_16tap/inter_files/minimal_baseline/work/vitis-comp.json 
INFO: [HLS 200-2176] Writing Vitis IDE component file /home/chengzhy/FormaSyn/examples/fir_16tap/inter_files/minimal_baseline/work/vitis-comp.json
Command     open_solution done; 0.49 sec.
Command   open_component done; 0.5 sec.
Execute   apply_ini /home/chengzhy/FormaSyn/examples/fir_16tap/inter_files/minimal_baseline/work/hls/config.cmdline -iscmdline 
Execute   ::AP::init_summary_file csim 
Execute     AP::app_get_file_relativeroot [AP::app_get_root] {}
Execute   csim_design 
INFO-FLOW: Running SLX 'csim' proc: ::SLX::run_csim
INFO: [SIM 211-2] *************** CSIM start ***************
INFO: [SIM 211-4] CSIM will launch CLANG as the compiler.
Execute     source csim/.lst_opt.tcl 
Execute     send_msg_by_id INFO @200-2036@%s debug 
INFO: [HLS 200-2036] Building debug C Simulation binaries
Execute     ap_part_info -name xcu200-fsgd2104-2-e -data info 
Execute     source run_sim.tcl 
INFO: [SIM 211-1] CSim done with 0 errors.
INFO: [SIM 211-3] *************** CSIM finish ***************
Command   csim_design done; 4 sec.
Execute   close_project 
Execute     close_solution 
Execute       cleanup_all 
Execute       cleanup_all 
Execute       source -notrace -encoding utf-8 /tools/Xilinx/2025.1/Vitis/tps/tcl/tcl8.6/clock.tcl 
Execute         source -encoding utf-8 /tools/Xilinx/2025.1/tps/tcl/tcl8/8.5/msgcat-1.6.1.tm 
INFO-FLOW: Workspace /home/chengzhy/FormaSyn/examples/fir_16tap/inter_files/minimal_baseline/work/hls opened at Thu Apr 02 04:58:08 UTC 2026
Execute       send_msg_by_id INFO @200-1505@%s%s default  vivado 
INFO: [HLS 200-1505] Using default flow_target 'vivado'
Execute       send_msg_by_id INFO @200-2174@%s%s component /home/chengzhy/FormaSyn/examples/fir_16tap/inter_files/minimal_baseline/hls_config.cfg 
INFO: [HLS 200-2174] Applying component config ini file /home/chengzhy/FormaSyn/examples/fir_16tap/inter_files/minimal_baseline/hls_config.cfg
Execute       apply_ini /home/chengzhy/FormaSyn/examples/fir_16tap/inter_files/minimal_baseline/hls_config.cfg 
Execute         send_msg_by_id INFO @200-1465@%s 'syn.file=kernel.cpp' from /home/chengzhy/FormaSyn/examples/fir_16tap/inter_files/minimal_baseline/hls_config.cfg(7) 
INFO: [HLS 200-1465] Applying config ini 'syn.file=kernel.cpp' from /home/chengzhy/FormaSyn/examples/fir_16tap/inter_files/minimal_baseline/hls_config.cfg(7)
Execute         add_files /home/chengzhy/FormaSyn/examples/fir_16tap/inter_files/minimal_baseline/kernel.cpp 
INFO: [HLS 200-10] Adding design file '/home/chengzhy/FormaSyn/examples/fir_16tap/inter_files/minimal_baseline/kernel.cpp' to the project
Execute         send_msg_by_id INFO @200-1465@%s 'tb.file=kernel_tb.cpp' from /home/chengzhy/FormaSyn/examples/fir_16tap/inter_files/minimal_baseline/hls_config.cfg(8) 
INFO: [HLS 200-1465] Applying config ini 'tb.file=kernel_tb.cpp' from /home/chengzhy/FormaSyn/examples/fir_16tap/inter_files/minimal_baseline/hls_config.cfg(8)
Execute         add_files -tb /home/chengzhy/FormaSyn/examples/fir_16tap/inter_files/minimal_baseline/kernel_tb.cpp 
INFO: [HLS 200-10] Adding test bench file '/home/chengzhy/FormaSyn/examples/fir_16tap/inter_files/minimal_baseline/kernel_tb.cpp' to the project
Execute         send_msg_by_id INFO @200-1465@%s 'syn.top=kernel' from /home/chengzhy/FormaSyn/examples/fir_16tap/inter_files/minimal_baseline/hls_config.cfg(6) 
INFO: [HLS 200-1465] Applying config ini 'syn.top=kernel' from /home/chengzhy/FormaSyn/examples/fir_16tap/inter_files/minimal_baseline/hls_config.cfg(6)
Execute         set_top kernel 
Execute         send_msg_by_id INFO @200-1465@%s 'flow_target=vitis' from /home/chengzhy/FormaSyn/examples/fir_16tap/inter_files/minimal_baseline/hls_config.cfg(5) 
INFO: [HLS 200-1465] Applying config ini 'flow_target=vitis' from /home/chengzhy/FormaSyn/examples/fir_16tap/inter_files/minimal_baseline/hls_config.cfg(5)
Execute         send_msg_by_id INFO @200-1505@%s%s  vitis 
INFO: [HLS 200-1505] Using flow_target 'vitis'
Execute         send_msg_by_id INFO @200-435@%s%s 'open_solution -flow_target vitis' config_interface -m_axi_latency=64 
INFO: [HLS 200-435] Setting 'open_solution -flow_target vitis' configuration: config_interface -m_axi_latency=64
Execute         config_interface -m_axi_latency=64 
Execute         send_msg_by_id INFO @200-435@%s%s 'open_solution -flow_target vitis' config_interface -m_axi_alignment_byte_size=64 
INFO: [HLS 200-435] Setting 'open_solution -flow_target vitis' configuration: config_interface -m_axi_alignment_byte_size=64
Execute         config_interface -m_axi_alignment_byte_size=64 
Execute         send_msg_by_id INFO @200-435@%s%s 'open_solution -flow_target vitis' config_interface -m_axi_max_widen_bitwidth=512 
INFO: [HLS 200-435] Setting 'open_solution -flow_target vitis' configuration: config_interface -m_axi_max_widen_bitwidth=512
Execute         config_interface -m_axi_max_widen_bitwidth=512 
INFO-FLOW: Setting macro_cmd open_solution -flow_target vitis configuration: config_interface -default_interface=kernel
Execute         config_interface -default_interface=kernel 
Execute         send_msg_by_id INFO @200-435@%s%s 'open_solution -flow_target vitis' config_rtl -register_reset_num=3 
INFO: [HLS 200-435] Setting 'open_solution -flow_target vitis' configuration: config_rtl -register_reset_num=3
Execute         config_rtl -register_reset_num=3 
Execute         send_msg_by_id INFO @200-1465@%s 'part=xcu200-fsgd2104-2-e' from /home/chengzhy/FormaSyn/examples/fir_16tap/inter_files/minimal_baseline/hls_config.cfg(1) 
INFO: [HLS 200-1465] Applying config ini 'part=xcu200-fsgd2104-2-e' from /home/chengzhy/FormaSyn/examples/fir_16tap/inter_files/minimal_baseline/hls_config.cfg(1)
Execute         set_part xcu200-fsgd2104-2-e 
Execute           create_platform xcu200-fsgd2104-2-e -board  
DBG:HLSDevice: Trying to load device library: /tools/Xilinx/2025.1/Vitis/lib/lnx64.o/libxv_hlsvwrap.so
DBG:HLSDevice: first parts/arch.xml in RDI_DATADIR: /tools/Xilinx/2025.1/Vivado/data/parts/arch.xml
DBG:HLSDevice: init success
INFO: [HLS 200-1611] Setting target device to 'xcu200-fsgd2104-2-e'
Command           create_platform done; 0.36 sec.
Execute           source /tools/Xilinx/2025.1/Vitis/common/technology/xilinx/common/xilinx.gen 
Execute             source /tools/Xilinx/2025.1/Vitis/common/technology/xilinx/interface/plb46.gen 
Execute             source /tools/Xilinx/2025.1/Vitis/common/technology/xilinx/interface/axi4.gen 
Execute             source /tools/Xilinx/2025.1/Vitis/common/technology/xilinx/interface/nativeAXI4.gen 
Execute               source /tools/Xilinx/2025.1/Vitis/common/technology/xilinx/interface/saxilite.gen 
Execute             source /tools/Xilinx/2025.1/Vitis/common/technology/xilinx/scripts/xilinxcoregen.gen 
Execute             source /tools/Xilinx/2025.1/Vitis/common/technology/xilinx/interface/XilEDKCoreGen.gen 
Execute             source /tools/Xilinx/2025.1/Vitis/common/technology/xilinx/ip/util.gen 
Execute             source /tools/Xilinx/2025.1/Vitis/common/technology/xilinx/ip/xfft.gen 
Execute             source /tools/Xilinx/2025.1/Vitis/common/technology/xilinx/ip/dds_compiler.gen 
Execute             source /tools/Xilinx/2025.1/Vitis/common/technology/xilinx/ip/xfir.gen 
Execute             source /tools/Xilinx/2025.1/Vitis/common/technology/xilinx/DSP48/dsp48.gen 
Execute           ap_part_info -name xcu200-fsgd2104-2-e -data info 
Execute           config_compile -quiet -complex-mul-dsp=0 
Command         set_part done; 0.44 sec.
Execute         send_msg_by_id INFO @200-1465@%s 'clock=3.33ns' from /home/chengzhy/FormaSyn/examples/fir_16tap/inter_files/minimal_baseline/hls_config.cfg(4) 
INFO: [HLS 200-1465] Applying config ini 'clock=3.33ns' from /home/chengzhy/FormaSyn/examples/fir_16tap/inter_files/minimal_baseline/hls_config.cfg(4)
Execute         create_clock -period 3.33ns 
Execute           ap_set_clock -name default -period 3.33 -unit ns -default=false 
INFO: [SYN 201-201] Setting up clock 'default' with a period of 3.33ns.
Command       apply_ini done; 0.47 sec.
Execute       write_component -config /home/chengzhy/FormaSyn/examples/fir_16tap/inter_files/minimal_baseline/hls_config.cfg 
Execute         send_msg_by_id INFO @200-2176@%s /home/chengzhy/FormaSyn/examples/fir_16tap/inter_files/minimal_baseline/work/vitis-comp.json 
INFO: [HLS 200-2176] Writing Vitis IDE component file /home/chengzhy/FormaSyn/examples/fir_16tap/inter_files/minimal_baseline/work/vitis-comp.json
Command     open_solution done; 0.49 sec.
Command   open_component done; 0.5 sec.
Execute   apply_ini /home/chengzhy/FormaSyn/examples/fir_16tap/inter_files/minimal_baseline/work/hls/config.cmdline -iscmdline 
Execute   ::AP::init_summary_file csim 
Execute     AP::app_get_file_relativeroot [AP::app_get_root] {}
Execute   csim_design 
INFO-FLOW: Running SLX 'csim' proc: ::SLX::run_csim
INFO: [SIM 211-2] *************** CSIM start ***************
INFO: [SIM 211-4] CSIM will launch CLANG as the compiler.
Execute     source csim/.lst_opt.tcl 
Execute     send_msg_by_id INFO @200-2036@%s debug 
INFO: [HLS 200-2036] Building debug C Simulation binaries
Execute     ap_part_info -name xcu200-fsgd2104-2-e -data info 
Execute     source run_sim.tcl 
INFO: [SIM 211-1] CSim done with 0 errors.
INFO: [SIM 211-3] *************** CSIM finish ***************
Command   csim_design done; 4.01 sec.
Execute   close_project 
Execute     close_solution 
Execute       cleanup_all 
Execute       cleanup_all 
