

================================================================
== Vitis HLS Report for 'kernel'
================================================================
* Date:           Thu Mar 19 03:48:05 2026

* Version:        2025.1 (Build 6135595 on May 21 2025)
* Project:        work
* Solution:       hls (Vitis Kernel Flow Target)
* Product family: virtexuplus
* Target device:  xcu200-fsgd2104-2-e


================================================================
== Performance Estimates
================================================================
+ Timing: 
    * Summary: 
    +--------+---------+----------+------------+
    |  Clock |  Target | Estimated| Uncertainty|
    +--------+---------+----------+------------+
    |ap_clk  |  5.00 ns|  3.650 ns|     1.35 ns|
    +--------+---------+----------+------------+

+ Latency: 
    * Summary: 
    +---------+---------+----------+----------+-----+-----+---------+
    |  Latency (cycles) |  Latency (absolute) |  Interval | Pipeline|
    |   min   |   max   |    min   |    max   | min | max |   Type  |
    +---------+---------+----------+----------+-----+-----+---------+
    |      147|      147|  0.735 us|  0.735 us|  148|  148|       no|
    +---------+---------+----------+----------+-----+-----+---------+

    + Detail: 
        * Instance: 
        N/A

        * Loop: 
        +----------------+---------+---------+----------+-----------+-----------+------+----------+
        |                |  Latency (cycles) | Iteration|  Initiation Interval  | Trip |          |
        |    Loop Name   |   min   |   max   |  Latency |  achieved |   target  | Count| Pipelined|
        +----------------+---------+---------+----------+-----------+-----------+------+----------+
        |- loop_compute  |        3|        3|         1|          1|          4|     4|       yes|
        +----------------+---------+---------+----------+-----------+-----------+------+----------+

============================================================
+ Verbose Summary: Synthesis Manager
============================================================
InlineROM: 1
ExposeGlobal: 0
============================================================
+ Verbose Summary: CDFG Model
============================================================
IsTopModel: 1
ResetActiveHigh: 1
IsCombinational: 0
IsDatapathOnly: 0
HasWiredReturn: 1
HasMFsm: 2
HasVarLatency: 1
IsPipeline: 0
IsRtlPipelined: 0
IsInstanceOverlapped: 0
IsDontTouch: 0
HasImplIP: 0
IsGatedGlobalClock: 0

+ Individual pipeline summary: 
  * Pipeline-0: initiation interval (II) = 1, depth = 1


============================================================
+ Verbose Summary: Schedule
============================================================
* Number of FSM states : 145
* Pipeline : 1
  Pipeline-0 : II = 1, D = 1, States = { 75 }
* Dataflow Pipeline: 0

* FSM state transitions: 
1 --> 2 
2 --> 3 
3 --> 4 
4 --> 5 
5 --> 6 
6 --> 7 
7 --> 8 
8 --> 9 
9 --> 10 
10 --> 11 
11 --> 12 
12 --> 13 
13 --> 14 
14 --> 15 
15 --> 16 
16 --> 17 
17 --> 18 
18 --> 19 
19 --> 20 
20 --> 21 
21 --> 22 
22 --> 23 
23 --> 24 
24 --> 25 
25 --> 26 
26 --> 27 
27 --> 28 
28 --> 29 
29 --> 30 
30 --> 31 
31 --> 32 
32 --> 33 
33 --> 34 
34 --> 35 
35 --> 36 
36 --> 37 
37 --> 38 
38 --> 39 
39 --> 40 
40 --> 41 
41 --> 42 
42 --> 43 
43 --> 44 
44 --> 45 
45 --> 46 
46 --> 47 
47 --> 48 
48 --> 49 
49 --> 50 
50 --> 51 
51 --> 52 
52 --> 53 
53 --> 54 
54 --> 55 
55 --> 56 
56 --> 57 
57 --> 58 
58 --> 59 
59 --> 60 
60 --> 61 
61 --> 62 
62 --> 63 
63 --> 64 
64 --> 65 
65 --> 66 
66 --> 67 
67 --> 68 
68 --> 69 
69 --> 70 
70 --> 71 
71 --> 72 
72 --> 73 
73 --> 74 
74 --> 75 
75 --> 76 75 
76 --> 77 
77 --> 78 
78 --> 79 
79 --> 80 
80 --> 81 
81 --> 82 
82 --> 83 
83 --> 84 
84 --> 85 
85 --> 86 
86 --> 87 
87 --> 88 
88 --> 89 
89 --> 90 
90 --> 91 
91 --> 92 
92 --> 93 
93 --> 94 
94 --> 95 
95 --> 96 
96 --> 97 
97 --> 98 
98 --> 99 
99 --> 100 
100 --> 101 
101 --> 102 
102 --> 103 
103 --> 104 
104 --> 105 
105 --> 106 
106 --> 107 
107 --> 108 
108 --> 109 
109 --> 110 
110 --> 111 
111 --> 112 
112 --> 113 
113 --> 114 
114 --> 115 
115 --> 116 
116 --> 117 
117 --> 118 
118 --> 119 
119 --> 120 
120 --> 121 
121 --> 122 
122 --> 123 
123 --> 124 
124 --> 125 
125 --> 126 
126 --> 127 
127 --> 128 
128 --> 129 
129 --> 130 
130 --> 131 
131 --> 132 
132 --> 133 
133 --> 134 
134 --> 135 
135 --> 136 
136 --> 137 
137 --> 138 
138 --> 139 
139 --> 140 
140 --> 141 
141 --> 142 
142 --> 143 
143 --> 144 
144 --> 145 
145 --> 

* FSM state operations: 

State 1 <SV = 0> <Delay = 1.00>
ST_1 : Operation 146 [1/1] (0.00ns)   --->   "%i1 = alloca i32 1"   --->   Operation 146 'alloca' 'i1' <Predicate = true> <Delay = 0.00>
ST_1 : Operation 147 [1/1] (0.00ns)   --->   "%shiftreg2 = alloca i32 1"   --->   Operation 147 'alloca' 'shiftreg2' <Predicate = true> <Delay = 0.00>
ST_1 : Operation 148 [1/1] (0.00ns)   --->   "%shiftreg163 = alloca i32 1"   --->   Operation 148 'alloca' 'shiftreg163' <Predicate = true> <Delay = 0.00>
ST_1 : Operation 149 [1/1] (0.00ns)   --->   "%shiftreg184 = alloca i32 1"   --->   Operation 149 'alloca' 'shiftreg184' <Predicate = true> <Delay = 0.00>
ST_1 : Operation 150 [1/1] (0.00ns)   --->   "%shiftreg205 = alloca i32 1"   --->   Operation 150 'alloca' 'shiftreg205' <Predicate = true> <Delay = 0.00>
ST_1 : Operation 151 [1/1] (0.00ns)   --->   "%shiftreg226 = alloca i32 1"   --->   Operation 151 'alloca' 'shiftreg226' <Predicate = true> <Delay = 0.00>
ST_1 : Operation 152 [1/1] (0.00ns)   --->   "%shiftreg247 = alloca i32 1"   --->   Operation 152 'alloca' 'shiftreg247' <Predicate = true> <Delay = 0.00>
ST_1 : Operation 153 [1/1] (0.00ns)   --->   "%shiftreg268 = alloca i32 1"   --->   Operation 153 'alloca' 'shiftreg268' <Predicate = true> <Delay = 0.00>
ST_1 : Operation 154 [1/1] (0.00ns)   --->   "%shiftreg289 = alloca i32 1"   --->   Operation 154 'alloca' 'shiftreg289' <Predicate = true> <Delay = 0.00>
ST_1 : Operation 155 [1/1] (0.00ns)   --->   "%shiftreg3010 = alloca i32 1"   --->   Operation 155 'alloca' 'shiftreg3010' <Predicate = true> <Delay = 0.00>
ST_1 : Operation 156 [1/1] (0.00ns)   --->   "%shiftreg3212 = alloca i32 1"   --->   Operation 156 'alloca' 'shiftreg3212' <Predicate = true> <Delay = 0.00>
ST_1 : Operation 157 [1/1] (0.00ns)   --->   "%shiftreg3414 = alloca i32 1"   --->   Operation 157 'alloca' 'shiftreg3414' <Predicate = true> <Delay = 0.00>
ST_1 : Operation 158 [1/1] (0.00ns)   --->   "%shiftreg3616 = alloca i32 1"   --->   Operation 158 'alloca' 'shiftreg3616' <Predicate = true> <Delay = 0.00>
ST_1 : Operation 159 [1/1] (1.00ns)   --->   "%c_3_read = read i64 @_ssdm_op_Read.s_axilite.i64, i64 %c_3" [kernel.cpp:5]   --->   Operation 159 'read' 'c_3_read' <Predicate = true> <Delay = 1.00> <CoreInst = "s_axilite">   --->   Core 120 's_axilite' <Latency = 0> <II = 1> <Delay = 1.00> <Adapter> <Opcode : 'read' 'write'>
ST_1 : Operation 160 [1/1] (1.00ns)   --->   "%c_2_read = read i64 @_ssdm_op_Read.s_axilite.i64, i64 %c_2" [kernel.cpp:5]   --->   Operation 160 'read' 'c_2_read' <Predicate = true> <Delay = 1.00> <CoreInst = "s_axilite">   --->   Core 120 's_axilite' <Latency = 0> <II = 1> <Delay = 1.00> <Adapter> <Opcode : 'read' 'write'>
ST_1 : Operation 161 [1/1] (1.00ns)   --->   "%c_1_read = read i64 @_ssdm_op_Read.s_axilite.i64, i64 %c_1" [kernel.cpp:5]   --->   Operation 161 'read' 'c_1_read' <Predicate = true> <Delay = 1.00> <CoreInst = "s_axilite">   --->   Core 120 's_axilite' <Latency = 0> <II = 1> <Delay = 1.00> <Adapter> <Opcode : 'read' 'write'>
ST_1 : Operation 162 [1/1] (1.00ns)   --->   "%c_0_read = read i64 @_ssdm_op_Read.s_axilite.i64, i64 %c_0" [kernel.cpp:5]   --->   Operation 162 'read' 'c_0_read' <Predicate = true> <Delay = 1.00> <CoreInst = "s_axilite">   --->   Core 120 's_axilite' <Latency = 0> <II = 1> <Delay = 1.00> <Adapter> <Opcode : 'read' 'write'>
ST_1 : Operation 163 [1/1] (1.00ns)   --->   "%b_3_read = read i64 @_ssdm_op_Read.s_axilite.i64, i64 %b_3" [kernel.cpp:5]   --->   Operation 163 'read' 'b_3_read' <Predicate = true> <Delay = 1.00> <CoreInst = "s_axilite">   --->   Core 120 's_axilite' <Latency = 0> <II = 1> <Delay = 1.00> <Adapter> <Opcode : 'read' 'write'>
ST_1 : Operation 164 [1/1] (1.00ns)   --->   "%b_2_read = read i64 @_ssdm_op_Read.s_axilite.i64, i64 %b_2" [kernel.cpp:5]   --->   Operation 164 'read' 'b_2_read' <Predicate = true> <Delay = 1.00> <CoreInst = "s_axilite">   --->   Core 120 's_axilite' <Latency = 0> <II = 1> <Delay = 1.00> <Adapter> <Opcode : 'read' 'write'>
ST_1 : Operation 165 [1/1] (1.00ns)   --->   "%b_1_read = read i64 @_ssdm_op_Read.s_axilite.i64, i64 %b_1" [kernel.cpp:5]   --->   Operation 165 'read' 'b_1_read' <Predicate = true> <Delay = 1.00> <CoreInst = "s_axilite">   --->   Core 120 's_axilite' <Latency = 0> <II = 1> <Delay = 1.00> <Adapter> <Opcode : 'read' 'write'>
ST_1 : Operation 166 [1/1] (1.00ns)   --->   "%b_0_read = read i64 @_ssdm_op_Read.s_axilite.i64, i64 %b_0" [kernel.cpp:5]   --->   Operation 166 'read' 'b_0_read' <Predicate = true> <Delay = 1.00> <CoreInst = "s_axilite">   --->   Core 120 's_axilite' <Latency = 0> <II = 1> <Delay = 1.00> <Adapter> <Opcode : 'read' 'write'>
ST_1 : Operation 167 [1/1] (1.00ns)   --->   "%a_3_read = read i64 @_ssdm_op_Read.s_axilite.i64, i64 %a_3" [kernel.cpp:5]   --->   Operation 167 'read' 'a_3_read' <Predicate = true> <Delay = 1.00> <CoreInst = "s_axilite">   --->   Core 120 's_axilite' <Latency = 0> <II = 1> <Delay = 1.00> <Adapter> <Opcode : 'read' 'write'>
ST_1 : Operation 168 [1/1] (1.00ns)   --->   "%a_2_read = read i64 @_ssdm_op_Read.s_axilite.i64, i64 %a_2" [kernel.cpp:5]   --->   Operation 168 'read' 'a_2_read' <Predicate = true> <Delay = 1.00> <CoreInst = "s_axilite">   --->   Core 120 's_axilite' <Latency = 0> <II = 1> <Delay = 1.00> <Adapter> <Opcode : 'read' 'write'>
ST_1 : Operation 169 [1/1] (1.00ns)   --->   "%a_1_read = read i64 @_ssdm_op_Read.s_axilite.i64, i64 %a_1" [kernel.cpp:5]   --->   Operation 169 'read' 'a_1_read' <Predicate = true> <Delay = 1.00> <CoreInst = "s_axilite">   --->   Core 120 's_axilite' <Latency = 0> <II = 1> <Delay = 1.00> <Adapter> <Opcode : 'read' 'write'>
ST_1 : Operation 170 [1/1] (1.00ns)   --->   "%a_0_read = read i64 @_ssdm_op_Read.s_axilite.i64, i64 %a_0" [kernel.cpp:5]   --->   Operation 170 'read' 'a_0_read' <Predicate = true> <Delay = 1.00> <CoreInst = "s_axilite">   --->   Core 120 's_axilite' <Latency = 0> <II = 1> <Delay = 1.00> <Adapter> <Opcode : 'read' 'write'>
ST_1 : Operation 171 [1/1] (0.00ns)   --->   "%trunc_ln = partselect i62 @_ssdm_op_PartSelect.i62.i64.i32.i32, i64 %a_0_read, i32 2, i32 63" [kernel.cpp:19]   --->   Operation 171 'partselect' 'trunc_ln' <Predicate = true> <Delay = 0.00>
ST_1 : Operation 172 [1/1] (0.00ns)   --->   "%sext_ln19 = sext i62 %trunc_ln" [kernel.cpp:19]   --->   Operation 172 'sext' 'sext_ln19' <Predicate = true> <Delay = 0.00>
ST_1 : Operation 173 [1/1] (0.00ns)   --->   "%gmem0_0_addr = getelementptr i32 %gmem0_0, i64 %sext_ln19" [kernel.cpp:19]   --->   Operation 173 'getelementptr' 'gmem0_0_addr' <Predicate = true> <Delay = 0.00>
ST_1 : Operation 174 [1/1] (0.00ns)   --->   "%trunc_ln19_1 = partselect i62 @_ssdm_op_PartSelect.i62.i64.i32.i32, i64 %b_0_read, i32 2, i32 63" [kernel.cpp:19]   --->   Operation 174 'partselect' 'trunc_ln19_1' <Predicate = true> <Delay = 0.00>
ST_1 : Operation 175 [1/1] (0.00ns)   --->   "%sext_ln19_1 = sext i62 %trunc_ln19_1" [kernel.cpp:19]   --->   Operation 175 'sext' 'sext_ln19_1' <Predicate = true> <Delay = 0.00>
ST_1 : Operation 176 [1/1] (0.00ns)   --->   "%gmem1_0_addr = getelementptr i32 %gmem1_0, i64 %sext_ln19_1" [kernel.cpp:19]   --->   Operation 176 'getelementptr' 'gmem1_0_addr' <Predicate = true> <Delay = 0.00>
ST_1 : Operation 177 [1/1] (0.00ns)   --->   "%trunc_ln19_2 = partselect i62 @_ssdm_op_PartSelect.i62.i64.i32.i32, i64 %a_1_read, i32 2, i32 63" [kernel.cpp:19]   --->   Operation 177 'partselect' 'trunc_ln19_2' <Predicate = true> <Delay = 0.00>
ST_1 : Operation 178 [1/1] (0.00ns)   --->   "%sext_ln19_2 = sext i62 %trunc_ln19_2" [kernel.cpp:19]   --->   Operation 178 'sext' 'sext_ln19_2' <Predicate = true> <Delay = 0.00>
ST_1 : Operation 179 [1/1] (0.00ns)   --->   "%gmem0_1_addr = getelementptr i32 %gmem0_1, i64 %sext_ln19_2" [kernel.cpp:19]   --->   Operation 179 'getelementptr' 'gmem0_1_addr' <Predicate = true> <Delay = 0.00>
ST_1 : Operation 180 [1/1] (0.00ns)   --->   "%trunc_ln19_3 = partselect i62 @_ssdm_op_PartSelect.i62.i64.i32.i32, i64 %a_2_read, i32 2, i32 63" [kernel.cpp:19]   --->   Operation 180 'partselect' 'trunc_ln19_3' <Predicate = true> <Delay = 0.00>
ST_1 : Operation 181 [1/1] (0.00ns)   --->   "%sext_ln19_3 = sext i62 %trunc_ln19_3" [kernel.cpp:19]   --->   Operation 181 'sext' 'sext_ln19_3' <Predicate = true> <Delay = 0.00>
ST_1 : Operation 182 [1/1] (0.00ns)   --->   "%gmem0_2_addr = getelementptr i32 %gmem0_2, i64 %sext_ln19_3" [kernel.cpp:19]   --->   Operation 182 'getelementptr' 'gmem0_2_addr' <Predicate = true> <Delay = 0.00>
ST_1 : Operation 183 [1/1] (0.00ns)   --->   "%trunc_ln19_4 = partselect i62 @_ssdm_op_PartSelect.i62.i64.i32.i32, i64 %a_3_read, i32 2, i32 63" [kernel.cpp:19]   --->   Operation 183 'partselect' 'trunc_ln19_4' <Predicate = true> <Delay = 0.00>
ST_1 : Operation 184 [1/1] (0.00ns)   --->   "%sext_ln19_4 = sext i62 %trunc_ln19_4" [kernel.cpp:19]   --->   Operation 184 'sext' 'sext_ln19_4' <Predicate = true> <Delay = 0.00>
ST_1 : Operation 185 [1/1] (0.00ns)   --->   "%gmem0_3_addr = getelementptr i32 %gmem0_3, i64 %sext_ln19_4" [kernel.cpp:19]   --->   Operation 185 'getelementptr' 'gmem0_3_addr' <Predicate = true> <Delay = 0.00>
ST_1 : Operation 186 [1/1] (0.00ns)   --->   "%trunc_ln19_5 = partselect i62 @_ssdm_op_PartSelect.i62.i64.i32.i32, i64 %b_1_read, i32 2, i32 63" [kernel.cpp:19]   --->   Operation 186 'partselect' 'trunc_ln19_5' <Predicate = true> <Delay = 0.00>
ST_1 : Operation 187 [1/1] (0.00ns)   --->   "%sext_ln19_5 = sext i62 %trunc_ln19_5" [kernel.cpp:19]   --->   Operation 187 'sext' 'sext_ln19_5' <Predicate = true> <Delay = 0.00>
ST_1 : Operation 188 [1/1] (0.00ns)   --->   "%gmem1_1_addr = getelementptr i32 %gmem1_1, i64 %sext_ln19_5" [kernel.cpp:19]   --->   Operation 188 'getelementptr' 'gmem1_1_addr' <Predicate = true> <Delay = 0.00>
ST_1 : Operation 189 [1/1] (0.00ns)   --->   "%trunc_ln19_6 = partselect i62 @_ssdm_op_PartSelect.i62.i64.i32.i32, i64 %b_2_read, i32 2, i32 63" [kernel.cpp:19]   --->   Operation 189 'partselect' 'trunc_ln19_6' <Predicate = true> <Delay = 0.00>
ST_1 : Operation 190 [1/1] (0.00ns)   --->   "%sext_ln19_6 = sext i62 %trunc_ln19_6" [kernel.cpp:19]   --->   Operation 190 'sext' 'sext_ln19_6' <Predicate = true> <Delay = 0.00>
ST_1 : Operation 191 [1/1] (0.00ns)   --->   "%gmem1_2_addr = getelementptr i32 %gmem1_2, i64 %sext_ln19_6" [kernel.cpp:19]   --->   Operation 191 'getelementptr' 'gmem1_2_addr' <Predicate = true> <Delay = 0.00>
ST_1 : Operation 192 [1/1] (0.00ns)   --->   "%trunc_ln19_7 = partselect i62 @_ssdm_op_PartSelect.i62.i64.i32.i32, i64 %b_3_read, i32 2, i32 63" [kernel.cpp:19]   --->   Operation 192 'partselect' 'trunc_ln19_7' <Predicate = true> <Delay = 0.00>
ST_1 : Operation 193 [1/1] (0.00ns)   --->   "%sext_ln19_7 = sext i62 %trunc_ln19_7" [kernel.cpp:19]   --->   Operation 193 'sext' 'sext_ln19_7' <Predicate = true> <Delay = 0.00>
ST_1 : Operation 194 [1/1] (0.00ns)   --->   "%gmem1_3_addr = getelementptr i32 %gmem1_3, i64 %sext_ln19_7" [kernel.cpp:19]   --->   Operation 194 'getelementptr' 'gmem1_3_addr' <Predicate = true> <Delay = 0.00>
ST_1 : Operation 195 [1/1] (0.00ns)   --->   "%p_cast = partselect i61 @_ssdm_op_PartSelect.i61.i64.i32.i32, i64 %c_3_read, i32 3, i32 63" [kernel.cpp:5]   --->   Operation 195 'partselect' 'p_cast' <Predicate = true> <Delay = 0.00>
ST_1 : Operation 196 [1/1] (0.00ns)   --->   "%p_cast1 = partselect i61 @_ssdm_op_PartSelect.i61.i64.i32.i32, i64 %c_2_read, i32 3, i32 63" [kernel.cpp:5]   --->   Operation 196 'partselect' 'p_cast1' <Predicate = true> <Delay = 0.00>
ST_1 : Operation 197 [1/1] (0.00ns)   --->   "%p_cast2 = partselect i61 @_ssdm_op_PartSelect.i61.i64.i32.i32, i64 %c_1_read, i32 3, i32 63" [kernel.cpp:5]   --->   Operation 197 'partselect' 'p_cast2' <Predicate = true> <Delay = 0.00>
ST_1 : Operation 198 [1/1] (0.00ns)   --->   "%p_cast3 = partselect i61 @_ssdm_op_PartSelect.i61.i64.i32.i32, i64 %c_0_read, i32 3, i32 63" [kernel.cpp:5]   --->   Operation 198 'partselect' 'p_cast3' <Predicate = true> <Delay = 0.00>
ST_1 : Operation 199 [1/1] (0.38ns)   --->   "%store_ln0 = store i57 0, i57 %shiftreg3616"   --->   Operation 199 'store' 'store_ln0' <Predicate = true> <Delay = 0.38>
ST_1 : Operation 200 [1/1] (0.38ns)   --->   "%store_ln0 = store i57 0, i57 %shiftreg3414"   --->   Operation 200 'store' 'store_ln0' <Predicate = true> <Delay = 0.38>
ST_1 : Operation 201 [1/1] (0.38ns)   --->   "%store_ln0 = store i57 0, i57 %shiftreg3212"   --->   Operation 201 'store' 'store_ln0' <Predicate = true> <Delay = 0.38>
ST_1 : Operation 202 [1/1] (0.38ns)   --->   "%store_ln0 = store i57 0, i57 %shiftreg3010"   --->   Operation 202 'store' 'store_ln0' <Predicate = true> <Delay = 0.38>
ST_1 : Operation 203 [1/1] (0.38ns)   --->   "%store_ln0 = store i5 0, i5 %i1"   --->   Operation 203 'store' 'store_ln0' <Predicate = true> <Delay = 0.38>

State 2 <SV = 1> <Delay = 3.65>
ST_2 : Operation 204 [71/71] (3.65ns)   --->   "%gmem0_0_load_req = readreq i1 @_ssdm_op_ReadReq.m_axi.i32P1A, i32 %gmem0_0_addr, i64 1" [kernel.cpp:19]   --->   Operation 204 'readreq' 'gmem0_0_load_req' <Predicate = true> <Delay = 3.65> <CoreInst = "m_axi">   --->   Core 119 'm_axi' <Latency = 6> <II = 1> <Delay = 1.00> <Adapter> <Opcode : 'read' 'write' 'readreq' 'writereq' 'writeresp'>
ST_2 : Operation 205 [71/71] (3.65ns)   --->   "%gmem1_0_load_req = readreq i1 @_ssdm_op_ReadReq.m_axi.i32P1A, i32 %gmem1_0_addr, i64 1" [kernel.cpp:19]   --->   Operation 205 'readreq' 'gmem1_0_load_req' <Predicate = true> <Delay = 3.65> <CoreInst = "m_axi">   --->   Core 119 'm_axi' <Latency = 6> <II = 1> <Delay = 1.00> <Adapter> <Opcode : 'read' 'write' 'readreq' 'writereq' 'writeresp'>
ST_2 : Operation 206 [71/71] (3.65ns)   --->   "%gmem0_1_load_req = readreq i1 @_ssdm_op_ReadReq.m_axi.i32P1A, i32 %gmem0_1_addr, i64 1" [kernel.cpp:19]   --->   Operation 206 'readreq' 'gmem0_1_load_req' <Predicate = true> <Delay = 3.65> <CoreInst = "m_axi">   --->   Core 119 'm_axi' <Latency = 6> <II = 1> <Delay = 1.00> <Adapter> <Opcode : 'read' 'write' 'readreq' 'writereq' 'writeresp'>
ST_2 : Operation 207 [71/71] (3.65ns)   --->   "%gmem0_2_load_req = readreq i1 @_ssdm_op_ReadReq.m_axi.i32P1A, i32 %gmem0_2_addr, i64 1" [kernel.cpp:19]   --->   Operation 207 'readreq' 'gmem0_2_load_req' <Predicate = true> <Delay = 3.65> <CoreInst = "m_axi">   --->   Core 119 'm_axi' <Latency = 6> <II = 1> <Delay = 1.00> <Adapter> <Opcode : 'read' 'write' 'readreq' 'writereq' 'writeresp'>
ST_2 : Operation 208 [71/71] (3.65ns)   --->   "%gmem0_3_load_req = readreq i1 @_ssdm_op_ReadReq.m_axi.i32P1A, i32 %gmem0_3_addr, i64 1" [kernel.cpp:19]   --->   Operation 208 'readreq' 'gmem0_3_load_req' <Predicate = true> <Delay = 3.65> <CoreInst = "m_axi">   --->   Core 119 'm_axi' <Latency = 6> <II = 1> <Delay = 1.00> <Adapter> <Opcode : 'read' 'write' 'readreq' 'writereq' 'writeresp'>
ST_2 : Operation 209 [71/71] (3.65ns)   --->   "%gmem1_1_load_req = readreq i1 @_ssdm_op_ReadReq.m_axi.i32P1A, i32 %gmem1_1_addr, i64 1" [kernel.cpp:19]   --->   Operation 209 'readreq' 'gmem1_1_load_req' <Predicate = true> <Delay = 3.65> <CoreInst = "m_axi">   --->   Core 119 'm_axi' <Latency = 6> <II = 1> <Delay = 1.00> <Adapter> <Opcode : 'read' 'write' 'readreq' 'writereq' 'writeresp'>
ST_2 : Operation 210 [71/71] (3.65ns)   --->   "%gmem1_2_load_req = readreq i1 @_ssdm_op_ReadReq.m_axi.i32P1A, i32 %gmem1_2_addr, i64 1" [kernel.cpp:19]   --->   Operation 210 'readreq' 'gmem1_2_load_req' <Predicate = true> <Delay = 3.65> <CoreInst = "m_axi">   --->   Core 119 'm_axi' <Latency = 6> <II = 1> <Delay = 1.00> <Adapter> <Opcode : 'read' 'write' 'readreq' 'writereq' 'writeresp'>
ST_2 : Operation 211 [71/71] (3.65ns)   --->   "%gmem1_3_load_req = readreq i1 @_ssdm_op_ReadReq.m_axi.i32P1A, i32 %gmem1_3_addr, i64 1" [kernel.cpp:19]   --->   Operation 211 'readreq' 'gmem1_3_load_req' <Predicate = true> <Delay = 3.65> <CoreInst = "m_axi">   --->   Core 119 'm_axi' <Latency = 6> <II = 1> <Delay = 1.00> <Adapter> <Opcode : 'read' 'write' 'readreq' 'writereq' 'writeresp'>

State 3 <SV = 2> <Delay = 3.65>
ST_3 : Operation 212 [70/71] (3.65ns)   --->   "%gmem0_0_load_req = readreq i1 @_ssdm_op_ReadReq.m_axi.i32P1A, i32 %gmem0_0_addr, i64 1" [kernel.cpp:19]   --->   Operation 212 'readreq' 'gmem0_0_load_req' <Predicate = true> <Delay = 3.65> <CoreInst = "m_axi">   --->   Core 119 'm_axi' <Latency = 6> <II = 1> <Delay = 1.00> <Adapter> <Opcode : 'read' 'write' 'readreq' 'writereq' 'writeresp'>
ST_3 : Operation 213 [70/71] (3.65ns)   --->   "%gmem1_0_load_req = readreq i1 @_ssdm_op_ReadReq.m_axi.i32P1A, i32 %gmem1_0_addr, i64 1" [kernel.cpp:19]   --->   Operation 213 'readreq' 'gmem1_0_load_req' <Predicate = true> <Delay = 3.65> <CoreInst = "m_axi">   --->   Core 119 'm_axi' <Latency = 6> <II = 1> <Delay = 1.00> <Adapter> <Opcode : 'read' 'write' 'readreq' 'writereq' 'writeresp'>
ST_3 : Operation 214 [70/71] (3.65ns)   --->   "%gmem0_1_load_req = readreq i1 @_ssdm_op_ReadReq.m_axi.i32P1A, i32 %gmem0_1_addr, i64 1" [kernel.cpp:19]   --->   Operation 214 'readreq' 'gmem0_1_load_req' <Predicate = true> <Delay = 3.65> <CoreInst = "m_axi">   --->   Core 119 'm_axi' <Latency = 6> <II = 1> <Delay = 1.00> <Adapter> <Opcode : 'read' 'write' 'readreq' 'writereq' 'writeresp'>
ST_3 : Operation 215 [70/71] (3.65ns)   --->   "%gmem0_2_load_req = readreq i1 @_ssdm_op_ReadReq.m_axi.i32P1A, i32 %gmem0_2_addr, i64 1" [kernel.cpp:19]   --->   Operation 215 'readreq' 'gmem0_2_load_req' <Predicate = true> <Delay = 3.65> <CoreInst = "m_axi">   --->   Core 119 'm_axi' <Latency = 6> <II = 1> <Delay = 1.00> <Adapter> <Opcode : 'read' 'write' 'readreq' 'writereq' 'writeresp'>
ST_3 : Operation 216 [70/71] (3.65ns)   --->   "%gmem0_3_load_req = readreq i1 @_ssdm_op_ReadReq.m_axi.i32P1A, i32 %gmem0_3_addr, i64 1" [kernel.cpp:19]   --->   Operation 216 'readreq' 'gmem0_3_load_req' <Predicate = true> <Delay = 3.65> <CoreInst = "m_axi">   --->   Core 119 'm_axi' <Latency = 6> <II = 1> <Delay = 1.00> <Adapter> <Opcode : 'read' 'write' 'readreq' 'writereq' 'writeresp'>
ST_3 : Operation 217 [70/71] (3.65ns)   --->   "%gmem1_1_load_req = readreq i1 @_ssdm_op_ReadReq.m_axi.i32P1A, i32 %gmem1_1_addr, i64 1" [kernel.cpp:19]   --->   Operation 217 'readreq' 'gmem1_1_load_req' <Predicate = true> <Delay = 3.65> <CoreInst = "m_axi">   --->   Core 119 'm_axi' <Latency = 6> <II = 1> <Delay = 1.00> <Adapter> <Opcode : 'read' 'write' 'readreq' 'writereq' 'writeresp'>
ST_3 : Operation 218 [70/71] (3.65ns)   --->   "%gmem1_2_load_req = readreq i1 @_ssdm_op_ReadReq.m_axi.i32P1A, i32 %gmem1_2_addr, i64 1" [kernel.cpp:19]   --->   Operation 218 'readreq' 'gmem1_2_load_req' <Predicate = true> <Delay = 3.65> <CoreInst = "m_axi">   --->   Core 119 'm_axi' <Latency = 6> <II = 1> <Delay = 1.00> <Adapter> <Opcode : 'read' 'write' 'readreq' 'writereq' 'writeresp'>
ST_3 : Operation 219 [70/71] (3.65ns)   --->   "%gmem1_3_load_req = readreq i1 @_ssdm_op_ReadReq.m_axi.i32P1A, i32 %gmem1_3_addr, i64 1" [kernel.cpp:19]   --->   Operation 219 'readreq' 'gmem1_3_load_req' <Predicate = true> <Delay = 3.65> <CoreInst = "m_axi">   --->   Core 119 'm_axi' <Latency = 6> <II = 1> <Delay = 1.00> <Adapter> <Opcode : 'read' 'write' 'readreq' 'writereq' 'writeresp'>

State 4 <SV = 3> <Delay = 3.65>
ST_4 : Operation 220 [69/71] (3.65ns)   --->   "%gmem0_0_load_req = readreq i1 @_ssdm_op_ReadReq.m_axi.i32P1A, i32 %gmem0_0_addr, i64 1" [kernel.cpp:19]   --->   Operation 220 'readreq' 'gmem0_0_load_req' <Predicate = true> <Delay = 3.65> <CoreInst = "m_axi">   --->   Core 119 'm_axi' <Latency = 6> <II = 1> <Delay = 1.00> <Adapter> <Opcode : 'read' 'write' 'readreq' 'writereq' 'writeresp'>
ST_4 : Operation 221 [69/71] (3.65ns)   --->   "%gmem1_0_load_req = readreq i1 @_ssdm_op_ReadReq.m_axi.i32P1A, i32 %gmem1_0_addr, i64 1" [kernel.cpp:19]   --->   Operation 221 'readreq' 'gmem1_0_load_req' <Predicate = true> <Delay = 3.65> <CoreInst = "m_axi">   --->   Core 119 'm_axi' <Latency = 6> <II = 1> <Delay = 1.00> <Adapter> <Opcode : 'read' 'write' 'readreq' 'writereq' 'writeresp'>
ST_4 : Operation 222 [69/71] (3.65ns)   --->   "%gmem0_1_load_req = readreq i1 @_ssdm_op_ReadReq.m_axi.i32P1A, i32 %gmem0_1_addr, i64 1" [kernel.cpp:19]   --->   Operation 222 'readreq' 'gmem0_1_load_req' <Predicate = true> <Delay = 3.65> <CoreInst = "m_axi">   --->   Core 119 'm_axi' <Latency = 6> <II = 1> <Delay = 1.00> <Adapter> <Opcode : 'read' 'write' 'readreq' 'writereq' 'writeresp'>
ST_4 : Operation 223 [69/71] (3.65ns)   --->   "%gmem0_2_load_req = readreq i1 @_ssdm_op_ReadReq.m_axi.i32P1A, i32 %gmem0_2_addr, i64 1" [kernel.cpp:19]   --->   Operation 223 'readreq' 'gmem0_2_load_req' <Predicate = true> <Delay = 3.65> <CoreInst = "m_axi">   --->   Core 119 'm_axi' <Latency = 6> <II = 1> <Delay = 1.00> <Adapter> <Opcode : 'read' 'write' 'readreq' 'writereq' 'writeresp'>
ST_4 : Operation 224 [69/71] (3.65ns)   --->   "%gmem0_3_load_req = readreq i1 @_ssdm_op_ReadReq.m_axi.i32P1A, i32 %gmem0_3_addr, i64 1" [kernel.cpp:19]   --->   Operation 224 'readreq' 'gmem0_3_load_req' <Predicate = true> <Delay = 3.65> <CoreInst = "m_axi">   --->   Core 119 'm_axi' <Latency = 6> <II = 1> <Delay = 1.00> <Adapter> <Opcode : 'read' 'write' 'readreq' 'writereq' 'writeresp'>
ST_4 : Operation 225 [69/71] (3.65ns)   --->   "%gmem1_1_load_req = readreq i1 @_ssdm_op_ReadReq.m_axi.i32P1A, i32 %gmem1_1_addr, i64 1" [kernel.cpp:19]   --->   Operation 225 'readreq' 'gmem1_1_load_req' <Predicate = true> <Delay = 3.65> <CoreInst = "m_axi">   --->   Core 119 'm_axi' <Latency = 6> <II = 1> <Delay = 1.00> <Adapter> <Opcode : 'read' 'write' 'readreq' 'writereq' 'writeresp'>
ST_4 : Operation 226 [69/71] (3.65ns)   --->   "%gmem1_2_load_req = readreq i1 @_ssdm_op_ReadReq.m_axi.i32P1A, i32 %gmem1_2_addr, i64 1" [kernel.cpp:19]   --->   Operation 226 'readreq' 'gmem1_2_load_req' <Predicate = true> <Delay = 3.65> <CoreInst = "m_axi">   --->   Core 119 'm_axi' <Latency = 6> <II = 1> <Delay = 1.00> <Adapter> <Opcode : 'read' 'write' 'readreq' 'writereq' 'writeresp'>
ST_4 : Operation 227 [69/71] (3.65ns)   --->   "%gmem1_3_load_req = readreq i1 @_ssdm_op_ReadReq.m_axi.i32P1A, i32 %gmem1_3_addr, i64 1" [kernel.cpp:19]   --->   Operation 227 'readreq' 'gmem1_3_load_req' <Predicate = true> <Delay = 3.65> <CoreInst = "m_axi">   --->   Core 119 'm_axi' <Latency = 6> <II = 1> <Delay = 1.00> <Adapter> <Opcode : 'read' 'write' 'readreq' 'writereq' 'writeresp'>

State 5 <SV = 4> <Delay = 3.65>
ST_5 : Operation 228 [68/71] (3.65ns)   --->   "%gmem0_0_load_req = readreq i1 @_ssdm_op_ReadReq.m_axi.i32P1A, i32 %gmem0_0_addr, i64 1" [kernel.cpp:19]   --->   Operation 228 'readreq' 'gmem0_0_load_req' <Predicate = true> <Delay = 3.65> <CoreInst = "m_axi">   --->   Core 119 'm_axi' <Latency = 6> <II = 1> <Delay = 1.00> <Adapter> <Opcode : 'read' 'write' 'readreq' 'writereq' 'writeresp'>
ST_5 : Operation 229 [68/71] (3.65ns)   --->   "%gmem1_0_load_req = readreq i1 @_ssdm_op_ReadReq.m_axi.i32P1A, i32 %gmem1_0_addr, i64 1" [kernel.cpp:19]   --->   Operation 229 'readreq' 'gmem1_0_load_req' <Predicate = true> <Delay = 3.65> <CoreInst = "m_axi">   --->   Core 119 'm_axi' <Latency = 6> <II = 1> <Delay = 1.00> <Adapter> <Opcode : 'read' 'write' 'readreq' 'writereq' 'writeresp'>
ST_5 : Operation 230 [68/71] (3.65ns)   --->   "%gmem0_1_load_req = readreq i1 @_ssdm_op_ReadReq.m_axi.i32P1A, i32 %gmem0_1_addr, i64 1" [kernel.cpp:19]   --->   Operation 230 'readreq' 'gmem0_1_load_req' <Predicate = true> <Delay = 3.65> <CoreInst = "m_axi">   --->   Core 119 'm_axi' <Latency = 6> <II = 1> <Delay = 1.00> <Adapter> <Opcode : 'read' 'write' 'readreq' 'writereq' 'writeresp'>
ST_5 : Operation 231 [68/71] (3.65ns)   --->   "%gmem0_2_load_req = readreq i1 @_ssdm_op_ReadReq.m_axi.i32P1A, i32 %gmem0_2_addr, i64 1" [kernel.cpp:19]   --->   Operation 231 'readreq' 'gmem0_2_load_req' <Predicate = true> <Delay = 3.65> <CoreInst = "m_axi">   --->   Core 119 'm_axi' <Latency = 6> <II = 1> <Delay = 1.00> <Adapter> <Opcode : 'read' 'write' 'readreq' 'writereq' 'writeresp'>
ST_5 : Operation 232 [68/71] (3.65ns)   --->   "%gmem0_3_load_req = readreq i1 @_ssdm_op_ReadReq.m_axi.i32P1A, i32 %gmem0_3_addr, i64 1" [kernel.cpp:19]   --->   Operation 232 'readreq' 'gmem0_3_load_req' <Predicate = true> <Delay = 3.65> <CoreInst = "m_axi">   --->   Core 119 'm_axi' <Latency = 6> <II = 1> <Delay = 1.00> <Adapter> <Opcode : 'read' 'write' 'readreq' 'writereq' 'writeresp'>
ST_5 : Operation 233 [68/71] (3.65ns)   --->   "%gmem1_1_load_req = readreq i1 @_ssdm_op_ReadReq.m_axi.i32P1A, i32 %gmem1_1_addr, i64 1" [kernel.cpp:19]   --->   Operation 233 'readreq' 'gmem1_1_load_req' <Predicate = true> <Delay = 3.65> <CoreInst = "m_axi">   --->   Core 119 'm_axi' <Latency = 6> <II = 1> <Delay = 1.00> <Adapter> <Opcode : 'read' 'write' 'readreq' 'writereq' 'writeresp'>
ST_5 : Operation 234 [68/71] (3.65ns)   --->   "%gmem1_2_load_req = readreq i1 @_ssdm_op_ReadReq.m_axi.i32P1A, i32 %gmem1_2_addr, i64 1" [kernel.cpp:19]   --->   Operation 234 'readreq' 'gmem1_2_load_req' <Predicate = true> <Delay = 3.65> <CoreInst = "m_axi">   --->   Core 119 'm_axi' <Latency = 6> <II = 1> <Delay = 1.00> <Adapter> <Opcode : 'read' 'write' 'readreq' 'writereq' 'writeresp'>
ST_5 : Operation 235 [68/71] (3.65ns)   --->   "%gmem1_3_load_req = readreq i1 @_ssdm_op_ReadReq.m_axi.i32P1A, i32 %gmem1_3_addr, i64 1" [kernel.cpp:19]   --->   Operation 235 'readreq' 'gmem1_3_load_req' <Predicate = true> <Delay = 3.65> <CoreInst = "m_axi">   --->   Core 119 'm_axi' <Latency = 6> <II = 1> <Delay = 1.00> <Adapter> <Opcode : 'read' 'write' 'readreq' 'writereq' 'writeresp'>

State 6 <SV = 5> <Delay = 3.65>
ST_6 : Operation 236 [67/71] (3.65ns)   --->   "%gmem0_0_load_req = readreq i1 @_ssdm_op_ReadReq.m_axi.i32P1A, i32 %gmem0_0_addr, i64 1" [kernel.cpp:19]   --->   Operation 236 'readreq' 'gmem0_0_load_req' <Predicate = true> <Delay = 3.65> <CoreInst = "m_axi">   --->   Core 119 'm_axi' <Latency = 6> <II = 1> <Delay = 1.00> <Adapter> <Opcode : 'read' 'write' 'readreq' 'writereq' 'writeresp'>
ST_6 : Operation 237 [67/71] (3.65ns)   --->   "%gmem1_0_load_req = readreq i1 @_ssdm_op_ReadReq.m_axi.i32P1A, i32 %gmem1_0_addr, i64 1" [kernel.cpp:19]   --->   Operation 237 'readreq' 'gmem1_0_load_req' <Predicate = true> <Delay = 3.65> <CoreInst = "m_axi">   --->   Core 119 'm_axi' <Latency = 6> <II = 1> <Delay = 1.00> <Adapter> <Opcode : 'read' 'write' 'readreq' 'writereq' 'writeresp'>
ST_6 : Operation 238 [67/71] (3.65ns)   --->   "%gmem0_1_load_req = readreq i1 @_ssdm_op_ReadReq.m_axi.i32P1A, i32 %gmem0_1_addr, i64 1" [kernel.cpp:19]   --->   Operation 238 'readreq' 'gmem0_1_load_req' <Predicate = true> <Delay = 3.65> <CoreInst = "m_axi">   --->   Core 119 'm_axi' <Latency = 6> <II = 1> <Delay = 1.00> <Adapter> <Opcode : 'read' 'write' 'readreq' 'writereq' 'writeresp'>
ST_6 : Operation 239 [67/71] (3.65ns)   --->   "%gmem0_2_load_req = readreq i1 @_ssdm_op_ReadReq.m_axi.i32P1A, i32 %gmem0_2_addr, i64 1" [kernel.cpp:19]   --->   Operation 239 'readreq' 'gmem0_2_load_req' <Predicate = true> <Delay = 3.65> <CoreInst = "m_axi">   --->   Core 119 'm_axi' <Latency = 6> <II = 1> <Delay = 1.00> <Adapter> <Opcode : 'read' 'write' 'readreq' 'writereq' 'writeresp'>
ST_6 : Operation 240 [67/71] (3.65ns)   --->   "%gmem0_3_load_req = readreq i1 @_ssdm_op_ReadReq.m_axi.i32P1A, i32 %gmem0_3_addr, i64 1" [kernel.cpp:19]   --->   Operation 240 'readreq' 'gmem0_3_load_req' <Predicate = true> <Delay = 3.65> <CoreInst = "m_axi">   --->   Core 119 'm_axi' <Latency = 6> <II = 1> <Delay = 1.00> <Adapter> <Opcode : 'read' 'write' 'readreq' 'writereq' 'writeresp'>
ST_6 : Operation 241 [67/71] (3.65ns)   --->   "%gmem1_1_load_req = readreq i1 @_ssdm_op_ReadReq.m_axi.i32P1A, i32 %gmem1_1_addr, i64 1" [kernel.cpp:19]   --->   Operation 241 'readreq' 'gmem1_1_load_req' <Predicate = true> <Delay = 3.65> <CoreInst = "m_axi">   --->   Core 119 'm_axi' <Latency = 6> <II = 1> <Delay = 1.00> <Adapter> <Opcode : 'read' 'write' 'readreq' 'writereq' 'writeresp'>
ST_6 : Operation 242 [67/71] (3.65ns)   --->   "%gmem1_2_load_req = readreq i1 @_ssdm_op_ReadReq.m_axi.i32P1A, i32 %gmem1_2_addr, i64 1" [kernel.cpp:19]   --->   Operation 242 'readreq' 'gmem1_2_load_req' <Predicate = true> <Delay = 3.65> <CoreInst = "m_axi">   --->   Core 119 'm_axi' <Latency = 6> <II = 1> <Delay = 1.00> <Adapter> <Opcode : 'read' 'write' 'readreq' 'writereq' 'writeresp'>
ST_6 : Operation 243 [67/71] (3.65ns)   --->   "%gmem1_3_load_req = readreq i1 @_ssdm_op_ReadReq.m_axi.i32P1A, i32 %gmem1_3_addr, i64 1" [kernel.cpp:19]   --->   Operation 243 'readreq' 'gmem1_3_load_req' <Predicate = true> <Delay = 3.65> <CoreInst = "m_axi">   --->   Core 119 'm_axi' <Latency = 6> <II = 1> <Delay = 1.00> <Adapter> <Opcode : 'read' 'write' 'readreq' 'writereq' 'writeresp'>

State 7 <SV = 6> <Delay = 3.65>
ST_7 : Operation 244 [66/71] (3.65ns)   --->   "%gmem0_0_load_req = readreq i1 @_ssdm_op_ReadReq.m_axi.i32P1A, i32 %gmem0_0_addr, i64 1" [kernel.cpp:19]   --->   Operation 244 'readreq' 'gmem0_0_load_req' <Predicate = true> <Delay = 3.65> <CoreInst = "m_axi">   --->   Core 119 'm_axi' <Latency = 6> <II = 1> <Delay = 1.00> <Adapter> <Opcode : 'read' 'write' 'readreq' 'writereq' 'writeresp'>
ST_7 : Operation 245 [66/71] (3.65ns)   --->   "%gmem1_0_load_req = readreq i1 @_ssdm_op_ReadReq.m_axi.i32P1A, i32 %gmem1_0_addr, i64 1" [kernel.cpp:19]   --->   Operation 245 'readreq' 'gmem1_0_load_req' <Predicate = true> <Delay = 3.65> <CoreInst = "m_axi">   --->   Core 119 'm_axi' <Latency = 6> <II = 1> <Delay = 1.00> <Adapter> <Opcode : 'read' 'write' 'readreq' 'writereq' 'writeresp'>
ST_7 : Operation 246 [66/71] (3.65ns)   --->   "%gmem0_1_load_req = readreq i1 @_ssdm_op_ReadReq.m_axi.i32P1A, i32 %gmem0_1_addr, i64 1" [kernel.cpp:19]   --->   Operation 246 'readreq' 'gmem0_1_load_req' <Predicate = true> <Delay = 3.65> <CoreInst = "m_axi">   --->   Core 119 'm_axi' <Latency = 6> <II = 1> <Delay = 1.00> <Adapter> <Opcode : 'read' 'write' 'readreq' 'writereq' 'writeresp'>
ST_7 : Operation 247 [66/71] (3.65ns)   --->   "%gmem0_2_load_req = readreq i1 @_ssdm_op_ReadReq.m_axi.i32P1A, i32 %gmem0_2_addr, i64 1" [kernel.cpp:19]   --->   Operation 247 'readreq' 'gmem0_2_load_req' <Predicate = true> <Delay = 3.65> <CoreInst = "m_axi">   --->   Core 119 'm_axi' <Latency = 6> <II = 1> <Delay = 1.00> <Adapter> <Opcode : 'read' 'write' 'readreq' 'writereq' 'writeresp'>
ST_7 : Operation 248 [66/71] (3.65ns)   --->   "%gmem0_3_load_req = readreq i1 @_ssdm_op_ReadReq.m_axi.i32P1A, i32 %gmem0_3_addr, i64 1" [kernel.cpp:19]   --->   Operation 248 'readreq' 'gmem0_3_load_req' <Predicate = true> <Delay = 3.65> <CoreInst = "m_axi">   --->   Core 119 'm_axi' <Latency = 6> <II = 1> <Delay = 1.00> <Adapter> <Opcode : 'read' 'write' 'readreq' 'writereq' 'writeresp'>
ST_7 : Operation 249 [66/71] (3.65ns)   --->   "%gmem1_1_load_req = readreq i1 @_ssdm_op_ReadReq.m_axi.i32P1A, i32 %gmem1_1_addr, i64 1" [kernel.cpp:19]   --->   Operation 249 'readreq' 'gmem1_1_load_req' <Predicate = true> <Delay = 3.65> <CoreInst = "m_axi">   --->   Core 119 'm_axi' <Latency = 6> <II = 1> <Delay = 1.00> <Adapter> <Opcode : 'read' 'write' 'readreq' 'writereq' 'writeresp'>
ST_7 : Operation 250 [66/71] (3.65ns)   --->   "%gmem1_2_load_req = readreq i1 @_ssdm_op_ReadReq.m_axi.i32P1A, i32 %gmem1_2_addr, i64 1" [kernel.cpp:19]   --->   Operation 250 'readreq' 'gmem1_2_load_req' <Predicate = true> <Delay = 3.65> <CoreInst = "m_axi">   --->   Core 119 'm_axi' <Latency = 6> <II = 1> <Delay = 1.00> <Adapter> <Opcode : 'read' 'write' 'readreq' 'writereq' 'writeresp'>
ST_7 : Operation 251 [66/71] (3.65ns)   --->   "%gmem1_3_load_req = readreq i1 @_ssdm_op_ReadReq.m_axi.i32P1A, i32 %gmem1_3_addr, i64 1" [kernel.cpp:19]   --->   Operation 251 'readreq' 'gmem1_3_load_req' <Predicate = true> <Delay = 3.65> <CoreInst = "m_axi">   --->   Core 119 'm_axi' <Latency = 6> <II = 1> <Delay = 1.00> <Adapter> <Opcode : 'read' 'write' 'readreq' 'writereq' 'writeresp'>

State 8 <SV = 7> <Delay = 3.65>
ST_8 : Operation 252 [65/71] (3.65ns)   --->   "%gmem0_0_load_req = readreq i1 @_ssdm_op_ReadReq.m_axi.i32P1A, i32 %gmem0_0_addr, i64 1" [kernel.cpp:19]   --->   Operation 252 'readreq' 'gmem0_0_load_req' <Predicate = true> <Delay = 3.65> <CoreInst = "m_axi">   --->   Core 119 'm_axi' <Latency = 6> <II = 1> <Delay = 1.00> <Adapter> <Opcode : 'read' 'write' 'readreq' 'writereq' 'writeresp'>
ST_8 : Operation 253 [65/71] (3.65ns)   --->   "%gmem1_0_load_req = readreq i1 @_ssdm_op_ReadReq.m_axi.i32P1A, i32 %gmem1_0_addr, i64 1" [kernel.cpp:19]   --->   Operation 253 'readreq' 'gmem1_0_load_req' <Predicate = true> <Delay = 3.65> <CoreInst = "m_axi">   --->   Core 119 'm_axi' <Latency = 6> <II = 1> <Delay = 1.00> <Adapter> <Opcode : 'read' 'write' 'readreq' 'writereq' 'writeresp'>
ST_8 : Operation 254 [65/71] (3.65ns)   --->   "%gmem0_1_load_req = readreq i1 @_ssdm_op_ReadReq.m_axi.i32P1A, i32 %gmem0_1_addr, i64 1" [kernel.cpp:19]   --->   Operation 254 'readreq' 'gmem0_1_load_req' <Predicate = true> <Delay = 3.65> <CoreInst = "m_axi">   --->   Core 119 'm_axi' <Latency = 6> <II = 1> <Delay = 1.00> <Adapter> <Opcode : 'read' 'write' 'readreq' 'writereq' 'writeresp'>
ST_8 : Operation 255 [65/71] (3.65ns)   --->   "%gmem0_2_load_req = readreq i1 @_ssdm_op_ReadReq.m_axi.i32P1A, i32 %gmem0_2_addr, i64 1" [kernel.cpp:19]   --->   Operation 255 'readreq' 'gmem0_2_load_req' <Predicate = true> <Delay = 3.65> <CoreInst = "m_axi">   --->   Core 119 'm_axi' <Latency = 6> <II = 1> <Delay = 1.00> <Adapter> <Opcode : 'read' 'write' 'readreq' 'writereq' 'writeresp'>
ST_8 : Operation 256 [65/71] (3.65ns)   --->   "%gmem0_3_load_req = readreq i1 @_ssdm_op_ReadReq.m_axi.i32P1A, i32 %gmem0_3_addr, i64 1" [kernel.cpp:19]   --->   Operation 256 'readreq' 'gmem0_3_load_req' <Predicate = true> <Delay = 3.65> <CoreInst = "m_axi">   --->   Core 119 'm_axi' <Latency = 6> <II = 1> <Delay = 1.00> <Adapter> <Opcode : 'read' 'write' 'readreq' 'writereq' 'writeresp'>
ST_8 : Operation 257 [65/71] (3.65ns)   --->   "%gmem1_1_load_req = readreq i1 @_ssdm_op_ReadReq.m_axi.i32P1A, i32 %gmem1_1_addr, i64 1" [kernel.cpp:19]   --->   Operation 257 'readreq' 'gmem1_1_load_req' <Predicate = true> <Delay = 3.65> <CoreInst = "m_axi">   --->   Core 119 'm_axi' <Latency = 6> <II = 1> <Delay = 1.00> <Adapter> <Opcode : 'read' 'write' 'readreq' 'writereq' 'writeresp'>
ST_8 : Operation 258 [65/71] (3.65ns)   --->   "%gmem1_2_load_req = readreq i1 @_ssdm_op_ReadReq.m_axi.i32P1A, i32 %gmem1_2_addr, i64 1" [kernel.cpp:19]   --->   Operation 258 'readreq' 'gmem1_2_load_req' <Predicate = true> <Delay = 3.65> <CoreInst = "m_axi">   --->   Core 119 'm_axi' <Latency = 6> <II = 1> <Delay = 1.00> <Adapter> <Opcode : 'read' 'write' 'readreq' 'writereq' 'writeresp'>
ST_8 : Operation 259 [65/71] (3.65ns)   --->   "%gmem1_3_load_req = readreq i1 @_ssdm_op_ReadReq.m_axi.i32P1A, i32 %gmem1_3_addr, i64 1" [kernel.cpp:19]   --->   Operation 259 'readreq' 'gmem1_3_load_req' <Predicate = true> <Delay = 3.65> <CoreInst = "m_axi">   --->   Core 119 'm_axi' <Latency = 6> <II = 1> <Delay = 1.00> <Adapter> <Opcode : 'read' 'write' 'readreq' 'writereq' 'writeresp'>

State 9 <SV = 8> <Delay = 3.65>
ST_9 : Operation 260 [64/71] (3.65ns)   --->   "%gmem0_0_load_req = readreq i1 @_ssdm_op_ReadReq.m_axi.i32P1A, i32 %gmem0_0_addr, i64 1" [kernel.cpp:19]   --->   Operation 260 'readreq' 'gmem0_0_load_req' <Predicate = true> <Delay = 3.65> <CoreInst = "m_axi">   --->   Core 119 'm_axi' <Latency = 6> <II = 1> <Delay = 1.00> <Adapter> <Opcode : 'read' 'write' 'readreq' 'writereq' 'writeresp'>
ST_9 : Operation 261 [64/71] (3.65ns)   --->   "%gmem1_0_load_req = readreq i1 @_ssdm_op_ReadReq.m_axi.i32P1A, i32 %gmem1_0_addr, i64 1" [kernel.cpp:19]   --->   Operation 261 'readreq' 'gmem1_0_load_req' <Predicate = true> <Delay = 3.65> <CoreInst = "m_axi">   --->   Core 119 'm_axi' <Latency = 6> <II = 1> <Delay = 1.00> <Adapter> <Opcode : 'read' 'write' 'readreq' 'writereq' 'writeresp'>
ST_9 : Operation 262 [64/71] (3.65ns)   --->   "%gmem0_1_load_req = readreq i1 @_ssdm_op_ReadReq.m_axi.i32P1A, i32 %gmem0_1_addr, i64 1" [kernel.cpp:19]   --->   Operation 262 'readreq' 'gmem0_1_load_req' <Predicate = true> <Delay = 3.65> <CoreInst = "m_axi">   --->   Core 119 'm_axi' <Latency = 6> <II = 1> <Delay = 1.00> <Adapter> <Opcode : 'read' 'write' 'readreq' 'writereq' 'writeresp'>
ST_9 : Operation 263 [64/71] (3.65ns)   --->   "%gmem0_2_load_req = readreq i1 @_ssdm_op_ReadReq.m_axi.i32P1A, i32 %gmem0_2_addr, i64 1" [kernel.cpp:19]   --->   Operation 263 'readreq' 'gmem0_2_load_req' <Predicate = true> <Delay = 3.65> <CoreInst = "m_axi">   --->   Core 119 'm_axi' <Latency = 6> <II = 1> <Delay = 1.00> <Adapter> <Opcode : 'read' 'write' 'readreq' 'writereq' 'writeresp'>
ST_9 : Operation 264 [64/71] (3.65ns)   --->   "%gmem0_3_load_req = readreq i1 @_ssdm_op_ReadReq.m_axi.i32P1A, i32 %gmem0_3_addr, i64 1" [kernel.cpp:19]   --->   Operation 264 'readreq' 'gmem0_3_load_req' <Predicate = true> <Delay = 3.65> <CoreInst = "m_axi">   --->   Core 119 'm_axi' <Latency = 6> <II = 1> <Delay = 1.00> <Adapter> <Opcode : 'read' 'write' 'readreq' 'writereq' 'writeresp'>
ST_9 : Operation 265 [64/71] (3.65ns)   --->   "%gmem1_1_load_req = readreq i1 @_ssdm_op_ReadReq.m_axi.i32P1A, i32 %gmem1_1_addr, i64 1" [kernel.cpp:19]   --->   Operation 265 'readreq' 'gmem1_1_load_req' <Predicate = true> <Delay = 3.65> <CoreInst = "m_axi">   --->   Core 119 'm_axi' <Latency = 6> <II = 1> <Delay = 1.00> <Adapter> <Opcode : 'read' 'write' 'readreq' 'writereq' 'writeresp'>
ST_9 : Operation 266 [64/71] (3.65ns)   --->   "%gmem1_2_load_req = readreq i1 @_ssdm_op_ReadReq.m_axi.i32P1A, i32 %gmem1_2_addr, i64 1" [kernel.cpp:19]   --->   Operation 266 'readreq' 'gmem1_2_load_req' <Predicate = true> <Delay = 3.65> <CoreInst = "m_axi">   --->   Core 119 'm_axi' <Latency = 6> <II = 1> <Delay = 1.00> <Adapter> <Opcode : 'read' 'write' 'readreq' 'writereq' 'writeresp'>
ST_9 : Operation 267 [64/71] (3.65ns)   --->   "%gmem1_3_load_req = readreq i1 @_ssdm_op_ReadReq.m_axi.i32P1A, i32 %gmem1_3_addr, i64 1" [kernel.cpp:19]   --->   Operation 267 'readreq' 'gmem1_3_load_req' <Predicate = true> <Delay = 3.65> <CoreInst = "m_axi">   --->   Core 119 'm_axi' <Latency = 6> <II = 1> <Delay = 1.00> <Adapter> <Opcode : 'read' 'write' 'readreq' 'writereq' 'writeresp'>

State 10 <SV = 9> <Delay = 3.65>
ST_10 : Operation 268 [63/71] (3.65ns)   --->   "%gmem0_0_load_req = readreq i1 @_ssdm_op_ReadReq.m_axi.i32P1A, i32 %gmem0_0_addr, i64 1" [kernel.cpp:19]   --->   Operation 268 'readreq' 'gmem0_0_load_req' <Predicate = true> <Delay = 3.65> <CoreInst = "m_axi">   --->   Core 119 'm_axi' <Latency = 6> <II = 1> <Delay = 1.00> <Adapter> <Opcode : 'read' 'write' 'readreq' 'writereq' 'writeresp'>
ST_10 : Operation 269 [63/71] (3.65ns)   --->   "%gmem1_0_load_req = readreq i1 @_ssdm_op_ReadReq.m_axi.i32P1A, i32 %gmem1_0_addr, i64 1" [kernel.cpp:19]   --->   Operation 269 'readreq' 'gmem1_0_load_req' <Predicate = true> <Delay = 3.65> <CoreInst = "m_axi">   --->   Core 119 'm_axi' <Latency = 6> <II = 1> <Delay = 1.00> <Adapter> <Opcode : 'read' 'write' 'readreq' 'writereq' 'writeresp'>
ST_10 : Operation 270 [63/71] (3.65ns)   --->   "%gmem0_1_load_req = readreq i1 @_ssdm_op_ReadReq.m_axi.i32P1A, i32 %gmem0_1_addr, i64 1" [kernel.cpp:19]   --->   Operation 270 'readreq' 'gmem0_1_load_req' <Predicate = true> <Delay = 3.65> <CoreInst = "m_axi">   --->   Core 119 'm_axi' <Latency = 6> <II = 1> <Delay = 1.00> <Adapter> <Opcode : 'read' 'write' 'readreq' 'writereq' 'writeresp'>
ST_10 : Operation 271 [63/71] (3.65ns)   --->   "%gmem0_2_load_req = readreq i1 @_ssdm_op_ReadReq.m_axi.i32P1A, i32 %gmem0_2_addr, i64 1" [kernel.cpp:19]   --->   Operation 271 'readreq' 'gmem0_2_load_req' <Predicate = true> <Delay = 3.65> <CoreInst = "m_axi">   --->   Core 119 'm_axi' <Latency = 6> <II = 1> <Delay = 1.00> <Adapter> <Opcode : 'read' 'write' 'readreq' 'writereq' 'writeresp'>
ST_10 : Operation 272 [63/71] (3.65ns)   --->   "%gmem0_3_load_req = readreq i1 @_ssdm_op_ReadReq.m_axi.i32P1A, i32 %gmem0_3_addr, i64 1" [kernel.cpp:19]   --->   Operation 272 'readreq' 'gmem0_3_load_req' <Predicate = true> <Delay = 3.65> <CoreInst = "m_axi">   --->   Core 119 'm_axi' <Latency = 6> <II = 1> <Delay = 1.00> <Adapter> <Opcode : 'read' 'write' 'readreq' 'writereq' 'writeresp'>
ST_10 : Operation 273 [63/71] (3.65ns)   --->   "%gmem1_1_load_req = readreq i1 @_ssdm_op_ReadReq.m_axi.i32P1A, i32 %gmem1_1_addr, i64 1" [kernel.cpp:19]   --->   Operation 273 'readreq' 'gmem1_1_load_req' <Predicate = true> <Delay = 3.65> <CoreInst = "m_axi">   --->   Core 119 'm_axi' <Latency = 6> <II = 1> <Delay = 1.00> <Adapter> <Opcode : 'read' 'write' 'readreq' 'writereq' 'writeresp'>
ST_10 : Operation 274 [63/71] (3.65ns)   --->   "%gmem1_2_load_req = readreq i1 @_ssdm_op_ReadReq.m_axi.i32P1A, i32 %gmem1_2_addr, i64 1" [kernel.cpp:19]   --->   Operation 274 'readreq' 'gmem1_2_load_req' <Predicate = true> <Delay = 3.65> <CoreInst = "m_axi">   --->   Core 119 'm_axi' <Latency = 6> <II = 1> <Delay = 1.00> <Adapter> <Opcode : 'read' 'write' 'readreq' 'writereq' 'writeresp'>
ST_10 : Operation 275 [63/71] (3.65ns)   --->   "%gmem1_3_load_req = readreq i1 @_ssdm_op_ReadReq.m_axi.i32P1A, i32 %gmem1_3_addr, i64 1" [kernel.cpp:19]   --->   Operation 275 'readreq' 'gmem1_3_load_req' <Predicate = true> <Delay = 3.65> <CoreInst = "m_axi">   --->   Core 119 'm_axi' <Latency = 6> <II = 1> <Delay = 1.00> <Adapter> <Opcode : 'read' 'write' 'readreq' 'writereq' 'writeresp'>

State 11 <SV = 10> <Delay = 3.65>
ST_11 : Operation 276 [62/71] (3.65ns)   --->   "%gmem0_0_load_req = readreq i1 @_ssdm_op_ReadReq.m_axi.i32P1A, i32 %gmem0_0_addr, i64 1" [kernel.cpp:19]   --->   Operation 276 'readreq' 'gmem0_0_load_req' <Predicate = true> <Delay = 3.65> <CoreInst = "m_axi">   --->   Core 119 'm_axi' <Latency = 6> <II = 1> <Delay = 1.00> <Adapter> <Opcode : 'read' 'write' 'readreq' 'writereq' 'writeresp'>
ST_11 : Operation 277 [62/71] (3.65ns)   --->   "%gmem1_0_load_req = readreq i1 @_ssdm_op_ReadReq.m_axi.i32P1A, i32 %gmem1_0_addr, i64 1" [kernel.cpp:19]   --->   Operation 277 'readreq' 'gmem1_0_load_req' <Predicate = true> <Delay = 3.65> <CoreInst = "m_axi">   --->   Core 119 'm_axi' <Latency = 6> <II = 1> <Delay = 1.00> <Adapter> <Opcode : 'read' 'write' 'readreq' 'writereq' 'writeresp'>
ST_11 : Operation 278 [62/71] (3.65ns)   --->   "%gmem0_1_load_req = readreq i1 @_ssdm_op_ReadReq.m_axi.i32P1A, i32 %gmem0_1_addr, i64 1" [kernel.cpp:19]   --->   Operation 278 'readreq' 'gmem0_1_load_req' <Predicate = true> <Delay = 3.65> <CoreInst = "m_axi">   --->   Core 119 'm_axi' <Latency = 6> <II = 1> <Delay = 1.00> <Adapter> <Opcode : 'read' 'write' 'readreq' 'writereq' 'writeresp'>
ST_11 : Operation 279 [62/71] (3.65ns)   --->   "%gmem0_2_load_req = readreq i1 @_ssdm_op_ReadReq.m_axi.i32P1A, i32 %gmem0_2_addr, i64 1" [kernel.cpp:19]   --->   Operation 279 'readreq' 'gmem0_2_load_req' <Predicate = true> <Delay = 3.65> <CoreInst = "m_axi">   --->   Core 119 'm_axi' <Latency = 6> <II = 1> <Delay = 1.00> <Adapter> <Opcode : 'read' 'write' 'readreq' 'writereq' 'writeresp'>
ST_11 : Operation 280 [62/71] (3.65ns)   --->   "%gmem0_3_load_req = readreq i1 @_ssdm_op_ReadReq.m_axi.i32P1A, i32 %gmem0_3_addr, i64 1" [kernel.cpp:19]   --->   Operation 280 'readreq' 'gmem0_3_load_req' <Predicate = true> <Delay = 3.65> <CoreInst = "m_axi">   --->   Core 119 'm_axi' <Latency = 6> <II = 1> <Delay = 1.00> <Adapter> <Opcode : 'read' 'write' 'readreq' 'writereq' 'writeresp'>
ST_11 : Operation 281 [62/71] (3.65ns)   --->   "%gmem1_1_load_req = readreq i1 @_ssdm_op_ReadReq.m_axi.i32P1A, i32 %gmem1_1_addr, i64 1" [kernel.cpp:19]   --->   Operation 281 'readreq' 'gmem1_1_load_req' <Predicate = true> <Delay = 3.65> <CoreInst = "m_axi">   --->   Core 119 'm_axi' <Latency = 6> <II = 1> <Delay = 1.00> <Adapter> <Opcode : 'read' 'write' 'readreq' 'writereq' 'writeresp'>
ST_11 : Operation 282 [62/71] (3.65ns)   --->   "%gmem1_2_load_req = readreq i1 @_ssdm_op_ReadReq.m_axi.i32P1A, i32 %gmem1_2_addr, i64 1" [kernel.cpp:19]   --->   Operation 282 'readreq' 'gmem1_2_load_req' <Predicate = true> <Delay = 3.65> <CoreInst = "m_axi">   --->   Core 119 'm_axi' <Latency = 6> <II = 1> <Delay = 1.00> <Adapter> <Opcode : 'read' 'write' 'readreq' 'writereq' 'writeresp'>
ST_11 : Operation 283 [62/71] (3.65ns)   --->   "%gmem1_3_load_req = readreq i1 @_ssdm_op_ReadReq.m_axi.i32P1A, i32 %gmem1_3_addr, i64 1" [kernel.cpp:19]   --->   Operation 283 'readreq' 'gmem1_3_load_req' <Predicate = true> <Delay = 3.65> <CoreInst = "m_axi">   --->   Core 119 'm_axi' <Latency = 6> <II = 1> <Delay = 1.00> <Adapter> <Opcode : 'read' 'write' 'readreq' 'writereq' 'writeresp'>

State 12 <SV = 11> <Delay = 3.65>
ST_12 : Operation 284 [61/71] (3.65ns)   --->   "%gmem0_0_load_req = readreq i1 @_ssdm_op_ReadReq.m_axi.i32P1A, i32 %gmem0_0_addr, i64 1" [kernel.cpp:19]   --->   Operation 284 'readreq' 'gmem0_0_load_req' <Predicate = true> <Delay = 3.65> <CoreInst = "m_axi">   --->   Core 119 'm_axi' <Latency = 6> <II = 1> <Delay = 1.00> <Adapter> <Opcode : 'read' 'write' 'readreq' 'writereq' 'writeresp'>
ST_12 : Operation 285 [61/71] (3.65ns)   --->   "%gmem1_0_load_req = readreq i1 @_ssdm_op_ReadReq.m_axi.i32P1A, i32 %gmem1_0_addr, i64 1" [kernel.cpp:19]   --->   Operation 285 'readreq' 'gmem1_0_load_req' <Predicate = true> <Delay = 3.65> <CoreInst = "m_axi">   --->   Core 119 'm_axi' <Latency = 6> <II = 1> <Delay = 1.00> <Adapter> <Opcode : 'read' 'write' 'readreq' 'writereq' 'writeresp'>
ST_12 : Operation 286 [61/71] (3.65ns)   --->   "%gmem0_1_load_req = readreq i1 @_ssdm_op_ReadReq.m_axi.i32P1A, i32 %gmem0_1_addr, i64 1" [kernel.cpp:19]   --->   Operation 286 'readreq' 'gmem0_1_load_req' <Predicate = true> <Delay = 3.65> <CoreInst = "m_axi">   --->   Core 119 'm_axi' <Latency = 6> <II = 1> <Delay = 1.00> <Adapter> <Opcode : 'read' 'write' 'readreq' 'writereq' 'writeresp'>
ST_12 : Operation 287 [61/71] (3.65ns)   --->   "%gmem0_2_load_req = readreq i1 @_ssdm_op_ReadReq.m_axi.i32P1A, i32 %gmem0_2_addr, i64 1" [kernel.cpp:19]   --->   Operation 287 'readreq' 'gmem0_2_load_req' <Predicate = true> <Delay = 3.65> <CoreInst = "m_axi">   --->   Core 119 'm_axi' <Latency = 6> <II = 1> <Delay = 1.00> <Adapter> <Opcode : 'read' 'write' 'readreq' 'writereq' 'writeresp'>
ST_12 : Operation 288 [61/71] (3.65ns)   --->   "%gmem0_3_load_req = readreq i1 @_ssdm_op_ReadReq.m_axi.i32P1A, i32 %gmem0_3_addr, i64 1" [kernel.cpp:19]   --->   Operation 288 'readreq' 'gmem0_3_load_req' <Predicate = true> <Delay = 3.65> <CoreInst = "m_axi">   --->   Core 119 'm_axi' <Latency = 6> <II = 1> <Delay = 1.00> <Adapter> <Opcode : 'read' 'write' 'readreq' 'writereq' 'writeresp'>
ST_12 : Operation 289 [61/71] (3.65ns)   --->   "%gmem1_1_load_req = readreq i1 @_ssdm_op_ReadReq.m_axi.i32P1A, i32 %gmem1_1_addr, i64 1" [kernel.cpp:19]   --->   Operation 289 'readreq' 'gmem1_1_load_req' <Predicate = true> <Delay = 3.65> <CoreInst = "m_axi">   --->   Core 119 'm_axi' <Latency = 6> <II = 1> <Delay = 1.00> <Adapter> <Opcode : 'read' 'write' 'readreq' 'writereq' 'writeresp'>
ST_12 : Operation 290 [61/71] (3.65ns)   --->   "%gmem1_2_load_req = readreq i1 @_ssdm_op_ReadReq.m_axi.i32P1A, i32 %gmem1_2_addr, i64 1" [kernel.cpp:19]   --->   Operation 290 'readreq' 'gmem1_2_load_req' <Predicate = true> <Delay = 3.65> <CoreInst = "m_axi">   --->   Core 119 'm_axi' <Latency = 6> <II = 1> <Delay = 1.00> <Adapter> <Opcode : 'read' 'write' 'readreq' 'writereq' 'writeresp'>
ST_12 : Operation 291 [61/71] (3.65ns)   --->   "%gmem1_3_load_req = readreq i1 @_ssdm_op_ReadReq.m_axi.i32P1A, i32 %gmem1_3_addr, i64 1" [kernel.cpp:19]   --->   Operation 291 'readreq' 'gmem1_3_load_req' <Predicate = true> <Delay = 3.65> <CoreInst = "m_axi">   --->   Core 119 'm_axi' <Latency = 6> <II = 1> <Delay = 1.00> <Adapter> <Opcode : 'read' 'write' 'readreq' 'writereq' 'writeresp'>

State 13 <SV = 12> <Delay = 3.65>
ST_13 : Operation 292 [60/71] (3.65ns)   --->   "%gmem0_0_load_req = readreq i1 @_ssdm_op_ReadReq.m_axi.i32P1A, i32 %gmem0_0_addr, i64 1" [kernel.cpp:19]   --->   Operation 292 'readreq' 'gmem0_0_load_req' <Predicate = true> <Delay = 3.65> <CoreInst = "m_axi">   --->   Core 119 'm_axi' <Latency = 6> <II = 1> <Delay = 1.00> <Adapter> <Opcode : 'read' 'write' 'readreq' 'writereq' 'writeresp'>
ST_13 : Operation 293 [60/71] (3.65ns)   --->   "%gmem1_0_load_req = readreq i1 @_ssdm_op_ReadReq.m_axi.i32P1A, i32 %gmem1_0_addr, i64 1" [kernel.cpp:19]   --->   Operation 293 'readreq' 'gmem1_0_load_req' <Predicate = true> <Delay = 3.65> <CoreInst = "m_axi">   --->   Core 119 'm_axi' <Latency = 6> <II = 1> <Delay = 1.00> <Adapter> <Opcode : 'read' 'write' 'readreq' 'writereq' 'writeresp'>
ST_13 : Operation 294 [60/71] (3.65ns)   --->   "%gmem0_1_load_req = readreq i1 @_ssdm_op_ReadReq.m_axi.i32P1A, i32 %gmem0_1_addr, i64 1" [kernel.cpp:19]   --->   Operation 294 'readreq' 'gmem0_1_load_req' <Predicate = true> <Delay = 3.65> <CoreInst = "m_axi">   --->   Core 119 'm_axi' <Latency = 6> <II = 1> <Delay = 1.00> <Adapter> <Opcode : 'read' 'write' 'readreq' 'writereq' 'writeresp'>
ST_13 : Operation 295 [60/71] (3.65ns)   --->   "%gmem0_2_load_req = readreq i1 @_ssdm_op_ReadReq.m_axi.i32P1A, i32 %gmem0_2_addr, i64 1" [kernel.cpp:19]   --->   Operation 295 'readreq' 'gmem0_2_load_req' <Predicate = true> <Delay = 3.65> <CoreInst = "m_axi">   --->   Core 119 'm_axi' <Latency = 6> <II = 1> <Delay = 1.00> <Adapter> <Opcode : 'read' 'write' 'readreq' 'writereq' 'writeresp'>
ST_13 : Operation 296 [60/71] (3.65ns)   --->   "%gmem0_3_load_req = readreq i1 @_ssdm_op_ReadReq.m_axi.i32P1A, i32 %gmem0_3_addr, i64 1" [kernel.cpp:19]   --->   Operation 296 'readreq' 'gmem0_3_load_req' <Predicate = true> <Delay = 3.65> <CoreInst = "m_axi">   --->   Core 119 'm_axi' <Latency = 6> <II = 1> <Delay = 1.00> <Adapter> <Opcode : 'read' 'write' 'readreq' 'writereq' 'writeresp'>
ST_13 : Operation 297 [60/71] (3.65ns)   --->   "%gmem1_1_load_req = readreq i1 @_ssdm_op_ReadReq.m_axi.i32P1A, i32 %gmem1_1_addr, i64 1" [kernel.cpp:19]   --->   Operation 297 'readreq' 'gmem1_1_load_req' <Predicate = true> <Delay = 3.65> <CoreInst = "m_axi">   --->   Core 119 'm_axi' <Latency = 6> <II = 1> <Delay = 1.00> <Adapter> <Opcode : 'read' 'write' 'readreq' 'writereq' 'writeresp'>
ST_13 : Operation 298 [60/71] (3.65ns)   --->   "%gmem1_2_load_req = readreq i1 @_ssdm_op_ReadReq.m_axi.i32P1A, i32 %gmem1_2_addr, i64 1" [kernel.cpp:19]   --->   Operation 298 'readreq' 'gmem1_2_load_req' <Predicate = true> <Delay = 3.65> <CoreInst = "m_axi">   --->   Core 119 'm_axi' <Latency = 6> <II = 1> <Delay = 1.00> <Adapter> <Opcode : 'read' 'write' 'readreq' 'writereq' 'writeresp'>
ST_13 : Operation 299 [60/71] (3.65ns)   --->   "%gmem1_3_load_req = readreq i1 @_ssdm_op_ReadReq.m_axi.i32P1A, i32 %gmem1_3_addr, i64 1" [kernel.cpp:19]   --->   Operation 299 'readreq' 'gmem1_3_load_req' <Predicate = true> <Delay = 3.65> <CoreInst = "m_axi">   --->   Core 119 'm_axi' <Latency = 6> <II = 1> <Delay = 1.00> <Adapter> <Opcode : 'read' 'write' 'readreq' 'writereq' 'writeresp'>

State 14 <SV = 13> <Delay = 3.65>
ST_14 : Operation 300 [59/71] (3.65ns)   --->   "%gmem0_0_load_req = readreq i1 @_ssdm_op_ReadReq.m_axi.i32P1A, i32 %gmem0_0_addr, i64 1" [kernel.cpp:19]   --->   Operation 300 'readreq' 'gmem0_0_load_req' <Predicate = true> <Delay = 3.65> <CoreInst = "m_axi">   --->   Core 119 'm_axi' <Latency = 6> <II = 1> <Delay = 1.00> <Adapter> <Opcode : 'read' 'write' 'readreq' 'writereq' 'writeresp'>
ST_14 : Operation 301 [59/71] (3.65ns)   --->   "%gmem1_0_load_req = readreq i1 @_ssdm_op_ReadReq.m_axi.i32P1A, i32 %gmem1_0_addr, i64 1" [kernel.cpp:19]   --->   Operation 301 'readreq' 'gmem1_0_load_req' <Predicate = true> <Delay = 3.65> <CoreInst = "m_axi">   --->   Core 119 'm_axi' <Latency = 6> <II = 1> <Delay = 1.00> <Adapter> <Opcode : 'read' 'write' 'readreq' 'writereq' 'writeresp'>
ST_14 : Operation 302 [59/71] (3.65ns)   --->   "%gmem0_1_load_req = readreq i1 @_ssdm_op_ReadReq.m_axi.i32P1A, i32 %gmem0_1_addr, i64 1" [kernel.cpp:19]   --->   Operation 302 'readreq' 'gmem0_1_load_req' <Predicate = true> <Delay = 3.65> <CoreInst = "m_axi">   --->   Core 119 'm_axi' <Latency = 6> <II = 1> <Delay = 1.00> <Adapter> <Opcode : 'read' 'write' 'readreq' 'writereq' 'writeresp'>
ST_14 : Operation 303 [59/71] (3.65ns)   --->   "%gmem0_2_load_req = readreq i1 @_ssdm_op_ReadReq.m_axi.i32P1A, i32 %gmem0_2_addr, i64 1" [kernel.cpp:19]   --->   Operation 303 'readreq' 'gmem0_2_load_req' <Predicate = true> <Delay = 3.65> <CoreInst = "m_axi">   --->   Core 119 'm_axi' <Latency = 6> <II = 1> <Delay = 1.00> <Adapter> <Opcode : 'read' 'write' 'readreq' 'writereq' 'writeresp'>
ST_14 : Operation 304 [59/71] (3.65ns)   --->   "%gmem0_3_load_req = readreq i1 @_ssdm_op_ReadReq.m_axi.i32P1A, i32 %gmem0_3_addr, i64 1" [kernel.cpp:19]   --->   Operation 304 'readreq' 'gmem0_3_load_req' <Predicate = true> <Delay = 3.65> <CoreInst = "m_axi">   --->   Core 119 'm_axi' <Latency = 6> <II = 1> <Delay = 1.00> <Adapter> <Opcode : 'read' 'write' 'readreq' 'writereq' 'writeresp'>
ST_14 : Operation 305 [59/71] (3.65ns)   --->   "%gmem1_1_load_req = readreq i1 @_ssdm_op_ReadReq.m_axi.i32P1A, i32 %gmem1_1_addr, i64 1" [kernel.cpp:19]   --->   Operation 305 'readreq' 'gmem1_1_load_req' <Predicate = true> <Delay = 3.65> <CoreInst = "m_axi">   --->   Core 119 'm_axi' <Latency = 6> <II = 1> <Delay = 1.00> <Adapter> <Opcode : 'read' 'write' 'readreq' 'writereq' 'writeresp'>
ST_14 : Operation 306 [59/71] (3.65ns)   --->   "%gmem1_2_load_req = readreq i1 @_ssdm_op_ReadReq.m_axi.i32P1A, i32 %gmem1_2_addr, i64 1" [kernel.cpp:19]   --->   Operation 306 'readreq' 'gmem1_2_load_req' <Predicate = true> <Delay = 3.65> <CoreInst = "m_axi">   --->   Core 119 'm_axi' <Latency = 6> <II = 1> <Delay = 1.00> <Adapter> <Opcode : 'read' 'write' 'readreq' 'writereq' 'writeresp'>
ST_14 : Operation 307 [59/71] (3.65ns)   --->   "%gmem1_3_load_req = readreq i1 @_ssdm_op_ReadReq.m_axi.i32P1A, i32 %gmem1_3_addr, i64 1" [kernel.cpp:19]   --->   Operation 307 'readreq' 'gmem1_3_load_req' <Predicate = true> <Delay = 3.65> <CoreInst = "m_axi">   --->   Core 119 'm_axi' <Latency = 6> <II = 1> <Delay = 1.00> <Adapter> <Opcode : 'read' 'write' 'readreq' 'writereq' 'writeresp'>

State 15 <SV = 14> <Delay = 3.65>
ST_15 : Operation 308 [58/71] (3.65ns)   --->   "%gmem0_0_load_req = readreq i1 @_ssdm_op_ReadReq.m_axi.i32P1A, i32 %gmem0_0_addr, i64 1" [kernel.cpp:19]   --->   Operation 308 'readreq' 'gmem0_0_load_req' <Predicate = true> <Delay = 3.65> <CoreInst = "m_axi">   --->   Core 119 'm_axi' <Latency = 6> <II = 1> <Delay = 1.00> <Adapter> <Opcode : 'read' 'write' 'readreq' 'writereq' 'writeresp'>
ST_15 : Operation 309 [58/71] (3.65ns)   --->   "%gmem1_0_load_req = readreq i1 @_ssdm_op_ReadReq.m_axi.i32P1A, i32 %gmem1_0_addr, i64 1" [kernel.cpp:19]   --->   Operation 309 'readreq' 'gmem1_0_load_req' <Predicate = true> <Delay = 3.65> <CoreInst = "m_axi">   --->   Core 119 'm_axi' <Latency = 6> <II = 1> <Delay = 1.00> <Adapter> <Opcode : 'read' 'write' 'readreq' 'writereq' 'writeresp'>
ST_15 : Operation 310 [58/71] (3.65ns)   --->   "%gmem0_1_load_req = readreq i1 @_ssdm_op_ReadReq.m_axi.i32P1A, i32 %gmem0_1_addr, i64 1" [kernel.cpp:19]   --->   Operation 310 'readreq' 'gmem0_1_load_req' <Predicate = true> <Delay = 3.65> <CoreInst = "m_axi">   --->   Core 119 'm_axi' <Latency = 6> <II = 1> <Delay = 1.00> <Adapter> <Opcode : 'read' 'write' 'readreq' 'writereq' 'writeresp'>
ST_15 : Operation 311 [58/71] (3.65ns)   --->   "%gmem0_2_load_req = readreq i1 @_ssdm_op_ReadReq.m_axi.i32P1A, i32 %gmem0_2_addr, i64 1" [kernel.cpp:19]   --->   Operation 311 'readreq' 'gmem0_2_load_req' <Predicate = true> <Delay = 3.65> <CoreInst = "m_axi">   --->   Core 119 'm_axi' <Latency = 6> <II = 1> <Delay = 1.00> <Adapter> <Opcode : 'read' 'write' 'readreq' 'writereq' 'writeresp'>
ST_15 : Operation 312 [58/71] (3.65ns)   --->   "%gmem0_3_load_req = readreq i1 @_ssdm_op_ReadReq.m_axi.i32P1A, i32 %gmem0_3_addr, i64 1" [kernel.cpp:19]   --->   Operation 312 'readreq' 'gmem0_3_load_req' <Predicate = true> <Delay = 3.65> <CoreInst = "m_axi">   --->   Core 119 'm_axi' <Latency = 6> <II = 1> <Delay = 1.00> <Adapter> <Opcode : 'read' 'write' 'readreq' 'writereq' 'writeresp'>
ST_15 : Operation 313 [58/71] (3.65ns)   --->   "%gmem1_1_load_req = readreq i1 @_ssdm_op_ReadReq.m_axi.i32P1A, i32 %gmem1_1_addr, i64 1" [kernel.cpp:19]   --->   Operation 313 'readreq' 'gmem1_1_load_req' <Predicate = true> <Delay = 3.65> <CoreInst = "m_axi">   --->   Core 119 'm_axi' <Latency = 6> <II = 1> <Delay = 1.00> <Adapter> <Opcode : 'read' 'write' 'readreq' 'writereq' 'writeresp'>
ST_15 : Operation 314 [58/71] (3.65ns)   --->   "%gmem1_2_load_req = readreq i1 @_ssdm_op_ReadReq.m_axi.i32P1A, i32 %gmem1_2_addr, i64 1" [kernel.cpp:19]   --->   Operation 314 'readreq' 'gmem1_2_load_req' <Predicate = true> <Delay = 3.65> <CoreInst = "m_axi">   --->   Core 119 'm_axi' <Latency = 6> <II = 1> <Delay = 1.00> <Adapter> <Opcode : 'read' 'write' 'readreq' 'writereq' 'writeresp'>
ST_15 : Operation 315 [58/71] (3.65ns)   --->   "%gmem1_3_load_req = readreq i1 @_ssdm_op_ReadReq.m_axi.i32P1A, i32 %gmem1_3_addr, i64 1" [kernel.cpp:19]   --->   Operation 315 'readreq' 'gmem1_3_load_req' <Predicate = true> <Delay = 3.65> <CoreInst = "m_axi">   --->   Core 119 'm_axi' <Latency = 6> <II = 1> <Delay = 1.00> <Adapter> <Opcode : 'read' 'write' 'readreq' 'writereq' 'writeresp'>

State 16 <SV = 15> <Delay = 3.65>
ST_16 : Operation 316 [57/71] (3.65ns)   --->   "%gmem0_0_load_req = readreq i1 @_ssdm_op_ReadReq.m_axi.i32P1A, i32 %gmem0_0_addr, i64 1" [kernel.cpp:19]   --->   Operation 316 'readreq' 'gmem0_0_load_req' <Predicate = true> <Delay = 3.65> <CoreInst = "m_axi">   --->   Core 119 'm_axi' <Latency = 6> <II = 1> <Delay = 1.00> <Adapter> <Opcode : 'read' 'write' 'readreq' 'writereq' 'writeresp'>
ST_16 : Operation 317 [57/71] (3.65ns)   --->   "%gmem1_0_load_req = readreq i1 @_ssdm_op_ReadReq.m_axi.i32P1A, i32 %gmem1_0_addr, i64 1" [kernel.cpp:19]   --->   Operation 317 'readreq' 'gmem1_0_load_req' <Predicate = true> <Delay = 3.65> <CoreInst = "m_axi">   --->   Core 119 'm_axi' <Latency = 6> <II = 1> <Delay = 1.00> <Adapter> <Opcode : 'read' 'write' 'readreq' 'writereq' 'writeresp'>
ST_16 : Operation 318 [57/71] (3.65ns)   --->   "%gmem0_1_load_req = readreq i1 @_ssdm_op_ReadReq.m_axi.i32P1A, i32 %gmem0_1_addr, i64 1" [kernel.cpp:19]   --->   Operation 318 'readreq' 'gmem0_1_load_req' <Predicate = true> <Delay = 3.65> <CoreInst = "m_axi">   --->   Core 119 'm_axi' <Latency = 6> <II = 1> <Delay = 1.00> <Adapter> <Opcode : 'read' 'write' 'readreq' 'writereq' 'writeresp'>
ST_16 : Operation 319 [57/71] (3.65ns)   --->   "%gmem0_2_load_req = readreq i1 @_ssdm_op_ReadReq.m_axi.i32P1A, i32 %gmem0_2_addr, i64 1" [kernel.cpp:19]   --->   Operation 319 'readreq' 'gmem0_2_load_req' <Predicate = true> <Delay = 3.65> <CoreInst = "m_axi">   --->   Core 119 'm_axi' <Latency = 6> <II = 1> <Delay = 1.00> <Adapter> <Opcode : 'read' 'write' 'readreq' 'writereq' 'writeresp'>
ST_16 : Operation 320 [57/71] (3.65ns)   --->   "%gmem0_3_load_req = readreq i1 @_ssdm_op_ReadReq.m_axi.i32P1A, i32 %gmem0_3_addr, i64 1" [kernel.cpp:19]   --->   Operation 320 'readreq' 'gmem0_3_load_req' <Predicate = true> <Delay = 3.65> <CoreInst = "m_axi">   --->   Core 119 'm_axi' <Latency = 6> <II = 1> <Delay = 1.00> <Adapter> <Opcode : 'read' 'write' 'readreq' 'writereq' 'writeresp'>
ST_16 : Operation 321 [57/71] (3.65ns)   --->   "%gmem1_1_load_req = readreq i1 @_ssdm_op_ReadReq.m_axi.i32P1A, i32 %gmem1_1_addr, i64 1" [kernel.cpp:19]   --->   Operation 321 'readreq' 'gmem1_1_load_req' <Predicate = true> <Delay = 3.65> <CoreInst = "m_axi">   --->   Core 119 'm_axi' <Latency = 6> <II = 1> <Delay = 1.00> <Adapter> <Opcode : 'read' 'write' 'readreq' 'writereq' 'writeresp'>
ST_16 : Operation 322 [57/71] (3.65ns)   --->   "%gmem1_2_load_req = readreq i1 @_ssdm_op_ReadReq.m_axi.i32P1A, i32 %gmem1_2_addr, i64 1" [kernel.cpp:19]   --->   Operation 322 'readreq' 'gmem1_2_load_req' <Predicate = true> <Delay = 3.65> <CoreInst = "m_axi">   --->   Core 119 'm_axi' <Latency = 6> <II = 1> <Delay = 1.00> <Adapter> <Opcode : 'read' 'write' 'readreq' 'writereq' 'writeresp'>
ST_16 : Operation 323 [57/71] (3.65ns)   --->   "%gmem1_3_load_req = readreq i1 @_ssdm_op_ReadReq.m_axi.i32P1A, i32 %gmem1_3_addr, i64 1" [kernel.cpp:19]   --->   Operation 323 'readreq' 'gmem1_3_load_req' <Predicate = true> <Delay = 3.65> <CoreInst = "m_axi">   --->   Core 119 'm_axi' <Latency = 6> <II = 1> <Delay = 1.00> <Adapter> <Opcode : 'read' 'write' 'readreq' 'writereq' 'writeresp'>

State 17 <SV = 16> <Delay = 3.65>
ST_17 : Operation 324 [56/71] (3.65ns)   --->   "%gmem0_0_load_req = readreq i1 @_ssdm_op_ReadReq.m_axi.i32P1A, i32 %gmem0_0_addr, i64 1" [kernel.cpp:19]   --->   Operation 324 'readreq' 'gmem0_0_load_req' <Predicate = true> <Delay = 3.65> <CoreInst = "m_axi">   --->   Core 119 'm_axi' <Latency = 6> <II = 1> <Delay = 1.00> <Adapter> <Opcode : 'read' 'write' 'readreq' 'writereq' 'writeresp'>
ST_17 : Operation 325 [56/71] (3.65ns)   --->   "%gmem1_0_load_req = readreq i1 @_ssdm_op_ReadReq.m_axi.i32P1A, i32 %gmem1_0_addr, i64 1" [kernel.cpp:19]   --->   Operation 325 'readreq' 'gmem1_0_load_req' <Predicate = true> <Delay = 3.65> <CoreInst = "m_axi">   --->   Core 119 'm_axi' <Latency = 6> <II = 1> <Delay = 1.00> <Adapter> <Opcode : 'read' 'write' 'readreq' 'writereq' 'writeresp'>
ST_17 : Operation 326 [56/71] (3.65ns)   --->   "%gmem0_1_load_req = readreq i1 @_ssdm_op_ReadReq.m_axi.i32P1A, i32 %gmem0_1_addr, i64 1" [kernel.cpp:19]   --->   Operation 326 'readreq' 'gmem0_1_load_req' <Predicate = true> <Delay = 3.65> <CoreInst = "m_axi">   --->   Core 119 'm_axi' <Latency = 6> <II = 1> <Delay = 1.00> <Adapter> <Opcode : 'read' 'write' 'readreq' 'writereq' 'writeresp'>
ST_17 : Operation 327 [56/71] (3.65ns)   --->   "%gmem0_2_load_req = readreq i1 @_ssdm_op_ReadReq.m_axi.i32P1A, i32 %gmem0_2_addr, i64 1" [kernel.cpp:19]   --->   Operation 327 'readreq' 'gmem0_2_load_req' <Predicate = true> <Delay = 3.65> <CoreInst = "m_axi">   --->   Core 119 'm_axi' <Latency = 6> <II = 1> <Delay = 1.00> <Adapter> <Opcode : 'read' 'write' 'readreq' 'writereq' 'writeresp'>
ST_17 : Operation 328 [56/71] (3.65ns)   --->   "%gmem0_3_load_req = readreq i1 @_ssdm_op_ReadReq.m_axi.i32P1A, i32 %gmem0_3_addr, i64 1" [kernel.cpp:19]   --->   Operation 328 'readreq' 'gmem0_3_load_req' <Predicate = true> <Delay = 3.65> <CoreInst = "m_axi">   --->   Core 119 'm_axi' <Latency = 6> <II = 1> <Delay = 1.00> <Adapter> <Opcode : 'read' 'write' 'readreq' 'writereq' 'writeresp'>
ST_17 : Operation 329 [56/71] (3.65ns)   --->   "%gmem1_1_load_req = readreq i1 @_ssdm_op_ReadReq.m_axi.i32P1A, i32 %gmem1_1_addr, i64 1" [kernel.cpp:19]   --->   Operation 329 'readreq' 'gmem1_1_load_req' <Predicate = true> <Delay = 3.65> <CoreInst = "m_axi">   --->   Core 119 'm_axi' <Latency = 6> <II = 1> <Delay = 1.00> <Adapter> <Opcode : 'read' 'write' 'readreq' 'writereq' 'writeresp'>
ST_17 : Operation 330 [56/71] (3.65ns)   --->   "%gmem1_2_load_req = readreq i1 @_ssdm_op_ReadReq.m_axi.i32P1A, i32 %gmem1_2_addr, i64 1" [kernel.cpp:19]   --->   Operation 330 'readreq' 'gmem1_2_load_req' <Predicate = true> <Delay = 3.65> <CoreInst = "m_axi">   --->   Core 119 'm_axi' <Latency = 6> <II = 1> <Delay = 1.00> <Adapter> <Opcode : 'read' 'write' 'readreq' 'writereq' 'writeresp'>
ST_17 : Operation 331 [56/71] (3.65ns)   --->   "%gmem1_3_load_req = readreq i1 @_ssdm_op_ReadReq.m_axi.i32P1A, i32 %gmem1_3_addr, i64 1" [kernel.cpp:19]   --->   Operation 331 'readreq' 'gmem1_3_load_req' <Predicate = true> <Delay = 3.65> <CoreInst = "m_axi">   --->   Core 119 'm_axi' <Latency = 6> <II = 1> <Delay = 1.00> <Adapter> <Opcode : 'read' 'write' 'readreq' 'writereq' 'writeresp'>

State 18 <SV = 17> <Delay = 3.65>
ST_18 : Operation 332 [55/71] (3.65ns)   --->   "%gmem0_0_load_req = readreq i1 @_ssdm_op_ReadReq.m_axi.i32P1A, i32 %gmem0_0_addr, i64 1" [kernel.cpp:19]   --->   Operation 332 'readreq' 'gmem0_0_load_req' <Predicate = true> <Delay = 3.65> <CoreInst = "m_axi">   --->   Core 119 'm_axi' <Latency = 6> <II = 1> <Delay = 1.00> <Adapter> <Opcode : 'read' 'write' 'readreq' 'writereq' 'writeresp'>
ST_18 : Operation 333 [55/71] (3.65ns)   --->   "%gmem1_0_load_req = readreq i1 @_ssdm_op_ReadReq.m_axi.i32P1A, i32 %gmem1_0_addr, i64 1" [kernel.cpp:19]   --->   Operation 333 'readreq' 'gmem1_0_load_req' <Predicate = true> <Delay = 3.65> <CoreInst = "m_axi">   --->   Core 119 'm_axi' <Latency = 6> <II = 1> <Delay = 1.00> <Adapter> <Opcode : 'read' 'write' 'readreq' 'writereq' 'writeresp'>
ST_18 : Operation 334 [55/71] (3.65ns)   --->   "%gmem0_1_load_req = readreq i1 @_ssdm_op_ReadReq.m_axi.i32P1A, i32 %gmem0_1_addr, i64 1" [kernel.cpp:19]   --->   Operation 334 'readreq' 'gmem0_1_load_req' <Predicate = true> <Delay = 3.65> <CoreInst = "m_axi">   --->   Core 119 'm_axi' <Latency = 6> <II = 1> <Delay = 1.00> <Adapter> <Opcode : 'read' 'write' 'readreq' 'writereq' 'writeresp'>
ST_18 : Operation 335 [55/71] (3.65ns)   --->   "%gmem0_2_load_req = readreq i1 @_ssdm_op_ReadReq.m_axi.i32P1A, i32 %gmem0_2_addr, i64 1" [kernel.cpp:19]   --->   Operation 335 'readreq' 'gmem0_2_load_req' <Predicate = true> <Delay = 3.65> <CoreInst = "m_axi">   --->   Core 119 'm_axi' <Latency = 6> <II = 1> <Delay = 1.00> <Adapter> <Opcode : 'read' 'write' 'readreq' 'writereq' 'writeresp'>
ST_18 : Operation 336 [55/71] (3.65ns)   --->   "%gmem0_3_load_req = readreq i1 @_ssdm_op_ReadReq.m_axi.i32P1A, i32 %gmem0_3_addr, i64 1" [kernel.cpp:19]   --->   Operation 336 'readreq' 'gmem0_3_load_req' <Predicate = true> <Delay = 3.65> <CoreInst = "m_axi">   --->   Core 119 'm_axi' <Latency = 6> <II = 1> <Delay = 1.00> <Adapter> <Opcode : 'read' 'write' 'readreq' 'writereq' 'writeresp'>
ST_18 : Operation 337 [55/71] (3.65ns)   --->   "%gmem1_1_load_req = readreq i1 @_ssdm_op_ReadReq.m_axi.i32P1A, i32 %gmem1_1_addr, i64 1" [kernel.cpp:19]   --->   Operation 337 'readreq' 'gmem1_1_load_req' <Predicate = true> <Delay = 3.65> <CoreInst = "m_axi">   --->   Core 119 'm_axi' <Latency = 6> <II = 1> <Delay = 1.00> <Adapter> <Opcode : 'read' 'write' 'readreq' 'writereq' 'writeresp'>
ST_18 : Operation 338 [55/71] (3.65ns)   --->   "%gmem1_2_load_req = readreq i1 @_ssdm_op_ReadReq.m_axi.i32P1A, i32 %gmem1_2_addr, i64 1" [kernel.cpp:19]   --->   Operation 338 'readreq' 'gmem1_2_load_req' <Predicate = true> <Delay = 3.65> <CoreInst = "m_axi">   --->   Core 119 'm_axi' <Latency = 6> <II = 1> <Delay = 1.00> <Adapter> <Opcode : 'read' 'write' 'readreq' 'writereq' 'writeresp'>
ST_18 : Operation 339 [55/71] (3.65ns)   --->   "%gmem1_3_load_req = readreq i1 @_ssdm_op_ReadReq.m_axi.i32P1A, i32 %gmem1_3_addr, i64 1" [kernel.cpp:19]   --->   Operation 339 'readreq' 'gmem1_3_load_req' <Predicate = true> <Delay = 3.65> <CoreInst = "m_axi">   --->   Core 119 'm_axi' <Latency = 6> <II = 1> <Delay = 1.00> <Adapter> <Opcode : 'read' 'write' 'readreq' 'writereq' 'writeresp'>

State 19 <SV = 18> <Delay = 3.65>
ST_19 : Operation 340 [54/71] (3.65ns)   --->   "%gmem0_0_load_req = readreq i1 @_ssdm_op_ReadReq.m_axi.i32P1A, i32 %gmem0_0_addr, i64 1" [kernel.cpp:19]   --->   Operation 340 'readreq' 'gmem0_0_load_req' <Predicate = true> <Delay = 3.65> <CoreInst = "m_axi">   --->   Core 119 'm_axi' <Latency = 6> <II = 1> <Delay = 1.00> <Adapter> <Opcode : 'read' 'write' 'readreq' 'writereq' 'writeresp'>
ST_19 : Operation 341 [54/71] (3.65ns)   --->   "%gmem1_0_load_req = readreq i1 @_ssdm_op_ReadReq.m_axi.i32P1A, i32 %gmem1_0_addr, i64 1" [kernel.cpp:19]   --->   Operation 341 'readreq' 'gmem1_0_load_req' <Predicate = true> <Delay = 3.65> <CoreInst = "m_axi">   --->   Core 119 'm_axi' <Latency = 6> <II = 1> <Delay = 1.00> <Adapter> <Opcode : 'read' 'write' 'readreq' 'writereq' 'writeresp'>
ST_19 : Operation 342 [54/71] (3.65ns)   --->   "%gmem0_1_load_req = readreq i1 @_ssdm_op_ReadReq.m_axi.i32P1A, i32 %gmem0_1_addr, i64 1" [kernel.cpp:19]   --->   Operation 342 'readreq' 'gmem0_1_load_req' <Predicate = true> <Delay = 3.65> <CoreInst = "m_axi">   --->   Core 119 'm_axi' <Latency = 6> <II = 1> <Delay = 1.00> <Adapter> <Opcode : 'read' 'write' 'readreq' 'writereq' 'writeresp'>
ST_19 : Operation 343 [54/71] (3.65ns)   --->   "%gmem0_2_load_req = readreq i1 @_ssdm_op_ReadReq.m_axi.i32P1A, i32 %gmem0_2_addr, i64 1" [kernel.cpp:19]   --->   Operation 343 'readreq' 'gmem0_2_load_req' <Predicate = true> <Delay = 3.65> <CoreInst = "m_axi">   --->   Core 119 'm_axi' <Latency = 6> <II = 1> <Delay = 1.00> <Adapter> <Opcode : 'read' 'write' 'readreq' 'writereq' 'writeresp'>
ST_19 : Operation 344 [54/71] (3.65ns)   --->   "%gmem0_3_load_req = readreq i1 @_ssdm_op_ReadReq.m_axi.i32P1A, i32 %gmem0_3_addr, i64 1" [kernel.cpp:19]   --->   Operation 344 'readreq' 'gmem0_3_load_req' <Predicate = true> <Delay = 3.65> <CoreInst = "m_axi">   --->   Core 119 'm_axi' <Latency = 6> <II = 1> <Delay = 1.00> <Adapter> <Opcode : 'read' 'write' 'readreq' 'writereq' 'writeresp'>
ST_19 : Operation 345 [54/71] (3.65ns)   --->   "%gmem1_1_load_req = readreq i1 @_ssdm_op_ReadReq.m_axi.i32P1A, i32 %gmem1_1_addr, i64 1" [kernel.cpp:19]   --->   Operation 345 'readreq' 'gmem1_1_load_req' <Predicate = true> <Delay = 3.65> <CoreInst = "m_axi">   --->   Core 119 'm_axi' <Latency = 6> <II = 1> <Delay = 1.00> <Adapter> <Opcode : 'read' 'write' 'readreq' 'writereq' 'writeresp'>
ST_19 : Operation 346 [54/71] (3.65ns)   --->   "%gmem1_2_load_req = readreq i1 @_ssdm_op_ReadReq.m_axi.i32P1A, i32 %gmem1_2_addr, i64 1" [kernel.cpp:19]   --->   Operation 346 'readreq' 'gmem1_2_load_req' <Predicate = true> <Delay = 3.65> <CoreInst = "m_axi">   --->   Core 119 'm_axi' <Latency = 6> <II = 1> <Delay = 1.00> <Adapter> <Opcode : 'read' 'write' 'readreq' 'writereq' 'writeresp'>
ST_19 : Operation 347 [54/71] (3.65ns)   --->   "%gmem1_3_load_req = readreq i1 @_ssdm_op_ReadReq.m_axi.i32P1A, i32 %gmem1_3_addr, i64 1" [kernel.cpp:19]   --->   Operation 347 'readreq' 'gmem1_3_load_req' <Predicate = true> <Delay = 3.65> <CoreInst = "m_axi">   --->   Core 119 'm_axi' <Latency = 6> <II = 1> <Delay = 1.00> <Adapter> <Opcode : 'read' 'write' 'readreq' 'writereq' 'writeresp'>

State 20 <SV = 19> <Delay = 3.65>
ST_20 : Operation 348 [53/71] (3.65ns)   --->   "%gmem0_0_load_req = readreq i1 @_ssdm_op_ReadReq.m_axi.i32P1A, i32 %gmem0_0_addr, i64 1" [kernel.cpp:19]   --->   Operation 348 'readreq' 'gmem0_0_load_req' <Predicate = true> <Delay = 3.65> <CoreInst = "m_axi">   --->   Core 119 'm_axi' <Latency = 6> <II = 1> <Delay = 1.00> <Adapter> <Opcode : 'read' 'write' 'readreq' 'writereq' 'writeresp'>
ST_20 : Operation 349 [53/71] (3.65ns)   --->   "%gmem1_0_load_req = readreq i1 @_ssdm_op_ReadReq.m_axi.i32P1A, i32 %gmem1_0_addr, i64 1" [kernel.cpp:19]   --->   Operation 349 'readreq' 'gmem1_0_load_req' <Predicate = true> <Delay = 3.65> <CoreInst = "m_axi">   --->   Core 119 'm_axi' <Latency = 6> <II = 1> <Delay = 1.00> <Adapter> <Opcode : 'read' 'write' 'readreq' 'writereq' 'writeresp'>
ST_20 : Operation 350 [53/71] (3.65ns)   --->   "%gmem0_1_load_req = readreq i1 @_ssdm_op_ReadReq.m_axi.i32P1A, i32 %gmem0_1_addr, i64 1" [kernel.cpp:19]   --->   Operation 350 'readreq' 'gmem0_1_load_req' <Predicate = true> <Delay = 3.65> <CoreInst = "m_axi">   --->   Core 119 'm_axi' <Latency = 6> <II = 1> <Delay = 1.00> <Adapter> <Opcode : 'read' 'write' 'readreq' 'writereq' 'writeresp'>
ST_20 : Operation 351 [53/71] (3.65ns)   --->   "%gmem0_2_load_req = readreq i1 @_ssdm_op_ReadReq.m_axi.i32P1A, i32 %gmem0_2_addr, i64 1" [kernel.cpp:19]   --->   Operation 351 'readreq' 'gmem0_2_load_req' <Predicate = true> <Delay = 3.65> <CoreInst = "m_axi">   --->   Core 119 'm_axi' <Latency = 6> <II = 1> <Delay = 1.00> <Adapter> <Opcode : 'read' 'write' 'readreq' 'writereq' 'writeresp'>
ST_20 : Operation 352 [53/71] (3.65ns)   --->   "%gmem0_3_load_req = readreq i1 @_ssdm_op_ReadReq.m_axi.i32P1A, i32 %gmem0_3_addr, i64 1" [kernel.cpp:19]   --->   Operation 352 'readreq' 'gmem0_3_load_req' <Predicate = true> <Delay = 3.65> <CoreInst = "m_axi">   --->   Core 119 'm_axi' <Latency = 6> <II = 1> <Delay = 1.00> <Adapter> <Opcode : 'read' 'write' 'readreq' 'writereq' 'writeresp'>
ST_20 : Operation 353 [53/71] (3.65ns)   --->   "%gmem1_1_load_req = readreq i1 @_ssdm_op_ReadReq.m_axi.i32P1A, i32 %gmem1_1_addr, i64 1" [kernel.cpp:19]   --->   Operation 353 'readreq' 'gmem1_1_load_req' <Predicate = true> <Delay = 3.65> <CoreInst = "m_axi">   --->   Core 119 'm_axi' <Latency = 6> <II = 1> <Delay = 1.00> <Adapter> <Opcode : 'read' 'write' 'readreq' 'writereq' 'writeresp'>
ST_20 : Operation 354 [53/71] (3.65ns)   --->   "%gmem1_2_load_req = readreq i1 @_ssdm_op_ReadReq.m_axi.i32P1A, i32 %gmem1_2_addr, i64 1" [kernel.cpp:19]   --->   Operation 354 'readreq' 'gmem1_2_load_req' <Predicate = true> <Delay = 3.65> <CoreInst = "m_axi">   --->   Core 119 'm_axi' <Latency = 6> <II = 1> <Delay = 1.00> <Adapter> <Opcode : 'read' 'write' 'readreq' 'writereq' 'writeresp'>
ST_20 : Operation 355 [53/71] (3.65ns)   --->   "%gmem1_3_load_req = readreq i1 @_ssdm_op_ReadReq.m_axi.i32P1A, i32 %gmem1_3_addr, i64 1" [kernel.cpp:19]   --->   Operation 355 'readreq' 'gmem1_3_load_req' <Predicate = true> <Delay = 3.65> <CoreInst = "m_axi">   --->   Core 119 'm_axi' <Latency = 6> <II = 1> <Delay = 1.00> <Adapter> <Opcode : 'read' 'write' 'readreq' 'writereq' 'writeresp'>

State 21 <SV = 20> <Delay = 3.65>
ST_21 : Operation 356 [52/71] (3.65ns)   --->   "%gmem0_0_load_req = readreq i1 @_ssdm_op_ReadReq.m_axi.i32P1A, i32 %gmem0_0_addr, i64 1" [kernel.cpp:19]   --->   Operation 356 'readreq' 'gmem0_0_load_req' <Predicate = true> <Delay = 3.65> <CoreInst = "m_axi">   --->   Core 119 'm_axi' <Latency = 6> <II = 1> <Delay = 1.00> <Adapter> <Opcode : 'read' 'write' 'readreq' 'writereq' 'writeresp'>
ST_21 : Operation 357 [52/71] (3.65ns)   --->   "%gmem1_0_load_req = readreq i1 @_ssdm_op_ReadReq.m_axi.i32P1A, i32 %gmem1_0_addr, i64 1" [kernel.cpp:19]   --->   Operation 357 'readreq' 'gmem1_0_load_req' <Predicate = true> <Delay = 3.65> <CoreInst = "m_axi">   --->   Core 119 'm_axi' <Latency = 6> <II = 1> <Delay = 1.00> <Adapter> <Opcode : 'read' 'write' 'readreq' 'writereq' 'writeresp'>
ST_21 : Operation 358 [52/71] (3.65ns)   --->   "%gmem0_1_load_req = readreq i1 @_ssdm_op_ReadReq.m_axi.i32P1A, i32 %gmem0_1_addr, i64 1" [kernel.cpp:19]   --->   Operation 358 'readreq' 'gmem0_1_load_req' <Predicate = true> <Delay = 3.65> <CoreInst = "m_axi">   --->   Core 119 'm_axi' <Latency = 6> <II = 1> <Delay = 1.00> <Adapter> <Opcode : 'read' 'write' 'readreq' 'writereq' 'writeresp'>
ST_21 : Operation 359 [52/71] (3.65ns)   --->   "%gmem0_2_load_req = readreq i1 @_ssdm_op_ReadReq.m_axi.i32P1A, i32 %gmem0_2_addr, i64 1" [kernel.cpp:19]   --->   Operation 359 'readreq' 'gmem0_2_load_req' <Predicate = true> <Delay = 3.65> <CoreInst = "m_axi">   --->   Core 119 'm_axi' <Latency = 6> <II = 1> <Delay = 1.00> <Adapter> <Opcode : 'read' 'write' 'readreq' 'writereq' 'writeresp'>
ST_21 : Operation 360 [52/71] (3.65ns)   --->   "%gmem0_3_load_req = readreq i1 @_ssdm_op_ReadReq.m_axi.i32P1A, i32 %gmem0_3_addr, i64 1" [kernel.cpp:19]   --->   Operation 360 'readreq' 'gmem0_3_load_req' <Predicate = true> <Delay = 3.65> <CoreInst = "m_axi">   --->   Core 119 'm_axi' <Latency = 6> <II = 1> <Delay = 1.00> <Adapter> <Opcode : 'read' 'write' 'readreq' 'writereq' 'writeresp'>
ST_21 : Operation 361 [52/71] (3.65ns)   --->   "%gmem1_1_load_req = readreq i1 @_ssdm_op_ReadReq.m_axi.i32P1A, i32 %gmem1_1_addr, i64 1" [kernel.cpp:19]   --->   Operation 361 'readreq' 'gmem1_1_load_req' <Predicate = true> <Delay = 3.65> <CoreInst = "m_axi">   --->   Core 119 'm_axi' <Latency = 6> <II = 1> <Delay = 1.00> <Adapter> <Opcode : 'read' 'write' 'readreq' 'writereq' 'writeresp'>
ST_21 : Operation 362 [52/71] (3.65ns)   --->   "%gmem1_2_load_req = readreq i1 @_ssdm_op_ReadReq.m_axi.i32P1A, i32 %gmem1_2_addr, i64 1" [kernel.cpp:19]   --->   Operation 362 'readreq' 'gmem1_2_load_req' <Predicate = true> <Delay = 3.65> <CoreInst = "m_axi">   --->   Core 119 'm_axi' <Latency = 6> <II = 1> <Delay = 1.00> <Adapter> <Opcode : 'read' 'write' 'readreq' 'writereq' 'writeresp'>
ST_21 : Operation 363 [52/71] (3.65ns)   --->   "%gmem1_3_load_req = readreq i1 @_ssdm_op_ReadReq.m_axi.i32P1A, i32 %gmem1_3_addr, i64 1" [kernel.cpp:19]   --->   Operation 363 'readreq' 'gmem1_3_load_req' <Predicate = true> <Delay = 3.65> <CoreInst = "m_axi">   --->   Core 119 'm_axi' <Latency = 6> <II = 1> <Delay = 1.00> <Adapter> <Opcode : 'read' 'write' 'readreq' 'writereq' 'writeresp'>

State 22 <SV = 21> <Delay = 3.65>
ST_22 : Operation 364 [51/71] (3.65ns)   --->   "%gmem0_0_load_req = readreq i1 @_ssdm_op_ReadReq.m_axi.i32P1A, i32 %gmem0_0_addr, i64 1" [kernel.cpp:19]   --->   Operation 364 'readreq' 'gmem0_0_load_req' <Predicate = true> <Delay = 3.65> <CoreInst = "m_axi">   --->   Core 119 'm_axi' <Latency = 6> <II = 1> <Delay = 1.00> <Adapter> <Opcode : 'read' 'write' 'readreq' 'writereq' 'writeresp'>
ST_22 : Operation 365 [51/71] (3.65ns)   --->   "%gmem1_0_load_req = readreq i1 @_ssdm_op_ReadReq.m_axi.i32P1A, i32 %gmem1_0_addr, i64 1" [kernel.cpp:19]   --->   Operation 365 'readreq' 'gmem1_0_load_req' <Predicate = true> <Delay = 3.65> <CoreInst = "m_axi">   --->   Core 119 'm_axi' <Latency = 6> <II = 1> <Delay = 1.00> <Adapter> <Opcode : 'read' 'write' 'readreq' 'writereq' 'writeresp'>
ST_22 : Operation 366 [51/71] (3.65ns)   --->   "%gmem0_1_load_req = readreq i1 @_ssdm_op_ReadReq.m_axi.i32P1A, i32 %gmem0_1_addr, i64 1" [kernel.cpp:19]   --->   Operation 366 'readreq' 'gmem0_1_load_req' <Predicate = true> <Delay = 3.65> <CoreInst = "m_axi">   --->   Core 119 'm_axi' <Latency = 6> <II = 1> <Delay = 1.00> <Adapter> <Opcode : 'read' 'write' 'readreq' 'writereq' 'writeresp'>
ST_22 : Operation 367 [51/71] (3.65ns)   --->   "%gmem0_2_load_req = readreq i1 @_ssdm_op_ReadReq.m_axi.i32P1A, i32 %gmem0_2_addr, i64 1" [kernel.cpp:19]   --->   Operation 367 'readreq' 'gmem0_2_load_req' <Predicate = true> <Delay = 3.65> <CoreInst = "m_axi">   --->   Core 119 'm_axi' <Latency = 6> <II = 1> <Delay = 1.00> <Adapter> <Opcode : 'read' 'write' 'readreq' 'writereq' 'writeresp'>
ST_22 : Operation 368 [51/71] (3.65ns)   --->   "%gmem0_3_load_req = readreq i1 @_ssdm_op_ReadReq.m_axi.i32P1A, i32 %gmem0_3_addr, i64 1" [kernel.cpp:19]   --->   Operation 368 'readreq' 'gmem0_3_load_req' <Predicate = true> <Delay = 3.65> <CoreInst = "m_axi">   --->   Core 119 'm_axi' <Latency = 6> <II = 1> <Delay = 1.00> <Adapter> <Opcode : 'read' 'write' 'readreq' 'writereq' 'writeresp'>
ST_22 : Operation 369 [51/71] (3.65ns)   --->   "%gmem1_1_load_req = readreq i1 @_ssdm_op_ReadReq.m_axi.i32P1A, i32 %gmem1_1_addr, i64 1" [kernel.cpp:19]   --->   Operation 369 'readreq' 'gmem1_1_load_req' <Predicate = true> <Delay = 3.65> <CoreInst = "m_axi">   --->   Core 119 'm_axi' <Latency = 6> <II = 1> <Delay = 1.00> <Adapter> <Opcode : 'read' 'write' 'readreq' 'writereq' 'writeresp'>
ST_22 : Operation 370 [51/71] (3.65ns)   --->   "%gmem1_2_load_req = readreq i1 @_ssdm_op_ReadReq.m_axi.i32P1A, i32 %gmem1_2_addr, i64 1" [kernel.cpp:19]   --->   Operation 370 'readreq' 'gmem1_2_load_req' <Predicate = true> <Delay = 3.65> <CoreInst = "m_axi">   --->   Core 119 'm_axi' <Latency = 6> <II = 1> <Delay = 1.00> <Adapter> <Opcode : 'read' 'write' 'readreq' 'writereq' 'writeresp'>
ST_22 : Operation 371 [51/71] (3.65ns)   --->   "%gmem1_3_load_req = readreq i1 @_ssdm_op_ReadReq.m_axi.i32P1A, i32 %gmem1_3_addr, i64 1" [kernel.cpp:19]   --->   Operation 371 'readreq' 'gmem1_3_load_req' <Predicate = true> <Delay = 3.65> <CoreInst = "m_axi">   --->   Core 119 'm_axi' <Latency = 6> <II = 1> <Delay = 1.00> <Adapter> <Opcode : 'read' 'write' 'readreq' 'writereq' 'writeresp'>

State 23 <SV = 22> <Delay = 3.65>
ST_23 : Operation 372 [50/71] (3.65ns)   --->   "%gmem0_0_load_req = readreq i1 @_ssdm_op_ReadReq.m_axi.i32P1A, i32 %gmem0_0_addr, i64 1" [kernel.cpp:19]   --->   Operation 372 'readreq' 'gmem0_0_load_req' <Predicate = true> <Delay = 3.65> <CoreInst = "m_axi">   --->   Core 119 'm_axi' <Latency = 6> <II = 1> <Delay = 1.00> <Adapter> <Opcode : 'read' 'write' 'readreq' 'writereq' 'writeresp'>
ST_23 : Operation 373 [50/71] (3.65ns)   --->   "%gmem1_0_load_req = readreq i1 @_ssdm_op_ReadReq.m_axi.i32P1A, i32 %gmem1_0_addr, i64 1" [kernel.cpp:19]   --->   Operation 373 'readreq' 'gmem1_0_load_req' <Predicate = true> <Delay = 3.65> <CoreInst = "m_axi">   --->   Core 119 'm_axi' <Latency = 6> <II = 1> <Delay = 1.00> <Adapter> <Opcode : 'read' 'write' 'readreq' 'writereq' 'writeresp'>
ST_23 : Operation 374 [50/71] (3.65ns)   --->   "%gmem0_1_load_req = readreq i1 @_ssdm_op_ReadReq.m_axi.i32P1A, i32 %gmem0_1_addr, i64 1" [kernel.cpp:19]   --->   Operation 374 'readreq' 'gmem0_1_load_req' <Predicate = true> <Delay = 3.65> <CoreInst = "m_axi">   --->   Core 119 'm_axi' <Latency = 6> <II = 1> <Delay = 1.00> <Adapter> <Opcode : 'read' 'write' 'readreq' 'writereq' 'writeresp'>
ST_23 : Operation 375 [50/71] (3.65ns)   --->   "%gmem0_2_load_req = readreq i1 @_ssdm_op_ReadReq.m_axi.i32P1A, i32 %gmem0_2_addr, i64 1" [kernel.cpp:19]   --->   Operation 375 'readreq' 'gmem0_2_load_req' <Predicate = true> <Delay = 3.65> <CoreInst = "m_axi">   --->   Core 119 'm_axi' <Latency = 6> <II = 1> <Delay = 1.00> <Adapter> <Opcode : 'read' 'write' 'readreq' 'writereq' 'writeresp'>
ST_23 : Operation 376 [50/71] (3.65ns)   --->   "%gmem0_3_load_req = readreq i1 @_ssdm_op_ReadReq.m_axi.i32P1A, i32 %gmem0_3_addr, i64 1" [kernel.cpp:19]   --->   Operation 376 'readreq' 'gmem0_3_load_req' <Predicate = true> <Delay = 3.65> <CoreInst = "m_axi">   --->   Core 119 'm_axi' <Latency = 6> <II = 1> <Delay = 1.00> <Adapter> <Opcode : 'read' 'write' 'readreq' 'writereq' 'writeresp'>
ST_23 : Operation 377 [50/71] (3.65ns)   --->   "%gmem1_1_load_req = readreq i1 @_ssdm_op_ReadReq.m_axi.i32P1A, i32 %gmem1_1_addr, i64 1" [kernel.cpp:19]   --->   Operation 377 'readreq' 'gmem1_1_load_req' <Predicate = true> <Delay = 3.65> <CoreInst = "m_axi">   --->   Core 119 'm_axi' <Latency = 6> <II = 1> <Delay = 1.00> <Adapter> <Opcode : 'read' 'write' 'readreq' 'writereq' 'writeresp'>
ST_23 : Operation 378 [50/71] (3.65ns)   --->   "%gmem1_2_load_req = readreq i1 @_ssdm_op_ReadReq.m_axi.i32P1A, i32 %gmem1_2_addr, i64 1" [kernel.cpp:19]   --->   Operation 378 'readreq' 'gmem1_2_load_req' <Predicate = true> <Delay = 3.65> <CoreInst = "m_axi">   --->   Core 119 'm_axi' <Latency = 6> <II = 1> <Delay = 1.00> <Adapter> <Opcode : 'read' 'write' 'readreq' 'writereq' 'writeresp'>
ST_23 : Operation 379 [50/71] (3.65ns)   --->   "%gmem1_3_load_req = readreq i1 @_ssdm_op_ReadReq.m_axi.i32P1A, i32 %gmem1_3_addr, i64 1" [kernel.cpp:19]   --->   Operation 379 'readreq' 'gmem1_3_load_req' <Predicate = true> <Delay = 3.65> <CoreInst = "m_axi">   --->   Core 119 'm_axi' <Latency = 6> <II = 1> <Delay = 1.00> <Adapter> <Opcode : 'read' 'write' 'readreq' 'writereq' 'writeresp'>

State 24 <SV = 23> <Delay = 3.65>
ST_24 : Operation 380 [49/71] (3.65ns)   --->   "%gmem0_0_load_req = readreq i1 @_ssdm_op_ReadReq.m_axi.i32P1A, i32 %gmem0_0_addr, i64 1" [kernel.cpp:19]   --->   Operation 380 'readreq' 'gmem0_0_load_req' <Predicate = true> <Delay = 3.65> <CoreInst = "m_axi">   --->   Core 119 'm_axi' <Latency = 6> <II = 1> <Delay = 1.00> <Adapter> <Opcode : 'read' 'write' 'readreq' 'writereq' 'writeresp'>
ST_24 : Operation 381 [49/71] (3.65ns)   --->   "%gmem1_0_load_req = readreq i1 @_ssdm_op_ReadReq.m_axi.i32P1A, i32 %gmem1_0_addr, i64 1" [kernel.cpp:19]   --->   Operation 381 'readreq' 'gmem1_0_load_req' <Predicate = true> <Delay = 3.65> <CoreInst = "m_axi">   --->   Core 119 'm_axi' <Latency = 6> <II = 1> <Delay = 1.00> <Adapter> <Opcode : 'read' 'write' 'readreq' 'writereq' 'writeresp'>
ST_24 : Operation 382 [49/71] (3.65ns)   --->   "%gmem0_1_load_req = readreq i1 @_ssdm_op_ReadReq.m_axi.i32P1A, i32 %gmem0_1_addr, i64 1" [kernel.cpp:19]   --->   Operation 382 'readreq' 'gmem0_1_load_req' <Predicate = true> <Delay = 3.65> <CoreInst = "m_axi">   --->   Core 119 'm_axi' <Latency = 6> <II = 1> <Delay = 1.00> <Adapter> <Opcode : 'read' 'write' 'readreq' 'writereq' 'writeresp'>
ST_24 : Operation 383 [49/71] (3.65ns)   --->   "%gmem0_2_load_req = readreq i1 @_ssdm_op_ReadReq.m_axi.i32P1A, i32 %gmem0_2_addr, i64 1" [kernel.cpp:19]   --->   Operation 383 'readreq' 'gmem0_2_load_req' <Predicate = true> <Delay = 3.65> <CoreInst = "m_axi">   --->   Core 119 'm_axi' <Latency = 6> <II = 1> <Delay = 1.00> <Adapter> <Opcode : 'read' 'write' 'readreq' 'writereq' 'writeresp'>
ST_24 : Operation 384 [49/71] (3.65ns)   --->   "%gmem0_3_load_req = readreq i1 @_ssdm_op_ReadReq.m_axi.i32P1A, i32 %gmem0_3_addr, i64 1" [kernel.cpp:19]   --->   Operation 384 'readreq' 'gmem0_3_load_req' <Predicate = true> <Delay = 3.65> <CoreInst = "m_axi">   --->   Core 119 'm_axi' <Latency = 6> <II = 1> <Delay = 1.00> <Adapter> <Opcode : 'read' 'write' 'readreq' 'writereq' 'writeresp'>
ST_24 : Operation 385 [49/71] (3.65ns)   --->   "%gmem1_1_load_req = readreq i1 @_ssdm_op_ReadReq.m_axi.i32P1A, i32 %gmem1_1_addr, i64 1" [kernel.cpp:19]   --->   Operation 385 'readreq' 'gmem1_1_load_req' <Predicate = true> <Delay = 3.65> <CoreInst = "m_axi">   --->   Core 119 'm_axi' <Latency = 6> <II = 1> <Delay = 1.00> <Adapter> <Opcode : 'read' 'write' 'readreq' 'writereq' 'writeresp'>
ST_24 : Operation 386 [49/71] (3.65ns)   --->   "%gmem1_2_load_req = readreq i1 @_ssdm_op_ReadReq.m_axi.i32P1A, i32 %gmem1_2_addr, i64 1" [kernel.cpp:19]   --->   Operation 386 'readreq' 'gmem1_2_load_req' <Predicate = true> <Delay = 3.65> <CoreInst = "m_axi">   --->   Core 119 'm_axi' <Latency = 6> <II = 1> <Delay = 1.00> <Adapter> <Opcode : 'read' 'write' 'readreq' 'writereq' 'writeresp'>
ST_24 : Operation 387 [49/71] (3.65ns)   --->   "%gmem1_3_load_req = readreq i1 @_ssdm_op_ReadReq.m_axi.i32P1A, i32 %gmem1_3_addr, i64 1" [kernel.cpp:19]   --->   Operation 387 'readreq' 'gmem1_3_load_req' <Predicate = true> <Delay = 3.65> <CoreInst = "m_axi">   --->   Core 119 'm_axi' <Latency = 6> <II = 1> <Delay = 1.00> <Adapter> <Opcode : 'read' 'write' 'readreq' 'writereq' 'writeresp'>

State 25 <SV = 24> <Delay = 3.65>
ST_25 : Operation 388 [48/71] (3.65ns)   --->   "%gmem0_0_load_req = readreq i1 @_ssdm_op_ReadReq.m_axi.i32P1A, i32 %gmem0_0_addr, i64 1" [kernel.cpp:19]   --->   Operation 388 'readreq' 'gmem0_0_load_req' <Predicate = true> <Delay = 3.65> <CoreInst = "m_axi">   --->   Core 119 'm_axi' <Latency = 6> <II = 1> <Delay = 1.00> <Adapter> <Opcode : 'read' 'write' 'readreq' 'writereq' 'writeresp'>
ST_25 : Operation 389 [48/71] (3.65ns)   --->   "%gmem1_0_load_req = readreq i1 @_ssdm_op_ReadReq.m_axi.i32P1A, i32 %gmem1_0_addr, i64 1" [kernel.cpp:19]   --->   Operation 389 'readreq' 'gmem1_0_load_req' <Predicate = true> <Delay = 3.65> <CoreInst = "m_axi">   --->   Core 119 'm_axi' <Latency = 6> <II = 1> <Delay = 1.00> <Adapter> <Opcode : 'read' 'write' 'readreq' 'writereq' 'writeresp'>
ST_25 : Operation 390 [48/71] (3.65ns)   --->   "%gmem0_1_load_req = readreq i1 @_ssdm_op_ReadReq.m_axi.i32P1A, i32 %gmem0_1_addr, i64 1" [kernel.cpp:19]   --->   Operation 390 'readreq' 'gmem0_1_load_req' <Predicate = true> <Delay = 3.65> <CoreInst = "m_axi">   --->   Core 119 'm_axi' <Latency = 6> <II = 1> <Delay = 1.00> <Adapter> <Opcode : 'read' 'write' 'readreq' 'writereq' 'writeresp'>
ST_25 : Operation 391 [48/71] (3.65ns)   --->   "%gmem0_2_load_req = readreq i1 @_ssdm_op_ReadReq.m_axi.i32P1A, i32 %gmem0_2_addr, i64 1" [kernel.cpp:19]   --->   Operation 391 'readreq' 'gmem0_2_load_req' <Predicate = true> <Delay = 3.65> <CoreInst = "m_axi">   --->   Core 119 'm_axi' <Latency = 6> <II = 1> <Delay = 1.00> <Adapter> <Opcode : 'read' 'write' 'readreq' 'writereq' 'writeresp'>
ST_25 : Operation 392 [48/71] (3.65ns)   --->   "%gmem0_3_load_req = readreq i1 @_ssdm_op_ReadReq.m_axi.i32P1A, i32 %gmem0_3_addr, i64 1" [kernel.cpp:19]   --->   Operation 392 'readreq' 'gmem0_3_load_req' <Predicate = true> <Delay = 3.65> <CoreInst = "m_axi">   --->   Core 119 'm_axi' <Latency = 6> <II = 1> <Delay = 1.00> <Adapter> <Opcode : 'read' 'write' 'readreq' 'writereq' 'writeresp'>
ST_25 : Operation 393 [48/71] (3.65ns)   --->   "%gmem1_1_load_req = readreq i1 @_ssdm_op_ReadReq.m_axi.i32P1A, i32 %gmem1_1_addr, i64 1" [kernel.cpp:19]   --->   Operation 393 'readreq' 'gmem1_1_load_req' <Predicate = true> <Delay = 3.65> <CoreInst = "m_axi">   --->   Core 119 'm_axi' <Latency = 6> <II = 1> <Delay = 1.00> <Adapter> <Opcode : 'read' 'write' 'readreq' 'writereq' 'writeresp'>
ST_25 : Operation 394 [48/71] (3.65ns)   --->   "%gmem1_2_load_req = readreq i1 @_ssdm_op_ReadReq.m_axi.i32P1A, i32 %gmem1_2_addr, i64 1" [kernel.cpp:19]   --->   Operation 394 'readreq' 'gmem1_2_load_req' <Predicate = true> <Delay = 3.65> <CoreInst = "m_axi">   --->   Core 119 'm_axi' <Latency = 6> <II = 1> <Delay = 1.00> <Adapter> <Opcode : 'read' 'write' 'readreq' 'writereq' 'writeresp'>
ST_25 : Operation 395 [48/71] (3.65ns)   --->   "%gmem1_3_load_req = readreq i1 @_ssdm_op_ReadReq.m_axi.i32P1A, i32 %gmem1_3_addr, i64 1" [kernel.cpp:19]   --->   Operation 395 'readreq' 'gmem1_3_load_req' <Predicate = true> <Delay = 3.65> <CoreInst = "m_axi">   --->   Core 119 'm_axi' <Latency = 6> <II = 1> <Delay = 1.00> <Adapter> <Opcode : 'read' 'write' 'readreq' 'writereq' 'writeresp'>

State 26 <SV = 25> <Delay = 3.65>
ST_26 : Operation 396 [47/71] (3.65ns)   --->   "%gmem0_0_load_req = readreq i1 @_ssdm_op_ReadReq.m_axi.i32P1A, i32 %gmem0_0_addr, i64 1" [kernel.cpp:19]   --->   Operation 396 'readreq' 'gmem0_0_load_req' <Predicate = true> <Delay = 3.65> <CoreInst = "m_axi">   --->   Core 119 'm_axi' <Latency = 6> <II = 1> <Delay = 1.00> <Adapter> <Opcode : 'read' 'write' 'readreq' 'writereq' 'writeresp'>
ST_26 : Operation 397 [47/71] (3.65ns)   --->   "%gmem1_0_load_req = readreq i1 @_ssdm_op_ReadReq.m_axi.i32P1A, i32 %gmem1_0_addr, i64 1" [kernel.cpp:19]   --->   Operation 397 'readreq' 'gmem1_0_load_req' <Predicate = true> <Delay = 3.65> <CoreInst = "m_axi">   --->   Core 119 'm_axi' <Latency = 6> <II = 1> <Delay = 1.00> <Adapter> <Opcode : 'read' 'write' 'readreq' 'writereq' 'writeresp'>
ST_26 : Operation 398 [47/71] (3.65ns)   --->   "%gmem0_1_load_req = readreq i1 @_ssdm_op_ReadReq.m_axi.i32P1A, i32 %gmem0_1_addr, i64 1" [kernel.cpp:19]   --->   Operation 398 'readreq' 'gmem0_1_load_req' <Predicate = true> <Delay = 3.65> <CoreInst = "m_axi">   --->   Core 119 'm_axi' <Latency = 6> <II = 1> <Delay = 1.00> <Adapter> <Opcode : 'read' 'write' 'readreq' 'writereq' 'writeresp'>
ST_26 : Operation 399 [47/71] (3.65ns)   --->   "%gmem0_2_load_req = readreq i1 @_ssdm_op_ReadReq.m_axi.i32P1A, i32 %gmem0_2_addr, i64 1" [kernel.cpp:19]   --->   Operation 399 'readreq' 'gmem0_2_load_req' <Predicate = true> <Delay = 3.65> <CoreInst = "m_axi">   --->   Core 119 'm_axi' <Latency = 6> <II = 1> <Delay = 1.00> <Adapter> <Opcode : 'read' 'write' 'readreq' 'writereq' 'writeresp'>
ST_26 : Operation 400 [47/71] (3.65ns)   --->   "%gmem0_3_load_req = readreq i1 @_ssdm_op_ReadReq.m_axi.i32P1A, i32 %gmem0_3_addr, i64 1" [kernel.cpp:19]   --->   Operation 400 'readreq' 'gmem0_3_load_req' <Predicate = true> <Delay = 3.65> <CoreInst = "m_axi">   --->   Core 119 'm_axi' <Latency = 6> <II = 1> <Delay = 1.00> <Adapter> <Opcode : 'read' 'write' 'readreq' 'writereq' 'writeresp'>
ST_26 : Operation 401 [47/71] (3.65ns)   --->   "%gmem1_1_load_req = readreq i1 @_ssdm_op_ReadReq.m_axi.i32P1A, i32 %gmem1_1_addr, i64 1" [kernel.cpp:19]   --->   Operation 401 'readreq' 'gmem1_1_load_req' <Predicate = true> <Delay = 3.65> <CoreInst = "m_axi">   --->   Core 119 'm_axi' <Latency = 6> <II = 1> <Delay = 1.00> <Adapter> <Opcode : 'read' 'write' 'readreq' 'writereq' 'writeresp'>
ST_26 : Operation 402 [47/71] (3.65ns)   --->   "%gmem1_2_load_req = readreq i1 @_ssdm_op_ReadReq.m_axi.i32P1A, i32 %gmem1_2_addr, i64 1" [kernel.cpp:19]   --->   Operation 402 'readreq' 'gmem1_2_load_req' <Predicate = true> <Delay = 3.65> <CoreInst = "m_axi">   --->   Core 119 'm_axi' <Latency = 6> <II = 1> <Delay = 1.00> <Adapter> <Opcode : 'read' 'write' 'readreq' 'writereq' 'writeresp'>
ST_26 : Operation 403 [47/71] (3.65ns)   --->   "%gmem1_3_load_req = readreq i1 @_ssdm_op_ReadReq.m_axi.i32P1A, i32 %gmem1_3_addr, i64 1" [kernel.cpp:19]   --->   Operation 403 'readreq' 'gmem1_3_load_req' <Predicate = true> <Delay = 3.65> <CoreInst = "m_axi">   --->   Core 119 'm_axi' <Latency = 6> <II = 1> <Delay = 1.00> <Adapter> <Opcode : 'read' 'write' 'readreq' 'writereq' 'writeresp'>

State 27 <SV = 26> <Delay = 3.65>
ST_27 : Operation 404 [46/71] (3.65ns)   --->   "%gmem0_0_load_req = readreq i1 @_ssdm_op_ReadReq.m_axi.i32P1A, i32 %gmem0_0_addr, i64 1" [kernel.cpp:19]   --->   Operation 404 'readreq' 'gmem0_0_load_req' <Predicate = true> <Delay = 3.65> <CoreInst = "m_axi">   --->   Core 119 'm_axi' <Latency = 6> <II = 1> <Delay = 1.00> <Adapter> <Opcode : 'read' 'write' 'readreq' 'writereq' 'writeresp'>
ST_27 : Operation 405 [46/71] (3.65ns)   --->   "%gmem1_0_load_req = readreq i1 @_ssdm_op_ReadReq.m_axi.i32P1A, i32 %gmem1_0_addr, i64 1" [kernel.cpp:19]   --->   Operation 405 'readreq' 'gmem1_0_load_req' <Predicate = true> <Delay = 3.65> <CoreInst = "m_axi">   --->   Core 119 'm_axi' <Latency = 6> <II = 1> <Delay = 1.00> <Adapter> <Opcode : 'read' 'write' 'readreq' 'writereq' 'writeresp'>
ST_27 : Operation 406 [46/71] (3.65ns)   --->   "%gmem0_1_load_req = readreq i1 @_ssdm_op_ReadReq.m_axi.i32P1A, i32 %gmem0_1_addr, i64 1" [kernel.cpp:19]   --->   Operation 406 'readreq' 'gmem0_1_load_req' <Predicate = true> <Delay = 3.65> <CoreInst = "m_axi">   --->   Core 119 'm_axi' <Latency = 6> <II = 1> <Delay = 1.00> <Adapter> <Opcode : 'read' 'write' 'readreq' 'writereq' 'writeresp'>
ST_27 : Operation 407 [46/71] (3.65ns)   --->   "%gmem0_2_load_req = readreq i1 @_ssdm_op_ReadReq.m_axi.i32P1A, i32 %gmem0_2_addr, i64 1" [kernel.cpp:19]   --->   Operation 407 'readreq' 'gmem0_2_load_req' <Predicate = true> <Delay = 3.65> <CoreInst = "m_axi">   --->   Core 119 'm_axi' <Latency = 6> <II = 1> <Delay = 1.00> <Adapter> <Opcode : 'read' 'write' 'readreq' 'writereq' 'writeresp'>
ST_27 : Operation 408 [46/71] (3.65ns)   --->   "%gmem0_3_load_req = readreq i1 @_ssdm_op_ReadReq.m_axi.i32P1A, i32 %gmem0_3_addr, i64 1" [kernel.cpp:19]   --->   Operation 408 'readreq' 'gmem0_3_load_req' <Predicate = true> <Delay = 3.65> <CoreInst = "m_axi">   --->   Core 119 'm_axi' <Latency = 6> <II = 1> <Delay = 1.00> <Adapter> <Opcode : 'read' 'write' 'readreq' 'writereq' 'writeresp'>
ST_27 : Operation 409 [46/71] (3.65ns)   --->   "%gmem1_1_load_req = readreq i1 @_ssdm_op_ReadReq.m_axi.i32P1A, i32 %gmem1_1_addr, i64 1" [kernel.cpp:19]   --->   Operation 409 'readreq' 'gmem1_1_load_req' <Predicate = true> <Delay = 3.65> <CoreInst = "m_axi">   --->   Core 119 'm_axi' <Latency = 6> <II = 1> <Delay = 1.00> <Adapter> <Opcode : 'read' 'write' 'readreq' 'writereq' 'writeresp'>
ST_27 : Operation 410 [46/71] (3.65ns)   --->   "%gmem1_2_load_req = readreq i1 @_ssdm_op_ReadReq.m_axi.i32P1A, i32 %gmem1_2_addr, i64 1" [kernel.cpp:19]   --->   Operation 410 'readreq' 'gmem1_2_load_req' <Predicate = true> <Delay = 3.65> <CoreInst = "m_axi">   --->   Core 119 'm_axi' <Latency = 6> <II = 1> <Delay = 1.00> <Adapter> <Opcode : 'read' 'write' 'readreq' 'writereq' 'writeresp'>
ST_27 : Operation 411 [46/71] (3.65ns)   --->   "%gmem1_3_load_req = readreq i1 @_ssdm_op_ReadReq.m_axi.i32P1A, i32 %gmem1_3_addr, i64 1" [kernel.cpp:19]   --->   Operation 411 'readreq' 'gmem1_3_load_req' <Predicate = true> <Delay = 3.65> <CoreInst = "m_axi">   --->   Core 119 'm_axi' <Latency = 6> <II = 1> <Delay = 1.00> <Adapter> <Opcode : 'read' 'write' 'readreq' 'writereq' 'writeresp'>

State 28 <SV = 27> <Delay = 3.65>
ST_28 : Operation 412 [45/71] (3.65ns)   --->   "%gmem0_0_load_req = readreq i1 @_ssdm_op_ReadReq.m_axi.i32P1A, i32 %gmem0_0_addr, i64 1" [kernel.cpp:19]   --->   Operation 412 'readreq' 'gmem0_0_load_req' <Predicate = true> <Delay = 3.65> <CoreInst = "m_axi">   --->   Core 119 'm_axi' <Latency = 6> <II = 1> <Delay = 1.00> <Adapter> <Opcode : 'read' 'write' 'readreq' 'writereq' 'writeresp'>
ST_28 : Operation 413 [45/71] (3.65ns)   --->   "%gmem1_0_load_req = readreq i1 @_ssdm_op_ReadReq.m_axi.i32P1A, i32 %gmem1_0_addr, i64 1" [kernel.cpp:19]   --->   Operation 413 'readreq' 'gmem1_0_load_req' <Predicate = true> <Delay = 3.65> <CoreInst = "m_axi">   --->   Core 119 'm_axi' <Latency = 6> <II = 1> <Delay = 1.00> <Adapter> <Opcode : 'read' 'write' 'readreq' 'writereq' 'writeresp'>
ST_28 : Operation 414 [45/71] (3.65ns)   --->   "%gmem0_1_load_req = readreq i1 @_ssdm_op_ReadReq.m_axi.i32P1A, i32 %gmem0_1_addr, i64 1" [kernel.cpp:19]   --->   Operation 414 'readreq' 'gmem0_1_load_req' <Predicate = true> <Delay = 3.65> <CoreInst = "m_axi">   --->   Core 119 'm_axi' <Latency = 6> <II = 1> <Delay = 1.00> <Adapter> <Opcode : 'read' 'write' 'readreq' 'writereq' 'writeresp'>
ST_28 : Operation 415 [45/71] (3.65ns)   --->   "%gmem0_2_load_req = readreq i1 @_ssdm_op_ReadReq.m_axi.i32P1A, i32 %gmem0_2_addr, i64 1" [kernel.cpp:19]   --->   Operation 415 'readreq' 'gmem0_2_load_req' <Predicate = true> <Delay = 3.65> <CoreInst = "m_axi">   --->   Core 119 'm_axi' <Latency = 6> <II = 1> <Delay = 1.00> <Adapter> <Opcode : 'read' 'write' 'readreq' 'writereq' 'writeresp'>
ST_28 : Operation 416 [45/71] (3.65ns)   --->   "%gmem0_3_load_req = readreq i1 @_ssdm_op_ReadReq.m_axi.i32P1A, i32 %gmem0_3_addr, i64 1" [kernel.cpp:19]   --->   Operation 416 'readreq' 'gmem0_3_load_req' <Predicate = true> <Delay = 3.65> <CoreInst = "m_axi">   --->   Core 119 'm_axi' <Latency = 6> <II = 1> <Delay = 1.00> <Adapter> <Opcode : 'read' 'write' 'readreq' 'writereq' 'writeresp'>
ST_28 : Operation 417 [45/71] (3.65ns)   --->   "%gmem1_1_load_req = readreq i1 @_ssdm_op_ReadReq.m_axi.i32P1A, i32 %gmem1_1_addr, i64 1" [kernel.cpp:19]   --->   Operation 417 'readreq' 'gmem1_1_load_req' <Predicate = true> <Delay = 3.65> <CoreInst = "m_axi">   --->   Core 119 'm_axi' <Latency = 6> <II = 1> <Delay = 1.00> <Adapter> <Opcode : 'read' 'write' 'readreq' 'writereq' 'writeresp'>
ST_28 : Operation 418 [45/71] (3.65ns)   --->   "%gmem1_2_load_req = readreq i1 @_ssdm_op_ReadReq.m_axi.i32P1A, i32 %gmem1_2_addr, i64 1" [kernel.cpp:19]   --->   Operation 418 'readreq' 'gmem1_2_load_req' <Predicate = true> <Delay = 3.65> <CoreInst = "m_axi">   --->   Core 119 'm_axi' <Latency = 6> <II = 1> <Delay = 1.00> <Adapter> <Opcode : 'read' 'write' 'readreq' 'writereq' 'writeresp'>
ST_28 : Operation 419 [45/71] (3.65ns)   --->   "%gmem1_3_load_req = readreq i1 @_ssdm_op_ReadReq.m_axi.i32P1A, i32 %gmem1_3_addr, i64 1" [kernel.cpp:19]   --->   Operation 419 'readreq' 'gmem1_3_load_req' <Predicate = true> <Delay = 3.65> <CoreInst = "m_axi">   --->   Core 119 'm_axi' <Latency = 6> <II = 1> <Delay = 1.00> <Adapter> <Opcode : 'read' 'write' 'readreq' 'writereq' 'writeresp'>

State 29 <SV = 28> <Delay = 3.65>
ST_29 : Operation 420 [44/71] (3.65ns)   --->   "%gmem0_0_load_req = readreq i1 @_ssdm_op_ReadReq.m_axi.i32P1A, i32 %gmem0_0_addr, i64 1" [kernel.cpp:19]   --->   Operation 420 'readreq' 'gmem0_0_load_req' <Predicate = true> <Delay = 3.65> <CoreInst = "m_axi">   --->   Core 119 'm_axi' <Latency = 6> <II = 1> <Delay = 1.00> <Adapter> <Opcode : 'read' 'write' 'readreq' 'writereq' 'writeresp'>
ST_29 : Operation 421 [44/71] (3.65ns)   --->   "%gmem1_0_load_req = readreq i1 @_ssdm_op_ReadReq.m_axi.i32P1A, i32 %gmem1_0_addr, i64 1" [kernel.cpp:19]   --->   Operation 421 'readreq' 'gmem1_0_load_req' <Predicate = true> <Delay = 3.65> <CoreInst = "m_axi">   --->   Core 119 'm_axi' <Latency = 6> <II = 1> <Delay = 1.00> <Adapter> <Opcode : 'read' 'write' 'readreq' 'writereq' 'writeresp'>
ST_29 : Operation 422 [44/71] (3.65ns)   --->   "%gmem0_1_load_req = readreq i1 @_ssdm_op_ReadReq.m_axi.i32P1A, i32 %gmem0_1_addr, i64 1" [kernel.cpp:19]   --->   Operation 422 'readreq' 'gmem0_1_load_req' <Predicate = true> <Delay = 3.65> <CoreInst = "m_axi">   --->   Core 119 'm_axi' <Latency = 6> <II = 1> <Delay = 1.00> <Adapter> <Opcode : 'read' 'write' 'readreq' 'writereq' 'writeresp'>
ST_29 : Operation 423 [44/71] (3.65ns)   --->   "%gmem0_2_load_req = readreq i1 @_ssdm_op_ReadReq.m_axi.i32P1A, i32 %gmem0_2_addr, i64 1" [kernel.cpp:19]   --->   Operation 423 'readreq' 'gmem0_2_load_req' <Predicate = true> <Delay = 3.65> <CoreInst = "m_axi">   --->   Core 119 'm_axi' <Latency = 6> <II = 1> <Delay = 1.00> <Adapter> <Opcode : 'read' 'write' 'readreq' 'writereq' 'writeresp'>
ST_29 : Operation 424 [44/71] (3.65ns)   --->   "%gmem0_3_load_req = readreq i1 @_ssdm_op_ReadReq.m_axi.i32P1A, i32 %gmem0_3_addr, i64 1" [kernel.cpp:19]   --->   Operation 424 'readreq' 'gmem0_3_load_req' <Predicate = true> <Delay = 3.65> <CoreInst = "m_axi">   --->   Core 119 'm_axi' <Latency = 6> <II = 1> <Delay = 1.00> <Adapter> <Opcode : 'read' 'write' 'readreq' 'writereq' 'writeresp'>
ST_29 : Operation 425 [44/71] (3.65ns)   --->   "%gmem1_1_load_req = readreq i1 @_ssdm_op_ReadReq.m_axi.i32P1A, i32 %gmem1_1_addr, i64 1" [kernel.cpp:19]   --->   Operation 425 'readreq' 'gmem1_1_load_req' <Predicate = true> <Delay = 3.65> <CoreInst = "m_axi">   --->   Core 119 'm_axi' <Latency = 6> <II = 1> <Delay = 1.00> <Adapter> <Opcode : 'read' 'write' 'readreq' 'writereq' 'writeresp'>
ST_29 : Operation 426 [44/71] (3.65ns)   --->   "%gmem1_2_load_req = readreq i1 @_ssdm_op_ReadReq.m_axi.i32P1A, i32 %gmem1_2_addr, i64 1" [kernel.cpp:19]   --->   Operation 426 'readreq' 'gmem1_2_load_req' <Predicate = true> <Delay = 3.65> <CoreInst = "m_axi">   --->   Core 119 'm_axi' <Latency = 6> <II = 1> <Delay = 1.00> <Adapter> <Opcode : 'read' 'write' 'readreq' 'writereq' 'writeresp'>
ST_29 : Operation 427 [44/71] (3.65ns)   --->   "%gmem1_3_load_req = readreq i1 @_ssdm_op_ReadReq.m_axi.i32P1A, i32 %gmem1_3_addr, i64 1" [kernel.cpp:19]   --->   Operation 427 'readreq' 'gmem1_3_load_req' <Predicate = true> <Delay = 3.65> <CoreInst = "m_axi">   --->   Core 119 'm_axi' <Latency = 6> <II = 1> <Delay = 1.00> <Adapter> <Opcode : 'read' 'write' 'readreq' 'writereq' 'writeresp'>

State 30 <SV = 29> <Delay = 3.65>
ST_30 : Operation 428 [43/71] (3.65ns)   --->   "%gmem0_0_load_req = readreq i1 @_ssdm_op_ReadReq.m_axi.i32P1A, i32 %gmem0_0_addr, i64 1" [kernel.cpp:19]   --->   Operation 428 'readreq' 'gmem0_0_load_req' <Predicate = true> <Delay = 3.65> <CoreInst = "m_axi">   --->   Core 119 'm_axi' <Latency = 6> <II = 1> <Delay = 1.00> <Adapter> <Opcode : 'read' 'write' 'readreq' 'writereq' 'writeresp'>
ST_30 : Operation 429 [43/71] (3.65ns)   --->   "%gmem1_0_load_req = readreq i1 @_ssdm_op_ReadReq.m_axi.i32P1A, i32 %gmem1_0_addr, i64 1" [kernel.cpp:19]   --->   Operation 429 'readreq' 'gmem1_0_load_req' <Predicate = true> <Delay = 3.65> <CoreInst = "m_axi">   --->   Core 119 'm_axi' <Latency = 6> <II = 1> <Delay = 1.00> <Adapter> <Opcode : 'read' 'write' 'readreq' 'writereq' 'writeresp'>
ST_30 : Operation 430 [43/71] (3.65ns)   --->   "%gmem0_1_load_req = readreq i1 @_ssdm_op_ReadReq.m_axi.i32P1A, i32 %gmem0_1_addr, i64 1" [kernel.cpp:19]   --->   Operation 430 'readreq' 'gmem0_1_load_req' <Predicate = true> <Delay = 3.65> <CoreInst = "m_axi">   --->   Core 119 'm_axi' <Latency = 6> <II = 1> <Delay = 1.00> <Adapter> <Opcode : 'read' 'write' 'readreq' 'writereq' 'writeresp'>
ST_30 : Operation 431 [43/71] (3.65ns)   --->   "%gmem0_2_load_req = readreq i1 @_ssdm_op_ReadReq.m_axi.i32P1A, i32 %gmem0_2_addr, i64 1" [kernel.cpp:19]   --->   Operation 431 'readreq' 'gmem0_2_load_req' <Predicate = true> <Delay = 3.65> <CoreInst = "m_axi">   --->   Core 119 'm_axi' <Latency = 6> <II = 1> <Delay = 1.00> <Adapter> <Opcode : 'read' 'write' 'readreq' 'writereq' 'writeresp'>
ST_30 : Operation 432 [43/71] (3.65ns)   --->   "%gmem0_3_load_req = readreq i1 @_ssdm_op_ReadReq.m_axi.i32P1A, i32 %gmem0_3_addr, i64 1" [kernel.cpp:19]   --->   Operation 432 'readreq' 'gmem0_3_load_req' <Predicate = true> <Delay = 3.65> <CoreInst = "m_axi">   --->   Core 119 'm_axi' <Latency = 6> <II = 1> <Delay = 1.00> <Adapter> <Opcode : 'read' 'write' 'readreq' 'writereq' 'writeresp'>
ST_30 : Operation 433 [43/71] (3.65ns)   --->   "%gmem1_1_load_req = readreq i1 @_ssdm_op_ReadReq.m_axi.i32P1A, i32 %gmem1_1_addr, i64 1" [kernel.cpp:19]   --->   Operation 433 'readreq' 'gmem1_1_load_req' <Predicate = true> <Delay = 3.65> <CoreInst = "m_axi">   --->   Core 119 'm_axi' <Latency = 6> <II = 1> <Delay = 1.00> <Adapter> <Opcode : 'read' 'write' 'readreq' 'writereq' 'writeresp'>
ST_30 : Operation 434 [43/71] (3.65ns)   --->   "%gmem1_2_load_req = readreq i1 @_ssdm_op_ReadReq.m_axi.i32P1A, i32 %gmem1_2_addr, i64 1" [kernel.cpp:19]   --->   Operation 434 'readreq' 'gmem1_2_load_req' <Predicate = true> <Delay = 3.65> <CoreInst = "m_axi">   --->   Core 119 'm_axi' <Latency = 6> <II = 1> <Delay = 1.00> <Adapter> <Opcode : 'read' 'write' 'readreq' 'writereq' 'writeresp'>
ST_30 : Operation 435 [43/71] (3.65ns)   --->   "%gmem1_3_load_req = readreq i1 @_ssdm_op_ReadReq.m_axi.i32P1A, i32 %gmem1_3_addr, i64 1" [kernel.cpp:19]   --->   Operation 435 'readreq' 'gmem1_3_load_req' <Predicate = true> <Delay = 3.65> <CoreInst = "m_axi">   --->   Core 119 'm_axi' <Latency = 6> <II = 1> <Delay = 1.00> <Adapter> <Opcode : 'read' 'write' 'readreq' 'writereq' 'writeresp'>

State 31 <SV = 30> <Delay = 3.65>
ST_31 : Operation 436 [42/71] (3.65ns)   --->   "%gmem0_0_load_req = readreq i1 @_ssdm_op_ReadReq.m_axi.i32P1A, i32 %gmem0_0_addr, i64 1" [kernel.cpp:19]   --->   Operation 436 'readreq' 'gmem0_0_load_req' <Predicate = true> <Delay = 3.65> <CoreInst = "m_axi">   --->   Core 119 'm_axi' <Latency = 6> <II = 1> <Delay = 1.00> <Adapter> <Opcode : 'read' 'write' 'readreq' 'writereq' 'writeresp'>
ST_31 : Operation 437 [42/71] (3.65ns)   --->   "%gmem1_0_load_req = readreq i1 @_ssdm_op_ReadReq.m_axi.i32P1A, i32 %gmem1_0_addr, i64 1" [kernel.cpp:19]   --->   Operation 437 'readreq' 'gmem1_0_load_req' <Predicate = true> <Delay = 3.65> <CoreInst = "m_axi">   --->   Core 119 'm_axi' <Latency = 6> <II = 1> <Delay = 1.00> <Adapter> <Opcode : 'read' 'write' 'readreq' 'writereq' 'writeresp'>
ST_31 : Operation 438 [42/71] (3.65ns)   --->   "%gmem0_1_load_req = readreq i1 @_ssdm_op_ReadReq.m_axi.i32P1A, i32 %gmem0_1_addr, i64 1" [kernel.cpp:19]   --->   Operation 438 'readreq' 'gmem0_1_load_req' <Predicate = true> <Delay = 3.65> <CoreInst = "m_axi">   --->   Core 119 'm_axi' <Latency = 6> <II = 1> <Delay = 1.00> <Adapter> <Opcode : 'read' 'write' 'readreq' 'writereq' 'writeresp'>
ST_31 : Operation 439 [42/71] (3.65ns)   --->   "%gmem0_2_load_req = readreq i1 @_ssdm_op_ReadReq.m_axi.i32P1A, i32 %gmem0_2_addr, i64 1" [kernel.cpp:19]   --->   Operation 439 'readreq' 'gmem0_2_load_req' <Predicate = true> <Delay = 3.65> <CoreInst = "m_axi">   --->   Core 119 'm_axi' <Latency = 6> <II = 1> <Delay = 1.00> <Adapter> <Opcode : 'read' 'write' 'readreq' 'writereq' 'writeresp'>
ST_31 : Operation 440 [42/71] (3.65ns)   --->   "%gmem0_3_load_req = readreq i1 @_ssdm_op_ReadReq.m_axi.i32P1A, i32 %gmem0_3_addr, i64 1" [kernel.cpp:19]   --->   Operation 440 'readreq' 'gmem0_3_load_req' <Predicate = true> <Delay = 3.65> <CoreInst = "m_axi">   --->   Core 119 'm_axi' <Latency = 6> <II = 1> <Delay = 1.00> <Adapter> <Opcode : 'read' 'write' 'readreq' 'writereq' 'writeresp'>
ST_31 : Operation 441 [42/71] (3.65ns)   --->   "%gmem1_1_load_req = readreq i1 @_ssdm_op_ReadReq.m_axi.i32P1A, i32 %gmem1_1_addr, i64 1" [kernel.cpp:19]   --->   Operation 441 'readreq' 'gmem1_1_load_req' <Predicate = true> <Delay = 3.65> <CoreInst = "m_axi">   --->   Core 119 'm_axi' <Latency = 6> <II = 1> <Delay = 1.00> <Adapter> <Opcode : 'read' 'write' 'readreq' 'writereq' 'writeresp'>
ST_31 : Operation 442 [42/71] (3.65ns)   --->   "%gmem1_2_load_req = readreq i1 @_ssdm_op_ReadReq.m_axi.i32P1A, i32 %gmem1_2_addr, i64 1" [kernel.cpp:19]   --->   Operation 442 'readreq' 'gmem1_2_load_req' <Predicate = true> <Delay = 3.65> <CoreInst = "m_axi">   --->   Core 119 'm_axi' <Latency = 6> <II = 1> <Delay = 1.00> <Adapter> <Opcode : 'read' 'write' 'readreq' 'writereq' 'writeresp'>
ST_31 : Operation 443 [42/71] (3.65ns)   --->   "%gmem1_3_load_req = readreq i1 @_ssdm_op_ReadReq.m_axi.i32P1A, i32 %gmem1_3_addr, i64 1" [kernel.cpp:19]   --->   Operation 443 'readreq' 'gmem1_3_load_req' <Predicate = true> <Delay = 3.65> <CoreInst = "m_axi">   --->   Core 119 'm_axi' <Latency = 6> <II = 1> <Delay = 1.00> <Adapter> <Opcode : 'read' 'write' 'readreq' 'writereq' 'writeresp'>

State 32 <SV = 31> <Delay = 3.65>
ST_32 : Operation 444 [41/71] (3.65ns)   --->   "%gmem0_0_load_req = readreq i1 @_ssdm_op_ReadReq.m_axi.i32P1A, i32 %gmem0_0_addr, i64 1" [kernel.cpp:19]   --->   Operation 444 'readreq' 'gmem0_0_load_req' <Predicate = true> <Delay = 3.65> <CoreInst = "m_axi">   --->   Core 119 'm_axi' <Latency = 6> <II = 1> <Delay = 1.00> <Adapter> <Opcode : 'read' 'write' 'readreq' 'writereq' 'writeresp'>
ST_32 : Operation 445 [41/71] (3.65ns)   --->   "%gmem1_0_load_req = readreq i1 @_ssdm_op_ReadReq.m_axi.i32P1A, i32 %gmem1_0_addr, i64 1" [kernel.cpp:19]   --->   Operation 445 'readreq' 'gmem1_0_load_req' <Predicate = true> <Delay = 3.65> <CoreInst = "m_axi">   --->   Core 119 'm_axi' <Latency = 6> <II = 1> <Delay = 1.00> <Adapter> <Opcode : 'read' 'write' 'readreq' 'writereq' 'writeresp'>
ST_32 : Operation 446 [41/71] (3.65ns)   --->   "%gmem0_1_load_req = readreq i1 @_ssdm_op_ReadReq.m_axi.i32P1A, i32 %gmem0_1_addr, i64 1" [kernel.cpp:19]   --->   Operation 446 'readreq' 'gmem0_1_load_req' <Predicate = true> <Delay = 3.65> <CoreInst = "m_axi">   --->   Core 119 'm_axi' <Latency = 6> <II = 1> <Delay = 1.00> <Adapter> <Opcode : 'read' 'write' 'readreq' 'writereq' 'writeresp'>
ST_32 : Operation 447 [41/71] (3.65ns)   --->   "%gmem0_2_load_req = readreq i1 @_ssdm_op_ReadReq.m_axi.i32P1A, i32 %gmem0_2_addr, i64 1" [kernel.cpp:19]   --->   Operation 447 'readreq' 'gmem0_2_load_req' <Predicate = true> <Delay = 3.65> <CoreInst = "m_axi">   --->   Core 119 'm_axi' <Latency = 6> <II = 1> <Delay = 1.00> <Adapter> <Opcode : 'read' 'write' 'readreq' 'writereq' 'writeresp'>
ST_32 : Operation 448 [41/71] (3.65ns)   --->   "%gmem0_3_load_req = readreq i1 @_ssdm_op_ReadReq.m_axi.i32P1A, i32 %gmem0_3_addr, i64 1" [kernel.cpp:19]   --->   Operation 448 'readreq' 'gmem0_3_load_req' <Predicate = true> <Delay = 3.65> <CoreInst = "m_axi">   --->   Core 119 'm_axi' <Latency = 6> <II = 1> <Delay = 1.00> <Adapter> <Opcode : 'read' 'write' 'readreq' 'writereq' 'writeresp'>
ST_32 : Operation 449 [41/71] (3.65ns)   --->   "%gmem1_1_load_req = readreq i1 @_ssdm_op_ReadReq.m_axi.i32P1A, i32 %gmem1_1_addr, i64 1" [kernel.cpp:19]   --->   Operation 449 'readreq' 'gmem1_1_load_req' <Predicate = true> <Delay = 3.65> <CoreInst = "m_axi">   --->   Core 119 'm_axi' <Latency = 6> <II = 1> <Delay = 1.00> <Adapter> <Opcode : 'read' 'write' 'readreq' 'writereq' 'writeresp'>
ST_32 : Operation 450 [41/71] (3.65ns)   --->   "%gmem1_2_load_req = readreq i1 @_ssdm_op_ReadReq.m_axi.i32P1A, i32 %gmem1_2_addr, i64 1" [kernel.cpp:19]   --->   Operation 450 'readreq' 'gmem1_2_load_req' <Predicate = true> <Delay = 3.65> <CoreInst = "m_axi">   --->   Core 119 'm_axi' <Latency = 6> <II = 1> <Delay = 1.00> <Adapter> <Opcode : 'read' 'write' 'readreq' 'writereq' 'writeresp'>
ST_32 : Operation 451 [41/71] (3.65ns)   --->   "%gmem1_3_load_req = readreq i1 @_ssdm_op_ReadReq.m_axi.i32P1A, i32 %gmem1_3_addr, i64 1" [kernel.cpp:19]   --->   Operation 451 'readreq' 'gmem1_3_load_req' <Predicate = true> <Delay = 3.65> <CoreInst = "m_axi">   --->   Core 119 'm_axi' <Latency = 6> <II = 1> <Delay = 1.00> <Adapter> <Opcode : 'read' 'write' 'readreq' 'writereq' 'writeresp'>

State 33 <SV = 32> <Delay = 3.65>
ST_33 : Operation 452 [40/71] (3.65ns)   --->   "%gmem0_0_load_req = readreq i1 @_ssdm_op_ReadReq.m_axi.i32P1A, i32 %gmem0_0_addr, i64 1" [kernel.cpp:19]   --->   Operation 452 'readreq' 'gmem0_0_load_req' <Predicate = true> <Delay = 3.65> <CoreInst = "m_axi">   --->   Core 119 'm_axi' <Latency = 6> <II = 1> <Delay = 1.00> <Adapter> <Opcode : 'read' 'write' 'readreq' 'writereq' 'writeresp'>
ST_33 : Operation 453 [40/71] (3.65ns)   --->   "%gmem1_0_load_req = readreq i1 @_ssdm_op_ReadReq.m_axi.i32P1A, i32 %gmem1_0_addr, i64 1" [kernel.cpp:19]   --->   Operation 453 'readreq' 'gmem1_0_load_req' <Predicate = true> <Delay = 3.65> <CoreInst = "m_axi">   --->   Core 119 'm_axi' <Latency = 6> <II = 1> <Delay = 1.00> <Adapter> <Opcode : 'read' 'write' 'readreq' 'writereq' 'writeresp'>
ST_33 : Operation 454 [40/71] (3.65ns)   --->   "%gmem0_1_load_req = readreq i1 @_ssdm_op_ReadReq.m_axi.i32P1A, i32 %gmem0_1_addr, i64 1" [kernel.cpp:19]   --->   Operation 454 'readreq' 'gmem0_1_load_req' <Predicate = true> <Delay = 3.65> <CoreInst = "m_axi">   --->   Core 119 'm_axi' <Latency = 6> <II = 1> <Delay = 1.00> <Adapter> <Opcode : 'read' 'write' 'readreq' 'writereq' 'writeresp'>
ST_33 : Operation 455 [40/71] (3.65ns)   --->   "%gmem0_2_load_req = readreq i1 @_ssdm_op_ReadReq.m_axi.i32P1A, i32 %gmem0_2_addr, i64 1" [kernel.cpp:19]   --->   Operation 455 'readreq' 'gmem0_2_load_req' <Predicate = true> <Delay = 3.65> <CoreInst = "m_axi">   --->   Core 119 'm_axi' <Latency = 6> <II = 1> <Delay = 1.00> <Adapter> <Opcode : 'read' 'write' 'readreq' 'writereq' 'writeresp'>
ST_33 : Operation 456 [40/71] (3.65ns)   --->   "%gmem0_3_load_req = readreq i1 @_ssdm_op_ReadReq.m_axi.i32P1A, i32 %gmem0_3_addr, i64 1" [kernel.cpp:19]   --->   Operation 456 'readreq' 'gmem0_3_load_req' <Predicate = true> <Delay = 3.65> <CoreInst = "m_axi">   --->   Core 119 'm_axi' <Latency = 6> <II = 1> <Delay = 1.00> <Adapter> <Opcode : 'read' 'write' 'readreq' 'writereq' 'writeresp'>
ST_33 : Operation 457 [40/71] (3.65ns)   --->   "%gmem1_1_load_req = readreq i1 @_ssdm_op_ReadReq.m_axi.i32P1A, i32 %gmem1_1_addr, i64 1" [kernel.cpp:19]   --->   Operation 457 'readreq' 'gmem1_1_load_req' <Predicate = true> <Delay = 3.65> <CoreInst = "m_axi">   --->   Core 119 'm_axi' <Latency = 6> <II = 1> <Delay = 1.00> <Adapter> <Opcode : 'read' 'write' 'readreq' 'writereq' 'writeresp'>
ST_33 : Operation 458 [40/71] (3.65ns)   --->   "%gmem1_2_load_req = readreq i1 @_ssdm_op_ReadReq.m_axi.i32P1A, i32 %gmem1_2_addr, i64 1" [kernel.cpp:19]   --->   Operation 458 'readreq' 'gmem1_2_load_req' <Predicate = true> <Delay = 3.65> <CoreInst = "m_axi">   --->   Core 119 'm_axi' <Latency = 6> <II = 1> <Delay = 1.00> <Adapter> <Opcode : 'read' 'write' 'readreq' 'writereq' 'writeresp'>
ST_33 : Operation 459 [40/71] (3.65ns)   --->   "%gmem1_3_load_req = readreq i1 @_ssdm_op_ReadReq.m_axi.i32P1A, i32 %gmem1_3_addr, i64 1" [kernel.cpp:19]   --->   Operation 459 'readreq' 'gmem1_3_load_req' <Predicate = true> <Delay = 3.65> <CoreInst = "m_axi">   --->   Core 119 'm_axi' <Latency = 6> <II = 1> <Delay = 1.00> <Adapter> <Opcode : 'read' 'write' 'readreq' 'writereq' 'writeresp'>

State 34 <SV = 33> <Delay = 3.65>
ST_34 : Operation 460 [39/71] (3.65ns)   --->   "%gmem0_0_load_req = readreq i1 @_ssdm_op_ReadReq.m_axi.i32P1A, i32 %gmem0_0_addr, i64 1" [kernel.cpp:19]   --->   Operation 460 'readreq' 'gmem0_0_load_req' <Predicate = true> <Delay = 3.65> <CoreInst = "m_axi">   --->   Core 119 'm_axi' <Latency = 6> <II = 1> <Delay = 1.00> <Adapter> <Opcode : 'read' 'write' 'readreq' 'writereq' 'writeresp'>
ST_34 : Operation 461 [39/71] (3.65ns)   --->   "%gmem1_0_load_req = readreq i1 @_ssdm_op_ReadReq.m_axi.i32P1A, i32 %gmem1_0_addr, i64 1" [kernel.cpp:19]   --->   Operation 461 'readreq' 'gmem1_0_load_req' <Predicate = true> <Delay = 3.65> <CoreInst = "m_axi">   --->   Core 119 'm_axi' <Latency = 6> <II = 1> <Delay = 1.00> <Adapter> <Opcode : 'read' 'write' 'readreq' 'writereq' 'writeresp'>
ST_34 : Operation 462 [39/71] (3.65ns)   --->   "%gmem0_1_load_req = readreq i1 @_ssdm_op_ReadReq.m_axi.i32P1A, i32 %gmem0_1_addr, i64 1" [kernel.cpp:19]   --->   Operation 462 'readreq' 'gmem0_1_load_req' <Predicate = true> <Delay = 3.65> <CoreInst = "m_axi">   --->   Core 119 'm_axi' <Latency = 6> <II = 1> <Delay = 1.00> <Adapter> <Opcode : 'read' 'write' 'readreq' 'writereq' 'writeresp'>
ST_34 : Operation 463 [39/71] (3.65ns)   --->   "%gmem0_2_load_req = readreq i1 @_ssdm_op_ReadReq.m_axi.i32P1A, i32 %gmem0_2_addr, i64 1" [kernel.cpp:19]   --->   Operation 463 'readreq' 'gmem0_2_load_req' <Predicate = true> <Delay = 3.65> <CoreInst = "m_axi">   --->   Core 119 'm_axi' <Latency = 6> <II = 1> <Delay = 1.00> <Adapter> <Opcode : 'read' 'write' 'readreq' 'writereq' 'writeresp'>
ST_34 : Operation 464 [39/71] (3.65ns)   --->   "%gmem0_3_load_req = readreq i1 @_ssdm_op_ReadReq.m_axi.i32P1A, i32 %gmem0_3_addr, i64 1" [kernel.cpp:19]   --->   Operation 464 'readreq' 'gmem0_3_load_req' <Predicate = true> <Delay = 3.65> <CoreInst = "m_axi">   --->   Core 119 'm_axi' <Latency = 6> <II = 1> <Delay = 1.00> <Adapter> <Opcode : 'read' 'write' 'readreq' 'writereq' 'writeresp'>
ST_34 : Operation 465 [39/71] (3.65ns)   --->   "%gmem1_1_load_req = readreq i1 @_ssdm_op_ReadReq.m_axi.i32P1A, i32 %gmem1_1_addr, i64 1" [kernel.cpp:19]   --->   Operation 465 'readreq' 'gmem1_1_load_req' <Predicate = true> <Delay = 3.65> <CoreInst = "m_axi">   --->   Core 119 'm_axi' <Latency = 6> <II = 1> <Delay = 1.00> <Adapter> <Opcode : 'read' 'write' 'readreq' 'writereq' 'writeresp'>
ST_34 : Operation 466 [39/71] (3.65ns)   --->   "%gmem1_2_load_req = readreq i1 @_ssdm_op_ReadReq.m_axi.i32P1A, i32 %gmem1_2_addr, i64 1" [kernel.cpp:19]   --->   Operation 466 'readreq' 'gmem1_2_load_req' <Predicate = true> <Delay = 3.65> <CoreInst = "m_axi">   --->   Core 119 'm_axi' <Latency = 6> <II = 1> <Delay = 1.00> <Adapter> <Opcode : 'read' 'write' 'readreq' 'writereq' 'writeresp'>
ST_34 : Operation 467 [39/71] (3.65ns)   --->   "%gmem1_3_load_req = readreq i1 @_ssdm_op_ReadReq.m_axi.i32P1A, i32 %gmem1_3_addr, i64 1" [kernel.cpp:19]   --->   Operation 467 'readreq' 'gmem1_3_load_req' <Predicate = true> <Delay = 3.65> <CoreInst = "m_axi">   --->   Core 119 'm_axi' <Latency = 6> <II = 1> <Delay = 1.00> <Adapter> <Opcode : 'read' 'write' 'readreq' 'writereq' 'writeresp'>

State 35 <SV = 34> <Delay = 3.65>
ST_35 : Operation 468 [38/71] (3.65ns)   --->   "%gmem0_0_load_req = readreq i1 @_ssdm_op_ReadReq.m_axi.i32P1A, i32 %gmem0_0_addr, i64 1" [kernel.cpp:19]   --->   Operation 468 'readreq' 'gmem0_0_load_req' <Predicate = true> <Delay = 3.65> <CoreInst = "m_axi">   --->   Core 119 'm_axi' <Latency = 6> <II = 1> <Delay = 1.00> <Adapter> <Opcode : 'read' 'write' 'readreq' 'writereq' 'writeresp'>
ST_35 : Operation 469 [38/71] (3.65ns)   --->   "%gmem1_0_load_req = readreq i1 @_ssdm_op_ReadReq.m_axi.i32P1A, i32 %gmem1_0_addr, i64 1" [kernel.cpp:19]   --->   Operation 469 'readreq' 'gmem1_0_load_req' <Predicate = true> <Delay = 3.65> <CoreInst = "m_axi">   --->   Core 119 'm_axi' <Latency = 6> <II = 1> <Delay = 1.00> <Adapter> <Opcode : 'read' 'write' 'readreq' 'writereq' 'writeresp'>
ST_35 : Operation 470 [38/71] (3.65ns)   --->   "%gmem0_1_load_req = readreq i1 @_ssdm_op_ReadReq.m_axi.i32P1A, i32 %gmem0_1_addr, i64 1" [kernel.cpp:19]   --->   Operation 470 'readreq' 'gmem0_1_load_req' <Predicate = true> <Delay = 3.65> <CoreInst = "m_axi">   --->   Core 119 'm_axi' <Latency = 6> <II = 1> <Delay = 1.00> <Adapter> <Opcode : 'read' 'write' 'readreq' 'writereq' 'writeresp'>
ST_35 : Operation 471 [38/71] (3.65ns)   --->   "%gmem0_2_load_req = readreq i1 @_ssdm_op_ReadReq.m_axi.i32P1A, i32 %gmem0_2_addr, i64 1" [kernel.cpp:19]   --->   Operation 471 'readreq' 'gmem0_2_load_req' <Predicate = true> <Delay = 3.65> <CoreInst = "m_axi">   --->   Core 119 'm_axi' <Latency = 6> <II = 1> <Delay = 1.00> <Adapter> <Opcode : 'read' 'write' 'readreq' 'writereq' 'writeresp'>
ST_35 : Operation 472 [38/71] (3.65ns)   --->   "%gmem0_3_load_req = readreq i1 @_ssdm_op_ReadReq.m_axi.i32P1A, i32 %gmem0_3_addr, i64 1" [kernel.cpp:19]   --->   Operation 472 'readreq' 'gmem0_3_load_req' <Predicate = true> <Delay = 3.65> <CoreInst = "m_axi">   --->   Core 119 'm_axi' <Latency = 6> <II = 1> <Delay = 1.00> <Adapter> <Opcode : 'read' 'write' 'readreq' 'writereq' 'writeresp'>
ST_35 : Operation 473 [38/71] (3.65ns)   --->   "%gmem1_1_load_req = readreq i1 @_ssdm_op_ReadReq.m_axi.i32P1A, i32 %gmem1_1_addr, i64 1" [kernel.cpp:19]   --->   Operation 473 'readreq' 'gmem1_1_load_req' <Predicate = true> <Delay = 3.65> <CoreInst = "m_axi">   --->   Core 119 'm_axi' <Latency = 6> <II = 1> <Delay = 1.00> <Adapter> <Opcode : 'read' 'write' 'readreq' 'writereq' 'writeresp'>
ST_35 : Operation 474 [38/71] (3.65ns)   --->   "%gmem1_2_load_req = readreq i1 @_ssdm_op_ReadReq.m_axi.i32P1A, i32 %gmem1_2_addr, i64 1" [kernel.cpp:19]   --->   Operation 474 'readreq' 'gmem1_2_load_req' <Predicate = true> <Delay = 3.65> <CoreInst = "m_axi">   --->   Core 119 'm_axi' <Latency = 6> <II = 1> <Delay = 1.00> <Adapter> <Opcode : 'read' 'write' 'readreq' 'writereq' 'writeresp'>
ST_35 : Operation 475 [38/71] (3.65ns)   --->   "%gmem1_3_load_req = readreq i1 @_ssdm_op_ReadReq.m_axi.i32P1A, i32 %gmem1_3_addr, i64 1" [kernel.cpp:19]   --->   Operation 475 'readreq' 'gmem1_3_load_req' <Predicate = true> <Delay = 3.65> <CoreInst = "m_axi">   --->   Core 119 'm_axi' <Latency = 6> <II = 1> <Delay = 1.00> <Adapter> <Opcode : 'read' 'write' 'readreq' 'writereq' 'writeresp'>

State 36 <SV = 35> <Delay = 3.65>
ST_36 : Operation 476 [37/71] (3.65ns)   --->   "%gmem0_0_load_req = readreq i1 @_ssdm_op_ReadReq.m_axi.i32P1A, i32 %gmem0_0_addr, i64 1" [kernel.cpp:19]   --->   Operation 476 'readreq' 'gmem0_0_load_req' <Predicate = true> <Delay = 3.65> <CoreInst = "m_axi">   --->   Core 119 'm_axi' <Latency = 6> <II = 1> <Delay = 1.00> <Adapter> <Opcode : 'read' 'write' 'readreq' 'writereq' 'writeresp'>
ST_36 : Operation 477 [37/71] (3.65ns)   --->   "%gmem1_0_load_req = readreq i1 @_ssdm_op_ReadReq.m_axi.i32P1A, i32 %gmem1_0_addr, i64 1" [kernel.cpp:19]   --->   Operation 477 'readreq' 'gmem1_0_load_req' <Predicate = true> <Delay = 3.65> <CoreInst = "m_axi">   --->   Core 119 'm_axi' <Latency = 6> <II = 1> <Delay = 1.00> <Adapter> <Opcode : 'read' 'write' 'readreq' 'writereq' 'writeresp'>
ST_36 : Operation 478 [37/71] (3.65ns)   --->   "%gmem0_1_load_req = readreq i1 @_ssdm_op_ReadReq.m_axi.i32P1A, i32 %gmem0_1_addr, i64 1" [kernel.cpp:19]   --->   Operation 478 'readreq' 'gmem0_1_load_req' <Predicate = true> <Delay = 3.65> <CoreInst = "m_axi">   --->   Core 119 'm_axi' <Latency = 6> <II = 1> <Delay = 1.00> <Adapter> <Opcode : 'read' 'write' 'readreq' 'writereq' 'writeresp'>
ST_36 : Operation 479 [37/71] (3.65ns)   --->   "%gmem0_2_load_req = readreq i1 @_ssdm_op_ReadReq.m_axi.i32P1A, i32 %gmem0_2_addr, i64 1" [kernel.cpp:19]   --->   Operation 479 'readreq' 'gmem0_2_load_req' <Predicate = true> <Delay = 3.65> <CoreInst = "m_axi">   --->   Core 119 'm_axi' <Latency = 6> <II = 1> <Delay = 1.00> <Adapter> <Opcode : 'read' 'write' 'readreq' 'writereq' 'writeresp'>
ST_36 : Operation 480 [37/71] (3.65ns)   --->   "%gmem0_3_load_req = readreq i1 @_ssdm_op_ReadReq.m_axi.i32P1A, i32 %gmem0_3_addr, i64 1" [kernel.cpp:19]   --->   Operation 480 'readreq' 'gmem0_3_load_req' <Predicate = true> <Delay = 3.65> <CoreInst = "m_axi">   --->   Core 119 'm_axi' <Latency = 6> <II = 1> <Delay = 1.00> <Adapter> <Opcode : 'read' 'write' 'readreq' 'writereq' 'writeresp'>
ST_36 : Operation 481 [37/71] (3.65ns)   --->   "%gmem1_1_load_req = readreq i1 @_ssdm_op_ReadReq.m_axi.i32P1A, i32 %gmem1_1_addr, i64 1" [kernel.cpp:19]   --->   Operation 481 'readreq' 'gmem1_1_load_req' <Predicate = true> <Delay = 3.65> <CoreInst = "m_axi">   --->   Core 119 'm_axi' <Latency = 6> <II = 1> <Delay = 1.00> <Adapter> <Opcode : 'read' 'write' 'readreq' 'writereq' 'writeresp'>
ST_36 : Operation 482 [37/71] (3.65ns)   --->   "%gmem1_2_load_req = readreq i1 @_ssdm_op_ReadReq.m_axi.i32P1A, i32 %gmem1_2_addr, i64 1" [kernel.cpp:19]   --->   Operation 482 'readreq' 'gmem1_2_load_req' <Predicate = true> <Delay = 3.65> <CoreInst = "m_axi">   --->   Core 119 'm_axi' <Latency = 6> <II = 1> <Delay = 1.00> <Adapter> <Opcode : 'read' 'write' 'readreq' 'writereq' 'writeresp'>
ST_36 : Operation 483 [37/71] (3.65ns)   --->   "%gmem1_3_load_req = readreq i1 @_ssdm_op_ReadReq.m_axi.i32P1A, i32 %gmem1_3_addr, i64 1" [kernel.cpp:19]   --->   Operation 483 'readreq' 'gmem1_3_load_req' <Predicate = true> <Delay = 3.65> <CoreInst = "m_axi">   --->   Core 119 'm_axi' <Latency = 6> <II = 1> <Delay = 1.00> <Adapter> <Opcode : 'read' 'write' 'readreq' 'writereq' 'writeresp'>

State 37 <SV = 36> <Delay = 3.65>
ST_37 : Operation 484 [36/71] (3.65ns)   --->   "%gmem0_0_load_req = readreq i1 @_ssdm_op_ReadReq.m_axi.i32P1A, i32 %gmem0_0_addr, i64 1" [kernel.cpp:19]   --->   Operation 484 'readreq' 'gmem0_0_load_req' <Predicate = true> <Delay = 3.65> <CoreInst = "m_axi">   --->   Core 119 'm_axi' <Latency = 6> <II = 1> <Delay = 1.00> <Adapter> <Opcode : 'read' 'write' 'readreq' 'writereq' 'writeresp'>
ST_37 : Operation 485 [36/71] (3.65ns)   --->   "%gmem1_0_load_req = readreq i1 @_ssdm_op_ReadReq.m_axi.i32P1A, i32 %gmem1_0_addr, i64 1" [kernel.cpp:19]   --->   Operation 485 'readreq' 'gmem1_0_load_req' <Predicate = true> <Delay = 3.65> <CoreInst = "m_axi">   --->   Core 119 'm_axi' <Latency = 6> <II = 1> <Delay = 1.00> <Adapter> <Opcode : 'read' 'write' 'readreq' 'writereq' 'writeresp'>
ST_37 : Operation 486 [36/71] (3.65ns)   --->   "%gmem0_1_load_req = readreq i1 @_ssdm_op_ReadReq.m_axi.i32P1A, i32 %gmem0_1_addr, i64 1" [kernel.cpp:19]   --->   Operation 486 'readreq' 'gmem0_1_load_req' <Predicate = true> <Delay = 3.65> <CoreInst = "m_axi">   --->   Core 119 'm_axi' <Latency = 6> <II = 1> <Delay = 1.00> <Adapter> <Opcode : 'read' 'write' 'readreq' 'writereq' 'writeresp'>
ST_37 : Operation 487 [36/71] (3.65ns)   --->   "%gmem0_2_load_req = readreq i1 @_ssdm_op_ReadReq.m_axi.i32P1A, i32 %gmem0_2_addr, i64 1" [kernel.cpp:19]   --->   Operation 487 'readreq' 'gmem0_2_load_req' <Predicate = true> <Delay = 3.65> <CoreInst = "m_axi">   --->   Core 119 'm_axi' <Latency = 6> <II = 1> <Delay = 1.00> <Adapter> <Opcode : 'read' 'write' 'readreq' 'writereq' 'writeresp'>
ST_37 : Operation 488 [36/71] (3.65ns)   --->   "%gmem0_3_load_req = readreq i1 @_ssdm_op_ReadReq.m_axi.i32P1A, i32 %gmem0_3_addr, i64 1" [kernel.cpp:19]   --->   Operation 488 'readreq' 'gmem0_3_load_req' <Predicate = true> <Delay = 3.65> <CoreInst = "m_axi">   --->   Core 119 'm_axi' <Latency = 6> <II = 1> <Delay = 1.00> <Adapter> <Opcode : 'read' 'write' 'readreq' 'writereq' 'writeresp'>
ST_37 : Operation 489 [36/71] (3.65ns)   --->   "%gmem1_1_load_req = readreq i1 @_ssdm_op_ReadReq.m_axi.i32P1A, i32 %gmem1_1_addr, i64 1" [kernel.cpp:19]   --->   Operation 489 'readreq' 'gmem1_1_load_req' <Predicate = true> <Delay = 3.65> <CoreInst = "m_axi">   --->   Core 119 'm_axi' <Latency = 6> <II = 1> <Delay = 1.00> <Adapter> <Opcode : 'read' 'write' 'readreq' 'writereq' 'writeresp'>
ST_37 : Operation 490 [36/71] (3.65ns)   --->   "%gmem1_2_load_req = readreq i1 @_ssdm_op_ReadReq.m_axi.i32P1A, i32 %gmem1_2_addr, i64 1" [kernel.cpp:19]   --->   Operation 490 'readreq' 'gmem1_2_load_req' <Predicate = true> <Delay = 3.65> <CoreInst = "m_axi">   --->   Core 119 'm_axi' <Latency = 6> <II = 1> <Delay = 1.00> <Adapter> <Opcode : 'read' 'write' 'readreq' 'writereq' 'writeresp'>
ST_37 : Operation 491 [36/71] (3.65ns)   --->   "%gmem1_3_load_req = readreq i1 @_ssdm_op_ReadReq.m_axi.i32P1A, i32 %gmem1_3_addr, i64 1" [kernel.cpp:19]   --->   Operation 491 'readreq' 'gmem1_3_load_req' <Predicate = true> <Delay = 3.65> <CoreInst = "m_axi">   --->   Core 119 'm_axi' <Latency = 6> <II = 1> <Delay = 1.00> <Adapter> <Opcode : 'read' 'write' 'readreq' 'writereq' 'writeresp'>

State 38 <SV = 37> <Delay = 3.65>
ST_38 : Operation 492 [35/71] (3.65ns)   --->   "%gmem0_0_load_req = readreq i1 @_ssdm_op_ReadReq.m_axi.i32P1A, i32 %gmem0_0_addr, i64 1" [kernel.cpp:19]   --->   Operation 492 'readreq' 'gmem0_0_load_req' <Predicate = true> <Delay = 3.65> <CoreInst = "m_axi">   --->   Core 119 'm_axi' <Latency = 6> <II = 1> <Delay = 1.00> <Adapter> <Opcode : 'read' 'write' 'readreq' 'writereq' 'writeresp'>
ST_38 : Operation 493 [35/71] (3.65ns)   --->   "%gmem1_0_load_req = readreq i1 @_ssdm_op_ReadReq.m_axi.i32P1A, i32 %gmem1_0_addr, i64 1" [kernel.cpp:19]   --->   Operation 493 'readreq' 'gmem1_0_load_req' <Predicate = true> <Delay = 3.65> <CoreInst = "m_axi">   --->   Core 119 'm_axi' <Latency = 6> <II = 1> <Delay = 1.00> <Adapter> <Opcode : 'read' 'write' 'readreq' 'writereq' 'writeresp'>
ST_38 : Operation 494 [35/71] (3.65ns)   --->   "%gmem0_1_load_req = readreq i1 @_ssdm_op_ReadReq.m_axi.i32P1A, i32 %gmem0_1_addr, i64 1" [kernel.cpp:19]   --->   Operation 494 'readreq' 'gmem0_1_load_req' <Predicate = true> <Delay = 3.65> <CoreInst = "m_axi">   --->   Core 119 'm_axi' <Latency = 6> <II = 1> <Delay = 1.00> <Adapter> <Opcode : 'read' 'write' 'readreq' 'writereq' 'writeresp'>
ST_38 : Operation 495 [35/71] (3.65ns)   --->   "%gmem0_2_load_req = readreq i1 @_ssdm_op_ReadReq.m_axi.i32P1A, i32 %gmem0_2_addr, i64 1" [kernel.cpp:19]   --->   Operation 495 'readreq' 'gmem0_2_load_req' <Predicate = true> <Delay = 3.65> <CoreInst = "m_axi">   --->   Core 119 'm_axi' <Latency = 6> <II = 1> <Delay = 1.00> <Adapter> <Opcode : 'read' 'write' 'readreq' 'writereq' 'writeresp'>
ST_38 : Operation 496 [35/71] (3.65ns)   --->   "%gmem0_3_load_req = readreq i1 @_ssdm_op_ReadReq.m_axi.i32P1A, i32 %gmem0_3_addr, i64 1" [kernel.cpp:19]   --->   Operation 496 'readreq' 'gmem0_3_load_req' <Predicate = true> <Delay = 3.65> <CoreInst = "m_axi">   --->   Core 119 'm_axi' <Latency = 6> <II = 1> <Delay = 1.00> <Adapter> <Opcode : 'read' 'write' 'readreq' 'writereq' 'writeresp'>
ST_38 : Operation 497 [35/71] (3.65ns)   --->   "%gmem1_1_load_req = readreq i1 @_ssdm_op_ReadReq.m_axi.i32P1A, i32 %gmem1_1_addr, i64 1" [kernel.cpp:19]   --->   Operation 497 'readreq' 'gmem1_1_load_req' <Predicate = true> <Delay = 3.65> <CoreInst = "m_axi">   --->   Core 119 'm_axi' <Latency = 6> <II = 1> <Delay = 1.00> <Adapter> <Opcode : 'read' 'write' 'readreq' 'writereq' 'writeresp'>
ST_38 : Operation 498 [35/71] (3.65ns)   --->   "%gmem1_2_load_req = readreq i1 @_ssdm_op_ReadReq.m_axi.i32P1A, i32 %gmem1_2_addr, i64 1" [kernel.cpp:19]   --->   Operation 498 'readreq' 'gmem1_2_load_req' <Predicate = true> <Delay = 3.65> <CoreInst = "m_axi">   --->   Core 119 'm_axi' <Latency = 6> <II = 1> <Delay = 1.00> <Adapter> <Opcode : 'read' 'write' 'readreq' 'writereq' 'writeresp'>
ST_38 : Operation 499 [35/71] (3.65ns)   --->   "%gmem1_3_load_req = readreq i1 @_ssdm_op_ReadReq.m_axi.i32P1A, i32 %gmem1_3_addr, i64 1" [kernel.cpp:19]   --->   Operation 499 'readreq' 'gmem1_3_load_req' <Predicate = true> <Delay = 3.65> <CoreInst = "m_axi">   --->   Core 119 'm_axi' <Latency = 6> <II = 1> <Delay = 1.00> <Adapter> <Opcode : 'read' 'write' 'readreq' 'writereq' 'writeresp'>

State 39 <SV = 38> <Delay = 3.65>
ST_39 : Operation 500 [34/71] (3.65ns)   --->   "%gmem0_0_load_req = readreq i1 @_ssdm_op_ReadReq.m_axi.i32P1A, i32 %gmem0_0_addr, i64 1" [kernel.cpp:19]   --->   Operation 500 'readreq' 'gmem0_0_load_req' <Predicate = true> <Delay = 3.65> <CoreInst = "m_axi">   --->   Core 119 'm_axi' <Latency = 6> <II = 1> <Delay = 1.00> <Adapter> <Opcode : 'read' 'write' 'readreq' 'writereq' 'writeresp'>
ST_39 : Operation 501 [34/71] (3.65ns)   --->   "%gmem1_0_load_req = readreq i1 @_ssdm_op_ReadReq.m_axi.i32P1A, i32 %gmem1_0_addr, i64 1" [kernel.cpp:19]   --->   Operation 501 'readreq' 'gmem1_0_load_req' <Predicate = true> <Delay = 3.65> <CoreInst = "m_axi">   --->   Core 119 'm_axi' <Latency = 6> <II = 1> <Delay = 1.00> <Adapter> <Opcode : 'read' 'write' 'readreq' 'writereq' 'writeresp'>
ST_39 : Operation 502 [34/71] (3.65ns)   --->   "%gmem0_1_load_req = readreq i1 @_ssdm_op_ReadReq.m_axi.i32P1A, i32 %gmem0_1_addr, i64 1" [kernel.cpp:19]   --->   Operation 502 'readreq' 'gmem0_1_load_req' <Predicate = true> <Delay = 3.65> <CoreInst = "m_axi">   --->   Core 119 'm_axi' <Latency = 6> <II = 1> <Delay = 1.00> <Adapter> <Opcode : 'read' 'write' 'readreq' 'writereq' 'writeresp'>
ST_39 : Operation 503 [34/71] (3.65ns)   --->   "%gmem0_2_load_req = readreq i1 @_ssdm_op_ReadReq.m_axi.i32P1A, i32 %gmem0_2_addr, i64 1" [kernel.cpp:19]   --->   Operation 503 'readreq' 'gmem0_2_load_req' <Predicate = true> <Delay = 3.65> <CoreInst = "m_axi">   --->   Core 119 'm_axi' <Latency = 6> <II = 1> <Delay = 1.00> <Adapter> <Opcode : 'read' 'write' 'readreq' 'writereq' 'writeresp'>
ST_39 : Operation 504 [34/71] (3.65ns)   --->   "%gmem0_3_load_req = readreq i1 @_ssdm_op_ReadReq.m_axi.i32P1A, i32 %gmem0_3_addr, i64 1" [kernel.cpp:19]   --->   Operation 504 'readreq' 'gmem0_3_load_req' <Predicate = true> <Delay = 3.65> <CoreInst = "m_axi">   --->   Core 119 'm_axi' <Latency = 6> <II = 1> <Delay = 1.00> <Adapter> <Opcode : 'read' 'write' 'readreq' 'writereq' 'writeresp'>
ST_39 : Operation 505 [34/71] (3.65ns)   --->   "%gmem1_1_load_req = readreq i1 @_ssdm_op_ReadReq.m_axi.i32P1A, i32 %gmem1_1_addr, i64 1" [kernel.cpp:19]   --->   Operation 505 'readreq' 'gmem1_1_load_req' <Predicate = true> <Delay = 3.65> <CoreInst = "m_axi">   --->   Core 119 'm_axi' <Latency = 6> <II = 1> <Delay = 1.00> <Adapter> <Opcode : 'read' 'write' 'readreq' 'writereq' 'writeresp'>
ST_39 : Operation 506 [34/71] (3.65ns)   --->   "%gmem1_2_load_req = readreq i1 @_ssdm_op_ReadReq.m_axi.i32P1A, i32 %gmem1_2_addr, i64 1" [kernel.cpp:19]   --->   Operation 506 'readreq' 'gmem1_2_load_req' <Predicate = true> <Delay = 3.65> <CoreInst = "m_axi">   --->   Core 119 'm_axi' <Latency = 6> <II = 1> <Delay = 1.00> <Adapter> <Opcode : 'read' 'write' 'readreq' 'writereq' 'writeresp'>
ST_39 : Operation 507 [34/71] (3.65ns)   --->   "%gmem1_3_load_req = readreq i1 @_ssdm_op_ReadReq.m_axi.i32P1A, i32 %gmem1_3_addr, i64 1" [kernel.cpp:19]   --->   Operation 507 'readreq' 'gmem1_3_load_req' <Predicate = true> <Delay = 3.65> <CoreInst = "m_axi">   --->   Core 119 'm_axi' <Latency = 6> <II = 1> <Delay = 1.00> <Adapter> <Opcode : 'read' 'write' 'readreq' 'writereq' 'writeresp'>

State 40 <SV = 39> <Delay = 3.65>
ST_40 : Operation 508 [33/71] (3.65ns)   --->   "%gmem0_0_load_req = readreq i1 @_ssdm_op_ReadReq.m_axi.i32P1A, i32 %gmem0_0_addr, i64 1" [kernel.cpp:19]   --->   Operation 508 'readreq' 'gmem0_0_load_req' <Predicate = true> <Delay = 3.65> <CoreInst = "m_axi">   --->   Core 119 'm_axi' <Latency = 6> <II = 1> <Delay = 1.00> <Adapter> <Opcode : 'read' 'write' 'readreq' 'writereq' 'writeresp'>
ST_40 : Operation 509 [33/71] (3.65ns)   --->   "%gmem1_0_load_req = readreq i1 @_ssdm_op_ReadReq.m_axi.i32P1A, i32 %gmem1_0_addr, i64 1" [kernel.cpp:19]   --->   Operation 509 'readreq' 'gmem1_0_load_req' <Predicate = true> <Delay = 3.65> <CoreInst = "m_axi">   --->   Core 119 'm_axi' <Latency = 6> <II = 1> <Delay = 1.00> <Adapter> <Opcode : 'read' 'write' 'readreq' 'writereq' 'writeresp'>
ST_40 : Operation 510 [33/71] (3.65ns)   --->   "%gmem0_1_load_req = readreq i1 @_ssdm_op_ReadReq.m_axi.i32P1A, i32 %gmem0_1_addr, i64 1" [kernel.cpp:19]   --->   Operation 510 'readreq' 'gmem0_1_load_req' <Predicate = true> <Delay = 3.65> <CoreInst = "m_axi">   --->   Core 119 'm_axi' <Latency = 6> <II = 1> <Delay = 1.00> <Adapter> <Opcode : 'read' 'write' 'readreq' 'writereq' 'writeresp'>
ST_40 : Operation 511 [33/71] (3.65ns)   --->   "%gmem0_2_load_req = readreq i1 @_ssdm_op_ReadReq.m_axi.i32P1A, i32 %gmem0_2_addr, i64 1" [kernel.cpp:19]   --->   Operation 511 'readreq' 'gmem0_2_load_req' <Predicate = true> <Delay = 3.65> <CoreInst = "m_axi">   --->   Core 119 'm_axi' <Latency = 6> <II = 1> <Delay = 1.00> <Adapter> <Opcode : 'read' 'write' 'readreq' 'writereq' 'writeresp'>
ST_40 : Operation 512 [33/71] (3.65ns)   --->   "%gmem0_3_load_req = readreq i1 @_ssdm_op_ReadReq.m_axi.i32P1A, i32 %gmem0_3_addr, i64 1" [kernel.cpp:19]   --->   Operation 512 'readreq' 'gmem0_3_load_req' <Predicate = true> <Delay = 3.65> <CoreInst = "m_axi">   --->   Core 119 'm_axi' <Latency = 6> <II = 1> <Delay = 1.00> <Adapter> <Opcode : 'read' 'write' 'readreq' 'writereq' 'writeresp'>
ST_40 : Operation 513 [33/71] (3.65ns)   --->   "%gmem1_1_load_req = readreq i1 @_ssdm_op_ReadReq.m_axi.i32P1A, i32 %gmem1_1_addr, i64 1" [kernel.cpp:19]   --->   Operation 513 'readreq' 'gmem1_1_load_req' <Predicate = true> <Delay = 3.65> <CoreInst = "m_axi">   --->   Core 119 'm_axi' <Latency = 6> <II = 1> <Delay = 1.00> <Adapter> <Opcode : 'read' 'write' 'readreq' 'writereq' 'writeresp'>
ST_40 : Operation 514 [33/71] (3.65ns)   --->   "%gmem1_2_load_req = readreq i1 @_ssdm_op_ReadReq.m_axi.i32P1A, i32 %gmem1_2_addr, i64 1" [kernel.cpp:19]   --->   Operation 514 'readreq' 'gmem1_2_load_req' <Predicate = true> <Delay = 3.65> <CoreInst = "m_axi">   --->   Core 119 'm_axi' <Latency = 6> <II = 1> <Delay = 1.00> <Adapter> <Opcode : 'read' 'write' 'readreq' 'writereq' 'writeresp'>
ST_40 : Operation 515 [33/71] (3.65ns)   --->   "%gmem1_3_load_req = readreq i1 @_ssdm_op_ReadReq.m_axi.i32P1A, i32 %gmem1_3_addr, i64 1" [kernel.cpp:19]   --->   Operation 515 'readreq' 'gmem1_3_load_req' <Predicate = true> <Delay = 3.65> <CoreInst = "m_axi">   --->   Core 119 'm_axi' <Latency = 6> <II = 1> <Delay = 1.00> <Adapter> <Opcode : 'read' 'write' 'readreq' 'writereq' 'writeresp'>

State 41 <SV = 40> <Delay = 3.65>
ST_41 : Operation 516 [32/71] (3.65ns)   --->   "%gmem0_0_load_req = readreq i1 @_ssdm_op_ReadReq.m_axi.i32P1A, i32 %gmem0_0_addr, i64 1" [kernel.cpp:19]   --->   Operation 516 'readreq' 'gmem0_0_load_req' <Predicate = true> <Delay = 3.65> <CoreInst = "m_axi">   --->   Core 119 'm_axi' <Latency = 6> <II = 1> <Delay = 1.00> <Adapter> <Opcode : 'read' 'write' 'readreq' 'writereq' 'writeresp'>
ST_41 : Operation 517 [32/71] (3.65ns)   --->   "%gmem1_0_load_req = readreq i1 @_ssdm_op_ReadReq.m_axi.i32P1A, i32 %gmem1_0_addr, i64 1" [kernel.cpp:19]   --->   Operation 517 'readreq' 'gmem1_0_load_req' <Predicate = true> <Delay = 3.65> <CoreInst = "m_axi">   --->   Core 119 'm_axi' <Latency = 6> <II = 1> <Delay = 1.00> <Adapter> <Opcode : 'read' 'write' 'readreq' 'writereq' 'writeresp'>
ST_41 : Operation 518 [32/71] (3.65ns)   --->   "%gmem0_1_load_req = readreq i1 @_ssdm_op_ReadReq.m_axi.i32P1A, i32 %gmem0_1_addr, i64 1" [kernel.cpp:19]   --->   Operation 518 'readreq' 'gmem0_1_load_req' <Predicate = true> <Delay = 3.65> <CoreInst = "m_axi">   --->   Core 119 'm_axi' <Latency = 6> <II = 1> <Delay = 1.00> <Adapter> <Opcode : 'read' 'write' 'readreq' 'writereq' 'writeresp'>
ST_41 : Operation 519 [32/71] (3.65ns)   --->   "%gmem0_2_load_req = readreq i1 @_ssdm_op_ReadReq.m_axi.i32P1A, i32 %gmem0_2_addr, i64 1" [kernel.cpp:19]   --->   Operation 519 'readreq' 'gmem0_2_load_req' <Predicate = true> <Delay = 3.65> <CoreInst = "m_axi">   --->   Core 119 'm_axi' <Latency = 6> <II = 1> <Delay = 1.00> <Adapter> <Opcode : 'read' 'write' 'readreq' 'writereq' 'writeresp'>
ST_41 : Operation 520 [32/71] (3.65ns)   --->   "%gmem0_3_load_req = readreq i1 @_ssdm_op_ReadReq.m_axi.i32P1A, i32 %gmem0_3_addr, i64 1" [kernel.cpp:19]   --->   Operation 520 'readreq' 'gmem0_3_load_req' <Predicate = true> <Delay = 3.65> <CoreInst = "m_axi">   --->   Core 119 'm_axi' <Latency = 6> <II = 1> <Delay = 1.00> <Adapter> <Opcode : 'read' 'write' 'readreq' 'writereq' 'writeresp'>
ST_41 : Operation 521 [32/71] (3.65ns)   --->   "%gmem1_1_load_req = readreq i1 @_ssdm_op_ReadReq.m_axi.i32P1A, i32 %gmem1_1_addr, i64 1" [kernel.cpp:19]   --->   Operation 521 'readreq' 'gmem1_1_load_req' <Predicate = true> <Delay = 3.65> <CoreInst = "m_axi">   --->   Core 119 'm_axi' <Latency = 6> <II = 1> <Delay = 1.00> <Adapter> <Opcode : 'read' 'write' 'readreq' 'writereq' 'writeresp'>
ST_41 : Operation 522 [32/71] (3.65ns)   --->   "%gmem1_2_load_req = readreq i1 @_ssdm_op_ReadReq.m_axi.i32P1A, i32 %gmem1_2_addr, i64 1" [kernel.cpp:19]   --->   Operation 522 'readreq' 'gmem1_2_load_req' <Predicate = true> <Delay = 3.65> <CoreInst = "m_axi">   --->   Core 119 'm_axi' <Latency = 6> <II = 1> <Delay = 1.00> <Adapter> <Opcode : 'read' 'write' 'readreq' 'writereq' 'writeresp'>
ST_41 : Operation 523 [32/71] (3.65ns)   --->   "%gmem1_3_load_req = readreq i1 @_ssdm_op_ReadReq.m_axi.i32P1A, i32 %gmem1_3_addr, i64 1" [kernel.cpp:19]   --->   Operation 523 'readreq' 'gmem1_3_load_req' <Predicate = true> <Delay = 3.65> <CoreInst = "m_axi">   --->   Core 119 'm_axi' <Latency = 6> <II = 1> <Delay = 1.00> <Adapter> <Opcode : 'read' 'write' 'readreq' 'writereq' 'writeresp'>

State 42 <SV = 41> <Delay = 3.65>
ST_42 : Operation 524 [31/71] (3.65ns)   --->   "%gmem0_0_load_req = readreq i1 @_ssdm_op_ReadReq.m_axi.i32P1A, i32 %gmem0_0_addr, i64 1" [kernel.cpp:19]   --->   Operation 524 'readreq' 'gmem0_0_load_req' <Predicate = true> <Delay = 3.65> <CoreInst = "m_axi">   --->   Core 119 'm_axi' <Latency = 6> <II = 1> <Delay = 1.00> <Adapter> <Opcode : 'read' 'write' 'readreq' 'writereq' 'writeresp'>
ST_42 : Operation 525 [31/71] (3.65ns)   --->   "%gmem1_0_load_req = readreq i1 @_ssdm_op_ReadReq.m_axi.i32P1A, i32 %gmem1_0_addr, i64 1" [kernel.cpp:19]   --->   Operation 525 'readreq' 'gmem1_0_load_req' <Predicate = true> <Delay = 3.65> <CoreInst = "m_axi">   --->   Core 119 'm_axi' <Latency = 6> <II = 1> <Delay = 1.00> <Adapter> <Opcode : 'read' 'write' 'readreq' 'writereq' 'writeresp'>
ST_42 : Operation 526 [31/71] (3.65ns)   --->   "%gmem0_1_load_req = readreq i1 @_ssdm_op_ReadReq.m_axi.i32P1A, i32 %gmem0_1_addr, i64 1" [kernel.cpp:19]   --->   Operation 526 'readreq' 'gmem0_1_load_req' <Predicate = true> <Delay = 3.65> <CoreInst = "m_axi">   --->   Core 119 'm_axi' <Latency = 6> <II = 1> <Delay = 1.00> <Adapter> <Opcode : 'read' 'write' 'readreq' 'writereq' 'writeresp'>
ST_42 : Operation 527 [31/71] (3.65ns)   --->   "%gmem0_2_load_req = readreq i1 @_ssdm_op_ReadReq.m_axi.i32P1A, i32 %gmem0_2_addr, i64 1" [kernel.cpp:19]   --->   Operation 527 'readreq' 'gmem0_2_load_req' <Predicate = true> <Delay = 3.65> <CoreInst = "m_axi">   --->   Core 119 'm_axi' <Latency = 6> <II = 1> <Delay = 1.00> <Adapter> <Opcode : 'read' 'write' 'readreq' 'writereq' 'writeresp'>
ST_42 : Operation 528 [31/71] (3.65ns)   --->   "%gmem0_3_load_req = readreq i1 @_ssdm_op_ReadReq.m_axi.i32P1A, i32 %gmem0_3_addr, i64 1" [kernel.cpp:19]   --->   Operation 528 'readreq' 'gmem0_3_load_req' <Predicate = true> <Delay = 3.65> <CoreInst = "m_axi">   --->   Core 119 'm_axi' <Latency = 6> <II = 1> <Delay = 1.00> <Adapter> <Opcode : 'read' 'write' 'readreq' 'writereq' 'writeresp'>
ST_42 : Operation 529 [31/71] (3.65ns)   --->   "%gmem1_1_load_req = readreq i1 @_ssdm_op_ReadReq.m_axi.i32P1A, i32 %gmem1_1_addr, i64 1" [kernel.cpp:19]   --->   Operation 529 'readreq' 'gmem1_1_load_req' <Predicate = true> <Delay = 3.65> <CoreInst = "m_axi">   --->   Core 119 'm_axi' <Latency = 6> <II = 1> <Delay = 1.00> <Adapter> <Opcode : 'read' 'write' 'readreq' 'writereq' 'writeresp'>
ST_42 : Operation 530 [31/71] (3.65ns)   --->   "%gmem1_2_load_req = readreq i1 @_ssdm_op_ReadReq.m_axi.i32P1A, i32 %gmem1_2_addr, i64 1" [kernel.cpp:19]   --->   Operation 530 'readreq' 'gmem1_2_load_req' <Predicate = true> <Delay = 3.65> <CoreInst = "m_axi">   --->   Core 119 'm_axi' <Latency = 6> <II = 1> <Delay = 1.00> <Adapter> <Opcode : 'read' 'write' 'readreq' 'writereq' 'writeresp'>
ST_42 : Operation 531 [31/71] (3.65ns)   --->   "%gmem1_3_load_req = readreq i1 @_ssdm_op_ReadReq.m_axi.i32P1A, i32 %gmem1_3_addr, i64 1" [kernel.cpp:19]   --->   Operation 531 'readreq' 'gmem1_3_load_req' <Predicate = true> <Delay = 3.65> <CoreInst = "m_axi">   --->   Core 119 'm_axi' <Latency = 6> <II = 1> <Delay = 1.00> <Adapter> <Opcode : 'read' 'write' 'readreq' 'writereq' 'writeresp'>

State 43 <SV = 42> <Delay = 3.65>
ST_43 : Operation 532 [30/71] (3.65ns)   --->   "%gmem0_0_load_req = readreq i1 @_ssdm_op_ReadReq.m_axi.i32P1A, i32 %gmem0_0_addr, i64 1" [kernel.cpp:19]   --->   Operation 532 'readreq' 'gmem0_0_load_req' <Predicate = true> <Delay = 3.65> <CoreInst = "m_axi">   --->   Core 119 'm_axi' <Latency = 6> <II = 1> <Delay = 1.00> <Adapter> <Opcode : 'read' 'write' 'readreq' 'writereq' 'writeresp'>
ST_43 : Operation 533 [30/71] (3.65ns)   --->   "%gmem1_0_load_req = readreq i1 @_ssdm_op_ReadReq.m_axi.i32P1A, i32 %gmem1_0_addr, i64 1" [kernel.cpp:19]   --->   Operation 533 'readreq' 'gmem1_0_load_req' <Predicate = true> <Delay = 3.65> <CoreInst = "m_axi">   --->   Core 119 'm_axi' <Latency = 6> <II = 1> <Delay = 1.00> <Adapter> <Opcode : 'read' 'write' 'readreq' 'writereq' 'writeresp'>
ST_43 : Operation 534 [30/71] (3.65ns)   --->   "%gmem0_1_load_req = readreq i1 @_ssdm_op_ReadReq.m_axi.i32P1A, i32 %gmem0_1_addr, i64 1" [kernel.cpp:19]   --->   Operation 534 'readreq' 'gmem0_1_load_req' <Predicate = true> <Delay = 3.65> <CoreInst = "m_axi">   --->   Core 119 'm_axi' <Latency = 6> <II = 1> <Delay = 1.00> <Adapter> <Opcode : 'read' 'write' 'readreq' 'writereq' 'writeresp'>
ST_43 : Operation 535 [30/71] (3.65ns)   --->   "%gmem0_2_load_req = readreq i1 @_ssdm_op_ReadReq.m_axi.i32P1A, i32 %gmem0_2_addr, i64 1" [kernel.cpp:19]   --->   Operation 535 'readreq' 'gmem0_2_load_req' <Predicate = true> <Delay = 3.65> <CoreInst = "m_axi">   --->   Core 119 'm_axi' <Latency = 6> <II = 1> <Delay = 1.00> <Adapter> <Opcode : 'read' 'write' 'readreq' 'writereq' 'writeresp'>
ST_43 : Operation 536 [30/71] (3.65ns)   --->   "%gmem0_3_load_req = readreq i1 @_ssdm_op_ReadReq.m_axi.i32P1A, i32 %gmem0_3_addr, i64 1" [kernel.cpp:19]   --->   Operation 536 'readreq' 'gmem0_3_load_req' <Predicate = true> <Delay = 3.65> <CoreInst = "m_axi">   --->   Core 119 'm_axi' <Latency = 6> <II = 1> <Delay = 1.00> <Adapter> <Opcode : 'read' 'write' 'readreq' 'writereq' 'writeresp'>
ST_43 : Operation 537 [30/71] (3.65ns)   --->   "%gmem1_1_load_req = readreq i1 @_ssdm_op_ReadReq.m_axi.i32P1A, i32 %gmem1_1_addr, i64 1" [kernel.cpp:19]   --->   Operation 537 'readreq' 'gmem1_1_load_req' <Predicate = true> <Delay = 3.65> <CoreInst = "m_axi">   --->   Core 119 'm_axi' <Latency = 6> <II = 1> <Delay = 1.00> <Adapter> <Opcode : 'read' 'write' 'readreq' 'writereq' 'writeresp'>
ST_43 : Operation 538 [30/71] (3.65ns)   --->   "%gmem1_2_load_req = readreq i1 @_ssdm_op_ReadReq.m_axi.i32P1A, i32 %gmem1_2_addr, i64 1" [kernel.cpp:19]   --->   Operation 538 'readreq' 'gmem1_2_load_req' <Predicate = true> <Delay = 3.65> <CoreInst = "m_axi">   --->   Core 119 'm_axi' <Latency = 6> <II = 1> <Delay = 1.00> <Adapter> <Opcode : 'read' 'write' 'readreq' 'writereq' 'writeresp'>
ST_43 : Operation 539 [30/71] (3.65ns)   --->   "%gmem1_3_load_req = readreq i1 @_ssdm_op_ReadReq.m_axi.i32P1A, i32 %gmem1_3_addr, i64 1" [kernel.cpp:19]   --->   Operation 539 'readreq' 'gmem1_3_load_req' <Predicate = true> <Delay = 3.65> <CoreInst = "m_axi">   --->   Core 119 'm_axi' <Latency = 6> <II = 1> <Delay = 1.00> <Adapter> <Opcode : 'read' 'write' 'readreq' 'writereq' 'writeresp'>

State 44 <SV = 43> <Delay = 3.65>
ST_44 : Operation 540 [29/71] (3.65ns)   --->   "%gmem0_0_load_req = readreq i1 @_ssdm_op_ReadReq.m_axi.i32P1A, i32 %gmem0_0_addr, i64 1" [kernel.cpp:19]   --->   Operation 540 'readreq' 'gmem0_0_load_req' <Predicate = true> <Delay = 3.65> <CoreInst = "m_axi">   --->   Core 119 'm_axi' <Latency = 6> <II = 1> <Delay = 1.00> <Adapter> <Opcode : 'read' 'write' 'readreq' 'writereq' 'writeresp'>
ST_44 : Operation 541 [29/71] (3.65ns)   --->   "%gmem1_0_load_req = readreq i1 @_ssdm_op_ReadReq.m_axi.i32P1A, i32 %gmem1_0_addr, i64 1" [kernel.cpp:19]   --->   Operation 541 'readreq' 'gmem1_0_load_req' <Predicate = true> <Delay = 3.65> <CoreInst = "m_axi">   --->   Core 119 'm_axi' <Latency = 6> <II = 1> <Delay = 1.00> <Adapter> <Opcode : 'read' 'write' 'readreq' 'writereq' 'writeresp'>
ST_44 : Operation 542 [29/71] (3.65ns)   --->   "%gmem0_1_load_req = readreq i1 @_ssdm_op_ReadReq.m_axi.i32P1A, i32 %gmem0_1_addr, i64 1" [kernel.cpp:19]   --->   Operation 542 'readreq' 'gmem0_1_load_req' <Predicate = true> <Delay = 3.65> <CoreInst = "m_axi">   --->   Core 119 'm_axi' <Latency = 6> <II = 1> <Delay = 1.00> <Adapter> <Opcode : 'read' 'write' 'readreq' 'writereq' 'writeresp'>
ST_44 : Operation 543 [29/71] (3.65ns)   --->   "%gmem0_2_load_req = readreq i1 @_ssdm_op_ReadReq.m_axi.i32P1A, i32 %gmem0_2_addr, i64 1" [kernel.cpp:19]   --->   Operation 543 'readreq' 'gmem0_2_load_req' <Predicate = true> <Delay = 3.65> <CoreInst = "m_axi">   --->   Core 119 'm_axi' <Latency = 6> <II = 1> <Delay = 1.00> <Adapter> <Opcode : 'read' 'write' 'readreq' 'writereq' 'writeresp'>
ST_44 : Operation 544 [29/71] (3.65ns)   --->   "%gmem0_3_load_req = readreq i1 @_ssdm_op_ReadReq.m_axi.i32P1A, i32 %gmem0_3_addr, i64 1" [kernel.cpp:19]   --->   Operation 544 'readreq' 'gmem0_3_load_req' <Predicate = true> <Delay = 3.65> <CoreInst = "m_axi">   --->   Core 119 'm_axi' <Latency = 6> <II = 1> <Delay = 1.00> <Adapter> <Opcode : 'read' 'write' 'readreq' 'writereq' 'writeresp'>
ST_44 : Operation 545 [29/71] (3.65ns)   --->   "%gmem1_1_load_req = readreq i1 @_ssdm_op_ReadReq.m_axi.i32P1A, i32 %gmem1_1_addr, i64 1" [kernel.cpp:19]   --->   Operation 545 'readreq' 'gmem1_1_load_req' <Predicate = true> <Delay = 3.65> <CoreInst = "m_axi">   --->   Core 119 'm_axi' <Latency = 6> <II = 1> <Delay = 1.00> <Adapter> <Opcode : 'read' 'write' 'readreq' 'writereq' 'writeresp'>
ST_44 : Operation 546 [29/71] (3.65ns)   --->   "%gmem1_2_load_req = readreq i1 @_ssdm_op_ReadReq.m_axi.i32P1A, i32 %gmem1_2_addr, i64 1" [kernel.cpp:19]   --->   Operation 546 'readreq' 'gmem1_2_load_req' <Predicate = true> <Delay = 3.65> <CoreInst = "m_axi">   --->   Core 119 'm_axi' <Latency = 6> <II = 1> <Delay = 1.00> <Adapter> <Opcode : 'read' 'write' 'readreq' 'writereq' 'writeresp'>
ST_44 : Operation 547 [29/71] (3.65ns)   --->   "%gmem1_3_load_req = readreq i1 @_ssdm_op_ReadReq.m_axi.i32P1A, i32 %gmem1_3_addr, i64 1" [kernel.cpp:19]   --->   Operation 547 'readreq' 'gmem1_3_load_req' <Predicate = true> <Delay = 3.65> <CoreInst = "m_axi">   --->   Core 119 'm_axi' <Latency = 6> <II = 1> <Delay = 1.00> <Adapter> <Opcode : 'read' 'write' 'readreq' 'writereq' 'writeresp'>

State 45 <SV = 44> <Delay = 3.65>
ST_45 : Operation 548 [28/71] (3.65ns)   --->   "%gmem0_0_load_req = readreq i1 @_ssdm_op_ReadReq.m_axi.i32P1A, i32 %gmem0_0_addr, i64 1" [kernel.cpp:19]   --->   Operation 548 'readreq' 'gmem0_0_load_req' <Predicate = true> <Delay = 3.65> <CoreInst = "m_axi">   --->   Core 119 'm_axi' <Latency = 6> <II = 1> <Delay = 1.00> <Adapter> <Opcode : 'read' 'write' 'readreq' 'writereq' 'writeresp'>
ST_45 : Operation 549 [28/71] (3.65ns)   --->   "%gmem1_0_load_req = readreq i1 @_ssdm_op_ReadReq.m_axi.i32P1A, i32 %gmem1_0_addr, i64 1" [kernel.cpp:19]   --->   Operation 549 'readreq' 'gmem1_0_load_req' <Predicate = true> <Delay = 3.65> <CoreInst = "m_axi">   --->   Core 119 'm_axi' <Latency = 6> <II = 1> <Delay = 1.00> <Adapter> <Opcode : 'read' 'write' 'readreq' 'writereq' 'writeresp'>
ST_45 : Operation 550 [28/71] (3.65ns)   --->   "%gmem0_1_load_req = readreq i1 @_ssdm_op_ReadReq.m_axi.i32P1A, i32 %gmem0_1_addr, i64 1" [kernel.cpp:19]   --->   Operation 550 'readreq' 'gmem0_1_load_req' <Predicate = true> <Delay = 3.65> <CoreInst = "m_axi">   --->   Core 119 'm_axi' <Latency = 6> <II = 1> <Delay = 1.00> <Adapter> <Opcode : 'read' 'write' 'readreq' 'writereq' 'writeresp'>
ST_45 : Operation 551 [28/71] (3.65ns)   --->   "%gmem0_2_load_req = readreq i1 @_ssdm_op_ReadReq.m_axi.i32P1A, i32 %gmem0_2_addr, i64 1" [kernel.cpp:19]   --->   Operation 551 'readreq' 'gmem0_2_load_req' <Predicate = true> <Delay = 3.65> <CoreInst = "m_axi">   --->   Core 119 'm_axi' <Latency = 6> <II = 1> <Delay = 1.00> <Adapter> <Opcode : 'read' 'write' 'readreq' 'writereq' 'writeresp'>
ST_45 : Operation 552 [28/71] (3.65ns)   --->   "%gmem0_3_load_req = readreq i1 @_ssdm_op_ReadReq.m_axi.i32P1A, i32 %gmem0_3_addr, i64 1" [kernel.cpp:19]   --->   Operation 552 'readreq' 'gmem0_3_load_req' <Predicate = true> <Delay = 3.65> <CoreInst = "m_axi">   --->   Core 119 'm_axi' <Latency = 6> <II = 1> <Delay = 1.00> <Adapter> <Opcode : 'read' 'write' 'readreq' 'writereq' 'writeresp'>
ST_45 : Operation 553 [28/71] (3.65ns)   --->   "%gmem1_1_load_req = readreq i1 @_ssdm_op_ReadReq.m_axi.i32P1A, i32 %gmem1_1_addr, i64 1" [kernel.cpp:19]   --->   Operation 553 'readreq' 'gmem1_1_load_req' <Predicate = true> <Delay = 3.65> <CoreInst = "m_axi">   --->   Core 119 'm_axi' <Latency = 6> <II = 1> <Delay = 1.00> <Adapter> <Opcode : 'read' 'write' 'readreq' 'writereq' 'writeresp'>
ST_45 : Operation 554 [28/71] (3.65ns)   --->   "%gmem1_2_load_req = readreq i1 @_ssdm_op_ReadReq.m_axi.i32P1A, i32 %gmem1_2_addr, i64 1" [kernel.cpp:19]   --->   Operation 554 'readreq' 'gmem1_2_load_req' <Predicate = true> <Delay = 3.65> <CoreInst = "m_axi">   --->   Core 119 'm_axi' <Latency = 6> <II = 1> <Delay = 1.00> <Adapter> <Opcode : 'read' 'write' 'readreq' 'writereq' 'writeresp'>
ST_45 : Operation 555 [28/71] (3.65ns)   --->   "%gmem1_3_load_req = readreq i1 @_ssdm_op_ReadReq.m_axi.i32P1A, i32 %gmem1_3_addr, i64 1" [kernel.cpp:19]   --->   Operation 555 'readreq' 'gmem1_3_load_req' <Predicate = true> <Delay = 3.65> <CoreInst = "m_axi">   --->   Core 119 'm_axi' <Latency = 6> <II = 1> <Delay = 1.00> <Adapter> <Opcode : 'read' 'write' 'readreq' 'writereq' 'writeresp'>

State 46 <SV = 45> <Delay = 3.65>
ST_46 : Operation 556 [27/71] (3.65ns)   --->   "%gmem0_0_load_req = readreq i1 @_ssdm_op_ReadReq.m_axi.i32P1A, i32 %gmem0_0_addr, i64 1" [kernel.cpp:19]   --->   Operation 556 'readreq' 'gmem0_0_load_req' <Predicate = true> <Delay = 3.65> <CoreInst = "m_axi">   --->   Core 119 'm_axi' <Latency = 6> <II = 1> <Delay = 1.00> <Adapter> <Opcode : 'read' 'write' 'readreq' 'writereq' 'writeresp'>
ST_46 : Operation 557 [27/71] (3.65ns)   --->   "%gmem1_0_load_req = readreq i1 @_ssdm_op_ReadReq.m_axi.i32P1A, i32 %gmem1_0_addr, i64 1" [kernel.cpp:19]   --->   Operation 557 'readreq' 'gmem1_0_load_req' <Predicate = true> <Delay = 3.65> <CoreInst = "m_axi">   --->   Core 119 'm_axi' <Latency = 6> <II = 1> <Delay = 1.00> <Adapter> <Opcode : 'read' 'write' 'readreq' 'writereq' 'writeresp'>
ST_46 : Operation 558 [27/71] (3.65ns)   --->   "%gmem0_1_load_req = readreq i1 @_ssdm_op_ReadReq.m_axi.i32P1A, i32 %gmem0_1_addr, i64 1" [kernel.cpp:19]   --->   Operation 558 'readreq' 'gmem0_1_load_req' <Predicate = true> <Delay = 3.65> <CoreInst = "m_axi">   --->   Core 119 'm_axi' <Latency = 6> <II = 1> <Delay = 1.00> <Adapter> <Opcode : 'read' 'write' 'readreq' 'writereq' 'writeresp'>
ST_46 : Operation 559 [27/71] (3.65ns)   --->   "%gmem0_2_load_req = readreq i1 @_ssdm_op_ReadReq.m_axi.i32P1A, i32 %gmem0_2_addr, i64 1" [kernel.cpp:19]   --->   Operation 559 'readreq' 'gmem0_2_load_req' <Predicate = true> <Delay = 3.65> <CoreInst = "m_axi">   --->   Core 119 'm_axi' <Latency = 6> <II = 1> <Delay = 1.00> <Adapter> <Opcode : 'read' 'write' 'readreq' 'writereq' 'writeresp'>
ST_46 : Operation 560 [27/71] (3.65ns)   --->   "%gmem0_3_load_req = readreq i1 @_ssdm_op_ReadReq.m_axi.i32P1A, i32 %gmem0_3_addr, i64 1" [kernel.cpp:19]   --->   Operation 560 'readreq' 'gmem0_3_load_req' <Predicate = true> <Delay = 3.65> <CoreInst = "m_axi">   --->   Core 119 'm_axi' <Latency = 6> <II = 1> <Delay = 1.00> <Adapter> <Opcode : 'read' 'write' 'readreq' 'writereq' 'writeresp'>
ST_46 : Operation 561 [27/71] (3.65ns)   --->   "%gmem1_1_load_req = readreq i1 @_ssdm_op_ReadReq.m_axi.i32P1A, i32 %gmem1_1_addr, i64 1" [kernel.cpp:19]   --->   Operation 561 'readreq' 'gmem1_1_load_req' <Predicate = true> <Delay = 3.65> <CoreInst = "m_axi">   --->   Core 119 'm_axi' <Latency = 6> <II = 1> <Delay = 1.00> <Adapter> <Opcode : 'read' 'write' 'readreq' 'writereq' 'writeresp'>
ST_46 : Operation 562 [27/71] (3.65ns)   --->   "%gmem1_2_load_req = readreq i1 @_ssdm_op_ReadReq.m_axi.i32P1A, i32 %gmem1_2_addr, i64 1" [kernel.cpp:19]   --->   Operation 562 'readreq' 'gmem1_2_load_req' <Predicate = true> <Delay = 3.65> <CoreInst = "m_axi">   --->   Core 119 'm_axi' <Latency = 6> <II = 1> <Delay = 1.00> <Adapter> <Opcode : 'read' 'write' 'readreq' 'writereq' 'writeresp'>
ST_46 : Operation 563 [27/71] (3.65ns)   --->   "%gmem1_3_load_req = readreq i1 @_ssdm_op_ReadReq.m_axi.i32P1A, i32 %gmem1_3_addr, i64 1" [kernel.cpp:19]   --->   Operation 563 'readreq' 'gmem1_3_load_req' <Predicate = true> <Delay = 3.65> <CoreInst = "m_axi">   --->   Core 119 'm_axi' <Latency = 6> <II = 1> <Delay = 1.00> <Adapter> <Opcode : 'read' 'write' 'readreq' 'writereq' 'writeresp'>

State 47 <SV = 46> <Delay = 3.65>
ST_47 : Operation 564 [26/71] (3.65ns)   --->   "%gmem0_0_load_req = readreq i1 @_ssdm_op_ReadReq.m_axi.i32P1A, i32 %gmem0_0_addr, i64 1" [kernel.cpp:19]   --->   Operation 564 'readreq' 'gmem0_0_load_req' <Predicate = true> <Delay = 3.65> <CoreInst = "m_axi">   --->   Core 119 'm_axi' <Latency = 6> <II = 1> <Delay = 1.00> <Adapter> <Opcode : 'read' 'write' 'readreq' 'writereq' 'writeresp'>
ST_47 : Operation 565 [26/71] (3.65ns)   --->   "%gmem1_0_load_req = readreq i1 @_ssdm_op_ReadReq.m_axi.i32P1A, i32 %gmem1_0_addr, i64 1" [kernel.cpp:19]   --->   Operation 565 'readreq' 'gmem1_0_load_req' <Predicate = true> <Delay = 3.65> <CoreInst = "m_axi">   --->   Core 119 'm_axi' <Latency = 6> <II = 1> <Delay = 1.00> <Adapter> <Opcode : 'read' 'write' 'readreq' 'writereq' 'writeresp'>
ST_47 : Operation 566 [26/71] (3.65ns)   --->   "%gmem0_1_load_req = readreq i1 @_ssdm_op_ReadReq.m_axi.i32P1A, i32 %gmem0_1_addr, i64 1" [kernel.cpp:19]   --->   Operation 566 'readreq' 'gmem0_1_load_req' <Predicate = true> <Delay = 3.65> <CoreInst = "m_axi">   --->   Core 119 'm_axi' <Latency = 6> <II = 1> <Delay = 1.00> <Adapter> <Opcode : 'read' 'write' 'readreq' 'writereq' 'writeresp'>
ST_47 : Operation 567 [26/71] (3.65ns)   --->   "%gmem0_2_load_req = readreq i1 @_ssdm_op_ReadReq.m_axi.i32P1A, i32 %gmem0_2_addr, i64 1" [kernel.cpp:19]   --->   Operation 567 'readreq' 'gmem0_2_load_req' <Predicate = true> <Delay = 3.65> <CoreInst = "m_axi">   --->   Core 119 'm_axi' <Latency = 6> <II = 1> <Delay = 1.00> <Adapter> <Opcode : 'read' 'write' 'readreq' 'writereq' 'writeresp'>
ST_47 : Operation 568 [26/71] (3.65ns)   --->   "%gmem0_3_load_req = readreq i1 @_ssdm_op_ReadReq.m_axi.i32P1A, i32 %gmem0_3_addr, i64 1" [kernel.cpp:19]   --->   Operation 568 'readreq' 'gmem0_3_load_req' <Predicate = true> <Delay = 3.65> <CoreInst = "m_axi">   --->   Core 119 'm_axi' <Latency = 6> <II = 1> <Delay = 1.00> <Adapter> <Opcode : 'read' 'write' 'readreq' 'writereq' 'writeresp'>
ST_47 : Operation 569 [26/71] (3.65ns)   --->   "%gmem1_1_load_req = readreq i1 @_ssdm_op_ReadReq.m_axi.i32P1A, i32 %gmem1_1_addr, i64 1" [kernel.cpp:19]   --->   Operation 569 'readreq' 'gmem1_1_load_req' <Predicate = true> <Delay = 3.65> <CoreInst = "m_axi">   --->   Core 119 'm_axi' <Latency = 6> <II = 1> <Delay = 1.00> <Adapter> <Opcode : 'read' 'write' 'readreq' 'writereq' 'writeresp'>
ST_47 : Operation 570 [26/71] (3.65ns)   --->   "%gmem1_2_load_req = readreq i1 @_ssdm_op_ReadReq.m_axi.i32P1A, i32 %gmem1_2_addr, i64 1" [kernel.cpp:19]   --->   Operation 570 'readreq' 'gmem1_2_load_req' <Predicate = true> <Delay = 3.65> <CoreInst = "m_axi">   --->   Core 119 'm_axi' <Latency = 6> <II = 1> <Delay = 1.00> <Adapter> <Opcode : 'read' 'write' 'readreq' 'writereq' 'writeresp'>
ST_47 : Operation 571 [26/71] (3.65ns)   --->   "%gmem1_3_load_req = readreq i1 @_ssdm_op_ReadReq.m_axi.i32P1A, i32 %gmem1_3_addr, i64 1" [kernel.cpp:19]   --->   Operation 571 'readreq' 'gmem1_3_load_req' <Predicate = true> <Delay = 3.65> <CoreInst = "m_axi">   --->   Core 119 'm_axi' <Latency = 6> <II = 1> <Delay = 1.00> <Adapter> <Opcode : 'read' 'write' 'readreq' 'writereq' 'writeresp'>

State 48 <SV = 47> <Delay = 3.65>
ST_48 : Operation 572 [25/71] (3.65ns)   --->   "%gmem0_0_load_req = readreq i1 @_ssdm_op_ReadReq.m_axi.i32P1A, i32 %gmem0_0_addr, i64 1" [kernel.cpp:19]   --->   Operation 572 'readreq' 'gmem0_0_load_req' <Predicate = true> <Delay = 3.65> <CoreInst = "m_axi">   --->   Core 119 'm_axi' <Latency = 6> <II = 1> <Delay = 1.00> <Adapter> <Opcode : 'read' 'write' 'readreq' 'writereq' 'writeresp'>
ST_48 : Operation 573 [25/71] (3.65ns)   --->   "%gmem1_0_load_req = readreq i1 @_ssdm_op_ReadReq.m_axi.i32P1A, i32 %gmem1_0_addr, i64 1" [kernel.cpp:19]   --->   Operation 573 'readreq' 'gmem1_0_load_req' <Predicate = true> <Delay = 3.65> <CoreInst = "m_axi">   --->   Core 119 'm_axi' <Latency = 6> <II = 1> <Delay = 1.00> <Adapter> <Opcode : 'read' 'write' 'readreq' 'writereq' 'writeresp'>
ST_48 : Operation 574 [25/71] (3.65ns)   --->   "%gmem0_1_load_req = readreq i1 @_ssdm_op_ReadReq.m_axi.i32P1A, i32 %gmem0_1_addr, i64 1" [kernel.cpp:19]   --->   Operation 574 'readreq' 'gmem0_1_load_req' <Predicate = true> <Delay = 3.65> <CoreInst = "m_axi">   --->   Core 119 'm_axi' <Latency = 6> <II = 1> <Delay = 1.00> <Adapter> <Opcode : 'read' 'write' 'readreq' 'writereq' 'writeresp'>
ST_48 : Operation 575 [25/71] (3.65ns)   --->   "%gmem0_2_load_req = readreq i1 @_ssdm_op_ReadReq.m_axi.i32P1A, i32 %gmem0_2_addr, i64 1" [kernel.cpp:19]   --->   Operation 575 'readreq' 'gmem0_2_load_req' <Predicate = true> <Delay = 3.65> <CoreInst = "m_axi">   --->   Core 119 'm_axi' <Latency = 6> <II = 1> <Delay = 1.00> <Adapter> <Opcode : 'read' 'write' 'readreq' 'writereq' 'writeresp'>
ST_48 : Operation 576 [25/71] (3.65ns)   --->   "%gmem0_3_load_req = readreq i1 @_ssdm_op_ReadReq.m_axi.i32P1A, i32 %gmem0_3_addr, i64 1" [kernel.cpp:19]   --->   Operation 576 'readreq' 'gmem0_3_load_req' <Predicate = true> <Delay = 3.65> <CoreInst = "m_axi">   --->   Core 119 'm_axi' <Latency = 6> <II = 1> <Delay = 1.00> <Adapter> <Opcode : 'read' 'write' 'readreq' 'writereq' 'writeresp'>
ST_48 : Operation 577 [25/71] (3.65ns)   --->   "%gmem1_1_load_req = readreq i1 @_ssdm_op_ReadReq.m_axi.i32P1A, i32 %gmem1_1_addr, i64 1" [kernel.cpp:19]   --->   Operation 577 'readreq' 'gmem1_1_load_req' <Predicate = true> <Delay = 3.65> <CoreInst = "m_axi">   --->   Core 119 'm_axi' <Latency = 6> <II = 1> <Delay = 1.00> <Adapter> <Opcode : 'read' 'write' 'readreq' 'writereq' 'writeresp'>
ST_48 : Operation 578 [25/71] (3.65ns)   --->   "%gmem1_2_load_req = readreq i1 @_ssdm_op_ReadReq.m_axi.i32P1A, i32 %gmem1_2_addr, i64 1" [kernel.cpp:19]   --->   Operation 578 'readreq' 'gmem1_2_load_req' <Predicate = true> <Delay = 3.65> <CoreInst = "m_axi">   --->   Core 119 'm_axi' <Latency = 6> <II = 1> <Delay = 1.00> <Adapter> <Opcode : 'read' 'write' 'readreq' 'writereq' 'writeresp'>
ST_48 : Operation 579 [25/71] (3.65ns)   --->   "%gmem1_3_load_req = readreq i1 @_ssdm_op_ReadReq.m_axi.i32P1A, i32 %gmem1_3_addr, i64 1" [kernel.cpp:19]   --->   Operation 579 'readreq' 'gmem1_3_load_req' <Predicate = true> <Delay = 3.65> <CoreInst = "m_axi">   --->   Core 119 'm_axi' <Latency = 6> <II = 1> <Delay = 1.00> <Adapter> <Opcode : 'read' 'write' 'readreq' 'writereq' 'writeresp'>

State 49 <SV = 48> <Delay = 3.65>
ST_49 : Operation 580 [24/71] (3.65ns)   --->   "%gmem0_0_load_req = readreq i1 @_ssdm_op_ReadReq.m_axi.i32P1A, i32 %gmem0_0_addr, i64 1" [kernel.cpp:19]   --->   Operation 580 'readreq' 'gmem0_0_load_req' <Predicate = true> <Delay = 3.65> <CoreInst = "m_axi">   --->   Core 119 'm_axi' <Latency = 6> <II = 1> <Delay = 1.00> <Adapter> <Opcode : 'read' 'write' 'readreq' 'writereq' 'writeresp'>
ST_49 : Operation 581 [24/71] (3.65ns)   --->   "%gmem1_0_load_req = readreq i1 @_ssdm_op_ReadReq.m_axi.i32P1A, i32 %gmem1_0_addr, i64 1" [kernel.cpp:19]   --->   Operation 581 'readreq' 'gmem1_0_load_req' <Predicate = true> <Delay = 3.65> <CoreInst = "m_axi">   --->   Core 119 'm_axi' <Latency = 6> <II = 1> <Delay = 1.00> <Adapter> <Opcode : 'read' 'write' 'readreq' 'writereq' 'writeresp'>
ST_49 : Operation 582 [24/71] (3.65ns)   --->   "%gmem0_1_load_req = readreq i1 @_ssdm_op_ReadReq.m_axi.i32P1A, i32 %gmem0_1_addr, i64 1" [kernel.cpp:19]   --->   Operation 582 'readreq' 'gmem0_1_load_req' <Predicate = true> <Delay = 3.65> <CoreInst = "m_axi">   --->   Core 119 'm_axi' <Latency = 6> <II = 1> <Delay = 1.00> <Adapter> <Opcode : 'read' 'write' 'readreq' 'writereq' 'writeresp'>
ST_49 : Operation 583 [24/71] (3.65ns)   --->   "%gmem0_2_load_req = readreq i1 @_ssdm_op_ReadReq.m_axi.i32P1A, i32 %gmem0_2_addr, i64 1" [kernel.cpp:19]   --->   Operation 583 'readreq' 'gmem0_2_load_req' <Predicate = true> <Delay = 3.65> <CoreInst = "m_axi">   --->   Core 119 'm_axi' <Latency = 6> <II = 1> <Delay = 1.00> <Adapter> <Opcode : 'read' 'write' 'readreq' 'writereq' 'writeresp'>
ST_49 : Operation 584 [24/71] (3.65ns)   --->   "%gmem0_3_load_req = readreq i1 @_ssdm_op_ReadReq.m_axi.i32P1A, i32 %gmem0_3_addr, i64 1" [kernel.cpp:19]   --->   Operation 584 'readreq' 'gmem0_3_load_req' <Predicate = true> <Delay = 3.65> <CoreInst = "m_axi">   --->   Core 119 'm_axi' <Latency = 6> <II = 1> <Delay = 1.00> <Adapter> <Opcode : 'read' 'write' 'readreq' 'writereq' 'writeresp'>
ST_49 : Operation 585 [24/71] (3.65ns)   --->   "%gmem1_1_load_req = readreq i1 @_ssdm_op_ReadReq.m_axi.i32P1A, i32 %gmem1_1_addr, i64 1" [kernel.cpp:19]   --->   Operation 585 'readreq' 'gmem1_1_load_req' <Predicate = true> <Delay = 3.65> <CoreInst = "m_axi">   --->   Core 119 'm_axi' <Latency = 6> <II = 1> <Delay = 1.00> <Adapter> <Opcode : 'read' 'write' 'readreq' 'writereq' 'writeresp'>
ST_49 : Operation 586 [24/71] (3.65ns)   --->   "%gmem1_2_load_req = readreq i1 @_ssdm_op_ReadReq.m_axi.i32P1A, i32 %gmem1_2_addr, i64 1" [kernel.cpp:19]   --->   Operation 586 'readreq' 'gmem1_2_load_req' <Predicate = true> <Delay = 3.65> <CoreInst = "m_axi">   --->   Core 119 'm_axi' <Latency = 6> <II = 1> <Delay = 1.00> <Adapter> <Opcode : 'read' 'write' 'readreq' 'writereq' 'writeresp'>
ST_49 : Operation 587 [24/71] (3.65ns)   --->   "%gmem1_3_load_req = readreq i1 @_ssdm_op_ReadReq.m_axi.i32P1A, i32 %gmem1_3_addr, i64 1" [kernel.cpp:19]   --->   Operation 587 'readreq' 'gmem1_3_load_req' <Predicate = true> <Delay = 3.65> <CoreInst = "m_axi">   --->   Core 119 'm_axi' <Latency = 6> <II = 1> <Delay = 1.00> <Adapter> <Opcode : 'read' 'write' 'readreq' 'writereq' 'writeresp'>

State 50 <SV = 49> <Delay = 3.65>
ST_50 : Operation 588 [23/71] (3.65ns)   --->   "%gmem0_0_load_req = readreq i1 @_ssdm_op_ReadReq.m_axi.i32P1A, i32 %gmem0_0_addr, i64 1" [kernel.cpp:19]   --->   Operation 588 'readreq' 'gmem0_0_load_req' <Predicate = true> <Delay = 3.65> <CoreInst = "m_axi">   --->   Core 119 'm_axi' <Latency = 6> <II = 1> <Delay = 1.00> <Adapter> <Opcode : 'read' 'write' 'readreq' 'writereq' 'writeresp'>
ST_50 : Operation 589 [23/71] (3.65ns)   --->   "%gmem1_0_load_req = readreq i1 @_ssdm_op_ReadReq.m_axi.i32P1A, i32 %gmem1_0_addr, i64 1" [kernel.cpp:19]   --->   Operation 589 'readreq' 'gmem1_0_load_req' <Predicate = true> <Delay = 3.65> <CoreInst = "m_axi">   --->   Core 119 'm_axi' <Latency = 6> <II = 1> <Delay = 1.00> <Adapter> <Opcode : 'read' 'write' 'readreq' 'writereq' 'writeresp'>
ST_50 : Operation 590 [23/71] (3.65ns)   --->   "%gmem0_1_load_req = readreq i1 @_ssdm_op_ReadReq.m_axi.i32P1A, i32 %gmem0_1_addr, i64 1" [kernel.cpp:19]   --->   Operation 590 'readreq' 'gmem0_1_load_req' <Predicate = true> <Delay = 3.65> <CoreInst = "m_axi">   --->   Core 119 'm_axi' <Latency = 6> <II = 1> <Delay = 1.00> <Adapter> <Opcode : 'read' 'write' 'readreq' 'writereq' 'writeresp'>
ST_50 : Operation 591 [23/71] (3.65ns)   --->   "%gmem0_2_load_req = readreq i1 @_ssdm_op_ReadReq.m_axi.i32P1A, i32 %gmem0_2_addr, i64 1" [kernel.cpp:19]   --->   Operation 591 'readreq' 'gmem0_2_load_req' <Predicate = true> <Delay = 3.65> <CoreInst = "m_axi">   --->   Core 119 'm_axi' <Latency = 6> <II = 1> <Delay = 1.00> <Adapter> <Opcode : 'read' 'write' 'readreq' 'writereq' 'writeresp'>
ST_50 : Operation 592 [23/71] (3.65ns)   --->   "%gmem0_3_load_req = readreq i1 @_ssdm_op_ReadReq.m_axi.i32P1A, i32 %gmem0_3_addr, i64 1" [kernel.cpp:19]   --->   Operation 592 'readreq' 'gmem0_3_load_req' <Predicate = true> <Delay = 3.65> <CoreInst = "m_axi">   --->   Core 119 'm_axi' <Latency = 6> <II = 1> <Delay = 1.00> <Adapter> <Opcode : 'read' 'write' 'readreq' 'writereq' 'writeresp'>
ST_50 : Operation 593 [23/71] (3.65ns)   --->   "%gmem1_1_load_req = readreq i1 @_ssdm_op_ReadReq.m_axi.i32P1A, i32 %gmem1_1_addr, i64 1" [kernel.cpp:19]   --->   Operation 593 'readreq' 'gmem1_1_load_req' <Predicate = true> <Delay = 3.65> <CoreInst = "m_axi">   --->   Core 119 'm_axi' <Latency = 6> <II = 1> <Delay = 1.00> <Adapter> <Opcode : 'read' 'write' 'readreq' 'writereq' 'writeresp'>
ST_50 : Operation 594 [23/71] (3.65ns)   --->   "%gmem1_2_load_req = readreq i1 @_ssdm_op_ReadReq.m_axi.i32P1A, i32 %gmem1_2_addr, i64 1" [kernel.cpp:19]   --->   Operation 594 'readreq' 'gmem1_2_load_req' <Predicate = true> <Delay = 3.65> <CoreInst = "m_axi">   --->   Core 119 'm_axi' <Latency = 6> <II = 1> <Delay = 1.00> <Adapter> <Opcode : 'read' 'write' 'readreq' 'writereq' 'writeresp'>
ST_50 : Operation 595 [23/71] (3.65ns)   --->   "%gmem1_3_load_req = readreq i1 @_ssdm_op_ReadReq.m_axi.i32P1A, i32 %gmem1_3_addr, i64 1" [kernel.cpp:19]   --->   Operation 595 'readreq' 'gmem1_3_load_req' <Predicate = true> <Delay = 3.65> <CoreInst = "m_axi">   --->   Core 119 'm_axi' <Latency = 6> <II = 1> <Delay = 1.00> <Adapter> <Opcode : 'read' 'write' 'readreq' 'writereq' 'writeresp'>

State 51 <SV = 50> <Delay = 3.65>
ST_51 : Operation 596 [22/71] (3.65ns)   --->   "%gmem0_0_load_req = readreq i1 @_ssdm_op_ReadReq.m_axi.i32P1A, i32 %gmem0_0_addr, i64 1" [kernel.cpp:19]   --->   Operation 596 'readreq' 'gmem0_0_load_req' <Predicate = true> <Delay = 3.65> <CoreInst = "m_axi">   --->   Core 119 'm_axi' <Latency = 6> <II = 1> <Delay = 1.00> <Adapter> <Opcode : 'read' 'write' 'readreq' 'writereq' 'writeresp'>
ST_51 : Operation 597 [22/71] (3.65ns)   --->   "%gmem1_0_load_req = readreq i1 @_ssdm_op_ReadReq.m_axi.i32P1A, i32 %gmem1_0_addr, i64 1" [kernel.cpp:19]   --->   Operation 597 'readreq' 'gmem1_0_load_req' <Predicate = true> <Delay = 3.65> <CoreInst = "m_axi">   --->   Core 119 'm_axi' <Latency = 6> <II = 1> <Delay = 1.00> <Adapter> <Opcode : 'read' 'write' 'readreq' 'writereq' 'writeresp'>
ST_51 : Operation 598 [22/71] (3.65ns)   --->   "%gmem0_1_load_req = readreq i1 @_ssdm_op_ReadReq.m_axi.i32P1A, i32 %gmem0_1_addr, i64 1" [kernel.cpp:19]   --->   Operation 598 'readreq' 'gmem0_1_load_req' <Predicate = true> <Delay = 3.65> <CoreInst = "m_axi">   --->   Core 119 'm_axi' <Latency = 6> <II = 1> <Delay = 1.00> <Adapter> <Opcode : 'read' 'write' 'readreq' 'writereq' 'writeresp'>
ST_51 : Operation 599 [22/71] (3.65ns)   --->   "%gmem0_2_load_req = readreq i1 @_ssdm_op_ReadReq.m_axi.i32P1A, i32 %gmem0_2_addr, i64 1" [kernel.cpp:19]   --->   Operation 599 'readreq' 'gmem0_2_load_req' <Predicate = true> <Delay = 3.65> <CoreInst = "m_axi">   --->   Core 119 'm_axi' <Latency = 6> <II = 1> <Delay = 1.00> <Adapter> <Opcode : 'read' 'write' 'readreq' 'writereq' 'writeresp'>
ST_51 : Operation 600 [22/71] (3.65ns)   --->   "%gmem0_3_load_req = readreq i1 @_ssdm_op_ReadReq.m_axi.i32P1A, i32 %gmem0_3_addr, i64 1" [kernel.cpp:19]   --->   Operation 600 'readreq' 'gmem0_3_load_req' <Predicate = true> <Delay = 3.65> <CoreInst = "m_axi">   --->   Core 119 'm_axi' <Latency = 6> <II = 1> <Delay = 1.00> <Adapter> <Opcode : 'read' 'write' 'readreq' 'writereq' 'writeresp'>
ST_51 : Operation 601 [22/71] (3.65ns)   --->   "%gmem1_1_load_req = readreq i1 @_ssdm_op_ReadReq.m_axi.i32P1A, i32 %gmem1_1_addr, i64 1" [kernel.cpp:19]   --->   Operation 601 'readreq' 'gmem1_1_load_req' <Predicate = true> <Delay = 3.65> <CoreInst = "m_axi">   --->   Core 119 'm_axi' <Latency = 6> <II = 1> <Delay = 1.00> <Adapter> <Opcode : 'read' 'write' 'readreq' 'writereq' 'writeresp'>
ST_51 : Operation 602 [22/71] (3.65ns)   --->   "%gmem1_2_load_req = readreq i1 @_ssdm_op_ReadReq.m_axi.i32P1A, i32 %gmem1_2_addr, i64 1" [kernel.cpp:19]   --->   Operation 602 'readreq' 'gmem1_2_load_req' <Predicate = true> <Delay = 3.65> <CoreInst = "m_axi">   --->   Core 119 'm_axi' <Latency = 6> <II = 1> <Delay = 1.00> <Adapter> <Opcode : 'read' 'write' 'readreq' 'writereq' 'writeresp'>
ST_51 : Operation 603 [22/71] (3.65ns)   --->   "%gmem1_3_load_req = readreq i1 @_ssdm_op_ReadReq.m_axi.i32P1A, i32 %gmem1_3_addr, i64 1" [kernel.cpp:19]   --->   Operation 603 'readreq' 'gmem1_3_load_req' <Predicate = true> <Delay = 3.65> <CoreInst = "m_axi">   --->   Core 119 'm_axi' <Latency = 6> <II = 1> <Delay = 1.00> <Adapter> <Opcode : 'read' 'write' 'readreq' 'writereq' 'writeresp'>

State 52 <SV = 51> <Delay = 3.65>
ST_52 : Operation 604 [21/71] (3.65ns)   --->   "%gmem0_0_load_req = readreq i1 @_ssdm_op_ReadReq.m_axi.i32P1A, i32 %gmem0_0_addr, i64 1" [kernel.cpp:19]   --->   Operation 604 'readreq' 'gmem0_0_load_req' <Predicate = true> <Delay = 3.65> <CoreInst = "m_axi">   --->   Core 119 'm_axi' <Latency = 6> <II = 1> <Delay = 1.00> <Adapter> <Opcode : 'read' 'write' 'readreq' 'writereq' 'writeresp'>
ST_52 : Operation 605 [21/71] (3.65ns)   --->   "%gmem1_0_load_req = readreq i1 @_ssdm_op_ReadReq.m_axi.i32P1A, i32 %gmem1_0_addr, i64 1" [kernel.cpp:19]   --->   Operation 605 'readreq' 'gmem1_0_load_req' <Predicate = true> <Delay = 3.65> <CoreInst = "m_axi">   --->   Core 119 'm_axi' <Latency = 6> <II = 1> <Delay = 1.00> <Adapter> <Opcode : 'read' 'write' 'readreq' 'writereq' 'writeresp'>
ST_52 : Operation 606 [21/71] (3.65ns)   --->   "%gmem0_1_load_req = readreq i1 @_ssdm_op_ReadReq.m_axi.i32P1A, i32 %gmem0_1_addr, i64 1" [kernel.cpp:19]   --->   Operation 606 'readreq' 'gmem0_1_load_req' <Predicate = true> <Delay = 3.65> <CoreInst = "m_axi">   --->   Core 119 'm_axi' <Latency = 6> <II = 1> <Delay = 1.00> <Adapter> <Opcode : 'read' 'write' 'readreq' 'writereq' 'writeresp'>
ST_52 : Operation 607 [21/71] (3.65ns)   --->   "%gmem0_2_load_req = readreq i1 @_ssdm_op_ReadReq.m_axi.i32P1A, i32 %gmem0_2_addr, i64 1" [kernel.cpp:19]   --->   Operation 607 'readreq' 'gmem0_2_load_req' <Predicate = true> <Delay = 3.65> <CoreInst = "m_axi">   --->   Core 119 'm_axi' <Latency = 6> <II = 1> <Delay = 1.00> <Adapter> <Opcode : 'read' 'write' 'readreq' 'writereq' 'writeresp'>
ST_52 : Operation 608 [21/71] (3.65ns)   --->   "%gmem0_3_load_req = readreq i1 @_ssdm_op_ReadReq.m_axi.i32P1A, i32 %gmem0_3_addr, i64 1" [kernel.cpp:19]   --->   Operation 608 'readreq' 'gmem0_3_load_req' <Predicate = true> <Delay = 3.65> <CoreInst = "m_axi">   --->   Core 119 'm_axi' <Latency = 6> <II = 1> <Delay = 1.00> <Adapter> <Opcode : 'read' 'write' 'readreq' 'writereq' 'writeresp'>
ST_52 : Operation 609 [21/71] (3.65ns)   --->   "%gmem1_1_load_req = readreq i1 @_ssdm_op_ReadReq.m_axi.i32P1A, i32 %gmem1_1_addr, i64 1" [kernel.cpp:19]   --->   Operation 609 'readreq' 'gmem1_1_load_req' <Predicate = true> <Delay = 3.65> <CoreInst = "m_axi">   --->   Core 119 'm_axi' <Latency = 6> <II = 1> <Delay = 1.00> <Adapter> <Opcode : 'read' 'write' 'readreq' 'writereq' 'writeresp'>
ST_52 : Operation 610 [21/71] (3.65ns)   --->   "%gmem1_2_load_req = readreq i1 @_ssdm_op_ReadReq.m_axi.i32P1A, i32 %gmem1_2_addr, i64 1" [kernel.cpp:19]   --->   Operation 610 'readreq' 'gmem1_2_load_req' <Predicate = true> <Delay = 3.65> <CoreInst = "m_axi">   --->   Core 119 'm_axi' <Latency = 6> <II = 1> <Delay = 1.00> <Adapter> <Opcode : 'read' 'write' 'readreq' 'writereq' 'writeresp'>
ST_52 : Operation 611 [21/71] (3.65ns)   --->   "%gmem1_3_load_req = readreq i1 @_ssdm_op_ReadReq.m_axi.i32P1A, i32 %gmem1_3_addr, i64 1" [kernel.cpp:19]   --->   Operation 611 'readreq' 'gmem1_3_load_req' <Predicate = true> <Delay = 3.65> <CoreInst = "m_axi">   --->   Core 119 'm_axi' <Latency = 6> <II = 1> <Delay = 1.00> <Adapter> <Opcode : 'read' 'write' 'readreq' 'writereq' 'writeresp'>

State 53 <SV = 52> <Delay = 3.65>
ST_53 : Operation 612 [20/71] (3.65ns)   --->   "%gmem0_0_load_req = readreq i1 @_ssdm_op_ReadReq.m_axi.i32P1A, i32 %gmem0_0_addr, i64 1" [kernel.cpp:19]   --->   Operation 612 'readreq' 'gmem0_0_load_req' <Predicate = true> <Delay = 3.65> <CoreInst = "m_axi">   --->   Core 119 'm_axi' <Latency = 6> <II = 1> <Delay = 1.00> <Adapter> <Opcode : 'read' 'write' 'readreq' 'writereq' 'writeresp'>
ST_53 : Operation 613 [20/71] (3.65ns)   --->   "%gmem1_0_load_req = readreq i1 @_ssdm_op_ReadReq.m_axi.i32P1A, i32 %gmem1_0_addr, i64 1" [kernel.cpp:19]   --->   Operation 613 'readreq' 'gmem1_0_load_req' <Predicate = true> <Delay = 3.65> <CoreInst = "m_axi">   --->   Core 119 'm_axi' <Latency = 6> <II = 1> <Delay = 1.00> <Adapter> <Opcode : 'read' 'write' 'readreq' 'writereq' 'writeresp'>
ST_53 : Operation 614 [20/71] (3.65ns)   --->   "%gmem0_1_load_req = readreq i1 @_ssdm_op_ReadReq.m_axi.i32P1A, i32 %gmem0_1_addr, i64 1" [kernel.cpp:19]   --->   Operation 614 'readreq' 'gmem0_1_load_req' <Predicate = true> <Delay = 3.65> <CoreInst = "m_axi">   --->   Core 119 'm_axi' <Latency = 6> <II = 1> <Delay = 1.00> <Adapter> <Opcode : 'read' 'write' 'readreq' 'writereq' 'writeresp'>
ST_53 : Operation 615 [20/71] (3.65ns)   --->   "%gmem0_2_load_req = readreq i1 @_ssdm_op_ReadReq.m_axi.i32P1A, i32 %gmem0_2_addr, i64 1" [kernel.cpp:19]   --->   Operation 615 'readreq' 'gmem0_2_load_req' <Predicate = true> <Delay = 3.65> <CoreInst = "m_axi">   --->   Core 119 'm_axi' <Latency = 6> <II = 1> <Delay = 1.00> <Adapter> <Opcode : 'read' 'write' 'readreq' 'writereq' 'writeresp'>
ST_53 : Operation 616 [20/71] (3.65ns)   --->   "%gmem0_3_load_req = readreq i1 @_ssdm_op_ReadReq.m_axi.i32P1A, i32 %gmem0_3_addr, i64 1" [kernel.cpp:19]   --->   Operation 616 'readreq' 'gmem0_3_load_req' <Predicate = true> <Delay = 3.65> <CoreInst = "m_axi">   --->   Core 119 'm_axi' <Latency = 6> <II = 1> <Delay = 1.00> <Adapter> <Opcode : 'read' 'write' 'readreq' 'writereq' 'writeresp'>
ST_53 : Operation 617 [20/71] (3.65ns)   --->   "%gmem1_1_load_req = readreq i1 @_ssdm_op_ReadReq.m_axi.i32P1A, i32 %gmem1_1_addr, i64 1" [kernel.cpp:19]   --->   Operation 617 'readreq' 'gmem1_1_load_req' <Predicate = true> <Delay = 3.65> <CoreInst = "m_axi">   --->   Core 119 'm_axi' <Latency = 6> <II = 1> <Delay = 1.00> <Adapter> <Opcode : 'read' 'write' 'readreq' 'writereq' 'writeresp'>
ST_53 : Operation 618 [20/71] (3.65ns)   --->   "%gmem1_2_load_req = readreq i1 @_ssdm_op_ReadReq.m_axi.i32P1A, i32 %gmem1_2_addr, i64 1" [kernel.cpp:19]   --->   Operation 618 'readreq' 'gmem1_2_load_req' <Predicate = true> <Delay = 3.65> <CoreInst = "m_axi">   --->   Core 119 'm_axi' <Latency = 6> <II = 1> <Delay = 1.00> <Adapter> <Opcode : 'read' 'write' 'readreq' 'writereq' 'writeresp'>
ST_53 : Operation 619 [20/71] (3.65ns)   --->   "%gmem1_3_load_req = readreq i1 @_ssdm_op_ReadReq.m_axi.i32P1A, i32 %gmem1_3_addr, i64 1" [kernel.cpp:19]   --->   Operation 619 'readreq' 'gmem1_3_load_req' <Predicate = true> <Delay = 3.65> <CoreInst = "m_axi">   --->   Core 119 'm_axi' <Latency = 6> <II = 1> <Delay = 1.00> <Adapter> <Opcode : 'read' 'write' 'readreq' 'writereq' 'writeresp'>

State 54 <SV = 53> <Delay = 3.65>
ST_54 : Operation 620 [19/71] (3.65ns)   --->   "%gmem0_0_load_req = readreq i1 @_ssdm_op_ReadReq.m_axi.i32P1A, i32 %gmem0_0_addr, i64 1" [kernel.cpp:19]   --->   Operation 620 'readreq' 'gmem0_0_load_req' <Predicate = true> <Delay = 3.65> <CoreInst = "m_axi">   --->   Core 119 'm_axi' <Latency = 6> <II = 1> <Delay = 1.00> <Adapter> <Opcode : 'read' 'write' 'readreq' 'writereq' 'writeresp'>
ST_54 : Operation 621 [19/71] (3.65ns)   --->   "%gmem1_0_load_req = readreq i1 @_ssdm_op_ReadReq.m_axi.i32P1A, i32 %gmem1_0_addr, i64 1" [kernel.cpp:19]   --->   Operation 621 'readreq' 'gmem1_0_load_req' <Predicate = true> <Delay = 3.65> <CoreInst = "m_axi">   --->   Core 119 'm_axi' <Latency = 6> <II = 1> <Delay = 1.00> <Adapter> <Opcode : 'read' 'write' 'readreq' 'writereq' 'writeresp'>
ST_54 : Operation 622 [19/71] (3.65ns)   --->   "%gmem0_1_load_req = readreq i1 @_ssdm_op_ReadReq.m_axi.i32P1A, i32 %gmem0_1_addr, i64 1" [kernel.cpp:19]   --->   Operation 622 'readreq' 'gmem0_1_load_req' <Predicate = true> <Delay = 3.65> <CoreInst = "m_axi">   --->   Core 119 'm_axi' <Latency = 6> <II = 1> <Delay = 1.00> <Adapter> <Opcode : 'read' 'write' 'readreq' 'writereq' 'writeresp'>
ST_54 : Operation 623 [19/71] (3.65ns)   --->   "%gmem0_2_load_req = readreq i1 @_ssdm_op_ReadReq.m_axi.i32P1A, i32 %gmem0_2_addr, i64 1" [kernel.cpp:19]   --->   Operation 623 'readreq' 'gmem0_2_load_req' <Predicate = true> <Delay = 3.65> <CoreInst = "m_axi">   --->   Core 119 'm_axi' <Latency = 6> <II = 1> <Delay = 1.00> <Adapter> <Opcode : 'read' 'write' 'readreq' 'writereq' 'writeresp'>
ST_54 : Operation 624 [19/71] (3.65ns)   --->   "%gmem0_3_load_req = readreq i1 @_ssdm_op_ReadReq.m_axi.i32P1A, i32 %gmem0_3_addr, i64 1" [kernel.cpp:19]   --->   Operation 624 'readreq' 'gmem0_3_load_req' <Predicate = true> <Delay = 3.65> <CoreInst = "m_axi">   --->   Core 119 'm_axi' <Latency = 6> <II = 1> <Delay = 1.00> <Adapter> <Opcode : 'read' 'write' 'readreq' 'writereq' 'writeresp'>
ST_54 : Operation 625 [19/71] (3.65ns)   --->   "%gmem1_1_load_req = readreq i1 @_ssdm_op_ReadReq.m_axi.i32P1A, i32 %gmem1_1_addr, i64 1" [kernel.cpp:19]   --->   Operation 625 'readreq' 'gmem1_1_load_req' <Predicate = true> <Delay = 3.65> <CoreInst = "m_axi">   --->   Core 119 'm_axi' <Latency = 6> <II = 1> <Delay = 1.00> <Adapter> <Opcode : 'read' 'write' 'readreq' 'writereq' 'writeresp'>
ST_54 : Operation 626 [19/71] (3.65ns)   --->   "%gmem1_2_load_req = readreq i1 @_ssdm_op_ReadReq.m_axi.i32P1A, i32 %gmem1_2_addr, i64 1" [kernel.cpp:19]   --->   Operation 626 'readreq' 'gmem1_2_load_req' <Predicate = true> <Delay = 3.65> <CoreInst = "m_axi">   --->   Core 119 'm_axi' <Latency = 6> <II = 1> <Delay = 1.00> <Adapter> <Opcode : 'read' 'write' 'readreq' 'writereq' 'writeresp'>
ST_54 : Operation 627 [19/71] (3.65ns)   --->   "%gmem1_3_load_req = readreq i1 @_ssdm_op_ReadReq.m_axi.i32P1A, i32 %gmem1_3_addr, i64 1" [kernel.cpp:19]   --->   Operation 627 'readreq' 'gmem1_3_load_req' <Predicate = true> <Delay = 3.65> <CoreInst = "m_axi">   --->   Core 119 'm_axi' <Latency = 6> <II = 1> <Delay = 1.00> <Adapter> <Opcode : 'read' 'write' 'readreq' 'writereq' 'writeresp'>

State 55 <SV = 54> <Delay = 3.65>
ST_55 : Operation 628 [18/71] (3.65ns)   --->   "%gmem0_0_load_req = readreq i1 @_ssdm_op_ReadReq.m_axi.i32P1A, i32 %gmem0_0_addr, i64 1" [kernel.cpp:19]   --->   Operation 628 'readreq' 'gmem0_0_load_req' <Predicate = true> <Delay = 3.65> <CoreInst = "m_axi">   --->   Core 119 'm_axi' <Latency = 6> <II = 1> <Delay = 1.00> <Adapter> <Opcode : 'read' 'write' 'readreq' 'writereq' 'writeresp'>
ST_55 : Operation 629 [18/71] (3.65ns)   --->   "%gmem1_0_load_req = readreq i1 @_ssdm_op_ReadReq.m_axi.i32P1A, i32 %gmem1_0_addr, i64 1" [kernel.cpp:19]   --->   Operation 629 'readreq' 'gmem1_0_load_req' <Predicate = true> <Delay = 3.65> <CoreInst = "m_axi">   --->   Core 119 'm_axi' <Latency = 6> <II = 1> <Delay = 1.00> <Adapter> <Opcode : 'read' 'write' 'readreq' 'writereq' 'writeresp'>
ST_55 : Operation 630 [18/71] (3.65ns)   --->   "%gmem0_1_load_req = readreq i1 @_ssdm_op_ReadReq.m_axi.i32P1A, i32 %gmem0_1_addr, i64 1" [kernel.cpp:19]   --->   Operation 630 'readreq' 'gmem0_1_load_req' <Predicate = true> <Delay = 3.65> <CoreInst = "m_axi">   --->   Core 119 'm_axi' <Latency = 6> <II = 1> <Delay = 1.00> <Adapter> <Opcode : 'read' 'write' 'readreq' 'writereq' 'writeresp'>
ST_55 : Operation 631 [18/71] (3.65ns)   --->   "%gmem0_2_load_req = readreq i1 @_ssdm_op_ReadReq.m_axi.i32P1A, i32 %gmem0_2_addr, i64 1" [kernel.cpp:19]   --->   Operation 631 'readreq' 'gmem0_2_load_req' <Predicate = true> <Delay = 3.65> <CoreInst = "m_axi">   --->   Core 119 'm_axi' <Latency = 6> <II = 1> <Delay = 1.00> <Adapter> <Opcode : 'read' 'write' 'readreq' 'writereq' 'writeresp'>
ST_55 : Operation 632 [18/71] (3.65ns)   --->   "%gmem0_3_load_req = readreq i1 @_ssdm_op_ReadReq.m_axi.i32P1A, i32 %gmem0_3_addr, i64 1" [kernel.cpp:19]   --->   Operation 632 'readreq' 'gmem0_3_load_req' <Predicate = true> <Delay = 3.65> <CoreInst = "m_axi">   --->   Core 119 'm_axi' <Latency = 6> <II = 1> <Delay = 1.00> <Adapter> <Opcode : 'read' 'write' 'readreq' 'writereq' 'writeresp'>
ST_55 : Operation 633 [18/71] (3.65ns)   --->   "%gmem1_1_load_req = readreq i1 @_ssdm_op_ReadReq.m_axi.i32P1A, i32 %gmem1_1_addr, i64 1" [kernel.cpp:19]   --->   Operation 633 'readreq' 'gmem1_1_load_req' <Predicate = true> <Delay = 3.65> <CoreInst = "m_axi">   --->   Core 119 'm_axi' <Latency = 6> <II = 1> <Delay = 1.00> <Adapter> <Opcode : 'read' 'write' 'readreq' 'writereq' 'writeresp'>
ST_55 : Operation 634 [18/71] (3.65ns)   --->   "%gmem1_2_load_req = readreq i1 @_ssdm_op_ReadReq.m_axi.i32P1A, i32 %gmem1_2_addr, i64 1" [kernel.cpp:19]   --->   Operation 634 'readreq' 'gmem1_2_load_req' <Predicate = true> <Delay = 3.65> <CoreInst = "m_axi">   --->   Core 119 'm_axi' <Latency = 6> <II = 1> <Delay = 1.00> <Adapter> <Opcode : 'read' 'write' 'readreq' 'writereq' 'writeresp'>
ST_55 : Operation 635 [18/71] (3.65ns)   --->   "%gmem1_3_load_req = readreq i1 @_ssdm_op_ReadReq.m_axi.i32P1A, i32 %gmem1_3_addr, i64 1" [kernel.cpp:19]   --->   Operation 635 'readreq' 'gmem1_3_load_req' <Predicate = true> <Delay = 3.65> <CoreInst = "m_axi">   --->   Core 119 'm_axi' <Latency = 6> <II = 1> <Delay = 1.00> <Adapter> <Opcode : 'read' 'write' 'readreq' 'writereq' 'writeresp'>

State 56 <SV = 55> <Delay = 3.65>
ST_56 : Operation 636 [17/71] (3.65ns)   --->   "%gmem0_0_load_req = readreq i1 @_ssdm_op_ReadReq.m_axi.i32P1A, i32 %gmem0_0_addr, i64 1" [kernel.cpp:19]   --->   Operation 636 'readreq' 'gmem0_0_load_req' <Predicate = true> <Delay = 3.65> <CoreInst = "m_axi">   --->   Core 119 'm_axi' <Latency = 6> <II = 1> <Delay = 1.00> <Adapter> <Opcode : 'read' 'write' 'readreq' 'writereq' 'writeresp'>
ST_56 : Operation 637 [17/71] (3.65ns)   --->   "%gmem1_0_load_req = readreq i1 @_ssdm_op_ReadReq.m_axi.i32P1A, i32 %gmem1_0_addr, i64 1" [kernel.cpp:19]   --->   Operation 637 'readreq' 'gmem1_0_load_req' <Predicate = true> <Delay = 3.65> <CoreInst = "m_axi">   --->   Core 119 'm_axi' <Latency = 6> <II = 1> <Delay = 1.00> <Adapter> <Opcode : 'read' 'write' 'readreq' 'writereq' 'writeresp'>
ST_56 : Operation 638 [17/71] (3.65ns)   --->   "%gmem0_1_load_req = readreq i1 @_ssdm_op_ReadReq.m_axi.i32P1A, i32 %gmem0_1_addr, i64 1" [kernel.cpp:19]   --->   Operation 638 'readreq' 'gmem0_1_load_req' <Predicate = true> <Delay = 3.65> <CoreInst = "m_axi">   --->   Core 119 'm_axi' <Latency = 6> <II = 1> <Delay = 1.00> <Adapter> <Opcode : 'read' 'write' 'readreq' 'writereq' 'writeresp'>
ST_56 : Operation 639 [17/71] (3.65ns)   --->   "%gmem0_2_load_req = readreq i1 @_ssdm_op_ReadReq.m_axi.i32P1A, i32 %gmem0_2_addr, i64 1" [kernel.cpp:19]   --->   Operation 639 'readreq' 'gmem0_2_load_req' <Predicate = true> <Delay = 3.65> <CoreInst = "m_axi">   --->   Core 119 'm_axi' <Latency = 6> <II = 1> <Delay = 1.00> <Adapter> <Opcode : 'read' 'write' 'readreq' 'writereq' 'writeresp'>
ST_56 : Operation 640 [17/71] (3.65ns)   --->   "%gmem0_3_load_req = readreq i1 @_ssdm_op_ReadReq.m_axi.i32P1A, i32 %gmem0_3_addr, i64 1" [kernel.cpp:19]   --->   Operation 640 'readreq' 'gmem0_3_load_req' <Predicate = true> <Delay = 3.65> <CoreInst = "m_axi">   --->   Core 119 'm_axi' <Latency = 6> <II = 1> <Delay = 1.00> <Adapter> <Opcode : 'read' 'write' 'readreq' 'writereq' 'writeresp'>
ST_56 : Operation 641 [17/71] (3.65ns)   --->   "%gmem1_1_load_req = readreq i1 @_ssdm_op_ReadReq.m_axi.i32P1A, i32 %gmem1_1_addr, i64 1" [kernel.cpp:19]   --->   Operation 641 'readreq' 'gmem1_1_load_req' <Predicate = true> <Delay = 3.65> <CoreInst = "m_axi">   --->   Core 119 'm_axi' <Latency = 6> <II = 1> <Delay = 1.00> <Adapter> <Opcode : 'read' 'write' 'readreq' 'writereq' 'writeresp'>
ST_56 : Operation 642 [17/71] (3.65ns)   --->   "%gmem1_2_load_req = readreq i1 @_ssdm_op_ReadReq.m_axi.i32P1A, i32 %gmem1_2_addr, i64 1" [kernel.cpp:19]   --->   Operation 642 'readreq' 'gmem1_2_load_req' <Predicate = true> <Delay = 3.65> <CoreInst = "m_axi">   --->   Core 119 'm_axi' <Latency = 6> <II = 1> <Delay = 1.00> <Adapter> <Opcode : 'read' 'write' 'readreq' 'writereq' 'writeresp'>
ST_56 : Operation 643 [17/71] (3.65ns)   --->   "%gmem1_3_load_req = readreq i1 @_ssdm_op_ReadReq.m_axi.i32P1A, i32 %gmem1_3_addr, i64 1" [kernel.cpp:19]   --->   Operation 643 'readreq' 'gmem1_3_load_req' <Predicate = true> <Delay = 3.65> <CoreInst = "m_axi">   --->   Core 119 'm_axi' <Latency = 6> <II = 1> <Delay = 1.00> <Adapter> <Opcode : 'read' 'write' 'readreq' 'writereq' 'writeresp'>

State 57 <SV = 56> <Delay = 3.65>
ST_57 : Operation 644 [16/71] (3.65ns)   --->   "%gmem0_0_load_req = readreq i1 @_ssdm_op_ReadReq.m_axi.i32P1A, i32 %gmem0_0_addr, i64 1" [kernel.cpp:19]   --->   Operation 644 'readreq' 'gmem0_0_load_req' <Predicate = true> <Delay = 3.65> <CoreInst = "m_axi">   --->   Core 119 'm_axi' <Latency = 6> <II = 1> <Delay = 1.00> <Adapter> <Opcode : 'read' 'write' 'readreq' 'writereq' 'writeresp'>
ST_57 : Operation 645 [16/71] (3.65ns)   --->   "%gmem1_0_load_req = readreq i1 @_ssdm_op_ReadReq.m_axi.i32P1A, i32 %gmem1_0_addr, i64 1" [kernel.cpp:19]   --->   Operation 645 'readreq' 'gmem1_0_load_req' <Predicate = true> <Delay = 3.65> <CoreInst = "m_axi">   --->   Core 119 'm_axi' <Latency = 6> <II = 1> <Delay = 1.00> <Adapter> <Opcode : 'read' 'write' 'readreq' 'writereq' 'writeresp'>
ST_57 : Operation 646 [16/71] (3.65ns)   --->   "%gmem0_1_load_req = readreq i1 @_ssdm_op_ReadReq.m_axi.i32P1A, i32 %gmem0_1_addr, i64 1" [kernel.cpp:19]   --->   Operation 646 'readreq' 'gmem0_1_load_req' <Predicate = true> <Delay = 3.65> <CoreInst = "m_axi">   --->   Core 119 'm_axi' <Latency = 6> <II = 1> <Delay = 1.00> <Adapter> <Opcode : 'read' 'write' 'readreq' 'writereq' 'writeresp'>
ST_57 : Operation 647 [16/71] (3.65ns)   --->   "%gmem0_2_load_req = readreq i1 @_ssdm_op_ReadReq.m_axi.i32P1A, i32 %gmem0_2_addr, i64 1" [kernel.cpp:19]   --->   Operation 647 'readreq' 'gmem0_2_load_req' <Predicate = true> <Delay = 3.65> <CoreInst = "m_axi">   --->   Core 119 'm_axi' <Latency = 6> <II = 1> <Delay = 1.00> <Adapter> <Opcode : 'read' 'write' 'readreq' 'writereq' 'writeresp'>
ST_57 : Operation 648 [16/71] (3.65ns)   --->   "%gmem0_3_load_req = readreq i1 @_ssdm_op_ReadReq.m_axi.i32P1A, i32 %gmem0_3_addr, i64 1" [kernel.cpp:19]   --->   Operation 648 'readreq' 'gmem0_3_load_req' <Predicate = true> <Delay = 3.65> <CoreInst = "m_axi">   --->   Core 119 'm_axi' <Latency = 6> <II = 1> <Delay = 1.00> <Adapter> <Opcode : 'read' 'write' 'readreq' 'writereq' 'writeresp'>
ST_57 : Operation 649 [16/71] (3.65ns)   --->   "%gmem1_1_load_req = readreq i1 @_ssdm_op_ReadReq.m_axi.i32P1A, i32 %gmem1_1_addr, i64 1" [kernel.cpp:19]   --->   Operation 649 'readreq' 'gmem1_1_load_req' <Predicate = true> <Delay = 3.65> <CoreInst = "m_axi">   --->   Core 119 'm_axi' <Latency = 6> <II = 1> <Delay = 1.00> <Adapter> <Opcode : 'read' 'write' 'readreq' 'writereq' 'writeresp'>
ST_57 : Operation 650 [16/71] (3.65ns)   --->   "%gmem1_2_load_req = readreq i1 @_ssdm_op_ReadReq.m_axi.i32P1A, i32 %gmem1_2_addr, i64 1" [kernel.cpp:19]   --->   Operation 650 'readreq' 'gmem1_2_load_req' <Predicate = true> <Delay = 3.65> <CoreInst = "m_axi">   --->   Core 119 'm_axi' <Latency = 6> <II = 1> <Delay = 1.00> <Adapter> <Opcode : 'read' 'write' 'readreq' 'writereq' 'writeresp'>
ST_57 : Operation 651 [16/71] (3.65ns)   --->   "%gmem1_3_load_req = readreq i1 @_ssdm_op_ReadReq.m_axi.i32P1A, i32 %gmem1_3_addr, i64 1" [kernel.cpp:19]   --->   Operation 651 'readreq' 'gmem1_3_load_req' <Predicate = true> <Delay = 3.65> <CoreInst = "m_axi">   --->   Core 119 'm_axi' <Latency = 6> <II = 1> <Delay = 1.00> <Adapter> <Opcode : 'read' 'write' 'readreq' 'writereq' 'writeresp'>

State 58 <SV = 57> <Delay = 3.65>
ST_58 : Operation 652 [15/71] (3.65ns)   --->   "%gmem0_0_load_req = readreq i1 @_ssdm_op_ReadReq.m_axi.i32P1A, i32 %gmem0_0_addr, i64 1" [kernel.cpp:19]   --->   Operation 652 'readreq' 'gmem0_0_load_req' <Predicate = true> <Delay = 3.65> <CoreInst = "m_axi">   --->   Core 119 'm_axi' <Latency = 6> <II = 1> <Delay = 1.00> <Adapter> <Opcode : 'read' 'write' 'readreq' 'writereq' 'writeresp'>
ST_58 : Operation 653 [15/71] (3.65ns)   --->   "%gmem1_0_load_req = readreq i1 @_ssdm_op_ReadReq.m_axi.i32P1A, i32 %gmem1_0_addr, i64 1" [kernel.cpp:19]   --->   Operation 653 'readreq' 'gmem1_0_load_req' <Predicate = true> <Delay = 3.65> <CoreInst = "m_axi">   --->   Core 119 'm_axi' <Latency = 6> <II = 1> <Delay = 1.00> <Adapter> <Opcode : 'read' 'write' 'readreq' 'writereq' 'writeresp'>
ST_58 : Operation 654 [15/71] (3.65ns)   --->   "%gmem0_1_load_req = readreq i1 @_ssdm_op_ReadReq.m_axi.i32P1A, i32 %gmem0_1_addr, i64 1" [kernel.cpp:19]   --->   Operation 654 'readreq' 'gmem0_1_load_req' <Predicate = true> <Delay = 3.65> <CoreInst = "m_axi">   --->   Core 119 'm_axi' <Latency = 6> <II = 1> <Delay = 1.00> <Adapter> <Opcode : 'read' 'write' 'readreq' 'writereq' 'writeresp'>
ST_58 : Operation 655 [15/71] (3.65ns)   --->   "%gmem0_2_load_req = readreq i1 @_ssdm_op_ReadReq.m_axi.i32P1A, i32 %gmem0_2_addr, i64 1" [kernel.cpp:19]   --->   Operation 655 'readreq' 'gmem0_2_load_req' <Predicate = true> <Delay = 3.65> <CoreInst = "m_axi">   --->   Core 119 'm_axi' <Latency = 6> <II = 1> <Delay = 1.00> <Adapter> <Opcode : 'read' 'write' 'readreq' 'writereq' 'writeresp'>
ST_58 : Operation 656 [15/71] (3.65ns)   --->   "%gmem0_3_load_req = readreq i1 @_ssdm_op_ReadReq.m_axi.i32P1A, i32 %gmem0_3_addr, i64 1" [kernel.cpp:19]   --->   Operation 656 'readreq' 'gmem0_3_load_req' <Predicate = true> <Delay = 3.65> <CoreInst = "m_axi">   --->   Core 119 'm_axi' <Latency = 6> <II = 1> <Delay = 1.00> <Adapter> <Opcode : 'read' 'write' 'readreq' 'writereq' 'writeresp'>
ST_58 : Operation 657 [15/71] (3.65ns)   --->   "%gmem1_1_load_req = readreq i1 @_ssdm_op_ReadReq.m_axi.i32P1A, i32 %gmem1_1_addr, i64 1" [kernel.cpp:19]   --->   Operation 657 'readreq' 'gmem1_1_load_req' <Predicate = true> <Delay = 3.65> <CoreInst = "m_axi">   --->   Core 119 'm_axi' <Latency = 6> <II = 1> <Delay = 1.00> <Adapter> <Opcode : 'read' 'write' 'readreq' 'writereq' 'writeresp'>
ST_58 : Operation 658 [15/71] (3.65ns)   --->   "%gmem1_2_load_req = readreq i1 @_ssdm_op_ReadReq.m_axi.i32P1A, i32 %gmem1_2_addr, i64 1" [kernel.cpp:19]   --->   Operation 658 'readreq' 'gmem1_2_load_req' <Predicate = true> <Delay = 3.65> <CoreInst = "m_axi">   --->   Core 119 'm_axi' <Latency = 6> <II = 1> <Delay = 1.00> <Adapter> <Opcode : 'read' 'write' 'readreq' 'writereq' 'writeresp'>
ST_58 : Operation 659 [15/71] (3.65ns)   --->   "%gmem1_3_load_req = readreq i1 @_ssdm_op_ReadReq.m_axi.i32P1A, i32 %gmem1_3_addr, i64 1" [kernel.cpp:19]   --->   Operation 659 'readreq' 'gmem1_3_load_req' <Predicate = true> <Delay = 3.65> <CoreInst = "m_axi">   --->   Core 119 'm_axi' <Latency = 6> <II = 1> <Delay = 1.00> <Adapter> <Opcode : 'read' 'write' 'readreq' 'writereq' 'writeresp'>

State 59 <SV = 58> <Delay = 3.65>
ST_59 : Operation 660 [14/71] (3.65ns)   --->   "%gmem0_0_load_req = readreq i1 @_ssdm_op_ReadReq.m_axi.i32P1A, i32 %gmem0_0_addr, i64 1" [kernel.cpp:19]   --->   Operation 660 'readreq' 'gmem0_0_load_req' <Predicate = true> <Delay = 3.65> <CoreInst = "m_axi">   --->   Core 119 'm_axi' <Latency = 6> <II = 1> <Delay = 1.00> <Adapter> <Opcode : 'read' 'write' 'readreq' 'writereq' 'writeresp'>
ST_59 : Operation 661 [14/71] (3.65ns)   --->   "%gmem1_0_load_req = readreq i1 @_ssdm_op_ReadReq.m_axi.i32P1A, i32 %gmem1_0_addr, i64 1" [kernel.cpp:19]   --->   Operation 661 'readreq' 'gmem1_0_load_req' <Predicate = true> <Delay = 3.65> <CoreInst = "m_axi">   --->   Core 119 'm_axi' <Latency = 6> <II = 1> <Delay = 1.00> <Adapter> <Opcode : 'read' 'write' 'readreq' 'writereq' 'writeresp'>
ST_59 : Operation 662 [14/71] (3.65ns)   --->   "%gmem0_1_load_req = readreq i1 @_ssdm_op_ReadReq.m_axi.i32P1A, i32 %gmem0_1_addr, i64 1" [kernel.cpp:19]   --->   Operation 662 'readreq' 'gmem0_1_load_req' <Predicate = true> <Delay = 3.65> <CoreInst = "m_axi">   --->   Core 119 'm_axi' <Latency = 6> <II = 1> <Delay = 1.00> <Adapter> <Opcode : 'read' 'write' 'readreq' 'writereq' 'writeresp'>
ST_59 : Operation 663 [14/71] (3.65ns)   --->   "%gmem0_2_load_req = readreq i1 @_ssdm_op_ReadReq.m_axi.i32P1A, i32 %gmem0_2_addr, i64 1" [kernel.cpp:19]   --->   Operation 663 'readreq' 'gmem0_2_load_req' <Predicate = true> <Delay = 3.65> <CoreInst = "m_axi">   --->   Core 119 'm_axi' <Latency = 6> <II = 1> <Delay = 1.00> <Adapter> <Opcode : 'read' 'write' 'readreq' 'writereq' 'writeresp'>
ST_59 : Operation 664 [14/71] (3.65ns)   --->   "%gmem0_3_load_req = readreq i1 @_ssdm_op_ReadReq.m_axi.i32P1A, i32 %gmem0_3_addr, i64 1" [kernel.cpp:19]   --->   Operation 664 'readreq' 'gmem0_3_load_req' <Predicate = true> <Delay = 3.65> <CoreInst = "m_axi">   --->   Core 119 'm_axi' <Latency = 6> <II = 1> <Delay = 1.00> <Adapter> <Opcode : 'read' 'write' 'readreq' 'writereq' 'writeresp'>
ST_59 : Operation 665 [14/71] (3.65ns)   --->   "%gmem1_1_load_req = readreq i1 @_ssdm_op_ReadReq.m_axi.i32P1A, i32 %gmem1_1_addr, i64 1" [kernel.cpp:19]   --->   Operation 665 'readreq' 'gmem1_1_load_req' <Predicate = true> <Delay = 3.65> <CoreInst = "m_axi">   --->   Core 119 'm_axi' <Latency = 6> <II = 1> <Delay = 1.00> <Adapter> <Opcode : 'read' 'write' 'readreq' 'writereq' 'writeresp'>
ST_59 : Operation 666 [14/71] (3.65ns)   --->   "%gmem1_2_load_req = readreq i1 @_ssdm_op_ReadReq.m_axi.i32P1A, i32 %gmem1_2_addr, i64 1" [kernel.cpp:19]   --->   Operation 666 'readreq' 'gmem1_2_load_req' <Predicate = true> <Delay = 3.65> <CoreInst = "m_axi">   --->   Core 119 'm_axi' <Latency = 6> <II = 1> <Delay = 1.00> <Adapter> <Opcode : 'read' 'write' 'readreq' 'writereq' 'writeresp'>
ST_59 : Operation 667 [14/71] (3.65ns)   --->   "%gmem1_3_load_req = readreq i1 @_ssdm_op_ReadReq.m_axi.i32P1A, i32 %gmem1_3_addr, i64 1" [kernel.cpp:19]   --->   Operation 667 'readreq' 'gmem1_3_load_req' <Predicate = true> <Delay = 3.65> <CoreInst = "m_axi">   --->   Core 119 'm_axi' <Latency = 6> <II = 1> <Delay = 1.00> <Adapter> <Opcode : 'read' 'write' 'readreq' 'writereq' 'writeresp'>

State 60 <SV = 59> <Delay = 3.65>
ST_60 : Operation 668 [13/71] (3.65ns)   --->   "%gmem0_0_load_req = readreq i1 @_ssdm_op_ReadReq.m_axi.i32P1A, i32 %gmem0_0_addr, i64 1" [kernel.cpp:19]   --->   Operation 668 'readreq' 'gmem0_0_load_req' <Predicate = true> <Delay = 3.65> <CoreInst = "m_axi">   --->   Core 119 'm_axi' <Latency = 6> <II = 1> <Delay = 1.00> <Adapter> <Opcode : 'read' 'write' 'readreq' 'writereq' 'writeresp'>
ST_60 : Operation 669 [13/71] (3.65ns)   --->   "%gmem1_0_load_req = readreq i1 @_ssdm_op_ReadReq.m_axi.i32P1A, i32 %gmem1_0_addr, i64 1" [kernel.cpp:19]   --->   Operation 669 'readreq' 'gmem1_0_load_req' <Predicate = true> <Delay = 3.65> <CoreInst = "m_axi">   --->   Core 119 'm_axi' <Latency = 6> <II = 1> <Delay = 1.00> <Adapter> <Opcode : 'read' 'write' 'readreq' 'writereq' 'writeresp'>
ST_60 : Operation 670 [13/71] (3.65ns)   --->   "%gmem0_1_load_req = readreq i1 @_ssdm_op_ReadReq.m_axi.i32P1A, i32 %gmem0_1_addr, i64 1" [kernel.cpp:19]   --->   Operation 670 'readreq' 'gmem0_1_load_req' <Predicate = true> <Delay = 3.65> <CoreInst = "m_axi">   --->   Core 119 'm_axi' <Latency = 6> <II = 1> <Delay = 1.00> <Adapter> <Opcode : 'read' 'write' 'readreq' 'writereq' 'writeresp'>
ST_60 : Operation 671 [13/71] (3.65ns)   --->   "%gmem0_2_load_req = readreq i1 @_ssdm_op_ReadReq.m_axi.i32P1A, i32 %gmem0_2_addr, i64 1" [kernel.cpp:19]   --->   Operation 671 'readreq' 'gmem0_2_load_req' <Predicate = true> <Delay = 3.65> <CoreInst = "m_axi">   --->   Core 119 'm_axi' <Latency = 6> <II = 1> <Delay = 1.00> <Adapter> <Opcode : 'read' 'write' 'readreq' 'writereq' 'writeresp'>
ST_60 : Operation 672 [13/71] (3.65ns)   --->   "%gmem0_3_load_req = readreq i1 @_ssdm_op_ReadReq.m_axi.i32P1A, i32 %gmem0_3_addr, i64 1" [kernel.cpp:19]   --->   Operation 672 'readreq' 'gmem0_3_load_req' <Predicate = true> <Delay = 3.65> <CoreInst = "m_axi">   --->   Core 119 'm_axi' <Latency = 6> <II = 1> <Delay = 1.00> <Adapter> <Opcode : 'read' 'write' 'readreq' 'writereq' 'writeresp'>
ST_60 : Operation 673 [13/71] (3.65ns)   --->   "%gmem1_1_load_req = readreq i1 @_ssdm_op_ReadReq.m_axi.i32P1A, i32 %gmem1_1_addr, i64 1" [kernel.cpp:19]   --->   Operation 673 'readreq' 'gmem1_1_load_req' <Predicate = true> <Delay = 3.65> <CoreInst = "m_axi">   --->   Core 119 'm_axi' <Latency = 6> <II = 1> <Delay = 1.00> <Adapter> <Opcode : 'read' 'write' 'readreq' 'writereq' 'writeresp'>
ST_60 : Operation 674 [13/71] (3.65ns)   --->   "%gmem1_2_load_req = readreq i1 @_ssdm_op_ReadReq.m_axi.i32P1A, i32 %gmem1_2_addr, i64 1" [kernel.cpp:19]   --->   Operation 674 'readreq' 'gmem1_2_load_req' <Predicate = true> <Delay = 3.65> <CoreInst = "m_axi">   --->   Core 119 'm_axi' <Latency = 6> <II = 1> <Delay = 1.00> <Adapter> <Opcode : 'read' 'write' 'readreq' 'writereq' 'writeresp'>
ST_60 : Operation 675 [13/71] (3.65ns)   --->   "%gmem1_3_load_req = readreq i1 @_ssdm_op_ReadReq.m_axi.i32P1A, i32 %gmem1_3_addr, i64 1" [kernel.cpp:19]   --->   Operation 675 'readreq' 'gmem1_3_load_req' <Predicate = true> <Delay = 3.65> <CoreInst = "m_axi">   --->   Core 119 'm_axi' <Latency = 6> <II = 1> <Delay = 1.00> <Adapter> <Opcode : 'read' 'write' 'readreq' 'writereq' 'writeresp'>

State 61 <SV = 60> <Delay = 3.65>
ST_61 : Operation 676 [12/71] (3.65ns)   --->   "%gmem0_0_load_req = readreq i1 @_ssdm_op_ReadReq.m_axi.i32P1A, i32 %gmem0_0_addr, i64 1" [kernel.cpp:19]   --->   Operation 676 'readreq' 'gmem0_0_load_req' <Predicate = true> <Delay = 3.65> <CoreInst = "m_axi">   --->   Core 119 'm_axi' <Latency = 6> <II = 1> <Delay = 1.00> <Adapter> <Opcode : 'read' 'write' 'readreq' 'writereq' 'writeresp'>
ST_61 : Operation 677 [12/71] (3.65ns)   --->   "%gmem1_0_load_req = readreq i1 @_ssdm_op_ReadReq.m_axi.i32P1A, i32 %gmem1_0_addr, i64 1" [kernel.cpp:19]   --->   Operation 677 'readreq' 'gmem1_0_load_req' <Predicate = true> <Delay = 3.65> <CoreInst = "m_axi">   --->   Core 119 'm_axi' <Latency = 6> <II = 1> <Delay = 1.00> <Adapter> <Opcode : 'read' 'write' 'readreq' 'writereq' 'writeresp'>
ST_61 : Operation 678 [12/71] (3.65ns)   --->   "%gmem0_1_load_req = readreq i1 @_ssdm_op_ReadReq.m_axi.i32P1A, i32 %gmem0_1_addr, i64 1" [kernel.cpp:19]   --->   Operation 678 'readreq' 'gmem0_1_load_req' <Predicate = true> <Delay = 3.65> <CoreInst = "m_axi">   --->   Core 119 'm_axi' <Latency = 6> <II = 1> <Delay = 1.00> <Adapter> <Opcode : 'read' 'write' 'readreq' 'writereq' 'writeresp'>
ST_61 : Operation 679 [12/71] (3.65ns)   --->   "%gmem0_2_load_req = readreq i1 @_ssdm_op_ReadReq.m_axi.i32P1A, i32 %gmem0_2_addr, i64 1" [kernel.cpp:19]   --->   Operation 679 'readreq' 'gmem0_2_load_req' <Predicate = true> <Delay = 3.65> <CoreInst = "m_axi">   --->   Core 119 'm_axi' <Latency = 6> <II = 1> <Delay = 1.00> <Adapter> <Opcode : 'read' 'write' 'readreq' 'writereq' 'writeresp'>
ST_61 : Operation 680 [12/71] (3.65ns)   --->   "%gmem0_3_load_req = readreq i1 @_ssdm_op_ReadReq.m_axi.i32P1A, i32 %gmem0_3_addr, i64 1" [kernel.cpp:19]   --->   Operation 680 'readreq' 'gmem0_3_load_req' <Predicate = true> <Delay = 3.65> <CoreInst = "m_axi">   --->   Core 119 'm_axi' <Latency = 6> <II = 1> <Delay = 1.00> <Adapter> <Opcode : 'read' 'write' 'readreq' 'writereq' 'writeresp'>
ST_61 : Operation 681 [12/71] (3.65ns)   --->   "%gmem1_1_load_req = readreq i1 @_ssdm_op_ReadReq.m_axi.i32P1A, i32 %gmem1_1_addr, i64 1" [kernel.cpp:19]   --->   Operation 681 'readreq' 'gmem1_1_load_req' <Predicate = true> <Delay = 3.65> <CoreInst = "m_axi">   --->   Core 119 'm_axi' <Latency = 6> <II = 1> <Delay = 1.00> <Adapter> <Opcode : 'read' 'write' 'readreq' 'writereq' 'writeresp'>
ST_61 : Operation 682 [12/71] (3.65ns)   --->   "%gmem1_2_load_req = readreq i1 @_ssdm_op_ReadReq.m_axi.i32P1A, i32 %gmem1_2_addr, i64 1" [kernel.cpp:19]   --->   Operation 682 'readreq' 'gmem1_2_load_req' <Predicate = true> <Delay = 3.65> <CoreInst = "m_axi">   --->   Core 119 'm_axi' <Latency = 6> <II = 1> <Delay = 1.00> <Adapter> <Opcode : 'read' 'write' 'readreq' 'writereq' 'writeresp'>
ST_61 : Operation 683 [12/71] (3.65ns)   --->   "%gmem1_3_load_req = readreq i1 @_ssdm_op_ReadReq.m_axi.i32P1A, i32 %gmem1_3_addr, i64 1" [kernel.cpp:19]   --->   Operation 683 'readreq' 'gmem1_3_load_req' <Predicate = true> <Delay = 3.65> <CoreInst = "m_axi">   --->   Core 119 'm_axi' <Latency = 6> <II = 1> <Delay = 1.00> <Adapter> <Opcode : 'read' 'write' 'readreq' 'writereq' 'writeresp'>

State 62 <SV = 61> <Delay = 3.65>
ST_62 : Operation 684 [11/71] (3.65ns)   --->   "%gmem0_0_load_req = readreq i1 @_ssdm_op_ReadReq.m_axi.i32P1A, i32 %gmem0_0_addr, i64 1" [kernel.cpp:19]   --->   Operation 684 'readreq' 'gmem0_0_load_req' <Predicate = true> <Delay = 3.65> <CoreInst = "m_axi">   --->   Core 119 'm_axi' <Latency = 6> <II = 1> <Delay = 1.00> <Adapter> <Opcode : 'read' 'write' 'readreq' 'writereq' 'writeresp'>
ST_62 : Operation 685 [11/71] (3.65ns)   --->   "%gmem1_0_load_req = readreq i1 @_ssdm_op_ReadReq.m_axi.i32P1A, i32 %gmem1_0_addr, i64 1" [kernel.cpp:19]   --->   Operation 685 'readreq' 'gmem1_0_load_req' <Predicate = true> <Delay = 3.65> <CoreInst = "m_axi">   --->   Core 119 'm_axi' <Latency = 6> <II = 1> <Delay = 1.00> <Adapter> <Opcode : 'read' 'write' 'readreq' 'writereq' 'writeresp'>
ST_62 : Operation 686 [11/71] (3.65ns)   --->   "%gmem0_1_load_req = readreq i1 @_ssdm_op_ReadReq.m_axi.i32P1A, i32 %gmem0_1_addr, i64 1" [kernel.cpp:19]   --->   Operation 686 'readreq' 'gmem0_1_load_req' <Predicate = true> <Delay = 3.65> <CoreInst = "m_axi">   --->   Core 119 'm_axi' <Latency = 6> <II = 1> <Delay = 1.00> <Adapter> <Opcode : 'read' 'write' 'readreq' 'writereq' 'writeresp'>
ST_62 : Operation 687 [11/71] (3.65ns)   --->   "%gmem0_2_load_req = readreq i1 @_ssdm_op_ReadReq.m_axi.i32P1A, i32 %gmem0_2_addr, i64 1" [kernel.cpp:19]   --->   Operation 687 'readreq' 'gmem0_2_load_req' <Predicate = true> <Delay = 3.65> <CoreInst = "m_axi">   --->   Core 119 'm_axi' <Latency = 6> <II = 1> <Delay = 1.00> <Adapter> <Opcode : 'read' 'write' 'readreq' 'writereq' 'writeresp'>
ST_62 : Operation 688 [11/71] (3.65ns)   --->   "%gmem0_3_load_req = readreq i1 @_ssdm_op_ReadReq.m_axi.i32P1A, i32 %gmem0_3_addr, i64 1" [kernel.cpp:19]   --->   Operation 688 'readreq' 'gmem0_3_load_req' <Predicate = true> <Delay = 3.65> <CoreInst = "m_axi">   --->   Core 119 'm_axi' <Latency = 6> <II = 1> <Delay = 1.00> <Adapter> <Opcode : 'read' 'write' 'readreq' 'writereq' 'writeresp'>
ST_62 : Operation 689 [11/71] (3.65ns)   --->   "%gmem1_1_load_req = readreq i1 @_ssdm_op_ReadReq.m_axi.i32P1A, i32 %gmem1_1_addr, i64 1" [kernel.cpp:19]   --->   Operation 689 'readreq' 'gmem1_1_load_req' <Predicate = true> <Delay = 3.65> <CoreInst = "m_axi">   --->   Core 119 'm_axi' <Latency = 6> <II = 1> <Delay = 1.00> <Adapter> <Opcode : 'read' 'write' 'readreq' 'writereq' 'writeresp'>
ST_62 : Operation 690 [11/71] (3.65ns)   --->   "%gmem1_2_load_req = readreq i1 @_ssdm_op_ReadReq.m_axi.i32P1A, i32 %gmem1_2_addr, i64 1" [kernel.cpp:19]   --->   Operation 690 'readreq' 'gmem1_2_load_req' <Predicate = true> <Delay = 3.65> <CoreInst = "m_axi">   --->   Core 119 'm_axi' <Latency = 6> <II = 1> <Delay = 1.00> <Adapter> <Opcode : 'read' 'write' 'readreq' 'writereq' 'writeresp'>
ST_62 : Operation 691 [11/71] (3.65ns)   --->   "%gmem1_3_load_req = readreq i1 @_ssdm_op_ReadReq.m_axi.i32P1A, i32 %gmem1_3_addr, i64 1" [kernel.cpp:19]   --->   Operation 691 'readreq' 'gmem1_3_load_req' <Predicate = true> <Delay = 3.65> <CoreInst = "m_axi">   --->   Core 119 'm_axi' <Latency = 6> <II = 1> <Delay = 1.00> <Adapter> <Opcode : 'read' 'write' 'readreq' 'writereq' 'writeresp'>

State 63 <SV = 62> <Delay = 3.65>
ST_63 : Operation 692 [10/71] (3.65ns)   --->   "%gmem0_0_load_req = readreq i1 @_ssdm_op_ReadReq.m_axi.i32P1A, i32 %gmem0_0_addr, i64 1" [kernel.cpp:19]   --->   Operation 692 'readreq' 'gmem0_0_load_req' <Predicate = true> <Delay = 3.65> <CoreInst = "m_axi">   --->   Core 119 'm_axi' <Latency = 6> <II = 1> <Delay = 1.00> <Adapter> <Opcode : 'read' 'write' 'readreq' 'writereq' 'writeresp'>
ST_63 : Operation 693 [10/71] (3.65ns)   --->   "%gmem1_0_load_req = readreq i1 @_ssdm_op_ReadReq.m_axi.i32P1A, i32 %gmem1_0_addr, i64 1" [kernel.cpp:19]   --->   Operation 693 'readreq' 'gmem1_0_load_req' <Predicate = true> <Delay = 3.65> <CoreInst = "m_axi">   --->   Core 119 'm_axi' <Latency = 6> <II = 1> <Delay = 1.00> <Adapter> <Opcode : 'read' 'write' 'readreq' 'writereq' 'writeresp'>
ST_63 : Operation 694 [10/71] (3.65ns)   --->   "%gmem0_1_load_req = readreq i1 @_ssdm_op_ReadReq.m_axi.i32P1A, i32 %gmem0_1_addr, i64 1" [kernel.cpp:19]   --->   Operation 694 'readreq' 'gmem0_1_load_req' <Predicate = true> <Delay = 3.65> <CoreInst = "m_axi">   --->   Core 119 'm_axi' <Latency = 6> <II = 1> <Delay = 1.00> <Adapter> <Opcode : 'read' 'write' 'readreq' 'writereq' 'writeresp'>
ST_63 : Operation 695 [10/71] (3.65ns)   --->   "%gmem0_2_load_req = readreq i1 @_ssdm_op_ReadReq.m_axi.i32P1A, i32 %gmem0_2_addr, i64 1" [kernel.cpp:19]   --->   Operation 695 'readreq' 'gmem0_2_load_req' <Predicate = true> <Delay = 3.65> <CoreInst = "m_axi">   --->   Core 119 'm_axi' <Latency = 6> <II = 1> <Delay = 1.00> <Adapter> <Opcode : 'read' 'write' 'readreq' 'writereq' 'writeresp'>
ST_63 : Operation 696 [10/71] (3.65ns)   --->   "%gmem0_3_load_req = readreq i1 @_ssdm_op_ReadReq.m_axi.i32P1A, i32 %gmem0_3_addr, i64 1" [kernel.cpp:19]   --->   Operation 696 'readreq' 'gmem0_3_load_req' <Predicate = true> <Delay = 3.65> <CoreInst = "m_axi">   --->   Core 119 'm_axi' <Latency = 6> <II = 1> <Delay = 1.00> <Adapter> <Opcode : 'read' 'write' 'readreq' 'writereq' 'writeresp'>
ST_63 : Operation 697 [10/71] (3.65ns)   --->   "%gmem1_1_load_req = readreq i1 @_ssdm_op_ReadReq.m_axi.i32P1A, i32 %gmem1_1_addr, i64 1" [kernel.cpp:19]   --->   Operation 697 'readreq' 'gmem1_1_load_req' <Predicate = true> <Delay = 3.65> <CoreInst = "m_axi">   --->   Core 119 'm_axi' <Latency = 6> <II = 1> <Delay = 1.00> <Adapter> <Opcode : 'read' 'write' 'readreq' 'writereq' 'writeresp'>
ST_63 : Operation 698 [10/71] (3.65ns)   --->   "%gmem1_2_load_req = readreq i1 @_ssdm_op_ReadReq.m_axi.i32P1A, i32 %gmem1_2_addr, i64 1" [kernel.cpp:19]   --->   Operation 698 'readreq' 'gmem1_2_load_req' <Predicate = true> <Delay = 3.65> <CoreInst = "m_axi">   --->   Core 119 'm_axi' <Latency = 6> <II = 1> <Delay = 1.00> <Adapter> <Opcode : 'read' 'write' 'readreq' 'writereq' 'writeresp'>
ST_63 : Operation 699 [10/71] (3.65ns)   --->   "%gmem1_3_load_req = readreq i1 @_ssdm_op_ReadReq.m_axi.i32P1A, i32 %gmem1_3_addr, i64 1" [kernel.cpp:19]   --->   Operation 699 'readreq' 'gmem1_3_load_req' <Predicate = true> <Delay = 3.65> <CoreInst = "m_axi">   --->   Core 119 'm_axi' <Latency = 6> <II = 1> <Delay = 1.00> <Adapter> <Opcode : 'read' 'write' 'readreq' 'writereq' 'writeresp'>

State 64 <SV = 63> <Delay = 3.65>
ST_64 : Operation 700 [9/71] (3.65ns)   --->   "%gmem0_0_load_req = readreq i1 @_ssdm_op_ReadReq.m_axi.i32P1A, i32 %gmem0_0_addr, i64 1" [kernel.cpp:19]   --->   Operation 700 'readreq' 'gmem0_0_load_req' <Predicate = true> <Delay = 3.65> <CoreInst = "m_axi">   --->   Core 119 'm_axi' <Latency = 6> <II = 1> <Delay = 1.00> <Adapter> <Opcode : 'read' 'write' 'readreq' 'writereq' 'writeresp'>
ST_64 : Operation 701 [9/71] (3.65ns)   --->   "%gmem1_0_load_req = readreq i1 @_ssdm_op_ReadReq.m_axi.i32P1A, i32 %gmem1_0_addr, i64 1" [kernel.cpp:19]   --->   Operation 701 'readreq' 'gmem1_0_load_req' <Predicate = true> <Delay = 3.65> <CoreInst = "m_axi">   --->   Core 119 'm_axi' <Latency = 6> <II = 1> <Delay = 1.00> <Adapter> <Opcode : 'read' 'write' 'readreq' 'writereq' 'writeresp'>
ST_64 : Operation 702 [9/71] (3.65ns)   --->   "%gmem0_1_load_req = readreq i1 @_ssdm_op_ReadReq.m_axi.i32P1A, i32 %gmem0_1_addr, i64 1" [kernel.cpp:19]   --->   Operation 702 'readreq' 'gmem0_1_load_req' <Predicate = true> <Delay = 3.65> <CoreInst = "m_axi">   --->   Core 119 'm_axi' <Latency = 6> <II = 1> <Delay = 1.00> <Adapter> <Opcode : 'read' 'write' 'readreq' 'writereq' 'writeresp'>
ST_64 : Operation 703 [9/71] (3.65ns)   --->   "%gmem0_2_load_req = readreq i1 @_ssdm_op_ReadReq.m_axi.i32P1A, i32 %gmem0_2_addr, i64 1" [kernel.cpp:19]   --->   Operation 703 'readreq' 'gmem0_2_load_req' <Predicate = true> <Delay = 3.65> <CoreInst = "m_axi">   --->   Core 119 'm_axi' <Latency = 6> <II = 1> <Delay = 1.00> <Adapter> <Opcode : 'read' 'write' 'readreq' 'writereq' 'writeresp'>
ST_64 : Operation 704 [9/71] (3.65ns)   --->   "%gmem0_3_load_req = readreq i1 @_ssdm_op_ReadReq.m_axi.i32P1A, i32 %gmem0_3_addr, i64 1" [kernel.cpp:19]   --->   Operation 704 'readreq' 'gmem0_3_load_req' <Predicate = true> <Delay = 3.65> <CoreInst = "m_axi">   --->   Core 119 'm_axi' <Latency = 6> <II = 1> <Delay = 1.00> <Adapter> <Opcode : 'read' 'write' 'readreq' 'writereq' 'writeresp'>
ST_64 : Operation 705 [9/71] (3.65ns)   --->   "%gmem1_1_load_req = readreq i1 @_ssdm_op_ReadReq.m_axi.i32P1A, i32 %gmem1_1_addr, i64 1" [kernel.cpp:19]   --->   Operation 705 'readreq' 'gmem1_1_load_req' <Predicate = true> <Delay = 3.65> <CoreInst = "m_axi">   --->   Core 119 'm_axi' <Latency = 6> <II = 1> <Delay = 1.00> <Adapter> <Opcode : 'read' 'write' 'readreq' 'writereq' 'writeresp'>
ST_64 : Operation 706 [9/71] (3.65ns)   --->   "%gmem1_2_load_req = readreq i1 @_ssdm_op_ReadReq.m_axi.i32P1A, i32 %gmem1_2_addr, i64 1" [kernel.cpp:19]   --->   Operation 706 'readreq' 'gmem1_2_load_req' <Predicate = true> <Delay = 3.65> <CoreInst = "m_axi">   --->   Core 119 'm_axi' <Latency = 6> <II = 1> <Delay = 1.00> <Adapter> <Opcode : 'read' 'write' 'readreq' 'writereq' 'writeresp'>
ST_64 : Operation 707 [9/71] (3.65ns)   --->   "%gmem1_3_load_req = readreq i1 @_ssdm_op_ReadReq.m_axi.i32P1A, i32 %gmem1_3_addr, i64 1" [kernel.cpp:19]   --->   Operation 707 'readreq' 'gmem1_3_load_req' <Predicate = true> <Delay = 3.65> <CoreInst = "m_axi">   --->   Core 119 'm_axi' <Latency = 6> <II = 1> <Delay = 1.00> <Adapter> <Opcode : 'read' 'write' 'readreq' 'writereq' 'writeresp'>

State 65 <SV = 64> <Delay = 3.65>
ST_65 : Operation 708 [8/71] (3.65ns)   --->   "%gmem0_0_load_req = readreq i1 @_ssdm_op_ReadReq.m_axi.i32P1A, i32 %gmem0_0_addr, i64 1" [kernel.cpp:19]   --->   Operation 708 'readreq' 'gmem0_0_load_req' <Predicate = true> <Delay = 3.65> <CoreInst = "m_axi">   --->   Core 119 'm_axi' <Latency = 6> <II = 1> <Delay = 1.00> <Adapter> <Opcode : 'read' 'write' 'readreq' 'writereq' 'writeresp'>
ST_65 : Operation 709 [8/71] (3.65ns)   --->   "%gmem1_0_load_req = readreq i1 @_ssdm_op_ReadReq.m_axi.i32P1A, i32 %gmem1_0_addr, i64 1" [kernel.cpp:19]   --->   Operation 709 'readreq' 'gmem1_0_load_req' <Predicate = true> <Delay = 3.65> <CoreInst = "m_axi">   --->   Core 119 'm_axi' <Latency = 6> <II = 1> <Delay = 1.00> <Adapter> <Opcode : 'read' 'write' 'readreq' 'writereq' 'writeresp'>
ST_65 : Operation 710 [8/71] (3.65ns)   --->   "%gmem0_1_load_req = readreq i1 @_ssdm_op_ReadReq.m_axi.i32P1A, i32 %gmem0_1_addr, i64 1" [kernel.cpp:19]   --->   Operation 710 'readreq' 'gmem0_1_load_req' <Predicate = true> <Delay = 3.65> <CoreInst = "m_axi">   --->   Core 119 'm_axi' <Latency = 6> <II = 1> <Delay = 1.00> <Adapter> <Opcode : 'read' 'write' 'readreq' 'writereq' 'writeresp'>
ST_65 : Operation 711 [8/71] (3.65ns)   --->   "%gmem0_2_load_req = readreq i1 @_ssdm_op_ReadReq.m_axi.i32P1A, i32 %gmem0_2_addr, i64 1" [kernel.cpp:19]   --->   Operation 711 'readreq' 'gmem0_2_load_req' <Predicate = true> <Delay = 3.65> <CoreInst = "m_axi">   --->   Core 119 'm_axi' <Latency = 6> <II = 1> <Delay = 1.00> <Adapter> <Opcode : 'read' 'write' 'readreq' 'writereq' 'writeresp'>
ST_65 : Operation 712 [8/71] (3.65ns)   --->   "%gmem0_3_load_req = readreq i1 @_ssdm_op_ReadReq.m_axi.i32P1A, i32 %gmem0_3_addr, i64 1" [kernel.cpp:19]   --->   Operation 712 'readreq' 'gmem0_3_load_req' <Predicate = true> <Delay = 3.65> <CoreInst = "m_axi">   --->   Core 119 'm_axi' <Latency = 6> <II = 1> <Delay = 1.00> <Adapter> <Opcode : 'read' 'write' 'readreq' 'writereq' 'writeresp'>
ST_65 : Operation 713 [8/71] (3.65ns)   --->   "%gmem1_1_load_req = readreq i1 @_ssdm_op_ReadReq.m_axi.i32P1A, i32 %gmem1_1_addr, i64 1" [kernel.cpp:19]   --->   Operation 713 'readreq' 'gmem1_1_load_req' <Predicate = true> <Delay = 3.65> <CoreInst = "m_axi">   --->   Core 119 'm_axi' <Latency = 6> <II = 1> <Delay = 1.00> <Adapter> <Opcode : 'read' 'write' 'readreq' 'writereq' 'writeresp'>
ST_65 : Operation 714 [8/71] (3.65ns)   --->   "%gmem1_2_load_req = readreq i1 @_ssdm_op_ReadReq.m_axi.i32P1A, i32 %gmem1_2_addr, i64 1" [kernel.cpp:19]   --->   Operation 714 'readreq' 'gmem1_2_load_req' <Predicate = true> <Delay = 3.65> <CoreInst = "m_axi">   --->   Core 119 'm_axi' <Latency = 6> <II = 1> <Delay = 1.00> <Adapter> <Opcode : 'read' 'write' 'readreq' 'writereq' 'writeresp'>
ST_65 : Operation 715 [8/71] (3.65ns)   --->   "%gmem1_3_load_req = readreq i1 @_ssdm_op_ReadReq.m_axi.i32P1A, i32 %gmem1_3_addr, i64 1" [kernel.cpp:19]   --->   Operation 715 'readreq' 'gmem1_3_load_req' <Predicate = true> <Delay = 3.65> <CoreInst = "m_axi">   --->   Core 119 'm_axi' <Latency = 6> <II = 1> <Delay = 1.00> <Adapter> <Opcode : 'read' 'write' 'readreq' 'writereq' 'writeresp'>

State 66 <SV = 65> <Delay = 3.65>
ST_66 : Operation 716 [7/71] (3.65ns)   --->   "%gmem0_0_load_req = readreq i1 @_ssdm_op_ReadReq.m_axi.i32P1A, i32 %gmem0_0_addr, i64 1" [kernel.cpp:19]   --->   Operation 716 'readreq' 'gmem0_0_load_req' <Predicate = true> <Delay = 3.65> <CoreInst = "m_axi">   --->   Core 119 'm_axi' <Latency = 6> <II = 1> <Delay = 1.00> <Adapter> <Opcode : 'read' 'write' 'readreq' 'writereq' 'writeresp'>
ST_66 : Operation 717 [7/71] (3.65ns)   --->   "%gmem1_0_load_req = readreq i1 @_ssdm_op_ReadReq.m_axi.i32P1A, i32 %gmem1_0_addr, i64 1" [kernel.cpp:19]   --->   Operation 717 'readreq' 'gmem1_0_load_req' <Predicate = true> <Delay = 3.65> <CoreInst = "m_axi">   --->   Core 119 'm_axi' <Latency = 6> <II = 1> <Delay = 1.00> <Adapter> <Opcode : 'read' 'write' 'readreq' 'writereq' 'writeresp'>
ST_66 : Operation 718 [7/71] (3.65ns)   --->   "%gmem0_1_load_req = readreq i1 @_ssdm_op_ReadReq.m_axi.i32P1A, i32 %gmem0_1_addr, i64 1" [kernel.cpp:19]   --->   Operation 718 'readreq' 'gmem0_1_load_req' <Predicate = true> <Delay = 3.65> <CoreInst = "m_axi">   --->   Core 119 'm_axi' <Latency = 6> <II = 1> <Delay = 1.00> <Adapter> <Opcode : 'read' 'write' 'readreq' 'writereq' 'writeresp'>
ST_66 : Operation 719 [7/71] (3.65ns)   --->   "%gmem0_2_load_req = readreq i1 @_ssdm_op_ReadReq.m_axi.i32P1A, i32 %gmem0_2_addr, i64 1" [kernel.cpp:19]   --->   Operation 719 'readreq' 'gmem0_2_load_req' <Predicate = true> <Delay = 3.65> <CoreInst = "m_axi">   --->   Core 119 'm_axi' <Latency = 6> <II = 1> <Delay = 1.00> <Adapter> <Opcode : 'read' 'write' 'readreq' 'writereq' 'writeresp'>
ST_66 : Operation 720 [7/71] (3.65ns)   --->   "%gmem0_3_load_req = readreq i1 @_ssdm_op_ReadReq.m_axi.i32P1A, i32 %gmem0_3_addr, i64 1" [kernel.cpp:19]   --->   Operation 720 'readreq' 'gmem0_3_load_req' <Predicate = true> <Delay = 3.65> <CoreInst = "m_axi">   --->   Core 119 'm_axi' <Latency = 6> <II = 1> <Delay = 1.00> <Adapter> <Opcode : 'read' 'write' 'readreq' 'writereq' 'writeresp'>
ST_66 : Operation 721 [7/71] (3.65ns)   --->   "%gmem1_1_load_req = readreq i1 @_ssdm_op_ReadReq.m_axi.i32P1A, i32 %gmem1_1_addr, i64 1" [kernel.cpp:19]   --->   Operation 721 'readreq' 'gmem1_1_load_req' <Predicate = true> <Delay = 3.65> <CoreInst = "m_axi">   --->   Core 119 'm_axi' <Latency = 6> <II = 1> <Delay = 1.00> <Adapter> <Opcode : 'read' 'write' 'readreq' 'writereq' 'writeresp'>
ST_66 : Operation 722 [7/71] (3.65ns)   --->   "%gmem1_2_load_req = readreq i1 @_ssdm_op_ReadReq.m_axi.i32P1A, i32 %gmem1_2_addr, i64 1" [kernel.cpp:19]   --->   Operation 722 'readreq' 'gmem1_2_load_req' <Predicate = true> <Delay = 3.65> <CoreInst = "m_axi">   --->   Core 119 'm_axi' <Latency = 6> <II = 1> <Delay = 1.00> <Adapter> <Opcode : 'read' 'write' 'readreq' 'writereq' 'writeresp'>
ST_66 : Operation 723 [7/71] (3.65ns)   --->   "%gmem1_3_load_req = readreq i1 @_ssdm_op_ReadReq.m_axi.i32P1A, i32 %gmem1_3_addr, i64 1" [kernel.cpp:19]   --->   Operation 723 'readreq' 'gmem1_3_load_req' <Predicate = true> <Delay = 3.65> <CoreInst = "m_axi">   --->   Core 119 'm_axi' <Latency = 6> <II = 1> <Delay = 1.00> <Adapter> <Opcode : 'read' 'write' 'readreq' 'writereq' 'writeresp'>

State 67 <SV = 66> <Delay = 3.65>
ST_67 : Operation 724 [6/71] (3.65ns)   --->   "%gmem0_0_load_req = readreq i1 @_ssdm_op_ReadReq.m_axi.i32P1A, i32 %gmem0_0_addr, i64 1" [kernel.cpp:19]   --->   Operation 724 'readreq' 'gmem0_0_load_req' <Predicate = true> <Delay = 3.65> <CoreInst = "m_axi">   --->   Core 119 'm_axi' <Latency = 6> <II = 1> <Delay = 1.00> <Adapter> <Opcode : 'read' 'write' 'readreq' 'writereq' 'writeresp'>
ST_67 : Operation 725 [6/71] (3.65ns)   --->   "%gmem1_0_load_req = readreq i1 @_ssdm_op_ReadReq.m_axi.i32P1A, i32 %gmem1_0_addr, i64 1" [kernel.cpp:19]   --->   Operation 725 'readreq' 'gmem1_0_load_req' <Predicate = true> <Delay = 3.65> <CoreInst = "m_axi">   --->   Core 119 'm_axi' <Latency = 6> <II = 1> <Delay = 1.00> <Adapter> <Opcode : 'read' 'write' 'readreq' 'writereq' 'writeresp'>
ST_67 : Operation 726 [6/71] (3.65ns)   --->   "%gmem0_1_load_req = readreq i1 @_ssdm_op_ReadReq.m_axi.i32P1A, i32 %gmem0_1_addr, i64 1" [kernel.cpp:19]   --->   Operation 726 'readreq' 'gmem0_1_load_req' <Predicate = true> <Delay = 3.65> <CoreInst = "m_axi">   --->   Core 119 'm_axi' <Latency = 6> <II = 1> <Delay = 1.00> <Adapter> <Opcode : 'read' 'write' 'readreq' 'writereq' 'writeresp'>
ST_67 : Operation 727 [6/71] (3.65ns)   --->   "%gmem0_2_load_req = readreq i1 @_ssdm_op_ReadReq.m_axi.i32P1A, i32 %gmem0_2_addr, i64 1" [kernel.cpp:19]   --->   Operation 727 'readreq' 'gmem0_2_load_req' <Predicate = true> <Delay = 3.65> <CoreInst = "m_axi">   --->   Core 119 'm_axi' <Latency = 6> <II = 1> <Delay = 1.00> <Adapter> <Opcode : 'read' 'write' 'readreq' 'writereq' 'writeresp'>
ST_67 : Operation 728 [6/71] (3.65ns)   --->   "%gmem0_3_load_req = readreq i1 @_ssdm_op_ReadReq.m_axi.i32P1A, i32 %gmem0_3_addr, i64 1" [kernel.cpp:19]   --->   Operation 728 'readreq' 'gmem0_3_load_req' <Predicate = true> <Delay = 3.65> <CoreInst = "m_axi">   --->   Core 119 'm_axi' <Latency = 6> <II = 1> <Delay = 1.00> <Adapter> <Opcode : 'read' 'write' 'readreq' 'writereq' 'writeresp'>
ST_67 : Operation 729 [6/71] (3.65ns)   --->   "%gmem1_1_load_req = readreq i1 @_ssdm_op_ReadReq.m_axi.i32P1A, i32 %gmem1_1_addr, i64 1" [kernel.cpp:19]   --->   Operation 729 'readreq' 'gmem1_1_load_req' <Predicate = true> <Delay = 3.65> <CoreInst = "m_axi">   --->   Core 119 'm_axi' <Latency = 6> <II = 1> <Delay = 1.00> <Adapter> <Opcode : 'read' 'write' 'readreq' 'writereq' 'writeresp'>
ST_67 : Operation 730 [6/71] (3.65ns)   --->   "%gmem1_2_load_req = readreq i1 @_ssdm_op_ReadReq.m_axi.i32P1A, i32 %gmem1_2_addr, i64 1" [kernel.cpp:19]   --->   Operation 730 'readreq' 'gmem1_2_load_req' <Predicate = true> <Delay = 3.65> <CoreInst = "m_axi">   --->   Core 119 'm_axi' <Latency = 6> <II = 1> <Delay = 1.00> <Adapter> <Opcode : 'read' 'write' 'readreq' 'writereq' 'writeresp'>
ST_67 : Operation 731 [6/71] (3.65ns)   --->   "%gmem1_3_load_req = readreq i1 @_ssdm_op_ReadReq.m_axi.i32P1A, i32 %gmem1_3_addr, i64 1" [kernel.cpp:19]   --->   Operation 731 'readreq' 'gmem1_3_load_req' <Predicate = true> <Delay = 3.65> <CoreInst = "m_axi">   --->   Core 119 'm_axi' <Latency = 6> <II = 1> <Delay = 1.00> <Adapter> <Opcode : 'read' 'write' 'readreq' 'writereq' 'writeresp'>

State 68 <SV = 67> <Delay = 3.65>
ST_68 : Operation 732 [5/71] (3.65ns)   --->   "%gmem0_0_load_req = readreq i1 @_ssdm_op_ReadReq.m_axi.i32P1A, i32 %gmem0_0_addr, i64 1" [kernel.cpp:19]   --->   Operation 732 'readreq' 'gmem0_0_load_req' <Predicate = true> <Delay = 3.65> <CoreInst = "m_axi">   --->   Core 119 'm_axi' <Latency = 6> <II = 1> <Delay = 1.00> <Adapter> <Opcode : 'read' 'write' 'readreq' 'writereq' 'writeresp'>
ST_68 : Operation 733 [5/71] (3.65ns)   --->   "%gmem1_0_load_req = readreq i1 @_ssdm_op_ReadReq.m_axi.i32P1A, i32 %gmem1_0_addr, i64 1" [kernel.cpp:19]   --->   Operation 733 'readreq' 'gmem1_0_load_req' <Predicate = true> <Delay = 3.65> <CoreInst = "m_axi">   --->   Core 119 'm_axi' <Latency = 6> <II = 1> <Delay = 1.00> <Adapter> <Opcode : 'read' 'write' 'readreq' 'writereq' 'writeresp'>
ST_68 : Operation 734 [5/71] (3.65ns)   --->   "%gmem0_1_load_req = readreq i1 @_ssdm_op_ReadReq.m_axi.i32P1A, i32 %gmem0_1_addr, i64 1" [kernel.cpp:19]   --->   Operation 734 'readreq' 'gmem0_1_load_req' <Predicate = true> <Delay = 3.65> <CoreInst = "m_axi">   --->   Core 119 'm_axi' <Latency = 6> <II = 1> <Delay = 1.00> <Adapter> <Opcode : 'read' 'write' 'readreq' 'writereq' 'writeresp'>
ST_68 : Operation 735 [5/71] (3.65ns)   --->   "%gmem0_2_load_req = readreq i1 @_ssdm_op_ReadReq.m_axi.i32P1A, i32 %gmem0_2_addr, i64 1" [kernel.cpp:19]   --->   Operation 735 'readreq' 'gmem0_2_load_req' <Predicate = true> <Delay = 3.65> <CoreInst = "m_axi">   --->   Core 119 'm_axi' <Latency = 6> <II = 1> <Delay = 1.00> <Adapter> <Opcode : 'read' 'write' 'readreq' 'writereq' 'writeresp'>
ST_68 : Operation 736 [5/71] (3.65ns)   --->   "%gmem0_3_load_req = readreq i1 @_ssdm_op_ReadReq.m_axi.i32P1A, i32 %gmem0_3_addr, i64 1" [kernel.cpp:19]   --->   Operation 736 'readreq' 'gmem0_3_load_req' <Predicate = true> <Delay = 3.65> <CoreInst = "m_axi">   --->   Core 119 'm_axi' <Latency = 6> <II = 1> <Delay = 1.00> <Adapter> <Opcode : 'read' 'write' 'readreq' 'writereq' 'writeresp'>
ST_68 : Operation 737 [5/71] (3.65ns)   --->   "%gmem1_1_load_req = readreq i1 @_ssdm_op_ReadReq.m_axi.i32P1A, i32 %gmem1_1_addr, i64 1" [kernel.cpp:19]   --->   Operation 737 'readreq' 'gmem1_1_load_req' <Predicate = true> <Delay = 3.65> <CoreInst = "m_axi">   --->   Core 119 'm_axi' <Latency = 6> <II = 1> <Delay = 1.00> <Adapter> <Opcode : 'read' 'write' 'readreq' 'writereq' 'writeresp'>
ST_68 : Operation 738 [5/71] (3.65ns)   --->   "%gmem1_2_load_req = readreq i1 @_ssdm_op_ReadReq.m_axi.i32P1A, i32 %gmem1_2_addr, i64 1" [kernel.cpp:19]   --->   Operation 738 'readreq' 'gmem1_2_load_req' <Predicate = true> <Delay = 3.65> <CoreInst = "m_axi">   --->   Core 119 'm_axi' <Latency = 6> <II = 1> <Delay = 1.00> <Adapter> <Opcode : 'read' 'write' 'readreq' 'writereq' 'writeresp'>
ST_68 : Operation 739 [5/71] (3.65ns)   --->   "%gmem1_3_load_req = readreq i1 @_ssdm_op_ReadReq.m_axi.i32P1A, i32 %gmem1_3_addr, i64 1" [kernel.cpp:19]   --->   Operation 739 'readreq' 'gmem1_3_load_req' <Predicate = true> <Delay = 3.65> <CoreInst = "m_axi">   --->   Core 119 'm_axi' <Latency = 6> <II = 1> <Delay = 1.00> <Adapter> <Opcode : 'read' 'write' 'readreq' 'writereq' 'writeresp'>

State 69 <SV = 68> <Delay = 3.65>
ST_69 : Operation 740 [4/71] (3.65ns)   --->   "%gmem0_0_load_req = readreq i1 @_ssdm_op_ReadReq.m_axi.i32P1A, i32 %gmem0_0_addr, i64 1" [kernel.cpp:19]   --->   Operation 740 'readreq' 'gmem0_0_load_req' <Predicate = true> <Delay = 3.65> <CoreInst = "m_axi">   --->   Core 119 'm_axi' <Latency = 6> <II = 1> <Delay = 1.00> <Adapter> <Opcode : 'read' 'write' 'readreq' 'writereq' 'writeresp'>
ST_69 : Operation 741 [4/71] (3.65ns)   --->   "%gmem1_0_load_req = readreq i1 @_ssdm_op_ReadReq.m_axi.i32P1A, i32 %gmem1_0_addr, i64 1" [kernel.cpp:19]   --->   Operation 741 'readreq' 'gmem1_0_load_req' <Predicate = true> <Delay = 3.65> <CoreInst = "m_axi">   --->   Core 119 'm_axi' <Latency = 6> <II = 1> <Delay = 1.00> <Adapter> <Opcode : 'read' 'write' 'readreq' 'writereq' 'writeresp'>
ST_69 : Operation 742 [4/71] (3.65ns)   --->   "%gmem0_1_load_req = readreq i1 @_ssdm_op_ReadReq.m_axi.i32P1A, i32 %gmem0_1_addr, i64 1" [kernel.cpp:19]   --->   Operation 742 'readreq' 'gmem0_1_load_req' <Predicate = true> <Delay = 3.65> <CoreInst = "m_axi">   --->   Core 119 'm_axi' <Latency = 6> <II = 1> <Delay = 1.00> <Adapter> <Opcode : 'read' 'write' 'readreq' 'writereq' 'writeresp'>
ST_69 : Operation 743 [4/71] (3.65ns)   --->   "%gmem0_2_load_req = readreq i1 @_ssdm_op_ReadReq.m_axi.i32P1A, i32 %gmem0_2_addr, i64 1" [kernel.cpp:19]   --->   Operation 743 'readreq' 'gmem0_2_load_req' <Predicate = true> <Delay = 3.65> <CoreInst = "m_axi">   --->   Core 119 'm_axi' <Latency = 6> <II = 1> <Delay = 1.00> <Adapter> <Opcode : 'read' 'write' 'readreq' 'writereq' 'writeresp'>
ST_69 : Operation 744 [4/71] (3.65ns)   --->   "%gmem0_3_load_req = readreq i1 @_ssdm_op_ReadReq.m_axi.i32P1A, i32 %gmem0_3_addr, i64 1" [kernel.cpp:19]   --->   Operation 744 'readreq' 'gmem0_3_load_req' <Predicate = true> <Delay = 3.65> <CoreInst = "m_axi">   --->   Core 119 'm_axi' <Latency = 6> <II = 1> <Delay = 1.00> <Adapter> <Opcode : 'read' 'write' 'readreq' 'writereq' 'writeresp'>
ST_69 : Operation 745 [4/71] (3.65ns)   --->   "%gmem1_1_load_req = readreq i1 @_ssdm_op_ReadReq.m_axi.i32P1A, i32 %gmem1_1_addr, i64 1" [kernel.cpp:19]   --->   Operation 745 'readreq' 'gmem1_1_load_req' <Predicate = true> <Delay = 3.65> <CoreInst = "m_axi">   --->   Core 119 'm_axi' <Latency = 6> <II = 1> <Delay = 1.00> <Adapter> <Opcode : 'read' 'write' 'readreq' 'writereq' 'writeresp'>
ST_69 : Operation 746 [4/71] (3.65ns)   --->   "%gmem1_2_load_req = readreq i1 @_ssdm_op_ReadReq.m_axi.i32P1A, i32 %gmem1_2_addr, i64 1" [kernel.cpp:19]   --->   Operation 746 'readreq' 'gmem1_2_load_req' <Predicate = true> <Delay = 3.65> <CoreInst = "m_axi">   --->   Core 119 'm_axi' <Latency = 6> <II = 1> <Delay = 1.00> <Adapter> <Opcode : 'read' 'write' 'readreq' 'writereq' 'writeresp'>
ST_69 : Operation 747 [4/71] (3.65ns)   --->   "%gmem1_3_load_req = readreq i1 @_ssdm_op_ReadReq.m_axi.i32P1A, i32 %gmem1_3_addr, i64 1" [kernel.cpp:19]   --->   Operation 747 'readreq' 'gmem1_3_load_req' <Predicate = true> <Delay = 3.65> <CoreInst = "m_axi">   --->   Core 119 'm_axi' <Latency = 6> <II = 1> <Delay = 1.00> <Adapter> <Opcode : 'read' 'write' 'readreq' 'writereq' 'writeresp'>

State 70 <SV = 69> <Delay = 3.65>
ST_70 : Operation 748 [3/71] (3.65ns)   --->   "%gmem0_0_load_req = readreq i1 @_ssdm_op_ReadReq.m_axi.i32P1A, i32 %gmem0_0_addr, i64 1" [kernel.cpp:19]   --->   Operation 748 'readreq' 'gmem0_0_load_req' <Predicate = true> <Delay = 3.65> <CoreInst = "m_axi">   --->   Core 119 'm_axi' <Latency = 6> <II = 1> <Delay = 1.00> <Adapter> <Opcode : 'read' 'write' 'readreq' 'writereq' 'writeresp'>
ST_70 : Operation 749 [3/71] (3.65ns)   --->   "%gmem1_0_load_req = readreq i1 @_ssdm_op_ReadReq.m_axi.i32P1A, i32 %gmem1_0_addr, i64 1" [kernel.cpp:19]   --->   Operation 749 'readreq' 'gmem1_0_load_req' <Predicate = true> <Delay = 3.65> <CoreInst = "m_axi">   --->   Core 119 'm_axi' <Latency = 6> <II = 1> <Delay = 1.00> <Adapter> <Opcode : 'read' 'write' 'readreq' 'writereq' 'writeresp'>
ST_70 : Operation 750 [3/71] (3.65ns)   --->   "%gmem0_1_load_req = readreq i1 @_ssdm_op_ReadReq.m_axi.i32P1A, i32 %gmem0_1_addr, i64 1" [kernel.cpp:19]   --->   Operation 750 'readreq' 'gmem0_1_load_req' <Predicate = true> <Delay = 3.65> <CoreInst = "m_axi">   --->   Core 119 'm_axi' <Latency = 6> <II = 1> <Delay = 1.00> <Adapter> <Opcode : 'read' 'write' 'readreq' 'writereq' 'writeresp'>
ST_70 : Operation 751 [3/71] (3.65ns)   --->   "%gmem0_2_load_req = readreq i1 @_ssdm_op_ReadReq.m_axi.i32P1A, i32 %gmem0_2_addr, i64 1" [kernel.cpp:19]   --->   Operation 751 'readreq' 'gmem0_2_load_req' <Predicate = true> <Delay = 3.65> <CoreInst = "m_axi">   --->   Core 119 'm_axi' <Latency = 6> <II = 1> <Delay = 1.00> <Adapter> <Opcode : 'read' 'write' 'readreq' 'writereq' 'writeresp'>
ST_70 : Operation 752 [3/71] (3.65ns)   --->   "%gmem0_3_load_req = readreq i1 @_ssdm_op_ReadReq.m_axi.i32P1A, i32 %gmem0_3_addr, i64 1" [kernel.cpp:19]   --->   Operation 752 'readreq' 'gmem0_3_load_req' <Predicate = true> <Delay = 3.65> <CoreInst = "m_axi">   --->   Core 119 'm_axi' <Latency = 6> <II = 1> <Delay = 1.00> <Adapter> <Opcode : 'read' 'write' 'readreq' 'writereq' 'writeresp'>
ST_70 : Operation 753 [3/71] (3.65ns)   --->   "%gmem1_1_load_req = readreq i1 @_ssdm_op_ReadReq.m_axi.i32P1A, i32 %gmem1_1_addr, i64 1" [kernel.cpp:19]   --->   Operation 753 'readreq' 'gmem1_1_load_req' <Predicate = true> <Delay = 3.65> <CoreInst = "m_axi">   --->   Core 119 'm_axi' <Latency = 6> <II = 1> <Delay = 1.00> <Adapter> <Opcode : 'read' 'write' 'readreq' 'writereq' 'writeresp'>
ST_70 : Operation 754 [3/71] (3.65ns)   --->   "%gmem1_2_load_req = readreq i1 @_ssdm_op_ReadReq.m_axi.i32P1A, i32 %gmem1_2_addr, i64 1" [kernel.cpp:19]   --->   Operation 754 'readreq' 'gmem1_2_load_req' <Predicate = true> <Delay = 3.65> <CoreInst = "m_axi">   --->   Core 119 'm_axi' <Latency = 6> <II = 1> <Delay = 1.00> <Adapter> <Opcode : 'read' 'write' 'readreq' 'writereq' 'writeresp'>
ST_70 : Operation 755 [3/71] (3.65ns)   --->   "%gmem1_3_load_req = readreq i1 @_ssdm_op_ReadReq.m_axi.i32P1A, i32 %gmem1_3_addr, i64 1" [kernel.cpp:19]   --->   Operation 755 'readreq' 'gmem1_3_load_req' <Predicate = true> <Delay = 3.65> <CoreInst = "m_axi">   --->   Core 119 'm_axi' <Latency = 6> <II = 1> <Delay = 1.00> <Adapter> <Opcode : 'read' 'write' 'readreq' 'writereq' 'writeresp'>

State 71 <SV = 70> <Delay = 3.65>
ST_71 : Operation 756 [2/71] (3.65ns)   --->   "%gmem0_0_load_req = readreq i1 @_ssdm_op_ReadReq.m_axi.i32P1A, i32 %gmem0_0_addr, i64 1" [kernel.cpp:19]   --->   Operation 756 'readreq' 'gmem0_0_load_req' <Predicate = true> <Delay = 3.65> <CoreInst = "m_axi">   --->   Core 119 'm_axi' <Latency = 6> <II = 1> <Delay = 1.00> <Adapter> <Opcode : 'read' 'write' 'readreq' 'writereq' 'writeresp'>
ST_71 : Operation 757 [2/71] (3.65ns)   --->   "%gmem1_0_load_req = readreq i1 @_ssdm_op_ReadReq.m_axi.i32P1A, i32 %gmem1_0_addr, i64 1" [kernel.cpp:19]   --->   Operation 757 'readreq' 'gmem1_0_load_req' <Predicate = true> <Delay = 3.65> <CoreInst = "m_axi">   --->   Core 119 'm_axi' <Latency = 6> <II = 1> <Delay = 1.00> <Adapter> <Opcode : 'read' 'write' 'readreq' 'writereq' 'writeresp'>
ST_71 : Operation 758 [2/71] (3.65ns)   --->   "%gmem0_1_load_req = readreq i1 @_ssdm_op_ReadReq.m_axi.i32P1A, i32 %gmem0_1_addr, i64 1" [kernel.cpp:19]   --->   Operation 758 'readreq' 'gmem0_1_load_req' <Predicate = true> <Delay = 3.65> <CoreInst = "m_axi">   --->   Core 119 'm_axi' <Latency = 6> <II = 1> <Delay = 1.00> <Adapter> <Opcode : 'read' 'write' 'readreq' 'writereq' 'writeresp'>
ST_71 : Operation 759 [2/71] (3.65ns)   --->   "%gmem0_2_load_req = readreq i1 @_ssdm_op_ReadReq.m_axi.i32P1A, i32 %gmem0_2_addr, i64 1" [kernel.cpp:19]   --->   Operation 759 'readreq' 'gmem0_2_load_req' <Predicate = true> <Delay = 3.65> <CoreInst = "m_axi">   --->   Core 119 'm_axi' <Latency = 6> <II = 1> <Delay = 1.00> <Adapter> <Opcode : 'read' 'write' 'readreq' 'writereq' 'writeresp'>
ST_71 : Operation 760 [2/71] (3.65ns)   --->   "%gmem0_3_load_req = readreq i1 @_ssdm_op_ReadReq.m_axi.i32P1A, i32 %gmem0_3_addr, i64 1" [kernel.cpp:19]   --->   Operation 760 'readreq' 'gmem0_3_load_req' <Predicate = true> <Delay = 3.65> <CoreInst = "m_axi">   --->   Core 119 'm_axi' <Latency = 6> <II = 1> <Delay = 1.00> <Adapter> <Opcode : 'read' 'write' 'readreq' 'writereq' 'writeresp'>
ST_71 : Operation 761 [2/71] (3.65ns)   --->   "%gmem1_1_load_req = readreq i1 @_ssdm_op_ReadReq.m_axi.i32P1A, i32 %gmem1_1_addr, i64 1" [kernel.cpp:19]   --->   Operation 761 'readreq' 'gmem1_1_load_req' <Predicate = true> <Delay = 3.65> <CoreInst = "m_axi">   --->   Core 119 'm_axi' <Latency = 6> <II = 1> <Delay = 1.00> <Adapter> <Opcode : 'read' 'write' 'readreq' 'writereq' 'writeresp'>
ST_71 : Operation 762 [2/71] (3.65ns)   --->   "%gmem1_2_load_req = readreq i1 @_ssdm_op_ReadReq.m_axi.i32P1A, i32 %gmem1_2_addr, i64 1" [kernel.cpp:19]   --->   Operation 762 'readreq' 'gmem1_2_load_req' <Predicate = true> <Delay = 3.65> <CoreInst = "m_axi">   --->   Core 119 'm_axi' <Latency = 6> <II = 1> <Delay = 1.00> <Adapter> <Opcode : 'read' 'write' 'readreq' 'writereq' 'writeresp'>
ST_71 : Operation 763 [2/71] (3.65ns)   --->   "%gmem1_3_load_req = readreq i1 @_ssdm_op_ReadReq.m_axi.i32P1A, i32 %gmem1_3_addr, i64 1" [kernel.cpp:19]   --->   Operation 763 'readreq' 'gmem1_3_load_req' <Predicate = true> <Delay = 3.65> <CoreInst = "m_axi">   --->   Core 119 'm_axi' <Latency = 6> <II = 1> <Delay = 1.00> <Adapter> <Opcode : 'read' 'write' 'readreq' 'writereq' 'writeresp'>

State 72 <SV = 71> <Delay = 3.65>
ST_72 : Operation 764 [1/71] (3.65ns)   --->   "%gmem0_0_load_req = readreq i1 @_ssdm_op_ReadReq.m_axi.i32P1A, i32 %gmem0_0_addr, i64 1" [kernel.cpp:19]   --->   Operation 764 'readreq' 'gmem0_0_load_req' <Predicate = true> <Delay = 3.65> <CoreInst = "m_axi">   --->   Core 119 'm_axi' <Latency = 6> <II = 1> <Delay = 1.00> <Adapter> <Opcode : 'read' 'write' 'readreq' 'writereq' 'writeresp'>
ST_72 : Operation 765 [1/71] (3.65ns)   --->   "%gmem1_0_load_req = readreq i1 @_ssdm_op_ReadReq.m_axi.i32P1A, i32 %gmem1_0_addr, i64 1" [kernel.cpp:19]   --->   Operation 765 'readreq' 'gmem1_0_load_req' <Predicate = true> <Delay = 3.65> <CoreInst = "m_axi">   --->   Core 119 'm_axi' <Latency = 6> <II = 1> <Delay = 1.00> <Adapter> <Opcode : 'read' 'write' 'readreq' 'writereq' 'writeresp'>
ST_72 : Operation 766 [1/71] (3.65ns)   --->   "%gmem0_1_load_req = readreq i1 @_ssdm_op_ReadReq.m_axi.i32P1A, i32 %gmem0_1_addr, i64 1" [kernel.cpp:19]   --->   Operation 766 'readreq' 'gmem0_1_load_req' <Predicate = true> <Delay = 3.65> <CoreInst = "m_axi">   --->   Core 119 'm_axi' <Latency = 6> <II = 1> <Delay = 1.00> <Adapter> <Opcode : 'read' 'write' 'readreq' 'writereq' 'writeresp'>
ST_72 : Operation 767 [1/71] (3.65ns)   --->   "%gmem0_2_load_req = readreq i1 @_ssdm_op_ReadReq.m_axi.i32P1A, i32 %gmem0_2_addr, i64 1" [kernel.cpp:19]   --->   Operation 767 'readreq' 'gmem0_2_load_req' <Predicate = true> <Delay = 3.65> <CoreInst = "m_axi">   --->   Core 119 'm_axi' <Latency = 6> <II = 1> <Delay = 1.00> <Adapter> <Opcode : 'read' 'write' 'readreq' 'writereq' 'writeresp'>
ST_72 : Operation 768 [1/71] (3.65ns)   --->   "%gmem0_3_load_req = readreq i1 @_ssdm_op_ReadReq.m_axi.i32P1A, i32 %gmem0_3_addr, i64 1" [kernel.cpp:19]   --->   Operation 768 'readreq' 'gmem0_3_load_req' <Predicate = true> <Delay = 3.65> <CoreInst = "m_axi">   --->   Core 119 'm_axi' <Latency = 6> <II = 1> <Delay = 1.00> <Adapter> <Opcode : 'read' 'write' 'readreq' 'writereq' 'writeresp'>
ST_72 : Operation 769 [1/71] (3.65ns)   --->   "%gmem1_1_load_req = readreq i1 @_ssdm_op_ReadReq.m_axi.i32P1A, i32 %gmem1_1_addr, i64 1" [kernel.cpp:19]   --->   Operation 769 'readreq' 'gmem1_1_load_req' <Predicate = true> <Delay = 3.65> <CoreInst = "m_axi">   --->   Core 119 'm_axi' <Latency = 6> <II = 1> <Delay = 1.00> <Adapter> <Opcode : 'read' 'write' 'readreq' 'writereq' 'writeresp'>
ST_72 : Operation 770 [1/71] (3.65ns)   --->   "%gmem1_2_load_req = readreq i1 @_ssdm_op_ReadReq.m_axi.i32P1A, i32 %gmem1_2_addr, i64 1" [kernel.cpp:19]   --->   Operation 770 'readreq' 'gmem1_2_load_req' <Predicate = true> <Delay = 3.65> <CoreInst = "m_axi">   --->   Core 119 'm_axi' <Latency = 6> <II = 1> <Delay = 1.00> <Adapter> <Opcode : 'read' 'write' 'readreq' 'writereq' 'writeresp'>
ST_72 : Operation 771 [1/71] (3.65ns)   --->   "%gmem1_3_load_req = readreq i1 @_ssdm_op_ReadReq.m_axi.i32P1A, i32 %gmem1_3_addr, i64 1" [kernel.cpp:19]   --->   Operation 771 'readreq' 'gmem1_3_load_req' <Predicate = true> <Delay = 3.65> <CoreInst = "m_axi">   --->   Core 119 'm_axi' <Latency = 6> <II = 1> <Delay = 1.00> <Adapter> <Opcode : 'read' 'write' 'readreq' 'writereq' 'writeresp'>

State 73 <SV = 72> <Delay = 3.65>
ST_73 : Operation 772 [1/1] (3.65ns)   --->   "%gmem0_0_addr_read = read i32 @_ssdm_op_Read.m_axi.i32P1A, i32 %gmem0_0_addr" [kernel.cpp:19]   --->   Operation 772 'read' 'gmem0_0_addr_read' <Predicate = true> <Delay = 3.65> <CoreInst = "m_axi">   --->   Core 119 'm_axi' <Latency = 3> <II = 1> <Delay = 1.00> <Adapter> <Opcode : 'read' 'write' 'readreq' 'writereq' 'writeresp'>
ST_73 : Operation 773 [1/1] (3.65ns)   --->   "%gmem1_0_addr_read = read i32 @_ssdm_op_Read.m_axi.i32P1A, i32 %gmem1_0_addr" [kernel.cpp:19]   --->   Operation 773 'read' 'gmem1_0_addr_read' <Predicate = true> <Delay = 3.65> <CoreInst = "m_axi">   --->   Core 119 'm_axi' <Latency = 3> <II = 1> <Delay = 1.00> <Adapter> <Opcode : 'read' 'write' 'readreq' 'writereq' 'writeresp'>
ST_73 : Operation 774 [1/1] (3.65ns)   --->   "%gmem0_1_addr_read = read i32 @_ssdm_op_Read.m_axi.i32P1A, i32 %gmem0_1_addr" [kernel.cpp:19]   --->   Operation 774 'read' 'gmem0_1_addr_read' <Predicate = true> <Delay = 3.65> <CoreInst = "m_axi">   --->   Core 119 'm_axi' <Latency = 3> <II = 1> <Delay = 1.00> <Adapter> <Opcode : 'read' 'write' 'readreq' 'writereq' 'writeresp'>
ST_73 : Operation 775 [1/1] (3.65ns)   --->   "%gmem0_2_addr_read = read i32 @_ssdm_op_Read.m_axi.i32P1A, i32 %gmem0_2_addr" [kernel.cpp:19]   --->   Operation 775 'read' 'gmem0_2_addr_read' <Predicate = true> <Delay = 3.65> <CoreInst = "m_axi">   --->   Core 119 'm_axi' <Latency = 3> <II = 1> <Delay = 1.00> <Adapter> <Opcode : 'read' 'write' 'readreq' 'writereq' 'writeresp'>
ST_73 : Operation 776 [1/1] (3.65ns)   --->   "%gmem0_3_addr_read = read i32 @_ssdm_op_Read.m_axi.i32P1A, i32 %gmem0_3_addr" [kernel.cpp:19]   --->   Operation 776 'read' 'gmem0_3_addr_read' <Predicate = true> <Delay = 3.65> <CoreInst = "m_axi">   --->   Core 119 'm_axi' <Latency = 3> <II = 1> <Delay = 1.00> <Adapter> <Opcode : 'read' 'write' 'readreq' 'writereq' 'writeresp'>
ST_73 : Operation 777 [1/1] (3.65ns)   --->   "%gmem1_1_addr_read = read i32 @_ssdm_op_Read.m_axi.i32P1A, i32 %gmem1_1_addr" [kernel.cpp:19]   --->   Operation 777 'read' 'gmem1_1_addr_read' <Predicate = true> <Delay = 3.65> <CoreInst = "m_axi">   --->   Core 119 'm_axi' <Latency = 3> <II = 1> <Delay = 1.00> <Adapter> <Opcode : 'read' 'write' 'readreq' 'writereq' 'writeresp'>
ST_73 : Operation 778 [1/1] (3.65ns)   --->   "%gmem1_2_addr_read = read i32 @_ssdm_op_Read.m_axi.i32P1A, i32 %gmem1_2_addr" [kernel.cpp:19]   --->   Operation 778 'read' 'gmem1_2_addr_read' <Predicate = true> <Delay = 3.65> <CoreInst = "m_axi">   --->   Core 119 'm_axi' <Latency = 3> <II = 1> <Delay = 1.00> <Adapter> <Opcode : 'read' 'write' 'readreq' 'writereq' 'writeresp'>
ST_73 : Operation 779 [1/1] (3.65ns)   --->   "%gmem1_3_addr_read = read i32 @_ssdm_op_Read.m_axi.i32P1A, i32 %gmem1_3_addr" [kernel.cpp:19]   --->   Operation 779 'read' 'gmem1_3_addr_read' <Predicate = true> <Delay = 3.65> <CoreInst = "m_axi">   --->   Core 119 'm_axi' <Latency = 3> <II = 1> <Delay = 1.00> <Adapter> <Opcode : 'read' 'write' 'readreq' 'writereq' 'writeresp'>

State 74 <SV = 73> <Delay = 0.38>
ST_74 : Operation 780 [1/1] (0.00ns)   --->   "%spectopmodule_ln5 = spectopmodule void @_ssdm_op_SpecTopModule, void @empty_29" [kernel.cpp:5]   --->   Operation 780 'spectopmodule' 'spectopmodule_ln5' <Predicate = true> <Delay = 0.00>
ST_74 : Operation 781 [1/1] (0.00ns)   --->   "%specinterface_ln5 = specinterface void @_ssdm_op_SpecInterface, i32 0, void @empty_30, i32 0, i32 0, void @empty_24, i32 0, i32 0, void @empty_24, void @empty_24, void @empty_24, i32 0, i32 0, i32 0, i32 0, void @empty_24, void @empty_24, i32 4294967295, i32 0, i32 0" [kernel.cpp:5]   --->   Operation 781 'specinterface' 'specinterface_ln5' <Predicate = true> <Delay = 0.00>
ST_74 : Operation 782 [1/1] (0.00ns)   --->   "%specinterface_ln0 = specinterface void @_ssdm_op_SpecInterface, i32 %gmem0_0, void @empty_15, i32 0, i32 0, void @empty_24, i32 64, i32 0, void @empty_8, void @empty_0, void @empty_24, i32 16, i32 16, i32 16, i32 16, void @empty_24, void @empty_24, i32 4294967295, i32 0, i32 0"   --->   Operation 782 'specinterface' 'specinterface_ln0' <Predicate = true> <Delay = 0.00>
ST_74 : Operation 783 [1/1] (0.00ns)   --->   "%specbitsmap_ln0 = specbitsmap void @_ssdm_op_SpecBitsMap, i32 %gmem0_0"   --->   Operation 783 'specbitsmap' 'specbitsmap_ln0' <Predicate = true> <Delay = 0.00>
ST_74 : Operation 784 [1/1] (0.00ns)   --->   "%specinterface_ln0 = specinterface void @_ssdm_op_SpecInterface, i32 %gmem0_1, void @empty_15, i32 0, i32 0, void @empty_24, i32 64, i32 0, void @empty_1, void @empty_0, void @empty_24, i32 16, i32 16, i32 16, i32 16, void @empty_24, void @empty_24, i32 4294967295, i32 0, i32 0"   --->   Operation 784 'specinterface' 'specinterface_ln0' <Predicate = true> <Delay = 0.00>
ST_74 : Operation 785 [1/1] (0.00ns)   --->   "%specbitsmap_ln0 = specbitsmap void @_ssdm_op_SpecBitsMap, i32 %gmem0_1"   --->   Operation 785 'specbitsmap' 'specbitsmap_ln0' <Predicate = true> <Delay = 0.00>
ST_74 : Operation 786 [1/1] (0.00ns)   --->   "%specinterface_ln0 = specinterface void @_ssdm_op_SpecInterface, i32 %gmem0_2, void @empty_15, i32 0, i32 0, void @empty_24, i32 64, i32 0, void @empty_2, void @empty_0, void @empty_24, i32 16, i32 16, i32 16, i32 16, void @empty_24, void @empty_24, i32 4294967295, i32 0, i32 0"   --->   Operation 786 'specinterface' 'specinterface_ln0' <Predicate = true> <Delay = 0.00>
ST_74 : Operation 787 [1/1] (0.00ns)   --->   "%specbitsmap_ln0 = specbitsmap void @_ssdm_op_SpecBitsMap, i32 %gmem0_2"   --->   Operation 787 'specbitsmap' 'specbitsmap_ln0' <Predicate = true> <Delay = 0.00>
ST_74 : Operation 788 [1/1] (0.00ns)   --->   "%specinterface_ln0 = specinterface void @_ssdm_op_SpecInterface, i32 %gmem0_3, void @empty_15, i32 0, i32 0, void @empty_24, i32 64, i32 0, void @empty_3, void @empty_0, void @empty_24, i32 16, i32 16, i32 16, i32 16, void @empty_24, void @empty_24, i32 4294967295, i32 0, i32 0"   --->   Operation 788 'specinterface' 'specinterface_ln0' <Predicate = true> <Delay = 0.00>
ST_74 : Operation 789 [1/1] (0.00ns)   --->   "%specbitsmap_ln0 = specbitsmap void @_ssdm_op_SpecBitsMap, i32 %gmem0_3"   --->   Operation 789 'specbitsmap' 'specbitsmap_ln0' <Predicate = true> <Delay = 0.00>
ST_74 : Operation 790 [1/1] (0.00ns)   --->   "%specinterface_ln0 = specinterface void @_ssdm_op_SpecInterface, i32 %gmem1_0, void @empty_15, i32 0, i32 0, void @empty_24, i32 64, i32 0, void @empty_32, void @empty_0, void @empty_24, i32 16, i32 16, i32 16, i32 16, void @empty_24, void @empty_24, i32 4294967295, i32 0, i32 0"   --->   Operation 790 'specinterface' 'specinterface_ln0' <Predicate = true> <Delay = 0.00>
ST_74 : Operation 791 [1/1] (0.00ns)   --->   "%specbitsmap_ln0 = specbitsmap void @_ssdm_op_SpecBitsMap, i32 %gmem1_0"   --->   Operation 791 'specbitsmap' 'specbitsmap_ln0' <Predicate = true> <Delay = 0.00>
ST_74 : Operation 792 [1/1] (0.00ns)   --->   "%specinterface_ln0 = specinterface void @_ssdm_op_SpecInterface, i32 %gmem1_1, void @empty_15, i32 0, i32 0, void @empty_24, i32 64, i32 0, void @empty_5, void @empty_0, void @empty_24, i32 16, i32 16, i32 16, i32 16, void @empty_24, void @empty_24, i32 4294967295, i32 0, i32 0"   --->   Operation 792 'specinterface' 'specinterface_ln0' <Predicate = true> <Delay = 0.00>
ST_74 : Operation 793 [1/1] (0.00ns)   --->   "%specbitsmap_ln0 = specbitsmap void @_ssdm_op_SpecBitsMap, i32 %gmem1_1"   --->   Operation 793 'specbitsmap' 'specbitsmap_ln0' <Predicate = true> <Delay = 0.00>
ST_74 : Operation 794 [1/1] (0.00ns)   --->   "%specinterface_ln0 = specinterface void @_ssdm_op_SpecInterface, i32 %gmem1_2, void @empty_15, i32 0, i32 0, void @empty_24, i32 64, i32 0, void @empty_14, void @empty_0, void @empty_24, i32 16, i32 16, i32 16, i32 16, void @empty_24, void @empty_24, i32 4294967295, i32 0, i32 0"   --->   Operation 794 'specinterface' 'specinterface_ln0' <Predicate = true> <Delay = 0.00>
ST_74 : Operation 795 [1/1] (0.00ns)   --->   "%specbitsmap_ln0 = specbitsmap void @_ssdm_op_SpecBitsMap, i32 %gmem1_2"   --->   Operation 795 'specbitsmap' 'specbitsmap_ln0' <Predicate = true> <Delay = 0.00>
ST_74 : Operation 796 [1/1] (0.00ns)   --->   "%specinterface_ln0 = specinterface void @_ssdm_op_SpecInterface, i32 %gmem1_3, void @empty_15, i32 0, i32 0, void @empty_24, i32 64, i32 0, void @empty_7, void @empty_0, void @empty_24, i32 16, i32 16, i32 16, i32 16, void @empty_24, void @empty_24, i32 4294967295, i32 0, i32 0"   --->   Operation 796 'specinterface' 'specinterface_ln0' <Predicate = true> <Delay = 0.00>
ST_74 : Operation 797 [1/1] (0.00ns)   --->   "%specbitsmap_ln0 = specbitsmap void @_ssdm_op_SpecBitsMap, i32 %gmem1_3"   --->   Operation 797 'specbitsmap' 'specbitsmap_ln0' <Predicate = true> <Delay = 0.00>
ST_74 : Operation 798 [1/1] (0.00ns)   --->   "%specinterface_ln0 = specinterface void @_ssdm_op_SpecInterface, i64 %gmem2_0, void @empty_15, i32 0, i32 0, void @empty_24, i32 64, i32 0, void @empty, void @empty_0, void @empty_24, i32 16, i32 16, i32 16, i32 16, void @empty_24, void @empty_24, i32 4294967295, i32 0, i32 0"   --->   Operation 798 'specinterface' 'specinterface_ln0' <Predicate = true> <Delay = 0.00>
ST_74 : Operation 799 [1/1] (0.00ns)   --->   "%specbitsmap_ln0 = specbitsmap void @_ssdm_op_SpecBitsMap, i64 %gmem2_0"   --->   Operation 799 'specbitsmap' 'specbitsmap_ln0' <Predicate = true> <Delay = 0.00>
ST_74 : Operation 800 [1/1] (0.00ns)   --->   "%specinterface_ln0 = specinterface void @_ssdm_op_SpecInterface, i64 %gmem2_1, void @empty_15, i32 0, i32 0, void @empty_24, i32 64, i32 0, void @empty_9, void @empty_0, void @empty_24, i32 16, i32 16, i32 16, i32 16, void @empty_24, void @empty_24, i32 4294967295, i32 0, i32 0"   --->   Operation 800 'specinterface' 'specinterface_ln0' <Predicate = true> <Delay = 0.00>
ST_74 : Operation 801 [1/1] (0.00ns)   --->   "%specbitsmap_ln0 = specbitsmap void @_ssdm_op_SpecBitsMap, i64 %gmem2_1"   --->   Operation 801 'specbitsmap' 'specbitsmap_ln0' <Predicate = true> <Delay = 0.00>
ST_74 : Operation 802 [1/1] (0.00ns)   --->   "%specinterface_ln0 = specinterface void @_ssdm_op_SpecInterface, i64 %gmem2_2, void @empty_15, i32 0, i32 0, void @empty_24, i32 64, i32 0, void @empty_10, void @empty_0, void @empty_24, i32 16, i32 16, i32 16, i32 16, void @empty_24, void @empty_24, i32 4294967295, i32 0, i32 0"   --->   Operation 802 'specinterface' 'specinterface_ln0' <Predicate = true> <Delay = 0.00>
ST_74 : Operation 803 [1/1] (0.00ns)   --->   "%specbitsmap_ln0 = specbitsmap void @_ssdm_op_SpecBitsMap, i64 %gmem2_2"   --->   Operation 803 'specbitsmap' 'specbitsmap_ln0' <Predicate = true> <Delay = 0.00>
ST_74 : Operation 804 [1/1] (0.00ns)   --->   "%specinterface_ln0 = specinterface void @_ssdm_op_SpecInterface, i64 %gmem2_3, void @empty_15, i32 0, i32 0, void @empty_24, i32 64, i32 0, void @empty_11, void @empty_0, void @empty_24, i32 16, i32 16, i32 16, i32 16, void @empty_24, void @empty_24, i32 4294967295, i32 0, i32 0"   --->   Operation 804 'specinterface' 'specinterface_ln0' <Predicate = true> <Delay = 0.00>
ST_74 : Operation 805 [1/1] (0.00ns)   --->   "%specbitsmap_ln0 = specbitsmap void @_ssdm_op_SpecBitsMap, i64 %gmem2_3"   --->   Operation 805 'specbitsmap' 'specbitsmap_ln0' <Predicate = true> <Delay = 0.00>
ST_74 : Operation 806 [1/1] (0.00ns)   --->   "%specinterface_ln0 = specinterface void @_ssdm_op_SpecInterface, i64 %a_0, void @empty_12, i32 0, i32 0, void @empty_24, i32 0, i32 0, void @empty_4, void @empty_6, void @empty_24, i32 0, i32 0, i32 0, i32 0, void @empty_24, void @empty_25, i32 4294967295, i32 0, i32 0"   --->   Operation 806 'specinterface' 'specinterface_ln0' <Predicate = true> <Delay = 0.00>
ST_74 : Operation 807 [1/1] (0.00ns)   --->   "%specinterface_ln0 = specinterface void @_ssdm_op_SpecInterface, i64 %a_0, void @empty_17, i32 0, i32 0, void @empty_24, i32 0, i32 0, void @empty_24, void @empty_24, void @empty_24, i32 0, i32 0, i32 0, i32 0, void @empty_24, void @empty_25, i32 4294967295, i32 0, i32 0"   --->   Operation 807 'specinterface' 'specinterface_ln0' <Predicate = true> <Delay = 0.00>
ST_74 : Operation 808 [1/1] (0.00ns)   --->   "%specinterface_ln0 = specinterface void @_ssdm_op_SpecInterface, i64 %a_1, void @empty_12, i32 0, i32 0, void @empty_24, i32 0, i32 0, void @empty_4, void @empty_18, void @empty_24, i32 0, i32 0, i32 0, i32 0, void @empty_24, void @empty_25, i32 4294967295, i32 0, i32 0"   --->   Operation 808 'specinterface' 'specinterface_ln0' <Predicate = true> <Delay = 0.00>
ST_74 : Operation 809 [1/1] (0.00ns)   --->   "%specinterface_ln0 = specinterface void @_ssdm_op_SpecInterface, i64 %a_1, void @empty_17, i32 0, i32 0, void @empty_24, i32 0, i32 0, void @empty_24, void @empty_24, void @empty_24, i32 0, i32 0, i32 0, i32 0, void @empty_24, void @empty_25, i32 4294967295, i32 0, i32 0"   --->   Operation 809 'specinterface' 'specinterface_ln0' <Predicate = true> <Delay = 0.00>
ST_74 : Operation 810 [1/1] (0.00ns)   --->   "%specinterface_ln0 = specinterface void @_ssdm_op_SpecInterface, i64 %a_2, void @empty_12, i32 0, i32 0, void @empty_24, i32 0, i32 0, void @empty_4, void @empty_19, void @empty_24, i32 0, i32 0, i32 0, i32 0, void @empty_24, void @empty_25, i32 4294967295, i32 0, i32 0"   --->   Operation 810 'specinterface' 'specinterface_ln0' <Predicate = true> <Delay = 0.00>
ST_74 : Operation 811 [1/1] (0.00ns)   --->   "%specinterface_ln0 = specinterface void @_ssdm_op_SpecInterface, i64 %a_2, void @empty_17, i32 0, i32 0, void @empty_24, i32 0, i32 0, void @empty_24, void @empty_24, void @empty_24, i32 0, i32 0, i32 0, i32 0, void @empty_24, void @empty_25, i32 4294967295, i32 0, i32 0"   --->   Operation 811 'specinterface' 'specinterface_ln0' <Predicate = true> <Delay = 0.00>
ST_74 : Operation 812 [1/1] (0.00ns)   --->   "%specinterface_ln0 = specinterface void @_ssdm_op_SpecInterface, i64 %a_3, void @empty_12, i32 0, i32 0, void @empty_24, i32 0, i32 0, void @empty_4, void @empty_20, void @empty_24, i32 0, i32 0, i32 0, i32 0, void @empty_24, void @empty_25, i32 4294967295, i32 0, i32 0"   --->   Operation 812 'specinterface' 'specinterface_ln0' <Predicate = true> <Delay = 0.00>
ST_74 : Operation 813 [1/1] (0.00ns)   --->   "%specinterface_ln0 = specinterface void @_ssdm_op_SpecInterface, i64 %a_3, void @empty_17, i32 0, i32 0, void @empty_24, i32 0, i32 0, void @empty_24, void @empty_24, void @empty_24, i32 0, i32 0, i32 0, i32 0, void @empty_24, void @empty_25, i32 4294967295, i32 0, i32 0"   --->   Operation 813 'specinterface' 'specinterface_ln0' <Predicate = true> <Delay = 0.00>
ST_74 : Operation 814 [1/1] (0.00ns)   --->   "%specinterface_ln0 = specinterface void @_ssdm_op_SpecInterface, i64 %b_0, void @empty_12, i32 0, i32 0, void @empty_24, i32 0, i32 0, void @empty_4, void @empty_21, void @empty_24, i32 0, i32 0, i32 0, i32 0, void @empty_24, void @empty_25, i32 4294967295, i32 0, i32 0"   --->   Operation 814 'specinterface' 'specinterface_ln0' <Predicate = true> <Delay = 0.00>
ST_74 : Operation 815 [1/1] (0.00ns)   --->   "%specinterface_ln0 = specinterface void @_ssdm_op_SpecInterface, i64 %b_0, void @empty_17, i32 0, i32 0, void @empty_24, i32 0, i32 0, void @empty_24, void @empty_24, void @empty_24, i32 0, i32 0, i32 0, i32 0, void @empty_24, void @empty_25, i32 4294967295, i32 0, i32 0"   --->   Operation 815 'specinterface' 'specinterface_ln0' <Predicate = true> <Delay = 0.00>
ST_74 : Operation 816 [1/1] (0.00ns)   --->   "%specinterface_ln0 = specinterface void @_ssdm_op_SpecInterface, i64 %b_1, void @empty_12, i32 0, i32 0, void @empty_24, i32 0, i32 0, void @empty_4, void @empty_31, void @empty_24, i32 0, i32 0, i32 0, i32 0, void @empty_24, void @empty_25, i32 4294967295, i32 0, i32 0"   --->   Operation 816 'specinterface' 'specinterface_ln0' <Predicate = true> <Delay = 0.00>
ST_74 : Operation 817 [1/1] (0.00ns)   --->   "%specinterface_ln0 = specinterface void @_ssdm_op_SpecInterface, i64 %b_1, void @empty_17, i32 0, i32 0, void @empty_24, i32 0, i32 0, void @empty_24, void @empty_24, void @empty_24, i32 0, i32 0, i32 0, i32 0, void @empty_24, void @empty_25, i32 4294967295, i32 0, i32 0"   --->   Operation 817 'specinterface' 'specinterface_ln0' <Predicate = true> <Delay = 0.00>
ST_74 : Operation 818 [1/1] (0.00ns)   --->   "%specinterface_ln0 = specinterface void @_ssdm_op_SpecInterface, i64 %b_2, void @empty_12, i32 0, i32 0, void @empty_24, i32 0, i32 0, void @empty_4, void @empty_23, void @empty_24, i32 0, i32 0, i32 0, i32 0, void @empty_24, void @empty_25, i32 4294967295, i32 0, i32 0"   --->   Operation 818 'specinterface' 'specinterface_ln0' <Predicate = true> <Delay = 0.00>
ST_74 : Operation 819 [1/1] (0.00ns)   --->   "%specinterface_ln0 = specinterface void @_ssdm_op_SpecInterface, i64 %b_2, void @empty_17, i32 0, i32 0, void @empty_24, i32 0, i32 0, void @empty_24, void @empty_24, void @empty_24, i32 0, i32 0, i32 0, i32 0, void @empty_24, void @empty_25, i32 4294967295, i32 0, i32 0"   --->   Operation 819 'specinterface' 'specinterface_ln0' <Predicate = true> <Delay = 0.00>
ST_74 : Operation 820 [1/1] (0.00ns)   --->   "%specinterface_ln0 = specinterface void @_ssdm_op_SpecInterface, i64 %b_3, void @empty_12, i32 0, i32 0, void @empty_24, i32 0, i32 0, void @empty_4, void @empty_13, void @empty_24, i32 0, i32 0, i32 0, i32 0, void @empty_24, void @empty_25, i32 4294967295, i32 0, i32 0"   --->   Operation 820 'specinterface' 'specinterface_ln0' <Predicate = true> <Delay = 0.00>
ST_74 : Operation 821 [1/1] (0.00ns)   --->   "%specinterface_ln0 = specinterface void @_ssdm_op_SpecInterface, i64 %b_3, void @empty_17, i32 0, i32 0, void @empty_24, i32 0, i32 0, void @empty_24, void @empty_24, void @empty_24, i32 0, i32 0, i32 0, i32 0, void @empty_24, void @empty_25, i32 4294967295, i32 0, i32 0"   --->   Operation 821 'specinterface' 'specinterface_ln0' <Predicate = true> <Delay = 0.00>
ST_74 : Operation 822 [1/1] (0.00ns)   --->   "%specinterface_ln0 = specinterface void @_ssdm_op_SpecInterface, i64 %c_0, void @empty_12, i32 0, i32 0, void @empty_24, i32 0, i32 0, void @empty_4, void @empty_16, void @empty_24, i32 0, i32 0, i32 0, i32 0, void @empty_24, void @empty_25, i32 4294967295, i32 0, i32 0"   --->   Operation 822 'specinterface' 'specinterface_ln0' <Predicate = true> <Delay = 0.00>
ST_74 : Operation 823 [1/1] (0.00ns)   --->   "%specinterface_ln0 = specinterface void @_ssdm_op_SpecInterface, i64 %c_0, void @empty_17, i32 0, i32 0, void @empty_24, i32 0, i32 0, void @empty_24, void @empty_24, void @empty_24, i32 0, i32 0, i32 0, i32 0, void @empty_24, void @empty_25, i32 4294967295, i32 0, i32 0"   --->   Operation 823 'specinterface' 'specinterface_ln0' <Predicate = true> <Delay = 0.00>
ST_74 : Operation 824 [1/1] (0.00ns)   --->   "%specinterface_ln0 = specinterface void @_ssdm_op_SpecInterface, i64 %c_1, void @empty_12, i32 0, i32 0, void @empty_24, i32 0, i32 0, void @empty_4, void @empty_26, void @empty_24, i32 0, i32 0, i32 0, i32 0, void @empty_24, void @empty_25, i32 4294967295, i32 0, i32 0"   --->   Operation 824 'specinterface' 'specinterface_ln0' <Predicate = true> <Delay = 0.00>
ST_74 : Operation 825 [1/1] (0.00ns)   --->   "%specinterface_ln0 = specinterface void @_ssdm_op_SpecInterface, i64 %c_1, void @empty_17, i32 0, i32 0, void @empty_24, i32 0, i32 0, void @empty_24, void @empty_24, void @empty_24, i32 0, i32 0, i32 0, i32 0, void @empty_24, void @empty_25, i32 4294967295, i32 0, i32 0"   --->   Operation 825 'specinterface' 'specinterface_ln0' <Predicate = true> <Delay = 0.00>
ST_74 : Operation 826 [1/1] (0.00ns)   --->   "%specinterface_ln0 = specinterface void @_ssdm_op_SpecInterface, i64 %c_2, void @empty_12, i32 0, i32 0, void @empty_24, i32 0, i32 0, void @empty_4, void @empty_27, void @empty_24, i32 0, i32 0, i32 0, i32 0, void @empty_24, void @empty_25, i32 4294967295, i32 0, i32 0"   --->   Operation 826 'specinterface' 'specinterface_ln0' <Predicate = true> <Delay = 0.00>
ST_74 : Operation 827 [1/1] (0.00ns)   --->   "%specinterface_ln0 = specinterface void @_ssdm_op_SpecInterface, i64 %c_2, void @empty_17, i32 0, i32 0, void @empty_24, i32 0, i32 0, void @empty_24, void @empty_24, void @empty_24, i32 0, i32 0, i32 0, i32 0, void @empty_24, void @empty_25, i32 4294967295, i32 0, i32 0"   --->   Operation 827 'specinterface' 'specinterface_ln0' <Predicate = true> <Delay = 0.00>
ST_74 : Operation 828 [1/1] (0.00ns)   --->   "%specinterface_ln0 = specinterface void @_ssdm_op_SpecInterface, i64 %c_3, void @empty_12, i32 0, i32 0, void @empty_24, i32 0, i32 0, void @empty_4, void @empty_28, void @empty_24, i32 0, i32 0, i32 0, i32 0, void @empty_24, void @empty_25, i32 4294967295, i32 0, i32 0"   --->   Operation 828 'specinterface' 'specinterface_ln0' <Predicate = true> <Delay = 0.00>
ST_74 : Operation 829 [1/1] (0.00ns)   --->   "%specinterface_ln0 = specinterface void @_ssdm_op_SpecInterface, i64 %c_3, void @empty_17, i32 0, i32 0, void @empty_24, i32 0, i32 0, void @empty_24, void @empty_24, void @empty_24, i32 0, i32 0, i32 0, i32 0, void @empty_24, void @empty_25, i32 4294967295, i32 0, i32 0"   --->   Operation 829 'specinterface' 'specinterface_ln0' <Predicate = true> <Delay = 0.00>
ST_74 : Operation 830 [1/1] (0.00ns)   --->   "%specinterface_ln0 = specinterface void @_ssdm_op_SpecInterface, i32 0, void @empty_12, i32 0, i32 0, void @empty_24, i32 0, i32 0, void @empty_4, void @empty_24, void @empty_24, i32 0, i32 0, i32 0, i32 0, void @empty_24, void @empty_24, i32 4294967295, i32 0, i32 0"   --->   Operation 830 'specinterface' 'specinterface_ln0' <Predicate = true> <Delay = 0.00>
ST_74 : Operation 831 [1/1] (0.00ns)   --->   "%p_cast_cast = sext i61 %p_cast" [kernel.cpp:5]   --->   Operation 831 'sext' 'p_cast_cast' <Predicate = true> <Delay = 0.00>
ST_74 : Operation 832 [1/1] (0.00ns)   --->   "%gmem2_3_addr = getelementptr i64 %gmem2_3, i64 %p_cast_cast" [kernel.cpp:5]   --->   Operation 832 'getelementptr' 'gmem2_3_addr' <Predicate = true> <Delay = 0.00>
ST_74 : Operation 833 [1/1] (0.00ns)   --->   "%p_cast1_cast = sext i61 %p_cast1" [kernel.cpp:5]   --->   Operation 833 'sext' 'p_cast1_cast' <Predicate = true> <Delay = 0.00>
ST_74 : Operation 834 [1/1] (0.00ns)   --->   "%gmem2_2_addr = getelementptr i64 %gmem2_2, i64 %p_cast1_cast" [kernel.cpp:5]   --->   Operation 834 'getelementptr' 'gmem2_2_addr' <Predicate = true> <Delay = 0.00>
ST_74 : Operation 835 [1/1] (0.00ns)   --->   "%p_cast2_cast = sext i61 %p_cast2" [kernel.cpp:5]   --->   Operation 835 'sext' 'p_cast2_cast' <Predicate = true> <Delay = 0.00>
ST_74 : Operation 836 [1/1] (0.00ns)   --->   "%gmem2_1_addr = getelementptr i64 %gmem2_1, i64 %p_cast2_cast" [kernel.cpp:5]   --->   Operation 836 'getelementptr' 'gmem2_1_addr' <Predicate = true> <Delay = 0.00>
ST_74 : Operation 837 [1/1] (0.00ns)   --->   "%p_cast3_cast = sext i61 %p_cast3" [kernel.cpp:5]   --->   Operation 837 'sext' 'p_cast3_cast' <Predicate = true> <Delay = 0.00>
ST_74 : Operation 838 [1/1] (0.00ns)   --->   "%gmem2_0_addr = getelementptr i64 %gmem2_0, i64 %p_cast3_cast" [kernel.cpp:5]   --->   Operation 838 'getelementptr' 'gmem2_0_addr' <Predicate = true> <Delay = 0.00>
ST_74 : Operation 839 [1/1] (0.38ns)   --->   "%store_ln19 = store i32 %gmem1_3_addr_read, i32 %shiftreg289" [kernel.cpp:19]   --->   Operation 839 'store' 'store_ln19' <Predicate = true> <Delay = 0.38>
ST_74 : Operation 840 [1/1] (0.38ns)   --->   "%store_ln19 = store i32 %gmem1_2_addr_read, i32 %shiftreg268" [kernel.cpp:19]   --->   Operation 840 'store' 'store_ln19' <Predicate = true> <Delay = 0.38>
ST_74 : Operation 841 [1/1] (0.38ns)   --->   "%store_ln19 = store i32 %gmem1_1_addr_read, i32 %shiftreg247" [kernel.cpp:19]   --->   Operation 841 'store' 'store_ln19' <Predicate = true> <Delay = 0.38>
ST_74 : Operation 842 [1/1] (0.38ns)   --->   "%store_ln19 = store i32 %gmem0_3_addr_read, i32 %shiftreg226" [kernel.cpp:19]   --->   Operation 842 'store' 'store_ln19' <Predicate = true> <Delay = 0.38>
ST_74 : Operation 843 [1/1] (0.38ns)   --->   "%store_ln19 = store i32 %gmem0_2_addr_read, i32 %shiftreg205" [kernel.cpp:19]   --->   Operation 843 'store' 'store_ln19' <Predicate = true> <Delay = 0.38>
ST_74 : Operation 844 [1/1] (0.38ns)   --->   "%store_ln19 = store i32 %gmem0_1_addr_read, i32 %shiftreg184" [kernel.cpp:19]   --->   Operation 844 'store' 'store_ln19' <Predicate = true> <Delay = 0.38>
ST_74 : Operation 845 [1/1] (0.38ns)   --->   "%store_ln19 = store i32 %gmem1_0_addr_read, i32 %shiftreg163" [kernel.cpp:19]   --->   Operation 845 'store' 'store_ln19' <Predicate = true> <Delay = 0.38>
ST_74 : Operation 846 [1/1] (0.38ns)   --->   "%store_ln19 = store i32 %gmem0_0_addr_read, i32 %shiftreg2" [kernel.cpp:19]   --->   Operation 846 'store' 'store_ln19' <Predicate = true> <Delay = 0.38>
ST_74 : Operation 847 [1/1] (0.00ns)   --->   "%br_ln19 = br void %for.inc.split" [kernel.cpp:19]   --->   Operation 847 'br' 'br_ln19' <Predicate = true> <Delay = 0.00>

State 75 <SV = 74> <Delay = 1.09>
ST_75 : Operation 848 [1/1] (0.00ns)   --->   "%i1_load = load i5 %i1" [kernel.cpp:19]   --->   Operation 848 'load' 'i1_load' <Predicate = true> <Delay = 0.00>
ST_75 : Operation 849 [1/1] (0.00ns)   --->   "%shiftreg2_load = load i32 %shiftreg2" [kernel.cpp:22]   --->   Operation 849 'load' 'shiftreg2_load' <Predicate = true> <Delay = 0.00>
ST_75 : Operation 850 [1/1] (0.00ns)   --->   "%shiftreg163_load = load i32 %shiftreg163" [kernel.cpp:22]   --->   Operation 850 'load' 'shiftreg163_load' <Predicate = true> <Delay = 0.00>
ST_75 : Operation 851 [1/1] (0.00ns)   --->   "%shiftreg184_load = load i32 %shiftreg184" [kernel.cpp:22]   --->   Operation 851 'load' 'shiftreg184_load' <Predicate = true> <Delay = 0.00>
ST_75 : Operation 852 [1/1] (0.00ns)   --->   "%shiftreg205_load = load i32 %shiftreg205" [kernel.cpp:22]   --->   Operation 852 'load' 'shiftreg205_load' <Predicate = true> <Delay = 0.00>
ST_75 : Operation 853 [1/1] (0.00ns)   --->   "%shiftreg226_load = load i32 %shiftreg226" [kernel.cpp:22]   --->   Operation 853 'load' 'shiftreg226_load' <Predicate = true> <Delay = 0.00>
ST_75 : Operation 854 [1/1] (0.00ns)   --->   "%shiftreg247_load = load i32 %shiftreg247" [kernel.cpp:22]   --->   Operation 854 'load' 'shiftreg247_load' <Predicate = true> <Delay = 0.00>
ST_75 : Operation 855 [1/1] (0.00ns)   --->   "%shiftreg268_load = load i32 %shiftreg268" [kernel.cpp:22]   --->   Operation 855 'load' 'shiftreg268_load' <Predicate = true> <Delay = 0.00>
ST_75 : Operation 856 [1/1] (0.00ns)   --->   "%shiftreg289_load = load i32 %shiftreg289" [kernel.cpp:22]   --->   Operation 856 'load' 'shiftreg289_load' <Predicate = true> <Delay = 0.00>
ST_75 : Operation 857 [1/1] (0.00ns)   --->   "%shiftreg3010_load = load i57 %shiftreg3010" [kernel.cpp:22]   --->   Operation 857 'load' 'shiftreg3010_load' <Predicate = true> <Delay = 0.00>
ST_75 : Operation 858 [1/1] (0.00ns)   --->   "%shiftreg3212_load = load i57 %shiftreg3212" [kernel.cpp:22]   --->   Operation 858 'load' 'shiftreg3212_load' <Predicate = true> <Delay = 0.00>
ST_75 : Operation 859 [1/1] (0.00ns)   --->   "%shiftreg3414_load = load i57 %shiftreg3414" [kernel.cpp:22]   --->   Operation 859 'load' 'shiftreg3414_load' <Predicate = true> <Delay = 0.00>
ST_75 : Operation 860 [1/1] (0.00ns)   --->   "%shiftreg3616_load = load i57 %shiftreg3616" [kernel.cpp:22]   --->   Operation 860 'load' 'shiftreg3616_load' <Predicate = true> <Delay = 0.00>
ST_75 : Operation 861 [1/1] (0.00ns)   --->   "%specpipeline_ln20 = specpipeline void @_ssdm_op_SpecPipeline, i32 4, i32 0, i32 0, i32 0, void @empty_24" [kernel.cpp:20]   --->   Operation 861 'specpipeline' 'specpipeline_ln20' <Predicate = true> <Delay = 0.00>
ST_75 : Operation 862 [1/1] (0.00ns)   --->   "%speclooptripcount_ln19 = speclooptripcount void @_ssdm_op_SpecLoopTripCount, i64 4, i64 4, i64 4" [kernel.cpp:19]   --->   Operation 862 'speclooptripcount' 'speclooptripcount_ln19' <Predicate = true> <Delay = 0.00>
ST_75 : Operation 863 [1/1] (0.00ns)   --->   "%specloopname_ln19 = specloopname void @_ssdm_op_SpecLoopName, void @empty_22" [kernel.cpp:19]   --->   Operation 863 'specloopname' 'specloopname_ln19' <Predicate = true> <Delay = 0.00>
ST_75 : Operation 864 [1/1] (0.00ns)   --->   "%trunc_ln22 = trunc i32 %shiftreg2_load" [kernel.cpp:22]   --->   Operation 864 'trunc' 'trunc_ln22' <Predicate = true> <Delay = 0.00>
ST_75 : Operation 865 [1/1] (0.00ns)   --->   "%lshr_ln = partselect i24 @_ssdm_op_PartSelect.i24.i32.i32.i32, i32 %shiftreg2_load, i32 8, i32 31" [kernel.cpp:22]   --->   Operation 865 'partselect' 'lshr_ln' <Predicate = true> <Delay = 0.00>
ST_75 : Operation 866 [1/1] (0.00ns)   --->   "%zext_ln22 = zext i24 %lshr_ln" [kernel.cpp:22]   --->   Operation 866 'zext' 'zext_ln22' <Predicate = true> <Delay = 0.00>
ST_75 : Operation 867 [1/1] (0.00ns)   --->   "%sext_ln22 = sext i8 %trunc_ln22" [kernel.cpp:22]   --->   Operation 867 'sext' 'sext_ln22' <Predicate = true> <Delay = 0.00>
ST_75 : Operation 868 [1/1] (0.00ns)   --->   "%trunc_ln22_1 = trunc i32 %shiftreg163_load" [kernel.cpp:22]   --->   Operation 868 'trunc' 'trunc_ln22_1' <Predicate = true> <Delay = 0.00>
ST_75 : Operation 869 [1/1] (0.00ns)   --->   "%lshr_ln22_1 = partselect i24 @_ssdm_op_PartSelect.i24.i32.i32.i32, i32 %shiftreg163_load, i32 8, i32 31" [kernel.cpp:22]   --->   Operation 869 'partselect' 'lshr_ln22_1' <Predicate = true> <Delay = 0.00>
ST_75 : Operation 870 [1/1] (0.00ns)   --->   "%zext_ln22_1 = zext i24 %lshr_ln22_1" [kernel.cpp:22]   --->   Operation 870 'zext' 'zext_ln22_1' <Predicate = true> <Delay = 0.00>
ST_75 : Operation 871 [1/1] (0.00ns)   --->   "%sext_ln22_1 = sext i8 %trunc_ln22_1" [kernel.cpp:22]   --->   Operation 871 'sext' 'sext_ln22_1' <Predicate = true> <Delay = 0.00>
ST_75 : Operation 872 [1/1] (0.70ns)   --->   "%add_ln22 = add i9 %sext_ln22_1, i9 %sext_ln22" [kernel.cpp:22]   --->   Operation 872 'add' 'add_ln22' <Predicate = true> <Delay = 0.70> <CoreInst = "Adder">   --->   Core 1 'Adder' <Latency = 0> <II = 1> <Delay = 0.70> <FuncUnit> <Opcode : 'add' 'sub'> <InPorts = 2> <OutPorts = 1>
ST_75 : Operation 873 [1/1] (0.00ns)   --->   "%trunc_ln22_2 = trunc i32 %shiftreg184_load" [kernel.cpp:22]   --->   Operation 873 'trunc' 'trunc_ln22_2' <Predicate = true> <Delay = 0.00>
ST_75 : Operation 874 [1/1] (0.00ns)   --->   "%lshr_ln22_2 = partselect i24 @_ssdm_op_PartSelect.i24.i32.i32.i32, i32 %shiftreg184_load, i32 8, i32 31" [kernel.cpp:22]   --->   Operation 874 'partselect' 'lshr_ln22_2' <Predicate = true> <Delay = 0.00>
ST_75 : Operation 875 [1/1] (0.00ns)   --->   "%zext_ln22_2 = zext i24 %lshr_ln22_2" [kernel.cpp:22]   --->   Operation 875 'zext' 'zext_ln22_2' <Predicate = true> <Delay = 0.00>
ST_75 : Operation 876 [1/1] (0.00ns)   --->   "%sext_ln22_2 = sext i8 %trunc_ln22_2" [kernel.cpp:22]   --->   Operation 876 'sext' 'sext_ln22_2' <Predicate = true> <Delay = 0.00>
ST_75 : Operation 877 [1/1] (0.00ns)   --->   "%trunc_ln22_3 = trunc i32 %shiftreg205_load" [kernel.cpp:22]   --->   Operation 877 'trunc' 'trunc_ln22_3' <Predicate = true> <Delay = 0.00>
ST_75 : Operation 878 [1/1] (0.00ns)   --->   "%lshr_ln22_3 = partselect i24 @_ssdm_op_PartSelect.i24.i32.i32.i32, i32 %shiftreg205_load, i32 8, i32 31" [kernel.cpp:22]   --->   Operation 878 'partselect' 'lshr_ln22_3' <Predicate = true> <Delay = 0.00>
ST_75 : Operation 879 [1/1] (0.00ns)   --->   "%zext_ln22_3 = zext i24 %lshr_ln22_3" [kernel.cpp:22]   --->   Operation 879 'zext' 'zext_ln22_3' <Predicate = true> <Delay = 0.00>
ST_75 : Operation 880 [1/1] (0.00ns)   --->   "%sext_ln22_3 = sext i8 %trunc_ln22_3" [kernel.cpp:22]   --->   Operation 880 'sext' 'sext_ln22_3' <Predicate = true> <Delay = 0.00>
ST_75 : Operation 881 [1/1] (0.00ns)   --->   "%trunc_ln22_4 = trunc i32 %shiftreg226_load" [kernel.cpp:22]   --->   Operation 881 'trunc' 'trunc_ln22_4' <Predicate = true> <Delay = 0.00>
ST_75 : Operation 882 [1/1] (0.00ns)   --->   "%lshr_ln22_4 = partselect i24 @_ssdm_op_PartSelect.i24.i32.i32.i32, i32 %shiftreg226_load, i32 8, i32 31" [kernel.cpp:22]   --->   Operation 882 'partselect' 'lshr_ln22_4' <Predicate = true> <Delay = 0.00>
ST_75 : Operation 883 [1/1] (0.00ns)   --->   "%zext_ln22_4 = zext i24 %lshr_ln22_4" [kernel.cpp:22]   --->   Operation 883 'zext' 'zext_ln22_4' <Predicate = true> <Delay = 0.00>
ST_75 : Operation 884 [1/1] (0.00ns)   --->   "%sext_ln22_4 = sext i8 %trunc_ln22_4" [kernel.cpp:22]   --->   Operation 884 'sext' 'sext_ln22_4' <Predicate = true> <Delay = 0.00>
ST_75 : Operation 885 [1/1] (0.00ns)   --->   "%trunc_ln22_5 = trunc i32 %shiftreg247_load" [kernel.cpp:22]   --->   Operation 885 'trunc' 'trunc_ln22_5' <Predicate = true> <Delay = 0.00>
ST_75 : Operation 886 [1/1] (0.00ns)   --->   "%lshr_ln22_5 = partselect i24 @_ssdm_op_PartSelect.i24.i32.i32.i32, i32 %shiftreg247_load, i32 8, i32 31" [kernel.cpp:22]   --->   Operation 886 'partselect' 'lshr_ln22_5' <Predicate = true> <Delay = 0.00>
ST_75 : Operation 887 [1/1] (0.00ns)   --->   "%zext_ln22_5 = zext i24 %lshr_ln22_5" [kernel.cpp:22]   --->   Operation 887 'zext' 'zext_ln22_5' <Predicate = true> <Delay = 0.00>
ST_75 : Operation 888 [1/1] (0.00ns)   --->   "%sext_ln22_5 = sext i8 %trunc_ln22_5" [kernel.cpp:22]   --->   Operation 888 'sext' 'sext_ln22_5' <Predicate = true> <Delay = 0.00>
ST_75 : Operation 889 [1/1] (0.70ns)   --->   "%add_ln22_1 = add i9 %sext_ln22_5, i9 %sext_ln22_2" [kernel.cpp:22]   --->   Operation 889 'add' 'add_ln22_1' <Predicate = true> <Delay = 0.70> <CoreInst = "Adder">   --->   Core 1 'Adder' <Latency = 0> <II = 1> <Delay = 0.70> <FuncUnit> <Opcode : 'add' 'sub'> <InPorts = 2> <OutPorts = 1>
ST_75 : Operation 890 [1/1] (0.00ns)   --->   "%trunc_ln22_6 = trunc i32 %shiftreg268_load" [kernel.cpp:22]   --->   Operation 890 'trunc' 'trunc_ln22_6' <Predicate = true> <Delay = 0.00>
ST_75 : Operation 891 [1/1] (0.00ns)   --->   "%lshr_ln22_6 = partselect i24 @_ssdm_op_PartSelect.i24.i32.i32.i32, i32 %shiftreg268_load, i32 8, i32 31" [kernel.cpp:22]   --->   Operation 891 'partselect' 'lshr_ln22_6' <Predicate = true> <Delay = 0.00>
ST_75 : Operation 892 [1/1] (0.00ns)   --->   "%zext_ln22_6 = zext i24 %lshr_ln22_6" [kernel.cpp:22]   --->   Operation 892 'zext' 'zext_ln22_6' <Predicate = true> <Delay = 0.00>
ST_75 : Operation 893 [1/1] (0.00ns)   --->   "%sext_ln22_6 = sext i8 %trunc_ln22_6" [kernel.cpp:22]   --->   Operation 893 'sext' 'sext_ln22_6' <Predicate = true> <Delay = 0.00>
ST_75 : Operation 894 [1/1] (0.70ns)   --->   "%add_ln22_2 = add i9 %sext_ln22_6, i9 %sext_ln22_3" [kernel.cpp:22]   --->   Operation 894 'add' 'add_ln22_2' <Predicate = true> <Delay = 0.70> <CoreInst = "Adder">   --->   Core 1 'Adder' <Latency = 0> <II = 1> <Delay = 0.70> <FuncUnit> <Opcode : 'add' 'sub'> <InPorts = 2> <OutPorts = 1>
ST_75 : Operation 895 [1/1] (0.00ns)   --->   "%trunc_ln22_7 = trunc i32 %shiftreg289_load" [kernel.cpp:22]   --->   Operation 895 'trunc' 'trunc_ln22_7' <Predicate = true> <Delay = 0.00>
ST_75 : Operation 896 [1/1] (0.00ns)   --->   "%lshr_ln22_7 = partselect i24 @_ssdm_op_PartSelect.i24.i32.i32.i32, i32 %shiftreg289_load, i32 8, i32 31" [kernel.cpp:22]   --->   Operation 896 'partselect' 'lshr_ln22_7' <Predicate = true> <Delay = 0.00>
ST_75 : Operation 897 [1/1] (0.00ns)   --->   "%zext_ln22_7 = zext i24 %lshr_ln22_7" [kernel.cpp:22]   --->   Operation 897 'zext' 'zext_ln22_7' <Predicate = true> <Delay = 0.00>
ST_75 : Operation 898 [1/1] (0.00ns)   --->   "%sext_ln22_7 = sext i8 %trunc_ln22_7" [kernel.cpp:22]   --->   Operation 898 'sext' 'sext_ln22_7' <Predicate = true> <Delay = 0.00>
ST_75 : Operation 899 [1/1] (0.70ns)   --->   "%add_ln22_3 = add i9 %sext_ln22_7, i9 %sext_ln22_4" [kernel.cpp:22]   --->   Operation 899 'add' 'add_ln22_3' <Predicate = true> <Delay = 0.70> <CoreInst = "Adder">   --->   Core 1 'Adder' <Latency = 0> <II = 1> <Delay = 0.70> <FuncUnit> <Opcode : 'add' 'sub'> <InPorts = 2> <OutPorts = 1>
ST_75 : Operation 900 [1/1] (0.00ns)   --->   "%tmp_4 = partselect i41 @_ssdm_op_PartSelect.i41.i57.i32.i32, i57 %shiftreg3010_load, i32 16, i32 56" [kernel.cpp:22]   --->   Operation 900 'partselect' 'tmp_4' <Predicate = true> <Delay = 0.00>
ST_75 : Operation 901 [1/1] (0.00ns)   --->   "%sext_ln22_8 = sext i41 %tmp_4" [kernel.cpp:22]   --->   Operation 901 'sext' 'sext_ln22_8' <Predicate = true> <Delay = 0.00>
ST_75 : Operation 902 [1/1] (0.00ns)   --->   "%tmp = bitconcatenate i57 @_ssdm_op_BitConcatenate.i57.i9.i3.i45, i9 %add_ln22, i3 0, i45 %sext_ln22_8" [kernel.cpp:22]   --->   Operation 902 'bitconcatenate' 'tmp' <Predicate = true> <Delay = 0.00>
ST_75 : Operation 903 [1/1] (0.00ns)   --->   "%tmp_5 = partselect i41 @_ssdm_op_PartSelect.i41.i57.i32.i32, i57 %shiftreg3212_load, i32 16, i32 56" [kernel.cpp:22]   --->   Operation 903 'partselect' 'tmp_5' <Predicate = true> <Delay = 0.00>
ST_75 : Operation 904 [1/1] (0.00ns)   --->   "%sext_ln22_9 = sext i41 %tmp_5" [kernel.cpp:22]   --->   Operation 904 'sext' 'sext_ln22_9' <Predicate = true> <Delay = 0.00>
ST_75 : Operation 905 [1/1] (0.00ns)   --->   "%tmp_1 = bitconcatenate i57 @_ssdm_op_BitConcatenate.i57.i9.i3.i45, i9 %add_ln22_1, i3 0, i45 %sext_ln22_9" [kernel.cpp:22]   --->   Operation 905 'bitconcatenate' 'tmp_1' <Predicate = true> <Delay = 0.00>
ST_75 : Operation 906 [1/1] (0.00ns)   --->   "%tmp_6 = partselect i41 @_ssdm_op_PartSelect.i41.i57.i32.i32, i57 %shiftreg3414_load, i32 16, i32 56" [kernel.cpp:22]   --->   Operation 906 'partselect' 'tmp_6' <Predicate = true> <Delay = 0.00>
ST_75 : Operation 907 [1/1] (0.00ns)   --->   "%sext_ln22_10 = sext i41 %tmp_6" [kernel.cpp:22]   --->   Operation 907 'sext' 'sext_ln22_10' <Predicate = true> <Delay = 0.00>
ST_75 : Operation 908 [1/1] (0.00ns)   --->   "%tmp_2 = bitconcatenate i57 @_ssdm_op_BitConcatenate.i57.i9.i3.i45, i9 %add_ln22_2, i3 0, i45 %sext_ln22_10" [kernel.cpp:22]   --->   Operation 908 'bitconcatenate' 'tmp_2' <Predicate = true> <Delay = 0.00>
ST_75 : Operation 909 [1/1] (0.00ns)   --->   "%tmp_7 = partselect i41 @_ssdm_op_PartSelect.i41.i57.i32.i32, i57 %shiftreg3616_load, i32 16, i32 56" [kernel.cpp:22]   --->   Operation 909 'partselect' 'tmp_7' <Predicate = true> <Delay = 0.00>
ST_75 : Operation 910 [1/1] (0.00ns)   --->   "%sext_ln22_11 = sext i41 %tmp_7" [kernel.cpp:22]   --->   Operation 910 'sext' 'sext_ln22_11' <Predicate = true> <Delay = 0.00>
ST_75 : Operation 911 [1/1] (0.00ns)   --->   "%tmp_3 = bitconcatenate i57 @_ssdm_op_BitConcatenate.i57.i9.i3.i45, i9 %add_ln22_3, i3 0, i45 %sext_ln22_11" [kernel.cpp:22]   --->   Operation 911 'bitconcatenate' 'tmp_3' <Predicate = true> <Delay = 0.00>
ST_75 : Operation 912 [1/1] (0.70ns)   --->   "%i = add i5 %i1_load, i5 4" [kernel.cpp:19]   --->   Operation 912 'add' 'i' <Predicate = true> <Delay = 0.70> <CoreInst = "Adder">   --->   Core 1 'Adder' <Latency = 0> <II = 1> <Delay = 0.70> <FuncUnit> <Opcode : 'add' 'sub'> <InPorts = 2> <OutPorts = 1>
ST_75 : Operation 913 [1/1] (0.00ns)   --->   "%tmp_8 = bitselect i1 @_ssdm_op_BitSelect.i1.i5.i32, i5 %i, i32 4" [kernel.cpp:19]   --->   Operation 913 'bitselect' 'tmp_8' <Predicate = true> <Delay = 0.00>
ST_75 : Operation 914 [1/1] (0.38ns)   --->   "%store_ln22 = store i57 %tmp_3, i57 %shiftreg3616" [kernel.cpp:22]   --->   Operation 914 'store' 'store_ln22' <Predicate = true> <Delay = 0.38>
ST_75 : Operation 915 [1/1] (0.38ns)   --->   "%store_ln22 = store i57 %tmp_2, i57 %shiftreg3414" [kernel.cpp:22]   --->   Operation 915 'store' 'store_ln22' <Predicate = true> <Delay = 0.38>
ST_75 : Operation 916 [1/1] (0.38ns)   --->   "%store_ln22 = store i57 %tmp_1, i57 %shiftreg3212" [kernel.cpp:22]   --->   Operation 916 'store' 'store_ln22' <Predicate = true> <Delay = 0.38>
ST_75 : Operation 917 [1/1] (0.38ns)   --->   "%store_ln22 = store i57 %tmp, i57 %shiftreg3010" [kernel.cpp:22]   --->   Operation 917 'store' 'store_ln22' <Predicate = true> <Delay = 0.38>
ST_75 : Operation 918 [1/1] (0.38ns)   --->   "%store_ln22 = store i32 %zext_ln22_7, i32 %shiftreg289" [kernel.cpp:22]   --->   Operation 918 'store' 'store_ln22' <Predicate = true> <Delay = 0.38>
ST_75 : Operation 919 [1/1] (0.38ns)   --->   "%store_ln22 = store i32 %zext_ln22_6, i32 %shiftreg268" [kernel.cpp:22]   --->   Operation 919 'store' 'store_ln22' <Predicate = true> <Delay = 0.38>
ST_75 : Operation 920 [1/1] (0.38ns)   --->   "%store_ln22 = store i32 %zext_ln22_5, i32 %shiftreg247" [kernel.cpp:22]   --->   Operation 920 'store' 'store_ln22' <Predicate = true> <Delay = 0.38>
ST_75 : Operation 921 [1/1] (0.38ns)   --->   "%store_ln22 = store i32 %zext_ln22_4, i32 %shiftreg226" [kernel.cpp:22]   --->   Operation 921 'store' 'store_ln22' <Predicate = true> <Delay = 0.38>
ST_75 : Operation 922 [1/1] (0.38ns)   --->   "%store_ln22 = store i32 %zext_ln22_3, i32 %shiftreg205" [kernel.cpp:22]   --->   Operation 922 'store' 'store_ln22' <Predicate = true> <Delay = 0.38>
ST_75 : Operation 923 [1/1] (0.38ns)   --->   "%store_ln22 = store i32 %zext_ln22_2, i32 %shiftreg184" [kernel.cpp:22]   --->   Operation 923 'store' 'store_ln22' <Predicate = true> <Delay = 0.38>
ST_75 : Operation 924 [1/1] (0.38ns)   --->   "%store_ln22 = store i32 %zext_ln22_1, i32 %shiftreg163" [kernel.cpp:22]   --->   Operation 924 'store' 'store_ln22' <Predicate = true> <Delay = 0.38>
ST_75 : Operation 925 [1/1] (0.38ns)   --->   "%store_ln22 = store i32 %zext_ln22, i32 %shiftreg2" [kernel.cpp:22]   --->   Operation 925 'store' 'store_ln22' <Predicate = true> <Delay = 0.38>
ST_75 : Operation 926 [1/1] (0.38ns)   --->   "%store_ln19 = store i5 %i, i5 %i1" [kernel.cpp:19]   --->   Operation 926 'store' 'store_ln19' <Predicate = true> <Delay = 0.38>
ST_75 : Operation 927 [1/1] (0.00ns)   --->   "%br_ln19 = br i1 %tmp_8, void %for.inc.split, void %for.end" [kernel.cpp:19]   --->   Operation 927 'br' 'br_ln19' <Predicate = true> <Delay = 0.00>

State 76 <SV = 75> <Delay = 3.65>
ST_76 : Operation 928 [1/1] (3.65ns)   --->   "%gmem2_0_addr_req = writereq i1 @_ssdm_op_WriteReq.m_axi.i64P1A, i64 %gmem2_0_addr, i64 1" [kernel.cpp:24]   --->   Operation 928 'writereq' 'gmem2_0_addr_req' <Predicate = true> <Delay = 3.65> <CoreInst = "m_axi">   --->   Core 119 'm_axi' <Latency = 9> <II = 1> <Delay = 1.00> <Adapter> <Opcode : 'read' 'write' 'readreq' 'writereq' 'writeresp'>
ST_76 : Operation 929 [1/1] (3.65ns)   --->   "%gmem2_1_addr_req = writereq i1 @_ssdm_op_WriteReq.m_axi.i64P1A, i64 %gmem2_1_addr, i64 1" [kernel.cpp:24]   --->   Operation 929 'writereq' 'gmem2_1_addr_req' <Predicate = true> <Delay = 3.65> <CoreInst = "m_axi">   --->   Core 119 'm_axi' <Latency = 9> <II = 1> <Delay = 1.00> <Adapter> <Opcode : 'read' 'write' 'readreq' 'writereq' 'writeresp'>
ST_76 : Operation 930 [1/1] (3.65ns)   --->   "%gmem2_2_addr_req = writereq i1 @_ssdm_op_WriteReq.m_axi.i64P1A, i64 %gmem2_2_addr, i64 1" [kernel.cpp:24]   --->   Operation 930 'writereq' 'gmem2_2_addr_req' <Predicate = true> <Delay = 3.65> <CoreInst = "m_axi">   --->   Core 119 'm_axi' <Latency = 9> <II = 1> <Delay = 1.00> <Adapter> <Opcode : 'read' 'write' 'readreq' 'writereq' 'writeresp'>
ST_76 : Operation 931 [1/1] (3.65ns)   --->   "%gmem2_3_addr_req = writereq i1 @_ssdm_op_WriteReq.m_axi.i64P1A, i64 %gmem2_3_addr, i64 1" [kernel.cpp:24]   --->   Operation 931 'writereq' 'gmem2_3_addr_req' <Predicate = true> <Delay = 3.65> <CoreInst = "m_axi">   --->   Core 119 'm_axi' <Latency = 9> <II = 1> <Delay = 1.00> <Adapter> <Opcode : 'read' 'write' 'readreq' 'writereq' 'writeresp'>

State 77 <SV = 76> <Delay = 3.65>
ST_77 : Operation 932 [1/1] (0.00ns)   --->   "%sext_ln19_8 = sext i57 %tmp_3" [kernel.cpp:19]   --->   Operation 932 'sext' 'sext_ln19_8' <Predicate = true> <Delay = 0.00>
ST_77 : Operation 933 [1/1] (0.00ns)   --->   "%zext_ln19 = zext i61 %sext_ln19_8" [kernel.cpp:19]   --->   Operation 933 'zext' 'zext_ln19' <Predicate = true> <Delay = 0.00>
ST_77 : Operation 934 [1/1] (0.00ns)   --->   "%sext_ln19_9 = sext i57 %tmp_2" [kernel.cpp:19]   --->   Operation 934 'sext' 'sext_ln19_9' <Predicate = true> <Delay = 0.00>
ST_77 : Operation 935 [1/1] (0.00ns)   --->   "%zext_ln19_1 = zext i61 %sext_ln19_9" [kernel.cpp:19]   --->   Operation 935 'zext' 'zext_ln19_1' <Predicate = true> <Delay = 0.00>
ST_77 : Operation 936 [1/1] (0.00ns)   --->   "%sext_ln19_10 = sext i57 %tmp_1" [kernel.cpp:19]   --->   Operation 936 'sext' 'sext_ln19_10' <Predicate = true> <Delay = 0.00>
ST_77 : Operation 937 [1/1] (0.00ns)   --->   "%zext_ln19_2 = zext i61 %sext_ln19_10" [kernel.cpp:19]   --->   Operation 937 'zext' 'zext_ln19_2' <Predicate = true> <Delay = 0.00>
ST_77 : Operation 938 [1/1] (0.00ns)   --->   "%sext_ln19_11 = sext i57 %tmp" [kernel.cpp:19]   --->   Operation 938 'sext' 'sext_ln19_11' <Predicate = true> <Delay = 0.00>
ST_77 : Operation 939 [1/1] (0.00ns)   --->   "%zext_ln19_3 = zext i61 %sext_ln19_11" [kernel.cpp:19]   --->   Operation 939 'zext' 'zext_ln19_3' <Predicate = true> <Delay = 0.00>
ST_77 : Operation 940 [1/1] (3.65ns)   --->   "%write_ln24 = write void @_ssdm_op_Write.m_axi.i64P1A, i64 %gmem2_0_addr, i64 %zext_ln19_3, i8 255" [kernel.cpp:24]   --->   Operation 940 'write' 'write_ln24' <Predicate = true> <Delay = 3.65> <CoreInst = "m_axi">   --->   Core 119 'm_axi' <Latency = 5> <II = 1> <Delay = 1.00> <Adapter> <Opcode : 'read' 'write' 'readreq' 'writereq' 'writeresp'>
ST_77 : Operation 941 [1/1] (3.65ns)   --->   "%write_ln24 = write void @_ssdm_op_Write.m_axi.i64P1A, i64 %gmem2_1_addr, i64 %zext_ln19_2, i8 255" [kernel.cpp:24]   --->   Operation 941 'write' 'write_ln24' <Predicate = true> <Delay = 3.65> <CoreInst = "m_axi">   --->   Core 119 'm_axi' <Latency = 5> <II = 1> <Delay = 1.00> <Adapter> <Opcode : 'read' 'write' 'readreq' 'writereq' 'writeresp'>
ST_77 : Operation 942 [1/1] (3.65ns)   --->   "%write_ln24 = write void @_ssdm_op_Write.m_axi.i64P1A, i64 %gmem2_2_addr, i64 %zext_ln19_1, i8 255" [kernel.cpp:24]   --->   Operation 942 'write' 'write_ln24' <Predicate = true> <Delay = 3.65> <CoreInst = "m_axi">   --->   Core 119 'm_axi' <Latency = 5> <II = 1> <Delay = 1.00> <Adapter> <Opcode : 'read' 'write' 'readreq' 'writereq' 'writeresp'>
ST_77 : Operation 943 [1/1] (3.65ns)   --->   "%write_ln24 = write void @_ssdm_op_Write.m_axi.i64P1A, i64 %gmem2_3_addr, i64 %zext_ln19, i8 255" [kernel.cpp:24]   --->   Operation 943 'write' 'write_ln24' <Predicate = true> <Delay = 3.65> <CoreInst = "m_axi">   --->   Core 119 'm_axi' <Latency = 5> <II = 1> <Delay = 1.00> <Adapter> <Opcode : 'read' 'write' 'readreq' 'writereq' 'writeresp'>

State 78 <SV = 77> <Delay = 3.65>
ST_78 : Operation 944 [68/68] (3.65ns)   --->   "%gmem2_0_addr_resp = writeresp i1 @_ssdm_op_WriteResp.m_axi.i64P1A, i64 %gmem2_0_addr" [kernel.cpp:24]   --->   Operation 944 'writeresp' 'gmem2_0_addr_resp' <Predicate = true> <Delay = 3.65> <CoreInst = "m_axi">   --->   Core 119 'm_axi' <Latency = 3> <II = 1> <Delay = 1.00> <Adapter> <Opcode : 'read' 'write' 'readreq' 'writereq' 'writeresp'>
ST_78 : Operation 945 [68/68] (3.65ns)   --->   "%gmem2_1_addr_resp = writeresp i1 @_ssdm_op_WriteResp.m_axi.i64P1A, i64 %gmem2_1_addr" [kernel.cpp:24]   --->   Operation 945 'writeresp' 'gmem2_1_addr_resp' <Predicate = true> <Delay = 3.65> <CoreInst = "m_axi">   --->   Core 119 'm_axi' <Latency = 3> <II = 1> <Delay = 1.00> <Adapter> <Opcode : 'read' 'write' 'readreq' 'writereq' 'writeresp'>
ST_78 : Operation 946 [68/68] (3.65ns)   --->   "%gmem2_2_addr_resp = writeresp i1 @_ssdm_op_WriteResp.m_axi.i64P1A, i64 %gmem2_2_addr" [kernel.cpp:24]   --->   Operation 946 'writeresp' 'gmem2_2_addr_resp' <Predicate = true> <Delay = 3.65> <CoreInst = "m_axi">   --->   Core 119 'm_axi' <Latency = 3> <II = 1> <Delay = 1.00> <Adapter> <Opcode : 'read' 'write' 'readreq' 'writereq' 'writeresp'>
ST_78 : Operation 947 [68/68] (3.65ns)   --->   "%gmem2_3_addr_resp = writeresp i1 @_ssdm_op_WriteResp.m_axi.i64P1A, i64 %gmem2_3_addr" [kernel.cpp:24]   --->   Operation 947 'writeresp' 'gmem2_3_addr_resp' <Predicate = true> <Delay = 3.65> <CoreInst = "m_axi">   --->   Core 119 'm_axi' <Latency = 3> <II = 1> <Delay = 1.00> <Adapter> <Opcode : 'read' 'write' 'readreq' 'writereq' 'writeresp'>

State 79 <SV = 78> <Delay = 3.65>
ST_79 : Operation 948 [67/68] (3.65ns)   --->   "%gmem2_0_addr_resp = writeresp i1 @_ssdm_op_WriteResp.m_axi.i64P1A, i64 %gmem2_0_addr" [kernel.cpp:24]   --->   Operation 948 'writeresp' 'gmem2_0_addr_resp' <Predicate = true> <Delay = 3.65> <CoreInst = "m_axi">   --->   Core 119 'm_axi' <Latency = 3> <II = 1> <Delay = 1.00> <Adapter> <Opcode : 'read' 'write' 'readreq' 'writereq' 'writeresp'>
ST_79 : Operation 949 [67/68] (3.65ns)   --->   "%gmem2_1_addr_resp = writeresp i1 @_ssdm_op_WriteResp.m_axi.i64P1A, i64 %gmem2_1_addr" [kernel.cpp:24]   --->   Operation 949 'writeresp' 'gmem2_1_addr_resp' <Predicate = true> <Delay = 3.65> <CoreInst = "m_axi">   --->   Core 119 'm_axi' <Latency = 3> <II = 1> <Delay = 1.00> <Adapter> <Opcode : 'read' 'write' 'readreq' 'writereq' 'writeresp'>
ST_79 : Operation 950 [67/68] (3.65ns)   --->   "%gmem2_2_addr_resp = writeresp i1 @_ssdm_op_WriteResp.m_axi.i64P1A, i64 %gmem2_2_addr" [kernel.cpp:24]   --->   Operation 950 'writeresp' 'gmem2_2_addr_resp' <Predicate = true> <Delay = 3.65> <CoreInst = "m_axi">   --->   Core 119 'm_axi' <Latency = 3> <II = 1> <Delay = 1.00> <Adapter> <Opcode : 'read' 'write' 'readreq' 'writereq' 'writeresp'>
ST_79 : Operation 951 [67/68] (3.65ns)   --->   "%gmem2_3_addr_resp = writeresp i1 @_ssdm_op_WriteResp.m_axi.i64P1A, i64 %gmem2_3_addr" [kernel.cpp:24]   --->   Operation 951 'writeresp' 'gmem2_3_addr_resp' <Predicate = true> <Delay = 3.65> <CoreInst = "m_axi">   --->   Core 119 'm_axi' <Latency = 3> <II = 1> <Delay = 1.00> <Adapter> <Opcode : 'read' 'write' 'readreq' 'writereq' 'writeresp'>

State 80 <SV = 79> <Delay = 3.65>
ST_80 : Operation 952 [66/68] (3.65ns)   --->   "%gmem2_0_addr_resp = writeresp i1 @_ssdm_op_WriteResp.m_axi.i64P1A, i64 %gmem2_0_addr" [kernel.cpp:24]   --->   Operation 952 'writeresp' 'gmem2_0_addr_resp' <Predicate = true> <Delay = 3.65> <CoreInst = "m_axi">   --->   Core 119 'm_axi' <Latency = 3> <II = 1> <Delay = 1.00> <Adapter> <Opcode : 'read' 'write' 'readreq' 'writereq' 'writeresp'>
ST_80 : Operation 953 [66/68] (3.65ns)   --->   "%gmem2_1_addr_resp = writeresp i1 @_ssdm_op_WriteResp.m_axi.i64P1A, i64 %gmem2_1_addr" [kernel.cpp:24]   --->   Operation 953 'writeresp' 'gmem2_1_addr_resp' <Predicate = true> <Delay = 3.65> <CoreInst = "m_axi">   --->   Core 119 'm_axi' <Latency = 3> <II = 1> <Delay = 1.00> <Adapter> <Opcode : 'read' 'write' 'readreq' 'writereq' 'writeresp'>
ST_80 : Operation 954 [66/68] (3.65ns)   --->   "%gmem2_2_addr_resp = writeresp i1 @_ssdm_op_WriteResp.m_axi.i64P1A, i64 %gmem2_2_addr" [kernel.cpp:24]   --->   Operation 954 'writeresp' 'gmem2_2_addr_resp' <Predicate = true> <Delay = 3.65> <CoreInst = "m_axi">   --->   Core 119 'm_axi' <Latency = 3> <II = 1> <Delay = 1.00> <Adapter> <Opcode : 'read' 'write' 'readreq' 'writereq' 'writeresp'>
ST_80 : Operation 955 [66/68] (3.65ns)   --->   "%gmem2_3_addr_resp = writeresp i1 @_ssdm_op_WriteResp.m_axi.i64P1A, i64 %gmem2_3_addr" [kernel.cpp:24]   --->   Operation 955 'writeresp' 'gmem2_3_addr_resp' <Predicate = true> <Delay = 3.65> <CoreInst = "m_axi">   --->   Core 119 'm_axi' <Latency = 3> <II = 1> <Delay = 1.00> <Adapter> <Opcode : 'read' 'write' 'readreq' 'writereq' 'writeresp'>

State 81 <SV = 80> <Delay = 3.65>
ST_81 : Operation 956 [65/68] (3.65ns)   --->   "%gmem2_0_addr_resp = writeresp i1 @_ssdm_op_WriteResp.m_axi.i64P1A, i64 %gmem2_0_addr" [kernel.cpp:24]   --->   Operation 956 'writeresp' 'gmem2_0_addr_resp' <Predicate = true> <Delay = 3.65> <CoreInst = "m_axi">   --->   Core 119 'm_axi' <Latency = 3> <II = 1> <Delay = 1.00> <Adapter> <Opcode : 'read' 'write' 'readreq' 'writereq' 'writeresp'>
ST_81 : Operation 957 [65/68] (3.65ns)   --->   "%gmem2_1_addr_resp = writeresp i1 @_ssdm_op_WriteResp.m_axi.i64P1A, i64 %gmem2_1_addr" [kernel.cpp:24]   --->   Operation 957 'writeresp' 'gmem2_1_addr_resp' <Predicate = true> <Delay = 3.65> <CoreInst = "m_axi">   --->   Core 119 'm_axi' <Latency = 3> <II = 1> <Delay = 1.00> <Adapter> <Opcode : 'read' 'write' 'readreq' 'writereq' 'writeresp'>
ST_81 : Operation 958 [65/68] (3.65ns)   --->   "%gmem2_2_addr_resp = writeresp i1 @_ssdm_op_WriteResp.m_axi.i64P1A, i64 %gmem2_2_addr" [kernel.cpp:24]   --->   Operation 958 'writeresp' 'gmem2_2_addr_resp' <Predicate = true> <Delay = 3.65> <CoreInst = "m_axi">   --->   Core 119 'm_axi' <Latency = 3> <II = 1> <Delay = 1.00> <Adapter> <Opcode : 'read' 'write' 'readreq' 'writereq' 'writeresp'>
ST_81 : Operation 959 [65/68] (3.65ns)   --->   "%gmem2_3_addr_resp = writeresp i1 @_ssdm_op_WriteResp.m_axi.i64P1A, i64 %gmem2_3_addr" [kernel.cpp:24]   --->   Operation 959 'writeresp' 'gmem2_3_addr_resp' <Predicate = true> <Delay = 3.65> <CoreInst = "m_axi">   --->   Core 119 'm_axi' <Latency = 3> <II = 1> <Delay = 1.00> <Adapter> <Opcode : 'read' 'write' 'readreq' 'writereq' 'writeresp'>

State 82 <SV = 81> <Delay = 3.65>
ST_82 : Operation 960 [64/68] (3.65ns)   --->   "%gmem2_0_addr_resp = writeresp i1 @_ssdm_op_WriteResp.m_axi.i64P1A, i64 %gmem2_0_addr" [kernel.cpp:24]   --->   Operation 960 'writeresp' 'gmem2_0_addr_resp' <Predicate = true> <Delay = 3.65> <CoreInst = "m_axi">   --->   Core 119 'm_axi' <Latency = 3> <II = 1> <Delay = 1.00> <Adapter> <Opcode : 'read' 'write' 'readreq' 'writereq' 'writeresp'>
ST_82 : Operation 961 [64/68] (3.65ns)   --->   "%gmem2_1_addr_resp = writeresp i1 @_ssdm_op_WriteResp.m_axi.i64P1A, i64 %gmem2_1_addr" [kernel.cpp:24]   --->   Operation 961 'writeresp' 'gmem2_1_addr_resp' <Predicate = true> <Delay = 3.65> <CoreInst = "m_axi">   --->   Core 119 'm_axi' <Latency = 3> <II = 1> <Delay = 1.00> <Adapter> <Opcode : 'read' 'write' 'readreq' 'writereq' 'writeresp'>
ST_82 : Operation 962 [64/68] (3.65ns)   --->   "%gmem2_2_addr_resp = writeresp i1 @_ssdm_op_WriteResp.m_axi.i64P1A, i64 %gmem2_2_addr" [kernel.cpp:24]   --->   Operation 962 'writeresp' 'gmem2_2_addr_resp' <Predicate = true> <Delay = 3.65> <CoreInst = "m_axi">   --->   Core 119 'm_axi' <Latency = 3> <II = 1> <Delay = 1.00> <Adapter> <Opcode : 'read' 'write' 'readreq' 'writereq' 'writeresp'>
ST_82 : Operation 963 [64/68] (3.65ns)   --->   "%gmem2_3_addr_resp = writeresp i1 @_ssdm_op_WriteResp.m_axi.i64P1A, i64 %gmem2_3_addr" [kernel.cpp:24]   --->   Operation 963 'writeresp' 'gmem2_3_addr_resp' <Predicate = true> <Delay = 3.65> <CoreInst = "m_axi">   --->   Core 119 'm_axi' <Latency = 3> <II = 1> <Delay = 1.00> <Adapter> <Opcode : 'read' 'write' 'readreq' 'writereq' 'writeresp'>

State 83 <SV = 82> <Delay = 3.65>
ST_83 : Operation 964 [63/68] (3.65ns)   --->   "%gmem2_0_addr_resp = writeresp i1 @_ssdm_op_WriteResp.m_axi.i64P1A, i64 %gmem2_0_addr" [kernel.cpp:24]   --->   Operation 964 'writeresp' 'gmem2_0_addr_resp' <Predicate = true> <Delay = 3.65> <CoreInst = "m_axi">   --->   Core 119 'm_axi' <Latency = 3> <II = 1> <Delay = 1.00> <Adapter> <Opcode : 'read' 'write' 'readreq' 'writereq' 'writeresp'>
ST_83 : Operation 965 [63/68] (3.65ns)   --->   "%gmem2_1_addr_resp = writeresp i1 @_ssdm_op_WriteResp.m_axi.i64P1A, i64 %gmem2_1_addr" [kernel.cpp:24]   --->   Operation 965 'writeresp' 'gmem2_1_addr_resp' <Predicate = true> <Delay = 3.65> <CoreInst = "m_axi">   --->   Core 119 'm_axi' <Latency = 3> <II = 1> <Delay = 1.00> <Adapter> <Opcode : 'read' 'write' 'readreq' 'writereq' 'writeresp'>
ST_83 : Operation 966 [63/68] (3.65ns)   --->   "%gmem2_2_addr_resp = writeresp i1 @_ssdm_op_WriteResp.m_axi.i64P1A, i64 %gmem2_2_addr" [kernel.cpp:24]   --->   Operation 966 'writeresp' 'gmem2_2_addr_resp' <Predicate = true> <Delay = 3.65> <CoreInst = "m_axi">   --->   Core 119 'm_axi' <Latency = 3> <II = 1> <Delay = 1.00> <Adapter> <Opcode : 'read' 'write' 'readreq' 'writereq' 'writeresp'>
ST_83 : Operation 967 [63/68] (3.65ns)   --->   "%gmem2_3_addr_resp = writeresp i1 @_ssdm_op_WriteResp.m_axi.i64P1A, i64 %gmem2_3_addr" [kernel.cpp:24]   --->   Operation 967 'writeresp' 'gmem2_3_addr_resp' <Predicate = true> <Delay = 3.65> <CoreInst = "m_axi">   --->   Core 119 'm_axi' <Latency = 3> <II = 1> <Delay = 1.00> <Adapter> <Opcode : 'read' 'write' 'readreq' 'writereq' 'writeresp'>

State 84 <SV = 83> <Delay = 3.65>
ST_84 : Operation 968 [62/68] (3.65ns)   --->   "%gmem2_0_addr_resp = writeresp i1 @_ssdm_op_WriteResp.m_axi.i64P1A, i64 %gmem2_0_addr" [kernel.cpp:24]   --->   Operation 968 'writeresp' 'gmem2_0_addr_resp' <Predicate = true> <Delay = 3.65> <CoreInst = "m_axi">   --->   Core 119 'm_axi' <Latency = 3> <II = 1> <Delay = 1.00> <Adapter> <Opcode : 'read' 'write' 'readreq' 'writereq' 'writeresp'>
ST_84 : Operation 969 [62/68] (3.65ns)   --->   "%gmem2_1_addr_resp = writeresp i1 @_ssdm_op_WriteResp.m_axi.i64P1A, i64 %gmem2_1_addr" [kernel.cpp:24]   --->   Operation 969 'writeresp' 'gmem2_1_addr_resp' <Predicate = true> <Delay = 3.65> <CoreInst = "m_axi">   --->   Core 119 'm_axi' <Latency = 3> <II = 1> <Delay = 1.00> <Adapter> <Opcode : 'read' 'write' 'readreq' 'writereq' 'writeresp'>
ST_84 : Operation 970 [62/68] (3.65ns)   --->   "%gmem2_2_addr_resp = writeresp i1 @_ssdm_op_WriteResp.m_axi.i64P1A, i64 %gmem2_2_addr" [kernel.cpp:24]   --->   Operation 970 'writeresp' 'gmem2_2_addr_resp' <Predicate = true> <Delay = 3.65> <CoreInst = "m_axi">   --->   Core 119 'm_axi' <Latency = 3> <II = 1> <Delay = 1.00> <Adapter> <Opcode : 'read' 'write' 'readreq' 'writereq' 'writeresp'>
ST_84 : Operation 971 [62/68] (3.65ns)   --->   "%gmem2_3_addr_resp = writeresp i1 @_ssdm_op_WriteResp.m_axi.i64P1A, i64 %gmem2_3_addr" [kernel.cpp:24]   --->   Operation 971 'writeresp' 'gmem2_3_addr_resp' <Predicate = true> <Delay = 3.65> <CoreInst = "m_axi">   --->   Core 119 'm_axi' <Latency = 3> <II = 1> <Delay = 1.00> <Adapter> <Opcode : 'read' 'write' 'readreq' 'writereq' 'writeresp'>

State 85 <SV = 84> <Delay = 3.65>
ST_85 : Operation 972 [61/68] (3.65ns)   --->   "%gmem2_0_addr_resp = writeresp i1 @_ssdm_op_WriteResp.m_axi.i64P1A, i64 %gmem2_0_addr" [kernel.cpp:24]   --->   Operation 972 'writeresp' 'gmem2_0_addr_resp' <Predicate = true> <Delay = 3.65> <CoreInst = "m_axi">   --->   Core 119 'm_axi' <Latency = 3> <II = 1> <Delay = 1.00> <Adapter> <Opcode : 'read' 'write' 'readreq' 'writereq' 'writeresp'>
ST_85 : Operation 973 [61/68] (3.65ns)   --->   "%gmem2_1_addr_resp = writeresp i1 @_ssdm_op_WriteResp.m_axi.i64P1A, i64 %gmem2_1_addr" [kernel.cpp:24]   --->   Operation 973 'writeresp' 'gmem2_1_addr_resp' <Predicate = true> <Delay = 3.65> <CoreInst = "m_axi">   --->   Core 119 'm_axi' <Latency = 3> <II = 1> <Delay = 1.00> <Adapter> <Opcode : 'read' 'write' 'readreq' 'writereq' 'writeresp'>
ST_85 : Operation 974 [61/68] (3.65ns)   --->   "%gmem2_2_addr_resp = writeresp i1 @_ssdm_op_WriteResp.m_axi.i64P1A, i64 %gmem2_2_addr" [kernel.cpp:24]   --->   Operation 974 'writeresp' 'gmem2_2_addr_resp' <Predicate = true> <Delay = 3.65> <CoreInst = "m_axi">   --->   Core 119 'm_axi' <Latency = 3> <II = 1> <Delay = 1.00> <Adapter> <Opcode : 'read' 'write' 'readreq' 'writereq' 'writeresp'>
ST_85 : Operation 975 [61/68] (3.65ns)   --->   "%gmem2_3_addr_resp = writeresp i1 @_ssdm_op_WriteResp.m_axi.i64P1A, i64 %gmem2_3_addr" [kernel.cpp:24]   --->   Operation 975 'writeresp' 'gmem2_3_addr_resp' <Predicate = true> <Delay = 3.65> <CoreInst = "m_axi">   --->   Core 119 'm_axi' <Latency = 3> <II = 1> <Delay = 1.00> <Adapter> <Opcode : 'read' 'write' 'readreq' 'writereq' 'writeresp'>

State 86 <SV = 85> <Delay = 3.65>
ST_86 : Operation 976 [60/68] (3.65ns)   --->   "%gmem2_0_addr_resp = writeresp i1 @_ssdm_op_WriteResp.m_axi.i64P1A, i64 %gmem2_0_addr" [kernel.cpp:24]   --->   Operation 976 'writeresp' 'gmem2_0_addr_resp' <Predicate = true> <Delay = 3.65> <CoreInst = "m_axi">   --->   Core 119 'm_axi' <Latency = 3> <II = 1> <Delay = 1.00> <Adapter> <Opcode : 'read' 'write' 'readreq' 'writereq' 'writeresp'>
ST_86 : Operation 977 [60/68] (3.65ns)   --->   "%gmem2_1_addr_resp = writeresp i1 @_ssdm_op_WriteResp.m_axi.i64P1A, i64 %gmem2_1_addr" [kernel.cpp:24]   --->   Operation 977 'writeresp' 'gmem2_1_addr_resp' <Predicate = true> <Delay = 3.65> <CoreInst = "m_axi">   --->   Core 119 'm_axi' <Latency = 3> <II = 1> <Delay = 1.00> <Adapter> <Opcode : 'read' 'write' 'readreq' 'writereq' 'writeresp'>
ST_86 : Operation 978 [60/68] (3.65ns)   --->   "%gmem2_2_addr_resp = writeresp i1 @_ssdm_op_WriteResp.m_axi.i64P1A, i64 %gmem2_2_addr" [kernel.cpp:24]   --->   Operation 978 'writeresp' 'gmem2_2_addr_resp' <Predicate = true> <Delay = 3.65> <CoreInst = "m_axi">   --->   Core 119 'm_axi' <Latency = 3> <II = 1> <Delay = 1.00> <Adapter> <Opcode : 'read' 'write' 'readreq' 'writereq' 'writeresp'>
ST_86 : Operation 979 [60/68] (3.65ns)   --->   "%gmem2_3_addr_resp = writeresp i1 @_ssdm_op_WriteResp.m_axi.i64P1A, i64 %gmem2_3_addr" [kernel.cpp:24]   --->   Operation 979 'writeresp' 'gmem2_3_addr_resp' <Predicate = true> <Delay = 3.65> <CoreInst = "m_axi">   --->   Core 119 'm_axi' <Latency = 3> <II = 1> <Delay = 1.00> <Adapter> <Opcode : 'read' 'write' 'readreq' 'writereq' 'writeresp'>

State 87 <SV = 86> <Delay = 3.65>
ST_87 : Operation 980 [59/68] (3.65ns)   --->   "%gmem2_0_addr_resp = writeresp i1 @_ssdm_op_WriteResp.m_axi.i64P1A, i64 %gmem2_0_addr" [kernel.cpp:24]   --->   Operation 980 'writeresp' 'gmem2_0_addr_resp' <Predicate = true> <Delay = 3.65> <CoreInst = "m_axi">   --->   Core 119 'm_axi' <Latency = 3> <II = 1> <Delay = 1.00> <Adapter> <Opcode : 'read' 'write' 'readreq' 'writereq' 'writeresp'>
ST_87 : Operation 981 [59/68] (3.65ns)   --->   "%gmem2_1_addr_resp = writeresp i1 @_ssdm_op_WriteResp.m_axi.i64P1A, i64 %gmem2_1_addr" [kernel.cpp:24]   --->   Operation 981 'writeresp' 'gmem2_1_addr_resp' <Predicate = true> <Delay = 3.65> <CoreInst = "m_axi">   --->   Core 119 'm_axi' <Latency = 3> <II = 1> <Delay = 1.00> <Adapter> <Opcode : 'read' 'write' 'readreq' 'writereq' 'writeresp'>
ST_87 : Operation 982 [59/68] (3.65ns)   --->   "%gmem2_2_addr_resp = writeresp i1 @_ssdm_op_WriteResp.m_axi.i64P1A, i64 %gmem2_2_addr" [kernel.cpp:24]   --->   Operation 982 'writeresp' 'gmem2_2_addr_resp' <Predicate = true> <Delay = 3.65> <CoreInst = "m_axi">   --->   Core 119 'm_axi' <Latency = 3> <II = 1> <Delay = 1.00> <Adapter> <Opcode : 'read' 'write' 'readreq' 'writereq' 'writeresp'>
ST_87 : Operation 983 [59/68] (3.65ns)   --->   "%gmem2_3_addr_resp = writeresp i1 @_ssdm_op_WriteResp.m_axi.i64P1A, i64 %gmem2_3_addr" [kernel.cpp:24]   --->   Operation 983 'writeresp' 'gmem2_3_addr_resp' <Predicate = true> <Delay = 3.65> <CoreInst = "m_axi">   --->   Core 119 'm_axi' <Latency = 3> <II = 1> <Delay = 1.00> <Adapter> <Opcode : 'read' 'write' 'readreq' 'writereq' 'writeresp'>

State 88 <SV = 87> <Delay = 3.65>
ST_88 : Operation 984 [58/68] (3.65ns)   --->   "%gmem2_0_addr_resp = writeresp i1 @_ssdm_op_WriteResp.m_axi.i64P1A, i64 %gmem2_0_addr" [kernel.cpp:24]   --->   Operation 984 'writeresp' 'gmem2_0_addr_resp' <Predicate = true> <Delay = 3.65> <CoreInst = "m_axi">   --->   Core 119 'm_axi' <Latency = 3> <II = 1> <Delay = 1.00> <Adapter> <Opcode : 'read' 'write' 'readreq' 'writereq' 'writeresp'>
ST_88 : Operation 985 [58/68] (3.65ns)   --->   "%gmem2_1_addr_resp = writeresp i1 @_ssdm_op_WriteResp.m_axi.i64P1A, i64 %gmem2_1_addr" [kernel.cpp:24]   --->   Operation 985 'writeresp' 'gmem2_1_addr_resp' <Predicate = true> <Delay = 3.65> <CoreInst = "m_axi">   --->   Core 119 'm_axi' <Latency = 3> <II = 1> <Delay = 1.00> <Adapter> <Opcode : 'read' 'write' 'readreq' 'writereq' 'writeresp'>
ST_88 : Operation 986 [58/68] (3.65ns)   --->   "%gmem2_2_addr_resp = writeresp i1 @_ssdm_op_WriteResp.m_axi.i64P1A, i64 %gmem2_2_addr" [kernel.cpp:24]   --->   Operation 986 'writeresp' 'gmem2_2_addr_resp' <Predicate = true> <Delay = 3.65> <CoreInst = "m_axi">   --->   Core 119 'm_axi' <Latency = 3> <II = 1> <Delay = 1.00> <Adapter> <Opcode : 'read' 'write' 'readreq' 'writereq' 'writeresp'>
ST_88 : Operation 987 [58/68] (3.65ns)   --->   "%gmem2_3_addr_resp = writeresp i1 @_ssdm_op_WriteResp.m_axi.i64P1A, i64 %gmem2_3_addr" [kernel.cpp:24]   --->   Operation 987 'writeresp' 'gmem2_3_addr_resp' <Predicate = true> <Delay = 3.65> <CoreInst = "m_axi">   --->   Core 119 'm_axi' <Latency = 3> <II = 1> <Delay = 1.00> <Adapter> <Opcode : 'read' 'write' 'readreq' 'writereq' 'writeresp'>

State 89 <SV = 88> <Delay = 3.65>
ST_89 : Operation 988 [57/68] (3.65ns)   --->   "%gmem2_0_addr_resp = writeresp i1 @_ssdm_op_WriteResp.m_axi.i64P1A, i64 %gmem2_0_addr" [kernel.cpp:24]   --->   Operation 988 'writeresp' 'gmem2_0_addr_resp' <Predicate = true> <Delay = 3.65> <CoreInst = "m_axi">   --->   Core 119 'm_axi' <Latency = 3> <II = 1> <Delay = 1.00> <Adapter> <Opcode : 'read' 'write' 'readreq' 'writereq' 'writeresp'>
ST_89 : Operation 989 [57/68] (3.65ns)   --->   "%gmem2_1_addr_resp = writeresp i1 @_ssdm_op_WriteResp.m_axi.i64P1A, i64 %gmem2_1_addr" [kernel.cpp:24]   --->   Operation 989 'writeresp' 'gmem2_1_addr_resp' <Predicate = true> <Delay = 3.65> <CoreInst = "m_axi">   --->   Core 119 'm_axi' <Latency = 3> <II = 1> <Delay = 1.00> <Adapter> <Opcode : 'read' 'write' 'readreq' 'writereq' 'writeresp'>
ST_89 : Operation 990 [57/68] (3.65ns)   --->   "%gmem2_2_addr_resp = writeresp i1 @_ssdm_op_WriteResp.m_axi.i64P1A, i64 %gmem2_2_addr" [kernel.cpp:24]   --->   Operation 990 'writeresp' 'gmem2_2_addr_resp' <Predicate = true> <Delay = 3.65> <CoreInst = "m_axi">   --->   Core 119 'm_axi' <Latency = 3> <II = 1> <Delay = 1.00> <Adapter> <Opcode : 'read' 'write' 'readreq' 'writereq' 'writeresp'>
ST_89 : Operation 991 [57/68] (3.65ns)   --->   "%gmem2_3_addr_resp = writeresp i1 @_ssdm_op_WriteResp.m_axi.i64P1A, i64 %gmem2_3_addr" [kernel.cpp:24]   --->   Operation 991 'writeresp' 'gmem2_3_addr_resp' <Predicate = true> <Delay = 3.65> <CoreInst = "m_axi">   --->   Core 119 'm_axi' <Latency = 3> <II = 1> <Delay = 1.00> <Adapter> <Opcode : 'read' 'write' 'readreq' 'writereq' 'writeresp'>

State 90 <SV = 89> <Delay = 3.65>
ST_90 : Operation 992 [56/68] (3.65ns)   --->   "%gmem2_0_addr_resp = writeresp i1 @_ssdm_op_WriteResp.m_axi.i64P1A, i64 %gmem2_0_addr" [kernel.cpp:24]   --->   Operation 992 'writeresp' 'gmem2_0_addr_resp' <Predicate = true> <Delay = 3.65> <CoreInst = "m_axi">   --->   Core 119 'm_axi' <Latency = 3> <II = 1> <Delay = 1.00> <Adapter> <Opcode : 'read' 'write' 'readreq' 'writereq' 'writeresp'>
ST_90 : Operation 993 [56/68] (3.65ns)   --->   "%gmem2_1_addr_resp = writeresp i1 @_ssdm_op_WriteResp.m_axi.i64P1A, i64 %gmem2_1_addr" [kernel.cpp:24]   --->   Operation 993 'writeresp' 'gmem2_1_addr_resp' <Predicate = true> <Delay = 3.65> <CoreInst = "m_axi">   --->   Core 119 'm_axi' <Latency = 3> <II = 1> <Delay = 1.00> <Adapter> <Opcode : 'read' 'write' 'readreq' 'writereq' 'writeresp'>
ST_90 : Operation 994 [56/68] (3.65ns)   --->   "%gmem2_2_addr_resp = writeresp i1 @_ssdm_op_WriteResp.m_axi.i64P1A, i64 %gmem2_2_addr" [kernel.cpp:24]   --->   Operation 994 'writeresp' 'gmem2_2_addr_resp' <Predicate = true> <Delay = 3.65> <CoreInst = "m_axi">   --->   Core 119 'm_axi' <Latency = 3> <II = 1> <Delay = 1.00> <Adapter> <Opcode : 'read' 'write' 'readreq' 'writereq' 'writeresp'>
ST_90 : Operation 995 [56/68] (3.65ns)   --->   "%gmem2_3_addr_resp = writeresp i1 @_ssdm_op_WriteResp.m_axi.i64P1A, i64 %gmem2_3_addr" [kernel.cpp:24]   --->   Operation 995 'writeresp' 'gmem2_3_addr_resp' <Predicate = true> <Delay = 3.65> <CoreInst = "m_axi">   --->   Core 119 'm_axi' <Latency = 3> <II = 1> <Delay = 1.00> <Adapter> <Opcode : 'read' 'write' 'readreq' 'writereq' 'writeresp'>

State 91 <SV = 90> <Delay = 3.65>
ST_91 : Operation 996 [55/68] (3.65ns)   --->   "%gmem2_0_addr_resp = writeresp i1 @_ssdm_op_WriteResp.m_axi.i64P1A, i64 %gmem2_0_addr" [kernel.cpp:24]   --->   Operation 996 'writeresp' 'gmem2_0_addr_resp' <Predicate = true> <Delay = 3.65> <CoreInst = "m_axi">   --->   Core 119 'm_axi' <Latency = 3> <II = 1> <Delay = 1.00> <Adapter> <Opcode : 'read' 'write' 'readreq' 'writereq' 'writeresp'>
ST_91 : Operation 997 [55/68] (3.65ns)   --->   "%gmem2_1_addr_resp = writeresp i1 @_ssdm_op_WriteResp.m_axi.i64P1A, i64 %gmem2_1_addr" [kernel.cpp:24]   --->   Operation 997 'writeresp' 'gmem2_1_addr_resp' <Predicate = true> <Delay = 3.65> <CoreInst = "m_axi">   --->   Core 119 'm_axi' <Latency = 3> <II = 1> <Delay = 1.00> <Adapter> <Opcode : 'read' 'write' 'readreq' 'writereq' 'writeresp'>
ST_91 : Operation 998 [55/68] (3.65ns)   --->   "%gmem2_2_addr_resp = writeresp i1 @_ssdm_op_WriteResp.m_axi.i64P1A, i64 %gmem2_2_addr" [kernel.cpp:24]   --->   Operation 998 'writeresp' 'gmem2_2_addr_resp' <Predicate = true> <Delay = 3.65> <CoreInst = "m_axi">   --->   Core 119 'm_axi' <Latency = 3> <II = 1> <Delay = 1.00> <Adapter> <Opcode : 'read' 'write' 'readreq' 'writereq' 'writeresp'>
ST_91 : Operation 999 [55/68] (3.65ns)   --->   "%gmem2_3_addr_resp = writeresp i1 @_ssdm_op_WriteResp.m_axi.i64P1A, i64 %gmem2_3_addr" [kernel.cpp:24]   --->   Operation 999 'writeresp' 'gmem2_3_addr_resp' <Predicate = true> <Delay = 3.65> <CoreInst = "m_axi">   --->   Core 119 'm_axi' <Latency = 3> <II = 1> <Delay = 1.00> <Adapter> <Opcode : 'read' 'write' 'readreq' 'writereq' 'writeresp'>

State 92 <SV = 91> <Delay = 3.65>
ST_92 : Operation 1000 [54/68] (3.65ns)   --->   "%gmem2_0_addr_resp = writeresp i1 @_ssdm_op_WriteResp.m_axi.i64P1A, i64 %gmem2_0_addr" [kernel.cpp:24]   --->   Operation 1000 'writeresp' 'gmem2_0_addr_resp' <Predicate = true> <Delay = 3.65> <CoreInst = "m_axi">   --->   Core 119 'm_axi' <Latency = 3> <II = 1> <Delay = 1.00> <Adapter> <Opcode : 'read' 'write' 'readreq' 'writereq' 'writeresp'>
ST_92 : Operation 1001 [54/68] (3.65ns)   --->   "%gmem2_1_addr_resp = writeresp i1 @_ssdm_op_WriteResp.m_axi.i64P1A, i64 %gmem2_1_addr" [kernel.cpp:24]   --->   Operation 1001 'writeresp' 'gmem2_1_addr_resp' <Predicate = true> <Delay = 3.65> <CoreInst = "m_axi">   --->   Core 119 'm_axi' <Latency = 3> <II = 1> <Delay = 1.00> <Adapter> <Opcode : 'read' 'write' 'readreq' 'writereq' 'writeresp'>
ST_92 : Operation 1002 [54/68] (3.65ns)   --->   "%gmem2_2_addr_resp = writeresp i1 @_ssdm_op_WriteResp.m_axi.i64P1A, i64 %gmem2_2_addr" [kernel.cpp:24]   --->   Operation 1002 'writeresp' 'gmem2_2_addr_resp' <Predicate = true> <Delay = 3.65> <CoreInst = "m_axi">   --->   Core 119 'm_axi' <Latency = 3> <II = 1> <Delay = 1.00> <Adapter> <Opcode : 'read' 'write' 'readreq' 'writereq' 'writeresp'>
ST_92 : Operation 1003 [54/68] (3.65ns)   --->   "%gmem2_3_addr_resp = writeresp i1 @_ssdm_op_WriteResp.m_axi.i64P1A, i64 %gmem2_3_addr" [kernel.cpp:24]   --->   Operation 1003 'writeresp' 'gmem2_3_addr_resp' <Predicate = true> <Delay = 3.65> <CoreInst = "m_axi">   --->   Core 119 'm_axi' <Latency = 3> <II = 1> <Delay = 1.00> <Adapter> <Opcode : 'read' 'write' 'readreq' 'writereq' 'writeresp'>

State 93 <SV = 92> <Delay = 3.65>
ST_93 : Operation 1004 [53/68] (3.65ns)   --->   "%gmem2_0_addr_resp = writeresp i1 @_ssdm_op_WriteResp.m_axi.i64P1A, i64 %gmem2_0_addr" [kernel.cpp:24]   --->   Operation 1004 'writeresp' 'gmem2_0_addr_resp' <Predicate = true> <Delay = 3.65> <CoreInst = "m_axi">   --->   Core 119 'm_axi' <Latency = 3> <II = 1> <Delay = 1.00> <Adapter> <Opcode : 'read' 'write' 'readreq' 'writereq' 'writeresp'>
ST_93 : Operation 1005 [53/68] (3.65ns)   --->   "%gmem2_1_addr_resp = writeresp i1 @_ssdm_op_WriteResp.m_axi.i64P1A, i64 %gmem2_1_addr" [kernel.cpp:24]   --->   Operation 1005 'writeresp' 'gmem2_1_addr_resp' <Predicate = true> <Delay = 3.65> <CoreInst = "m_axi">   --->   Core 119 'm_axi' <Latency = 3> <II = 1> <Delay = 1.00> <Adapter> <Opcode : 'read' 'write' 'readreq' 'writereq' 'writeresp'>
ST_93 : Operation 1006 [53/68] (3.65ns)   --->   "%gmem2_2_addr_resp = writeresp i1 @_ssdm_op_WriteResp.m_axi.i64P1A, i64 %gmem2_2_addr" [kernel.cpp:24]   --->   Operation 1006 'writeresp' 'gmem2_2_addr_resp' <Predicate = true> <Delay = 3.65> <CoreInst = "m_axi">   --->   Core 119 'm_axi' <Latency = 3> <II = 1> <Delay = 1.00> <Adapter> <Opcode : 'read' 'write' 'readreq' 'writereq' 'writeresp'>
ST_93 : Operation 1007 [53/68] (3.65ns)   --->   "%gmem2_3_addr_resp = writeresp i1 @_ssdm_op_WriteResp.m_axi.i64P1A, i64 %gmem2_3_addr" [kernel.cpp:24]   --->   Operation 1007 'writeresp' 'gmem2_3_addr_resp' <Predicate = true> <Delay = 3.65> <CoreInst = "m_axi">   --->   Core 119 'm_axi' <Latency = 3> <II = 1> <Delay = 1.00> <Adapter> <Opcode : 'read' 'write' 'readreq' 'writereq' 'writeresp'>

State 94 <SV = 93> <Delay = 3.65>
ST_94 : Operation 1008 [52/68] (3.65ns)   --->   "%gmem2_0_addr_resp = writeresp i1 @_ssdm_op_WriteResp.m_axi.i64P1A, i64 %gmem2_0_addr" [kernel.cpp:24]   --->   Operation 1008 'writeresp' 'gmem2_0_addr_resp' <Predicate = true> <Delay = 3.65> <CoreInst = "m_axi">   --->   Core 119 'm_axi' <Latency = 3> <II = 1> <Delay = 1.00> <Adapter> <Opcode : 'read' 'write' 'readreq' 'writereq' 'writeresp'>
ST_94 : Operation 1009 [52/68] (3.65ns)   --->   "%gmem2_1_addr_resp = writeresp i1 @_ssdm_op_WriteResp.m_axi.i64P1A, i64 %gmem2_1_addr" [kernel.cpp:24]   --->   Operation 1009 'writeresp' 'gmem2_1_addr_resp' <Predicate = true> <Delay = 3.65> <CoreInst = "m_axi">   --->   Core 119 'm_axi' <Latency = 3> <II = 1> <Delay = 1.00> <Adapter> <Opcode : 'read' 'write' 'readreq' 'writereq' 'writeresp'>
ST_94 : Operation 1010 [52/68] (3.65ns)   --->   "%gmem2_2_addr_resp = writeresp i1 @_ssdm_op_WriteResp.m_axi.i64P1A, i64 %gmem2_2_addr" [kernel.cpp:24]   --->   Operation 1010 'writeresp' 'gmem2_2_addr_resp' <Predicate = true> <Delay = 3.65> <CoreInst = "m_axi">   --->   Core 119 'm_axi' <Latency = 3> <II = 1> <Delay = 1.00> <Adapter> <Opcode : 'read' 'write' 'readreq' 'writereq' 'writeresp'>
ST_94 : Operation 1011 [52/68] (3.65ns)   --->   "%gmem2_3_addr_resp = writeresp i1 @_ssdm_op_WriteResp.m_axi.i64P1A, i64 %gmem2_3_addr" [kernel.cpp:24]   --->   Operation 1011 'writeresp' 'gmem2_3_addr_resp' <Predicate = true> <Delay = 3.65> <CoreInst = "m_axi">   --->   Core 119 'm_axi' <Latency = 3> <II = 1> <Delay = 1.00> <Adapter> <Opcode : 'read' 'write' 'readreq' 'writereq' 'writeresp'>

State 95 <SV = 94> <Delay = 3.65>
ST_95 : Operation 1012 [51/68] (3.65ns)   --->   "%gmem2_0_addr_resp = writeresp i1 @_ssdm_op_WriteResp.m_axi.i64P1A, i64 %gmem2_0_addr" [kernel.cpp:24]   --->   Operation 1012 'writeresp' 'gmem2_0_addr_resp' <Predicate = true> <Delay = 3.65> <CoreInst = "m_axi">   --->   Core 119 'm_axi' <Latency = 3> <II = 1> <Delay = 1.00> <Adapter> <Opcode : 'read' 'write' 'readreq' 'writereq' 'writeresp'>
ST_95 : Operation 1013 [51/68] (3.65ns)   --->   "%gmem2_1_addr_resp = writeresp i1 @_ssdm_op_WriteResp.m_axi.i64P1A, i64 %gmem2_1_addr" [kernel.cpp:24]   --->   Operation 1013 'writeresp' 'gmem2_1_addr_resp' <Predicate = true> <Delay = 3.65> <CoreInst = "m_axi">   --->   Core 119 'm_axi' <Latency = 3> <II = 1> <Delay = 1.00> <Adapter> <Opcode : 'read' 'write' 'readreq' 'writereq' 'writeresp'>
ST_95 : Operation 1014 [51/68] (3.65ns)   --->   "%gmem2_2_addr_resp = writeresp i1 @_ssdm_op_WriteResp.m_axi.i64P1A, i64 %gmem2_2_addr" [kernel.cpp:24]   --->   Operation 1014 'writeresp' 'gmem2_2_addr_resp' <Predicate = true> <Delay = 3.65> <CoreInst = "m_axi">   --->   Core 119 'm_axi' <Latency = 3> <II = 1> <Delay = 1.00> <Adapter> <Opcode : 'read' 'write' 'readreq' 'writereq' 'writeresp'>
ST_95 : Operation 1015 [51/68] (3.65ns)   --->   "%gmem2_3_addr_resp = writeresp i1 @_ssdm_op_WriteResp.m_axi.i64P1A, i64 %gmem2_3_addr" [kernel.cpp:24]   --->   Operation 1015 'writeresp' 'gmem2_3_addr_resp' <Predicate = true> <Delay = 3.65> <CoreInst = "m_axi">   --->   Core 119 'm_axi' <Latency = 3> <II = 1> <Delay = 1.00> <Adapter> <Opcode : 'read' 'write' 'readreq' 'writereq' 'writeresp'>

State 96 <SV = 95> <Delay = 3.65>
ST_96 : Operation 1016 [50/68] (3.65ns)   --->   "%gmem2_0_addr_resp = writeresp i1 @_ssdm_op_WriteResp.m_axi.i64P1A, i64 %gmem2_0_addr" [kernel.cpp:24]   --->   Operation 1016 'writeresp' 'gmem2_0_addr_resp' <Predicate = true> <Delay = 3.65> <CoreInst = "m_axi">   --->   Core 119 'm_axi' <Latency = 3> <II = 1> <Delay = 1.00> <Adapter> <Opcode : 'read' 'write' 'readreq' 'writereq' 'writeresp'>
ST_96 : Operation 1017 [50/68] (3.65ns)   --->   "%gmem2_1_addr_resp = writeresp i1 @_ssdm_op_WriteResp.m_axi.i64P1A, i64 %gmem2_1_addr" [kernel.cpp:24]   --->   Operation 1017 'writeresp' 'gmem2_1_addr_resp' <Predicate = true> <Delay = 3.65> <CoreInst = "m_axi">   --->   Core 119 'm_axi' <Latency = 3> <II = 1> <Delay = 1.00> <Adapter> <Opcode : 'read' 'write' 'readreq' 'writereq' 'writeresp'>
ST_96 : Operation 1018 [50/68] (3.65ns)   --->   "%gmem2_2_addr_resp = writeresp i1 @_ssdm_op_WriteResp.m_axi.i64P1A, i64 %gmem2_2_addr" [kernel.cpp:24]   --->   Operation 1018 'writeresp' 'gmem2_2_addr_resp' <Predicate = true> <Delay = 3.65> <CoreInst = "m_axi">   --->   Core 119 'm_axi' <Latency = 3> <II = 1> <Delay = 1.00> <Adapter> <Opcode : 'read' 'write' 'readreq' 'writereq' 'writeresp'>
ST_96 : Operation 1019 [50/68] (3.65ns)   --->   "%gmem2_3_addr_resp = writeresp i1 @_ssdm_op_WriteResp.m_axi.i64P1A, i64 %gmem2_3_addr" [kernel.cpp:24]   --->   Operation 1019 'writeresp' 'gmem2_3_addr_resp' <Predicate = true> <Delay = 3.65> <CoreInst = "m_axi">   --->   Core 119 'm_axi' <Latency = 3> <II = 1> <Delay = 1.00> <Adapter> <Opcode : 'read' 'write' 'readreq' 'writereq' 'writeresp'>

State 97 <SV = 96> <Delay = 3.65>
ST_97 : Operation 1020 [49/68] (3.65ns)   --->   "%gmem2_0_addr_resp = writeresp i1 @_ssdm_op_WriteResp.m_axi.i64P1A, i64 %gmem2_0_addr" [kernel.cpp:24]   --->   Operation 1020 'writeresp' 'gmem2_0_addr_resp' <Predicate = true> <Delay = 3.65> <CoreInst = "m_axi">   --->   Core 119 'm_axi' <Latency = 3> <II = 1> <Delay = 1.00> <Adapter> <Opcode : 'read' 'write' 'readreq' 'writereq' 'writeresp'>
ST_97 : Operation 1021 [49/68] (3.65ns)   --->   "%gmem2_1_addr_resp = writeresp i1 @_ssdm_op_WriteResp.m_axi.i64P1A, i64 %gmem2_1_addr" [kernel.cpp:24]   --->   Operation 1021 'writeresp' 'gmem2_1_addr_resp' <Predicate = true> <Delay = 3.65> <CoreInst = "m_axi">   --->   Core 119 'm_axi' <Latency = 3> <II = 1> <Delay = 1.00> <Adapter> <Opcode : 'read' 'write' 'readreq' 'writereq' 'writeresp'>
ST_97 : Operation 1022 [49/68] (3.65ns)   --->   "%gmem2_2_addr_resp = writeresp i1 @_ssdm_op_WriteResp.m_axi.i64P1A, i64 %gmem2_2_addr" [kernel.cpp:24]   --->   Operation 1022 'writeresp' 'gmem2_2_addr_resp' <Predicate = true> <Delay = 3.65> <CoreInst = "m_axi">   --->   Core 119 'm_axi' <Latency = 3> <II = 1> <Delay = 1.00> <Adapter> <Opcode : 'read' 'write' 'readreq' 'writereq' 'writeresp'>
ST_97 : Operation 1023 [49/68] (3.65ns)   --->   "%gmem2_3_addr_resp = writeresp i1 @_ssdm_op_WriteResp.m_axi.i64P1A, i64 %gmem2_3_addr" [kernel.cpp:24]   --->   Operation 1023 'writeresp' 'gmem2_3_addr_resp' <Predicate = true> <Delay = 3.65> <CoreInst = "m_axi">   --->   Core 119 'm_axi' <Latency = 3> <II = 1> <Delay = 1.00> <Adapter> <Opcode : 'read' 'write' 'readreq' 'writereq' 'writeresp'>

State 98 <SV = 97> <Delay = 3.65>
ST_98 : Operation 1024 [48/68] (3.65ns)   --->   "%gmem2_0_addr_resp = writeresp i1 @_ssdm_op_WriteResp.m_axi.i64P1A, i64 %gmem2_0_addr" [kernel.cpp:24]   --->   Operation 1024 'writeresp' 'gmem2_0_addr_resp' <Predicate = true> <Delay = 3.65> <CoreInst = "m_axi">   --->   Core 119 'm_axi' <Latency = 3> <II = 1> <Delay = 1.00> <Adapter> <Opcode : 'read' 'write' 'readreq' 'writereq' 'writeresp'>
ST_98 : Operation 1025 [48/68] (3.65ns)   --->   "%gmem2_1_addr_resp = writeresp i1 @_ssdm_op_WriteResp.m_axi.i64P1A, i64 %gmem2_1_addr" [kernel.cpp:24]   --->   Operation 1025 'writeresp' 'gmem2_1_addr_resp' <Predicate = true> <Delay = 3.65> <CoreInst = "m_axi">   --->   Core 119 'm_axi' <Latency = 3> <II = 1> <Delay = 1.00> <Adapter> <Opcode : 'read' 'write' 'readreq' 'writereq' 'writeresp'>
ST_98 : Operation 1026 [48/68] (3.65ns)   --->   "%gmem2_2_addr_resp = writeresp i1 @_ssdm_op_WriteResp.m_axi.i64P1A, i64 %gmem2_2_addr" [kernel.cpp:24]   --->   Operation 1026 'writeresp' 'gmem2_2_addr_resp' <Predicate = true> <Delay = 3.65> <CoreInst = "m_axi">   --->   Core 119 'm_axi' <Latency = 3> <II = 1> <Delay = 1.00> <Adapter> <Opcode : 'read' 'write' 'readreq' 'writereq' 'writeresp'>
ST_98 : Operation 1027 [48/68] (3.65ns)   --->   "%gmem2_3_addr_resp = writeresp i1 @_ssdm_op_WriteResp.m_axi.i64P1A, i64 %gmem2_3_addr" [kernel.cpp:24]   --->   Operation 1027 'writeresp' 'gmem2_3_addr_resp' <Predicate = true> <Delay = 3.65> <CoreInst = "m_axi">   --->   Core 119 'm_axi' <Latency = 3> <II = 1> <Delay = 1.00> <Adapter> <Opcode : 'read' 'write' 'readreq' 'writereq' 'writeresp'>

State 99 <SV = 98> <Delay = 3.65>
ST_99 : Operation 1028 [47/68] (3.65ns)   --->   "%gmem2_0_addr_resp = writeresp i1 @_ssdm_op_WriteResp.m_axi.i64P1A, i64 %gmem2_0_addr" [kernel.cpp:24]   --->   Operation 1028 'writeresp' 'gmem2_0_addr_resp' <Predicate = true> <Delay = 3.65> <CoreInst = "m_axi">   --->   Core 119 'm_axi' <Latency = 3> <II = 1> <Delay = 1.00> <Adapter> <Opcode : 'read' 'write' 'readreq' 'writereq' 'writeresp'>
ST_99 : Operation 1029 [47/68] (3.65ns)   --->   "%gmem2_1_addr_resp = writeresp i1 @_ssdm_op_WriteResp.m_axi.i64P1A, i64 %gmem2_1_addr" [kernel.cpp:24]   --->   Operation 1029 'writeresp' 'gmem2_1_addr_resp' <Predicate = true> <Delay = 3.65> <CoreInst = "m_axi">   --->   Core 119 'm_axi' <Latency = 3> <II = 1> <Delay = 1.00> <Adapter> <Opcode : 'read' 'write' 'readreq' 'writereq' 'writeresp'>
ST_99 : Operation 1030 [47/68] (3.65ns)   --->   "%gmem2_2_addr_resp = writeresp i1 @_ssdm_op_WriteResp.m_axi.i64P1A, i64 %gmem2_2_addr" [kernel.cpp:24]   --->   Operation 1030 'writeresp' 'gmem2_2_addr_resp' <Predicate = true> <Delay = 3.65> <CoreInst = "m_axi">   --->   Core 119 'm_axi' <Latency = 3> <II = 1> <Delay = 1.00> <Adapter> <Opcode : 'read' 'write' 'readreq' 'writereq' 'writeresp'>
ST_99 : Operation 1031 [47/68] (3.65ns)   --->   "%gmem2_3_addr_resp = writeresp i1 @_ssdm_op_WriteResp.m_axi.i64P1A, i64 %gmem2_3_addr" [kernel.cpp:24]   --->   Operation 1031 'writeresp' 'gmem2_3_addr_resp' <Predicate = true> <Delay = 3.65> <CoreInst = "m_axi">   --->   Core 119 'm_axi' <Latency = 3> <II = 1> <Delay = 1.00> <Adapter> <Opcode : 'read' 'write' 'readreq' 'writereq' 'writeresp'>

State 100 <SV = 99> <Delay = 3.65>
ST_100 : Operation 1032 [46/68] (3.65ns)   --->   "%gmem2_0_addr_resp = writeresp i1 @_ssdm_op_WriteResp.m_axi.i64P1A, i64 %gmem2_0_addr" [kernel.cpp:24]   --->   Operation 1032 'writeresp' 'gmem2_0_addr_resp' <Predicate = true> <Delay = 3.65> <CoreInst = "m_axi">   --->   Core 119 'm_axi' <Latency = 3> <II = 1> <Delay = 1.00> <Adapter> <Opcode : 'read' 'write' 'readreq' 'writereq' 'writeresp'>
ST_100 : Operation 1033 [46/68] (3.65ns)   --->   "%gmem2_1_addr_resp = writeresp i1 @_ssdm_op_WriteResp.m_axi.i64P1A, i64 %gmem2_1_addr" [kernel.cpp:24]   --->   Operation 1033 'writeresp' 'gmem2_1_addr_resp' <Predicate = true> <Delay = 3.65> <CoreInst = "m_axi">   --->   Core 119 'm_axi' <Latency = 3> <II = 1> <Delay = 1.00> <Adapter> <Opcode : 'read' 'write' 'readreq' 'writereq' 'writeresp'>
ST_100 : Operation 1034 [46/68] (3.65ns)   --->   "%gmem2_2_addr_resp = writeresp i1 @_ssdm_op_WriteResp.m_axi.i64P1A, i64 %gmem2_2_addr" [kernel.cpp:24]   --->   Operation 1034 'writeresp' 'gmem2_2_addr_resp' <Predicate = true> <Delay = 3.65> <CoreInst = "m_axi">   --->   Core 119 'm_axi' <Latency = 3> <II = 1> <Delay = 1.00> <Adapter> <Opcode : 'read' 'write' 'readreq' 'writereq' 'writeresp'>
ST_100 : Operation 1035 [46/68] (3.65ns)   --->   "%gmem2_3_addr_resp = writeresp i1 @_ssdm_op_WriteResp.m_axi.i64P1A, i64 %gmem2_3_addr" [kernel.cpp:24]   --->   Operation 1035 'writeresp' 'gmem2_3_addr_resp' <Predicate = true> <Delay = 3.65> <CoreInst = "m_axi">   --->   Core 119 'm_axi' <Latency = 3> <II = 1> <Delay = 1.00> <Adapter> <Opcode : 'read' 'write' 'readreq' 'writereq' 'writeresp'>

State 101 <SV = 100> <Delay = 3.65>
ST_101 : Operation 1036 [45/68] (3.65ns)   --->   "%gmem2_0_addr_resp = writeresp i1 @_ssdm_op_WriteResp.m_axi.i64P1A, i64 %gmem2_0_addr" [kernel.cpp:24]   --->   Operation 1036 'writeresp' 'gmem2_0_addr_resp' <Predicate = true> <Delay = 3.65> <CoreInst = "m_axi">   --->   Core 119 'm_axi' <Latency = 3> <II = 1> <Delay = 1.00> <Adapter> <Opcode : 'read' 'write' 'readreq' 'writereq' 'writeresp'>
ST_101 : Operation 1037 [45/68] (3.65ns)   --->   "%gmem2_1_addr_resp = writeresp i1 @_ssdm_op_WriteResp.m_axi.i64P1A, i64 %gmem2_1_addr" [kernel.cpp:24]   --->   Operation 1037 'writeresp' 'gmem2_1_addr_resp' <Predicate = true> <Delay = 3.65> <CoreInst = "m_axi">   --->   Core 119 'm_axi' <Latency = 3> <II = 1> <Delay = 1.00> <Adapter> <Opcode : 'read' 'write' 'readreq' 'writereq' 'writeresp'>
ST_101 : Operation 1038 [45/68] (3.65ns)   --->   "%gmem2_2_addr_resp = writeresp i1 @_ssdm_op_WriteResp.m_axi.i64P1A, i64 %gmem2_2_addr" [kernel.cpp:24]   --->   Operation 1038 'writeresp' 'gmem2_2_addr_resp' <Predicate = true> <Delay = 3.65> <CoreInst = "m_axi">   --->   Core 119 'm_axi' <Latency = 3> <II = 1> <Delay = 1.00> <Adapter> <Opcode : 'read' 'write' 'readreq' 'writereq' 'writeresp'>
ST_101 : Operation 1039 [45/68] (3.65ns)   --->   "%gmem2_3_addr_resp = writeresp i1 @_ssdm_op_WriteResp.m_axi.i64P1A, i64 %gmem2_3_addr" [kernel.cpp:24]   --->   Operation 1039 'writeresp' 'gmem2_3_addr_resp' <Predicate = true> <Delay = 3.65> <CoreInst = "m_axi">   --->   Core 119 'm_axi' <Latency = 3> <II = 1> <Delay = 1.00> <Adapter> <Opcode : 'read' 'write' 'readreq' 'writereq' 'writeresp'>

State 102 <SV = 101> <Delay = 3.65>
ST_102 : Operation 1040 [44/68] (3.65ns)   --->   "%gmem2_0_addr_resp = writeresp i1 @_ssdm_op_WriteResp.m_axi.i64P1A, i64 %gmem2_0_addr" [kernel.cpp:24]   --->   Operation 1040 'writeresp' 'gmem2_0_addr_resp' <Predicate = true> <Delay = 3.65> <CoreInst = "m_axi">   --->   Core 119 'm_axi' <Latency = 3> <II = 1> <Delay = 1.00> <Adapter> <Opcode : 'read' 'write' 'readreq' 'writereq' 'writeresp'>
ST_102 : Operation 1041 [44/68] (3.65ns)   --->   "%gmem2_1_addr_resp = writeresp i1 @_ssdm_op_WriteResp.m_axi.i64P1A, i64 %gmem2_1_addr" [kernel.cpp:24]   --->   Operation 1041 'writeresp' 'gmem2_1_addr_resp' <Predicate = true> <Delay = 3.65> <CoreInst = "m_axi">   --->   Core 119 'm_axi' <Latency = 3> <II = 1> <Delay = 1.00> <Adapter> <Opcode : 'read' 'write' 'readreq' 'writereq' 'writeresp'>
ST_102 : Operation 1042 [44/68] (3.65ns)   --->   "%gmem2_2_addr_resp = writeresp i1 @_ssdm_op_WriteResp.m_axi.i64P1A, i64 %gmem2_2_addr" [kernel.cpp:24]   --->   Operation 1042 'writeresp' 'gmem2_2_addr_resp' <Predicate = true> <Delay = 3.65> <CoreInst = "m_axi">   --->   Core 119 'm_axi' <Latency = 3> <II = 1> <Delay = 1.00> <Adapter> <Opcode : 'read' 'write' 'readreq' 'writereq' 'writeresp'>
ST_102 : Operation 1043 [44/68] (3.65ns)   --->   "%gmem2_3_addr_resp = writeresp i1 @_ssdm_op_WriteResp.m_axi.i64P1A, i64 %gmem2_3_addr" [kernel.cpp:24]   --->   Operation 1043 'writeresp' 'gmem2_3_addr_resp' <Predicate = true> <Delay = 3.65> <CoreInst = "m_axi">   --->   Core 119 'm_axi' <Latency = 3> <II = 1> <Delay = 1.00> <Adapter> <Opcode : 'read' 'write' 'readreq' 'writereq' 'writeresp'>

State 103 <SV = 102> <Delay = 3.65>
ST_103 : Operation 1044 [43/68] (3.65ns)   --->   "%gmem2_0_addr_resp = writeresp i1 @_ssdm_op_WriteResp.m_axi.i64P1A, i64 %gmem2_0_addr" [kernel.cpp:24]   --->   Operation 1044 'writeresp' 'gmem2_0_addr_resp' <Predicate = true> <Delay = 3.65> <CoreInst = "m_axi">   --->   Core 119 'm_axi' <Latency = 3> <II = 1> <Delay = 1.00> <Adapter> <Opcode : 'read' 'write' 'readreq' 'writereq' 'writeresp'>
ST_103 : Operation 1045 [43/68] (3.65ns)   --->   "%gmem2_1_addr_resp = writeresp i1 @_ssdm_op_WriteResp.m_axi.i64P1A, i64 %gmem2_1_addr" [kernel.cpp:24]   --->   Operation 1045 'writeresp' 'gmem2_1_addr_resp' <Predicate = true> <Delay = 3.65> <CoreInst = "m_axi">   --->   Core 119 'm_axi' <Latency = 3> <II = 1> <Delay = 1.00> <Adapter> <Opcode : 'read' 'write' 'readreq' 'writereq' 'writeresp'>
ST_103 : Operation 1046 [43/68] (3.65ns)   --->   "%gmem2_2_addr_resp = writeresp i1 @_ssdm_op_WriteResp.m_axi.i64P1A, i64 %gmem2_2_addr" [kernel.cpp:24]   --->   Operation 1046 'writeresp' 'gmem2_2_addr_resp' <Predicate = true> <Delay = 3.65> <CoreInst = "m_axi">   --->   Core 119 'm_axi' <Latency = 3> <II = 1> <Delay = 1.00> <Adapter> <Opcode : 'read' 'write' 'readreq' 'writereq' 'writeresp'>
ST_103 : Operation 1047 [43/68] (3.65ns)   --->   "%gmem2_3_addr_resp = writeresp i1 @_ssdm_op_WriteResp.m_axi.i64P1A, i64 %gmem2_3_addr" [kernel.cpp:24]   --->   Operation 1047 'writeresp' 'gmem2_3_addr_resp' <Predicate = true> <Delay = 3.65> <CoreInst = "m_axi">   --->   Core 119 'm_axi' <Latency = 3> <II = 1> <Delay = 1.00> <Adapter> <Opcode : 'read' 'write' 'readreq' 'writereq' 'writeresp'>

State 104 <SV = 103> <Delay = 3.65>
ST_104 : Operation 1048 [42/68] (3.65ns)   --->   "%gmem2_0_addr_resp = writeresp i1 @_ssdm_op_WriteResp.m_axi.i64P1A, i64 %gmem2_0_addr" [kernel.cpp:24]   --->   Operation 1048 'writeresp' 'gmem2_0_addr_resp' <Predicate = true> <Delay = 3.65> <CoreInst = "m_axi">   --->   Core 119 'm_axi' <Latency = 3> <II = 1> <Delay = 1.00> <Adapter> <Opcode : 'read' 'write' 'readreq' 'writereq' 'writeresp'>
ST_104 : Operation 1049 [42/68] (3.65ns)   --->   "%gmem2_1_addr_resp = writeresp i1 @_ssdm_op_WriteResp.m_axi.i64P1A, i64 %gmem2_1_addr" [kernel.cpp:24]   --->   Operation 1049 'writeresp' 'gmem2_1_addr_resp' <Predicate = true> <Delay = 3.65> <CoreInst = "m_axi">   --->   Core 119 'm_axi' <Latency = 3> <II = 1> <Delay = 1.00> <Adapter> <Opcode : 'read' 'write' 'readreq' 'writereq' 'writeresp'>
ST_104 : Operation 1050 [42/68] (3.65ns)   --->   "%gmem2_2_addr_resp = writeresp i1 @_ssdm_op_WriteResp.m_axi.i64P1A, i64 %gmem2_2_addr" [kernel.cpp:24]   --->   Operation 1050 'writeresp' 'gmem2_2_addr_resp' <Predicate = true> <Delay = 3.65> <CoreInst = "m_axi">   --->   Core 119 'm_axi' <Latency = 3> <II = 1> <Delay = 1.00> <Adapter> <Opcode : 'read' 'write' 'readreq' 'writereq' 'writeresp'>
ST_104 : Operation 1051 [42/68] (3.65ns)   --->   "%gmem2_3_addr_resp = writeresp i1 @_ssdm_op_WriteResp.m_axi.i64P1A, i64 %gmem2_3_addr" [kernel.cpp:24]   --->   Operation 1051 'writeresp' 'gmem2_3_addr_resp' <Predicate = true> <Delay = 3.65> <CoreInst = "m_axi">   --->   Core 119 'm_axi' <Latency = 3> <II = 1> <Delay = 1.00> <Adapter> <Opcode : 'read' 'write' 'readreq' 'writereq' 'writeresp'>

State 105 <SV = 104> <Delay = 3.65>
ST_105 : Operation 1052 [41/68] (3.65ns)   --->   "%gmem2_0_addr_resp = writeresp i1 @_ssdm_op_WriteResp.m_axi.i64P1A, i64 %gmem2_0_addr" [kernel.cpp:24]   --->   Operation 1052 'writeresp' 'gmem2_0_addr_resp' <Predicate = true> <Delay = 3.65> <CoreInst = "m_axi">   --->   Core 119 'm_axi' <Latency = 3> <II = 1> <Delay = 1.00> <Adapter> <Opcode : 'read' 'write' 'readreq' 'writereq' 'writeresp'>
ST_105 : Operation 1053 [41/68] (3.65ns)   --->   "%gmem2_1_addr_resp = writeresp i1 @_ssdm_op_WriteResp.m_axi.i64P1A, i64 %gmem2_1_addr" [kernel.cpp:24]   --->   Operation 1053 'writeresp' 'gmem2_1_addr_resp' <Predicate = true> <Delay = 3.65> <CoreInst = "m_axi">   --->   Core 119 'm_axi' <Latency = 3> <II = 1> <Delay = 1.00> <Adapter> <Opcode : 'read' 'write' 'readreq' 'writereq' 'writeresp'>
ST_105 : Operation 1054 [41/68] (3.65ns)   --->   "%gmem2_2_addr_resp = writeresp i1 @_ssdm_op_WriteResp.m_axi.i64P1A, i64 %gmem2_2_addr" [kernel.cpp:24]   --->   Operation 1054 'writeresp' 'gmem2_2_addr_resp' <Predicate = true> <Delay = 3.65> <CoreInst = "m_axi">   --->   Core 119 'm_axi' <Latency = 3> <II = 1> <Delay = 1.00> <Adapter> <Opcode : 'read' 'write' 'readreq' 'writereq' 'writeresp'>
ST_105 : Operation 1055 [41/68] (3.65ns)   --->   "%gmem2_3_addr_resp = writeresp i1 @_ssdm_op_WriteResp.m_axi.i64P1A, i64 %gmem2_3_addr" [kernel.cpp:24]   --->   Operation 1055 'writeresp' 'gmem2_3_addr_resp' <Predicate = true> <Delay = 3.65> <CoreInst = "m_axi">   --->   Core 119 'm_axi' <Latency = 3> <II = 1> <Delay = 1.00> <Adapter> <Opcode : 'read' 'write' 'readreq' 'writereq' 'writeresp'>

State 106 <SV = 105> <Delay = 3.65>
ST_106 : Operation 1056 [40/68] (3.65ns)   --->   "%gmem2_0_addr_resp = writeresp i1 @_ssdm_op_WriteResp.m_axi.i64P1A, i64 %gmem2_0_addr" [kernel.cpp:24]   --->   Operation 1056 'writeresp' 'gmem2_0_addr_resp' <Predicate = true> <Delay = 3.65> <CoreInst = "m_axi">   --->   Core 119 'm_axi' <Latency = 3> <II = 1> <Delay = 1.00> <Adapter> <Opcode : 'read' 'write' 'readreq' 'writereq' 'writeresp'>
ST_106 : Operation 1057 [40/68] (3.65ns)   --->   "%gmem2_1_addr_resp = writeresp i1 @_ssdm_op_WriteResp.m_axi.i64P1A, i64 %gmem2_1_addr" [kernel.cpp:24]   --->   Operation 1057 'writeresp' 'gmem2_1_addr_resp' <Predicate = true> <Delay = 3.65> <CoreInst = "m_axi">   --->   Core 119 'm_axi' <Latency = 3> <II = 1> <Delay = 1.00> <Adapter> <Opcode : 'read' 'write' 'readreq' 'writereq' 'writeresp'>
ST_106 : Operation 1058 [40/68] (3.65ns)   --->   "%gmem2_2_addr_resp = writeresp i1 @_ssdm_op_WriteResp.m_axi.i64P1A, i64 %gmem2_2_addr" [kernel.cpp:24]   --->   Operation 1058 'writeresp' 'gmem2_2_addr_resp' <Predicate = true> <Delay = 3.65> <CoreInst = "m_axi">   --->   Core 119 'm_axi' <Latency = 3> <II = 1> <Delay = 1.00> <Adapter> <Opcode : 'read' 'write' 'readreq' 'writereq' 'writeresp'>
ST_106 : Operation 1059 [40/68] (3.65ns)   --->   "%gmem2_3_addr_resp = writeresp i1 @_ssdm_op_WriteResp.m_axi.i64P1A, i64 %gmem2_3_addr" [kernel.cpp:24]   --->   Operation 1059 'writeresp' 'gmem2_3_addr_resp' <Predicate = true> <Delay = 3.65> <CoreInst = "m_axi">   --->   Core 119 'm_axi' <Latency = 3> <II = 1> <Delay = 1.00> <Adapter> <Opcode : 'read' 'write' 'readreq' 'writereq' 'writeresp'>

State 107 <SV = 106> <Delay = 3.65>
ST_107 : Operation 1060 [39/68] (3.65ns)   --->   "%gmem2_0_addr_resp = writeresp i1 @_ssdm_op_WriteResp.m_axi.i64P1A, i64 %gmem2_0_addr" [kernel.cpp:24]   --->   Operation 1060 'writeresp' 'gmem2_0_addr_resp' <Predicate = true> <Delay = 3.65> <CoreInst = "m_axi">   --->   Core 119 'm_axi' <Latency = 3> <II = 1> <Delay = 1.00> <Adapter> <Opcode : 'read' 'write' 'readreq' 'writereq' 'writeresp'>
ST_107 : Operation 1061 [39/68] (3.65ns)   --->   "%gmem2_1_addr_resp = writeresp i1 @_ssdm_op_WriteResp.m_axi.i64P1A, i64 %gmem2_1_addr" [kernel.cpp:24]   --->   Operation 1061 'writeresp' 'gmem2_1_addr_resp' <Predicate = true> <Delay = 3.65> <CoreInst = "m_axi">   --->   Core 119 'm_axi' <Latency = 3> <II = 1> <Delay = 1.00> <Adapter> <Opcode : 'read' 'write' 'readreq' 'writereq' 'writeresp'>
ST_107 : Operation 1062 [39/68] (3.65ns)   --->   "%gmem2_2_addr_resp = writeresp i1 @_ssdm_op_WriteResp.m_axi.i64P1A, i64 %gmem2_2_addr" [kernel.cpp:24]   --->   Operation 1062 'writeresp' 'gmem2_2_addr_resp' <Predicate = true> <Delay = 3.65> <CoreInst = "m_axi">   --->   Core 119 'm_axi' <Latency = 3> <II = 1> <Delay = 1.00> <Adapter> <Opcode : 'read' 'write' 'readreq' 'writereq' 'writeresp'>
ST_107 : Operation 1063 [39/68] (3.65ns)   --->   "%gmem2_3_addr_resp = writeresp i1 @_ssdm_op_WriteResp.m_axi.i64P1A, i64 %gmem2_3_addr" [kernel.cpp:24]   --->   Operation 1063 'writeresp' 'gmem2_3_addr_resp' <Predicate = true> <Delay = 3.65> <CoreInst = "m_axi">   --->   Core 119 'm_axi' <Latency = 3> <II = 1> <Delay = 1.00> <Adapter> <Opcode : 'read' 'write' 'readreq' 'writereq' 'writeresp'>

State 108 <SV = 107> <Delay = 3.65>
ST_108 : Operation 1064 [38/68] (3.65ns)   --->   "%gmem2_0_addr_resp = writeresp i1 @_ssdm_op_WriteResp.m_axi.i64P1A, i64 %gmem2_0_addr" [kernel.cpp:24]   --->   Operation 1064 'writeresp' 'gmem2_0_addr_resp' <Predicate = true> <Delay = 3.65> <CoreInst = "m_axi">   --->   Core 119 'm_axi' <Latency = 3> <II = 1> <Delay = 1.00> <Adapter> <Opcode : 'read' 'write' 'readreq' 'writereq' 'writeresp'>
ST_108 : Operation 1065 [38/68] (3.65ns)   --->   "%gmem2_1_addr_resp = writeresp i1 @_ssdm_op_WriteResp.m_axi.i64P1A, i64 %gmem2_1_addr" [kernel.cpp:24]   --->   Operation 1065 'writeresp' 'gmem2_1_addr_resp' <Predicate = true> <Delay = 3.65> <CoreInst = "m_axi">   --->   Core 119 'm_axi' <Latency = 3> <II = 1> <Delay = 1.00> <Adapter> <Opcode : 'read' 'write' 'readreq' 'writereq' 'writeresp'>
ST_108 : Operation 1066 [38/68] (3.65ns)   --->   "%gmem2_2_addr_resp = writeresp i1 @_ssdm_op_WriteResp.m_axi.i64P1A, i64 %gmem2_2_addr" [kernel.cpp:24]   --->   Operation 1066 'writeresp' 'gmem2_2_addr_resp' <Predicate = true> <Delay = 3.65> <CoreInst = "m_axi">   --->   Core 119 'm_axi' <Latency = 3> <II = 1> <Delay = 1.00> <Adapter> <Opcode : 'read' 'write' 'readreq' 'writereq' 'writeresp'>
ST_108 : Operation 1067 [38/68] (3.65ns)   --->   "%gmem2_3_addr_resp = writeresp i1 @_ssdm_op_WriteResp.m_axi.i64P1A, i64 %gmem2_3_addr" [kernel.cpp:24]   --->   Operation 1067 'writeresp' 'gmem2_3_addr_resp' <Predicate = true> <Delay = 3.65> <CoreInst = "m_axi">   --->   Core 119 'm_axi' <Latency = 3> <II = 1> <Delay = 1.00> <Adapter> <Opcode : 'read' 'write' 'readreq' 'writereq' 'writeresp'>

State 109 <SV = 108> <Delay = 3.65>
ST_109 : Operation 1068 [37/68] (3.65ns)   --->   "%gmem2_0_addr_resp = writeresp i1 @_ssdm_op_WriteResp.m_axi.i64P1A, i64 %gmem2_0_addr" [kernel.cpp:24]   --->   Operation 1068 'writeresp' 'gmem2_0_addr_resp' <Predicate = true> <Delay = 3.65> <CoreInst = "m_axi">   --->   Core 119 'm_axi' <Latency = 3> <II = 1> <Delay = 1.00> <Adapter> <Opcode : 'read' 'write' 'readreq' 'writereq' 'writeresp'>
ST_109 : Operation 1069 [37/68] (3.65ns)   --->   "%gmem2_1_addr_resp = writeresp i1 @_ssdm_op_WriteResp.m_axi.i64P1A, i64 %gmem2_1_addr" [kernel.cpp:24]   --->   Operation 1069 'writeresp' 'gmem2_1_addr_resp' <Predicate = true> <Delay = 3.65> <CoreInst = "m_axi">   --->   Core 119 'm_axi' <Latency = 3> <II = 1> <Delay = 1.00> <Adapter> <Opcode : 'read' 'write' 'readreq' 'writereq' 'writeresp'>
ST_109 : Operation 1070 [37/68] (3.65ns)   --->   "%gmem2_2_addr_resp = writeresp i1 @_ssdm_op_WriteResp.m_axi.i64P1A, i64 %gmem2_2_addr" [kernel.cpp:24]   --->   Operation 1070 'writeresp' 'gmem2_2_addr_resp' <Predicate = true> <Delay = 3.65> <CoreInst = "m_axi">   --->   Core 119 'm_axi' <Latency = 3> <II = 1> <Delay = 1.00> <Adapter> <Opcode : 'read' 'write' 'readreq' 'writereq' 'writeresp'>
ST_109 : Operation 1071 [37/68] (3.65ns)   --->   "%gmem2_3_addr_resp = writeresp i1 @_ssdm_op_WriteResp.m_axi.i64P1A, i64 %gmem2_3_addr" [kernel.cpp:24]   --->   Operation 1071 'writeresp' 'gmem2_3_addr_resp' <Predicate = true> <Delay = 3.65> <CoreInst = "m_axi">   --->   Core 119 'm_axi' <Latency = 3> <II = 1> <Delay = 1.00> <Adapter> <Opcode : 'read' 'write' 'readreq' 'writereq' 'writeresp'>

State 110 <SV = 109> <Delay = 3.65>
ST_110 : Operation 1072 [36/68] (3.65ns)   --->   "%gmem2_0_addr_resp = writeresp i1 @_ssdm_op_WriteResp.m_axi.i64P1A, i64 %gmem2_0_addr" [kernel.cpp:24]   --->   Operation 1072 'writeresp' 'gmem2_0_addr_resp' <Predicate = true> <Delay = 3.65> <CoreInst = "m_axi">   --->   Core 119 'm_axi' <Latency = 3> <II = 1> <Delay = 1.00> <Adapter> <Opcode : 'read' 'write' 'readreq' 'writereq' 'writeresp'>
ST_110 : Operation 1073 [36/68] (3.65ns)   --->   "%gmem2_1_addr_resp = writeresp i1 @_ssdm_op_WriteResp.m_axi.i64P1A, i64 %gmem2_1_addr" [kernel.cpp:24]   --->   Operation 1073 'writeresp' 'gmem2_1_addr_resp' <Predicate = true> <Delay = 3.65> <CoreInst = "m_axi">   --->   Core 119 'm_axi' <Latency = 3> <II = 1> <Delay = 1.00> <Adapter> <Opcode : 'read' 'write' 'readreq' 'writereq' 'writeresp'>
ST_110 : Operation 1074 [36/68] (3.65ns)   --->   "%gmem2_2_addr_resp = writeresp i1 @_ssdm_op_WriteResp.m_axi.i64P1A, i64 %gmem2_2_addr" [kernel.cpp:24]   --->   Operation 1074 'writeresp' 'gmem2_2_addr_resp' <Predicate = true> <Delay = 3.65> <CoreInst = "m_axi">   --->   Core 119 'm_axi' <Latency = 3> <II = 1> <Delay = 1.00> <Adapter> <Opcode : 'read' 'write' 'readreq' 'writereq' 'writeresp'>
ST_110 : Operation 1075 [36/68] (3.65ns)   --->   "%gmem2_3_addr_resp = writeresp i1 @_ssdm_op_WriteResp.m_axi.i64P1A, i64 %gmem2_3_addr" [kernel.cpp:24]   --->   Operation 1075 'writeresp' 'gmem2_3_addr_resp' <Predicate = true> <Delay = 3.65> <CoreInst = "m_axi">   --->   Core 119 'm_axi' <Latency = 3> <II = 1> <Delay = 1.00> <Adapter> <Opcode : 'read' 'write' 'readreq' 'writereq' 'writeresp'>

State 111 <SV = 110> <Delay = 3.65>
ST_111 : Operation 1076 [35/68] (3.65ns)   --->   "%gmem2_0_addr_resp = writeresp i1 @_ssdm_op_WriteResp.m_axi.i64P1A, i64 %gmem2_0_addr" [kernel.cpp:24]   --->   Operation 1076 'writeresp' 'gmem2_0_addr_resp' <Predicate = true> <Delay = 3.65> <CoreInst = "m_axi">   --->   Core 119 'm_axi' <Latency = 3> <II = 1> <Delay = 1.00> <Adapter> <Opcode : 'read' 'write' 'readreq' 'writereq' 'writeresp'>
ST_111 : Operation 1077 [35/68] (3.65ns)   --->   "%gmem2_1_addr_resp = writeresp i1 @_ssdm_op_WriteResp.m_axi.i64P1A, i64 %gmem2_1_addr" [kernel.cpp:24]   --->   Operation 1077 'writeresp' 'gmem2_1_addr_resp' <Predicate = true> <Delay = 3.65> <CoreInst = "m_axi">   --->   Core 119 'm_axi' <Latency = 3> <II = 1> <Delay = 1.00> <Adapter> <Opcode : 'read' 'write' 'readreq' 'writereq' 'writeresp'>
ST_111 : Operation 1078 [35/68] (3.65ns)   --->   "%gmem2_2_addr_resp = writeresp i1 @_ssdm_op_WriteResp.m_axi.i64P1A, i64 %gmem2_2_addr" [kernel.cpp:24]   --->   Operation 1078 'writeresp' 'gmem2_2_addr_resp' <Predicate = true> <Delay = 3.65> <CoreInst = "m_axi">   --->   Core 119 'm_axi' <Latency = 3> <II = 1> <Delay = 1.00> <Adapter> <Opcode : 'read' 'write' 'readreq' 'writereq' 'writeresp'>
ST_111 : Operation 1079 [35/68] (3.65ns)   --->   "%gmem2_3_addr_resp = writeresp i1 @_ssdm_op_WriteResp.m_axi.i64P1A, i64 %gmem2_3_addr" [kernel.cpp:24]   --->   Operation 1079 'writeresp' 'gmem2_3_addr_resp' <Predicate = true> <Delay = 3.65> <CoreInst = "m_axi">   --->   Core 119 'm_axi' <Latency = 3> <II = 1> <Delay = 1.00> <Adapter> <Opcode : 'read' 'write' 'readreq' 'writereq' 'writeresp'>

State 112 <SV = 111> <Delay = 3.65>
ST_112 : Operation 1080 [34/68] (3.65ns)   --->   "%gmem2_0_addr_resp = writeresp i1 @_ssdm_op_WriteResp.m_axi.i64P1A, i64 %gmem2_0_addr" [kernel.cpp:24]   --->   Operation 1080 'writeresp' 'gmem2_0_addr_resp' <Predicate = true> <Delay = 3.65> <CoreInst = "m_axi">   --->   Core 119 'm_axi' <Latency = 3> <II = 1> <Delay = 1.00> <Adapter> <Opcode : 'read' 'write' 'readreq' 'writereq' 'writeresp'>
ST_112 : Operation 1081 [34/68] (3.65ns)   --->   "%gmem2_1_addr_resp = writeresp i1 @_ssdm_op_WriteResp.m_axi.i64P1A, i64 %gmem2_1_addr" [kernel.cpp:24]   --->   Operation 1081 'writeresp' 'gmem2_1_addr_resp' <Predicate = true> <Delay = 3.65> <CoreInst = "m_axi">   --->   Core 119 'm_axi' <Latency = 3> <II = 1> <Delay = 1.00> <Adapter> <Opcode : 'read' 'write' 'readreq' 'writereq' 'writeresp'>
ST_112 : Operation 1082 [34/68] (3.65ns)   --->   "%gmem2_2_addr_resp = writeresp i1 @_ssdm_op_WriteResp.m_axi.i64P1A, i64 %gmem2_2_addr" [kernel.cpp:24]   --->   Operation 1082 'writeresp' 'gmem2_2_addr_resp' <Predicate = true> <Delay = 3.65> <CoreInst = "m_axi">   --->   Core 119 'm_axi' <Latency = 3> <II = 1> <Delay = 1.00> <Adapter> <Opcode : 'read' 'write' 'readreq' 'writereq' 'writeresp'>
ST_112 : Operation 1083 [34/68] (3.65ns)   --->   "%gmem2_3_addr_resp = writeresp i1 @_ssdm_op_WriteResp.m_axi.i64P1A, i64 %gmem2_3_addr" [kernel.cpp:24]   --->   Operation 1083 'writeresp' 'gmem2_3_addr_resp' <Predicate = true> <Delay = 3.65> <CoreInst = "m_axi">   --->   Core 119 'm_axi' <Latency = 3> <II = 1> <Delay = 1.00> <Adapter> <Opcode : 'read' 'write' 'readreq' 'writereq' 'writeresp'>

State 113 <SV = 112> <Delay = 3.65>
ST_113 : Operation 1084 [33/68] (3.65ns)   --->   "%gmem2_0_addr_resp = writeresp i1 @_ssdm_op_WriteResp.m_axi.i64P1A, i64 %gmem2_0_addr" [kernel.cpp:24]   --->   Operation 1084 'writeresp' 'gmem2_0_addr_resp' <Predicate = true> <Delay = 3.65> <CoreInst = "m_axi">   --->   Core 119 'm_axi' <Latency = 3> <II = 1> <Delay = 1.00> <Adapter> <Opcode : 'read' 'write' 'readreq' 'writereq' 'writeresp'>
ST_113 : Operation 1085 [33/68] (3.65ns)   --->   "%gmem2_1_addr_resp = writeresp i1 @_ssdm_op_WriteResp.m_axi.i64P1A, i64 %gmem2_1_addr" [kernel.cpp:24]   --->   Operation 1085 'writeresp' 'gmem2_1_addr_resp' <Predicate = true> <Delay = 3.65> <CoreInst = "m_axi">   --->   Core 119 'm_axi' <Latency = 3> <II = 1> <Delay = 1.00> <Adapter> <Opcode : 'read' 'write' 'readreq' 'writereq' 'writeresp'>
ST_113 : Operation 1086 [33/68] (3.65ns)   --->   "%gmem2_2_addr_resp = writeresp i1 @_ssdm_op_WriteResp.m_axi.i64P1A, i64 %gmem2_2_addr" [kernel.cpp:24]   --->   Operation 1086 'writeresp' 'gmem2_2_addr_resp' <Predicate = true> <Delay = 3.65> <CoreInst = "m_axi">   --->   Core 119 'm_axi' <Latency = 3> <II = 1> <Delay = 1.00> <Adapter> <Opcode : 'read' 'write' 'readreq' 'writereq' 'writeresp'>
ST_113 : Operation 1087 [33/68] (3.65ns)   --->   "%gmem2_3_addr_resp = writeresp i1 @_ssdm_op_WriteResp.m_axi.i64P1A, i64 %gmem2_3_addr" [kernel.cpp:24]   --->   Operation 1087 'writeresp' 'gmem2_3_addr_resp' <Predicate = true> <Delay = 3.65> <CoreInst = "m_axi">   --->   Core 119 'm_axi' <Latency = 3> <II = 1> <Delay = 1.00> <Adapter> <Opcode : 'read' 'write' 'readreq' 'writereq' 'writeresp'>

State 114 <SV = 113> <Delay = 3.65>
ST_114 : Operation 1088 [32/68] (3.65ns)   --->   "%gmem2_0_addr_resp = writeresp i1 @_ssdm_op_WriteResp.m_axi.i64P1A, i64 %gmem2_0_addr" [kernel.cpp:24]   --->   Operation 1088 'writeresp' 'gmem2_0_addr_resp' <Predicate = true> <Delay = 3.65> <CoreInst = "m_axi">   --->   Core 119 'm_axi' <Latency = 3> <II = 1> <Delay = 1.00> <Adapter> <Opcode : 'read' 'write' 'readreq' 'writereq' 'writeresp'>
ST_114 : Operation 1089 [32/68] (3.65ns)   --->   "%gmem2_1_addr_resp = writeresp i1 @_ssdm_op_WriteResp.m_axi.i64P1A, i64 %gmem2_1_addr" [kernel.cpp:24]   --->   Operation 1089 'writeresp' 'gmem2_1_addr_resp' <Predicate = true> <Delay = 3.65> <CoreInst = "m_axi">   --->   Core 119 'm_axi' <Latency = 3> <II = 1> <Delay = 1.00> <Adapter> <Opcode : 'read' 'write' 'readreq' 'writereq' 'writeresp'>
ST_114 : Operation 1090 [32/68] (3.65ns)   --->   "%gmem2_2_addr_resp = writeresp i1 @_ssdm_op_WriteResp.m_axi.i64P1A, i64 %gmem2_2_addr" [kernel.cpp:24]   --->   Operation 1090 'writeresp' 'gmem2_2_addr_resp' <Predicate = true> <Delay = 3.65> <CoreInst = "m_axi">   --->   Core 119 'm_axi' <Latency = 3> <II = 1> <Delay = 1.00> <Adapter> <Opcode : 'read' 'write' 'readreq' 'writereq' 'writeresp'>
ST_114 : Operation 1091 [32/68] (3.65ns)   --->   "%gmem2_3_addr_resp = writeresp i1 @_ssdm_op_WriteResp.m_axi.i64P1A, i64 %gmem2_3_addr" [kernel.cpp:24]   --->   Operation 1091 'writeresp' 'gmem2_3_addr_resp' <Predicate = true> <Delay = 3.65> <CoreInst = "m_axi">   --->   Core 119 'm_axi' <Latency = 3> <II = 1> <Delay = 1.00> <Adapter> <Opcode : 'read' 'write' 'readreq' 'writereq' 'writeresp'>

State 115 <SV = 114> <Delay = 3.65>
ST_115 : Operation 1092 [31/68] (3.65ns)   --->   "%gmem2_0_addr_resp = writeresp i1 @_ssdm_op_WriteResp.m_axi.i64P1A, i64 %gmem2_0_addr" [kernel.cpp:24]   --->   Operation 1092 'writeresp' 'gmem2_0_addr_resp' <Predicate = true> <Delay = 3.65> <CoreInst = "m_axi">   --->   Core 119 'm_axi' <Latency = 3> <II = 1> <Delay = 1.00> <Adapter> <Opcode : 'read' 'write' 'readreq' 'writereq' 'writeresp'>
ST_115 : Operation 1093 [31/68] (3.65ns)   --->   "%gmem2_1_addr_resp = writeresp i1 @_ssdm_op_WriteResp.m_axi.i64P1A, i64 %gmem2_1_addr" [kernel.cpp:24]   --->   Operation 1093 'writeresp' 'gmem2_1_addr_resp' <Predicate = true> <Delay = 3.65> <CoreInst = "m_axi">   --->   Core 119 'm_axi' <Latency = 3> <II = 1> <Delay = 1.00> <Adapter> <Opcode : 'read' 'write' 'readreq' 'writereq' 'writeresp'>
ST_115 : Operation 1094 [31/68] (3.65ns)   --->   "%gmem2_2_addr_resp = writeresp i1 @_ssdm_op_WriteResp.m_axi.i64P1A, i64 %gmem2_2_addr" [kernel.cpp:24]   --->   Operation 1094 'writeresp' 'gmem2_2_addr_resp' <Predicate = true> <Delay = 3.65> <CoreInst = "m_axi">   --->   Core 119 'm_axi' <Latency = 3> <II = 1> <Delay = 1.00> <Adapter> <Opcode : 'read' 'write' 'readreq' 'writereq' 'writeresp'>
ST_115 : Operation 1095 [31/68] (3.65ns)   --->   "%gmem2_3_addr_resp = writeresp i1 @_ssdm_op_WriteResp.m_axi.i64P1A, i64 %gmem2_3_addr" [kernel.cpp:24]   --->   Operation 1095 'writeresp' 'gmem2_3_addr_resp' <Predicate = true> <Delay = 3.65> <CoreInst = "m_axi">   --->   Core 119 'm_axi' <Latency = 3> <II = 1> <Delay = 1.00> <Adapter> <Opcode : 'read' 'write' 'readreq' 'writereq' 'writeresp'>

State 116 <SV = 115> <Delay = 3.65>
ST_116 : Operation 1096 [30/68] (3.65ns)   --->   "%gmem2_0_addr_resp = writeresp i1 @_ssdm_op_WriteResp.m_axi.i64P1A, i64 %gmem2_0_addr" [kernel.cpp:24]   --->   Operation 1096 'writeresp' 'gmem2_0_addr_resp' <Predicate = true> <Delay = 3.65> <CoreInst = "m_axi">   --->   Core 119 'm_axi' <Latency = 3> <II = 1> <Delay = 1.00> <Adapter> <Opcode : 'read' 'write' 'readreq' 'writereq' 'writeresp'>
ST_116 : Operation 1097 [30/68] (3.65ns)   --->   "%gmem2_1_addr_resp = writeresp i1 @_ssdm_op_WriteResp.m_axi.i64P1A, i64 %gmem2_1_addr" [kernel.cpp:24]   --->   Operation 1097 'writeresp' 'gmem2_1_addr_resp' <Predicate = true> <Delay = 3.65> <CoreInst = "m_axi">   --->   Core 119 'm_axi' <Latency = 3> <II = 1> <Delay = 1.00> <Adapter> <Opcode : 'read' 'write' 'readreq' 'writereq' 'writeresp'>
ST_116 : Operation 1098 [30/68] (3.65ns)   --->   "%gmem2_2_addr_resp = writeresp i1 @_ssdm_op_WriteResp.m_axi.i64P1A, i64 %gmem2_2_addr" [kernel.cpp:24]   --->   Operation 1098 'writeresp' 'gmem2_2_addr_resp' <Predicate = true> <Delay = 3.65> <CoreInst = "m_axi">   --->   Core 119 'm_axi' <Latency = 3> <II = 1> <Delay = 1.00> <Adapter> <Opcode : 'read' 'write' 'readreq' 'writereq' 'writeresp'>
ST_116 : Operation 1099 [30/68] (3.65ns)   --->   "%gmem2_3_addr_resp = writeresp i1 @_ssdm_op_WriteResp.m_axi.i64P1A, i64 %gmem2_3_addr" [kernel.cpp:24]   --->   Operation 1099 'writeresp' 'gmem2_3_addr_resp' <Predicate = true> <Delay = 3.65> <CoreInst = "m_axi">   --->   Core 119 'm_axi' <Latency = 3> <II = 1> <Delay = 1.00> <Adapter> <Opcode : 'read' 'write' 'readreq' 'writereq' 'writeresp'>

State 117 <SV = 116> <Delay = 3.65>
ST_117 : Operation 1100 [29/68] (3.65ns)   --->   "%gmem2_0_addr_resp = writeresp i1 @_ssdm_op_WriteResp.m_axi.i64P1A, i64 %gmem2_0_addr" [kernel.cpp:24]   --->   Operation 1100 'writeresp' 'gmem2_0_addr_resp' <Predicate = true> <Delay = 3.65> <CoreInst = "m_axi">   --->   Core 119 'm_axi' <Latency = 3> <II = 1> <Delay = 1.00> <Adapter> <Opcode : 'read' 'write' 'readreq' 'writereq' 'writeresp'>
ST_117 : Operation 1101 [29/68] (3.65ns)   --->   "%gmem2_1_addr_resp = writeresp i1 @_ssdm_op_WriteResp.m_axi.i64P1A, i64 %gmem2_1_addr" [kernel.cpp:24]   --->   Operation 1101 'writeresp' 'gmem2_1_addr_resp' <Predicate = true> <Delay = 3.65> <CoreInst = "m_axi">   --->   Core 119 'm_axi' <Latency = 3> <II = 1> <Delay = 1.00> <Adapter> <Opcode : 'read' 'write' 'readreq' 'writereq' 'writeresp'>
ST_117 : Operation 1102 [29/68] (3.65ns)   --->   "%gmem2_2_addr_resp = writeresp i1 @_ssdm_op_WriteResp.m_axi.i64P1A, i64 %gmem2_2_addr" [kernel.cpp:24]   --->   Operation 1102 'writeresp' 'gmem2_2_addr_resp' <Predicate = true> <Delay = 3.65> <CoreInst = "m_axi">   --->   Core 119 'm_axi' <Latency = 3> <II = 1> <Delay = 1.00> <Adapter> <Opcode : 'read' 'write' 'readreq' 'writereq' 'writeresp'>
ST_117 : Operation 1103 [29/68] (3.65ns)   --->   "%gmem2_3_addr_resp = writeresp i1 @_ssdm_op_WriteResp.m_axi.i64P1A, i64 %gmem2_3_addr" [kernel.cpp:24]   --->   Operation 1103 'writeresp' 'gmem2_3_addr_resp' <Predicate = true> <Delay = 3.65> <CoreInst = "m_axi">   --->   Core 119 'm_axi' <Latency = 3> <II = 1> <Delay = 1.00> <Adapter> <Opcode : 'read' 'write' 'readreq' 'writereq' 'writeresp'>

State 118 <SV = 117> <Delay = 3.65>
ST_118 : Operation 1104 [28/68] (3.65ns)   --->   "%gmem2_0_addr_resp = writeresp i1 @_ssdm_op_WriteResp.m_axi.i64P1A, i64 %gmem2_0_addr" [kernel.cpp:24]   --->   Operation 1104 'writeresp' 'gmem2_0_addr_resp' <Predicate = true> <Delay = 3.65> <CoreInst = "m_axi">   --->   Core 119 'm_axi' <Latency = 3> <II = 1> <Delay = 1.00> <Adapter> <Opcode : 'read' 'write' 'readreq' 'writereq' 'writeresp'>
ST_118 : Operation 1105 [28/68] (3.65ns)   --->   "%gmem2_1_addr_resp = writeresp i1 @_ssdm_op_WriteResp.m_axi.i64P1A, i64 %gmem2_1_addr" [kernel.cpp:24]   --->   Operation 1105 'writeresp' 'gmem2_1_addr_resp' <Predicate = true> <Delay = 3.65> <CoreInst = "m_axi">   --->   Core 119 'm_axi' <Latency = 3> <II = 1> <Delay = 1.00> <Adapter> <Opcode : 'read' 'write' 'readreq' 'writereq' 'writeresp'>
ST_118 : Operation 1106 [28/68] (3.65ns)   --->   "%gmem2_2_addr_resp = writeresp i1 @_ssdm_op_WriteResp.m_axi.i64P1A, i64 %gmem2_2_addr" [kernel.cpp:24]   --->   Operation 1106 'writeresp' 'gmem2_2_addr_resp' <Predicate = true> <Delay = 3.65> <CoreInst = "m_axi">   --->   Core 119 'm_axi' <Latency = 3> <II = 1> <Delay = 1.00> <Adapter> <Opcode : 'read' 'write' 'readreq' 'writereq' 'writeresp'>
ST_118 : Operation 1107 [28/68] (3.65ns)   --->   "%gmem2_3_addr_resp = writeresp i1 @_ssdm_op_WriteResp.m_axi.i64P1A, i64 %gmem2_3_addr" [kernel.cpp:24]   --->   Operation 1107 'writeresp' 'gmem2_3_addr_resp' <Predicate = true> <Delay = 3.65> <CoreInst = "m_axi">   --->   Core 119 'm_axi' <Latency = 3> <II = 1> <Delay = 1.00> <Adapter> <Opcode : 'read' 'write' 'readreq' 'writereq' 'writeresp'>

State 119 <SV = 118> <Delay = 3.65>
ST_119 : Operation 1108 [27/68] (3.65ns)   --->   "%gmem2_0_addr_resp = writeresp i1 @_ssdm_op_WriteResp.m_axi.i64P1A, i64 %gmem2_0_addr" [kernel.cpp:24]   --->   Operation 1108 'writeresp' 'gmem2_0_addr_resp' <Predicate = true> <Delay = 3.65> <CoreInst = "m_axi">   --->   Core 119 'm_axi' <Latency = 3> <II = 1> <Delay = 1.00> <Adapter> <Opcode : 'read' 'write' 'readreq' 'writereq' 'writeresp'>
ST_119 : Operation 1109 [27/68] (3.65ns)   --->   "%gmem2_1_addr_resp = writeresp i1 @_ssdm_op_WriteResp.m_axi.i64P1A, i64 %gmem2_1_addr" [kernel.cpp:24]   --->   Operation 1109 'writeresp' 'gmem2_1_addr_resp' <Predicate = true> <Delay = 3.65> <CoreInst = "m_axi">   --->   Core 119 'm_axi' <Latency = 3> <II = 1> <Delay = 1.00> <Adapter> <Opcode : 'read' 'write' 'readreq' 'writereq' 'writeresp'>
ST_119 : Operation 1110 [27/68] (3.65ns)   --->   "%gmem2_2_addr_resp = writeresp i1 @_ssdm_op_WriteResp.m_axi.i64P1A, i64 %gmem2_2_addr" [kernel.cpp:24]   --->   Operation 1110 'writeresp' 'gmem2_2_addr_resp' <Predicate = true> <Delay = 3.65> <CoreInst = "m_axi">   --->   Core 119 'm_axi' <Latency = 3> <II = 1> <Delay = 1.00> <Adapter> <Opcode : 'read' 'write' 'readreq' 'writereq' 'writeresp'>
ST_119 : Operation 1111 [27/68] (3.65ns)   --->   "%gmem2_3_addr_resp = writeresp i1 @_ssdm_op_WriteResp.m_axi.i64P1A, i64 %gmem2_3_addr" [kernel.cpp:24]   --->   Operation 1111 'writeresp' 'gmem2_3_addr_resp' <Predicate = true> <Delay = 3.65> <CoreInst = "m_axi">   --->   Core 119 'm_axi' <Latency = 3> <II = 1> <Delay = 1.00> <Adapter> <Opcode : 'read' 'write' 'readreq' 'writereq' 'writeresp'>

State 120 <SV = 119> <Delay = 3.65>
ST_120 : Operation 1112 [26/68] (3.65ns)   --->   "%gmem2_0_addr_resp = writeresp i1 @_ssdm_op_WriteResp.m_axi.i64P1A, i64 %gmem2_0_addr" [kernel.cpp:24]   --->   Operation 1112 'writeresp' 'gmem2_0_addr_resp' <Predicate = true> <Delay = 3.65> <CoreInst = "m_axi">   --->   Core 119 'm_axi' <Latency = 3> <II = 1> <Delay = 1.00> <Adapter> <Opcode : 'read' 'write' 'readreq' 'writereq' 'writeresp'>
ST_120 : Operation 1113 [26/68] (3.65ns)   --->   "%gmem2_1_addr_resp = writeresp i1 @_ssdm_op_WriteResp.m_axi.i64P1A, i64 %gmem2_1_addr" [kernel.cpp:24]   --->   Operation 1113 'writeresp' 'gmem2_1_addr_resp' <Predicate = true> <Delay = 3.65> <CoreInst = "m_axi">   --->   Core 119 'm_axi' <Latency = 3> <II = 1> <Delay = 1.00> <Adapter> <Opcode : 'read' 'write' 'readreq' 'writereq' 'writeresp'>
ST_120 : Operation 1114 [26/68] (3.65ns)   --->   "%gmem2_2_addr_resp = writeresp i1 @_ssdm_op_WriteResp.m_axi.i64P1A, i64 %gmem2_2_addr" [kernel.cpp:24]   --->   Operation 1114 'writeresp' 'gmem2_2_addr_resp' <Predicate = true> <Delay = 3.65> <CoreInst = "m_axi">   --->   Core 119 'm_axi' <Latency = 3> <II = 1> <Delay = 1.00> <Adapter> <Opcode : 'read' 'write' 'readreq' 'writereq' 'writeresp'>
ST_120 : Operation 1115 [26/68] (3.65ns)   --->   "%gmem2_3_addr_resp = writeresp i1 @_ssdm_op_WriteResp.m_axi.i64P1A, i64 %gmem2_3_addr" [kernel.cpp:24]   --->   Operation 1115 'writeresp' 'gmem2_3_addr_resp' <Predicate = true> <Delay = 3.65> <CoreInst = "m_axi">   --->   Core 119 'm_axi' <Latency = 3> <II = 1> <Delay = 1.00> <Adapter> <Opcode : 'read' 'write' 'readreq' 'writereq' 'writeresp'>

State 121 <SV = 120> <Delay = 3.65>
ST_121 : Operation 1116 [25/68] (3.65ns)   --->   "%gmem2_0_addr_resp = writeresp i1 @_ssdm_op_WriteResp.m_axi.i64P1A, i64 %gmem2_0_addr" [kernel.cpp:24]   --->   Operation 1116 'writeresp' 'gmem2_0_addr_resp' <Predicate = true> <Delay = 3.65> <CoreInst = "m_axi">   --->   Core 119 'm_axi' <Latency = 3> <II = 1> <Delay = 1.00> <Adapter> <Opcode : 'read' 'write' 'readreq' 'writereq' 'writeresp'>
ST_121 : Operation 1117 [25/68] (3.65ns)   --->   "%gmem2_1_addr_resp = writeresp i1 @_ssdm_op_WriteResp.m_axi.i64P1A, i64 %gmem2_1_addr" [kernel.cpp:24]   --->   Operation 1117 'writeresp' 'gmem2_1_addr_resp' <Predicate = true> <Delay = 3.65> <CoreInst = "m_axi">   --->   Core 119 'm_axi' <Latency = 3> <II = 1> <Delay = 1.00> <Adapter> <Opcode : 'read' 'write' 'readreq' 'writereq' 'writeresp'>
ST_121 : Operation 1118 [25/68] (3.65ns)   --->   "%gmem2_2_addr_resp = writeresp i1 @_ssdm_op_WriteResp.m_axi.i64P1A, i64 %gmem2_2_addr" [kernel.cpp:24]   --->   Operation 1118 'writeresp' 'gmem2_2_addr_resp' <Predicate = true> <Delay = 3.65> <CoreInst = "m_axi">   --->   Core 119 'm_axi' <Latency = 3> <II = 1> <Delay = 1.00> <Adapter> <Opcode : 'read' 'write' 'readreq' 'writereq' 'writeresp'>
ST_121 : Operation 1119 [25/68] (3.65ns)   --->   "%gmem2_3_addr_resp = writeresp i1 @_ssdm_op_WriteResp.m_axi.i64P1A, i64 %gmem2_3_addr" [kernel.cpp:24]   --->   Operation 1119 'writeresp' 'gmem2_3_addr_resp' <Predicate = true> <Delay = 3.65> <CoreInst = "m_axi">   --->   Core 119 'm_axi' <Latency = 3> <II = 1> <Delay = 1.00> <Adapter> <Opcode : 'read' 'write' 'readreq' 'writereq' 'writeresp'>

State 122 <SV = 121> <Delay = 3.65>
ST_122 : Operation 1120 [24/68] (3.65ns)   --->   "%gmem2_0_addr_resp = writeresp i1 @_ssdm_op_WriteResp.m_axi.i64P1A, i64 %gmem2_0_addr" [kernel.cpp:24]   --->   Operation 1120 'writeresp' 'gmem2_0_addr_resp' <Predicate = true> <Delay = 3.65> <CoreInst = "m_axi">   --->   Core 119 'm_axi' <Latency = 3> <II = 1> <Delay = 1.00> <Adapter> <Opcode : 'read' 'write' 'readreq' 'writereq' 'writeresp'>
ST_122 : Operation 1121 [24/68] (3.65ns)   --->   "%gmem2_1_addr_resp = writeresp i1 @_ssdm_op_WriteResp.m_axi.i64P1A, i64 %gmem2_1_addr" [kernel.cpp:24]   --->   Operation 1121 'writeresp' 'gmem2_1_addr_resp' <Predicate = true> <Delay = 3.65> <CoreInst = "m_axi">   --->   Core 119 'm_axi' <Latency = 3> <II = 1> <Delay = 1.00> <Adapter> <Opcode : 'read' 'write' 'readreq' 'writereq' 'writeresp'>
ST_122 : Operation 1122 [24/68] (3.65ns)   --->   "%gmem2_2_addr_resp = writeresp i1 @_ssdm_op_WriteResp.m_axi.i64P1A, i64 %gmem2_2_addr" [kernel.cpp:24]   --->   Operation 1122 'writeresp' 'gmem2_2_addr_resp' <Predicate = true> <Delay = 3.65> <CoreInst = "m_axi">   --->   Core 119 'm_axi' <Latency = 3> <II = 1> <Delay = 1.00> <Adapter> <Opcode : 'read' 'write' 'readreq' 'writereq' 'writeresp'>
ST_122 : Operation 1123 [24/68] (3.65ns)   --->   "%gmem2_3_addr_resp = writeresp i1 @_ssdm_op_WriteResp.m_axi.i64P1A, i64 %gmem2_3_addr" [kernel.cpp:24]   --->   Operation 1123 'writeresp' 'gmem2_3_addr_resp' <Predicate = true> <Delay = 3.65> <CoreInst = "m_axi">   --->   Core 119 'm_axi' <Latency = 3> <II = 1> <Delay = 1.00> <Adapter> <Opcode : 'read' 'write' 'readreq' 'writereq' 'writeresp'>

State 123 <SV = 122> <Delay = 3.65>
ST_123 : Operation 1124 [23/68] (3.65ns)   --->   "%gmem2_0_addr_resp = writeresp i1 @_ssdm_op_WriteResp.m_axi.i64P1A, i64 %gmem2_0_addr" [kernel.cpp:24]   --->   Operation 1124 'writeresp' 'gmem2_0_addr_resp' <Predicate = true> <Delay = 3.65> <CoreInst = "m_axi">   --->   Core 119 'm_axi' <Latency = 3> <II = 1> <Delay = 1.00> <Adapter> <Opcode : 'read' 'write' 'readreq' 'writereq' 'writeresp'>
ST_123 : Operation 1125 [23/68] (3.65ns)   --->   "%gmem2_1_addr_resp = writeresp i1 @_ssdm_op_WriteResp.m_axi.i64P1A, i64 %gmem2_1_addr" [kernel.cpp:24]   --->   Operation 1125 'writeresp' 'gmem2_1_addr_resp' <Predicate = true> <Delay = 3.65> <CoreInst = "m_axi">   --->   Core 119 'm_axi' <Latency = 3> <II = 1> <Delay = 1.00> <Adapter> <Opcode : 'read' 'write' 'readreq' 'writereq' 'writeresp'>
ST_123 : Operation 1126 [23/68] (3.65ns)   --->   "%gmem2_2_addr_resp = writeresp i1 @_ssdm_op_WriteResp.m_axi.i64P1A, i64 %gmem2_2_addr" [kernel.cpp:24]   --->   Operation 1126 'writeresp' 'gmem2_2_addr_resp' <Predicate = true> <Delay = 3.65> <CoreInst = "m_axi">   --->   Core 119 'm_axi' <Latency = 3> <II = 1> <Delay = 1.00> <Adapter> <Opcode : 'read' 'write' 'readreq' 'writereq' 'writeresp'>
ST_123 : Operation 1127 [23/68] (3.65ns)   --->   "%gmem2_3_addr_resp = writeresp i1 @_ssdm_op_WriteResp.m_axi.i64P1A, i64 %gmem2_3_addr" [kernel.cpp:24]   --->   Operation 1127 'writeresp' 'gmem2_3_addr_resp' <Predicate = true> <Delay = 3.65> <CoreInst = "m_axi">   --->   Core 119 'm_axi' <Latency = 3> <II = 1> <Delay = 1.00> <Adapter> <Opcode : 'read' 'write' 'readreq' 'writereq' 'writeresp'>

State 124 <SV = 123> <Delay = 3.65>
ST_124 : Operation 1128 [22/68] (3.65ns)   --->   "%gmem2_0_addr_resp = writeresp i1 @_ssdm_op_WriteResp.m_axi.i64P1A, i64 %gmem2_0_addr" [kernel.cpp:24]   --->   Operation 1128 'writeresp' 'gmem2_0_addr_resp' <Predicate = true> <Delay = 3.65> <CoreInst = "m_axi">   --->   Core 119 'm_axi' <Latency = 3> <II = 1> <Delay = 1.00> <Adapter> <Opcode : 'read' 'write' 'readreq' 'writereq' 'writeresp'>
ST_124 : Operation 1129 [22/68] (3.65ns)   --->   "%gmem2_1_addr_resp = writeresp i1 @_ssdm_op_WriteResp.m_axi.i64P1A, i64 %gmem2_1_addr" [kernel.cpp:24]   --->   Operation 1129 'writeresp' 'gmem2_1_addr_resp' <Predicate = true> <Delay = 3.65> <CoreInst = "m_axi">   --->   Core 119 'm_axi' <Latency = 3> <II = 1> <Delay = 1.00> <Adapter> <Opcode : 'read' 'write' 'readreq' 'writereq' 'writeresp'>
ST_124 : Operation 1130 [22/68] (3.65ns)   --->   "%gmem2_2_addr_resp = writeresp i1 @_ssdm_op_WriteResp.m_axi.i64P1A, i64 %gmem2_2_addr" [kernel.cpp:24]   --->   Operation 1130 'writeresp' 'gmem2_2_addr_resp' <Predicate = true> <Delay = 3.65> <CoreInst = "m_axi">   --->   Core 119 'm_axi' <Latency = 3> <II = 1> <Delay = 1.00> <Adapter> <Opcode : 'read' 'write' 'readreq' 'writereq' 'writeresp'>
ST_124 : Operation 1131 [22/68] (3.65ns)   --->   "%gmem2_3_addr_resp = writeresp i1 @_ssdm_op_WriteResp.m_axi.i64P1A, i64 %gmem2_3_addr" [kernel.cpp:24]   --->   Operation 1131 'writeresp' 'gmem2_3_addr_resp' <Predicate = true> <Delay = 3.65> <CoreInst = "m_axi">   --->   Core 119 'm_axi' <Latency = 3> <II = 1> <Delay = 1.00> <Adapter> <Opcode : 'read' 'write' 'readreq' 'writereq' 'writeresp'>

State 125 <SV = 124> <Delay = 3.65>
ST_125 : Operation 1132 [21/68] (3.65ns)   --->   "%gmem2_0_addr_resp = writeresp i1 @_ssdm_op_WriteResp.m_axi.i64P1A, i64 %gmem2_0_addr" [kernel.cpp:24]   --->   Operation 1132 'writeresp' 'gmem2_0_addr_resp' <Predicate = true> <Delay = 3.65> <CoreInst = "m_axi">   --->   Core 119 'm_axi' <Latency = 3> <II = 1> <Delay = 1.00> <Adapter> <Opcode : 'read' 'write' 'readreq' 'writereq' 'writeresp'>
ST_125 : Operation 1133 [21/68] (3.65ns)   --->   "%gmem2_1_addr_resp = writeresp i1 @_ssdm_op_WriteResp.m_axi.i64P1A, i64 %gmem2_1_addr" [kernel.cpp:24]   --->   Operation 1133 'writeresp' 'gmem2_1_addr_resp' <Predicate = true> <Delay = 3.65> <CoreInst = "m_axi">   --->   Core 119 'm_axi' <Latency = 3> <II = 1> <Delay = 1.00> <Adapter> <Opcode : 'read' 'write' 'readreq' 'writereq' 'writeresp'>
ST_125 : Operation 1134 [21/68] (3.65ns)   --->   "%gmem2_2_addr_resp = writeresp i1 @_ssdm_op_WriteResp.m_axi.i64P1A, i64 %gmem2_2_addr" [kernel.cpp:24]   --->   Operation 1134 'writeresp' 'gmem2_2_addr_resp' <Predicate = true> <Delay = 3.65> <CoreInst = "m_axi">   --->   Core 119 'm_axi' <Latency = 3> <II = 1> <Delay = 1.00> <Adapter> <Opcode : 'read' 'write' 'readreq' 'writereq' 'writeresp'>
ST_125 : Operation 1135 [21/68] (3.65ns)   --->   "%gmem2_3_addr_resp = writeresp i1 @_ssdm_op_WriteResp.m_axi.i64P1A, i64 %gmem2_3_addr" [kernel.cpp:24]   --->   Operation 1135 'writeresp' 'gmem2_3_addr_resp' <Predicate = true> <Delay = 3.65> <CoreInst = "m_axi">   --->   Core 119 'm_axi' <Latency = 3> <II = 1> <Delay = 1.00> <Adapter> <Opcode : 'read' 'write' 'readreq' 'writereq' 'writeresp'>

State 126 <SV = 125> <Delay = 3.65>
ST_126 : Operation 1136 [20/68] (3.65ns)   --->   "%gmem2_0_addr_resp = writeresp i1 @_ssdm_op_WriteResp.m_axi.i64P1A, i64 %gmem2_0_addr" [kernel.cpp:24]   --->   Operation 1136 'writeresp' 'gmem2_0_addr_resp' <Predicate = true> <Delay = 3.65> <CoreInst = "m_axi">   --->   Core 119 'm_axi' <Latency = 3> <II = 1> <Delay = 1.00> <Adapter> <Opcode : 'read' 'write' 'readreq' 'writereq' 'writeresp'>
ST_126 : Operation 1137 [20/68] (3.65ns)   --->   "%gmem2_1_addr_resp = writeresp i1 @_ssdm_op_WriteResp.m_axi.i64P1A, i64 %gmem2_1_addr" [kernel.cpp:24]   --->   Operation 1137 'writeresp' 'gmem2_1_addr_resp' <Predicate = true> <Delay = 3.65> <CoreInst = "m_axi">   --->   Core 119 'm_axi' <Latency = 3> <II = 1> <Delay = 1.00> <Adapter> <Opcode : 'read' 'write' 'readreq' 'writereq' 'writeresp'>
ST_126 : Operation 1138 [20/68] (3.65ns)   --->   "%gmem2_2_addr_resp = writeresp i1 @_ssdm_op_WriteResp.m_axi.i64P1A, i64 %gmem2_2_addr" [kernel.cpp:24]   --->   Operation 1138 'writeresp' 'gmem2_2_addr_resp' <Predicate = true> <Delay = 3.65> <CoreInst = "m_axi">   --->   Core 119 'm_axi' <Latency = 3> <II = 1> <Delay = 1.00> <Adapter> <Opcode : 'read' 'write' 'readreq' 'writereq' 'writeresp'>
ST_126 : Operation 1139 [20/68] (3.65ns)   --->   "%gmem2_3_addr_resp = writeresp i1 @_ssdm_op_WriteResp.m_axi.i64P1A, i64 %gmem2_3_addr" [kernel.cpp:24]   --->   Operation 1139 'writeresp' 'gmem2_3_addr_resp' <Predicate = true> <Delay = 3.65> <CoreInst = "m_axi">   --->   Core 119 'm_axi' <Latency = 3> <II = 1> <Delay = 1.00> <Adapter> <Opcode : 'read' 'write' 'readreq' 'writereq' 'writeresp'>

State 127 <SV = 126> <Delay = 3.65>
ST_127 : Operation 1140 [19/68] (3.65ns)   --->   "%gmem2_0_addr_resp = writeresp i1 @_ssdm_op_WriteResp.m_axi.i64P1A, i64 %gmem2_0_addr" [kernel.cpp:24]   --->   Operation 1140 'writeresp' 'gmem2_0_addr_resp' <Predicate = true> <Delay = 3.65> <CoreInst = "m_axi">   --->   Core 119 'm_axi' <Latency = 3> <II = 1> <Delay = 1.00> <Adapter> <Opcode : 'read' 'write' 'readreq' 'writereq' 'writeresp'>
ST_127 : Operation 1141 [19/68] (3.65ns)   --->   "%gmem2_1_addr_resp = writeresp i1 @_ssdm_op_WriteResp.m_axi.i64P1A, i64 %gmem2_1_addr" [kernel.cpp:24]   --->   Operation 1141 'writeresp' 'gmem2_1_addr_resp' <Predicate = true> <Delay = 3.65> <CoreInst = "m_axi">   --->   Core 119 'm_axi' <Latency = 3> <II = 1> <Delay = 1.00> <Adapter> <Opcode : 'read' 'write' 'readreq' 'writereq' 'writeresp'>
ST_127 : Operation 1142 [19/68] (3.65ns)   --->   "%gmem2_2_addr_resp = writeresp i1 @_ssdm_op_WriteResp.m_axi.i64P1A, i64 %gmem2_2_addr" [kernel.cpp:24]   --->   Operation 1142 'writeresp' 'gmem2_2_addr_resp' <Predicate = true> <Delay = 3.65> <CoreInst = "m_axi">   --->   Core 119 'm_axi' <Latency = 3> <II = 1> <Delay = 1.00> <Adapter> <Opcode : 'read' 'write' 'readreq' 'writereq' 'writeresp'>
ST_127 : Operation 1143 [19/68] (3.65ns)   --->   "%gmem2_3_addr_resp = writeresp i1 @_ssdm_op_WriteResp.m_axi.i64P1A, i64 %gmem2_3_addr" [kernel.cpp:24]   --->   Operation 1143 'writeresp' 'gmem2_3_addr_resp' <Predicate = true> <Delay = 3.65> <CoreInst = "m_axi">   --->   Core 119 'm_axi' <Latency = 3> <II = 1> <Delay = 1.00> <Adapter> <Opcode : 'read' 'write' 'readreq' 'writereq' 'writeresp'>

State 128 <SV = 127> <Delay = 3.65>
ST_128 : Operation 1144 [18/68] (3.65ns)   --->   "%gmem2_0_addr_resp = writeresp i1 @_ssdm_op_WriteResp.m_axi.i64P1A, i64 %gmem2_0_addr" [kernel.cpp:24]   --->   Operation 1144 'writeresp' 'gmem2_0_addr_resp' <Predicate = true> <Delay = 3.65> <CoreInst = "m_axi">   --->   Core 119 'm_axi' <Latency = 3> <II = 1> <Delay = 1.00> <Adapter> <Opcode : 'read' 'write' 'readreq' 'writereq' 'writeresp'>
ST_128 : Operation 1145 [18/68] (3.65ns)   --->   "%gmem2_1_addr_resp = writeresp i1 @_ssdm_op_WriteResp.m_axi.i64P1A, i64 %gmem2_1_addr" [kernel.cpp:24]   --->   Operation 1145 'writeresp' 'gmem2_1_addr_resp' <Predicate = true> <Delay = 3.65> <CoreInst = "m_axi">   --->   Core 119 'm_axi' <Latency = 3> <II = 1> <Delay = 1.00> <Adapter> <Opcode : 'read' 'write' 'readreq' 'writereq' 'writeresp'>
ST_128 : Operation 1146 [18/68] (3.65ns)   --->   "%gmem2_2_addr_resp = writeresp i1 @_ssdm_op_WriteResp.m_axi.i64P1A, i64 %gmem2_2_addr" [kernel.cpp:24]   --->   Operation 1146 'writeresp' 'gmem2_2_addr_resp' <Predicate = true> <Delay = 3.65> <CoreInst = "m_axi">   --->   Core 119 'm_axi' <Latency = 3> <II = 1> <Delay = 1.00> <Adapter> <Opcode : 'read' 'write' 'readreq' 'writereq' 'writeresp'>
ST_128 : Operation 1147 [18/68] (3.65ns)   --->   "%gmem2_3_addr_resp = writeresp i1 @_ssdm_op_WriteResp.m_axi.i64P1A, i64 %gmem2_3_addr" [kernel.cpp:24]   --->   Operation 1147 'writeresp' 'gmem2_3_addr_resp' <Predicate = true> <Delay = 3.65> <CoreInst = "m_axi">   --->   Core 119 'm_axi' <Latency = 3> <II = 1> <Delay = 1.00> <Adapter> <Opcode : 'read' 'write' 'readreq' 'writereq' 'writeresp'>

State 129 <SV = 128> <Delay = 3.65>
ST_129 : Operation 1148 [17/68] (3.65ns)   --->   "%gmem2_0_addr_resp = writeresp i1 @_ssdm_op_WriteResp.m_axi.i64P1A, i64 %gmem2_0_addr" [kernel.cpp:24]   --->   Operation 1148 'writeresp' 'gmem2_0_addr_resp' <Predicate = true> <Delay = 3.65> <CoreInst = "m_axi">   --->   Core 119 'm_axi' <Latency = 3> <II = 1> <Delay = 1.00> <Adapter> <Opcode : 'read' 'write' 'readreq' 'writereq' 'writeresp'>
ST_129 : Operation 1149 [17/68] (3.65ns)   --->   "%gmem2_1_addr_resp = writeresp i1 @_ssdm_op_WriteResp.m_axi.i64P1A, i64 %gmem2_1_addr" [kernel.cpp:24]   --->   Operation 1149 'writeresp' 'gmem2_1_addr_resp' <Predicate = true> <Delay = 3.65> <CoreInst = "m_axi">   --->   Core 119 'm_axi' <Latency = 3> <II = 1> <Delay = 1.00> <Adapter> <Opcode : 'read' 'write' 'readreq' 'writereq' 'writeresp'>
ST_129 : Operation 1150 [17/68] (3.65ns)   --->   "%gmem2_2_addr_resp = writeresp i1 @_ssdm_op_WriteResp.m_axi.i64P1A, i64 %gmem2_2_addr" [kernel.cpp:24]   --->   Operation 1150 'writeresp' 'gmem2_2_addr_resp' <Predicate = true> <Delay = 3.65> <CoreInst = "m_axi">   --->   Core 119 'm_axi' <Latency = 3> <II = 1> <Delay = 1.00> <Adapter> <Opcode : 'read' 'write' 'readreq' 'writereq' 'writeresp'>
ST_129 : Operation 1151 [17/68] (3.65ns)   --->   "%gmem2_3_addr_resp = writeresp i1 @_ssdm_op_WriteResp.m_axi.i64P1A, i64 %gmem2_3_addr" [kernel.cpp:24]   --->   Operation 1151 'writeresp' 'gmem2_3_addr_resp' <Predicate = true> <Delay = 3.65> <CoreInst = "m_axi">   --->   Core 119 'm_axi' <Latency = 3> <II = 1> <Delay = 1.00> <Adapter> <Opcode : 'read' 'write' 'readreq' 'writereq' 'writeresp'>

State 130 <SV = 129> <Delay = 3.65>
ST_130 : Operation 1152 [16/68] (3.65ns)   --->   "%gmem2_0_addr_resp = writeresp i1 @_ssdm_op_WriteResp.m_axi.i64P1A, i64 %gmem2_0_addr" [kernel.cpp:24]   --->   Operation 1152 'writeresp' 'gmem2_0_addr_resp' <Predicate = true> <Delay = 3.65> <CoreInst = "m_axi">   --->   Core 119 'm_axi' <Latency = 3> <II = 1> <Delay = 1.00> <Adapter> <Opcode : 'read' 'write' 'readreq' 'writereq' 'writeresp'>
ST_130 : Operation 1153 [16/68] (3.65ns)   --->   "%gmem2_1_addr_resp = writeresp i1 @_ssdm_op_WriteResp.m_axi.i64P1A, i64 %gmem2_1_addr" [kernel.cpp:24]   --->   Operation 1153 'writeresp' 'gmem2_1_addr_resp' <Predicate = true> <Delay = 3.65> <CoreInst = "m_axi">   --->   Core 119 'm_axi' <Latency = 3> <II = 1> <Delay = 1.00> <Adapter> <Opcode : 'read' 'write' 'readreq' 'writereq' 'writeresp'>
ST_130 : Operation 1154 [16/68] (3.65ns)   --->   "%gmem2_2_addr_resp = writeresp i1 @_ssdm_op_WriteResp.m_axi.i64P1A, i64 %gmem2_2_addr" [kernel.cpp:24]   --->   Operation 1154 'writeresp' 'gmem2_2_addr_resp' <Predicate = true> <Delay = 3.65> <CoreInst = "m_axi">   --->   Core 119 'm_axi' <Latency = 3> <II = 1> <Delay = 1.00> <Adapter> <Opcode : 'read' 'write' 'readreq' 'writereq' 'writeresp'>
ST_130 : Operation 1155 [16/68] (3.65ns)   --->   "%gmem2_3_addr_resp = writeresp i1 @_ssdm_op_WriteResp.m_axi.i64P1A, i64 %gmem2_3_addr" [kernel.cpp:24]   --->   Operation 1155 'writeresp' 'gmem2_3_addr_resp' <Predicate = true> <Delay = 3.65> <CoreInst = "m_axi">   --->   Core 119 'm_axi' <Latency = 3> <II = 1> <Delay = 1.00> <Adapter> <Opcode : 'read' 'write' 'readreq' 'writereq' 'writeresp'>

State 131 <SV = 130> <Delay = 3.65>
ST_131 : Operation 1156 [15/68] (3.65ns)   --->   "%gmem2_0_addr_resp = writeresp i1 @_ssdm_op_WriteResp.m_axi.i64P1A, i64 %gmem2_0_addr" [kernel.cpp:24]   --->   Operation 1156 'writeresp' 'gmem2_0_addr_resp' <Predicate = true> <Delay = 3.65> <CoreInst = "m_axi">   --->   Core 119 'm_axi' <Latency = 3> <II = 1> <Delay = 1.00> <Adapter> <Opcode : 'read' 'write' 'readreq' 'writereq' 'writeresp'>
ST_131 : Operation 1157 [15/68] (3.65ns)   --->   "%gmem2_1_addr_resp = writeresp i1 @_ssdm_op_WriteResp.m_axi.i64P1A, i64 %gmem2_1_addr" [kernel.cpp:24]   --->   Operation 1157 'writeresp' 'gmem2_1_addr_resp' <Predicate = true> <Delay = 3.65> <CoreInst = "m_axi">   --->   Core 119 'm_axi' <Latency = 3> <II = 1> <Delay = 1.00> <Adapter> <Opcode : 'read' 'write' 'readreq' 'writereq' 'writeresp'>
ST_131 : Operation 1158 [15/68] (3.65ns)   --->   "%gmem2_2_addr_resp = writeresp i1 @_ssdm_op_WriteResp.m_axi.i64P1A, i64 %gmem2_2_addr" [kernel.cpp:24]   --->   Operation 1158 'writeresp' 'gmem2_2_addr_resp' <Predicate = true> <Delay = 3.65> <CoreInst = "m_axi">   --->   Core 119 'm_axi' <Latency = 3> <II = 1> <Delay = 1.00> <Adapter> <Opcode : 'read' 'write' 'readreq' 'writereq' 'writeresp'>
ST_131 : Operation 1159 [15/68] (3.65ns)   --->   "%gmem2_3_addr_resp = writeresp i1 @_ssdm_op_WriteResp.m_axi.i64P1A, i64 %gmem2_3_addr" [kernel.cpp:24]   --->   Operation 1159 'writeresp' 'gmem2_3_addr_resp' <Predicate = true> <Delay = 3.65> <CoreInst = "m_axi">   --->   Core 119 'm_axi' <Latency = 3> <II = 1> <Delay = 1.00> <Adapter> <Opcode : 'read' 'write' 'readreq' 'writereq' 'writeresp'>

State 132 <SV = 131> <Delay = 3.65>
ST_132 : Operation 1160 [14/68] (3.65ns)   --->   "%gmem2_0_addr_resp = writeresp i1 @_ssdm_op_WriteResp.m_axi.i64P1A, i64 %gmem2_0_addr" [kernel.cpp:24]   --->   Operation 1160 'writeresp' 'gmem2_0_addr_resp' <Predicate = true> <Delay = 3.65> <CoreInst = "m_axi">   --->   Core 119 'm_axi' <Latency = 3> <II = 1> <Delay = 1.00> <Adapter> <Opcode : 'read' 'write' 'readreq' 'writereq' 'writeresp'>
ST_132 : Operation 1161 [14/68] (3.65ns)   --->   "%gmem2_1_addr_resp = writeresp i1 @_ssdm_op_WriteResp.m_axi.i64P1A, i64 %gmem2_1_addr" [kernel.cpp:24]   --->   Operation 1161 'writeresp' 'gmem2_1_addr_resp' <Predicate = true> <Delay = 3.65> <CoreInst = "m_axi">   --->   Core 119 'm_axi' <Latency = 3> <II = 1> <Delay = 1.00> <Adapter> <Opcode : 'read' 'write' 'readreq' 'writereq' 'writeresp'>
ST_132 : Operation 1162 [14/68] (3.65ns)   --->   "%gmem2_2_addr_resp = writeresp i1 @_ssdm_op_WriteResp.m_axi.i64P1A, i64 %gmem2_2_addr" [kernel.cpp:24]   --->   Operation 1162 'writeresp' 'gmem2_2_addr_resp' <Predicate = true> <Delay = 3.65> <CoreInst = "m_axi">   --->   Core 119 'm_axi' <Latency = 3> <II = 1> <Delay = 1.00> <Adapter> <Opcode : 'read' 'write' 'readreq' 'writereq' 'writeresp'>
ST_132 : Operation 1163 [14/68] (3.65ns)   --->   "%gmem2_3_addr_resp = writeresp i1 @_ssdm_op_WriteResp.m_axi.i64P1A, i64 %gmem2_3_addr" [kernel.cpp:24]   --->   Operation 1163 'writeresp' 'gmem2_3_addr_resp' <Predicate = true> <Delay = 3.65> <CoreInst = "m_axi">   --->   Core 119 'm_axi' <Latency = 3> <II = 1> <Delay = 1.00> <Adapter> <Opcode : 'read' 'write' 'readreq' 'writereq' 'writeresp'>

State 133 <SV = 132> <Delay = 3.65>
ST_133 : Operation 1164 [13/68] (3.65ns)   --->   "%gmem2_0_addr_resp = writeresp i1 @_ssdm_op_WriteResp.m_axi.i64P1A, i64 %gmem2_0_addr" [kernel.cpp:24]   --->   Operation 1164 'writeresp' 'gmem2_0_addr_resp' <Predicate = true> <Delay = 3.65> <CoreInst = "m_axi">   --->   Core 119 'm_axi' <Latency = 3> <II = 1> <Delay = 1.00> <Adapter> <Opcode : 'read' 'write' 'readreq' 'writereq' 'writeresp'>
ST_133 : Operation 1165 [13/68] (3.65ns)   --->   "%gmem2_1_addr_resp = writeresp i1 @_ssdm_op_WriteResp.m_axi.i64P1A, i64 %gmem2_1_addr" [kernel.cpp:24]   --->   Operation 1165 'writeresp' 'gmem2_1_addr_resp' <Predicate = true> <Delay = 3.65> <CoreInst = "m_axi">   --->   Core 119 'm_axi' <Latency = 3> <II = 1> <Delay = 1.00> <Adapter> <Opcode : 'read' 'write' 'readreq' 'writereq' 'writeresp'>
ST_133 : Operation 1166 [13/68] (3.65ns)   --->   "%gmem2_2_addr_resp = writeresp i1 @_ssdm_op_WriteResp.m_axi.i64P1A, i64 %gmem2_2_addr" [kernel.cpp:24]   --->   Operation 1166 'writeresp' 'gmem2_2_addr_resp' <Predicate = true> <Delay = 3.65> <CoreInst = "m_axi">   --->   Core 119 'm_axi' <Latency = 3> <II = 1> <Delay = 1.00> <Adapter> <Opcode : 'read' 'write' 'readreq' 'writereq' 'writeresp'>
ST_133 : Operation 1167 [13/68] (3.65ns)   --->   "%gmem2_3_addr_resp = writeresp i1 @_ssdm_op_WriteResp.m_axi.i64P1A, i64 %gmem2_3_addr" [kernel.cpp:24]   --->   Operation 1167 'writeresp' 'gmem2_3_addr_resp' <Predicate = true> <Delay = 3.65> <CoreInst = "m_axi">   --->   Core 119 'm_axi' <Latency = 3> <II = 1> <Delay = 1.00> <Adapter> <Opcode : 'read' 'write' 'readreq' 'writereq' 'writeresp'>

State 134 <SV = 133> <Delay = 3.65>
ST_134 : Operation 1168 [12/68] (3.65ns)   --->   "%gmem2_0_addr_resp = writeresp i1 @_ssdm_op_WriteResp.m_axi.i64P1A, i64 %gmem2_0_addr" [kernel.cpp:24]   --->   Operation 1168 'writeresp' 'gmem2_0_addr_resp' <Predicate = true> <Delay = 3.65> <CoreInst = "m_axi">   --->   Core 119 'm_axi' <Latency = 3> <II = 1> <Delay = 1.00> <Adapter> <Opcode : 'read' 'write' 'readreq' 'writereq' 'writeresp'>
ST_134 : Operation 1169 [12/68] (3.65ns)   --->   "%gmem2_1_addr_resp = writeresp i1 @_ssdm_op_WriteResp.m_axi.i64P1A, i64 %gmem2_1_addr" [kernel.cpp:24]   --->   Operation 1169 'writeresp' 'gmem2_1_addr_resp' <Predicate = true> <Delay = 3.65> <CoreInst = "m_axi">   --->   Core 119 'm_axi' <Latency = 3> <II = 1> <Delay = 1.00> <Adapter> <Opcode : 'read' 'write' 'readreq' 'writereq' 'writeresp'>
ST_134 : Operation 1170 [12/68] (3.65ns)   --->   "%gmem2_2_addr_resp = writeresp i1 @_ssdm_op_WriteResp.m_axi.i64P1A, i64 %gmem2_2_addr" [kernel.cpp:24]   --->   Operation 1170 'writeresp' 'gmem2_2_addr_resp' <Predicate = true> <Delay = 3.65> <CoreInst = "m_axi">   --->   Core 119 'm_axi' <Latency = 3> <II = 1> <Delay = 1.00> <Adapter> <Opcode : 'read' 'write' 'readreq' 'writereq' 'writeresp'>
ST_134 : Operation 1171 [12/68] (3.65ns)   --->   "%gmem2_3_addr_resp = writeresp i1 @_ssdm_op_WriteResp.m_axi.i64P1A, i64 %gmem2_3_addr" [kernel.cpp:24]   --->   Operation 1171 'writeresp' 'gmem2_3_addr_resp' <Predicate = true> <Delay = 3.65> <CoreInst = "m_axi">   --->   Core 119 'm_axi' <Latency = 3> <II = 1> <Delay = 1.00> <Adapter> <Opcode : 'read' 'write' 'readreq' 'writereq' 'writeresp'>

State 135 <SV = 134> <Delay = 3.65>
ST_135 : Operation 1172 [11/68] (3.65ns)   --->   "%gmem2_0_addr_resp = writeresp i1 @_ssdm_op_WriteResp.m_axi.i64P1A, i64 %gmem2_0_addr" [kernel.cpp:24]   --->   Operation 1172 'writeresp' 'gmem2_0_addr_resp' <Predicate = true> <Delay = 3.65> <CoreInst = "m_axi">   --->   Core 119 'm_axi' <Latency = 3> <II = 1> <Delay = 1.00> <Adapter> <Opcode : 'read' 'write' 'readreq' 'writereq' 'writeresp'>
ST_135 : Operation 1173 [11/68] (3.65ns)   --->   "%gmem2_1_addr_resp = writeresp i1 @_ssdm_op_WriteResp.m_axi.i64P1A, i64 %gmem2_1_addr" [kernel.cpp:24]   --->   Operation 1173 'writeresp' 'gmem2_1_addr_resp' <Predicate = true> <Delay = 3.65> <CoreInst = "m_axi">   --->   Core 119 'm_axi' <Latency = 3> <II = 1> <Delay = 1.00> <Adapter> <Opcode : 'read' 'write' 'readreq' 'writereq' 'writeresp'>
ST_135 : Operation 1174 [11/68] (3.65ns)   --->   "%gmem2_2_addr_resp = writeresp i1 @_ssdm_op_WriteResp.m_axi.i64P1A, i64 %gmem2_2_addr" [kernel.cpp:24]   --->   Operation 1174 'writeresp' 'gmem2_2_addr_resp' <Predicate = true> <Delay = 3.65> <CoreInst = "m_axi">   --->   Core 119 'm_axi' <Latency = 3> <II = 1> <Delay = 1.00> <Adapter> <Opcode : 'read' 'write' 'readreq' 'writereq' 'writeresp'>
ST_135 : Operation 1175 [11/68] (3.65ns)   --->   "%gmem2_3_addr_resp = writeresp i1 @_ssdm_op_WriteResp.m_axi.i64P1A, i64 %gmem2_3_addr" [kernel.cpp:24]   --->   Operation 1175 'writeresp' 'gmem2_3_addr_resp' <Predicate = true> <Delay = 3.65> <CoreInst = "m_axi">   --->   Core 119 'm_axi' <Latency = 3> <II = 1> <Delay = 1.00> <Adapter> <Opcode : 'read' 'write' 'readreq' 'writereq' 'writeresp'>

State 136 <SV = 135> <Delay = 3.65>
ST_136 : Operation 1176 [10/68] (3.65ns)   --->   "%gmem2_0_addr_resp = writeresp i1 @_ssdm_op_WriteResp.m_axi.i64P1A, i64 %gmem2_0_addr" [kernel.cpp:24]   --->   Operation 1176 'writeresp' 'gmem2_0_addr_resp' <Predicate = true> <Delay = 3.65> <CoreInst = "m_axi">   --->   Core 119 'm_axi' <Latency = 3> <II = 1> <Delay = 1.00> <Adapter> <Opcode : 'read' 'write' 'readreq' 'writereq' 'writeresp'>
ST_136 : Operation 1177 [10/68] (3.65ns)   --->   "%gmem2_1_addr_resp = writeresp i1 @_ssdm_op_WriteResp.m_axi.i64P1A, i64 %gmem2_1_addr" [kernel.cpp:24]   --->   Operation 1177 'writeresp' 'gmem2_1_addr_resp' <Predicate = true> <Delay = 3.65> <CoreInst = "m_axi">   --->   Core 119 'm_axi' <Latency = 3> <II = 1> <Delay = 1.00> <Adapter> <Opcode : 'read' 'write' 'readreq' 'writereq' 'writeresp'>
ST_136 : Operation 1178 [10/68] (3.65ns)   --->   "%gmem2_2_addr_resp = writeresp i1 @_ssdm_op_WriteResp.m_axi.i64P1A, i64 %gmem2_2_addr" [kernel.cpp:24]   --->   Operation 1178 'writeresp' 'gmem2_2_addr_resp' <Predicate = true> <Delay = 3.65> <CoreInst = "m_axi">   --->   Core 119 'm_axi' <Latency = 3> <II = 1> <Delay = 1.00> <Adapter> <Opcode : 'read' 'write' 'readreq' 'writereq' 'writeresp'>
ST_136 : Operation 1179 [10/68] (3.65ns)   --->   "%gmem2_3_addr_resp = writeresp i1 @_ssdm_op_WriteResp.m_axi.i64P1A, i64 %gmem2_3_addr" [kernel.cpp:24]   --->   Operation 1179 'writeresp' 'gmem2_3_addr_resp' <Predicate = true> <Delay = 3.65> <CoreInst = "m_axi">   --->   Core 119 'm_axi' <Latency = 3> <II = 1> <Delay = 1.00> <Adapter> <Opcode : 'read' 'write' 'readreq' 'writereq' 'writeresp'>

State 137 <SV = 136> <Delay = 3.65>
ST_137 : Operation 1180 [9/68] (3.65ns)   --->   "%gmem2_0_addr_resp = writeresp i1 @_ssdm_op_WriteResp.m_axi.i64P1A, i64 %gmem2_0_addr" [kernel.cpp:24]   --->   Operation 1180 'writeresp' 'gmem2_0_addr_resp' <Predicate = true> <Delay = 3.65> <CoreInst = "m_axi">   --->   Core 119 'm_axi' <Latency = 3> <II = 1> <Delay = 1.00> <Adapter> <Opcode : 'read' 'write' 'readreq' 'writereq' 'writeresp'>
ST_137 : Operation 1181 [9/68] (3.65ns)   --->   "%gmem2_1_addr_resp = writeresp i1 @_ssdm_op_WriteResp.m_axi.i64P1A, i64 %gmem2_1_addr" [kernel.cpp:24]   --->   Operation 1181 'writeresp' 'gmem2_1_addr_resp' <Predicate = true> <Delay = 3.65> <CoreInst = "m_axi">   --->   Core 119 'm_axi' <Latency = 3> <II = 1> <Delay = 1.00> <Adapter> <Opcode : 'read' 'write' 'readreq' 'writereq' 'writeresp'>
ST_137 : Operation 1182 [9/68] (3.65ns)   --->   "%gmem2_2_addr_resp = writeresp i1 @_ssdm_op_WriteResp.m_axi.i64P1A, i64 %gmem2_2_addr" [kernel.cpp:24]   --->   Operation 1182 'writeresp' 'gmem2_2_addr_resp' <Predicate = true> <Delay = 3.65> <CoreInst = "m_axi">   --->   Core 119 'm_axi' <Latency = 3> <II = 1> <Delay = 1.00> <Adapter> <Opcode : 'read' 'write' 'readreq' 'writereq' 'writeresp'>
ST_137 : Operation 1183 [9/68] (3.65ns)   --->   "%gmem2_3_addr_resp = writeresp i1 @_ssdm_op_WriteResp.m_axi.i64P1A, i64 %gmem2_3_addr" [kernel.cpp:24]   --->   Operation 1183 'writeresp' 'gmem2_3_addr_resp' <Predicate = true> <Delay = 3.65> <CoreInst = "m_axi">   --->   Core 119 'm_axi' <Latency = 3> <II = 1> <Delay = 1.00> <Adapter> <Opcode : 'read' 'write' 'readreq' 'writereq' 'writeresp'>

State 138 <SV = 137> <Delay = 3.65>
ST_138 : Operation 1184 [8/68] (3.65ns)   --->   "%gmem2_0_addr_resp = writeresp i1 @_ssdm_op_WriteResp.m_axi.i64P1A, i64 %gmem2_0_addr" [kernel.cpp:24]   --->   Operation 1184 'writeresp' 'gmem2_0_addr_resp' <Predicate = true> <Delay = 3.65> <CoreInst = "m_axi">   --->   Core 119 'm_axi' <Latency = 3> <II = 1> <Delay = 1.00> <Adapter> <Opcode : 'read' 'write' 'readreq' 'writereq' 'writeresp'>
ST_138 : Operation 1185 [8/68] (3.65ns)   --->   "%gmem2_1_addr_resp = writeresp i1 @_ssdm_op_WriteResp.m_axi.i64P1A, i64 %gmem2_1_addr" [kernel.cpp:24]   --->   Operation 1185 'writeresp' 'gmem2_1_addr_resp' <Predicate = true> <Delay = 3.65> <CoreInst = "m_axi">   --->   Core 119 'm_axi' <Latency = 3> <II = 1> <Delay = 1.00> <Adapter> <Opcode : 'read' 'write' 'readreq' 'writereq' 'writeresp'>
ST_138 : Operation 1186 [8/68] (3.65ns)   --->   "%gmem2_2_addr_resp = writeresp i1 @_ssdm_op_WriteResp.m_axi.i64P1A, i64 %gmem2_2_addr" [kernel.cpp:24]   --->   Operation 1186 'writeresp' 'gmem2_2_addr_resp' <Predicate = true> <Delay = 3.65> <CoreInst = "m_axi">   --->   Core 119 'm_axi' <Latency = 3> <II = 1> <Delay = 1.00> <Adapter> <Opcode : 'read' 'write' 'readreq' 'writereq' 'writeresp'>
ST_138 : Operation 1187 [8/68] (3.65ns)   --->   "%gmem2_3_addr_resp = writeresp i1 @_ssdm_op_WriteResp.m_axi.i64P1A, i64 %gmem2_3_addr" [kernel.cpp:24]   --->   Operation 1187 'writeresp' 'gmem2_3_addr_resp' <Predicate = true> <Delay = 3.65> <CoreInst = "m_axi">   --->   Core 119 'm_axi' <Latency = 3> <II = 1> <Delay = 1.00> <Adapter> <Opcode : 'read' 'write' 'readreq' 'writereq' 'writeresp'>

State 139 <SV = 138> <Delay = 3.65>
ST_139 : Operation 1188 [7/68] (3.65ns)   --->   "%gmem2_0_addr_resp = writeresp i1 @_ssdm_op_WriteResp.m_axi.i64P1A, i64 %gmem2_0_addr" [kernel.cpp:24]   --->   Operation 1188 'writeresp' 'gmem2_0_addr_resp' <Predicate = true> <Delay = 3.65> <CoreInst = "m_axi">   --->   Core 119 'm_axi' <Latency = 3> <II = 1> <Delay = 1.00> <Adapter> <Opcode : 'read' 'write' 'readreq' 'writereq' 'writeresp'>
ST_139 : Operation 1189 [7/68] (3.65ns)   --->   "%gmem2_1_addr_resp = writeresp i1 @_ssdm_op_WriteResp.m_axi.i64P1A, i64 %gmem2_1_addr" [kernel.cpp:24]   --->   Operation 1189 'writeresp' 'gmem2_1_addr_resp' <Predicate = true> <Delay = 3.65> <CoreInst = "m_axi">   --->   Core 119 'm_axi' <Latency = 3> <II = 1> <Delay = 1.00> <Adapter> <Opcode : 'read' 'write' 'readreq' 'writereq' 'writeresp'>
ST_139 : Operation 1190 [7/68] (3.65ns)   --->   "%gmem2_2_addr_resp = writeresp i1 @_ssdm_op_WriteResp.m_axi.i64P1A, i64 %gmem2_2_addr" [kernel.cpp:24]   --->   Operation 1190 'writeresp' 'gmem2_2_addr_resp' <Predicate = true> <Delay = 3.65> <CoreInst = "m_axi">   --->   Core 119 'm_axi' <Latency = 3> <II = 1> <Delay = 1.00> <Adapter> <Opcode : 'read' 'write' 'readreq' 'writereq' 'writeresp'>
ST_139 : Operation 1191 [7/68] (3.65ns)   --->   "%gmem2_3_addr_resp = writeresp i1 @_ssdm_op_WriteResp.m_axi.i64P1A, i64 %gmem2_3_addr" [kernel.cpp:24]   --->   Operation 1191 'writeresp' 'gmem2_3_addr_resp' <Predicate = true> <Delay = 3.65> <CoreInst = "m_axi">   --->   Core 119 'm_axi' <Latency = 3> <II = 1> <Delay = 1.00> <Adapter> <Opcode : 'read' 'write' 'readreq' 'writereq' 'writeresp'>

State 140 <SV = 139> <Delay = 3.65>
ST_140 : Operation 1192 [6/68] (3.65ns)   --->   "%gmem2_0_addr_resp = writeresp i1 @_ssdm_op_WriteResp.m_axi.i64P1A, i64 %gmem2_0_addr" [kernel.cpp:24]   --->   Operation 1192 'writeresp' 'gmem2_0_addr_resp' <Predicate = true> <Delay = 3.65> <CoreInst = "m_axi">   --->   Core 119 'm_axi' <Latency = 3> <II = 1> <Delay = 1.00> <Adapter> <Opcode : 'read' 'write' 'readreq' 'writereq' 'writeresp'>
ST_140 : Operation 1193 [6/68] (3.65ns)   --->   "%gmem2_1_addr_resp = writeresp i1 @_ssdm_op_WriteResp.m_axi.i64P1A, i64 %gmem2_1_addr" [kernel.cpp:24]   --->   Operation 1193 'writeresp' 'gmem2_1_addr_resp' <Predicate = true> <Delay = 3.65> <CoreInst = "m_axi">   --->   Core 119 'm_axi' <Latency = 3> <II = 1> <Delay = 1.00> <Adapter> <Opcode : 'read' 'write' 'readreq' 'writereq' 'writeresp'>
ST_140 : Operation 1194 [6/68] (3.65ns)   --->   "%gmem2_2_addr_resp = writeresp i1 @_ssdm_op_WriteResp.m_axi.i64P1A, i64 %gmem2_2_addr" [kernel.cpp:24]   --->   Operation 1194 'writeresp' 'gmem2_2_addr_resp' <Predicate = true> <Delay = 3.65> <CoreInst = "m_axi">   --->   Core 119 'm_axi' <Latency = 3> <II = 1> <Delay = 1.00> <Adapter> <Opcode : 'read' 'write' 'readreq' 'writereq' 'writeresp'>
ST_140 : Operation 1195 [6/68] (3.65ns)   --->   "%gmem2_3_addr_resp = writeresp i1 @_ssdm_op_WriteResp.m_axi.i64P1A, i64 %gmem2_3_addr" [kernel.cpp:24]   --->   Operation 1195 'writeresp' 'gmem2_3_addr_resp' <Predicate = true> <Delay = 3.65> <CoreInst = "m_axi">   --->   Core 119 'm_axi' <Latency = 3> <II = 1> <Delay = 1.00> <Adapter> <Opcode : 'read' 'write' 'readreq' 'writereq' 'writeresp'>

State 141 <SV = 140> <Delay = 3.65>
ST_141 : Operation 1196 [5/68] (3.65ns)   --->   "%gmem2_0_addr_resp = writeresp i1 @_ssdm_op_WriteResp.m_axi.i64P1A, i64 %gmem2_0_addr" [kernel.cpp:24]   --->   Operation 1196 'writeresp' 'gmem2_0_addr_resp' <Predicate = true> <Delay = 3.65> <CoreInst = "m_axi">   --->   Core 119 'm_axi' <Latency = 3> <II = 1> <Delay = 1.00> <Adapter> <Opcode : 'read' 'write' 'readreq' 'writereq' 'writeresp'>
ST_141 : Operation 1197 [5/68] (3.65ns)   --->   "%gmem2_1_addr_resp = writeresp i1 @_ssdm_op_WriteResp.m_axi.i64P1A, i64 %gmem2_1_addr" [kernel.cpp:24]   --->   Operation 1197 'writeresp' 'gmem2_1_addr_resp' <Predicate = true> <Delay = 3.65> <CoreInst = "m_axi">   --->   Core 119 'm_axi' <Latency = 3> <II = 1> <Delay = 1.00> <Adapter> <Opcode : 'read' 'write' 'readreq' 'writereq' 'writeresp'>
ST_141 : Operation 1198 [5/68] (3.65ns)   --->   "%gmem2_2_addr_resp = writeresp i1 @_ssdm_op_WriteResp.m_axi.i64P1A, i64 %gmem2_2_addr" [kernel.cpp:24]   --->   Operation 1198 'writeresp' 'gmem2_2_addr_resp' <Predicate = true> <Delay = 3.65> <CoreInst = "m_axi">   --->   Core 119 'm_axi' <Latency = 3> <II = 1> <Delay = 1.00> <Adapter> <Opcode : 'read' 'write' 'readreq' 'writereq' 'writeresp'>
ST_141 : Operation 1199 [5/68] (3.65ns)   --->   "%gmem2_3_addr_resp = writeresp i1 @_ssdm_op_WriteResp.m_axi.i64P1A, i64 %gmem2_3_addr" [kernel.cpp:24]   --->   Operation 1199 'writeresp' 'gmem2_3_addr_resp' <Predicate = true> <Delay = 3.65> <CoreInst = "m_axi">   --->   Core 119 'm_axi' <Latency = 3> <II = 1> <Delay = 1.00> <Adapter> <Opcode : 'read' 'write' 'readreq' 'writereq' 'writeresp'>

State 142 <SV = 141> <Delay = 3.65>
ST_142 : Operation 1200 [4/68] (3.65ns)   --->   "%gmem2_0_addr_resp = writeresp i1 @_ssdm_op_WriteResp.m_axi.i64P1A, i64 %gmem2_0_addr" [kernel.cpp:24]   --->   Operation 1200 'writeresp' 'gmem2_0_addr_resp' <Predicate = true> <Delay = 3.65> <CoreInst = "m_axi">   --->   Core 119 'm_axi' <Latency = 3> <II = 1> <Delay = 1.00> <Adapter> <Opcode : 'read' 'write' 'readreq' 'writereq' 'writeresp'>
ST_142 : Operation 1201 [4/68] (3.65ns)   --->   "%gmem2_1_addr_resp = writeresp i1 @_ssdm_op_WriteResp.m_axi.i64P1A, i64 %gmem2_1_addr" [kernel.cpp:24]   --->   Operation 1201 'writeresp' 'gmem2_1_addr_resp' <Predicate = true> <Delay = 3.65> <CoreInst = "m_axi">   --->   Core 119 'm_axi' <Latency = 3> <II = 1> <Delay = 1.00> <Adapter> <Opcode : 'read' 'write' 'readreq' 'writereq' 'writeresp'>
ST_142 : Operation 1202 [4/68] (3.65ns)   --->   "%gmem2_2_addr_resp = writeresp i1 @_ssdm_op_WriteResp.m_axi.i64P1A, i64 %gmem2_2_addr" [kernel.cpp:24]   --->   Operation 1202 'writeresp' 'gmem2_2_addr_resp' <Predicate = true> <Delay = 3.65> <CoreInst = "m_axi">   --->   Core 119 'm_axi' <Latency = 3> <II = 1> <Delay = 1.00> <Adapter> <Opcode : 'read' 'write' 'readreq' 'writereq' 'writeresp'>
ST_142 : Operation 1203 [4/68] (3.65ns)   --->   "%gmem2_3_addr_resp = writeresp i1 @_ssdm_op_WriteResp.m_axi.i64P1A, i64 %gmem2_3_addr" [kernel.cpp:24]   --->   Operation 1203 'writeresp' 'gmem2_3_addr_resp' <Predicate = true> <Delay = 3.65> <CoreInst = "m_axi">   --->   Core 119 'm_axi' <Latency = 3> <II = 1> <Delay = 1.00> <Adapter> <Opcode : 'read' 'write' 'readreq' 'writereq' 'writeresp'>

State 143 <SV = 142> <Delay = 3.65>
ST_143 : Operation 1204 [3/68] (3.65ns)   --->   "%gmem2_0_addr_resp = writeresp i1 @_ssdm_op_WriteResp.m_axi.i64P1A, i64 %gmem2_0_addr" [kernel.cpp:24]   --->   Operation 1204 'writeresp' 'gmem2_0_addr_resp' <Predicate = true> <Delay = 3.65> <CoreInst = "m_axi">   --->   Core 119 'm_axi' <Latency = 3> <II = 1> <Delay = 1.00> <Adapter> <Opcode : 'read' 'write' 'readreq' 'writereq' 'writeresp'>
ST_143 : Operation 1205 [3/68] (3.65ns)   --->   "%gmem2_1_addr_resp = writeresp i1 @_ssdm_op_WriteResp.m_axi.i64P1A, i64 %gmem2_1_addr" [kernel.cpp:24]   --->   Operation 1205 'writeresp' 'gmem2_1_addr_resp' <Predicate = true> <Delay = 3.65> <CoreInst = "m_axi">   --->   Core 119 'm_axi' <Latency = 3> <II = 1> <Delay = 1.00> <Adapter> <Opcode : 'read' 'write' 'readreq' 'writereq' 'writeresp'>
ST_143 : Operation 1206 [3/68] (3.65ns)   --->   "%gmem2_2_addr_resp = writeresp i1 @_ssdm_op_WriteResp.m_axi.i64P1A, i64 %gmem2_2_addr" [kernel.cpp:24]   --->   Operation 1206 'writeresp' 'gmem2_2_addr_resp' <Predicate = true> <Delay = 3.65> <CoreInst = "m_axi">   --->   Core 119 'm_axi' <Latency = 3> <II = 1> <Delay = 1.00> <Adapter> <Opcode : 'read' 'write' 'readreq' 'writereq' 'writeresp'>
ST_143 : Operation 1207 [3/68] (3.65ns)   --->   "%gmem2_3_addr_resp = writeresp i1 @_ssdm_op_WriteResp.m_axi.i64P1A, i64 %gmem2_3_addr" [kernel.cpp:24]   --->   Operation 1207 'writeresp' 'gmem2_3_addr_resp' <Predicate = true> <Delay = 3.65> <CoreInst = "m_axi">   --->   Core 119 'm_axi' <Latency = 3> <II = 1> <Delay = 1.00> <Adapter> <Opcode : 'read' 'write' 'readreq' 'writereq' 'writeresp'>

State 144 <SV = 143> <Delay = 3.65>
ST_144 : Operation 1208 [2/68] (3.65ns)   --->   "%gmem2_0_addr_resp = writeresp i1 @_ssdm_op_WriteResp.m_axi.i64P1A, i64 %gmem2_0_addr" [kernel.cpp:24]   --->   Operation 1208 'writeresp' 'gmem2_0_addr_resp' <Predicate = true> <Delay = 3.65> <CoreInst = "m_axi">   --->   Core 119 'm_axi' <Latency = 3> <II = 1> <Delay = 1.00> <Adapter> <Opcode : 'read' 'write' 'readreq' 'writereq' 'writeresp'>
ST_144 : Operation 1209 [2/68] (3.65ns)   --->   "%gmem2_1_addr_resp = writeresp i1 @_ssdm_op_WriteResp.m_axi.i64P1A, i64 %gmem2_1_addr" [kernel.cpp:24]   --->   Operation 1209 'writeresp' 'gmem2_1_addr_resp' <Predicate = true> <Delay = 3.65> <CoreInst = "m_axi">   --->   Core 119 'm_axi' <Latency = 3> <II = 1> <Delay = 1.00> <Adapter> <Opcode : 'read' 'write' 'readreq' 'writereq' 'writeresp'>
ST_144 : Operation 1210 [2/68] (3.65ns)   --->   "%gmem2_2_addr_resp = writeresp i1 @_ssdm_op_WriteResp.m_axi.i64P1A, i64 %gmem2_2_addr" [kernel.cpp:24]   --->   Operation 1210 'writeresp' 'gmem2_2_addr_resp' <Predicate = true> <Delay = 3.65> <CoreInst = "m_axi">   --->   Core 119 'm_axi' <Latency = 3> <II = 1> <Delay = 1.00> <Adapter> <Opcode : 'read' 'write' 'readreq' 'writereq' 'writeresp'>
ST_144 : Operation 1211 [2/68] (3.65ns)   --->   "%gmem2_3_addr_resp = writeresp i1 @_ssdm_op_WriteResp.m_axi.i64P1A, i64 %gmem2_3_addr" [kernel.cpp:24]   --->   Operation 1211 'writeresp' 'gmem2_3_addr_resp' <Predicate = true> <Delay = 3.65> <CoreInst = "m_axi">   --->   Core 119 'm_axi' <Latency = 3> <II = 1> <Delay = 1.00> <Adapter> <Opcode : 'read' 'write' 'readreq' 'writereq' 'writeresp'>

State 145 <SV = 144> <Delay = 3.65>
ST_145 : Operation 1212 [1/68] (3.65ns)   --->   "%gmem2_0_addr_resp = writeresp i1 @_ssdm_op_WriteResp.m_axi.i64P1A, i64 %gmem2_0_addr" [kernel.cpp:24]   --->   Operation 1212 'writeresp' 'gmem2_0_addr_resp' <Predicate = true> <Delay = 3.65> <CoreInst = "m_axi">   --->   Core 119 'm_axi' <Latency = 3> <II = 1> <Delay = 1.00> <Adapter> <Opcode : 'read' 'write' 'readreq' 'writereq' 'writeresp'>
ST_145 : Operation 1213 [1/68] (3.65ns)   --->   "%gmem2_1_addr_resp = writeresp i1 @_ssdm_op_WriteResp.m_axi.i64P1A, i64 %gmem2_1_addr" [kernel.cpp:24]   --->   Operation 1213 'writeresp' 'gmem2_1_addr_resp' <Predicate = true> <Delay = 3.65> <CoreInst = "m_axi">   --->   Core 119 'm_axi' <Latency = 3> <II = 1> <Delay = 1.00> <Adapter> <Opcode : 'read' 'write' 'readreq' 'writereq' 'writeresp'>
ST_145 : Operation 1214 [1/68] (3.65ns)   --->   "%gmem2_2_addr_resp = writeresp i1 @_ssdm_op_WriteResp.m_axi.i64P1A, i64 %gmem2_2_addr" [kernel.cpp:24]   --->   Operation 1214 'writeresp' 'gmem2_2_addr_resp' <Predicate = true> <Delay = 3.65> <CoreInst = "m_axi">   --->   Core 119 'm_axi' <Latency = 3> <II = 1> <Delay = 1.00> <Adapter> <Opcode : 'read' 'write' 'readreq' 'writereq' 'writeresp'>
ST_145 : Operation 1215 [1/68] (3.65ns)   --->   "%gmem2_3_addr_resp = writeresp i1 @_ssdm_op_WriteResp.m_axi.i64P1A, i64 %gmem2_3_addr" [kernel.cpp:24]   --->   Operation 1215 'writeresp' 'gmem2_3_addr_resp' <Predicate = true> <Delay = 3.65> <CoreInst = "m_axi">   --->   Core 119 'm_axi' <Latency = 3> <II = 1> <Delay = 1.00> <Adapter> <Opcode : 'read' 'write' 'readreq' 'writereq' 'writeresp'>
ST_145 : Operation 1216 [1/1] (0.00ns)   --->   "%ret_ln24 = ret" [kernel.cpp:24]   --->   Operation 1216 'ret' 'ret_ln24' <Predicate = true> <Delay = 0.00>


============================================================
+ Verbose Summary: Binding
============================================================
STG Binding: 
---------------- STG Properties BEGIN ----------------
- Is combinational: 0
- Is one-state seq: 0
- Is datapath-only: 0
- Is pipelined: 0
- Is top level: 1
Port [ Return ] is wired: 1; IO mode=ap_ctrl_chain:ce=0
Port [ gmem0_0]:  wired=1; compound=1; hidden=0; nouse=0; global=0; static=0; extern=0; dir=0; type=4; pingpong=0; private_global=0; IO mode=m_axi:ce=0
Port [ gmem0_1]:  wired=1; compound=1; hidden=0; nouse=0; global=0; static=0; extern=0; dir=0; type=4; pingpong=0; private_global=0; IO mode=m_axi:ce=0
Port [ gmem0_2]:  wired=1; compound=1; hidden=0; nouse=0; global=0; static=0; extern=0; dir=0; type=4; pingpong=0; private_global=0; IO mode=m_axi:ce=0
Port [ gmem0_3]:  wired=1; compound=1; hidden=0; nouse=0; global=0; static=0; extern=0; dir=0; type=4; pingpong=0; private_global=0; IO mode=m_axi:ce=0
Port [ gmem1_0]:  wired=1; compound=1; hidden=0; nouse=0; global=0; static=0; extern=0; dir=0; type=4; pingpong=0; private_global=0; IO mode=m_axi:ce=0
Port [ gmem1_1]:  wired=1; compound=1; hidden=0; nouse=0; global=0; static=0; extern=0; dir=0; type=4; pingpong=0; private_global=0; IO mode=m_axi:ce=0
Port [ gmem1_2]:  wired=1; compound=1; hidden=0; nouse=0; global=0; static=0; extern=0; dir=0; type=4; pingpong=0; private_global=0; IO mode=m_axi:ce=0
Port [ gmem1_3]:  wired=1; compound=1; hidden=0; nouse=0; global=0; static=0; extern=0; dir=0; type=4; pingpong=0; private_global=0; IO mode=m_axi:ce=0
Port [ gmem2_0]:  wired=1; compound=1; hidden=0; nouse=0; global=0; static=0; extern=0; dir=1; type=4; pingpong=0; private_global=0; IO mode=m_axi:ce=0
Port [ gmem2_1]:  wired=1; compound=1; hidden=0; nouse=0; global=0; static=0; extern=0; dir=1; type=4; pingpong=0; private_global=0; IO mode=m_axi:ce=0
Port [ gmem2_2]:  wired=1; compound=1; hidden=0; nouse=0; global=0; static=0; extern=0; dir=1; type=4; pingpong=0; private_global=0; IO mode=m_axi:ce=0
Port [ gmem2_3]:  wired=1; compound=1; hidden=0; nouse=0; global=0; static=0; extern=0; dir=1; type=4; pingpong=0; private_global=0; IO mode=m_axi:ce=0
Port [ a_0]:  wired=1; compound=0; hidden=0; nouse=0; global=0; static=0; extern=0; dir=0; type=0; pingpong=0; private_global=0; IO mode=ap_none:ce=0
Port [ a_1]:  wired=1; compound=0; hidden=0; nouse=0; global=0; static=0; extern=0; dir=0; type=0; pingpong=0; private_global=0; IO mode=ap_none:ce=0
Port [ a_2]:  wired=1; compound=0; hidden=0; nouse=0; global=0; static=0; extern=0; dir=0; type=0; pingpong=0; private_global=0; IO mode=ap_none:ce=0
Port [ a_3]:  wired=1; compound=0; hidden=0; nouse=0; global=0; static=0; extern=0; dir=0; type=0; pingpong=0; private_global=0; IO mode=ap_none:ce=0
Port [ b_0]:  wired=1; compound=0; hidden=0; nouse=0; global=0; static=0; extern=0; dir=0; type=0; pingpong=0; private_global=0; IO mode=ap_none:ce=0
Port [ b_1]:  wired=1; compound=0; hidden=0; nouse=0; global=0; static=0; extern=0; dir=0; type=0; pingpong=0; private_global=0; IO mode=ap_none:ce=0
Port [ b_2]:  wired=1; compound=0; hidden=0; nouse=0; global=0; static=0; extern=0; dir=0; type=0; pingpong=0; private_global=0; IO mode=ap_none:ce=0
Port [ b_3]:  wired=1; compound=0; hidden=0; nouse=0; global=0; static=0; extern=0; dir=0; type=0; pingpong=0; private_global=0; IO mode=ap_none:ce=0
Port [ c_0]:  wired=1; compound=0; hidden=0; nouse=0; global=0; static=0; extern=0; dir=0; type=0; pingpong=0; private_global=0; IO mode=ap_none:ce=0
Port [ c_1]:  wired=1; compound=0; hidden=0; nouse=0; global=0; static=0; extern=0; dir=0; type=0; pingpong=0; private_global=0; IO mode=ap_none:ce=0
Port [ c_2]:  wired=1; compound=0; hidden=0; nouse=0; global=0; static=0; extern=0; dir=0; type=0; pingpong=0; private_global=0; IO mode=ap_none:ce=0
Port [ c_3]:  wired=1; compound=0; hidden=0; nouse=0; global=0; static=0; extern=0; dir=0; type=0; pingpong=0; private_global=0; IO mode=ap_none:ce=0
---------------- STG Properties END ------------------

---------------- Datapath Model BEGIN ----------------

<LifeTime>
<method=bitvector/>
i1                     (alloca           ) [ 01111111111111111111111111111111111111111111111111111111111111111111111111110000000000000000000000000000000000000000000000000000000000000000000000]
shiftreg2              (alloca           ) [ 00111111111111111111111111111111111111111111111111111111111111111111111111110000000000000000000000000000000000000000000000000000000000000000000000]
shiftreg163            (alloca           ) [ 00111111111111111111111111111111111111111111111111111111111111111111111111110000000000000000000000000000000000000000000000000000000000000000000000]
shiftreg184            (alloca           ) [ 00111111111111111111111111111111111111111111111111111111111111111111111111110000000000000000000000000000000000000000000000000000000000000000000000]
shiftreg205            (alloca           ) [ 00111111111111111111111111111111111111111111111111111111111111111111111111110000000000000000000000000000000000000000000000000000000000000000000000]
shiftreg226            (alloca           ) [ 00111111111111111111111111111111111111111111111111111111111111111111111111110000000000000000000000000000000000000000000000000000000000000000000000]
shiftreg247            (alloca           ) [ 00111111111111111111111111111111111111111111111111111111111111111111111111110000000000000000000000000000000000000000000000000000000000000000000000]
shiftreg268            (alloca           ) [ 00111111111111111111111111111111111111111111111111111111111111111111111111110000000000000000000000000000000000000000000000000000000000000000000000]
shiftreg289            (alloca           ) [ 00111111111111111111111111111111111111111111111111111111111111111111111111110000000000000000000000000000000000000000000000000000000000000000000000]
shiftreg3010           (alloca           ) [ 01111111111111111111111111111111111111111111111111111111111111111111111111110000000000000000000000000000000000000000000000000000000000000000000000]
shiftreg3212           (alloca           ) [ 01111111111111111111111111111111111111111111111111111111111111111111111111110000000000000000000000000000000000000000000000000000000000000000000000]
shiftreg3414           (alloca           ) [ 01111111111111111111111111111111111111111111111111111111111111111111111111110000000000000000000000000000000000000000000000000000000000000000000000]
shiftreg3616           (alloca           ) [ 01111111111111111111111111111111111111111111111111111111111111111111111111110000000000000000000000000000000000000000000000000000000000000000000000]
c_3_read               (read             ) [ 00000000000000000000000000000000000000000000000000000000000000000000000000000000000000000000000000000000000000000000000000000000000000000000000000]
c_2_read               (read             ) [ 00000000000000000000000000000000000000000000000000000000000000000000000000000000000000000000000000000000000000000000000000000000000000000000000000]
c_1_read               (read             ) [ 00000000000000000000000000000000000000000000000000000000000000000000000000000000000000000000000000000000000000000000000000000000000000000000000000]
c_0_read               (read             ) [ 00000000000000000000000000000000000000000000000000000000000000000000000000000000000000000000000000000000000000000000000000000000000000000000000000]
b_3_read               (read             ) [ 00000000000000000000000000000000000000000000000000000000000000000000000000000000000000000000000000000000000000000000000000000000000000000000000000]
b_2_read               (read             ) [ 00000000000000000000000000000000000000000000000000000000000000000000000000000000000000000000000000000000000000000000000000000000000000000000000000]
b_1_read               (read             ) [ 00000000000000000000000000000000000000000000000000000000000000000000000000000000000000000000000000000000000000000000000000000000000000000000000000]
b_0_read               (read             ) [ 00000000000000000000000000000000000000000000000000000000000000000000000000000000000000000000000000000000000000000000000000000000000000000000000000]
a_3_read               (read             ) [ 00000000000000000000000000000000000000000000000000000000000000000000000000000000000000000000000000000000000000000000000000000000000000000000000000]
a_2_read               (read             ) [ 00000000000000000000000000000000000000000000000000000000000000000000000000000000000000000000000000000000000000000000000000000000000000000000000000]
a_1_read               (read             ) [ 00000000000000000000000000000000000000000000000000000000000000000000000000000000000000000000000000000000000000000000000000000000000000000000000000]
a_0_read               (read             ) [ 00000000000000000000000000000000000000000000000000000000000000000000000000000000000000000000000000000000000000000000000000000000000000000000000000]
trunc_ln               (partselect       ) [ 00000000000000000000000000000000000000000000000000000000000000000000000000000000000000000000000000000000000000000000000000000000000000000000000000]
sext_ln19              (sext             ) [ 00000000000000000000000000000000000000000000000000000000000000000000000000000000000000000000000000000000000000000000000000000000000000000000000000]
gmem0_0_addr           (getelementptr    ) [ 00111111111111111111111111111111111111111111111111111111111111111111111111000000000000000000000000000000000000000000000000000000000000000000000000]
trunc_ln19_1           (partselect       ) [ 00000000000000000000000000000000000000000000000000000000000000000000000000000000000000000000000000000000000000000000000000000000000000000000000000]
sext_ln19_1            (sext             ) [ 00000000000000000000000000000000000000000000000000000000000000000000000000000000000000000000000000000000000000000000000000000000000000000000000000]
gmem1_0_addr           (getelementptr    ) [ 00111111111111111111111111111111111111111111111111111111111111111111111111000000000000000000000000000000000000000000000000000000000000000000000000]
trunc_ln19_2           (partselect       ) [ 00000000000000000000000000000000000000000000000000000000000000000000000000000000000000000000000000000000000000000000000000000000000000000000000000]
sext_ln19_2            (sext             ) [ 00000000000000000000000000000000000000000000000000000000000000000000000000000000000000000000000000000000000000000000000000000000000000000000000000]
gmem0_1_addr           (getelementptr    ) [ 00111111111111111111111111111111111111111111111111111111111111111111111111000000000000000000000000000000000000000000000000000000000000000000000000]
trunc_ln19_3           (partselect       ) [ 00000000000000000000000000000000000000000000000000000000000000000000000000000000000000000000000000000000000000000000000000000000000000000000000000]
sext_ln19_3            (sext             ) [ 00000000000000000000000000000000000000000000000000000000000000000000000000000000000000000000000000000000000000000000000000000000000000000000000000]
gmem0_2_addr           (getelementptr    ) [ 00111111111111111111111111111111111111111111111111111111111111111111111111000000000000000000000000000000000000000000000000000000000000000000000000]
trunc_ln19_4           (partselect       ) [ 00000000000000000000000000000000000000000000000000000000000000000000000000000000000000000000000000000000000000000000000000000000000000000000000000]
sext_ln19_4            (sext             ) [ 00000000000000000000000000000000000000000000000000000000000000000000000000000000000000000000000000000000000000000000000000000000000000000000000000]
gmem0_3_addr           (getelementptr    ) [ 00111111111111111111111111111111111111111111111111111111111111111111111111000000000000000000000000000000000000000000000000000000000000000000000000]
trunc_ln19_5           (partselect       ) [ 00000000000000000000000000000000000000000000000000000000000000000000000000000000000000000000000000000000000000000000000000000000000000000000000000]
sext_ln19_5            (sext             ) [ 00000000000000000000000000000000000000000000000000000000000000000000000000000000000000000000000000000000000000000000000000000000000000000000000000]
gmem1_1_addr           (getelementptr    ) [ 00111111111111111111111111111111111111111111111111111111111111111111111111000000000000000000000000000000000000000000000000000000000000000000000000]
trunc_ln19_6           (partselect       ) [ 00000000000000000000000000000000000000000000000000000000000000000000000000000000000000000000000000000000000000000000000000000000000000000000000000]
sext_ln19_6            (sext             ) [ 00000000000000000000000000000000000000000000000000000000000000000000000000000000000000000000000000000000000000000000000000000000000000000000000000]
gmem1_2_addr           (getelementptr    ) [ 00111111111111111111111111111111111111111111111111111111111111111111111111000000000000000000000000000000000000000000000000000000000000000000000000]
trunc_ln19_7           (partselect       ) [ 00000000000000000000000000000000000000000000000000000000000000000000000000000000000000000000000000000000000000000000000000000000000000000000000000]
sext_ln19_7            (sext             ) [ 00000000000000000000000000000000000000000000000000000000000000000000000000000000000000000000000000000000000000000000000000000000000000000000000000]
gmem1_3_addr           (getelementptr    ) [ 00111111111111111111111111111111111111111111111111111111111111111111111111000000000000000000000000000000000000000000000000000000000000000000000000]
p_cast                 (partselect       ) [ 00111111111111111111111111111111111111111111111111111111111111111111111111100000000000000000000000000000000000000000000000000000000000000000000000]
p_cast1                (partselect       ) [ 00111111111111111111111111111111111111111111111111111111111111111111111111100000000000000000000000000000000000000000000000000000000000000000000000]
p_cast2                (partselect       ) [ 00111111111111111111111111111111111111111111111111111111111111111111111111100000000000000000000000000000000000000000000000000000000000000000000000]
p_cast3                (partselect       ) [ 00111111111111111111111111111111111111111111111111111111111111111111111111100000000000000000000000000000000000000000000000000000000000000000000000]
store_ln0              (store            ) [ 00000000000000000000000000000000000000000000000000000000000000000000000000000000000000000000000000000000000000000000000000000000000000000000000000]
store_ln0              (store            ) [ 00000000000000000000000000000000000000000000000000000000000000000000000000000000000000000000000000000000000000000000000000000000000000000000000000]
store_ln0              (store            ) [ 00000000000000000000000000000000000000000000000000000000000000000000000000000000000000000000000000000000000000000000000000000000000000000000000000]
store_ln0              (store            ) [ 00000000000000000000000000000000000000000000000000000000000000000000000000000000000000000000000000000000000000000000000000000000000000000000000000]
store_ln0              (store            ) [ 00000000000000000000000000000000000000000000000000000000000000000000000000000000000000000000000000000000000000000000000000000000000000000000000000]
gmem0_0_load_req       (readreq          ) [ 00000000000000000000000000000000000000000000000000000000000000000000000000000000000000000000000000000000000000000000000000000000000000000000000000]
gmem1_0_load_req       (readreq          ) [ 00000000000000000000000000000000000000000000000000000000000000000000000000000000000000000000000000000000000000000000000000000000000000000000000000]
gmem0_1_load_req       (readreq          ) [ 00000000000000000000000000000000000000000000000000000000000000000000000000000000000000000000000000000000000000000000000000000000000000000000000000]
gmem0_2_load_req       (readreq          ) [ 00000000000000000000000000000000000000000000000000000000000000000000000000000000000000000000000000000000000000000000000000000000000000000000000000]
gmem0_3_load_req       (readreq          ) [ 00000000000000000000000000000000000000000000000000000000000000000000000000000000000000000000000000000000000000000000000000000000000000000000000000]
gmem1_1_load_req       (readreq          ) [ 00000000000000000000000000000000000000000000000000000000000000000000000000000000000000000000000000000000000000000000000000000000000000000000000000]
gmem1_2_load_req       (readreq          ) [ 00000000000000000000000000000000000000000000000000000000000000000000000000000000000000000000000000000000000000000000000000000000000000000000000000]
gmem1_3_load_req       (readreq          ) [ 00000000000000000000000000000000000000000000000000000000000000000000000000000000000000000000000000000000000000000000000000000000000000000000000000]
gmem0_0_addr_read      (read             ) [ 00000000000000000000000000000000000000000000000000000000000000000000000000100000000000000000000000000000000000000000000000000000000000000000000000]
gmem1_0_addr_read      (read             ) [ 00000000000000000000000000000000000000000000000000000000000000000000000000100000000000000000000000000000000000000000000000000000000000000000000000]
gmem0_1_addr_read      (read             ) [ 00000000000000000000000000000000000000000000000000000000000000000000000000100000000000000000000000000000000000000000000000000000000000000000000000]
gmem0_2_addr_read      (read             ) [ 00000000000000000000000000000000000000000000000000000000000000000000000000100000000000000000000000000000000000000000000000000000000000000000000000]
gmem0_3_addr_read      (read             ) [ 00000000000000000000000000000000000000000000000000000000000000000000000000100000000000000000000000000000000000000000000000000000000000000000000000]
gmem1_1_addr_read      (read             ) [ 00000000000000000000000000000000000000000000000000000000000000000000000000100000000000000000000000000000000000000000000000000000000000000000000000]
gmem1_2_addr_read      (read             ) [ 00000000000000000000000000000000000000000000000000000000000000000000000000100000000000000000000000000000000000000000000000000000000000000000000000]
gmem1_3_addr_read      (read             ) [ 00000000000000000000000000000000000000000000000000000000000000000000000000100000000000000000000000000000000000000000000000000000000000000000000000]
spectopmodule_ln5      (spectopmodule    ) [ 00000000000000000000000000000000000000000000000000000000000000000000000000000000000000000000000000000000000000000000000000000000000000000000000000]
specinterface_ln5      (specinterface    ) [ 00000000000000000000000000000000000000000000000000000000000000000000000000000000000000000000000000000000000000000000000000000000000000000000000000]
specinterface_ln0      (specinterface    ) [ 00000000000000000000000000000000000000000000000000000000000000000000000000000000000000000000000000000000000000000000000000000000000000000000000000]
specbitsmap_ln0        (specbitsmap      ) [ 00000000000000000000000000000000000000000000000000000000000000000000000000000000000000000000000000000000000000000000000000000000000000000000000000]
specinterface_ln0      (specinterface    ) [ 00000000000000000000000000000000000000000000000000000000000000000000000000000000000000000000000000000000000000000000000000000000000000000000000000]
specbitsmap_ln0        (specbitsmap      ) [ 00000000000000000000000000000000000000000000000000000000000000000000000000000000000000000000000000000000000000000000000000000000000000000000000000]
specinterface_ln0      (specinterface    ) [ 00000000000000000000000000000000000000000000000000000000000000000000000000000000000000000000000000000000000000000000000000000000000000000000000000]
specbitsmap_ln0        (specbitsmap      ) [ 00000000000000000000000000000000000000000000000000000000000000000000000000000000000000000000000000000000000000000000000000000000000000000000000000]
specinterface_ln0      (specinterface    ) [ 00000000000000000000000000000000000000000000000000000000000000000000000000000000000000000000000000000000000000000000000000000000000000000000000000]
specbitsmap_ln0        (specbitsmap      ) [ 00000000000000000000000000000000000000000000000000000000000000000000000000000000000000000000000000000000000000000000000000000000000000000000000000]
specinterface_ln0      (specinterface    ) [ 00000000000000000000000000000000000000000000000000000000000000000000000000000000000000000000000000000000000000000000000000000000000000000000000000]
specbitsmap_ln0        (specbitsmap      ) [ 00000000000000000000000000000000000000000000000000000000000000000000000000000000000000000000000000000000000000000000000000000000000000000000000000]
specinterface_ln0      (specinterface    ) [ 00000000000000000000000000000000000000000000000000000000000000000000000000000000000000000000000000000000000000000000000000000000000000000000000000]
specbitsmap_ln0        (specbitsmap      ) [ 00000000000000000000000000000000000000000000000000000000000000000000000000000000000000000000000000000000000000000000000000000000000000000000000000]
specinterface_ln0      (specinterface    ) [ 00000000000000000000000000000000000000000000000000000000000000000000000000000000000000000000000000000000000000000000000000000000000000000000000000]
specbitsmap_ln0        (specbitsmap      ) [ 00000000000000000000000000000000000000000000000000000000000000000000000000000000000000000000000000000000000000000000000000000000000000000000000000]
specinterface_ln0      (specinterface    ) [ 00000000000000000000000000000000000000000000000000000000000000000000000000000000000000000000000000000000000000000000000000000000000000000000000000]
specbitsmap_ln0        (specbitsmap      ) [ 00000000000000000000000000000000000000000000000000000000000000000000000000000000000000000000000000000000000000000000000000000000000000000000000000]
specinterface_ln0      (specinterface    ) [ 00000000000000000000000000000000000000000000000000000000000000000000000000000000000000000000000000000000000000000000000000000000000000000000000000]
specbitsmap_ln0        (specbitsmap      ) [ 00000000000000000000000000000000000000000000000000000000000000000000000000000000000000000000000000000000000000000000000000000000000000000000000000]
specinterface_ln0      (specinterface    ) [ 00000000000000000000000000000000000000000000000000000000000000000000000000000000000000000000000000000000000000000000000000000000000000000000000000]
specbitsmap_ln0        (specbitsmap      ) [ 00000000000000000000000000000000000000000000000000000000000000000000000000000000000000000000000000000000000000000000000000000000000000000000000000]
specinterface_ln0      (specinterface    ) [ 00000000000000000000000000000000000000000000000000000000000000000000000000000000000000000000000000000000000000000000000000000000000000000000000000]
specbitsmap_ln0        (specbitsmap      ) [ 00000000000000000000000000000000000000000000000000000000000000000000000000000000000000000000000000000000000000000000000000000000000000000000000000]
specinterface_ln0      (specinterface    ) [ 00000000000000000000000000000000000000000000000000000000000000000000000000000000000000000000000000000000000000000000000000000000000000000000000000]
specbitsmap_ln0        (specbitsmap      ) [ 00000000000000000000000000000000000000000000000000000000000000000000000000000000000000000000000000000000000000000000000000000000000000000000000000]
specinterface_ln0      (specinterface    ) [ 00000000000000000000000000000000000000000000000000000000000000000000000000000000000000000000000000000000000000000000000000000000000000000000000000]
specinterface_ln0      (specinterface    ) [ 00000000000000000000000000000000000000000000000000000000000000000000000000000000000000000000000000000000000000000000000000000000000000000000000000]
specinterface_ln0      (specinterface    ) [ 00000000000000000000000000000000000000000000000000000000000000000000000000000000000000000000000000000000000000000000000000000000000000000000000000]
specinterface_ln0      (specinterface    ) [ 00000000000000000000000000000000000000000000000000000000000000000000000000000000000000000000000000000000000000000000000000000000000000000000000000]
specinterface_ln0      (specinterface    ) [ 00000000000000000000000000000000000000000000000000000000000000000000000000000000000000000000000000000000000000000000000000000000000000000000000000]
specinterface_ln0      (specinterface    ) [ 00000000000000000000000000000000000000000000000000000000000000000000000000000000000000000000000000000000000000000000000000000000000000000000000000]
specinterface_ln0      (specinterface    ) [ 00000000000000000000000000000000000000000000000000000000000000000000000000000000000000000000000000000000000000000000000000000000000000000000000000]
specinterface_ln0      (specinterface    ) [ 00000000000000000000000000000000000000000000000000000000000000000000000000000000000000000000000000000000000000000000000000000000000000000000000000]
specinterface_ln0      (specinterface    ) [ 00000000000000000000000000000000000000000000000000000000000000000000000000000000000000000000000000000000000000000000000000000000000000000000000000]
specinterface_ln0      (specinterface    ) [ 00000000000000000000000000000000000000000000000000000000000000000000000000000000000000000000000000000000000000000000000000000000000000000000000000]
specinterface_ln0      (specinterface    ) [ 00000000000000000000000000000000000000000000000000000000000000000000000000000000000000000000000000000000000000000000000000000000000000000000000000]
specinterface_ln0      (specinterface    ) [ 00000000000000000000000000000000000000000000000000000000000000000000000000000000000000000000000000000000000000000000000000000000000000000000000000]
specinterface_ln0      (specinterface    ) [ 00000000000000000000000000000000000000000000000000000000000000000000000000000000000000000000000000000000000000000000000000000000000000000000000000]
specinterface_ln0      (specinterface    ) [ 00000000000000000000000000000000000000000000000000000000000000000000000000000000000000000000000000000000000000000000000000000000000000000000000000]
specinterface_ln0      (specinterface    ) [ 00000000000000000000000000000000000000000000000000000000000000000000000000000000000000000000000000000000000000000000000000000000000000000000000000]
specinterface_ln0      (specinterface    ) [ 00000000000000000000000000000000000000000000000000000000000000000000000000000000000000000000000000000000000000000000000000000000000000000000000000]
specinterface_ln0      (specinterface    ) [ 00000000000000000000000000000000000000000000000000000000000000000000000000000000000000000000000000000000000000000000000000000000000000000000000000]
specinterface_ln0      (specinterface    ) [ 00000000000000000000000000000000000000000000000000000000000000000000000000000000000000000000000000000000000000000000000000000000000000000000000000]
specinterface_ln0      (specinterface    ) [ 00000000000000000000000000000000000000000000000000000000000000000000000000000000000000000000000000000000000000000000000000000000000000000000000000]
specinterface_ln0      (specinterface    ) [ 00000000000000000000000000000000000000000000000000000000000000000000000000000000000000000000000000000000000000000000000000000000000000000000000000]
specinterface_ln0      (specinterface    ) [ 00000000000000000000000000000000000000000000000000000000000000000000000000000000000000000000000000000000000000000000000000000000000000000000000000]
specinterface_ln0      (specinterface    ) [ 00000000000000000000000000000000000000000000000000000000000000000000000000000000000000000000000000000000000000000000000000000000000000000000000000]
specinterface_ln0      (specinterface    ) [ 00000000000000000000000000000000000000000000000000000000000000000000000000000000000000000000000000000000000000000000000000000000000000000000000000]
specinterface_ln0      (specinterface    ) [ 00000000000000000000000000000000000000000000000000000000000000000000000000000000000000000000000000000000000000000000000000000000000000000000000000]
specinterface_ln0      (specinterface    ) [ 00000000000000000000000000000000000000000000000000000000000000000000000000000000000000000000000000000000000000000000000000000000000000000000000000]
p_cast_cast            (sext             ) [ 00000000000000000000000000000000000000000000000000000000000000000000000000000000000000000000000000000000000000000000000000000000000000000000000000]
gmem2_3_addr           (getelementptr    ) [ 00000000000000000000000000000000000000000000000000000000000000000000000000011111111111111111111111111111111111111111111111111111111111111111111111]
p_cast1_cast           (sext             ) [ 00000000000000000000000000000000000000000000000000000000000000000000000000000000000000000000000000000000000000000000000000000000000000000000000000]
gmem2_2_addr           (getelementptr    ) [ 00000000000000000000000000000000000000000000000000000000000000000000000000011111111111111111111111111111111111111111111111111111111111111111111111]
p_cast2_cast           (sext             ) [ 00000000000000000000000000000000000000000000000000000000000000000000000000000000000000000000000000000000000000000000000000000000000000000000000000]
gmem2_1_addr           (getelementptr    ) [ 00000000000000000000000000000000000000000000000000000000000000000000000000011111111111111111111111111111111111111111111111111111111111111111111111]
p_cast3_cast           (sext             ) [ 00000000000000000000000000000000000000000000000000000000000000000000000000000000000000000000000000000000000000000000000000000000000000000000000000]
gmem2_0_addr           (getelementptr    ) [ 00000000000000000000000000000000000000000000000000000000000000000000000000011111111111111111111111111111111111111111111111111111111111111111111111]
store_ln19             (store            ) [ 00000000000000000000000000000000000000000000000000000000000000000000000000000000000000000000000000000000000000000000000000000000000000000000000000]
store_ln19             (store            ) [ 00000000000000000000000000000000000000000000000000000000000000000000000000000000000000000000000000000000000000000000000000000000000000000000000000]
store_ln19             (store            ) [ 00000000000000000000000000000000000000000000000000000000000000000000000000000000000000000000000000000000000000000000000000000000000000000000000000]
store_ln19             (store            ) [ 00000000000000000000000000000000000000000000000000000000000000000000000000000000000000000000000000000000000000000000000000000000000000000000000000]
store_ln19             (store            ) [ 00000000000000000000000000000000000000000000000000000000000000000000000000000000000000000000000000000000000000000000000000000000000000000000000000]
store_ln19             (store            ) [ 00000000000000000000000000000000000000000000000000000000000000000000000000000000000000000000000000000000000000000000000000000000000000000000000000]
store_ln19             (store            ) [ 00000000000000000000000000000000000000000000000000000000000000000000000000000000000000000000000000000000000000000000000000000000000000000000000000]
store_ln19             (store            ) [ 00000000000000000000000000000000000000000000000000000000000000000000000000000000000000000000000000000000000000000000000000000000000000000000000000]
br_ln19                (br               ) [ 00000000000000000000000000000000000000000000000000000000000000000000000000000000000000000000000000000000000000000000000000000000000000000000000000]
i1_load                (load             ) [ 00000000000000000000000000000000000000000000000000000000000000000000000000000000000000000000000000000000000000000000000000000000000000000000000000]
shiftreg2_load         (load             ) [ 00000000000000000000000000000000000000000000000000000000000000000000000000000000000000000000000000000000000000000000000000000000000000000000000000]
shiftreg163_load       (load             ) [ 00000000000000000000000000000000000000000000000000000000000000000000000000000000000000000000000000000000000000000000000000000000000000000000000000]
shiftreg184_load       (load             ) [ 00000000000000000000000000000000000000000000000000000000000000000000000000000000000000000000000000000000000000000000000000000000000000000000000000]
shiftreg205_load       (load             ) [ 00000000000000000000000000000000000000000000000000000000000000000000000000000000000000000000000000000000000000000000000000000000000000000000000000]
shiftreg226_load       (load             ) [ 00000000000000000000000000000000000000000000000000000000000000000000000000000000000000000000000000000000000000000000000000000000000000000000000000]
shiftreg247_load       (load             ) [ 00000000000000000000000000000000000000000000000000000000000000000000000000000000000000000000000000000000000000000000000000000000000000000000000000]
shiftreg268_load       (load             ) [ 00000000000000000000000000000000000000000000000000000000000000000000000000000000000000000000000000000000000000000000000000000000000000000000000000]
shiftreg289_load       (load             ) [ 00000000000000000000000000000000000000000000000000000000000000000000000000000000000000000000000000000000000000000000000000000000000000000000000000]
shiftreg3010_load      (load             ) [ 00000000000000000000000000000000000000000000000000000000000000000000000000000000000000000000000000000000000000000000000000000000000000000000000000]
shiftreg3212_load      (load             ) [ 00000000000000000000000000000000000000000000000000000000000000000000000000000000000000000000000000000000000000000000000000000000000000000000000000]
shiftreg3414_load      (load             ) [ 00000000000000000000000000000000000000000000000000000000000000000000000000000000000000000000000000000000000000000000000000000000000000000000000000]
shiftreg3616_load      (load             ) [ 00000000000000000000000000000000000000000000000000000000000000000000000000000000000000000000000000000000000000000000000000000000000000000000000000]
specpipeline_ln20      (specpipeline     ) [ 00000000000000000000000000000000000000000000000000000000000000000000000000000000000000000000000000000000000000000000000000000000000000000000000000]
speclooptripcount_ln19 (speclooptripcount) [ 00000000000000000000000000000000000000000000000000000000000000000000000000000000000000000000000000000000000000000000000000000000000000000000000000]
specloopname_ln19      (specloopname     ) [ 00000000000000000000000000000000000000000000000000000000000000000000000000000000000000000000000000000000000000000000000000000000000000000000000000]
trunc_ln22             (trunc            ) [ 00000000000000000000000000000000000000000000000000000000000000000000000000000000000000000000000000000000000000000000000000000000000000000000000000]
lshr_ln                (partselect       ) [ 00000000000000000000000000000000000000000000000000000000000000000000000000000000000000000000000000000000000000000000000000000000000000000000000000]
zext_ln22              (zext             ) [ 00000000000000000000000000000000000000000000000000000000000000000000000000000000000000000000000000000000000000000000000000000000000000000000000000]
sext_ln22              (sext             ) [ 00000000000000000000000000000000000000000000000000000000000000000000000000000000000000000000000000000000000000000000000000000000000000000000000000]
trunc_ln22_1           (trunc            ) [ 00000000000000000000000000000000000000000000000000000000000000000000000000000000000000000000000000000000000000000000000000000000000000000000000000]
lshr_ln22_1            (partselect       ) [ 00000000000000000000000000000000000000000000000000000000000000000000000000000000000000000000000000000000000000000000000000000000000000000000000000]
zext_ln22_1            (zext             ) [ 00000000000000000000000000000000000000000000000000000000000000000000000000000000000000000000000000000000000000000000000000000000000000000000000000]
sext_ln22_1            (sext             ) [ 00000000000000000000000000000000000000000000000000000000000000000000000000000000000000000000000000000000000000000000000000000000000000000000000000]
add_ln22               (add              ) [ 00000000000000000000000000000000000000000000000000000000000000000000000000000000000000000000000000000000000000000000000000000000000000000000000000]
trunc_ln22_2           (trunc            ) [ 00000000000000000000000000000000000000000000000000000000000000000000000000000000000000000000000000000000000000000000000000000000000000000000000000]
lshr_ln22_2            (partselect       ) [ 00000000000000000000000000000000000000000000000000000000000000000000000000000000000000000000000000000000000000000000000000000000000000000000000000]
zext_ln22_2            (zext             ) [ 00000000000000000000000000000000000000000000000000000000000000000000000000000000000000000000000000000000000000000000000000000000000000000000000000]
sext_ln22_2            (sext             ) [ 00000000000000000000000000000000000000000000000000000000000000000000000000000000000000000000000000000000000000000000000000000000000000000000000000]
trunc_ln22_3           (trunc            ) [ 00000000000000000000000000000000000000000000000000000000000000000000000000000000000000000000000000000000000000000000000000000000000000000000000000]
lshr_ln22_3            (partselect       ) [ 00000000000000000000000000000000000000000000000000000000000000000000000000000000000000000000000000000000000000000000000000000000000000000000000000]
zext_ln22_3            (zext             ) [ 00000000000000000000000000000000000000000000000000000000000000000000000000000000000000000000000000000000000000000000000000000000000000000000000000]
sext_ln22_3            (sext             ) [ 00000000000000000000000000000000000000000000000000000000000000000000000000000000000000000000000000000000000000000000000000000000000000000000000000]
trunc_ln22_4           (trunc            ) [ 00000000000000000000000000000000000000000000000000000000000000000000000000000000000000000000000000000000000000000000000000000000000000000000000000]
lshr_ln22_4            (partselect       ) [ 00000000000000000000000000000000000000000000000000000000000000000000000000000000000000000000000000000000000000000000000000000000000000000000000000]
zext_ln22_4            (zext             ) [ 00000000000000000000000000000000000000000000000000000000000000000000000000000000000000000000000000000000000000000000000000000000000000000000000000]
sext_ln22_4            (sext             ) [ 00000000000000000000000000000000000000000000000000000000000000000000000000000000000000000000000000000000000000000000000000000000000000000000000000]
trunc_ln22_5           (trunc            ) [ 00000000000000000000000000000000000000000000000000000000000000000000000000000000000000000000000000000000000000000000000000000000000000000000000000]
lshr_ln22_5            (partselect       ) [ 00000000000000000000000000000000000000000000000000000000000000000000000000000000000000000000000000000000000000000000000000000000000000000000000000]
zext_ln22_5            (zext             ) [ 00000000000000000000000000000000000000000000000000000000000000000000000000000000000000000000000000000000000000000000000000000000000000000000000000]
sext_ln22_5            (sext             ) [ 00000000000000000000000000000000000000000000000000000000000000000000000000000000000000000000000000000000000000000000000000000000000000000000000000]
add_ln22_1             (add              ) [ 00000000000000000000000000000000000000000000000000000000000000000000000000000000000000000000000000000000000000000000000000000000000000000000000000]
trunc_ln22_6           (trunc            ) [ 00000000000000000000000000000000000000000000000000000000000000000000000000000000000000000000000000000000000000000000000000000000000000000000000000]
lshr_ln22_6            (partselect       ) [ 00000000000000000000000000000000000000000000000000000000000000000000000000000000000000000000000000000000000000000000000000000000000000000000000000]
zext_ln22_6            (zext             ) [ 00000000000000000000000000000000000000000000000000000000000000000000000000000000000000000000000000000000000000000000000000000000000000000000000000]
sext_ln22_6            (sext             ) [ 00000000000000000000000000000000000000000000000000000000000000000000000000000000000000000000000000000000000000000000000000000000000000000000000000]
add_ln22_2             (add              ) [ 00000000000000000000000000000000000000000000000000000000000000000000000000000000000000000000000000000000000000000000000000000000000000000000000000]
trunc_ln22_7           (trunc            ) [ 00000000000000000000000000000000000000000000000000000000000000000000000000000000000000000000000000000000000000000000000000000000000000000000000000]
lshr_ln22_7            (partselect       ) [ 00000000000000000000000000000000000000000000000000000000000000000000000000000000000000000000000000000000000000000000000000000000000000000000000000]
zext_ln22_7            (zext             ) [ 00000000000000000000000000000000000000000000000000000000000000000000000000000000000000000000000000000000000000000000000000000000000000000000000000]
sext_ln22_7            (sext             ) [ 00000000000000000000000000000000000000000000000000000000000000000000000000000000000000000000000000000000000000000000000000000000000000000000000000]
add_ln22_3             (add              ) [ 00000000000000000000000000000000000000000000000000000000000000000000000000000000000000000000000000000000000000000000000000000000000000000000000000]
tmp_4                  (partselect       ) [ 00000000000000000000000000000000000000000000000000000000000000000000000000000000000000000000000000000000000000000000000000000000000000000000000000]
sext_ln22_8            (sext             ) [ 00000000000000000000000000000000000000000000000000000000000000000000000000000000000000000000000000000000000000000000000000000000000000000000000000]
tmp                    (bitconcatenate   ) [ 00000000000000000000000000000000000000000000000000000000000000000000000000001100000000000000000000000000000000000000000000000000000000000000000000]
tmp_5                  (partselect       ) [ 00000000000000000000000000000000000000000000000000000000000000000000000000000000000000000000000000000000000000000000000000000000000000000000000000]
sext_ln22_9            (sext             ) [ 00000000000000000000000000000000000000000000000000000000000000000000000000000000000000000000000000000000000000000000000000000000000000000000000000]
tmp_1                  (bitconcatenate   ) [ 00000000000000000000000000000000000000000000000000000000000000000000000000001100000000000000000000000000000000000000000000000000000000000000000000]
tmp_6                  (partselect       ) [ 00000000000000000000000000000000000000000000000000000000000000000000000000000000000000000000000000000000000000000000000000000000000000000000000000]
sext_ln22_10           (sext             ) [ 00000000000000000000000000000000000000000000000000000000000000000000000000000000000000000000000000000000000000000000000000000000000000000000000000]
tmp_2                  (bitconcatenate   ) [ 00000000000000000000000000000000000000000000000000000000000000000000000000001100000000000000000000000000000000000000000000000000000000000000000000]
tmp_7                  (partselect       ) [ 00000000000000000000000000000000000000000000000000000000000000000000000000000000000000000000000000000000000000000000000000000000000000000000000000]
sext_ln22_11           (sext             ) [ 00000000000000000000000000000000000000000000000000000000000000000000000000000000000000000000000000000000000000000000000000000000000000000000000000]
tmp_3                  (bitconcatenate   ) [ 00000000000000000000000000000000000000000000000000000000000000000000000000001100000000000000000000000000000000000000000000000000000000000000000000]
i                      (add              ) [ 00000000000000000000000000000000000000000000000000000000000000000000000000000000000000000000000000000000000000000000000000000000000000000000000000]
tmp_8                  (bitselect        ) [ 00000000000000000000000000000000000000000000000000000000000000000000000000010000000000000000000000000000000000000000000000000000000000000000000000]
store_ln22             (store            ) [ 00000000000000000000000000000000000000000000000000000000000000000000000000000000000000000000000000000000000000000000000000000000000000000000000000]
store_ln22             (store            ) [ 00000000000000000000000000000000000000000000000000000000000000000000000000000000000000000000000000000000000000000000000000000000000000000000000000]
store_ln22             (store            ) [ 00000000000000000000000000000000000000000000000000000000000000000000000000000000000000000000000000000000000000000000000000000000000000000000000000]
store_ln22             (store            ) [ 00000000000000000000000000000000000000000000000000000000000000000000000000000000000000000000000000000000000000000000000000000000000000000000000000]
store_ln22             (store            ) [ 00000000000000000000000000000000000000000000000000000000000000000000000000000000000000000000000000000000000000000000000000000000000000000000000000]
store_ln22             (store            ) [ 00000000000000000000000000000000000000000000000000000000000000000000000000000000000000000000000000000000000000000000000000000000000000000000000000]
store_ln22             (store            ) [ 00000000000000000000000000000000000000000000000000000000000000000000000000000000000000000000000000000000000000000000000000000000000000000000000000]
store_ln22             (store            ) [ 00000000000000000000000000000000000000000000000000000000000000000000000000000000000000000000000000000000000000000000000000000000000000000000000000]
store_ln22             (store            ) [ 00000000000000000000000000000000000000000000000000000000000000000000000000000000000000000000000000000000000000000000000000000000000000000000000000]
store_ln22             (store            ) [ 00000000000000000000000000000000000000000000000000000000000000000000000000000000000000000000000000000000000000000000000000000000000000000000000000]
store_ln22             (store            ) [ 00000000000000000000000000000000000000000000000000000000000000000000000000000000000000000000000000000000000000000000000000000000000000000000000000]
store_ln22             (store            ) [ 00000000000000000000000000000000000000000000000000000000000000000000000000000000000000000000000000000000000000000000000000000000000000000000000000]
store_ln19             (store            ) [ 00000000000000000000000000000000000000000000000000000000000000000000000000000000000000000000000000000000000000000000000000000000000000000000000000]
br_ln19                (br               ) [ 00000000000000000000000000000000000000000000000000000000000000000000000000000000000000000000000000000000000000000000000000000000000000000000000000]
gmem2_0_addr_req       (writereq         ) [ 00000000000000000000000000000000000000000000000000000000000000000000000000000000000000000000000000000000000000000000000000000000000000000000000000]
gmem2_1_addr_req       (writereq         ) [ 00000000000000000000000000000000000000000000000000000000000000000000000000000000000000000000000000000000000000000000000000000000000000000000000000]
gmem2_2_addr_req       (writereq         ) [ 00000000000000000000000000000000000000000000000000000000000000000000000000000000000000000000000000000000000000000000000000000000000000000000000000]
gmem2_3_addr_req       (writereq         ) [ 00000000000000000000000000000000000000000000000000000000000000000000000000000000000000000000000000000000000000000000000000000000000000000000000000]
sext_ln19_8            (sext             ) [ 00000000000000000000000000000000000000000000000000000000000000000000000000000000000000000000000000000000000000000000000000000000000000000000000000]
zext_ln19              (zext             ) [ 00000000000000000000000000000000000000000000000000000000000000000000000000000000000000000000000000000000000000000000000000000000000000000000000000]
sext_ln19_9            (sext             ) [ 00000000000000000000000000000000000000000000000000000000000000000000000000000000000000000000000000000000000000000000000000000000000000000000000000]
zext_ln19_1            (zext             ) [ 00000000000000000000000000000000000000000000000000000000000000000000000000000000000000000000000000000000000000000000000000000000000000000000000000]
sext_ln19_10           (sext             ) [ 00000000000000000000000000000000000000000000000000000000000000000000000000000000000000000000000000000000000000000000000000000000000000000000000000]
zext_ln19_2            (zext             ) [ 00000000000000000000000000000000000000000000000000000000000000000000000000000000000000000000000000000000000000000000000000000000000000000000000000]
sext_ln19_11           (sext             ) [ 00000000000000000000000000000000000000000000000000000000000000000000000000000000000000000000000000000000000000000000000000000000000000000000000000]
zext_ln19_3            (zext             ) [ 00000000000000000000000000000000000000000000000000000000000000000000000000000000000000000000000000000000000000000000000000000000000000000000000000]
write_ln24             (write            ) [ 00000000000000000000000000000000000000000000000000000000000000000000000000000000000000000000000000000000000000000000000000000000000000000000000000]
write_ln24             (write            ) [ 00000000000000000000000000000000000000000000000000000000000000000000000000000000000000000000000000000000000000000000000000000000000000000000000000]
write_ln24             (write            ) [ 00000000000000000000000000000000000000000000000000000000000000000000000000000000000000000000000000000000000000000000000000000000000000000000000000]
write_ln24             (write            ) [ 00000000000000000000000000000000000000000000000000000000000000000000000000000000000000000000000000000000000000000000000000000000000000000000000000]
gmem2_0_addr_resp      (writeresp        ) [ 00000000000000000000000000000000000000000000000000000000000000000000000000000000000000000000000000000000000000000000000000000000000000000000000000]
gmem2_1_addr_resp      (writeresp        ) [ 00000000000000000000000000000000000000000000000000000000000000000000000000000000000000000000000000000000000000000000000000000000000000000000000000]
gmem2_2_addr_resp      (writeresp        ) [ 00000000000000000000000000000000000000000000000000000000000000000000000000000000000000000000000000000000000000000000000000000000000000000000000000]
gmem2_3_addr_resp      (writeresp        ) [ 00000000000000000000000000000000000000000000000000000000000000000000000000000000000000000000000000000000000000000000000000000000000000000000000000]
ret_ln24               (ret              ) [ 00000000000000000000000000000000000000000000000000000000000000000000000000000000000000000000000000000000000000000000000000000000000000000000000000]
</LifeTime>

<model>

<comp_list>
<comp id="0" class="1000" name="gmem0_0">
<pin_list>
<pin id="1" dir="1" index="0" bw="1" slack="0"/>
</pin_list>
<bind>
<StgValue><ssdm name="gmem0_0"/><MemPortTyVec>0 </MemPortTyVec>
</StgValue>
</bind>
</comp>

<comp id="2" class="1000" name="gmem0_1">
<pin_list>
<pin id="3" dir="1" index="0" bw="1" slack="0"/>
</pin_list>
<bind>
<StgValue><ssdm name="gmem0_1"/><MemPortTyVec>0 </MemPortTyVec>
</StgValue>
</bind>
</comp>

<comp id="4" class="1000" name="gmem0_2">
<pin_list>
<pin id="5" dir="1" index="0" bw="1" slack="0"/>
</pin_list>
<bind>
<StgValue><ssdm name="gmem0_2"/><MemPortTyVec>0 </MemPortTyVec>
</StgValue>
</bind>
</comp>

<comp id="6" class="1000" name="gmem0_3">
<pin_list>
<pin id="7" dir="1" index="0" bw="1" slack="0"/>
</pin_list>
<bind>
<StgValue><ssdm name="gmem0_3"/><MemPortTyVec>0 </MemPortTyVec>
</StgValue>
</bind>
</comp>

<comp id="8" class="1000" name="gmem1_0">
<pin_list>
<pin id="9" dir="1" index="0" bw="1" slack="0"/>
</pin_list>
<bind>
<StgValue><ssdm name="gmem1_0"/><MemPortTyVec>0 </MemPortTyVec>
</StgValue>
</bind>
</comp>

<comp id="10" class="1000" name="gmem1_1">
<pin_list>
<pin id="11" dir="1" index="0" bw="1" slack="0"/>
</pin_list>
<bind>
<StgValue><ssdm name="gmem1_1"/><MemPortTyVec>0 </MemPortTyVec>
</StgValue>
</bind>
</comp>

<comp id="12" class="1000" name="gmem1_2">
<pin_list>
<pin id="13" dir="1" index="0" bw="1" slack="0"/>
</pin_list>
<bind>
<StgValue><ssdm name="gmem1_2"/><MemPortTyVec>0 </MemPortTyVec>
</StgValue>
</bind>
</comp>

<comp id="14" class="1000" name="gmem1_3">
<pin_list>
<pin id="15" dir="1" index="0" bw="1" slack="0"/>
</pin_list>
<bind>
<StgValue><ssdm name="gmem1_3"/><MemPortTyVec>0 </MemPortTyVec>
</StgValue>
</bind>
</comp>

<comp id="16" class="1000" name="gmem2_0">
<pin_list>
<pin id="17" dir="1" index="0" bw="1" slack="0"/>
</pin_list>
<bind>
<StgValue><ssdm name="gmem2_0"/><MemPortTyVec>1 </MemPortTyVec>
</StgValue>
</bind>
</comp>

<comp id="18" class="1000" name="gmem2_1">
<pin_list>
<pin id="19" dir="1" index="0" bw="1" slack="0"/>
</pin_list>
<bind>
<StgValue><ssdm name="gmem2_1"/><MemPortTyVec>1 </MemPortTyVec>
</StgValue>
</bind>
</comp>

<comp id="20" class="1000" name="gmem2_2">
<pin_list>
<pin id="21" dir="1" index="0" bw="1" slack="0"/>
</pin_list>
<bind>
<StgValue><ssdm name="gmem2_2"/><MemPortTyVec>1 </MemPortTyVec>
</StgValue>
</bind>
</comp>

<comp id="22" class="1000" name="gmem2_3">
<pin_list>
<pin id="23" dir="1" index="0" bw="1" slack="0"/>
</pin_list>
<bind>
<StgValue><ssdm name="gmem2_3"/><MemPortTyVec>1 </MemPortTyVec>
</StgValue>
</bind>
</comp>

<comp id="24" class="1000" name="a_0">
<pin_list>
<pin id="25" dir="1" index="0" bw="1" slack="0"/>
</pin_list>
<bind>
<StgValue><ssdm name="a_0"/></StgValue>
</bind>
</comp>

<comp id="26" class="1000" name="a_1">
<pin_list>
<pin id="27" dir="1" index="0" bw="1" slack="0"/>
</pin_list>
<bind>
<StgValue><ssdm name="a_1"/></StgValue>
</bind>
</comp>

<comp id="28" class="1000" name="a_2">
<pin_list>
<pin id="29" dir="1" index="0" bw="1" slack="0"/>
</pin_list>
<bind>
<StgValue><ssdm name="a_2"/></StgValue>
</bind>
</comp>

<comp id="30" class="1000" name="a_3">
<pin_list>
<pin id="31" dir="1" index="0" bw="1" slack="0"/>
</pin_list>
<bind>
<StgValue><ssdm name="a_3"/></StgValue>
</bind>
</comp>

<comp id="32" class="1000" name="b_0">
<pin_list>
<pin id="33" dir="1" index="0" bw="1" slack="0"/>
</pin_list>
<bind>
<StgValue><ssdm name="b_0"/></StgValue>
</bind>
</comp>

<comp id="34" class="1000" name="b_1">
<pin_list>
<pin id="35" dir="1" index="0" bw="1" slack="0"/>
</pin_list>
<bind>
<StgValue><ssdm name="b_1"/></StgValue>
</bind>
</comp>

<comp id="36" class="1000" name="b_2">
<pin_list>
<pin id="37" dir="1" index="0" bw="1" slack="0"/>
</pin_list>
<bind>
<StgValue><ssdm name="b_2"/></StgValue>
</bind>
</comp>

<comp id="38" class="1000" name="b_3">
<pin_list>
<pin id="39" dir="1" index="0" bw="1" slack="0"/>
</pin_list>
<bind>
<StgValue><ssdm name="b_3"/></StgValue>
</bind>
</comp>

<comp id="40" class="1000" name="c_0">
<pin_list>
<pin id="41" dir="1" index="0" bw="1" slack="0"/>
</pin_list>
<bind>
<StgValue><ssdm name="c_0"/></StgValue>
</bind>
</comp>

<comp id="42" class="1000" name="c_1">
<pin_list>
<pin id="43" dir="1" index="0" bw="1" slack="0"/>
</pin_list>
<bind>
<StgValue><ssdm name="c_1"/></StgValue>
</bind>
</comp>

<comp id="44" class="1000" name="c_2">
<pin_list>
<pin id="45" dir="1" index="0" bw="1" slack="0"/>
</pin_list>
<bind>
<StgValue><ssdm name="c_2"/></StgValue>
</bind>
</comp>

<comp id="46" class="1000" name="c_3">
<pin_list>
<pin id="47" dir="1" index="0" bw="1" slack="0"/>
</pin_list>
<bind>
<StgValue><ssdm name="c_3"/></StgValue>
</bind>
</comp>

<comp id="48" class="1001" name="const_48">
<pin_list>
<pin id="49" dir="1" index="0" bw="1" slack="0"/>
</pin_list>
<bind>
<StgValue><ssdm name=""/></StgValue>
</bind>
</comp>

<comp id="50" class="1001" name="const_50">
<pin_list>
<pin id="51" dir="1" index="0" bw="1" slack="0"/>
</pin_list>
<bind>
<StgValue><ssdm name="_ssdm_op_Read.s_axilite.i64"/></StgValue>
</bind>
</comp>

<comp id="52" class="1001" name="const_52">
<pin_list>
<pin id="53" dir="1" index="0" bw="1" slack="0"/>
</pin_list>
<bind>
<StgValue><ssdm name="_ssdm_op_PartSelect.i62.i64.i32.i32"/></StgValue>
</bind>
</comp>

<comp id="54" class="1001" name="const_54">
<pin_list>
<pin id="55" dir="1" index="0" bw="1" slack="0"/>
</pin_list>
<bind>
<StgValue><ssdm name=""/></StgValue>
</bind>
</comp>

<comp id="56" class="1001" name="const_56">
<pin_list>
<pin id="57" dir="1" index="0" bw="1" slack="0"/>
</pin_list>
<bind>
<StgValue><ssdm name=""/></StgValue>
</bind>
</comp>

<comp id="58" class="1001" name="const_58">
<pin_list>
<pin id="59" dir="1" index="0" bw="1" slack="0"/>
</pin_list>
<bind>
<StgValue><ssdm name="_ssdm_op_PartSelect.i61.i64.i32.i32"/></StgValue>
</bind>
</comp>

<comp id="60" class="1001" name="const_60">
<pin_list>
<pin id="61" dir="1" index="0" bw="1" slack="0"/>
</pin_list>
<bind>
<StgValue><ssdm name=""/></StgValue>
</bind>
</comp>

<comp id="62" class="1001" name="const_62">
<pin_list>
<pin id="63" dir="1" index="0" bw="1" slack="0"/>
</pin_list>
<bind>
<StgValue><ssdm name=""/></StgValue>
</bind>
</comp>

<comp id="64" class="1001" name="const_64">
<pin_list>
<pin id="65" dir="1" index="0" bw="1" slack="0"/>
</pin_list>
<bind>
<StgValue><ssdm name=""/></StgValue>
</bind>
</comp>

<comp id="66" class="1001" name="const_66">
<pin_list>
<pin id="67" dir="1" index="0" bw="1" slack="0"/>
</pin_list>
<bind>
<StgValue><ssdm name="_ssdm_op_ReadReq.m_axi.i32P1A"/></StgValue>
</bind>
</comp>

<comp id="68" class="1001" name="const_68">
<pin_list>
<pin id="69" dir="1" index="0" bw="1" slack="0"/>
</pin_list>
<bind>
<StgValue><ssdm name=""/></StgValue>
</bind>
</comp>

<comp id="70" class="1001" name="const_70">
<pin_list>
<pin id="71" dir="1" index="0" bw="1" slack="0"/>
</pin_list>
<bind>
<StgValue><ssdm name="_ssdm_op_Read.m_axi.i32P1A"/></StgValue>
</bind>
</comp>

<comp id="72" class="1001" name="const_72">
<pin_list>
<pin id="73" dir="1" index="0" bw="1" slack="2147483647"/>
</pin_list>
<bind>
<StgValue><ssdm name="_ssdm_op_SpecTopModule"/></StgValue>
</bind>
</comp>

<comp id="74" class="1001" name="const_74">
<pin_list>
<pin id="75" dir="1" index="0" bw="1" slack="2147483647"/>
</pin_list>
<bind>
<StgValue><ssdm name="empty_29"/></StgValue>
</bind>
</comp>

<comp id="76" class="1001" name="const_76">
<pin_list>
<pin id="77" dir="1" index="0" bw="1" slack="2147483647"/>
</pin_list>
<bind>
<StgValue><ssdm name="_ssdm_op_SpecInterface"/></StgValue>
</bind>
</comp>

<comp id="78" class="1001" name="const_78">
<pin_list>
<pin id="79" dir="1" index="0" bw="1" slack="2147483647"/>
</pin_list>
<bind>
<StgValue><ssdm name=""/></StgValue>
</bind>
</comp>

<comp id="80" class="1001" name="const_80">
<pin_list>
<pin id="81" dir="1" index="0" bw="1" slack="2147483647"/>
</pin_list>
<bind>
<StgValue><ssdm name="empty_30"/></StgValue>
</bind>
</comp>

<comp id="82" class="1001" name="const_82">
<pin_list>
<pin id="83" dir="1" index="0" bw="1" slack="2147483647"/>
</pin_list>
<bind>
<StgValue><ssdm name="empty_24"/></StgValue>
</bind>
</comp>

<comp id="84" class="1001" name="const_84">
<pin_list>
<pin id="85" dir="1" index="0" bw="1" slack="2147483647"/>
</pin_list>
<bind>
<StgValue><ssdm name=""/></StgValue>
</bind>
</comp>

<comp id="86" class="1001" name="const_86">
<pin_list>
<pin id="87" dir="1" index="0" bw="1" slack="2147483647"/>
</pin_list>
<bind>
<StgValue><ssdm name="empty_15"/></StgValue>
</bind>
</comp>

<comp id="88" class="1001" name="const_88">
<pin_list>
<pin id="89" dir="1" index="0" bw="1" slack="2147483647"/>
</pin_list>
<bind>
<StgValue><ssdm name=""/></StgValue>
</bind>
</comp>

<comp id="90" class="1001" name="const_90">
<pin_list>
<pin id="91" dir="1" index="0" bw="1" slack="2147483647"/>
</pin_list>
<bind>
<StgValue><ssdm name="empty_8"/></StgValue>
</bind>
</comp>

<comp id="92" class="1001" name="const_92">
<pin_list>
<pin id="93" dir="1" index="0" bw="1" slack="2147483647"/>
</pin_list>
<bind>
<StgValue><ssdm name="empty_0"/></StgValue>
</bind>
</comp>

<comp id="94" class="1001" name="const_94">
<pin_list>
<pin id="95" dir="1" index="0" bw="1" slack="0"/>
</pin_list>
<bind>
<StgValue><ssdm name=""/></StgValue>
</bind>
</comp>

<comp id="96" class="1001" name="const_96">
<pin_list>
<pin id="97" dir="1" index="0" bw="1" slack="2147483647"/>
</pin_list>
<bind>
<StgValue><ssdm name="_ssdm_op_SpecBitsMap"/></StgValue>
</bind>
</comp>

<comp id="98" class="1001" name="const_98">
<pin_list>
<pin id="99" dir="1" index="0" bw="1" slack="2147483647"/>
</pin_list>
<bind>
<StgValue><ssdm name="empty_1"/></StgValue>
</bind>
</comp>

<comp id="100" class="1001" name="const_100">
<pin_list>
<pin id="101" dir="1" index="0" bw="1" slack="2147483647"/>
</pin_list>
<bind>
<StgValue><ssdm name="empty_2"/></StgValue>
</bind>
</comp>

<comp id="102" class="1001" name="const_102">
<pin_list>
<pin id="103" dir="1" index="0" bw="1" slack="2147483647"/>
</pin_list>
<bind>
<StgValue><ssdm name="empty_3"/></StgValue>
</bind>
</comp>

<comp id="104" class="1001" name="const_104">
<pin_list>
<pin id="105" dir="1" index="0" bw="1" slack="2147483647"/>
</pin_list>
<bind>
<StgValue><ssdm name="empty_32"/></StgValue>
</bind>
</comp>

<comp id="106" class="1001" name="const_106">
<pin_list>
<pin id="107" dir="1" index="0" bw="1" slack="2147483647"/>
</pin_list>
<bind>
<StgValue><ssdm name="empty_5"/></StgValue>
</bind>
</comp>

<comp id="108" class="1001" name="const_108">
<pin_list>
<pin id="109" dir="1" index="0" bw="1" slack="2147483647"/>
</pin_list>
<bind>
<StgValue><ssdm name="empty_14"/></StgValue>
</bind>
</comp>

<comp id="110" class="1001" name="const_110">
<pin_list>
<pin id="111" dir="1" index="0" bw="1" slack="2147483647"/>
</pin_list>
<bind>
<StgValue><ssdm name="empty_7"/></StgValue>
</bind>
</comp>

<comp id="112" class="1001" name="const_112">
<pin_list>
<pin id="113" dir="1" index="0" bw="1" slack="2147483647"/>
</pin_list>
<bind>
<StgValue><ssdm name="empty"/></StgValue>
</bind>
</comp>

<comp id="114" class="1001" name="const_114">
<pin_list>
<pin id="115" dir="1" index="0" bw="1" slack="2147483647"/>
</pin_list>
<bind>
<StgValue><ssdm name="empty_9"/></StgValue>
</bind>
</comp>

<comp id="116" class="1001" name="const_116">
<pin_list>
<pin id="117" dir="1" index="0" bw="1" slack="2147483647"/>
</pin_list>
<bind>
<StgValue><ssdm name="empty_10"/></StgValue>
</bind>
</comp>

<comp id="118" class="1001" name="const_118">
<pin_list>
<pin id="119" dir="1" index="0" bw="1" slack="2147483647"/>
</pin_list>
<bind>
<StgValue><ssdm name="empty_11"/></StgValue>
</bind>
</comp>

<comp id="120" class="1001" name="const_120">
<pin_list>
<pin id="121" dir="1" index="0" bw="1" slack="2147483647"/>
</pin_list>
<bind>
<StgValue><ssdm name="empty_12"/></StgValue>
</bind>
</comp>

<comp id="122" class="1001" name="const_122">
<pin_list>
<pin id="123" dir="1" index="0" bw="1" slack="2147483647"/>
</pin_list>
<bind>
<StgValue><ssdm name="empty_4"/></StgValue>
</bind>
</comp>

<comp id="124" class="1001" name="const_124">
<pin_list>
<pin id="125" dir="1" index="0" bw="1" slack="2147483647"/>
</pin_list>
<bind>
<StgValue><ssdm name="empty_6"/></StgValue>
</bind>
</comp>

<comp id="126" class="1001" name="const_126">
<pin_list>
<pin id="127" dir="1" index="0" bw="1" slack="2147483647"/>
</pin_list>
<bind>
<StgValue><ssdm name="empty_25"/></StgValue>
</bind>
</comp>

<comp id="128" class="1001" name="const_128">
<pin_list>
<pin id="129" dir="1" index="0" bw="1" slack="2147483647"/>
</pin_list>
<bind>
<StgValue><ssdm name="empty_17"/></StgValue>
</bind>
</comp>

<comp id="130" class="1001" name="const_130">
<pin_list>
<pin id="131" dir="1" index="0" bw="1" slack="2147483647"/>
</pin_list>
<bind>
<StgValue><ssdm name="empty_18"/></StgValue>
</bind>
</comp>

<comp id="132" class="1001" name="const_132">
<pin_list>
<pin id="133" dir="1" index="0" bw="1" slack="2147483647"/>
</pin_list>
<bind>
<StgValue><ssdm name="empty_19"/></StgValue>
</bind>
</comp>

<comp id="134" class="1001" name="const_134">
<pin_list>
<pin id="135" dir="1" index="0" bw="1" slack="2147483647"/>
</pin_list>
<bind>
<StgValue><ssdm name="empty_20"/></StgValue>
</bind>
</comp>

<comp id="136" class="1001" name="const_136">
<pin_list>
<pin id="137" dir="1" index="0" bw="1" slack="2147483647"/>
</pin_list>
<bind>
<StgValue><ssdm name="empty_21"/></StgValue>
</bind>
</comp>

<comp id="138" class="1001" name="const_138">
<pin_list>
<pin id="139" dir="1" index="0" bw="1" slack="2147483647"/>
</pin_list>
<bind>
<StgValue><ssdm name="empty_31"/></StgValue>
</bind>
</comp>

<comp id="140" class="1001" name="const_140">
<pin_list>
<pin id="141" dir="1" index="0" bw="1" slack="2147483647"/>
</pin_list>
<bind>
<StgValue><ssdm name="empty_23"/></StgValue>
</bind>
</comp>

<comp id="142" class="1001" name="const_142">
<pin_list>
<pin id="143" dir="1" index="0" bw="1" slack="2147483647"/>
</pin_list>
<bind>
<StgValue><ssdm name="empty_13"/></StgValue>
</bind>
</comp>

<comp id="144" class="1001" name="const_144">
<pin_list>
<pin id="145" dir="1" index="0" bw="1" slack="2147483647"/>
</pin_list>
<bind>
<StgValue><ssdm name="empty_16"/></StgValue>
</bind>
</comp>

<comp id="146" class="1001" name="const_146">
<pin_list>
<pin id="147" dir="1" index="0" bw="1" slack="2147483647"/>
</pin_list>
<bind>
<StgValue><ssdm name="empty_26"/></StgValue>
</bind>
</comp>

<comp id="148" class="1001" name="const_148">
<pin_list>
<pin id="149" dir="1" index="0" bw="1" slack="2147483647"/>
</pin_list>
<bind>
<StgValue><ssdm name="empty_27"/></StgValue>
</bind>
</comp>

<comp id="150" class="1001" name="const_150">
<pin_list>
<pin id="151" dir="1" index="0" bw="1" slack="2147483647"/>
</pin_list>
<bind>
<StgValue><ssdm name="empty_28"/></StgValue>
</bind>
</comp>

<comp id="152" class="1001" name="const_152">
<pin_list>
<pin id="153" dir="1" index="0" bw="1" slack="2147483647"/>
</pin_list>
<bind>
<StgValue><ssdm name="_ssdm_op_SpecPipeline"/></StgValue>
</bind>
</comp>

<comp id="154" class="1001" name="const_154">
<pin_list>
<pin id="155" dir="1" index="0" bw="1" slack="0"/>
</pin_list>
<bind>
<StgValue><ssdm name=""/></StgValue>
</bind>
</comp>

<comp id="156" class="1001" name="const_156">
<pin_list>
<pin id="157" dir="1" index="0" bw="1" slack="2147483647"/>
</pin_list>
<bind>
<StgValue><ssdm name="_ssdm_op_SpecLoopTripCount"/></StgValue>
</bind>
</comp>

<comp id="158" class="1001" name="const_158">
<pin_list>
<pin id="159" dir="1" index="0" bw="1" slack="2147483647"/>
</pin_list>
<bind>
<StgValue><ssdm name=""/></StgValue>
</bind>
</comp>

<comp id="160" class="1001" name="const_160">
<pin_list>
<pin id="161" dir="1" index="0" bw="1" slack="2147483647"/>
</pin_list>
<bind>
<StgValue><ssdm name="_ssdm_op_SpecLoopName"/></StgValue>
</bind>
</comp>

<comp id="162" class="1001" name="const_162">
<pin_list>
<pin id="163" dir="1" index="0" bw="1" slack="2147483647"/>
</pin_list>
<bind>
<StgValue><ssdm name="empty_22"/></StgValue>
</bind>
</comp>

<comp id="164" class="1001" name="const_164">
<pin_list>
<pin id="165" dir="1" index="0" bw="1" slack="0"/>
</pin_list>
<bind>
<StgValue><ssdm name="_ssdm_op_PartSelect.i24.i32.i32.i32"/></StgValue>
</bind>
</comp>

<comp id="166" class="1001" name="const_166">
<pin_list>
<pin id="167" dir="1" index="0" bw="1" slack="0"/>
</pin_list>
<bind>
<StgValue><ssdm name=""/></StgValue>
</bind>
</comp>

<comp id="168" class="1001" name="const_168">
<pin_list>
<pin id="169" dir="1" index="0" bw="1" slack="0"/>
</pin_list>
<bind>
<StgValue><ssdm name=""/></StgValue>
</bind>
</comp>

<comp id="170" class="1001" name="const_170">
<pin_list>
<pin id="171" dir="1" index="0" bw="1" slack="0"/>
</pin_list>
<bind>
<StgValue><ssdm name="_ssdm_op_PartSelect.i41.i57.i32.i32"/></StgValue>
</bind>
</comp>

<comp id="172" class="1001" name="const_172">
<pin_list>
<pin id="173" dir="1" index="0" bw="1" slack="0"/>
</pin_list>
<bind>
<StgValue><ssdm name=""/></StgValue>
</bind>
</comp>

<comp id="174" class="1001" name="const_174">
<pin_list>
<pin id="175" dir="1" index="0" bw="1" slack="0"/>
</pin_list>
<bind>
<StgValue><ssdm name="_ssdm_op_BitConcatenate.i57.i9.i3.i45"/></StgValue>
</bind>
</comp>

<comp id="176" class="1001" name="const_176">
<pin_list>
<pin id="177" dir="1" index="0" bw="1" slack="0"/>
</pin_list>
<bind>
<StgValue><ssdm name=""/></StgValue>
</bind>
</comp>

<comp id="178" class="1001" name="const_178">
<pin_list>
<pin id="179" dir="1" index="0" bw="1" slack="0"/>
</pin_list>
<bind>
<StgValue><ssdm name=""/></StgValue>
</bind>
</comp>

<comp id="180" class="1001" name="const_180">
<pin_list>
<pin id="181" dir="1" index="0" bw="1" slack="0"/>
</pin_list>
<bind>
<StgValue><ssdm name="_ssdm_op_BitSelect.i1.i5.i32"/></StgValue>
</bind>
</comp>

<comp id="182" class="1001" name="const_182">
<pin_list>
<pin id="183" dir="1" index="0" bw="1" slack="0"/>
</pin_list>
<bind>
<StgValue><ssdm name="_ssdm_op_WriteReq.m_axi.i64P1A"/></StgValue>
</bind>
</comp>

<comp id="184" class="1001" name="const_184">
<pin_list>
<pin id="185" dir="1" index="0" bw="1" slack="0"/>
</pin_list>
<bind>
<StgValue><ssdm name="_ssdm_op_Write.m_axi.i64P1A"/></StgValue>
</bind>
</comp>

<comp id="186" class="1001" name="const_186">
<pin_list>
<pin id="187" dir="1" index="0" bw="1" slack="0"/>
</pin_list>
<bind>
<StgValue><ssdm name=""/></StgValue>
</bind>
</comp>

<comp id="188" class="1001" name="const_188">
<pin_list>
<pin id="189" dir="1" index="0" bw="1" slack="0"/>
</pin_list>
<bind>
<StgValue><ssdm name="_ssdm_op_WriteResp.m_axi.i64P1A"/></StgValue>
</bind>
</comp>

<comp id="190" class="1004" name="i1_fu_190">
<pin_list>
<pin id="191" dir="0" index="0" bw="1" slack="0"/>
<pin id="192" dir="1" index="1" bw="5" slack="0"/>
</pin_list>
<bind>
<opcode="alloca(26) " fcode="alloca"/>
<opset="i1/1 "/>
</bind>
</comp>

<comp id="194" class="1004" name="shiftreg2_fu_194">
<pin_list>
<pin id="195" dir="0" index="0" bw="1" slack="0"/>
<pin id="196" dir="1" index="1" bw="32" slack="73"/>
</pin_list>
<bind>
<opcode="alloca(26) " fcode="alloca"/>
<opset="shiftreg2/1 "/>
</bind>
</comp>

<comp id="198" class="1004" name="shiftreg163_fu_198">
<pin_list>
<pin id="199" dir="0" index="0" bw="1" slack="0"/>
<pin id="200" dir="1" index="1" bw="32" slack="73"/>
</pin_list>
<bind>
<opcode="alloca(26) " fcode="alloca"/>
<opset="shiftreg163/1 "/>
</bind>
</comp>

<comp id="202" class="1004" name="shiftreg184_fu_202">
<pin_list>
<pin id="203" dir="0" index="0" bw="1" slack="0"/>
<pin id="204" dir="1" index="1" bw="32" slack="73"/>
</pin_list>
<bind>
<opcode="alloca(26) " fcode="alloca"/>
<opset="shiftreg184/1 "/>
</bind>
</comp>

<comp id="206" class="1004" name="shiftreg205_fu_206">
<pin_list>
<pin id="207" dir="0" index="0" bw="1" slack="0"/>
<pin id="208" dir="1" index="1" bw="32" slack="73"/>
</pin_list>
<bind>
<opcode="alloca(26) " fcode="alloca"/>
<opset="shiftreg205/1 "/>
</bind>
</comp>

<comp id="210" class="1004" name="shiftreg226_fu_210">
<pin_list>
<pin id="211" dir="0" index="0" bw="1" slack="0"/>
<pin id="212" dir="1" index="1" bw="32" slack="73"/>
</pin_list>
<bind>
<opcode="alloca(26) " fcode="alloca"/>
<opset="shiftreg226/1 "/>
</bind>
</comp>

<comp id="214" class="1004" name="shiftreg247_fu_214">
<pin_list>
<pin id="215" dir="0" index="0" bw="1" slack="0"/>
<pin id="216" dir="1" index="1" bw="32" slack="73"/>
</pin_list>
<bind>
<opcode="alloca(26) " fcode="alloca"/>
<opset="shiftreg247/1 "/>
</bind>
</comp>

<comp id="218" class="1004" name="shiftreg268_fu_218">
<pin_list>
<pin id="219" dir="0" index="0" bw="1" slack="0"/>
<pin id="220" dir="1" index="1" bw="32" slack="73"/>
</pin_list>
<bind>
<opcode="alloca(26) " fcode="alloca"/>
<opset="shiftreg268/1 "/>
</bind>
</comp>

<comp id="222" class="1004" name="shiftreg289_fu_222">
<pin_list>
<pin id="223" dir="0" index="0" bw="1" slack="0"/>
<pin id="224" dir="1" index="1" bw="32" slack="73"/>
</pin_list>
<bind>
<opcode="alloca(26) " fcode="alloca"/>
<opset="shiftreg289/1 "/>
</bind>
</comp>

<comp id="226" class="1004" name="shiftreg3010_fu_226">
<pin_list>
<pin id="227" dir="0" index="0" bw="1" slack="0"/>
<pin id="228" dir="1" index="1" bw="57" slack="0"/>
</pin_list>
<bind>
<opcode="alloca(26) " fcode="alloca"/>
<opset="shiftreg3010/1 "/>
</bind>
</comp>

<comp id="230" class="1004" name="shiftreg3212_fu_230">
<pin_list>
<pin id="231" dir="0" index="0" bw="1" slack="0"/>
<pin id="232" dir="1" index="1" bw="57" slack="0"/>
</pin_list>
<bind>
<opcode="alloca(26) " fcode="alloca"/>
<opset="shiftreg3212/1 "/>
</bind>
</comp>

<comp id="234" class="1004" name="shiftreg3414_fu_234">
<pin_list>
<pin id="235" dir="0" index="0" bw="1" slack="0"/>
<pin id="236" dir="1" index="1" bw="57" slack="0"/>
</pin_list>
<bind>
<opcode="alloca(26) " fcode="alloca"/>
<opset="shiftreg3414/1 "/>
</bind>
</comp>

<comp id="238" class="1004" name="shiftreg3616_fu_238">
<pin_list>
<pin id="239" dir="0" index="0" bw="1" slack="0"/>
<pin id="240" dir="1" index="1" bw="57" slack="0"/>
</pin_list>
<bind>
<opcode="alloca(26) " fcode="alloca"/>
<opset="shiftreg3616/1 "/>
</bind>
</comp>

<comp id="242" class="1004" name="c_3_read_read_fu_242">
<pin_list>
<pin id="243" dir="0" index="0" bw="64" slack="0"/>
<pin id="244" dir="0" index="1" bw="64" slack="0"/>
<pin id="245" dir="1" index="2" bw="64" slack="0"/>
</pin_list>
<bind>
<opcode="read(1150) " fcode="read"/>
<opset="c_3_read/1 "/>
</bind>
</comp>

<comp id="248" class="1004" name="c_2_read_read_fu_248">
<pin_list>
<pin id="249" dir="0" index="0" bw="64" slack="0"/>
<pin id="250" dir="0" index="1" bw="64" slack="0"/>
<pin id="251" dir="1" index="2" bw="64" slack="0"/>
</pin_list>
<bind>
<opcode="read(1150) " fcode="read"/>
<opset="c_2_read/1 "/>
</bind>
</comp>

<comp id="254" class="1004" name="c_1_read_read_fu_254">
<pin_list>
<pin id="255" dir="0" index="0" bw="64" slack="0"/>
<pin id="256" dir="0" index="1" bw="64" slack="0"/>
<pin id="257" dir="1" index="2" bw="64" slack="0"/>
</pin_list>
<bind>
<opcode="read(1150) " fcode="read"/>
<opset="c_1_read/1 "/>
</bind>
</comp>

<comp id="260" class="1004" name="c_0_read_read_fu_260">
<pin_list>
<pin id="261" dir="0" index="0" bw="64" slack="0"/>
<pin id="262" dir="0" index="1" bw="64" slack="0"/>
<pin id="263" dir="1" index="2" bw="64" slack="0"/>
</pin_list>
<bind>
<opcode="read(1150) " fcode="read"/>
<opset="c_0_read/1 "/>
</bind>
</comp>

<comp id="266" class="1004" name="b_3_read_read_fu_266">
<pin_list>
<pin id="267" dir="0" index="0" bw="64" slack="0"/>
<pin id="268" dir="0" index="1" bw="64" slack="0"/>
<pin id="269" dir="1" index="2" bw="64" slack="0"/>
</pin_list>
<bind>
<opcode="read(1150) " fcode="read"/>
<opset="b_3_read/1 "/>
</bind>
</comp>

<comp id="272" class="1004" name="b_2_read_read_fu_272">
<pin_list>
<pin id="273" dir="0" index="0" bw="64" slack="0"/>
<pin id="274" dir="0" index="1" bw="64" slack="0"/>
<pin id="275" dir="1" index="2" bw="64" slack="0"/>
</pin_list>
<bind>
<opcode="read(1150) " fcode="read"/>
<opset="b_2_read/1 "/>
</bind>
</comp>

<comp id="278" class="1004" name="b_1_read_read_fu_278">
<pin_list>
<pin id="279" dir="0" index="0" bw="64" slack="0"/>
<pin id="280" dir="0" index="1" bw="64" slack="0"/>
<pin id="281" dir="1" index="2" bw="64" slack="0"/>
</pin_list>
<bind>
<opcode="read(1150) " fcode="read"/>
<opset="b_1_read/1 "/>
</bind>
</comp>

<comp id="284" class="1004" name="b_0_read_read_fu_284">
<pin_list>
<pin id="285" dir="0" index="0" bw="64" slack="0"/>
<pin id="286" dir="0" index="1" bw="64" slack="0"/>
<pin id="287" dir="1" index="2" bw="64" slack="0"/>
</pin_list>
<bind>
<opcode="read(1150) " fcode="read"/>
<opset="b_0_read/1 "/>
</bind>
</comp>

<comp id="290" class="1004" name="a_3_read_read_fu_290">
<pin_list>
<pin id="291" dir="0" index="0" bw="64" slack="0"/>
<pin id="292" dir="0" index="1" bw="64" slack="0"/>
<pin id="293" dir="1" index="2" bw="64" slack="0"/>
</pin_list>
<bind>
<opcode="read(1150) " fcode="read"/>
<opset="a_3_read/1 "/>
</bind>
</comp>

<comp id="296" class="1004" name="a_2_read_read_fu_296">
<pin_list>
<pin id="297" dir="0" index="0" bw="64" slack="0"/>
<pin id="298" dir="0" index="1" bw="64" slack="0"/>
<pin id="299" dir="1" index="2" bw="64" slack="0"/>
</pin_list>
<bind>
<opcode="read(1150) " fcode="read"/>
<opset="a_2_read/1 "/>
</bind>
</comp>

<comp id="302" class="1004" name="a_1_read_read_fu_302">
<pin_list>
<pin id="303" dir="0" index="0" bw="64" slack="0"/>
<pin id="304" dir="0" index="1" bw="64" slack="0"/>
<pin id="305" dir="1" index="2" bw="64" slack="0"/>
</pin_list>
<bind>
<opcode="read(1150) " fcode="read"/>
<opset="a_1_read/1 "/>
</bind>
</comp>

<comp id="308" class="1004" name="a_0_read_read_fu_308">
<pin_list>
<pin id="309" dir="0" index="0" bw="64" slack="0"/>
<pin id="310" dir="0" index="1" bw="64" slack="0"/>
<pin id="311" dir="1" index="2" bw="64" slack="0"/>
</pin_list>
<bind>
<opcode="read(1150) " fcode="read"/>
<opset="a_0_read/1 "/>
</bind>
</comp>

<comp id="314" class="1004" name="grp_readreq_fu_314">
<pin_list>
<pin id="315" dir="0" index="0" bw="1" slack="0"/>
<pin id="316" dir="0" index="1" bw="32" slack="1"/>
<pin id="317" dir="0" index="2" bw="1" slack="0"/>
<pin id="318" dir="1" index="3" bw="1" slack="2147483647"/>
</pin_list>
<bind>
<opcode="readreq(1154) " fcode="readreq"/>
<opset="gmem0_0_load_req/2 "/>
</bind>
</comp>

<comp id="321" class="1004" name="grp_readreq_fu_321">
<pin_list>
<pin id="322" dir="0" index="0" bw="1" slack="0"/>
<pin id="323" dir="0" index="1" bw="32" slack="1"/>
<pin id="324" dir="0" index="2" bw="1" slack="0"/>
<pin id="325" dir="1" index="3" bw="1" slack="2147483647"/>
</pin_list>
<bind>
<opcode="readreq(1154) " fcode="readreq"/>
<opset="gmem1_0_load_req/2 "/>
</bind>
</comp>

<comp id="328" class="1004" name="grp_readreq_fu_328">
<pin_list>
<pin id="329" dir="0" index="0" bw="1" slack="0"/>
<pin id="330" dir="0" index="1" bw="32" slack="1"/>
<pin id="331" dir="0" index="2" bw="1" slack="0"/>
<pin id="332" dir="1" index="3" bw="1" slack="2147483647"/>
</pin_list>
<bind>
<opcode="readreq(1154) " fcode="readreq"/>
<opset="gmem0_1_load_req/2 "/>
</bind>
</comp>

<comp id="335" class="1004" name="grp_readreq_fu_335">
<pin_list>
<pin id="336" dir="0" index="0" bw="1" slack="0"/>
<pin id="337" dir="0" index="1" bw="32" slack="1"/>
<pin id="338" dir="0" index="2" bw="1" slack="0"/>
<pin id="339" dir="1" index="3" bw="1" slack="2147483647"/>
</pin_list>
<bind>
<opcode="readreq(1154) " fcode="readreq"/>
<opset="gmem0_2_load_req/2 "/>
</bind>
</comp>

<comp id="342" class="1004" name="grp_readreq_fu_342">
<pin_list>
<pin id="343" dir="0" index="0" bw="1" slack="0"/>
<pin id="344" dir="0" index="1" bw="32" slack="1"/>
<pin id="345" dir="0" index="2" bw="1" slack="0"/>
<pin id="346" dir="1" index="3" bw="1" slack="2147483647"/>
</pin_list>
<bind>
<opcode="readreq(1154) " fcode="readreq"/>
<opset="gmem0_3_load_req/2 "/>
</bind>
</comp>

<comp id="349" class="1004" name="grp_readreq_fu_349">
<pin_list>
<pin id="350" dir="0" index="0" bw="1" slack="0"/>
<pin id="351" dir="0" index="1" bw="32" slack="1"/>
<pin id="352" dir="0" index="2" bw="1" slack="0"/>
<pin id="353" dir="1" index="3" bw="1" slack="2147483647"/>
</pin_list>
<bind>
<opcode="readreq(1154) " fcode="readreq"/>
<opset="gmem1_1_load_req/2 "/>
</bind>
</comp>

<comp id="356" class="1004" name="grp_readreq_fu_356">
<pin_list>
<pin id="357" dir="0" index="0" bw="1" slack="0"/>
<pin id="358" dir="0" index="1" bw="32" slack="1"/>
<pin id="359" dir="0" index="2" bw="1" slack="0"/>
<pin id="360" dir="1" index="3" bw="1" slack="2147483647"/>
</pin_list>
<bind>
<opcode="readreq(1154) " fcode="readreq"/>
<opset="gmem1_2_load_req/2 "/>
</bind>
</comp>

<comp id="363" class="1004" name="grp_readreq_fu_363">
<pin_list>
<pin id="364" dir="0" index="0" bw="1" slack="0"/>
<pin id="365" dir="0" index="1" bw="32" slack="1"/>
<pin id="366" dir="0" index="2" bw="1" slack="0"/>
<pin id="367" dir="1" index="3" bw="1" slack="2147483647"/>
</pin_list>
<bind>
<opcode="readreq(1154) " fcode="readreq"/>
<opset="gmem1_3_load_req/2 "/>
</bind>
</comp>

<comp id="370" class="1004" name="gmem0_0_addr_read_read_fu_370">
<pin_list>
<pin id="371" dir="0" index="0" bw="32" slack="0"/>
<pin id="372" dir="0" index="1" bw="32" slack="72"/>
<pin id="373" dir="1" index="2" bw="32" slack="1"/>
</pin_list>
<bind>
<opcode="read(1150) " fcode="read"/>
<opset="gmem0_0_addr_read/73 "/>
</bind>
</comp>

<comp id="375" class="1004" name="gmem1_0_addr_read_read_fu_375">
<pin_list>
<pin id="376" dir="0" index="0" bw="32" slack="0"/>
<pin id="377" dir="0" index="1" bw="32" slack="72"/>
<pin id="378" dir="1" index="2" bw="32" slack="1"/>
</pin_list>
<bind>
<opcode="read(1150) " fcode="read"/>
<opset="gmem1_0_addr_read/73 "/>
</bind>
</comp>

<comp id="380" class="1004" name="gmem0_1_addr_read_read_fu_380">
<pin_list>
<pin id="381" dir="0" index="0" bw="32" slack="0"/>
<pin id="382" dir="0" index="1" bw="32" slack="72"/>
<pin id="383" dir="1" index="2" bw="32" slack="1"/>
</pin_list>
<bind>
<opcode="read(1150) " fcode="read"/>
<opset="gmem0_1_addr_read/73 "/>
</bind>
</comp>

<comp id="385" class="1004" name="gmem0_2_addr_read_read_fu_385">
<pin_list>
<pin id="386" dir="0" index="0" bw="32" slack="0"/>
<pin id="387" dir="0" index="1" bw="32" slack="72"/>
<pin id="388" dir="1" index="2" bw="32" slack="1"/>
</pin_list>
<bind>
<opcode="read(1150) " fcode="read"/>
<opset="gmem0_2_addr_read/73 "/>
</bind>
</comp>

<comp id="390" class="1004" name="gmem0_3_addr_read_read_fu_390">
<pin_list>
<pin id="391" dir="0" index="0" bw="32" slack="0"/>
<pin id="392" dir="0" index="1" bw="32" slack="72"/>
<pin id="393" dir="1" index="2" bw="32" slack="1"/>
</pin_list>
<bind>
<opcode="read(1150) " fcode="read"/>
<opset="gmem0_3_addr_read/73 "/>
</bind>
</comp>

<comp id="395" class="1004" name="gmem1_1_addr_read_read_fu_395">
<pin_list>
<pin id="396" dir="0" index="0" bw="32" slack="0"/>
<pin id="397" dir="0" index="1" bw="32" slack="72"/>
<pin id="398" dir="1" index="2" bw="32" slack="1"/>
</pin_list>
<bind>
<opcode="read(1150) " fcode="read"/>
<opset="gmem1_1_addr_read/73 "/>
</bind>
</comp>

<comp id="400" class="1004" name="gmem1_2_addr_read_read_fu_400">
<pin_list>
<pin id="401" dir="0" index="0" bw="32" slack="0"/>
<pin id="402" dir="0" index="1" bw="32" slack="72"/>
<pin id="403" dir="1" index="2" bw="32" slack="1"/>
</pin_list>
<bind>
<opcode="read(1150) " fcode="read"/>
<opset="gmem1_2_addr_read/73 "/>
</bind>
</comp>

<comp id="405" class="1004" name="gmem1_3_addr_read_read_fu_405">
<pin_list>
<pin id="406" dir="0" index="0" bw="32" slack="0"/>
<pin id="407" dir="0" index="1" bw="32" slack="72"/>
<pin id="408" dir="1" index="2" bw="32" slack="1"/>
</pin_list>
<bind>
<opcode="read(1150) " fcode="read"/>
<opset="gmem1_3_addr_read/73 "/>
</bind>
</comp>

<comp id="410" class="1004" name="gmem2_0_addr_req_writereq_fu_410">
<pin_list>
<pin id="411" dir="0" index="0" bw="1" slack="0"/>
<pin id="412" dir="0" index="1" bw="64" slack="2"/>
<pin id="413" dir="0" index="2" bw="1" slack="0"/>
<pin id="414" dir="1" index="3" bw="1" slack="2147483647"/>
</pin_list>
<bind>
<opcode="writereq(1155) " fcode="writereq"/>
<opset="gmem2_0_addr_req/76 "/>
</bind>
</comp>

<comp id="417" class="1004" name="gmem2_1_addr_req_writereq_fu_417">
<pin_list>
<pin id="418" dir="0" index="0" bw="1" slack="0"/>
<pin id="419" dir="0" index="1" bw="64" slack="2"/>
<pin id="420" dir="0" index="2" bw="1" slack="0"/>
<pin id="421" dir="1" index="3" bw="1" slack="2147483647"/>
</pin_list>
<bind>
<opcode="writereq(1155) " fcode="writereq"/>
<opset="gmem2_1_addr_req/76 "/>
</bind>
</comp>

<comp id="424" class="1004" name="gmem2_2_addr_req_writereq_fu_424">
<pin_list>
<pin id="425" dir="0" index="0" bw="1" slack="0"/>
<pin id="426" dir="0" index="1" bw="64" slack="2"/>
<pin id="427" dir="0" index="2" bw="1" slack="0"/>
<pin id="428" dir="1" index="3" bw="1" slack="2147483647"/>
</pin_list>
<bind>
<opcode="writereq(1155) " fcode="writereq"/>
<opset="gmem2_2_addr_req/76 "/>
</bind>
</comp>

<comp id="431" class="1004" name="gmem2_3_addr_req_writereq_fu_431">
<pin_list>
<pin id="432" dir="0" index="0" bw="1" slack="0"/>
<pin id="433" dir="0" index="1" bw="64" slack="2"/>
<pin id="434" dir="0" index="2" bw="1" slack="0"/>
<pin id="435" dir="1" index="3" bw="1" slack="2147483647"/>
</pin_list>
<bind>
<opcode="writereq(1155) " fcode="writereq"/>
<opset="gmem2_3_addr_req/76 "/>
</bind>
</comp>

<comp id="438" class="1004" name="write_ln24_write_fu_438">
<pin_list>
<pin id="439" dir="0" index="0" bw="0" slack="0"/>
<pin id="440" dir="0" index="1" bw="64" slack="3"/>
<pin id="441" dir="0" index="2" bw="61" slack="0"/>
<pin id="442" dir="0" index="3" bw="1" slack="0"/>
<pin id="443" dir="1" index="4" bw="0" slack="2147483647"/>
</pin_list>
<bind>
<opcode="write(1151) " fcode="write"/>
<opset="write_ln24/77 "/>
</bind>
</comp>

<comp id="446" class="1004" name="write_ln24_write_fu_446">
<pin_list>
<pin id="447" dir="0" index="0" bw="0" slack="0"/>
<pin id="448" dir="0" index="1" bw="64" slack="3"/>
<pin id="449" dir="0" index="2" bw="61" slack="0"/>
<pin id="450" dir="0" index="3" bw="1" slack="0"/>
<pin id="451" dir="1" index="4" bw="0" slack="2147483647"/>
</pin_list>
<bind>
<opcode="write(1151) " fcode="write"/>
<opset="write_ln24/77 "/>
</bind>
</comp>

<comp id="454" class="1004" name="write_ln24_write_fu_454">
<pin_list>
<pin id="455" dir="0" index="0" bw="0" slack="0"/>
<pin id="456" dir="0" index="1" bw="64" slack="3"/>
<pin id="457" dir="0" index="2" bw="61" slack="0"/>
<pin id="458" dir="0" index="3" bw="1" slack="0"/>
<pin id="459" dir="1" index="4" bw="0" slack="2147483647"/>
</pin_list>
<bind>
<opcode="write(1151) " fcode="write"/>
<opset="write_ln24/77 "/>
</bind>
</comp>

<comp id="462" class="1004" name="write_ln24_write_fu_462">
<pin_list>
<pin id="463" dir="0" index="0" bw="0" slack="0"/>
<pin id="464" dir="0" index="1" bw="64" slack="3"/>
<pin id="465" dir="0" index="2" bw="61" slack="0"/>
<pin id="466" dir="0" index="3" bw="1" slack="0"/>
<pin id="467" dir="1" index="4" bw="0" slack="2147483647"/>
</pin_list>
<bind>
<opcode="write(1151) " fcode="write"/>
<opset="write_ln24/77 "/>
</bind>
</comp>

<comp id="470" class="1004" name="grp_writeresp_fu_470">
<pin_list>
<pin id="471" dir="0" index="0" bw="1" slack="0"/>
<pin id="472" dir="0" index="1" bw="64" slack="4"/>
<pin id="473" dir="1" index="2" bw="1" slack="2147483647"/>
</pin_list>
<bind>
<opcode="writeresp(1158) " fcode="writeresp"/>
<opset="gmem2_0_addr_resp/78 "/>
</bind>
</comp>

<comp id="475" class="1004" name="grp_writeresp_fu_475">
<pin_list>
<pin id="476" dir="0" index="0" bw="1" slack="0"/>
<pin id="477" dir="0" index="1" bw="64" slack="4"/>
<pin id="478" dir="1" index="2" bw="1" slack="2147483647"/>
</pin_list>
<bind>
<opcode="writeresp(1158) " fcode="writeresp"/>
<opset="gmem2_1_addr_resp/78 "/>
</bind>
</comp>

<comp id="480" class="1004" name="grp_writeresp_fu_480">
<pin_list>
<pin id="481" dir="0" index="0" bw="1" slack="0"/>
<pin id="482" dir="0" index="1" bw="64" slack="4"/>
<pin id="483" dir="1" index="2" bw="1" slack="2147483647"/>
</pin_list>
<bind>
<opcode="writeresp(1158) " fcode="writeresp"/>
<opset="gmem2_2_addr_resp/78 "/>
</bind>
</comp>

<comp id="485" class="1004" name="grp_writeresp_fu_485">
<pin_list>
<pin id="486" dir="0" index="0" bw="1" slack="0"/>
<pin id="487" dir="0" index="1" bw="64" slack="4"/>
<pin id="488" dir="1" index="2" bw="1" slack="2147483647"/>
</pin_list>
<bind>
<opcode="writeresp(1158) " fcode="writeresp"/>
<opset="gmem2_3_addr_resp/78 "/>
</bind>
</comp>

<comp id="490" class="1004" name="trunc_ln_fu_490">
<pin_list>
<pin id="491" dir="0" index="0" bw="62" slack="0"/>
<pin id="492" dir="0" index="1" bw="64" slack="0"/>
<pin id="493" dir="0" index="2" bw="3" slack="0"/>
<pin id="494" dir="0" index="3" bw="7" slack="0"/>
<pin id="495" dir="1" index="4" bw="62" slack="0"/>
</pin_list>
<bind>
<opcode="partselect(1002) " fcode="partselect"/>
<opset="trunc_ln/1 "/>
</bind>
</comp>

<comp id="500" class="1004" name="sext_ln19_fu_500">
<pin_list>
<pin id="501" dir="0" index="0" bw="62" slack="0"/>
<pin id="502" dir="1" index="1" bw="64" slack="0"/>
</pin_list>
<bind>
<opcode="sext(35) " fcode="sext"/>
<opset="sext_ln19/1 "/>
</bind>
</comp>

<comp id="504" class="1004" name="gmem0_0_addr_fu_504">
<pin_list>
<pin id="505" dir="0" index="0" bw="32" slack="0"/>
<pin id="506" dir="0" index="1" bw="62" slack="0"/>
<pin id="507" dir="1" index="2" bw="32" slack="1"/>
</pin_list>
<bind>
<opcode="getelementptr(29) " fcode="getelementptr"/>
<opset="gmem0_0_addr/1 "/>
</bind>
</comp>

<comp id="510" class="1004" name="trunc_ln19_1_fu_510">
<pin_list>
<pin id="511" dir="0" index="0" bw="62" slack="0"/>
<pin id="512" dir="0" index="1" bw="64" slack="0"/>
<pin id="513" dir="0" index="2" bw="3" slack="0"/>
<pin id="514" dir="0" index="3" bw="7" slack="0"/>
<pin id="515" dir="1" index="4" bw="62" slack="0"/>
</pin_list>
<bind>
<opcode="partselect(1002) " fcode="partselect"/>
<opset="trunc_ln19_1/1 "/>
</bind>
</comp>

<comp id="520" class="1004" name="sext_ln19_1_fu_520">
<pin_list>
<pin id="521" dir="0" index="0" bw="62" slack="0"/>
<pin id="522" dir="1" index="1" bw="64" slack="0"/>
</pin_list>
<bind>
<opcode="sext(35) " fcode="sext"/>
<opset="sext_ln19_1/1 "/>
</bind>
</comp>

<comp id="524" class="1004" name="gmem1_0_addr_fu_524">
<pin_list>
<pin id="525" dir="0" index="0" bw="32" slack="0"/>
<pin id="526" dir="0" index="1" bw="62" slack="0"/>
<pin id="527" dir="1" index="2" bw="32" slack="1"/>
</pin_list>
<bind>
<opcode="getelementptr(29) " fcode="getelementptr"/>
<opset="gmem1_0_addr/1 "/>
</bind>
</comp>

<comp id="530" class="1004" name="trunc_ln19_2_fu_530">
<pin_list>
<pin id="531" dir="0" index="0" bw="62" slack="0"/>
<pin id="532" dir="0" index="1" bw="64" slack="0"/>
<pin id="533" dir="0" index="2" bw="3" slack="0"/>
<pin id="534" dir="0" index="3" bw="7" slack="0"/>
<pin id="535" dir="1" index="4" bw="62" slack="0"/>
</pin_list>
<bind>
<opcode="partselect(1002) " fcode="partselect"/>
<opset="trunc_ln19_2/1 "/>
</bind>
</comp>

<comp id="540" class="1004" name="sext_ln19_2_fu_540">
<pin_list>
<pin id="541" dir="0" index="0" bw="62" slack="0"/>
<pin id="542" dir="1" index="1" bw="64" slack="0"/>
</pin_list>
<bind>
<opcode="sext(35) " fcode="sext"/>
<opset="sext_ln19_2/1 "/>
</bind>
</comp>

<comp id="544" class="1004" name="gmem0_1_addr_fu_544">
<pin_list>
<pin id="545" dir="0" index="0" bw="32" slack="0"/>
<pin id="546" dir="0" index="1" bw="62" slack="0"/>
<pin id="547" dir="1" index="2" bw="32" slack="1"/>
</pin_list>
<bind>
<opcode="getelementptr(29) " fcode="getelementptr"/>
<opset="gmem0_1_addr/1 "/>
</bind>
</comp>

<comp id="550" class="1004" name="trunc_ln19_3_fu_550">
<pin_list>
<pin id="551" dir="0" index="0" bw="62" slack="0"/>
<pin id="552" dir="0" index="1" bw="64" slack="0"/>
<pin id="553" dir="0" index="2" bw="3" slack="0"/>
<pin id="554" dir="0" index="3" bw="7" slack="0"/>
<pin id="555" dir="1" index="4" bw="62" slack="0"/>
</pin_list>
<bind>
<opcode="partselect(1002) " fcode="partselect"/>
<opset="trunc_ln19_3/1 "/>
</bind>
</comp>

<comp id="560" class="1004" name="sext_ln19_3_fu_560">
<pin_list>
<pin id="561" dir="0" index="0" bw="62" slack="0"/>
<pin id="562" dir="1" index="1" bw="64" slack="0"/>
</pin_list>
<bind>
<opcode="sext(35) " fcode="sext"/>
<opset="sext_ln19_3/1 "/>
</bind>
</comp>

<comp id="564" class="1004" name="gmem0_2_addr_fu_564">
<pin_list>
<pin id="565" dir="0" index="0" bw="32" slack="0"/>
<pin id="566" dir="0" index="1" bw="62" slack="0"/>
<pin id="567" dir="1" index="2" bw="32" slack="1"/>
</pin_list>
<bind>
<opcode="getelementptr(29) " fcode="getelementptr"/>
<opset="gmem0_2_addr/1 "/>
</bind>
</comp>

<comp id="570" class="1004" name="trunc_ln19_4_fu_570">
<pin_list>
<pin id="571" dir="0" index="0" bw="62" slack="0"/>
<pin id="572" dir="0" index="1" bw="64" slack="0"/>
<pin id="573" dir="0" index="2" bw="3" slack="0"/>
<pin id="574" dir="0" index="3" bw="7" slack="0"/>
<pin id="575" dir="1" index="4" bw="62" slack="0"/>
</pin_list>
<bind>
<opcode="partselect(1002) " fcode="partselect"/>
<opset="trunc_ln19_4/1 "/>
</bind>
</comp>

<comp id="580" class="1004" name="sext_ln19_4_fu_580">
<pin_list>
<pin id="581" dir="0" index="0" bw="62" slack="0"/>
<pin id="582" dir="1" index="1" bw="64" slack="0"/>
</pin_list>
<bind>
<opcode="sext(35) " fcode="sext"/>
<opset="sext_ln19_4/1 "/>
</bind>
</comp>

<comp id="584" class="1004" name="gmem0_3_addr_fu_584">
<pin_list>
<pin id="585" dir="0" index="0" bw="32" slack="0"/>
<pin id="586" dir="0" index="1" bw="62" slack="0"/>
<pin id="587" dir="1" index="2" bw="32" slack="1"/>
</pin_list>
<bind>
<opcode="getelementptr(29) " fcode="getelementptr"/>
<opset="gmem0_3_addr/1 "/>
</bind>
</comp>

<comp id="590" class="1004" name="trunc_ln19_5_fu_590">
<pin_list>
<pin id="591" dir="0" index="0" bw="62" slack="0"/>
<pin id="592" dir="0" index="1" bw="64" slack="0"/>
<pin id="593" dir="0" index="2" bw="3" slack="0"/>
<pin id="594" dir="0" index="3" bw="7" slack="0"/>
<pin id="595" dir="1" index="4" bw="62" slack="0"/>
</pin_list>
<bind>
<opcode="partselect(1002) " fcode="partselect"/>
<opset="trunc_ln19_5/1 "/>
</bind>
</comp>

<comp id="600" class="1004" name="sext_ln19_5_fu_600">
<pin_list>
<pin id="601" dir="0" index="0" bw="62" slack="0"/>
<pin id="602" dir="1" index="1" bw="64" slack="0"/>
</pin_list>
<bind>
<opcode="sext(35) " fcode="sext"/>
<opset="sext_ln19_5/1 "/>
</bind>
</comp>

<comp id="604" class="1004" name="gmem1_1_addr_fu_604">
<pin_list>
<pin id="605" dir="0" index="0" bw="32" slack="0"/>
<pin id="606" dir="0" index="1" bw="62" slack="0"/>
<pin id="607" dir="1" index="2" bw="32" slack="1"/>
</pin_list>
<bind>
<opcode="getelementptr(29) " fcode="getelementptr"/>
<opset="gmem1_1_addr/1 "/>
</bind>
</comp>

<comp id="610" class="1004" name="trunc_ln19_6_fu_610">
<pin_list>
<pin id="611" dir="0" index="0" bw="62" slack="0"/>
<pin id="612" dir="0" index="1" bw="64" slack="0"/>
<pin id="613" dir="0" index="2" bw="3" slack="0"/>
<pin id="614" dir="0" index="3" bw="7" slack="0"/>
<pin id="615" dir="1" index="4" bw="62" slack="0"/>
</pin_list>
<bind>
<opcode="partselect(1002) " fcode="partselect"/>
<opset="trunc_ln19_6/1 "/>
</bind>
</comp>

<comp id="620" class="1004" name="sext_ln19_6_fu_620">
<pin_list>
<pin id="621" dir="0" index="0" bw="62" slack="0"/>
<pin id="622" dir="1" index="1" bw="64" slack="0"/>
</pin_list>
<bind>
<opcode="sext(35) " fcode="sext"/>
<opset="sext_ln19_6/1 "/>
</bind>
</comp>

<comp id="624" class="1004" name="gmem1_2_addr_fu_624">
<pin_list>
<pin id="625" dir="0" index="0" bw="32" slack="0"/>
<pin id="626" dir="0" index="1" bw="62" slack="0"/>
<pin id="627" dir="1" index="2" bw="32" slack="1"/>
</pin_list>
<bind>
<opcode="getelementptr(29) " fcode="getelementptr"/>
<opset="gmem1_2_addr/1 "/>
</bind>
</comp>

<comp id="630" class="1004" name="trunc_ln19_7_fu_630">
<pin_list>
<pin id="631" dir="0" index="0" bw="62" slack="0"/>
<pin id="632" dir="0" index="1" bw="64" slack="0"/>
<pin id="633" dir="0" index="2" bw="3" slack="0"/>
<pin id="634" dir="0" index="3" bw="7" slack="0"/>
<pin id="635" dir="1" index="4" bw="62" slack="0"/>
</pin_list>
<bind>
<opcode="partselect(1002) " fcode="partselect"/>
<opset="trunc_ln19_7/1 "/>
</bind>
</comp>

<comp id="640" class="1004" name="sext_ln19_7_fu_640">
<pin_list>
<pin id="641" dir="0" index="0" bw="62" slack="0"/>
<pin id="642" dir="1" index="1" bw="64" slack="0"/>
</pin_list>
<bind>
<opcode="sext(35) " fcode="sext"/>
<opset="sext_ln19_7/1 "/>
</bind>
</comp>

<comp id="644" class="1004" name="gmem1_3_addr_fu_644">
<pin_list>
<pin id="645" dir="0" index="0" bw="32" slack="0"/>
<pin id="646" dir="0" index="1" bw="62" slack="0"/>
<pin id="647" dir="1" index="2" bw="32" slack="1"/>
</pin_list>
<bind>
<opcode="getelementptr(29) " fcode="getelementptr"/>
<opset="gmem1_3_addr/1 "/>
</bind>
</comp>

<comp id="650" class="1004" name="p_cast_fu_650">
<pin_list>
<pin id="651" dir="0" index="0" bw="61" slack="0"/>
<pin id="652" dir="0" index="1" bw="64" slack="0"/>
<pin id="653" dir="0" index="2" bw="3" slack="0"/>
<pin id="654" dir="0" index="3" bw="7" slack="0"/>
<pin id="655" dir="1" index="4" bw="61" slack="73"/>
</pin_list>
<bind>
<opcode="partselect(1002) " fcode="partselect"/>
<opset="p_cast/1 "/>
</bind>
</comp>

<comp id="660" class="1004" name="p_cast1_fu_660">
<pin_list>
<pin id="661" dir="0" index="0" bw="61" slack="0"/>
<pin id="662" dir="0" index="1" bw="64" slack="0"/>
<pin id="663" dir="0" index="2" bw="3" slack="0"/>
<pin id="664" dir="0" index="3" bw="7" slack="0"/>
<pin id="665" dir="1" index="4" bw="61" slack="73"/>
</pin_list>
<bind>
<opcode="partselect(1002) " fcode="partselect"/>
<opset="p_cast1/1 "/>
</bind>
</comp>

<comp id="670" class="1004" name="p_cast2_fu_670">
<pin_list>
<pin id="671" dir="0" index="0" bw="61" slack="0"/>
<pin id="672" dir="0" index="1" bw="64" slack="0"/>
<pin id="673" dir="0" index="2" bw="3" slack="0"/>
<pin id="674" dir="0" index="3" bw="7" slack="0"/>
<pin id="675" dir="1" index="4" bw="61" slack="73"/>
</pin_list>
<bind>
<opcode="partselect(1002) " fcode="partselect"/>
<opset="p_cast2/1 "/>
</bind>
</comp>

<comp id="680" class="1004" name="p_cast3_fu_680">
<pin_list>
<pin id="681" dir="0" index="0" bw="61" slack="0"/>
<pin id="682" dir="0" index="1" bw="64" slack="0"/>
<pin id="683" dir="0" index="2" bw="3" slack="0"/>
<pin id="684" dir="0" index="3" bw="7" slack="0"/>
<pin id="685" dir="1" index="4" bw="61" slack="73"/>
</pin_list>
<bind>
<opcode="partselect(1002) " fcode="partselect"/>
<opset="p_cast3/1 "/>
</bind>
</comp>

<comp id="690" class="1004" name="store_ln0_store_fu_690">
<pin_list>
<pin id="691" dir="0" index="0" bw="1" slack="0"/>
<pin id="692" dir="0" index="1" bw="57" slack="0"/>
<pin id="693" dir="1" index="2" bw="0" slack="2147483647"/>
</pin_list>
<bind>
<opcode="store(28) " fcode="store"/>
<opset="store_ln0/1 "/>
</bind>
</comp>

<comp id="695" class="1004" name="store_ln0_store_fu_695">
<pin_list>
<pin id="696" dir="0" index="0" bw="1" slack="0"/>
<pin id="697" dir="0" index="1" bw="57" slack="0"/>
<pin id="698" dir="1" index="2" bw="0" slack="2147483647"/>
</pin_list>
<bind>
<opcode="store(28) " fcode="store"/>
<opset="store_ln0/1 "/>
</bind>
</comp>

<comp id="700" class="1004" name="store_ln0_store_fu_700">
<pin_list>
<pin id="701" dir="0" index="0" bw="1" slack="0"/>
<pin id="702" dir="0" index="1" bw="57" slack="0"/>
<pin id="703" dir="1" index="2" bw="0" slack="2147483647"/>
</pin_list>
<bind>
<opcode="store(28) " fcode="store"/>
<opset="store_ln0/1 "/>
</bind>
</comp>

<comp id="705" class="1004" name="store_ln0_store_fu_705">
<pin_list>
<pin id="706" dir="0" index="0" bw="1" slack="0"/>
<pin id="707" dir="0" index="1" bw="57" slack="0"/>
<pin id="708" dir="1" index="2" bw="0" slack="2147483647"/>
</pin_list>
<bind>
<opcode="store(28) " fcode="store"/>
<opset="store_ln0/1 "/>
</bind>
</comp>

<comp id="710" class="1004" name="store_ln0_store_fu_710">
<pin_list>
<pin id="711" dir="0" index="0" bw="1" slack="0"/>
<pin id="712" dir="0" index="1" bw="5" slack="0"/>
<pin id="713" dir="1" index="2" bw="0" slack="2147483647"/>
</pin_list>
<bind>
<opcode="store(28) " fcode="store"/>
<opset="store_ln0/1 "/>
</bind>
</comp>

<comp id="715" class="1004" name="p_cast_cast_fu_715">
<pin_list>
<pin id="716" dir="0" index="0" bw="61" slack="73"/>
<pin id="717" dir="1" index="1" bw="64" slack="0"/>
</pin_list>
<bind>
<opcode="sext(35) " fcode="sext"/>
<opset="p_cast_cast/74 "/>
</bind>
</comp>

<comp id="718" class="1004" name="gmem2_3_addr_fu_718">
<pin_list>
<pin id="719" dir="0" index="0" bw="64" slack="0"/>
<pin id="720" dir="0" index="1" bw="61" slack="0"/>
<pin id="721" dir="1" index="2" bw="64" slack="2"/>
</pin_list>
<bind>
<opcode="getelementptr(29) " fcode="getelementptr"/>
<opset="gmem2_3_addr/74 "/>
</bind>
</comp>

<comp id="724" class="1004" name="p_cast1_cast_fu_724">
<pin_list>
<pin id="725" dir="0" index="0" bw="61" slack="73"/>
<pin id="726" dir="1" index="1" bw="64" slack="0"/>
</pin_list>
<bind>
<opcode="sext(35) " fcode="sext"/>
<opset="p_cast1_cast/74 "/>
</bind>
</comp>

<comp id="727" class="1004" name="gmem2_2_addr_fu_727">
<pin_list>
<pin id="728" dir="0" index="0" bw="64" slack="0"/>
<pin id="729" dir="0" index="1" bw="61" slack="0"/>
<pin id="730" dir="1" index="2" bw="64" slack="2"/>
</pin_list>
<bind>
<opcode="getelementptr(29) " fcode="getelementptr"/>
<opset="gmem2_2_addr/74 "/>
</bind>
</comp>

<comp id="733" class="1004" name="p_cast2_cast_fu_733">
<pin_list>
<pin id="734" dir="0" index="0" bw="61" slack="73"/>
<pin id="735" dir="1" index="1" bw="64" slack="0"/>
</pin_list>
<bind>
<opcode="sext(35) " fcode="sext"/>
<opset="p_cast2_cast/74 "/>
</bind>
</comp>

<comp id="736" class="1004" name="gmem2_1_addr_fu_736">
<pin_list>
<pin id="737" dir="0" index="0" bw="64" slack="0"/>
<pin id="738" dir="0" index="1" bw="61" slack="0"/>
<pin id="739" dir="1" index="2" bw="64" slack="2"/>
</pin_list>
<bind>
<opcode="getelementptr(29) " fcode="getelementptr"/>
<opset="gmem2_1_addr/74 "/>
</bind>
</comp>

<comp id="742" class="1004" name="p_cast3_cast_fu_742">
<pin_list>
<pin id="743" dir="0" index="0" bw="61" slack="73"/>
<pin id="744" dir="1" index="1" bw="64" slack="0"/>
</pin_list>
<bind>
<opcode="sext(35) " fcode="sext"/>
<opset="p_cast3_cast/74 "/>
</bind>
</comp>

<comp id="745" class="1004" name="gmem2_0_addr_fu_745">
<pin_list>
<pin id="746" dir="0" index="0" bw="64" slack="0"/>
<pin id="747" dir="0" index="1" bw="61" slack="0"/>
<pin id="748" dir="1" index="2" bw="64" slack="2"/>
</pin_list>
<bind>
<opcode="getelementptr(29) " fcode="getelementptr"/>
<opset="gmem2_0_addr/74 "/>
</bind>
</comp>

<comp id="751" class="1004" name="store_ln19_store_fu_751">
<pin_list>
<pin id="752" dir="0" index="0" bw="32" slack="1"/>
<pin id="753" dir="0" index="1" bw="32" slack="73"/>
<pin id="754" dir="1" index="2" bw="0" slack="2147483647"/>
</pin_list>
<bind>
<opcode="store(28) " fcode="store"/>
<opset="store_ln19/74 "/>
</bind>
</comp>

<comp id="755" class="1004" name="store_ln19_store_fu_755">
<pin_list>
<pin id="756" dir="0" index="0" bw="32" slack="1"/>
<pin id="757" dir="0" index="1" bw="32" slack="73"/>
<pin id="758" dir="1" index="2" bw="0" slack="2147483647"/>
</pin_list>
<bind>
<opcode="store(28) " fcode="store"/>
<opset="store_ln19/74 "/>
</bind>
</comp>

<comp id="759" class="1004" name="store_ln19_store_fu_759">
<pin_list>
<pin id="760" dir="0" index="0" bw="32" slack="1"/>
<pin id="761" dir="0" index="1" bw="32" slack="73"/>
<pin id="762" dir="1" index="2" bw="0" slack="2147483647"/>
</pin_list>
<bind>
<opcode="store(28) " fcode="store"/>
<opset="store_ln19/74 "/>
</bind>
</comp>

<comp id="763" class="1004" name="store_ln19_store_fu_763">
<pin_list>
<pin id="764" dir="0" index="0" bw="32" slack="1"/>
<pin id="765" dir="0" index="1" bw="32" slack="73"/>
<pin id="766" dir="1" index="2" bw="0" slack="2147483647"/>
</pin_list>
<bind>
<opcode="store(28) " fcode="store"/>
<opset="store_ln19/74 "/>
</bind>
</comp>

<comp id="767" class="1004" name="store_ln19_store_fu_767">
<pin_list>
<pin id="768" dir="0" index="0" bw="32" slack="1"/>
<pin id="769" dir="0" index="1" bw="32" slack="73"/>
<pin id="770" dir="1" index="2" bw="0" slack="2147483647"/>
</pin_list>
<bind>
<opcode="store(28) " fcode="store"/>
<opset="store_ln19/74 "/>
</bind>
</comp>

<comp id="771" class="1004" name="store_ln19_store_fu_771">
<pin_list>
<pin id="772" dir="0" index="0" bw="32" slack="1"/>
<pin id="773" dir="0" index="1" bw="32" slack="73"/>
<pin id="774" dir="1" index="2" bw="0" slack="2147483647"/>
</pin_list>
<bind>
<opcode="store(28) " fcode="store"/>
<opset="store_ln19/74 "/>
</bind>
</comp>

<comp id="775" class="1004" name="store_ln19_store_fu_775">
<pin_list>
<pin id="776" dir="0" index="0" bw="32" slack="1"/>
<pin id="777" dir="0" index="1" bw="32" slack="73"/>
<pin id="778" dir="1" index="2" bw="0" slack="2147483647"/>
</pin_list>
<bind>
<opcode="store(28) " fcode="store"/>
<opset="store_ln19/74 "/>
</bind>
</comp>

<comp id="779" class="1004" name="store_ln19_store_fu_779">
<pin_list>
<pin id="780" dir="0" index="0" bw="32" slack="1"/>
<pin id="781" dir="0" index="1" bw="32" slack="73"/>
<pin id="782" dir="1" index="2" bw="0" slack="2147483647"/>
</pin_list>
<bind>
<opcode="store(28) " fcode="store"/>
<opset="store_ln19/74 "/>
</bind>
</comp>

<comp id="783" class="1004" name="i1_load_load_fu_783">
<pin_list>
<pin id="784" dir="0" index="0" bw="5" slack="74"/>
<pin id="785" dir="1" index="1" bw="5" slack="0"/>
</pin_list>
<bind>
<opcode="load(27) " fcode="load"/>
<opset="i1_load/75 "/>
</bind>
</comp>

<comp id="786" class="1004" name="shiftreg2_load_load_fu_786">
<pin_list>
<pin id="787" dir="0" index="0" bw="32" slack="74"/>
<pin id="788" dir="1" index="1" bw="32" slack="0"/>
</pin_list>
<bind>
<opcode="load(27) " fcode="load"/>
<opset="shiftreg2_load/75 "/>
</bind>
</comp>

<comp id="789" class="1004" name="shiftreg163_load_load_fu_789">
<pin_list>
<pin id="790" dir="0" index="0" bw="32" slack="74"/>
<pin id="791" dir="1" index="1" bw="32" slack="0"/>
</pin_list>
<bind>
<opcode="load(27) " fcode="load"/>
<opset="shiftreg163_load/75 "/>
</bind>
</comp>

<comp id="792" class="1004" name="shiftreg184_load_load_fu_792">
<pin_list>
<pin id="793" dir="0" index="0" bw="32" slack="74"/>
<pin id="794" dir="1" index="1" bw="32" slack="0"/>
</pin_list>
<bind>
<opcode="load(27) " fcode="load"/>
<opset="shiftreg184_load/75 "/>
</bind>
</comp>

<comp id="795" class="1004" name="shiftreg205_load_load_fu_795">
<pin_list>
<pin id="796" dir="0" index="0" bw="32" slack="74"/>
<pin id="797" dir="1" index="1" bw="32" slack="0"/>
</pin_list>
<bind>
<opcode="load(27) " fcode="load"/>
<opset="shiftreg205_load/75 "/>
</bind>
</comp>

<comp id="798" class="1004" name="shiftreg226_load_load_fu_798">
<pin_list>
<pin id="799" dir="0" index="0" bw="32" slack="74"/>
<pin id="800" dir="1" index="1" bw="32" slack="0"/>
</pin_list>
<bind>
<opcode="load(27) " fcode="load"/>
<opset="shiftreg226_load/75 "/>
</bind>
</comp>

<comp id="801" class="1004" name="shiftreg247_load_load_fu_801">
<pin_list>
<pin id="802" dir="0" index="0" bw="32" slack="74"/>
<pin id="803" dir="1" index="1" bw="32" slack="0"/>
</pin_list>
<bind>
<opcode="load(27) " fcode="load"/>
<opset="shiftreg247_load/75 "/>
</bind>
</comp>

<comp id="804" class="1004" name="shiftreg268_load_load_fu_804">
<pin_list>
<pin id="805" dir="0" index="0" bw="32" slack="74"/>
<pin id="806" dir="1" index="1" bw="32" slack="0"/>
</pin_list>
<bind>
<opcode="load(27) " fcode="load"/>
<opset="shiftreg268_load/75 "/>
</bind>
</comp>

<comp id="807" class="1004" name="shiftreg289_load_load_fu_807">
<pin_list>
<pin id="808" dir="0" index="0" bw="32" slack="74"/>
<pin id="809" dir="1" index="1" bw="32" slack="0"/>
</pin_list>
<bind>
<opcode="load(27) " fcode="load"/>
<opset="shiftreg289_load/75 "/>
</bind>
</comp>

<comp id="810" class="1004" name="shiftreg3010_load_load_fu_810">
<pin_list>
<pin id="811" dir="0" index="0" bw="57" slack="74"/>
<pin id="812" dir="1" index="1" bw="57" slack="0"/>
</pin_list>
<bind>
<opcode="load(27) " fcode="load"/>
<opset="shiftreg3010_load/75 "/>
</bind>
</comp>

<comp id="813" class="1004" name="shiftreg3212_load_load_fu_813">
<pin_list>
<pin id="814" dir="0" index="0" bw="57" slack="74"/>
<pin id="815" dir="1" index="1" bw="57" slack="0"/>
</pin_list>
<bind>
<opcode="load(27) " fcode="load"/>
<opset="shiftreg3212_load/75 "/>
</bind>
</comp>

<comp id="816" class="1004" name="shiftreg3414_load_load_fu_816">
<pin_list>
<pin id="817" dir="0" index="0" bw="57" slack="74"/>
<pin id="818" dir="1" index="1" bw="57" slack="0"/>
</pin_list>
<bind>
<opcode="load(27) " fcode="load"/>
<opset="shiftreg3414_load/75 "/>
</bind>
</comp>

<comp id="819" class="1004" name="shiftreg3616_load_load_fu_819">
<pin_list>
<pin id="820" dir="0" index="0" bw="57" slack="74"/>
<pin id="821" dir="1" index="1" bw="57" slack="0"/>
</pin_list>
<bind>
<opcode="load(27) " fcode="load"/>
<opset="shiftreg3616_load/75 "/>
</bind>
</comp>

<comp id="822" class="1004" name="trunc_ln22_fu_822">
<pin_list>
<pin id="823" dir="0" index="0" bw="32" slack="0"/>
<pin id="824" dir="1" index="1" bw="8" slack="0"/>
</pin_list>
<bind>
<opcode="trunc(33) " fcode="trunc"/>
<opset="trunc_ln22/75 "/>
</bind>
</comp>

<comp id="826" class="1004" name="lshr_ln_fu_826">
<pin_list>
<pin id="827" dir="0" index="0" bw="24" slack="0"/>
<pin id="828" dir="0" index="1" bw="32" slack="0"/>
<pin id="829" dir="0" index="2" bw="5" slack="0"/>
<pin id="830" dir="0" index="3" bw="6" slack="0"/>
<pin id="831" dir="1" index="4" bw="24" slack="0"/>
</pin_list>
<bind>
<opcode="partselect(1002) " fcode="partselect"/>
<opset="lshr_ln/75 "/>
</bind>
</comp>

<comp id="836" class="1004" name="zext_ln22_fu_836">
<pin_list>
<pin id="837" dir="0" index="0" bw="24" slack="0"/>
<pin id="838" dir="1" index="1" bw="32" slack="0"/>
</pin_list>
<bind>
<opcode="zext(34) " fcode="zext"/>
<opset="zext_ln22/75 "/>
</bind>
</comp>

<comp id="840" class="1004" name="sext_ln22_fu_840">
<pin_list>
<pin id="841" dir="0" index="0" bw="8" slack="0"/>
<pin id="842" dir="1" index="1" bw="9" slack="0"/>
</pin_list>
<bind>
<opcode="sext(35) " fcode="sext"/>
<opset="sext_ln22/75 "/>
</bind>
</comp>

<comp id="844" class="1004" name="trunc_ln22_1_fu_844">
<pin_list>
<pin id="845" dir="0" index="0" bw="32" slack="0"/>
<pin id="846" dir="1" index="1" bw="8" slack="0"/>
</pin_list>
<bind>
<opcode="trunc(33) " fcode="trunc"/>
<opset="trunc_ln22_1/75 "/>
</bind>
</comp>

<comp id="848" class="1004" name="lshr_ln22_1_fu_848">
<pin_list>
<pin id="849" dir="0" index="0" bw="24" slack="0"/>
<pin id="850" dir="0" index="1" bw="32" slack="0"/>
<pin id="851" dir="0" index="2" bw="5" slack="0"/>
<pin id="852" dir="0" index="3" bw="6" slack="0"/>
<pin id="853" dir="1" index="4" bw="24" slack="0"/>
</pin_list>
<bind>
<opcode="partselect(1002) " fcode="partselect"/>
<opset="lshr_ln22_1/75 "/>
</bind>
</comp>

<comp id="858" class="1004" name="zext_ln22_1_fu_858">
<pin_list>
<pin id="859" dir="0" index="0" bw="24" slack="0"/>
<pin id="860" dir="1" index="1" bw="32" slack="0"/>
</pin_list>
<bind>
<opcode="zext(34) " fcode="zext"/>
<opset="zext_ln22_1/75 "/>
</bind>
</comp>

<comp id="862" class="1004" name="sext_ln22_1_fu_862">
<pin_list>
<pin id="863" dir="0" index="0" bw="8" slack="0"/>
<pin id="864" dir="1" index="1" bw="9" slack="0"/>
</pin_list>
<bind>
<opcode="sext(35) " fcode="sext"/>
<opset="sext_ln22_1/75 "/>
</bind>
</comp>

<comp id="866" class="1004" name="add_ln22_fu_866">
<pin_list>
<pin id="867" dir="0" index="0" bw="8" slack="0"/>
<pin id="868" dir="0" index="1" bw="8" slack="0"/>
<pin id="869" dir="1" index="2" bw="9" slack="0"/>
</pin_list>
<bind>
<opcode="add(8) " fcode="add"/>
<opset="add_ln22/75 "/>
</bind>
</comp>

<comp id="872" class="1004" name="trunc_ln22_2_fu_872">
<pin_list>
<pin id="873" dir="0" index="0" bw="32" slack="0"/>
<pin id="874" dir="1" index="1" bw="8" slack="0"/>
</pin_list>
<bind>
<opcode="trunc(33) " fcode="trunc"/>
<opset="trunc_ln22_2/75 "/>
</bind>
</comp>

<comp id="876" class="1004" name="lshr_ln22_2_fu_876">
<pin_list>
<pin id="877" dir="0" index="0" bw="24" slack="0"/>
<pin id="878" dir="0" index="1" bw="32" slack="0"/>
<pin id="879" dir="0" index="2" bw="5" slack="0"/>
<pin id="880" dir="0" index="3" bw="6" slack="0"/>
<pin id="881" dir="1" index="4" bw="24" slack="0"/>
</pin_list>
<bind>
<opcode="partselect(1002) " fcode="partselect"/>
<opset="lshr_ln22_2/75 "/>
</bind>
</comp>

<comp id="886" class="1004" name="zext_ln22_2_fu_886">
<pin_list>
<pin id="887" dir="0" index="0" bw="24" slack="0"/>
<pin id="888" dir="1" index="1" bw="32" slack="0"/>
</pin_list>
<bind>
<opcode="zext(34) " fcode="zext"/>
<opset="zext_ln22_2/75 "/>
</bind>
</comp>

<comp id="890" class="1004" name="sext_ln22_2_fu_890">
<pin_list>
<pin id="891" dir="0" index="0" bw="8" slack="0"/>
<pin id="892" dir="1" index="1" bw="9" slack="0"/>
</pin_list>
<bind>
<opcode="sext(35) " fcode="sext"/>
<opset="sext_ln22_2/75 "/>
</bind>
</comp>

<comp id="894" class="1004" name="trunc_ln22_3_fu_894">
<pin_list>
<pin id="895" dir="0" index="0" bw="32" slack="0"/>
<pin id="896" dir="1" index="1" bw="8" slack="0"/>
</pin_list>
<bind>
<opcode="trunc(33) " fcode="trunc"/>
<opset="trunc_ln22_3/75 "/>
</bind>
</comp>

<comp id="898" class="1004" name="lshr_ln22_3_fu_898">
<pin_list>
<pin id="899" dir="0" index="0" bw="24" slack="0"/>
<pin id="900" dir="0" index="1" bw="32" slack="0"/>
<pin id="901" dir="0" index="2" bw="5" slack="0"/>
<pin id="902" dir="0" index="3" bw="6" slack="0"/>
<pin id="903" dir="1" index="4" bw="24" slack="0"/>
</pin_list>
<bind>
<opcode="partselect(1002) " fcode="partselect"/>
<opset="lshr_ln22_3/75 "/>
</bind>
</comp>

<comp id="908" class="1004" name="zext_ln22_3_fu_908">
<pin_list>
<pin id="909" dir="0" index="0" bw="24" slack="0"/>
<pin id="910" dir="1" index="1" bw="32" slack="0"/>
</pin_list>
<bind>
<opcode="zext(34) " fcode="zext"/>
<opset="zext_ln22_3/75 "/>
</bind>
</comp>

<comp id="912" class="1004" name="sext_ln22_3_fu_912">
<pin_list>
<pin id="913" dir="0" index="0" bw="8" slack="0"/>
<pin id="914" dir="1" index="1" bw="9" slack="0"/>
</pin_list>
<bind>
<opcode="sext(35) " fcode="sext"/>
<opset="sext_ln22_3/75 "/>
</bind>
</comp>

<comp id="916" class="1004" name="trunc_ln22_4_fu_916">
<pin_list>
<pin id="917" dir="0" index="0" bw="32" slack="0"/>
<pin id="918" dir="1" index="1" bw="8" slack="0"/>
</pin_list>
<bind>
<opcode="trunc(33) " fcode="trunc"/>
<opset="trunc_ln22_4/75 "/>
</bind>
</comp>

<comp id="920" class="1004" name="lshr_ln22_4_fu_920">
<pin_list>
<pin id="921" dir="0" index="0" bw="24" slack="0"/>
<pin id="922" dir="0" index="1" bw="32" slack="0"/>
<pin id="923" dir="0" index="2" bw="5" slack="0"/>
<pin id="924" dir="0" index="3" bw="6" slack="0"/>
<pin id="925" dir="1" index="4" bw="24" slack="0"/>
</pin_list>
<bind>
<opcode="partselect(1002) " fcode="partselect"/>
<opset="lshr_ln22_4/75 "/>
</bind>
</comp>

<comp id="930" class="1004" name="zext_ln22_4_fu_930">
<pin_list>
<pin id="931" dir="0" index="0" bw="24" slack="0"/>
<pin id="932" dir="1" index="1" bw="32" slack="0"/>
</pin_list>
<bind>
<opcode="zext(34) " fcode="zext"/>
<opset="zext_ln22_4/75 "/>
</bind>
</comp>

<comp id="934" class="1004" name="sext_ln22_4_fu_934">
<pin_list>
<pin id="935" dir="0" index="0" bw="8" slack="0"/>
<pin id="936" dir="1" index="1" bw="9" slack="0"/>
</pin_list>
<bind>
<opcode="sext(35) " fcode="sext"/>
<opset="sext_ln22_4/75 "/>
</bind>
</comp>

<comp id="938" class="1004" name="trunc_ln22_5_fu_938">
<pin_list>
<pin id="939" dir="0" index="0" bw="32" slack="0"/>
<pin id="940" dir="1" index="1" bw="8" slack="0"/>
</pin_list>
<bind>
<opcode="trunc(33) " fcode="trunc"/>
<opset="trunc_ln22_5/75 "/>
</bind>
</comp>

<comp id="942" class="1004" name="lshr_ln22_5_fu_942">
<pin_list>
<pin id="943" dir="0" index="0" bw="24" slack="0"/>
<pin id="944" dir="0" index="1" bw="32" slack="0"/>
<pin id="945" dir="0" index="2" bw="5" slack="0"/>
<pin id="946" dir="0" index="3" bw="6" slack="0"/>
<pin id="947" dir="1" index="4" bw="24" slack="0"/>
</pin_list>
<bind>
<opcode="partselect(1002) " fcode="partselect"/>
<opset="lshr_ln22_5/75 "/>
</bind>
</comp>

<comp id="952" class="1004" name="zext_ln22_5_fu_952">
<pin_list>
<pin id="953" dir="0" index="0" bw="24" slack="0"/>
<pin id="954" dir="1" index="1" bw="32" slack="0"/>
</pin_list>
<bind>
<opcode="zext(34) " fcode="zext"/>
<opset="zext_ln22_5/75 "/>
</bind>
</comp>

<comp id="956" class="1004" name="sext_ln22_5_fu_956">
<pin_list>
<pin id="957" dir="0" index="0" bw="8" slack="0"/>
<pin id="958" dir="1" index="1" bw="9" slack="0"/>
</pin_list>
<bind>
<opcode="sext(35) " fcode="sext"/>
<opset="sext_ln22_5/75 "/>
</bind>
</comp>

<comp id="960" class="1004" name="add_ln22_1_fu_960">
<pin_list>
<pin id="961" dir="0" index="0" bw="8" slack="0"/>
<pin id="962" dir="0" index="1" bw="8" slack="0"/>
<pin id="963" dir="1" index="2" bw="9" slack="0"/>
</pin_list>
<bind>
<opcode="add(8) " fcode="add"/>
<opset="add_ln22_1/75 "/>
</bind>
</comp>

<comp id="966" class="1004" name="trunc_ln22_6_fu_966">
<pin_list>
<pin id="967" dir="0" index="0" bw="32" slack="0"/>
<pin id="968" dir="1" index="1" bw="8" slack="0"/>
</pin_list>
<bind>
<opcode="trunc(33) " fcode="trunc"/>
<opset="trunc_ln22_6/75 "/>
</bind>
</comp>

<comp id="970" class="1004" name="lshr_ln22_6_fu_970">
<pin_list>
<pin id="971" dir="0" index="0" bw="24" slack="0"/>
<pin id="972" dir="0" index="1" bw="32" slack="0"/>
<pin id="973" dir="0" index="2" bw="5" slack="0"/>
<pin id="974" dir="0" index="3" bw="6" slack="0"/>
<pin id="975" dir="1" index="4" bw="24" slack="0"/>
</pin_list>
<bind>
<opcode="partselect(1002) " fcode="partselect"/>
<opset="lshr_ln22_6/75 "/>
</bind>
</comp>

<comp id="980" class="1004" name="zext_ln22_6_fu_980">
<pin_list>
<pin id="981" dir="0" index="0" bw="24" slack="0"/>
<pin id="982" dir="1" index="1" bw="32" slack="0"/>
</pin_list>
<bind>
<opcode="zext(34) " fcode="zext"/>
<opset="zext_ln22_6/75 "/>
</bind>
</comp>

<comp id="984" class="1004" name="sext_ln22_6_fu_984">
<pin_list>
<pin id="985" dir="0" index="0" bw="8" slack="0"/>
<pin id="986" dir="1" index="1" bw="9" slack="0"/>
</pin_list>
<bind>
<opcode="sext(35) " fcode="sext"/>
<opset="sext_ln22_6/75 "/>
</bind>
</comp>

<comp id="988" class="1004" name="add_ln22_2_fu_988">
<pin_list>
<pin id="989" dir="0" index="0" bw="8" slack="0"/>
<pin id="990" dir="0" index="1" bw="8" slack="0"/>
<pin id="991" dir="1" index="2" bw="9" slack="0"/>
</pin_list>
<bind>
<opcode="add(8) " fcode="add"/>
<opset="add_ln22_2/75 "/>
</bind>
</comp>

<comp id="994" class="1004" name="trunc_ln22_7_fu_994">
<pin_list>
<pin id="995" dir="0" index="0" bw="32" slack="0"/>
<pin id="996" dir="1" index="1" bw="8" slack="0"/>
</pin_list>
<bind>
<opcode="trunc(33) " fcode="trunc"/>
<opset="trunc_ln22_7/75 "/>
</bind>
</comp>

<comp id="998" class="1004" name="lshr_ln22_7_fu_998">
<pin_list>
<pin id="999" dir="0" index="0" bw="24" slack="0"/>
<pin id="1000" dir="0" index="1" bw="32" slack="0"/>
<pin id="1001" dir="0" index="2" bw="5" slack="0"/>
<pin id="1002" dir="0" index="3" bw="6" slack="0"/>
<pin id="1003" dir="1" index="4" bw="24" slack="0"/>
</pin_list>
<bind>
<opcode="partselect(1002) " fcode="partselect"/>
<opset="lshr_ln22_7/75 "/>
</bind>
</comp>

<comp id="1008" class="1004" name="zext_ln22_7_fu_1008">
<pin_list>
<pin id="1009" dir="0" index="0" bw="24" slack="0"/>
<pin id="1010" dir="1" index="1" bw="32" slack="0"/>
</pin_list>
<bind>
<opcode="zext(34) " fcode="zext"/>
<opset="zext_ln22_7/75 "/>
</bind>
</comp>

<comp id="1012" class="1004" name="sext_ln22_7_fu_1012">
<pin_list>
<pin id="1013" dir="0" index="0" bw="8" slack="0"/>
<pin id="1014" dir="1" index="1" bw="9" slack="0"/>
</pin_list>
<bind>
<opcode="sext(35) " fcode="sext"/>
<opset="sext_ln22_7/75 "/>
</bind>
</comp>

<comp id="1016" class="1004" name="add_ln22_3_fu_1016">
<pin_list>
<pin id="1017" dir="0" index="0" bw="8" slack="0"/>
<pin id="1018" dir="0" index="1" bw="8" slack="0"/>
<pin id="1019" dir="1" index="2" bw="9" slack="0"/>
</pin_list>
<bind>
<opcode="add(8) " fcode="add"/>
<opset="add_ln22_3/75 "/>
</bind>
</comp>

<comp id="1022" class="1004" name="tmp_4_fu_1022">
<pin_list>
<pin id="1023" dir="0" index="0" bw="41" slack="0"/>
<pin id="1024" dir="0" index="1" bw="57" slack="0"/>
<pin id="1025" dir="0" index="2" bw="6" slack="0"/>
<pin id="1026" dir="0" index="3" bw="7" slack="0"/>
<pin id="1027" dir="1" index="4" bw="41" slack="0"/>
</pin_list>
<bind>
<opcode="partselect(1002) " fcode="partselect"/>
<opset="tmp_4/75 "/>
</bind>
</comp>

<comp id="1032" class="1004" name="sext_ln22_8_fu_1032">
<pin_list>
<pin id="1033" dir="0" index="0" bw="41" slack="0"/>
<pin id="1034" dir="1" index="1" bw="45" slack="0"/>
</pin_list>
<bind>
<opcode="sext(35) " fcode="sext"/>
<opset="sext_ln22_8/75 "/>
</bind>
</comp>

<comp id="1036" class="1004" name="tmp_fu_1036">
<pin_list>
<pin id="1037" dir="0" index="0" bw="57" slack="0"/>
<pin id="1038" dir="0" index="1" bw="9" slack="0"/>
<pin id="1039" dir="0" index="2" bw="1" slack="0"/>
<pin id="1040" dir="0" index="3" bw="41" slack="0"/>
<pin id="1041" dir="1" index="4" bw="57" slack="0"/>
</pin_list>
<bind>
<opcode="bitconcatenate(1004) " fcode="bitconcatenate"/>
<opset="tmp/75 "/>
</bind>
</comp>

<comp id="1046" class="1004" name="tmp_5_fu_1046">
<pin_list>
<pin id="1047" dir="0" index="0" bw="41" slack="0"/>
<pin id="1048" dir="0" index="1" bw="57" slack="0"/>
<pin id="1049" dir="0" index="2" bw="6" slack="0"/>
<pin id="1050" dir="0" index="3" bw="7" slack="0"/>
<pin id="1051" dir="1" index="4" bw="41" slack="0"/>
</pin_list>
<bind>
<opcode="partselect(1002) " fcode="partselect"/>
<opset="tmp_5/75 "/>
</bind>
</comp>

<comp id="1056" class="1004" name="sext_ln22_9_fu_1056">
<pin_list>
<pin id="1057" dir="0" index="0" bw="41" slack="0"/>
<pin id="1058" dir="1" index="1" bw="45" slack="0"/>
</pin_list>
<bind>
<opcode="sext(35) " fcode="sext"/>
<opset="sext_ln22_9/75 "/>
</bind>
</comp>

<comp id="1060" class="1004" name="tmp_1_fu_1060">
<pin_list>
<pin id="1061" dir="0" index="0" bw="57" slack="0"/>
<pin id="1062" dir="0" index="1" bw="9" slack="0"/>
<pin id="1063" dir="0" index="2" bw="1" slack="0"/>
<pin id="1064" dir="0" index="3" bw="41" slack="0"/>
<pin id="1065" dir="1" index="4" bw="57" slack="0"/>
</pin_list>
<bind>
<opcode="bitconcatenate(1004) " fcode="bitconcatenate"/>
<opset="tmp_1/75 "/>
</bind>
</comp>

<comp id="1070" class="1004" name="tmp_6_fu_1070">
<pin_list>
<pin id="1071" dir="0" index="0" bw="41" slack="0"/>
<pin id="1072" dir="0" index="1" bw="57" slack="0"/>
<pin id="1073" dir="0" index="2" bw="6" slack="0"/>
<pin id="1074" dir="0" index="3" bw="7" slack="0"/>
<pin id="1075" dir="1" index="4" bw="41" slack="0"/>
</pin_list>
<bind>
<opcode="partselect(1002) " fcode="partselect"/>
<opset="tmp_6/75 "/>
</bind>
</comp>

<comp id="1080" class="1004" name="sext_ln22_10_fu_1080">
<pin_list>
<pin id="1081" dir="0" index="0" bw="41" slack="0"/>
<pin id="1082" dir="1" index="1" bw="45" slack="0"/>
</pin_list>
<bind>
<opcode="sext(35) " fcode="sext"/>
<opset="sext_ln22_10/75 "/>
</bind>
</comp>

<comp id="1084" class="1004" name="tmp_2_fu_1084">
<pin_list>
<pin id="1085" dir="0" index="0" bw="57" slack="0"/>
<pin id="1086" dir="0" index="1" bw="9" slack="0"/>
<pin id="1087" dir="0" index="2" bw="1" slack="0"/>
<pin id="1088" dir="0" index="3" bw="41" slack="0"/>
<pin id="1089" dir="1" index="4" bw="57" slack="0"/>
</pin_list>
<bind>
<opcode="bitconcatenate(1004) " fcode="bitconcatenate"/>
<opset="tmp_2/75 "/>
</bind>
</comp>

<comp id="1094" class="1004" name="tmp_7_fu_1094">
<pin_list>
<pin id="1095" dir="0" index="0" bw="41" slack="0"/>
<pin id="1096" dir="0" index="1" bw="57" slack="0"/>
<pin id="1097" dir="0" index="2" bw="6" slack="0"/>
<pin id="1098" dir="0" index="3" bw="7" slack="0"/>
<pin id="1099" dir="1" index="4" bw="41" slack="0"/>
</pin_list>
<bind>
<opcode="partselect(1002) " fcode="partselect"/>
<opset="tmp_7/75 "/>
</bind>
</comp>

<comp id="1104" class="1004" name="sext_ln22_11_fu_1104">
<pin_list>
<pin id="1105" dir="0" index="0" bw="41" slack="0"/>
<pin id="1106" dir="1" index="1" bw="45" slack="0"/>
</pin_list>
<bind>
<opcode="sext(35) " fcode="sext"/>
<opset="sext_ln22_11/75 "/>
</bind>
</comp>

<comp id="1108" class="1004" name="tmp_3_fu_1108">
<pin_list>
<pin id="1109" dir="0" index="0" bw="57" slack="0"/>
<pin id="1110" dir="0" index="1" bw="9" slack="0"/>
<pin id="1111" dir="0" index="2" bw="1" slack="0"/>
<pin id="1112" dir="0" index="3" bw="41" slack="0"/>
<pin id="1113" dir="1" index="4" bw="57" slack="0"/>
</pin_list>
<bind>
<opcode="bitconcatenate(1004) " fcode="bitconcatenate"/>
<opset="tmp_3/75 "/>
</bind>
</comp>

<comp id="1118" class="1004" name="i_fu_1118">
<pin_list>
<pin id="1119" dir="0" index="0" bw="5" slack="0"/>
<pin id="1120" dir="0" index="1" bw="4" slack="0"/>
<pin id="1121" dir="1" index="2" bw="5" slack="0"/>
</pin_list>
<bind>
<opcode="add(8) " fcode="add"/>
<opset="i/75 "/>
</bind>
</comp>

<comp id="1124" class="1004" name="tmp_8_fu_1124">
<pin_list>
<pin id="1125" dir="0" index="0" bw="1" slack="0"/>
<pin id="1126" dir="0" index="1" bw="5" slack="0"/>
<pin id="1127" dir="0" index="2" bw="4" slack="0"/>
<pin id="1128" dir="1" index="3" bw="1" slack="2147483647"/>
</pin_list>
<bind>
<opcode="bitselect(1000) " fcode="bitselect"/>
<opset="tmp_8/75 "/>
</bind>
</comp>

<comp id="1132" class="1004" name="store_ln22_store_fu_1132">
<pin_list>
<pin id="1133" dir="0" index="0" bw="57" slack="0"/>
<pin id="1134" dir="0" index="1" bw="57" slack="74"/>
<pin id="1135" dir="1" index="2" bw="0" slack="2147483647"/>
</pin_list>
<bind>
<opcode="store(28) " fcode="store"/>
<opset="store_ln22/75 "/>
</bind>
</comp>

<comp id="1137" class="1004" name="store_ln22_store_fu_1137">
<pin_list>
<pin id="1138" dir="0" index="0" bw="57" slack="0"/>
<pin id="1139" dir="0" index="1" bw="57" slack="74"/>
<pin id="1140" dir="1" index="2" bw="0" slack="2147483647"/>
</pin_list>
<bind>
<opcode="store(28) " fcode="store"/>
<opset="store_ln22/75 "/>
</bind>
</comp>

<comp id="1142" class="1004" name="store_ln22_store_fu_1142">
<pin_list>
<pin id="1143" dir="0" index="0" bw="57" slack="0"/>
<pin id="1144" dir="0" index="1" bw="57" slack="74"/>
<pin id="1145" dir="1" index="2" bw="0" slack="2147483647"/>
</pin_list>
<bind>
<opcode="store(28) " fcode="store"/>
<opset="store_ln22/75 "/>
</bind>
</comp>

<comp id="1147" class="1004" name="store_ln22_store_fu_1147">
<pin_list>
<pin id="1148" dir="0" index="0" bw="57" slack="0"/>
<pin id="1149" dir="0" index="1" bw="57" slack="74"/>
<pin id="1150" dir="1" index="2" bw="0" slack="2147483647"/>
</pin_list>
<bind>
<opcode="store(28) " fcode="store"/>
<opset="store_ln22/75 "/>
</bind>
</comp>

<comp id="1152" class="1004" name="store_ln22_store_fu_1152">
<pin_list>
<pin id="1153" dir="0" index="0" bw="24" slack="0"/>
<pin id="1154" dir="0" index="1" bw="32" slack="74"/>
<pin id="1155" dir="1" index="2" bw="0" slack="2147483647"/>
</pin_list>
<bind>
<opcode="store(28) " fcode="store"/>
<opset="store_ln22/75 "/>
</bind>
</comp>

<comp id="1157" class="1004" name="store_ln22_store_fu_1157">
<pin_list>
<pin id="1158" dir="0" index="0" bw="24" slack="0"/>
<pin id="1159" dir="0" index="1" bw="32" slack="74"/>
<pin id="1160" dir="1" index="2" bw="0" slack="2147483647"/>
</pin_list>
<bind>
<opcode="store(28) " fcode="store"/>
<opset="store_ln22/75 "/>
</bind>
</comp>

<comp id="1162" class="1004" name="store_ln22_store_fu_1162">
<pin_list>
<pin id="1163" dir="0" index="0" bw="24" slack="0"/>
<pin id="1164" dir="0" index="1" bw="32" slack="74"/>
<pin id="1165" dir="1" index="2" bw="0" slack="2147483647"/>
</pin_list>
<bind>
<opcode="store(28) " fcode="store"/>
<opset="store_ln22/75 "/>
</bind>
</comp>

<comp id="1167" class="1004" name="store_ln22_store_fu_1167">
<pin_list>
<pin id="1168" dir="0" index="0" bw="24" slack="0"/>
<pin id="1169" dir="0" index="1" bw="32" slack="74"/>
<pin id="1170" dir="1" index="2" bw="0" slack="2147483647"/>
</pin_list>
<bind>
<opcode="store(28) " fcode="store"/>
<opset="store_ln22/75 "/>
</bind>
</comp>

<comp id="1172" class="1004" name="store_ln22_store_fu_1172">
<pin_list>
<pin id="1173" dir="0" index="0" bw="24" slack="0"/>
<pin id="1174" dir="0" index="1" bw="32" slack="74"/>
<pin id="1175" dir="1" index="2" bw="0" slack="2147483647"/>
</pin_list>
<bind>
<opcode="store(28) " fcode="store"/>
<opset="store_ln22/75 "/>
</bind>
</comp>

<comp id="1177" class="1004" name="store_ln22_store_fu_1177">
<pin_list>
<pin id="1178" dir="0" index="0" bw="24" slack="0"/>
<pin id="1179" dir="0" index="1" bw="32" slack="74"/>
<pin id="1180" dir="1" index="2" bw="0" slack="2147483647"/>
</pin_list>
<bind>
<opcode="store(28) " fcode="store"/>
<opset="store_ln22/75 "/>
</bind>
</comp>

<comp id="1182" class="1004" name="store_ln22_store_fu_1182">
<pin_list>
<pin id="1183" dir="0" index="0" bw="24" slack="0"/>
<pin id="1184" dir="0" index="1" bw="32" slack="74"/>
<pin id="1185" dir="1" index="2" bw="0" slack="2147483647"/>
</pin_list>
<bind>
<opcode="store(28) " fcode="store"/>
<opset="store_ln22/75 "/>
</bind>
</comp>

<comp id="1187" class="1004" name="store_ln22_store_fu_1187">
<pin_list>
<pin id="1188" dir="0" index="0" bw="24" slack="0"/>
<pin id="1189" dir="0" index="1" bw="32" slack="74"/>
<pin id="1190" dir="1" index="2" bw="0" slack="2147483647"/>
</pin_list>
<bind>
<opcode="store(28) " fcode="store"/>
<opset="store_ln22/75 "/>
</bind>
</comp>

<comp id="1192" class="1004" name="store_ln19_store_fu_1192">
<pin_list>
<pin id="1193" dir="0" index="0" bw="5" slack="0"/>
<pin id="1194" dir="0" index="1" bw="5" slack="74"/>
<pin id="1195" dir="1" index="2" bw="0" slack="2147483647"/>
</pin_list>
<bind>
<opcode="store(28) " fcode="store"/>
<opset="store_ln19/75 "/>
</bind>
</comp>

<comp id="1197" class="1004" name="sext_ln19_8_fu_1197">
<pin_list>
<pin id="1198" dir="0" index="0" bw="57" slack="2"/>
<pin id="1199" dir="1" index="1" bw="61" slack="0"/>
</pin_list>
<bind>
<opcode="sext(35) " fcode="sext"/>
<opset="sext_ln19_8/77 "/>
</bind>
</comp>

<comp id="1200" class="1004" name="zext_ln19_fu_1200">
<pin_list>
<pin id="1201" dir="0" index="0" bw="57" slack="0"/>
<pin id="1202" dir="1" index="1" bw="64" slack="0"/>
</pin_list>
<bind>
<opcode="zext(34) " fcode="zext"/>
<opset="zext_ln19/77 "/>
</bind>
</comp>

<comp id="1205" class="1004" name="sext_ln19_9_fu_1205">
<pin_list>
<pin id="1206" dir="0" index="0" bw="57" slack="2"/>
<pin id="1207" dir="1" index="1" bw="61" slack="0"/>
</pin_list>
<bind>
<opcode="sext(35) " fcode="sext"/>
<opset="sext_ln19_9/77 "/>
</bind>
</comp>

<comp id="1208" class="1004" name="zext_ln19_1_fu_1208">
<pin_list>
<pin id="1209" dir="0" index="0" bw="57" slack="0"/>
<pin id="1210" dir="1" index="1" bw="64" slack="0"/>
</pin_list>
<bind>
<opcode="zext(34) " fcode="zext"/>
<opset="zext_ln19_1/77 "/>
</bind>
</comp>

<comp id="1213" class="1004" name="sext_ln19_10_fu_1213">
<pin_list>
<pin id="1214" dir="0" index="0" bw="57" slack="2"/>
<pin id="1215" dir="1" index="1" bw="61" slack="0"/>
</pin_list>
<bind>
<opcode="sext(35) " fcode="sext"/>
<opset="sext_ln19_10/77 "/>
</bind>
</comp>

<comp id="1216" class="1004" name="zext_ln19_2_fu_1216">
<pin_list>
<pin id="1217" dir="0" index="0" bw="57" slack="0"/>
<pin id="1218" dir="1" index="1" bw="64" slack="0"/>
</pin_list>
<bind>
<opcode="zext(34) " fcode="zext"/>
<opset="zext_ln19_2/77 "/>
</bind>
</comp>

<comp id="1221" class="1004" name="sext_ln19_11_fu_1221">
<pin_list>
<pin id="1222" dir="0" index="0" bw="57" slack="2"/>
<pin id="1223" dir="1" index="1" bw="61" slack="0"/>
</pin_list>
<bind>
<opcode="sext(35) " fcode="sext"/>
<opset="sext_ln19_11/77 "/>
</bind>
</comp>

<comp id="1224" class="1004" name="zext_ln19_3_fu_1224">
<pin_list>
<pin id="1225" dir="0" index="0" bw="57" slack="0"/>
<pin id="1226" dir="1" index="1" bw="64" slack="0"/>
</pin_list>
<bind>
<opcode="zext(34) " fcode="zext"/>
<opset="zext_ln19_3/77 "/>
</bind>
</comp>

<comp id="1229" class="1005" name="i1_reg_1229">
<pin_list>
<pin id="1230" dir="0" index="0" bw="5" slack="0"/>
<pin id="1231" dir="1" index="1" bw="5" slack="0"/>
</pin_list>
<bind>
<opset="i1 "/>
</bind>
</comp>

<comp id="1236" class="1005" name="shiftreg2_reg_1236">
<pin_list>
<pin id="1237" dir="0" index="0" bw="32" slack="73"/>
<pin id="1238" dir="1" index="1" bw="32" slack="73"/>
</pin_list>
<bind>
<opset="shiftreg2 "/>
</bind>
</comp>

<comp id="1243" class="1005" name="shiftreg163_reg_1243">
<pin_list>
<pin id="1244" dir="0" index="0" bw="32" slack="73"/>
<pin id="1245" dir="1" index="1" bw="32" slack="73"/>
</pin_list>
<bind>
<opset="shiftreg163 "/>
</bind>
</comp>

<comp id="1250" class="1005" name="shiftreg184_reg_1250">
<pin_list>
<pin id="1251" dir="0" index="0" bw="32" slack="73"/>
<pin id="1252" dir="1" index="1" bw="32" slack="73"/>
</pin_list>
<bind>
<opset="shiftreg184 "/>
</bind>
</comp>

<comp id="1257" class="1005" name="shiftreg205_reg_1257">
<pin_list>
<pin id="1258" dir="0" index="0" bw="32" slack="73"/>
<pin id="1259" dir="1" index="1" bw="32" slack="73"/>
</pin_list>
<bind>
<opset="shiftreg205 "/>
</bind>
</comp>

<comp id="1264" class="1005" name="shiftreg226_reg_1264">
<pin_list>
<pin id="1265" dir="0" index="0" bw="32" slack="73"/>
<pin id="1266" dir="1" index="1" bw="32" slack="73"/>
</pin_list>
<bind>
<opset="shiftreg226 "/>
</bind>
</comp>

<comp id="1271" class="1005" name="shiftreg247_reg_1271">
<pin_list>
<pin id="1272" dir="0" index="0" bw="32" slack="73"/>
<pin id="1273" dir="1" index="1" bw="32" slack="73"/>
</pin_list>
<bind>
<opset="shiftreg247 "/>
</bind>
</comp>

<comp id="1278" class="1005" name="shiftreg268_reg_1278">
<pin_list>
<pin id="1279" dir="0" index="0" bw="32" slack="73"/>
<pin id="1280" dir="1" index="1" bw="32" slack="73"/>
</pin_list>
<bind>
<opset="shiftreg268 "/>
</bind>
</comp>

<comp id="1285" class="1005" name="shiftreg289_reg_1285">
<pin_list>
<pin id="1286" dir="0" index="0" bw="32" slack="73"/>
<pin id="1287" dir="1" index="1" bw="32" slack="73"/>
</pin_list>
<bind>
<opset="shiftreg289 "/>
</bind>
</comp>

<comp id="1292" class="1005" name="shiftreg3010_reg_1292">
<pin_list>
<pin id="1293" dir="0" index="0" bw="57" slack="0"/>
<pin id="1294" dir="1" index="1" bw="57" slack="0"/>
</pin_list>
<bind>
<opset="shiftreg3010 "/>
</bind>
</comp>

<comp id="1299" class="1005" name="shiftreg3212_reg_1299">
<pin_list>
<pin id="1300" dir="0" index="0" bw="57" slack="0"/>
<pin id="1301" dir="1" index="1" bw="57" slack="0"/>
</pin_list>
<bind>
<opset="shiftreg3212 "/>
</bind>
</comp>

<comp id="1306" class="1005" name="shiftreg3414_reg_1306">
<pin_list>
<pin id="1307" dir="0" index="0" bw="57" slack="0"/>
<pin id="1308" dir="1" index="1" bw="57" slack="0"/>
</pin_list>
<bind>
<opset="shiftreg3414 "/>
</bind>
</comp>

<comp id="1313" class="1005" name="shiftreg3616_reg_1313">
<pin_list>
<pin id="1314" dir="0" index="0" bw="57" slack="0"/>
<pin id="1315" dir="1" index="1" bw="57" slack="0"/>
</pin_list>
<bind>
<opset="shiftreg3616 "/>
</bind>
</comp>

<comp id="1320" class="1005" name="gmem0_0_addr_reg_1320">
<pin_list>
<pin id="1321" dir="0" index="0" bw="32" slack="1"/>
<pin id="1322" dir="1" index="1" bw="32" slack="1"/>
</pin_list>
<bind>
<opset="gmem0_0_addr "/>
</bind>
</comp>

<comp id="1326" class="1005" name="gmem1_0_addr_reg_1326">
<pin_list>
<pin id="1327" dir="0" index="0" bw="32" slack="1"/>
<pin id="1328" dir="1" index="1" bw="32" slack="1"/>
</pin_list>
<bind>
<opset="gmem1_0_addr "/>
</bind>
</comp>

<comp id="1332" class="1005" name="gmem0_1_addr_reg_1332">
<pin_list>
<pin id="1333" dir="0" index="0" bw="32" slack="1"/>
<pin id="1334" dir="1" index="1" bw="32" slack="1"/>
</pin_list>
<bind>
<opset="gmem0_1_addr "/>
</bind>
</comp>

<comp id="1338" class="1005" name="gmem0_2_addr_reg_1338">
<pin_list>
<pin id="1339" dir="0" index="0" bw="32" slack="1"/>
<pin id="1340" dir="1" index="1" bw="32" slack="1"/>
</pin_list>
<bind>
<opset="gmem0_2_addr "/>
</bind>
</comp>

<comp id="1344" class="1005" name="gmem0_3_addr_reg_1344">
<pin_list>
<pin id="1345" dir="0" index="0" bw="32" slack="1"/>
<pin id="1346" dir="1" index="1" bw="32" slack="1"/>
</pin_list>
<bind>
<opset="gmem0_3_addr "/>
</bind>
</comp>

<comp id="1350" class="1005" name="gmem1_1_addr_reg_1350">
<pin_list>
<pin id="1351" dir="0" index="0" bw="32" slack="1"/>
<pin id="1352" dir="1" index="1" bw="32" slack="1"/>
</pin_list>
<bind>
<opset="gmem1_1_addr "/>
</bind>
</comp>

<comp id="1356" class="1005" name="gmem1_2_addr_reg_1356">
<pin_list>
<pin id="1357" dir="0" index="0" bw="32" slack="1"/>
<pin id="1358" dir="1" index="1" bw="32" slack="1"/>
</pin_list>
<bind>
<opset="gmem1_2_addr "/>
</bind>
</comp>

<comp id="1362" class="1005" name="gmem1_3_addr_reg_1362">
<pin_list>
<pin id="1363" dir="0" index="0" bw="32" slack="1"/>
<pin id="1364" dir="1" index="1" bw="32" slack="1"/>
</pin_list>
<bind>
<opset="gmem1_3_addr "/>
</bind>
</comp>

<comp id="1368" class="1005" name="p_cast_reg_1368">
<pin_list>
<pin id="1369" dir="0" index="0" bw="61" slack="73"/>
<pin id="1370" dir="1" index="1" bw="61" slack="73"/>
</pin_list>
<bind>
<opset="p_cast "/>
</bind>
</comp>

<comp id="1373" class="1005" name="p_cast1_reg_1373">
<pin_list>
<pin id="1374" dir="0" index="0" bw="61" slack="73"/>
<pin id="1375" dir="1" index="1" bw="61" slack="73"/>
</pin_list>
<bind>
<opset="p_cast1 "/>
</bind>
</comp>

<comp id="1378" class="1005" name="p_cast2_reg_1378">
<pin_list>
<pin id="1379" dir="0" index="0" bw="61" slack="73"/>
<pin id="1380" dir="1" index="1" bw="61" slack="73"/>
</pin_list>
<bind>
<opset="p_cast2 "/>
</bind>
</comp>

<comp id="1383" class="1005" name="p_cast3_reg_1383">
<pin_list>
<pin id="1384" dir="0" index="0" bw="61" slack="73"/>
<pin id="1385" dir="1" index="1" bw="61" slack="73"/>
</pin_list>
<bind>
<opset="p_cast3 "/>
</bind>
</comp>

<comp id="1388" class="1005" name="gmem0_0_addr_read_reg_1388">
<pin_list>
<pin id="1389" dir="0" index="0" bw="32" slack="1"/>
<pin id="1390" dir="1" index="1" bw="32" slack="1"/>
</pin_list>
<bind>
<opset="gmem0_0_addr_read "/>
</bind>
</comp>

<comp id="1393" class="1005" name="gmem1_0_addr_read_reg_1393">
<pin_list>
<pin id="1394" dir="0" index="0" bw="32" slack="1"/>
<pin id="1395" dir="1" index="1" bw="32" slack="1"/>
</pin_list>
<bind>
<opset="gmem1_0_addr_read "/>
</bind>
</comp>

<comp id="1398" class="1005" name="gmem0_1_addr_read_reg_1398">
<pin_list>
<pin id="1399" dir="0" index="0" bw="32" slack="1"/>
<pin id="1400" dir="1" index="1" bw="32" slack="1"/>
</pin_list>
<bind>
<opset="gmem0_1_addr_read "/>
</bind>
</comp>

<comp id="1403" class="1005" name="gmem0_2_addr_read_reg_1403">
<pin_list>
<pin id="1404" dir="0" index="0" bw="32" slack="1"/>
<pin id="1405" dir="1" index="1" bw="32" slack="1"/>
</pin_list>
<bind>
<opset="gmem0_2_addr_read "/>
</bind>
</comp>

<comp id="1408" class="1005" name="gmem0_3_addr_read_reg_1408">
<pin_list>
<pin id="1409" dir="0" index="0" bw="32" slack="1"/>
<pin id="1410" dir="1" index="1" bw="32" slack="1"/>
</pin_list>
<bind>
<opset="gmem0_3_addr_read "/>
</bind>
</comp>

<comp id="1413" class="1005" name="gmem1_1_addr_read_reg_1413">
<pin_list>
<pin id="1414" dir="0" index="0" bw="32" slack="1"/>
<pin id="1415" dir="1" index="1" bw="32" slack="1"/>
</pin_list>
<bind>
<opset="gmem1_1_addr_read "/>
</bind>
</comp>

<comp id="1418" class="1005" name="gmem1_2_addr_read_reg_1418">
<pin_list>
<pin id="1419" dir="0" index="0" bw="32" slack="1"/>
<pin id="1420" dir="1" index="1" bw="32" slack="1"/>
</pin_list>
<bind>
<opset="gmem1_2_addr_read "/>
</bind>
</comp>

<comp id="1423" class="1005" name="gmem1_3_addr_read_reg_1423">
<pin_list>
<pin id="1424" dir="0" index="0" bw="32" slack="1"/>
<pin id="1425" dir="1" index="1" bw="32" slack="1"/>
</pin_list>
<bind>
<opset="gmem1_3_addr_read "/>
</bind>
</comp>

<comp id="1428" class="1005" name="gmem2_3_addr_reg_1428">
<pin_list>
<pin id="1429" dir="0" index="0" bw="64" slack="2"/>
<pin id="1430" dir="1" index="1" bw="64" slack="2"/>
</pin_list>
<bind>
<opset="gmem2_3_addr "/>
</bind>
</comp>

<comp id="1435" class="1005" name="gmem2_2_addr_reg_1435">
<pin_list>
<pin id="1436" dir="0" index="0" bw="64" slack="2"/>
<pin id="1437" dir="1" index="1" bw="64" slack="2"/>
</pin_list>
<bind>
<opset="gmem2_2_addr "/>
</bind>
</comp>

<comp id="1442" class="1005" name="gmem2_1_addr_reg_1442">
<pin_list>
<pin id="1443" dir="0" index="0" bw="64" slack="2"/>
<pin id="1444" dir="1" index="1" bw="64" slack="2"/>
</pin_list>
<bind>
<opset="gmem2_1_addr "/>
</bind>
</comp>

<comp id="1449" class="1005" name="gmem2_0_addr_reg_1449">
<pin_list>
<pin id="1450" dir="0" index="0" bw="64" slack="2"/>
<pin id="1451" dir="1" index="1" bw="64" slack="2"/>
</pin_list>
<bind>
<opset="gmem2_0_addr "/>
</bind>
</comp>

<comp id="1456" class="1005" name="tmp_reg_1456">
<pin_list>
<pin id="1457" dir="0" index="0" bw="57" slack="2"/>
<pin id="1458" dir="1" index="1" bw="57" slack="2"/>
</pin_list>
<bind>
<opset="tmp "/>
</bind>
</comp>

<comp id="1461" class="1005" name="tmp_1_reg_1461">
<pin_list>
<pin id="1462" dir="0" index="0" bw="57" slack="2"/>
<pin id="1463" dir="1" index="1" bw="57" slack="2"/>
</pin_list>
<bind>
<opset="tmp_1 "/>
</bind>
</comp>

<comp id="1466" class="1005" name="tmp_2_reg_1466">
<pin_list>
<pin id="1467" dir="0" index="0" bw="57" slack="2"/>
<pin id="1468" dir="1" index="1" bw="57" slack="2"/>
</pin_list>
<bind>
<opset="tmp_2 "/>
</bind>
</comp>

<comp id="1471" class="1005" name="tmp_3_reg_1471">
<pin_list>
<pin id="1472" dir="0" index="0" bw="57" slack="2"/>
<pin id="1473" dir="1" index="1" bw="57" slack="2"/>
</pin_list>
<bind>
<opset="tmp_3 "/>
</bind>
</comp>

</comp_list>

<net_list>
<net id="193"><net_src comp="48" pin="0"/><net_sink comp="190" pin=0"/></net>

<net id="197"><net_src comp="48" pin="0"/><net_sink comp="194" pin=0"/></net>

<net id="201"><net_src comp="48" pin="0"/><net_sink comp="198" pin=0"/></net>

<net id="205"><net_src comp="48" pin="0"/><net_sink comp="202" pin=0"/></net>

<net id="209"><net_src comp="48" pin="0"/><net_sink comp="206" pin=0"/></net>

<net id="213"><net_src comp="48" pin="0"/><net_sink comp="210" pin=0"/></net>

<net id="217"><net_src comp="48" pin="0"/><net_sink comp="214" pin=0"/></net>

<net id="221"><net_src comp="48" pin="0"/><net_sink comp="218" pin=0"/></net>

<net id="225"><net_src comp="48" pin="0"/><net_sink comp="222" pin=0"/></net>

<net id="229"><net_src comp="48" pin="0"/><net_sink comp="226" pin=0"/></net>

<net id="233"><net_src comp="48" pin="0"/><net_sink comp="230" pin=0"/></net>

<net id="237"><net_src comp="48" pin="0"/><net_sink comp="234" pin=0"/></net>

<net id="241"><net_src comp="48" pin="0"/><net_sink comp="238" pin=0"/></net>

<net id="246"><net_src comp="50" pin="0"/><net_sink comp="242" pin=0"/></net>

<net id="247"><net_src comp="46" pin="0"/><net_sink comp="242" pin=1"/></net>

<net id="252"><net_src comp="50" pin="0"/><net_sink comp="248" pin=0"/></net>

<net id="253"><net_src comp="44" pin="0"/><net_sink comp="248" pin=1"/></net>

<net id="258"><net_src comp="50" pin="0"/><net_sink comp="254" pin=0"/></net>

<net id="259"><net_src comp="42" pin="0"/><net_sink comp="254" pin=1"/></net>

<net id="264"><net_src comp="50" pin="0"/><net_sink comp="260" pin=0"/></net>

<net id="265"><net_src comp="40" pin="0"/><net_sink comp="260" pin=1"/></net>

<net id="270"><net_src comp="50" pin="0"/><net_sink comp="266" pin=0"/></net>

<net id="271"><net_src comp="38" pin="0"/><net_sink comp="266" pin=1"/></net>

<net id="276"><net_src comp="50" pin="0"/><net_sink comp="272" pin=0"/></net>

<net id="277"><net_src comp="36" pin="0"/><net_sink comp="272" pin=1"/></net>

<net id="282"><net_src comp="50" pin="0"/><net_sink comp="278" pin=0"/></net>

<net id="283"><net_src comp="34" pin="0"/><net_sink comp="278" pin=1"/></net>

<net id="288"><net_src comp="50" pin="0"/><net_sink comp="284" pin=0"/></net>

<net id="289"><net_src comp="32" pin="0"/><net_sink comp="284" pin=1"/></net>

<net id="294"><net_src comp="50" pin="0"/><net_sink comp="290" pin=0"/></net>

<net id="295"><net_src comp="30" pin="0"/><net_sink comp="290" pin=1"/></net>

<net id="300"><net_src comp="50" pin="0"/><net_sink comp="296" pin=0"/></net>

<net id="301"><net_src comp="28" pin="0"/><net_sink comp="296" pin=1"/></net>

<net id="306"><net_src comp="50" pin="0"/><net_sink comp="302" pin=0"/></net>

<net id="307"><net_src comp="26" pin="0"/><net_sink comp="302" pin=1"/></net>

<net id="312"><net_src comp="50" pin="0"/><net_sink comp="308" pin=0"/></net>

<net id="313"><net_src comp="24" pin="0"/><net_sink comp="308" pin=1"/></net>

<net id="319"><net_src comp="66" pin="0"/><net_sink comp="314" pin=0"/></net>

<net id="320"><net_src comp="68" pin="0"/><net_sink comp="314" pin=2"/></net>

<net id="326"><net_src comp="66" pin="0"/><net_sink comp="321" pin=0"/></net>

<net id="327"><net_src comp="68" pin="0"/><net_sink comp="321" pin=2"/></net>

<net id="333"><net_src comp="66" pin="0"/><net_sink comp="328" pin=0"/></net>

<net id="334"><net_src comp="68" pin="0"/><net_sink comp="328" pin=2"/></net>

<net id="340"><net_src comp="66" pin="0"/><net_sink comp="335" pin=0"/></net>

<net id="341"><net_src comp="68" pin="0"/><net_sink comp="335" pin=2"/></net>

<net id="347"><net_src comp="66" pin="0"/><net_sink comp="342" pin=0"/></net>

<net id="348"><net_src comp="68" pin="0"/><net_sink comp="342" pin=2"/></net>

<net id="354"><net_src comp="66" pin="0"/><net_sink comp="349" pin=0"/></net>

<net id="355"><net_src comp="68" pin="0"/><net_sink comp="349" pin=2"/></net>

<net id="361"><net_src comp="66" pin="0"/><net_sink comp="356" pin=0"/></net>

<net id="362"><net_src comp="68" pin="0"/><net_sink comp="356" pin=2"/></net>

<net id="368"><net_src comp="66" pin="0"/><net_sink comp="363" pin=0"/></net>

<net id="369"><net_src comp="68" pin="0"/><net_sink comp="363" pin=2"/></net>

<net id="374"><net_src comp="70" pin="0"/><net_sink comp="370" pin=0"/></net>

<net id="379"><net_src comp="70" pin="0"/><net_sink comp="375" pin=0"/></net>

<net id="384"><net_src comp="70" pin="0"/><net_sink comp="380" pin=0"/></net>

<net id="389"><net_src comp="70" pin="0"/><net_sink comp="385" pin=0"/></net>

<net id="394"><net_src comp="70" pin="0"/><net_sink comp="390" pin=0"/></net>

<net id="399"><net_src comp="70" pin="0"/><net_sink comp="395" pin=0"/></net>

<net id="404"><net_src comp="70" pin="0"/><net_sink comp="400" pin=0"/></net>

<net id="409"><net_src comp="70" pin="0"/><net_sink comp="405" pin=0"/></net>

<net id="415"><net_src comp="182" pin="0"/><net_sink comp="410" pin=0"/></net>

<net id="416"><net_src comp="68" pin="0"/><net_sink comp="410" pin=2"/></net>

<net id="422"><net_src comp="182" pin="0"/><net_sink comp="417" pin=0"/></net>

<net id="423"><net_src comp="68" pin="0"/><net_sink comp="417" pin=2"/></net>

<net id="429"><net_src comp="182" pin="0"/><net_sink comp="424" pin=0"/></net>

<net id="430"><net_src comp="68" pin="0"/><net_sink comp="424" pin=2"/></net>

<net id="436"><net_src comp="182" pin="0"/><net_sink comp="431" pin=0"/></net>

<net id="437"><net_src comp="68" pin="0"/><net_sink comp="431" pin=2"/></net>

<net id="444"><net_src comp="184" pin="0"/><net_sink comp="438" pin=0"/></net>

<net id="445"><net_src comp="186" pin="0"/><net_sink comp="438" pin=3"/></net>

<net id="452"><net_src comp="184" pin="0"/><net_sink comp="446" pin=0"/></net>

<net id="453"><net_src comp="186" pin="0"/><net_sink comp="446" pin=3"/></net>

<net id="460"><net_src comp="184" pin="0"/><net_sink comp="454" pin=0"/></net>

<net id="461"><net_src comp="186" pin="0"/><net_sink comp="454" pin=3"/></net>

<net id="468"><net_src comp="184" pin="0"/><net_sink comp="462" pin=0"/></net>

<net id="469"><net_src comp="186" pin="0"/><net_sink comp="462" pin=3"/></net>

<net id="474"><net_src comp="188" pin="0"/><net_sink comp="470" pin=0"/></net>

<net id="479"><net_src comp="188" pin="0"/><net_sink comp="475" pin=0"/></net>

<net id="484"><net_src comp="188" pin="0"/><net_sink comp="480" pin=0"/></net>

<net id="489"><net_src comp="188" pin="0"/><net_sink comp="485" pin=0"/></net>

<net id="496"><net_src comp="52" pin="0"/><net_sink comp="490" pin=0"/></net>

<net id="497"><net_src comp="308" pin="2"/><net_sink comp="490" pin=1"/></net>

<net id="498"><net_src comp="54" pin="0"/><net_sink comp="490" pin=2"/></net>

<net id="499"><net_src comp="56" pin="0"/><net_sink comp="490" pin=3"/></net>

<net id="503"><net_src comp="490" pin="4"/><net_sink comp="500" pin=0"/></net>

<net id="508"><net_src comp="0" pin="0"/><net_sink comp="504" pin=0"/></net>

<net id="509"><net_src comp="500" pin="1"/><net_sink comp="504" pin=1"/></net>

<net id="516"><net_src comp="52" pin="0"/><net_sink comp="510" pin=0"/></net>

<net id="517"><net_src comp="284" pin="2"/><net_sink comp="510" pin=1"/></net>

<net id="518"><net_src comp="54" pin="0"/><net_sink comp="510" pin=2"/></net>

<net id="519"><net_src comp="56" pin="0"/><net_sink comp="510" pin=3"/></net>

<net id="523"><net_src comp="510" pin="4"/><net_sink comp="520" pin=0"/></net>

<net id="528"><net_src comp="8" pin="0"/><net_sink comp="524" pin=0"/></net>

<net id="529"><net_src comp="520" pin="1"/><net_sink comp="524" pin=1"/></net>

<net id="536"><net_src comp="52" pin="0"/><net_sink comp="530" pin=0"/></net>

<net id="537"><net_src comp="302" pin="2"/><net_sink comp="530" pin=1"/></net>

<net id="538"><net_src comp="54" pin="0"/><net_sink comp="530" pin=2"/></net>

<net id="539"><net_src comp="56" pin="0"/><net_sink comp="530" pin=3"/></net>

<net id="543"><net_src comp="530" pin="4"/><net_sink comp="540" pin=0"/></net>

<net id="548"><net_src comp="2" pin="0"/><net_sink comp="544" pin=0"/></net>

<net id="549"><net_src comp="540" pin="1"/><net_sink comp="544" pin=1"/></net>

<net id="556"><net_src comp="52" pin="0"/><net_sink comp="550" pin=0"/></net>

<net id="557"><net_src comp="296" pin="2"/><net_sink comp="550" pin=1"/></net>

<net id="558"><net_src comp="54" pin="0"/><net_sink comp="550" pin=2"/></net>

<net id="559"><net_src comp="56" pin="0"/><net_sink comp="550" pin=3"/></net>

<net id="563"><net_src comp="550" pin="4"/><net_sink comp="560" pin=0"/></net>

<net id="568"><net_src comp="4" pin="0"/><net_sink comp="564" pin=0"/></net>

<net id="569"><net_src comp="560" pin="1"/><net_sink comp="564" pin=1"/></net>

<net id="576"><net_src comp="52" pin="0"/><net_sink comp="570" pin=0"/></net>

<net id="577"><net_src comp="290" pin="2"/><net_sink comp="570" pin=1"/></net>

<net id="578"><net_src comp="54" pin="0"/><net_sink comp="570" pin=2"/></net>

<net id="579"><net_src comp="56" pin="0"/><net_sink comp="570" pin=3"/></net>

<net id="583"><net_src comp="570" pin="4"/><net_sink comp="580" pin=0"/></net>

<net id="588"><net_src comp="6" pin="0"/><net_sink comp="584" pin=0"/></net>

<net id="589"><net_src comp="580" pin="1"/><net_sink comp="584" pin=1"/></net>

<net id="596"><net_src comp="52" pin="0"/><net_sink comp="590" pin=0"/></net>

<net id="597"><net_src comp="278" pin="2"/><net_sink comp="590" pin=1"/></net>

<net id="598"><net_src comp="54" pin="0"/><net_sink comp="590" pin=2"/></net>

<net id="599"><net_src comp="56" pin="0"/><net_sink comp="590" pin=3"/></net>

<net id="603"><net_src comp="590" pin="4"/><net_sink comp="600" pin=0"/></net>

<net id="608"><net_src comp="10" pin="0"/><net_sink comp="604" pin=0"/></net>

<net id="609"><net_src comp="600" pin="1"/><net_sink comp="604" pin=1"/></net>

<net id="616"><net_src comp="52" pin="0"/><net_sink comp="610" pin=0"/></net>

<net id="617"><net_src comp="272" pin="2"/><net_sink comp="610" pin=1"/></net>

<net id="618"><net_src comp="54" pin="0"/><net_sink comp="610" pin=2"/></net>

<net id="619"><net_src comp="56" pin="0"/><net_sink comp="610" pin=3"/></net>

<net id="623"><net_src comp="610" pin="4"/><net_sink comp="620" pin=0"/></net>

<net id="628"><net_src comp="12" pin="0"/><net_sink comp="624" pin=0"/></net>

<net id="629"><net_src comp="620" pin="1"/><net_sink comp="624" pin=1"/></net>

<net id="636"><net_src comp="52" pin="0"/><net_sink comp="630" pin=0"/></net>

<net id="637"><net_src comp="266" pin="2"/><net_sink comp="630" pin=1"/></net>

<net id="638"><net_src comp="54" pin="0"/><net_sink comp="630" pin=2"/></net>

<net id="639"><net_src comp="56" pin="0"/><net_sink comp="630" pin=3"/></net>

<net id="643"><net_src comp="630" pin="4"/><net_sink comp="640" pin=0"/></net>

<net id="648"><net_src comp="14" pin="0"/><net_sink comp="644" pin=0"/></net>

<net id="649"><net_src comp="640" pin="1"/><net_sink comp="644" pin=1"/></net>

<net id="656"><net_src comp="58" pin="0"/><net_sink comp="650" pin=0"/></net>

<net id="657"><net_src comp="242" pin="2"/><net_sink comp="650" pin=1"/></net>

<net id="658"><net_src comp="60" pin="0"/><net_sink comp="650" pin=2"/></net>

<net id="659"><net_src comp="56" pin="0"/><net_sink comp="650" pin=3"/></net>

<net id="666"><net_src comp="58" pin="0"/><net_sink comp="660" pin=0"/></net>

<net id="667"><net_src comp="248" pin="2"/><net_sink comp="660" pin=1"/></net>

<net id="668"><net_src comp="60" pin="0"/><net_sink comp="660" pin=2"/></net>

<net id="669"><net_src comp="56" pin="0"/><net_sink comp="660" pin=3"/></net>

<net id="676"><net_src comp="58" pin="0"/><net_sink comp="670" pin=0"/></net>

<net id="677"><net_src comp="254" pin="2"/><net_sink comp="670" pin=1"/></net>

<net id="678"><net_src comp="60" pin="0"/><net_sink comp="670" pin=2"/></net>

<net id="679"><net_src comp="56" pin="0"/><net_sink comp="670" pin=3"/></net>

<net id="686"><net_src comp="58" pin="0"/><net_sink comp="680" pin=0"/></net>

<net id="687"><net_src comp="260" pin="2"/><net_sink comp="680" pin=1"/></net>

<net id="688"><net_src comp="60" pin="0"/><net_sink comp="680" pin=2"/></net>

<net id="689"><net_src comp="56" pin="0"/><net_sink comp="680" pin=3"/></net>

<net id="694"><net_src comp="62" pin="0"/><net_sink comp="690" pin=0"/></net>

<net id="699"><net_src comp="62" pin="0"/><net_sink comp="695" pin=0"/></net>

<net id="704"><net_src comp="62" pin="0"/><net_sink comp="700" pin=0"/></net>

<net id="709"><net_src comp="62" pin="0"/><net_sink comp="705" pin=0"/></net>

<net id="714"><net_src comp="64" pin="0"/><net_sink comp="710" pin=0"/></net>

<net id="722"><net_src comp="22" pin="0"/><net_sink comp="718" pin=0"/></net>

<net id="723"><net_src comp="715" pin="1"/><net_sink comp="718" pin=1"/></net>

<net id="731"><net_src comp="20" pin="0"/><net_sink comp="727" pin=0"/></net>

<net id="732"><net_src comp="724" pin="1"/><net_sink comp="727" pin=1"/></net>

<net id="740"><net_src comp="18" pin="0"/><net_sink comp="736" pin=0"/></net>

<net id="741"><net_src comp="733" pin="1"/><net_sink comp="736" pin=1"/></net>

<net id="749"><net_src comp="16" pin="0"/><net_sink comp="745" pin=0"/></net>

<net id="750"><net_src comp="742" pin="1"/><net_sink comp="745" pin=1"/></net>

<net id="825"><net_src comp="786" pin="1"/><net_sink comp="822" pin=0"/></net>

<net id="832"><net_src comp="164" pin="0"/><net_sink comp="826" pin=0"/></net>

<net id="833"><net_src comp="786" pin="1"/><net_sink comp="826" pin=1"/></net>

<net id="834"><net_src comp="166" pin="0"/><net_sink comp="826" pin=2"/></net>

<net id="835"><net_src comp="168" pin="0"/><net_sink comp="826" pin=3"/></net>

<net id="839"><net_src comp="826" pin="4"/><net_sink comp="836" pin=0"/></net>

<net id="843"><net_src comp="822" pin="1"/><net_sink comp="840" pin=0"/></net>

<net id="847"><net_src comp="789" pin="1"/><net_sink comp="844" pin=0"/></net>

<net id="854"><net_src comp="164" pin="0"/><net_sink comp="848" pin=0"/></net>

<net id="855"><net_src comp="789" pin="1"/><net_sink comp="848" pin=1"/></net>

<net id="856"><net_src comp="166" pin="0"/><net_sink comp="848" pin=2"/></net>

<net id="857"><net_src comp="168" pin="0"/><net_sink comp="848" pin=3"/></net>

<net id="861"><net_src comp="848" pin="4"/><net_sink comp="858" pin=0"/></net>

<net id="865"><net_src comp="844" pin="1"/><net_sink comp="862" pin=0"/></net>

<net id="870"><net_src comp="862" pin="1"/><net_sink comp="866" pin=0"/></net>

<net id="871"><net_src comp="840" pin="1"/><net_sink comp="866" pin=1"/></net>

<net id="875"><net_src comp="792" pin="1"/><net_sink comp="872" pin=0"/></net>

<net id="882"><net_src comp="164" pin="0"/><net_sink comp="876" pin=0"/></net>

<net id="883"><net_src comp="792" pin="1"/><net_sink comp="876" pin=1"/></net>

<net id="884"><net_src comp="166" pin="0"/><net_sink comp="876" pin=2"/></net>

<net id="885"><net_src comp="168" pin="0"/><net_sink comp="876" pin=3"/></net>

<net id="889"><net_src comp="876" pin="4"/><net_sink comp="886" pin=0"/></net>

<net id="893"><net_src comp="872" pin="1"/><net_sink comp="890" pin=0"/></net>

<net id="897"><net_src comp="795" pin="1"/><net_sink comp="894" pin=0"/></net>

<net id="904"><net_src comp="164" pin="0"/><net_sink comp="898" pin=0"/></net>

<net id="905"><net_src comp="795" pin="1"/><net_sink comp="898" pin=1"/></net>

<net id="906"><net_src comp="166" pin="0"/><net_sink comp="898" pin=2"/></net>

<net id="907"><net_src comp="168" pin="0"/><net_sink comp="898" pin=3"/></net>

<net id="911"><net_src comp="898" pin="4"/><net_sink comp="908" pin=0"/></net>

<net id="915"><net_src comp="894" pin="1"/><net_sink comp="912" pin=0"/></net>

<net id="919"><net_src comp="798" pin="1"/><net_sink comp="916" pin=0"/></net>

<net id="926"><net_src comp="164" pin="0"/><net_sink comp="920" pin=0"/></net>

<net id="927"><net_src comp="798" pin="1"/><net_sink comp="920" pin=1"/></net>

<net id="928"><net_src comp="166" pin="0"/><net_sink comp="920" pin=2"/></net>

<net id="929"><net_src comp="168" pin="0"/><net_sink comp="920" pin=3"/></net>

<net id="933"><net_src comp="920" pin="4"/><net_sink comp="930" pin=0"/></net>

<net id="937"><net_src comp="916" pin="1"/><net_sink comp="934" pin=0"/></net>

<net id="941"><net_src comp="801" pin="1"/><net_sink comp="938" pin=0"/></net>

<net id="948"><net_src comp="164" pin="0"/><net_sink comp="942" pin=0"/></net>

<net id="949"><net_src comp="801" pin="1"/><net_sink comp="942" pin=1"/></net>

<net id="950"><net_src comp="166" pin="0"/><net_sink comp="942" pin=2"/></net>

<net id="951"><net_src comp="168" pin="0"/><net_sink comp="942" pin=3"/></net>

<net id="955"><net_src comp="942" pin="4"/><net_sink comp="952" pin=0"/></net>

<net id="959"><net_src comp="938" pin="1"/><net_sink comp="956" pin=0"/></net>

<net id="964"><net_src comp="956" pin="1"/><net_sink comp="960" pin=0"/></net>

<net id="965"><net_src comp="890" pin="1"/><net_sink comp="960" pin=1"/></net>

<net id="969"><net_src comp="804" pin="1"/><net_sink comp="966" pin=0"/></net>

<net id="976"><net_src comp="164" pin="0"/><net_sink comp="970" pin=0"/></net>

<net id="977"><net_src comp="804" pin="1"/><net_sink comp="970" pin=1"/></net>

<net id="978"><net_src comp="166" pin="0"/><net_sink comp="970" pin=2"/></net>

<net id="979"><net_src comp="168" pin="0"/><net_sink comp="970" pin=3"/></net>

<net id="983"><net_src comp="970" pin="4"/><net_sink comp="980" pin=0"/></net>

<net id="987"><net_src comp="966" pin="1"/><net_sink comp="984" pin=0"/></net>

<net id="992"><net_src comp="984" pin="1"/><net_sink comp="988" pin=0"/></net>

<net id="993"><net_src comp="912" pin="1"/><net_sink comp="988" pin=1"/></net>

<net id="997"><net_src comp="807" pin="1"/><net_sink comp="994" pin=0"/></net>

<net id="1004"><net_src comp="164" pin="0"/><net_sink comp="998" pin=0"/></net>

<net id="1005"><net_src comp="807" pin="1"/><net_sink comp="998" pin=1"/></net>

<net id="1006"><net_src comp="166" pin="0"/><net_sink comp="998" pin=2"/></net>

<net id="1007"><net_src comp="168" pin="0"/><net_sink comp="998" pin=3"/></net>

<net id="1011"><net_src comp="998" pin="4"/><net_sink comp="1008" pin=0"/></net>

<net id="1015"><net_src comp="994" pin="1"/><net_sink comp="1012" pin=0"/></net>

<net id="1020"><net_src comp="1012" pin="1"/><net_sink comp="1016" pin=0"/></net>

<net id="1021"><net_src comp="934" pin="1"/><net_sink comp="1016" pin=1"/></net>

<net id="1028"><net_src comp="170" pin="0"/><net_sink comp="1022" pin=0"/></net>

<net id="1029"><net_src comp="810" pin="1"/><net_sink comp="1022" pin=1"/></net>

<net id="1030"><net_src comp="94" pin="0"/><net_sink comp="1022" pin=2"/></net>

<net id="1031"><net_src comp="172" pin="0"/><net_sink comp="1022" pin=3"/></net>

<net id="1035"><net_src comp="1022" pin="4"/><net_sink comp="1032" pin=0"/></net>

<net id="1042"><net_src comp="174" pin="0"/><net_sink comp="1036" pin=0"/></net>

<net id="1043"><net_src comp="866" pin="2"/><net_sink comp="1036" pin=1"/></net>

<net id="1044"><net_src comp="176" pin="0"/><net_sink comp="1036" pin=2"/></net>

<net id="1045"><net_src comp="1032" pin="1"/><net_sink comp="1036" pin=3"/></net>

<net id="1052"><net_src comp="170" pin="0"/><net_sink comp="1046" pin=0"/></net>

<net id="1053"><net_src comp="813" pin="1"/><net_sink comp="1046" pin=1"/></net>

<net id="1054"><net_src comp="94" pin="0"/><net_sink comp="1046" pin=2"/></net>

<net id="1055"><net_src comp="172" pin="0"/><net_sink comp="1046" pin=3"/></net>

<net id="1059"><net_src comp="1046" pin="4"/><net_sink comp="1056" pin=0"/></net>

<net id="1066"><net_src comp="174" pin="0"/><net_sink comp="1060" pin=0"/></net>

<net id="1067"><net_src comp="960" pin="2"/><net_sink comp="1060" pin=1"/></net>

<net id="1068"><net_src comp="176" pin="0"/><net_sink comp="1060" pin=2"/></net>

<net id="1069"><net_src comp="1056" pin="1"/><net_sink comp="1060" pin=3"/></net>

<net id="1076"><net_src comp="170" pin="0"/><net_sink comp="1070" pin=0"/></net>

<net id="1077"><net_src comp="816" pin="1"/><net_sink comp="1070" pin=1"/></net>

<net id="1078"><net_src comp="94" pin="0"/><net_sink comp="1070" pin=2"/></net>

<net id="1079"><net_src comp="172" pin="0"/><net_sink comp="1070" pin=3"/></net>

<net id="1083"><net_src comp="1070" pin="4"/><net_sink comp="1080" pin=0"/></net>

<net id="1090"><net_src comp="174" pin="0"/><net_sink comp="1084" pin=0"/></net>

<net id="1091"><net_src comp="988" pin="2"/><net_sink comp="1084" pin=1"/></net>

<net id="1092"><net_src comp="176" pin="0"/><net_sink comp="1084" pin=2"/></net>

<net id="1093"><net_src comp="1080" pin="1"/><net_sink comp="1084" pin=3"/></net>

<net id="1100"><net_src comp="170" pin="0"/><net_sink comp="1094" pin=0"/></net>

<net id="1101"><net_src comp="819" pin="1"/><net_sink comp="1094" pin=1"/></net>

<net id="1102"><net_src comp="94" pin="0"/><net_sink comp="1094" pin=2"/></net>

<net id="1103"><net_src comp="172" pin="0"/><net_sink comp="1094" pin=3"/></net>

<net id="1107"><net_src comp="1094" pin="4"/><net_sink comp="1104" pin=0"/></net>

<net id="1114"><net_src comp="174" pin="0"/><net_sink comp="1108" pin=0"/></net>

<net id="1115"><net_src comp="1016" pin="2"/><net_sink comp="1108" pin=1"/></net>

<net id="1116"><net_src comp="176" pin="0"/><net_sink comp="1108" pin=2"/></net>

<net id="1117"><net_src comp="1104" pin="1"/><net_sink comp="1108" pin=3"/></net>

<net id="1122"><net_src comp="783" pin="1"/><net_sink comp="1118" pin=0"/></net>

<net id="1123"><net_src comp="178" pin="0"/><net_sink comp="1118" pin=1"/></net>

<net id="1129"><net_src comp="180" pin="0"/><net_sink comp="1124" pin=0"/></net>

<net id="1130"><net_src comp="1118" pin="2"/><net_sink comp="1124" pin=1"/></net>

<net id="1131"><net_src comp="154" pin="0"/><net_sink comp="1124" pin=2"/></net>

<net id="1136"><net_src comp="1108" pin="4"/><net_sink comp="1132" pin=0"/></net>

<net id="1141"><net_src comp="1084" pin="4"/><net_sink comp="1137" pin=0"/></net>

<net id="1146"><net_src comp="1060" pin="4"/><net_sink comp="1142" pin=0"/></net>

<net id="1151"><net_src comp="1036" pin="4"/><net_sink comp="1147" pin=0"/></net>

<net id="1156"><net_src comp="1008" pin="1"/><net_sink comp="1152" pin=0"/></net>

<net id="1161"><net_src comp="980" pin="1"/><net_sink comp="1157" pin=0"/></net>

<net id="1166"><net_src comp="952" pin="1"/><net_sink comp="1162" pin=0"/></net>

<net id="1171"><net_src comp="930" pin="1"/><net_sink comp="1167" pin=0"/></net>

<net id="1176"><net_src comp="908" pin="1"/><net_sink comp="1172" pin=0"/></net>

<net id="1181"><net_src comp="886" pin="1"/><net_sink comp="1177" pin=0"/></net>

<net id="1186"><net_src comp="858" pin="1"/><net_sink comp="1182" pin=0"/></net>

<net id="1191"><net_src comp="836" pin="1"/><net_sink comp="1187" pin=0"/></net>

<net id="1196"><net_src comp="1118" pin="2"/><net_sink comp="1192" pin=0"/></net>

<net id="1203"><net_src comp="1197" pin="1"/><net_sink comp="1200" pin=0"/></net>

<net id="1204"><net_src comp="1200" pin="1"/><net_sink comp="462" pin=2"/></net>

<net id="1211"><net_src comp="1205" pin="1"/><net_sink comp="1208" pin=0"/></net>

<net id="1212"><net_src comp="1208" pin="1"/><net_sink comp="454" pin=2"/></net>

<net id="1219"><net_src comp="1213" pin="1"/><net_sink comp="1216" pin=0"/></net>

<net id="1220"><net_src comp="1216" pin="1"/><net_sink comp="446" pin=2"/></net>

<net id="1227"><net_src comp="1221" pin="1"/><net_sink comp="1224" pin=0"/></net>

<net id="1228"><net_src comp="1224" pin="1"/><net_sink comp="438" pin=2"/></net>

<net id="1232"><net_src comp="190" pin="1"/><net_sink comp="1229" pin=0"/></net>

<net id="1233"><net_src comp="1229" pin="1"/><net_sink comp="710" pin=1"/></net>

<net id="1234"><net_src comp="1229" pin="1"/><net_sink comp="783" pin=0"/></net>

<net id="1235"><net_src comp="1229" pin="1"/><net_sink comp="1192" pin=1"/></net>

<net id="1239"><net_src comp="194" pin="1"/><net_sink comp="1236" pin=0"/></net>

<net id="1240"><net_src comp="1236" pin="1"/><net_sink comp="779" pin=1"/></net>

<net id="1241"><net_src comp="1236" pin="1"/><net_sink comp="786" pin=0"/></net>

<net id="1242"><net_src comp="1236" pin="1"/><net_sink comp="1187" pin=1"/></net>

<net id="1246"><net_src comp="198" pin="1"/><net_sink comp="1243" pin=0"/></net>

<net id="1247"><net_src comp="1243" pin="1"/><net_sink comp="775" pin=1"/></net>

<net id="1248"><net_src comp="1243" pin="1"/><net_sink comp="789" pin=0"/></net>

<net id="1249"><net_src comp="1243" pin="1"/><net_sink comp="1182" pin=1"/></net>

<net id="1253"><net_src comp="202" pin="1"/><net_sink comp="1250" pin=0"/></net>

<net id="1254"><net_src comp="1250" pin="1"/><net_sink comp="771" pin=1"/></net>

<net id="1255"><net_src comp="1250" pin="1"/><net_sink comp="792" pin=0"/></net>

<net id="1256"><net_src comp="1250" pin="1"/><net_sink comp="1177" pin=1"/></net>

<net id="1260"><net_src comp="206" pin="1"/><net_sink comp="1257" pin=0"/></net>

<net id="1261"><net_src comp="1257" pin="1"/><net_sink comp="767" pin=1"/></net>

<net id="1262"><net_src comp="1257" pin="1"/><net_sink comp="795" pin=0"/></net>

<net id="1263"><net_src comp="1257" pin="1"/><net_sink comp="1172" pin=1"/></net>

<net id="1267"><net_src comp="210" pin="1"/><net_sink comp="1264" pin=0"/></net>

<net id="1268"><net_src comp="1264" pin="1"/><net_sink comp="763" pin=1"/></net>

<net id="1269"><net_src comp="1264" pin="1"/><net_sink comp="798" pin=0"/></net>

<net id="1270"><net_src comp="1264" pin="1"/><net_sink comp="1167" pin=1"/></net>

<net id="1274"><net_src comp="214" pin="1"/><net_sink comp="1271" pin=0"/></net>

<net id="1275"><net_src comp="1271" pin="1"/><net_sink comp="759" pin=1"/></net>

<net id="1276"><net_src comp="1271" pin="1"/><net_sink comp="801" pin=0"/></net>

<net id="1277"><net_src comp="1271" pin="1"/><net_sink comp="1162" pin=1"/></net>

<net id="1281"><net_src comp="218" pin="1"/><net_sink comp="1278" pin=0"/></net>

<net id="1282"><net_src comp="1278" pin="1"/><net_sink comp="755" pin=1"/></net>

<net id="1283"><net_src comp="1278" pin="1"/><net_sink comp="804" pin=0"/></net>

<net id="1284"><net_src comp="1278" pin="1"/><net_sink comp="1157" pin=1"/></net>

<net id="1288"><net_src comp="222" pin="1"/><net_sink comp="1285" pin=0"/></net>

<net id="1289"><net_src comp="1285" pin="1"/><net_sink comp="751" pin=1"/></net>

<net id="1290"><net_src comp="1285" pin="1"/><net_sink comp="807" pin=0"/></net>

<net id="1291"><net_src comp="1285" pin="1"/><net_sink comp="1152" pin=1"/></net>

<net id="1295"><net_src comp="226" pin="1"/><net_sink comp="1292" pin=0"/></net>

<net id="1296"><net_src comp="1292" pin="1"/><net_sink comp="705" pin=1"/></net>

<net id="1297"><net_src comp="1292" pin="1"/><net_sink comp="810" pin=0"/></net>

<net id="1298"><net_src comp="1292" pin="1"/><net_sink comp="1147" pin=1"/></net>

<net id="1302"><net_src comp="230" pin="1"/><net_sink comp="1299" pin=0"/></net>

<net id="1303"><net_src comp="1299" pin="1"/><net_sink comp="700" pin=1"/></net>

<net id="1304"><net_src comp="1299" pin="1"/><net_sink comp="813" pin=0"/></net>

<net id="1305"><net_src comp="1299" pin="1"/><net_sink comp="1142" pin=1"/></net>

<net id="1309"><net_src comp="234" pin="1"/><net_sink comp="1306" pin=0"/></net>

<net id="1310"><net_src comp="1306" pin="1"/><net_sink comp="695" pin=1"/></net>

<net id="1311"><net_src comp="1306" pin="1"/><net_sink comp="816" pin=0"/></net>

<net id="1312"><net_src comp="1306" pin="1"/><net_sink comp="1137" pin=1"/></net>

<net id="1316"><net_src comp="238" pin="1"/><net_sink comp="1313" pin=0"/></net>

<net id="1317"><net_src comp="1313" pin="1"/><net_sink comp="690" pin=1"/></net>

<net id="1318"><net_src comp="1313" pin="1"/><net_sink comp="819" pin=0"/></net>

<net id="1319"><net_src comp="1313" pin="1"/><net_sink comp="1132" pin=1"/></net>

<net id="1323"><net_src comp="504" pin="2"/><net_sink comp="1320" pin=0"/></net>

<net id="1324"><net_src comp="1320" pin="1"/><net_sink comp="314" pin=1"/></net>

<net id="1325"><net_src comp="1320" pin="1"/><net_sink comp="370" pin=1"/></net>

<net id="1329"><net_src comp="524" pin="2"/><net_sink comp="1326" pin=0"/></net>

<net id="1330"><net_src comp="1326" pin="1"/><net_sink comp="321" pin=1"/></net>

<net id="1331"><net_src comp="1326" pin="1"/><net_sink comp="375" pin=1"/></net>

<net id="1335"><net_src comp="544" pin="2"/><net_sink comp="1332" pin=0"/></net>

<net id="1336"><net_src comp="1332" pin="1"/><net_sink comp="328" pin=1"/></net>

<net id="1337"><net_src comp="1332" pin="1"/><net_sink comp="380" pin=1"/></net>

<net id="1341"><net_src comp="564" pin="2"/><net_sink comp="1338" pin=0"/></net>

<net id="1342"><net_src comp="1338" pin="1"/><net_sink comp="335" pin=1"/></net>

<net id="1343"><net_src comp="1338" pin="1"/><net_sink comp="385" pin=1"/></net>

<net id="1347"><net_src comp="584" pin="2"/><net_sink comp="1344" pin=0"/></net>

<net id="1348"><net_src comp="1344" pin="1"/><net_sink comp="342" pin=1"/></net>

<net id="1349"><net_src comp="1344" pin="1"/><net_sink comp="390" pin=1"/></net>

<net id="1353"><net_src comp="604" pin="2"/><net_sink comp="1350" pin=0"/></net>

<net id="1354"><net_src comp="1350" pin="1"/><net_sink comp="349" pin=1"/></net>

<net id="1355"><net_src comp="1350" pin="1"/><net_sink comp="395" pin=1"/></net>

<net id="1359"><net_src comp="624" pin="2"/><net_sink comp="1356" pin=0"/></net>

<net id="1360"><net_src comp="1356" pin="1"/><net_sink comp="356" pin=1"/></net>

<net id="1361"><net_src comp="1356" pin="1"/><net_sink comp="400" pin=1"/></net>

<net id="1365"><net_src comp="644" pin="2"/><net_sink comp="1362" pin=0"/></net>

<net id="1366"><net_src comp="1362" pin="1"/><net_sink comp="363" pin=1"/></net>

<net id="1367"><net_src comp="1362" pin="1"/><net_sink comp="405" pin=1"/></net>

<net id="1371"><net_src comp="650" pin="4"/><net_sink comp="1368" pin=0"/></net>

<net id="1372"><net_src comp="1368" pin="1"/><net_sink comp="715" pin=0"/></net>

<net id="1376"><net_src comp="660" pin="4"/><net_sink comp="1373" pin=0"/></net>

<net id="1377"><net_src comp="1373" pin="1"/><net_sink comp="724" pin=0"/></net>

<net id="1381"><net_src comp="670" pin="4"/><net_sink comp="1378" pin=0"/></net>

<net id="1382"><net_src comp="1378" pin="1"/><net_sink comp="733" pin=0"/></net>

<net id="1386"><net_src comp="680" pin="4"/><net_sink comp="1383" pin=0"/></net>

<net id="1387"><net_src comp="1383" pin="1"/><net_sink comp="742" pin=0"/></net>

<net id="1391"><net_src comp="370" pin="2"/><net_sink comp="1388" pin=0"/></net>

<net id="1392"><net_src comp="1388" pin="1"/><net_sink comp="779" pin=0"/></net>

<net id="1396"><net_src comp="375" pin="2"/><net_sink comp="1393" pin=0"/></net>

<net id="1397"><net_src comp="1393" pin="1"/><net_sink comp="775" pin=0"/></net>

<net id="1401"><net_src comp="380" pin="2"/><net_sink comp="1398" pin=0"/></net>

<net id="1402"><net_src comp="1398" pin="1"/><net_sink comp="771" pin=0"/></net>

<net id="1406"><net_src comp="385" pin="2"/><net_sink comp="1403" pin=0"/></net>

<net id="1407"><net_src comp="1403" pin="1"/><net_sink comp="767" pin=0"/></net>

<net id="1411"><net_src comp="390" pin="2"/><net_sink comp="1408" pin=0"/></net>

<net id="1412"><net_src comp="1408" pin="1"/><net_sink comp="763" pin=0"/></net>

<net id="1416"><net_src comp="395" pin="2"/><net_sink comp="1413" pin=0"/></net>

<net id="1417"><net_src comp="1413" pin="1"/><net_sink comp="759" pin=0"/></net>

<net id="1421"><net_src comp="400" pin="2"/><net_sink comp="1418" pin=0"/></net>

<net id="1422"><net_src comp="1418" pin="1"/><net_sink comp="755" pin=0"/></net>

<net id="1426"><net_src comp="405" pin="2"/><net_sink comp="1423" pin=0"/></net>

<net id="1427"><net_src comp="1423" pin="1"/><net_sink comp="751" pin=0"/></net>

<net id="1431"><net_src comp="718" pin="2"/><net_sink comp="1428" pin=0"/></net>

<net id="1432"><net_src comp="1428" pin="1"/><net_sink comp="431" pin=1"/></net>

<net id="1433"><net_src comp="1428" pin="1"/><net_sink comp="462" pin=1"/></net>

<net id="1434"><net_src comp="1428" pin="1"/><net_sink comp="485" pin=1"/></net>

<net id="1438"><net_src comp="727" pin="2"/><net_sink comp="1435" pin=0"/></net>

<net id="1439"><net_src comp="1435" pin="1"/><net_sink comp="424" pin=1"/></net>

<net id="1440"><net_src comp="1435" pin="1"/><net_sink comp="454" pin=1"/></net>

<net id="1441"><net_src comp="1435" pin="1"/><net_sink comp="480" pin=1"/></net>

<net id="1445"><net_src comp="736" pin="2"/><net_sink comp="1442" pin=0"/></net>

<net id="1446"><net_src comp="1442" pin="1"/><net_sink comp="417" pin=1"/></net>

<net id="1447"><net_src comp="1442" pin="1"/><net_sink comp="446" pin=1"/></net>

<net id="1448"><net_src comp="1442" pin="1"/><net_sink comp="475" pin=1"/></net>

<net id="1452"><net_src comp="745" pin="2"/><net_sink comp="1449" pin=0"/></net>

<net id="1453"><net_src comp="1449" pin="1"/><net_sink comp="410" pin=1"/></net>

<net id="1454"><net_src comp="1449" pin="1"/><net_sink comp="438" pin=1"/></net>

<net id="1455"><net_src comp="1449" pin="1"/><net_sink comp="470" pin=1"/></net>

<net id="1459"><net_src comp="1036" pin="4"/><net_sink comp="1456" pin=0"/></net>

<net id="1460"><net_src comp="1456" pin="1"/><net_sink comp="1221" pin=0"/></net>

<net id="1464"><net_src comp="1060" pin="4"/><net_sink comp="1461" pin=0"/></net>

<net id="1465"><net_src comp="1461" pin="1"/><net_sink comp="1213" pin=0"/></net>

<net id="1469"><net_src comp="1084" pin="4"/><net_sink comp="1466" pin=0"/></net>

<net id="1470"><net_src comp="1466" pin="1"/><net_sink comp="1205" pin=0"/></net>

<net id="1474"><net_src comp="1108" pin="4"/><net_sink comp="1471" pin=0"/></net>

<net id="1475"><net_src comp="1471" pin="1"/><net_sink comp="1197" pin=0"/></net>

</net_list>

</model> 
---------------- Datapath Model END ------------------

* FSMD analyzer results:
  - Output states:
	Port: gmem2_0 | {76 77 78 79 80 81 82 83 84 85 86 87 88 89 90 91 92 93 94 95 96 97 98 99 100 101 102 103 104 105 106 107 108 109 110 111 112 113 114 115 116 117 118 119 120 121 122 123 124 125 126 127 128 129 130 131 132 133 134 135 136 137 138 139 140 141 142 143 144 145 }
	Port: gmem2_1 | {76 77 78 79 80 81 82 83 84 85 86 87 88 89 90 91 92 93 94 95 96 97 98 99 100 101 102 103 104 105 106 107 108 109 110 111 112 113 114 115 116 117 118 119 120 121 122 123 124 125 126 127 128 129 130 131 132 133 134 135 136 137 138 139 140 141 142 143 144 145 }
	Port: gmem2_2 | {76 77 78 79 80 81 82 83 84 85 86 87 88 89 90 91 92 93 94 95 96 97 98 99 100 101 102 103 104 105 106 107 108 109 110 111 112 113 114 115 116 117 118 119 120 121 122 123 124 125 126 127 128 129 130 131 132 133 134 135 136 137 138 139 140 141 142 143 144 145 }
	Port: gmem2_3 | {76 77 78 79 80 81 82 83 84 85 86 87 88 89 90 91 92 93 94 95 96 97 98 99 100 101 102 103 104 105 106 107 108 109 110 111 112 113 114 115 116 117 118 119 120 121 122 123 124 125 126 127 128 129 130 131 132 133 134 135 136 137 138 139 140 141 142 143 144 145 }
 - Input state : 
	Port: kernel : gmem0_0 | {2 3 4 5 6 7 8 9 10 11 12 13 14 15 16 17 18 19 20 21 22 23 24 25 26 27 28 29 30 31 32 33 34 35 36 37 38 39 40 41 42 43 44 45 46 47 48 49 50 51 52 53 54 55 56 57 58 59 60 61 62 63 64 65 66 67 68 69 70 71 72 73 }
	Port: kernel : gmem0_1 | {2 3 4 5 6 7 8 9 10 11 12 13 14 15 16 17 18 19 20 21 22 23 24 25 26 27 28 29 30 31 32 33 34 35 36 37 38 39 40 41 42 43 44 45 46 47 48 49 50 51 52 53 54 55 56 57 58 59 60 61 62 63 64 65 66 67 68 69 70 71 72 73 }
	Port: kernel : gmem0_2 | {2 3 4 5 6 7 8 9 10 11 12 13 14 15 16 17 18 19 20 21 22 23 24 25 26 27 28 29 30 31 32 33 34 35 36 37 38 39 40 41 42 43 44 45 46 47 48 49 50 51 52 53 54 55 56 57 58 59 60 61 62 63 64 65 66 67 68 69 70 71 72 73 }
	Port: kernel : gmem0_3 | {2 3 4 5 6 7 8 9 10 11 12 13 14 15 16 17 18 19 20 21 22 23 24 25 26 27 28 29 30 31 32 33 34 35 36 37 38 39 40 41 42 43 44 45 46 47 48 49 50 51 52 53 54 55 56 57 58 59 60 61 62 63 64 65 66 67 68 69 70 71 72 73 }
	Port: kernel : gmem1_0 | {2 3 4 5 6 7 8 9 10 11 12 13 14 15 16 17 18 19 20 21 22 23 24 25 26 27 28 29 30 31 32 33 34 35 36 37 38 39 40 41 42 43 44 45 46 47 48 49 50 51 52 53 54 55 56 57 58 59 60 61 62 63 64 65 66 67 68 69 70 71 72 73 }
	Port: kernel : gmem1_1 | {2 3 4 5 6 7 8 9 10 11 12 13 14 15 16 17 18 19 20 21 22 23 24 25 26 27 28 29 30 31 32 33 34 35 36 37 38 39 40 41 42 43 44 45 46 47 48 49 50 51 52 53 54 55 56 57 58 59 60 61 62 63 64 65 66 67 68 69 70 71 72 73 }
	Port: kernel : gmem1_2 | {2 3 4 5 6 7 8 9 10 11 12 13 14 15 16 17 18 19 20 21 22 23 24 25 26 27 28 29 30 31 32 33 34 35 36 37 38 39 40 41 42 43 44 45 46 47 48 49 50 51 52 53 54 55 56 57 58 59 60 61 62 63 64 65 66 67 68 69 70 71 72 73 }
	Port: kernel : gmem1_3 | {2 3 4 5 6 7 8 9 10 11 12 13 14 15 16 17 18 19 20 21 22 23 24 25 26 27 28 29 30 31 32 33 34 35 36 37 38 39 40 41 42 43 44 45 46 47 48 49 50 51 52 53 54 55 56 57 58 59 60 61 62 63 64 65 66 67 68 69 70 71 72 73 }
	Port: kernel : a_0 | {1 }
	Port: kernel : a_1 | {1 }
	Port: kernel : a_2 | {1 }
	Port: kernel : a_3 | {1 }
	Port: kernel : b_0 | {1 }
	Port: kernel : b_1 | {1 }
	Port: kernel : b_2 | {1 }
	Port: kernel : b_3 | {1 }
	Port: kernel : c_0 | {1 }
	Port: kernel : c_1 | {1 }
	Port: kernel : c_2 | {1 }
	Port: kernel : c_3 | {1 }
  - Chain level:
	State 1
		sext_ln19 : 1
		gmem0_0_addr : 2
		sext_ln19_1 : 1
		gmem1_0_addr : 2
		sext_ln19_2 : 1
		gmem0_1_addr : 2
		sext_ln19_3 : 1
		gmem0_2_addr : 2
		sext_ln19_4 : 1
		gmem0_3_addr : 2
		sext_ln19_5 : 1
		gmem1_1_addr : 2
		sext_ln19_6 : 1
		gmem1_2_addr : 2
		sext_ln19_7 : 1
		gmem1_3_addr : 2
		store_ln0 : 1
		store_ln0 : 1
		store_ln0 : 1
		store_ln0 : 1
		store_ln0 : 1
	State 2
	State 3
	State 4
	State 5
	State 6
	State 7
	State 8
	State 9
	State 10
	State 11
	State 12
	State 13
	State 14
	State 15
	State 16
	State 17
	State 18
	State 19
	State 20
	State 21
	State 22
	State 23
	State 24
	State 25
	State 26
	State 27
	State 28
	State 29
	State 30
	State 31
	State 32
	State 33
	State 34
	State 35
	State 36
	State 37
	State 38
	State 39
	State 40
	State 41
	State 42
	State 43
	State 44
	State 45
	State 46
	State 47
	State 48
	State 49
	State 50
	State 51
	State 52
	State 53
	State 54
	State 55
	State 56
	State 57
	State 58
	State 59
	State 60
	State 61
	State 62
	State 63
	State 64
	State 65
	State 66
	State 67
	State 68
	State 69
	State 70
	State 71
	State 72
	State 73
	State 74
		gmem2_3_addr : 1
		gmem2_2_addr : 1
		gmem2_1_addr : 1
		gmem2_0_addr : 1
	State 75
		trunc_ln22 : 1
		lshr_ln : 1
		zext_ln22 : 2
		sext_ln22 : 2
		trunc_ln22_1 : 1
		lshr_ln22_1 : 1
		zext_ln22_1 : 2
		sext_ln22_1 : 2
		add_ln22 : 3
		trunc_ln22_2 : 1
		lshr_ln22_2 : 1
		zext_ln22_2 : 2
		sext_ln22_2 : 2
		trunc_ln22_3 : 1
		lshr_ln22_3 : 1
		zext_ln22_3 : 2
		sext_ln22_3 : 2
		trunc_ln22_4 : 1
		lshr_ln22_4 : 1
		zext_ln22_4 : 2
		sext_ln22_4 : 2
		trunc_ln22_5 : 1
		lshr_ln22_5 : 1
		zext_ln22_5 : 2
		sext_ln22_5 : 2
		add_ln22_1 : 3
		trunc_ln22_6 : 1
		lshr_ln22_6 : 1
		zext_ln22_6 : 2
		sext_ln22_6 : 2
		add_ln22_2 : 3
		trunc_ln22_7 : 1
		lshr_ln22_7 : 1
		zext_ln22_7 : 2
		sext_ln22_7 : 2
		add_ln22_3 : 3
		tmp_4 : 1
		sext_ln22_8 : 2
		tmp : 4
		tmp_5 : 1
		sext_ln22_9 : 2
		tmp_1 : 4
		tmp_6 : 1
		sext_ln22_10 : 2
		tmp_2 : 4
		tmp_7 : 1
		sext_ln22_11 : 2
		tmp_3 : 4
		i : 1
		tmp_8 : 2
		store_ln22 : 5
		store_ln22 : 5
		store_ln22 : 5
		store_ln22 : 5
		store_ln22 : 3
		store_ln22 : 3
		store_ln22 : 3
		store_ln22 : 3
		store_ln22 : 3
		store_ln22 : 3
		store_ln22 : 3
		store_ln22 : 3
		store_ln19 : 2
		br_ln19 : 3
	State 76
	State 77
		zext_ln19 : 1
		zext_ln19_1 : 1
		zext_ln19_2 : 1
		zext_ln19_3 : 1
		write_ln24 : 2
		write_ln24 : 2
		write_ln24 : 2
		write_ln24 : 2
	State 78
	State 79
	State 80
	State 81
	State 82
	State 83
	State 84
	State 85
	State 86
	State 87
	State 88
	State 89
	State 90
	State 91
	State 92
	State 93
	State 94
	State 95
	State 96
	State 97
	State 98
	State 99
	State 100
	State 101
	State 102
	State 103
	State 104
	State 105
	State 106
	State 107
	State 108
	State 109
	State 110
	State 111
	State 112
	State 113
	State 114
	State 115
	State 116
	State 117
	State 118
	State 119
	State 120
	State 121
	State 122
	State 123
	State 124
	State 125
	State 126
	State 127
	State 128
	State 129
	State 130
	State 131
	State 132
	State 133
	State 134
	State 135
	State 136
	State 137
	State 138
	State 139
	State 140
	State 141
	State 142
	State 143
	State 144
	State 145


============================================================
+ Verbose Summary: Datapath Resource usage 
============================================================

* Functional unit list:
|----------|----------------------------------|---------|---------|
| Operation|          Functional Unit         |    FF   |   LUT   |
|----------|----------------------------------|---------|---------|
|          |          add_ln22_fu_866         |    0    |    15   |
|          |         add_ln22_1_fu_960        |    0    |    15   |
|    add   |         add_ln22_2_fu_988        |    0    |    15   |
|          |        add_ln22_3_fu_1016        |    0    |    15   |
|          |             i_fu_1118            |    0    |    12   |
|----------|----------------------------------|---------|---------|
|          |       c_3_read_read_fu_242       |    0    |    0    |
|          |       c_2_read_read_fu_248       |    0    |    0    |
|          |       c_1_read_read_fu_254       |    0    |    0    |
|          |       c_0_read_read_fu_260       |    0    |    0    |
|          |       b_3_read_read_fu_266       |    0    |    0    |
|          |       b_2_read_read_fu_272       |    0    |    0    |
|          |       b_1_read_read_fu_278       |    0    |    0    |
|          |       b_0_read_read_fu_284       |    0    |    0    |
|          |       a_3_read_read_fu_290       |    0    |    0    |
|   read   |       a_2_read_read_fu_296       |    0    |    0    |
|          |       a_1_read_read_fu_302       |    0    |    0    |
|          |       a_0_read_read_fu_308       |    0    |    0    |
|          |   gmem0_0_addr_read_read_fu_370  |    0    |    0    |
|          |   gmem1_0_addr_read_read_fu_375  |    0    |    0    |
|          |   gmem0_1_addr_read_read_fu_380  |    0    |    0    |
|          |   gmem0_2_addr_read_read_fu_385  |    0    |    0    |
|          |   gmem0_3_addr_read_read_fu_390  |    0    |    0    |
|          |   gmem1_1_addr_read_read_fu_395  |    0    |    0    |
|          |   gmem1_2_addr_read_read_fu_400  |    0    |    0    |
|          |   gmem1_3_addr_read_read_fu_405  |    0    |    0    |
|----------|----------------------------------|---------|---------|
|          |        grp_readreq_fu_314        |    0    |    0    |
|          |        grp_readreq_fu_321        |    0    |    0    |
|          |        grp_readreq_fu_328        |    0    |    0    |
|  readreq |        grp_readreq_fu_335        |    0    |    0    |
|          |        grp_readreq_fu_342        |    0    |    0    |
|          |        grp_readreq_fu_349        |    0    |    0    |
|          |        grp_readreq_fu_356        |    0    |    0    |
|          |        grp_readreq_fu_363        |    0    |    0    |
|----------|----------------------------------|---------|---------|
|          | gmem2_0_addr_req_writereq_fu_410 |    0    |    0    |
| writereq | gmem2_1_addr_req_writereq_fu_417 |    0    |    0    |
|          | gmem2_2_addr_req_writereq_fu_424 |    0    |    0    |
|          | gmem2_3_addr_req_writereq_fu_431 |    0    |    0    |
|----------|----------------------------------|---------|---------|
|          |      write_ln24_write_fu_438     |    0    |    0    |
|   write  |      write_ln24_write_fu_446     |    0    |    0    |
|          |      write_ln24_write_fu_454     |    0    |    0    |
|          |      write_ln24_write_fu_462     |    0    |    0    |
|----------|----------------------------------|---------|---------|
|          |       grp_writeresp_fu_470       |    0    |    0    |
| writeresp|       grp_writeresp_fu_475       |    0    |    0    |
|          |       grp_writeresp_fu_480       |    0    |    0    |
|          |       grp_writeresp_fu_485       |    0    |    0    |
|----------|----------------------------------|---------|---------|
|          |          trunc_ln_fu_490         |    0    |    0    |
|          |        trunc_ln19_1_fu_510       |    0    |    0    |
|          |        trunc_ln19_2_fu_530       |    0    |    0    |
|          |        trunc_ln19_3_fu_550       |    0    |    0    |
|          |        trunc_ln19_4_fu_570       |    0    |    0    |
|          |        trunc_ln19_5_fu_590       |    0    |    0    |
|          |        trunc_ln19_6_fu_610       |    0    |    0    |
|          |        trunc_ln19_7_fu_630       |    0    |    0    |
|          |           p_cast_fu_650          |    0    |    0    |
|          |          p_cast1_fu_660          |    0    |    0    |
|          |          p_cast2_fu_670          |    0    |    0    |
|partselect|          p_cast3_fu_680          |    0    |    0    |
|          |          lshr_ln_fu_826          |    0    |    0    |
|          |        lshr_ln22_1_fu_848        |    0    |    0    |
|          |        lshr_ln22_2_fu_876        |    0    |    0    |
|          |        lshr_ln22_3_fu_898        |    0    |    0    |
|          |        lshr_ln22_4_fu_920        |    0    |    0    |
|          |        lshr_ln22_5_fu_942        |    0    |    0    |
|          |        lshr_ln22_6_fu_970        |    0    |    0    |
|          |        lshr_ln22_7_fu_998        |    0    |    0    |
|          |           tmp_4_fu_1022          |    0    |    0    |
|          |           tmp_5_fu_1046          |    0    |    0    |
|          |           tmp_6_fu_1070          |    0    |    0    |
|          |           tmp_7_fu_1094          |    0    |    0    |
|----------|----------------------------------|---------|---------|
|          |         sext_ln19_fu_500         |    0    |    0    |
|          |        sext_ln19_1_fu_520        |    0    |    0    |
|          |        sext_ln19_2_fu_540        |    0    |    0    |
|          |        sext_ln19_3_fu_560        |    0    |    0    |
|          |        sext_ln19_4_fu_580        |    0    |    0    |
|          |        sext_ln19_5_fu_600        |    0    |    0    |
|          |        sext_ln19_6_fu_620        |    0    |    0    |
|          |        sext_ln19_7_fu_640        |    0    |    0    |
|          |        p_cast_cast_fu_715        |    0    |    0    |
|          |        p_cast1_cast_fu_724       |    0    |    0    |
|          |        p_cast2_cast_fu_733       |    0    |    0    |
|          |        p_cast3_cast_fu_742       |    0    |    0    |
|          |         sext_ln22_fu_840         |    0    |    0    |
|   sext   |        sext_ln22_1_fu_862        |    0    |    0    |
|          |        sext_ln22_2_fu_890        |    0    |    0    |
|          |        sext_ln22_3_fu_912        |    0    |    0    |
|          |        sext_ln22_4_fu_934        |    0    |    0    |
|          |        sext_ln22_5_fu_956        |    0    |    0    |
|          |        sext_ln22_6_fu_984        |    0    |    0    |
|          |        sext_ln22_7_fu_1012       |    0    |    0    |
|          |        sext_ln22_8_fu_1032       |    0    |    0    |
|          |        sext_ln22_9_fu_1056       |    0    |    0    |
|          |       sext_ln22_10_fu_1080       |    0    |    0    |
|          |       sext_ln22_11_fu_1104       |    0    |    0    |
|          |        sext_ln19_8_fu_1197       |    0    |    0    |
|          |        sext_ln19_9_fu_1205       |    0    |    0    |
|          |       sext_ln19_10_fu_1213       |    0    |    0    |
|          |       sext_ln19_11_fu_1221       |    0    |    0    |
|----------|----------------------------------|---------|---------|
|          |         trunc_ln22_fu_822        |    0    |    0    |
|          |        trunc_ln22_1_fu_844       |    0    |    0    |
|          |        trunc_ln22_2_fu_872       |    0    |    0    |
|   trunc  |        trunc_ln22_3_fu_894       |    0    |    0    |
|          |        trunc_ln22_4_fu_916       |    0    |    0    |
|          |        trunc_ln22_5_fu_938       |    0    |    0    |
|          |        trunc_ln22_6_fu_966       |    0    |    0    |
|          |        trunc_ln22_7_fu_994       |    0    |    0    |
|----------|----------------------------------|---------|---------|
|          |         zext_ln22_fu_836         |    0    |    0    |
|          |        zext_ln22_1_fu_858        |    0    |    0    |
|          |        zext_ln22_2_fu_886        |    0    |    0    |
|          |        zext_ln22_3_fu_908        |    0    |    0    |
|          |        zext_ln22_4_fu_930        |    0    |    0    |
|   zext   |        zext_ln22_5_fu_952        |    0    |    0    |
|          |        zext_ln22_6_fu_980        |    0    |    0    |
|          |        zext_ln22_7_fu_1008       |    0    |    0    |
|          |         zext_ln19_fu_1200        |    0    |    0    |
|          |        zext_ln19_1_fu_1208       |    0    |    0    |
|          |        zext_ln19_2_fu_1216       |    0    |    0    |
|          |        zext_ln19_3_fu_1224       |    0    |    0    |
|----------|----------------------------------|---------|---------|
|          |            tmp_fu_1036           |    0    |    0    |
|bitconcatenate|           tmp_1_fu_1060          |    0    |    0    |
|          |           tmp_2_fu_1084          |    0    |    0    |
|          |           tmp_3_fu_1108          |    0    |    0    |
|----------|----------------------------------|---------|---------|
| bitselect|           tmp_8_fu_1124          |    0    |    0    |
|----------|----------------------------------|---------|---------|
|   Total  |                                  |    0    |    72   |
|----------|----------------------------------|---------|---------|

Memories:
N/A

* Register list:
+--------------------------+--------+
|                          |   FF   |
+--------------------------+--------+
|gmem0_0_addr_read_reg_1388|   32   |
|   gmem0_0_addr_reg_1320  |   32   |
|gmem0_1_addr_read_reg_1398|   32   |
|   gmem0_1_addr_reg_1332  |   32   |
|gmem0_2_addr_read_reg_1403|   32   |
|   gmem0_2_addr_reg_1338  |   32   |
|gmem0_3_addr_read_reg_1408|   32   |
|   gmem0_3_addr_reg_1344  |   32   |
|gmem1_0_addr_read_reg_1393|   32   |
|   gmem1_0_addr_reg_1326  |   32   |
|gmem1_1_addr_read_reg_1413|   32   |
|   gmem1_1_addr_reg_1350  |   32   |
|gmem1_2_addr_read_reg_1418|   32   |
|   gmem1_2_addr_reg_1356  |   32   |
|gmem1_3_addr_read_reg_1423|   32   |
|   gmem1_3_addr_reg_1362  |   32   |
|   gmem2_0_addr_reg_1449  |   64   |
|   gmem2_1_addr_reg_1442  |   64   |
|   gmem2_2_addr_reg_1435  |   64   |
|   gmem2_3_addr_reg_1428  |   64   |
|        i1_reg_1229       |    5   |
|     p_cast1_reg_1373     |   61   |
|     p_cast2_reg_1378     |   61   |
|     p_cast3_reg_1383     |   61   |
|      p_cast_reg_1368     |   61   |
|   shiftreg163_reg_1243   |   32   |
|   shiftreg184_reg_1250   |   32   |
|   shiftreg205_reg_1257   |   32   |
|   shiftreg226_reg_1264   |   32   |
|   shiftreg247_reg_1271   |   32   |
|   shiftreg268_reg_1278   |   32   |
|   shiftreg289_reg_1285   |   32   |
|    shiftreg2_reg_1236    |   32   |
|   shiftreg3010_reg_1292  |   57   |
|   shiftreg3212_reg_1299  |   57   |
|   shiftreg3414_reg_1306  |   57   |
|   shiftreg3616_reg_1313  |   57   |
|      tmp_1_reg_1461      |   57   |
|      tmp_2_reg_1466      |   57   |
|      tmp_3_reg_1471      |   57   |
|       tmp_reg_1456       |   57   |
+--------------------------+--------+
|           Total          |  1729  |
+--------------------------+--------+

* Multiplexer (MUX) list: 
|--------|------|------|------|--------|
|  Comp  |  Pin | Size |  BW  | S x BW |
|--------|------|------|------|--------|
|  Total |      |      |      |    0   |
|--------|------|------|------|--------|



* Summary:
+-----------+--------+--------+
|           |   FF   |   LUT  |
+-----------+--------+--------+
|  Function |    0   |   72   |
|   Memory  |    -   |    -   |
|Multiplexer|    -   |    -   |
|  Register |  1729  |    -   |
+-----------+--------+--------+
|   Total   |  1729  |   72   |
+-----------+--------+--------+
