

================================================================
== Vitis HLS Report for 'kernel'
================================================================
* Date:           Thu Mar 19 03:31:52 2026

* Version:        2025.1 (Build 6135595 on May 21 2025)
* Project:        work
* Solution:       hls (Vitis Kernel Flow Target)
* Product family: zynq
* Target device:  xc7z020-clg400-1


================================================================
== Performance Estimates
================================================================
+ Timing: 
    * Summary: 
    +--------+----------+----------+------------+
    |  Clock |  Target  | Estimated| Uncertainty|
    +--------+----------+----------+------------+
    |ap_clk  |  10.00 ns|  7.300 ns|     2.70 ns|
    +--------+----------+----------+------------+

+ Latency: 
    * Summary: 
    +---------+---------+----------+----------+-----+-----+---------+
    |  Latency (cycles) |  Latency (absolute) |  Interval | Pipeline|
    |   min   |   max   |    min   |    max   | min | max |   Type  |
    +---------+---------+----------+----------+-----+-----+---------+
    |      147|      147|  1.470 us|  1.470 us|  148|  148|       no|
    +---------+---------+----------+----------+-----+-----+---------+

    + Detail: 
        * Instance: 
        N/A

        * Loop: 
        +------------+---------+---------+----------+-----------+-----------+------+----------+
        |            |  Latency (cycles) | Iteration|  Initiation Interval  | Trip |          |
        |  Loop Name |   min   |   max   |  Latency |  achieved |   target  | Count| Pipelined|
        +------------+---------+---------+----------+-----------+-----------+------+----------+
        |- loop_add  |        3|        3|         1|          1|          4|     4|       yes|
        +------------+---------+---------+----------+-----------+-----------+------+----------+

============================================================
+ Verbose Summary: Synthesis Manager
============================================================
InlineROM: 1
ExposeGlobal: 0
============================================================
+ Verbose Summary: CDFG Model
============================================================
IsTopModel: 1
ResetActiveHigh: 1
IsCombinational: 0
IsDatapathOnly: 0
HasWiredReturn: 1
HasMFsm: 2
HasVarLatency: 1
IsPipeline: 0
IsRtlPipelined: 0
IsInstanceOverlapped: 0
IsDontTouch: 0
HasImplIP: 0
IsGatedGlobalClock: 0

+ Individual pipeline summary: 
  * Pipeline-0: initiation interval (II) = 1, depth = 1


============================================================
+ Verbose Summary: Schedule
============================================================
* Number of FSM states : 145
* Pipeline : 1
  Pipeline-0 : II = 1, D = 1, States = { 75 }
* Dataflow Pipeline: 0

* FSM state transitions: 
1 --> 2 
2 --> 3 
3 --> 4 
4 --> 5 
5 --> 6 
6 --> 7 
7 --> 8 
8 --> 9 
9 --> 10 
10 --> 11 
11 --> 12 
12 --> 13 
13 --> 14 
14 --> 15 
15 --> 16 
16 --> 17 
17 --> 18 
18 --> 19 
19 --> 20 
20 --> 21 
21 --> 22 
22 --> 23 
23 --> 24 
24 --> 25 
25 --> 26 
26 --> 27 
27 --> 28 
28 --> 29 
29 --> 30 
30 --> 31 
31 --> 32 
32 --> 33 
33 --> 34 
34 --> 35 
35 --> 36 
36 --> 37 
37 --> 38 
38 --> 39 
39 --> 40 
40 --> 41 
41 --> 42 
42 --> 43 
43 --> 44 
44 --> 45 
45 --> 46 
46 --> 47 
47 --> 48 
48 --> 49 
49 --> 50 
50 --> 51 
51 --> 52 
52 --> 53 
53 --> 54 
54 --> 55 
55 --> 56 
56 --> 57 
57 --> 58 
58 --> 59 
59 --> 60 
60 --> 61 
61 --> 62 
62 --> 63 
63 --> 64 
64 --> 65 
65 --> 66 
66 --> 67 
67 --> 68 
68 --> 69 
69 --> 70 
70 --> 71 
71 --> 72 
72 --> 73 
73 --> 74 
74 --> 75 
75 --> 76 75 
76 --> 77 
77 --> 78 
78 --> 79 
79 --> 80 
80 --> 81 
81 --> 82 
82 --> 83 
83 --> 84 
84 --> 85 
85 --> 86 
86 --> 87 
87 --> 88 
88 --> 89 
89 --> 90 
90 --> 91 
91 --> 92 
92 --> 93 
93 --> 94 
94 --> 95 
95 --> 96 
96 --> 97 
97 --> 98 
98 --> 99 
99 --> 100 
100 --> 101 
101 --> 102 
102 --> 103 
103 --> 104 
104 --> 105 
105 --> 106 
106 --> 107 
107 --> 108 
108 --> 109 
109 --> 110 
110 --> 111 
111 --> 112 
112 --> 113 
113 --> 114 
114 --> 115 
115 --> 116 
116 --> 117 
117 --> 118 
118 --> 119 
119 --> 120 
120 --> 121 
121 --> 122 
122 --> 123 
123 --> 124 
124 --> 125 
125 --> 126 
126 --> 127 
127 --> 128 
128 --> 129 
129 --> 130 
130 --> 131 
131 --> 132 
132 --> 133 
133 --> 134 
134 --> 135 
135 --> 136 
136 --> 137 
137 --> 138 
138 --> 139 
139 --> 140 
140 --> 141 
141 --> 142 
142 --> 143 
143 --> 144 
144 --> 145 
145 --> 

* FSM state operations: 

State 1 <SV = 0> <Delay = 1.58>
ST_1 : Operation 146 [1/1] (0.00ns)   --->   "%i1 = alloca i32 1"   --->   Operation 146 'alloca' 'i1' <Predicate = true> <Delay = 0.00>
ST_1 : Operation 147 [1/1] (0.00ns)   --->   "%shiftreg2 = alloca i32 1"   --->   Operation 147 'alloca' 'shiftreg2' <Predicate = true> <Delay = 0.00>
ST_1 : Operation 148 [1/1] (0.00ns)   --->   "%shiftreg163 = alloca i32 1"   --->   Operation 148 'alloca' 'shiftreg163' <Predicate = true> <Delay = 0.00>
ST_1 : Operation 149 [1/1] (0.00ns)   --->   "%shiftreg184 = alloca i32 1"   --->   Operation 149 'alloca' 'shiftreg184' <Predicate = true> <Delay = 0.00>
ST_1 : Operation 150 [1/1] (0.00ns)   --->   "%shiftreg205 = alloca i32 1"   --->   Operation 150 'alloca' 'shiftreg205' <Predicate = true> <Delay = 0.00>
ST_1 : Operation 151 [1/1] (0.00ns)   --->   "%shiftreg226 = alloca i32 1"   --->   Operation 151 'alloca' 'shiftreg226' <Predicate = true> <Delay = 0.00>
ST_1 : Operation 152 [1/1] (0.00ns)   --->   "%shiftreg247 = alloca i32 1"   --->   Operation 152 'alloca' 'shiftreg247' <Predicate = true> <Delay = 0.00>
ST_1 : Operation 153 [1/1] (0.00ns)   --->   "%shiftreg268 = alloca i32 1"   --->   Operation 153 'alloca' 'shiftreg268' <Predicate = true> <Delay = 0.00>
ST_1 : Operation 154 [1/1] (0.00ns)   --->   "%shiftreg289 = alloca i32 1"   --->   Operation 154 'alloca' 'shiftreg289' <Predicate = true> <Delay = 0.00>
ST_1 : Operation 155 [1/1] (0.00ns)   --->   "%shiftreg3010 = alloca i32 1"   --->   Operation 155 'alloca' 'shiftreg3010' <Predicate = true> <Delay = 0.00>
ST_1 : Operation 156 [1/1] (0.00ns)   --->   "%shiftreg3212 = alloca i32 1"   --->   Operation 156 'alloca' 'shiftreg3212' <Predicate = true> <Delay = 0.00>
ST_1 : Operation 157 [1/1] (0.00ns)   --->   "%shiftreg3414 = alloca i32 1"   --->   Operation 157 'alloca' 'shiftreg3414' <Predicate = true> <Delay = 0.00>
ST_1 : Operation 158 [1/1] (0.00ns)   --->   "%shiftreg3616 = alloca i32 1"   --->   Operation 158 'alloca' 'shiftreg3616' <Predicate = true> <Delay = 0.00>
ST_1 : Operation 159 [1/1] (1.00ns)   --->   "%c_3_read = read i64 @_ssdm_op_Read.s_axilite.i64, i64 %c_3" [kernel.cpp:5]   --->   Operation 159 'read' 'c_3_read' <Predicate = true> <Delay = 1.00> <CoreInst = "s_axilite">   --->   Core 112 's_axilite' <Latency = 0> <II = 1> <Delay = 1.00> <Adapter> <Opcode : 'read' 'write'>
ST_1 : Operation 160 [1/1] (1.00ns)   --->   "%c_2_read = read i64 @_ssdm_op_Read.s_axilite.i64, i64 %c_2" [kernel.cpp:5]   --->   Operation 160 'read' 'c_2_read' <Predicate = true> <Delay = 1.00> <CoreInst = "s_axilite">   --->   Core 112 's_axilite' <Latency = 0> <II = 1> <Delay = 1.00> <Adapter> <Opcode : 'read' 'write'>
ST_1 : Operation 161 [1/1] (1.00ns)   --->   "%c_1_read = read i64 @_ssdm_op_Read.s_axilite.i64, i64 %c_1" [kernel.cpp:5]   --->   Operation 161 'read' 'c_1_read' <Predicate = true> <Delay = 1.00> <CoreInst = "s_axilite">   --->   Core 112 's_axilite' <Latency = 0> <II = 1> <Delay = 1.00> <Adapter> <Opcode : 'read' 'write'>
ST_1 : Operation 162 [1/1] (1.00ns)   --->   "%c_0_read = read i64 @_ssdm_op_Read.s_axilite.i64, i64 %c_0" [kernel.cpp:5]   --->   Operation 162 'read' 'c_0_read' <Predicate = true> <Delay = 1.00> <CoreInst = "s_axilite">   --->   Core 112 's_axilite' <Latency = 0> <II = 1> <Delay = 1.00> <Adapter> <Opcode : 'read' 'write'>
ST_1 : Operation 163 [1/1] (1.00ns)   --->   "%b_3_read = read i64 @_ssdm_op_Read.s_axilite.i64, i64 %b_3" [kernel.cpp:5]   --->   Operation 163 'read' 'b_3_read' <Predicate = true> <Delay = 1.00> <CoreInst = "s_axilite">   --->   Core 112 's_axilite' <Latency = 0> <II = 1> <Delay = 1.00> <Adapter> <Opcode : 'read' 'write'>
ST_1 : Operation 164 [1/1] (1.00ns)   --->   "%b_2_read = read i64 @_ssdm_op_Read.s_axilite.i64, i64 %b_2" [kernel.cpp:5]   --->   Operation 164 'read' 'b_2_read' <Predicate = true> <Delay = 1.00> <CoreInst = "s_axilite">   --->   Core 112 's_axilite' <Latency = 0> <II = 1> <Delay = 1.00> <Adapter> <Opcode : 'read' 'write'>
ST_1 : Operation 165 [1/1] (1.00ns)   --->   "%b_1_read = read i64 @_ssdm_op_Read.s_axilite.i64, i64 %b_1" [kernel.cpp:5]   --->   Operation 165 'read' 'b_1_read' <Predicate = true> <Delay = 1.00> <CoreInst = "s_axilite">   --->   Core 112 's_axilite' <Latency = 0> <II = 1> <Delay = 1.00> <Adapter> <Opcode : 'read' 'write'>
ST_1 : Operation 166 [1/1] (1.00ns)   --->   "%b_0_read = read i64 @_ssdm_op_Read.s_axilite.i64, i64 %b_0" [kernel.cpp:5]   --->   Operation 166 'read' 'b_0_read' <Predicate = true> <Delay = 1.00> <CoreInst = "s_axilite">   --->   Core 112 's_axilite' <Latency = 0> <II = 1> <Delay = 1.00> <Adapter> <Opcode : 'read' 'write'>
ST_1 : Operation 167 [1/1] (1.00ns)   --->   "%a_3_read = read i64 @_ssdm_op_Read.s_axilite.i64, i64 %a_3" [kernel.cpp:5]   --->   Operation 167 'read' 'a_3_read' <Predicate = true> <Delay = 1.00> <CoreInst = "s_axilite">   --->   Core 112 's_axilite' <Latency = 0> <II = 1> <Delay = 1.00> <Adapter> <Opcode : 'read' 'write'>
ST_1 : Operation 168 [1/1] (1.00ns)   --->   "%a_2_read = read i64 @_ssdm_op_Read.s_axilite.i64, i64 %a_2" [kernel.cpp:5]   --->   Operation 168 'read' 'a_2_read' <Predicate = true> <Delay = 1.00> <CoreInst = "s_axilite">   --->   Core 112 's_axilite' <Latency = 0> <II = 1> <Delay = 1.00> <Adapter> <Opcode : 'read' 'write'>
ST_1 : Operation 169 [1/1] (1.00ns)   --->   "%a_1_read = read i64 @_ssdm_op_Read.s_axilite.i64, i64 %a_1" [kernel.cpp:5]   --->   Operation 169 'read' 'a_1_read' <Predicate = true> <Delay = 1.00> <CoreInst = "s_axilite">   --->   Core 112 's_axilite' <Latency = 0> <II = 1> <Delay = 1.00> <Adapter> <Opcode : 'read' 'write'>
ST_1 : Operation 170 [1/1] (1.00ns)   --->   "%a_0_read = read i64 @_ssdm_op_Read.s_axilite.i64, i64 %a_0" [kernel.cpp:5]   --->   Operation 170 'read' 'a_0_read' <Predicate = true> <Delay = 1.00> <CoreInst = "s_axilite">   --->   Core 112 's_axilite' <Latency = 0> <II = 1> <Delay = 1.00> <Adapter> <Opcode : 'read' 'write'>
ST_1 : Operation 171 [1/1] (0.00ns)   --->   "%trunc_ln = partselect i62 @_ssdm_op_PartSelect.i62.i64.i32.i32, i64 %a_0_read, i32 2, i32 63" [kernel.cpp:19]   --->   Operation 171 'partselect' 'trunc_ln' <Predicate = true> <Delay = 0.00>
ST_1 : Operation 172 [1/1] (0.00ns)   --->   "%sext_ln19 = sext i62 %trunc_ln" [kernel.cpp:19]   --->   Operation 172 'sext' 'sext_ln19' <Predicate = true> <Delay = 0.00>
ST_1 : Operation 173 [1/1] (0.00ns)   --->   "%gmem0_0_addr = getelementptr i32 %gmem0_0, i64 %sext_ln19" [kernel.cpp:19]   --->   Operation 173 'getelementptr' 'gmem0_0_addr' <Predicate = true> <Delay = 0.00>
ST_1 : Operation 174 [1/1] (0.00ns)   --->   "%trunc_ln19_1 = partselect i62 @_ssdm_op_PartSelect.i62.i64.i32.i32, i64 %b_0_read, i32 2, i32 63" [kernel.cpp:19]   --->   Operation 174 'partselect' 'trunc_ln19_1' <Predicate = true> <Delay = 0.00>
ST_1 : Operation 175 [1/1] (0.00ns)   --->   "%sext_ln19_1 = sext i62 %trunc_ln19_1" [kernel.cpp:19]   --->   Operation 175 'sext' 'sext_ln19_1' <Predicate = true> <Delay = 0.00>
ST_1 : Operation 176 [1/1] (0.00ns)   --->   "%gmem1_0_addr = getelementptr i32 %gmem1_0, i64 %sext_ln19_1" [kernel.cpp:19]   --->   Operation 176 'getelementptr' 'gmem1_0_addr' <Predicate = true> <Delay = 0.00>
ST_1 : Operation 177 [1/1] (0.00ns)   --->   "%trunc_ln19_2 = partselect i62 @_ssdm_op_PartSelect.i62.i64.i32.i32, i64 %a_1_read, i32 2, i32 63" [kernel.cpp:19]   --->   Operation 177 'partselect' 'trunc_ln19_2' <Predicate = true> <Delay = 0.00>
ST_1 : Operation 178 [1/1] (0.00ns)   --->   "%sext_ln19_2 = sext i62 %trunc_ln19_2" [kernel.cpp:19]   --->   Operation 178 'sext' 'sext_ln19_2' <Predicate = true> <Delay = 0.00>
ST_1 : Operation 179 [1/1] (0.00ns)   --->   "%gmem0_1_addr = getelementptr i32 %gmem0_1, i64 %sext_ln19_2" [kernel.cpp:19]   --->   Operation 179 'getelementptr' 'gmem0_1_addr' <Predicate = true> <Delay = 0.00>
ST_1 : Operation 180 [1/1] (0.00ns)   --->   "%trunc_ln19_3 = partselect i62 @_ssdm_op_PartSelect.i62.i64.i32.i32, i64 %a_2_read, i32 2, i32 63" [kernel.cpp:19]   --->   Operation 180 'partselect' 'trunc_ln19_3' <Predicate = true> <Delay = 0.00>
ST_1 : Operation 181 [1/1] (0.00ns)   --->   "%sext_ln19_3 = sext i62 %trunc_ln19_3" [kernel.cpp:19]   --->   Operation 181 'sext' 'sext_ln19_3' <Predicate = true> <Delay = 0.00>
ST_1 : Operation 182 [1/1] (0.00ns)   --->   "%gmem0_2_addr = getelementptr i32 %gmem0_2, i64 %sext_ln19_3" [kernel.cpp:19]   --->   Operation 182 'getelementptr' 'gmem0_2_addr' <Predicate = true> <Delay = 0.00>
ST_1 : Operation 183 [1/1] (0.00ns)   --->   "%trunc_ln19_4 = partselect i62 @_ssdm_op_PartSelect.i62.i64.i32.i32, i64 %a_3_read, i32 2, i32 63" [kernel.cpp:19]   --->   Operation 183 'partselect' 'trunc_ln19_4' <Predicate = true> <Delay = 0.00>
ST_1 : Operation 184 [1/1] (0.00ns)   --->   "%sext_ln19_4 = sext i62 %trunc_ln19_4" [kernel.cpp:19]   --->   Operation 184 'sext' 'sext_ln19_4' <Predicate = true> <Delay = 0.00>
ST_1 : Operation 185 [1/1] (0.00ns)   --->   "%gmem0_3_addr = getelementptr i32 %gmem0_3, i64 %sext_ln19_4" [kernel.cpp:19]   --->   Operation 185 'getelementptr' 'gmem0_3_addr' <Predicate = true> <Delay = 0.00>
ST_1 : Operation 186 [1/1] (0.00ns)   --->   "%trunc_ln19_5 = partselect i62 @_ssdm_op_PartSelect.i62.i64.i32.i32, i64 %b_1_read, i32 2, i32 63" [kernel.cpp:19]   --->   Operation 186 'partselect' 'trunc_ln19_5' <Predicate = true> <Delay = 0.00>
ST_1 : Operation 187 [1/1] (0.00ns)   --->   "%sext_ln19_5 = sext i62 %trunc_ln19_5" [kernel.cpp:19]   --->   Operation 187 'sext' 'sext_ln19_5' <Predicate = true> <Delay = 0.00>
ST_1 : Operation 188 [1/1] (0.00ns)   --->   "%gmem1_1_addr = getelementptr i32 %gmem1_1, i64 %sext_ln19_5" [kernel.cpp:19]   --->   Operation 188 'getelementptr' 'gmem1_1_addr' <Predicate = true> <Delay = 0.00>
ST_1 : Operation 189 [1/1] (0.00ns)   --->   "%trunc_ln19_6 = partselect i62 @_ssdm_op_PartSelect.i62.i64.i32.i32, i64 %b_2_read, i32 2, i32 63" [kernel.cpp:19]   --->   Operation 189 'partselect' 'trunc_ln19_6' <Predicate = true> <Delay = 0.00>
ST_1 : Operation 190 [1/1] (0.00ns)   --->   "%sext_ln19_6 = sext i62 %trunc_ln19_6" [kernel.cpp:19]   --->   Operation 190 'sext' 'sext_ln19_6' <Predicate = true> <Delay = 0.00>
ST_1 : Operation 191 [1/1] (0.00ns)   --->   "%gmem1_2_addr = getelementptr i32 %gmem1_2, i64 %sext_ln19_6" [kernel.cpp:19]   --->   Operation 191 'getelementptr' 'gmem1_2_addr' <Predicate = true> <Delay = 0.00>
ST_1 : Operation 192 [1/1] (0.00ns)   --->   "%trunc_ln19_7 = partselect i62 @_ssdm_op_PartSelect.i62.i64.i32.i32, i64 %b_3_read, i32 2, i32 63" [kernel.cpp:19]   --->   Operation 192 'partselect' 'trunc_ln19_7' <Predicate = true> <Delay = 0.00>
ST_1 : Operation 193 [1/1] (0.00ns)   --->   "%sext_ln19_7 = sext i62 %trunc_ln19_7" [kernel.cpp:19]   --->   Operation 193 'sext' 'sext_ln19_7' <Predicate = true> <Delay = 0.00>
ST_1 : Operation 194 [1/1] (0.00ns)   --->   "%gmem1_3_addr = getelementptr i32 %gmem1_3, i64 %sext_ln19_7" [kernel.cpp:19]   --->   Operation 194 'getelementptr' 'gmem1_3_addr' <Predicate = true> <Delay = 0.00>
ST_1 : Operation 195 [1/1] (0.00ns)   --->   "%p_cast = partselect i61 @_ssdm_op_PartSelect.i61.i64.i32.i32, i64 %c_3_read, i32 3, i32 63" [kernel.cpp:5]   --->   Operation 195 'partselect' 'p_cast' <Predicate = true> <Delay = 0.00>
ST_1 : Operation 196 [1/1] (0.00ns)   --->   "%p_cast1 = partselect i61 @_ssdm_op_PartSelect.i61.i64.i32.i32, i64 %c_2_read, i32 3, i32 63" [kernel.cpp:5]   --->   Operation 196 'partselect' 'p_cast1' <Predicate = true> <Delay = 0.00>
ST_1 : Operation 197 [1/1] (0.00ns)   --->   "%p_cast2 = partselect i61 @_ssdm_op_PartSelect.i61.i64.i32.i32, i64 %c_1_read, i32 3, i32 63" [kernel.cpp:5]   --->   Operation 197 'partselect' 'p_cast2' <Predicate = true> <Delay = 0.00>
ST_1 : Operation 198 [1/1] (0.00ns)   --->   "%p_cast3 = partselect i61 @_ssdm_op_PartSelect.i61.i64.i32.i32, i64 %c_0_read, i32 3, i32 63" [kernel.cpp:5]   --->   Operation 198 'partselect' 'p_cast3' <Predicate = true> <Delay = 0.00>
ST_1 : Operation 199 [1/1] (1.58ns)   --->   "%store_ln0 = store i64 0, i64 %shiftreg3616"   --->   Operation 199 'store' 'store_ln0' <Predicate = true> <Delay = 1.58>
ST_1 : Operation 200 [1/1] (1.58ns)   --->   "%store_ln0 = store i64 0, i64 %shiftreg3414"   --->   Operation 200 'store' 'store_ln0' <Predicate = true> <Delay = 1.58>
ST_1 : Operation 201 [1/1] (1.58ns)   --->   "%store_ln0 = store i64 0, i64 %shiftreg3212"   --->   Operation 201 'store' 'store_ln0' <Predicate = true> <Delay = 1.58>
ST_1 : Operation 202 [1/1] (1.58ns)   --->   "%store_ln0 = store i64 0, i64 %shiftreg3010"   --->   Operation 202 'store' 'store_ln0' <Predicate = true> <Delay = 1.58>
ST_1 : Operation 203 [1/1] (1.58ns)   --->   "%store_ln0 = store i5 0, i5 %i1"   --->   Operation 203 'store' 'store_ln0' <Predicate = true> <Delay = 1.58>

State 2 <SV = 1> <Delay = 7.30>
ST_2 : Operation 204 [71/71] (7.30ns)   --->   "%gmem0_0_load_req = readreq i1 @_ssdm_op_ReadReq.m_axi.i32P1A, i32 %gmem0_0_addr, i64 1" [kernel.cpp:19]   --->   Operation 204 'readreq' 'gmem0_0_load_req' <Predicate = true> <Delay = 7.30> <CoreInst = "m_axi">   --->   Core 111 'm_axi' <Latency = 6> <II = 1> <Delay = 1.00> <Adapter> <Opcode : 'read' 'write' 'readreq' 'writereq' 'writeresp'>
ST_2 : Operation 205 [71/71] (7.30ns)   --->   "%gmem1_0_load_req = readreq i1 @_ssdm_op_ReadReq.m_axi.i32P1A, i32 %gmem1_0_addr, i64 1" [kernel.cpp:19]   --->   Operation 205 'readreq' 'gmem1_0_load_req' <Predicate = true> <Delay = 7.30> <CoreInst = "m_axi">   --->   Core 111 'm_axi' <Latency = 6> <II = 1> <Delay = 1.00> <Adapter> <Opcode : 'read' 'write' 'readreq' 'writereq' 'writeresp'>
ST_2 : Operation 206 [71/71] (7.30ns)   --->   "%gmem0_1_load_req = readreq i1 @_ssdm_op_ReadReq.m_axi.i32P1A, i32 %gmem0_1_addr, i64 1" [kernel.cpp:19]   --->   Operation 206 'readreq' 'gmem0_1_load_req' <Predicate = true> <Delay = 7.30> <CoreInst = "m_axi">   --->   Core 111 'm_axi' <Latency = 6> <II = 1> <Delay = 1.00> <Adapter> <Opcode : 'read' 'write' 'readreq' 'writereq' 'writeresp'>
ST_2 : Operation 207 [71/71] (7.30ns)   --->   "%gmem0_2_load_req = readreq i1 @_ssdm_op_ReadReq.m_axi.i32P1A, i32 %gmem0_2_addr, i64 1" [kernel.cpp:19]   --->   Operation 207 'readreq' 'gmem0_2_load_req' <Predicate = true> <Delay = 7.30> <CoreInst = "m_axi">   --->   Core 111 'm_axi' <Latency = 6> <II = 1> <Delay = 1.00> <Adapter> <Opcode : 'read' 'write' 'readreq' 'writereq' 'writeresp'>
ST_2 : Operation 208 [71/71] (7.30ns)   --->   "%gmem0_3_load_req = readreq i1 @_ssdm_op_ReadReq.m_axi.i32P1A, i32 %gmem0_3_addr, i64 1" [kernel.cpp:19]   --->   Operation 208 'readreq' 'gmem0_3_load_req' <Predicate = true> <Delay = 7.30> <CoreInst = "m_axi">   --->   Core 111 'm_axi' <Latency = 6> <II = 1> <Delay = 1.00> <Adapter> <Opcode : 'read' 'write' 'readreq' 'writereq' 'writeresp'>
ST_2 : Operation 209 [71/71] (7.30ns)   --->   "%gmem1_1_load_req = readreq i1 @_ssdm_op_ReadReq.m_axi.i32P1A, i32 %gmem1_1_addr, i64 1" [kernel.cpp:19]   --->   Operation 209 'readreq' 'gmem1_1_load_req' <Predicate = true> <Delay = 7.30> <CoreInst = "m_axi">   --->   Core 111 'm_axi' <Latency = 6> <II = 1> <Delay = 1.00> <Adapter> <Opcode : 'read' 'write' 'readreq' 'writereq' 'writeresp'>
ST_2 : Operation 210 [71/71] (7.30ns)   --->   "%gmem1_2_load_req = readreq i1 @_ssdm_op_ReadReq.m_axi.i32P1A, i32 %gmem1_2_addr, i64 1" [kernel.cpp:19]   --->   Operation 210 'readreq' 'gmem1_2_load_req' <Predicate = true> <Delay = 7.30> <CoreInst = "m_axi">   --->   Core 111 'm_axi' <Latency = 6> <II = 1> <Delay = 1.00> <Adapter> <Opcode : 'read' 'write' 'readreq' 'writereq' 'writeresp'>
ST_2 : Operation 211 [71/71] (7.30ns)   --->   "%gmem1_3_load_req = readreq i1 @_ssdm_op_ReadReq.m_axi.i32P1A, i32 %gmem1_3_addr, i64 1" [kernel.cpp:19]   --->   Operation 211 'readreq' 'gmem1_3_load_req' <Predicate = true> <Delay = 7.30> <CoreInst = "m_axi">   --->   Core 111 'm_axi' <Latency = 6> <II = 1> <Delay = 1.00> <Adapter> <Opcode : 'read' 'write' 'readreq' 'writereq' 'writeresp'>

State 3 <SV = 2> <Delay = 7.30>
ST_3 : Operation 212 [70/71] (7.30ns)   --->   "%gmem0_0_load_req = readreq i1 @_ssdm_op_ReadReq.m_axi.i32P1A, i32 %gmem0_0_addr, i64 1" [kernel.cpp:19]   --->   Operation 212 'readreq' 'gmem0_0_load_req' <Predicate = true> <Delay = 7.30> <CoreInst = "m_axi">   --->   Core 111 'm_axi' <Latency = 6> <II = 1> <Delay = 1.00> <Adapter> <Opcode : 'read' 'write' 'readreq' 'writereq' 'writeresp'>
ST_3 : Operation 213 [70/71] (7.30ns)   --->   "%gmem1_0_load_req = readreq i1 @_ssdm_op_ReadReq.m_axi.i32P1A, i32 %gmem1_0_addr, i64 1" [kernel.cpp:19]   --->   Operation 213 'readreq' 'gmem1_0_load_req' <Predicate = true> <Delay = 7.30> <CoreInst = "m_axi">   --->   Core 111 'm_axi' <Latency = 6> <II = 1> <Delay = 1.00> <Adapter> <Opcode : 'read' 'write' 'readreq' 'writereq' 'writeresp'>
ST_3 : Operation 214 [70/71] (7.30ns)   --->   "%gmem0_1_load_req = readreq i1 @_ssdm_op_ReadReq.m_axi.i32P1A, i32 %gmem0_1_addr, i64 1" [kernel.cpp:19]   --->   Operation 214 'readreq' 'gmem0_1_load_req' <Predicate = true> <Delay = 7.30> <CoreInst = "m_axi">   --->   Core 111 'm_axi' <Latency = 6> <II = 1> <Delay = 1.00> <Adapter> <Opcode : 'read' 'write' 'readreq' 'writereq' 'writeresp'>
ST_3 : Operation 215 [70/71] (7.30ns)   --->   "%gmem0_2_load_req = readreq i1 @_ssdm_op_ReadReq.m_axi.i32P1A, i32 %gmem0_2_addr, i64 1" [kernel.cpp:19]   --->   Operation 215 'readreq' 'gmem0_2_load_req' <Predicate = true> <Delay = 7.30> <CoreInst = "m_axi">   --->   Core 111 'm_axi' <Latency = 6> <II = 1> <Delay = 1.00> <Adapter> <Opcode : 'read' 'write' 'readreq' 'writereq' 'writeresp'>
ST_3 : Operation 216 [70/71] (7.30ns)   --->   "%gmem0_3_load_req = readreq i1 @_ssdm_op_ReadReq.m_axi.i32P1A, i32 %gmem0_3_addr, i64 1" [kernel.cpp:19]   --->   Operation 216 'readreq' 'gmem0_3_load_req' <Predicate = true> <Delay = 7.30> <CoreInst = "m_axi">   --->   Core 111 'm_axi' <Latency = 6> <II = 1> <Delay = 1.00> <Adapter> <Opcode : 'read' 'write' 'readreq' 'writereq' 'writeresp'>
ST_3 : Operation 217 [70/71] (7.30ns)   --->   "%gmem1_1_load_req = readreq i1 @_ssdm_op_ReadReq.m_axi.i32P1A, i32 %gmem1_1_addr, i64 1" [kernel.cpp:19]   --->   Operation 217 'readreq' 'gmem1_1_load_req' <Predicate = true> <Delay = 7.30> <CoreInst = "m_axi">   --->   Core 111 'm_axi' <Latency = 6> <II = 1> <Delay = 1.00> <Adapter> <Opcode : 'read' 'write' 'readreq' 'writereq' 'writeresp'>
ST_3 : Operation 218 [70/71] (7.30ns)   --->   "%gmem1_2_load_req = readreq i1 @_ssdm_op_ReadReq.m_axi.i32P1A, i32 %gmem1_2_addr, i64 1" [kernel.cpp:19]   --->   Operation 218 'readreq' 'gmem1_2_load_req' <Predicate = true> <Delay = 7.30> <CoreInst = "m_axi">   --->   Core 111 'm_axi' <Latency = 6> <II = 1> <Delay = 1.00> <Adapter> <Opcode : 'read' 'write' 'readreq' 'writereq' 'writeresp'>
ST_3 : Operation 219 [70/71] (7.30ns)   --->   "%gmem1_3_load_req = readreq i1 @_ssdm_op_ReadReq.m_axi.i32P1A, i32 %gmem1_3_addr, i64 1" [kernel.cpp:19]   --->   Operation 219 'readreq' 'gmem1_3_load_req' <Predicate = true> <Delay = 7.30> <CoreInst = "m_axi">   --->   Core 111 'm_axi' <Latency = 6> <II = 1> <Delay = 1.00> <Adapter> <Opcode : 'read' 'write' 'readreq' 'writereq' 'writeresp'>

State 4 <SV = 3> <Delay = 7.30>
ST_4 : Operation 220 [69/71] (7.30ns)   --->   "%gmem0_0_load_req = readreq i1 @_ssdm_op_ReadReq.m_axi.i32P1A, i32 %gmem0_0_addr, i64 1" [kernel.cpp:19]   --->   Operation 220 'readreq' 'gmem0_0_load_req' <Predicate = true> <Delay = 7.30> <CoreInst = "m_axi">   --->   Core 111 'm_axi' <Latency = 6> <II = 1> <Delay = 1.00> <Adapter> <Opcode : 'read' 'write' 'readreq' 'writereq' 'writeresp'>
ST_4 : Operation 221 [69/71] (7.30ns)   --->   "%gmem1_0_load_req = readreq i1 @_ssdm_op_ReadReq.m_axi.i32P1A, i32 %gmem1_0_addr, i64 1" [kernel.cpp:19]   --->   Operation 221 'readreq' 'gmem1_0_load_req' <Predicate = true> <Delay = 7.30> <CoreInst = "m_axi">   --->   Core 111 'm_axi' <Latency = 6> <II = 1> <Delay = 1.00> <Adapter> <Opcode : 'read' 'write' 'readreq' 'writereq' 'writeresp'>
ST_4 : Operation 222 [69/71] (7.30ns)   --->   "%gmem0_1_load_req = readreq i1 @_ssdm_op_ReadReq.m_axi.i32P1A, i32 %gmem0_1_addr, i64 1" [kernel.cpp:19]   --->   Operation 222 'readreq' 'gmem0_1_load_req' <Predicate = true> <Delay = 7.30> <CoreInst = "m_axi">   --->   Core 111 'm_axi' <Latency = 6> <II = 1> <Delay = 1.00> <Adapter> <Opcode : 'read' 'write' 'readreq' 'writereq' 'writeresp'>
ST_4 : Operation 223 [69/71] (7.30ns)   --->   "%gmem0_2_load_req = readreq i1 @_ssdm_op_ReadReq.m_axi.i32P1A, i32 %gmem0_2_addr, i64 1" [kernel.cpp:19]   --->   Operation 223 'readreq' 'gmem0_2_load_req' <Predicate = true> <Delay = 7.30> <CoreInst = "m_axi">   --->   Core 111 'm_axi' <Latency = 6> <II = 1> <Delay = 1.00> <Adapter> <Opcode : 'read' 'write' 'readreq' 'writereq' 'writeresp'>
ST_4 : Operation 224 [69/71] (7.30ns)   --->   "%gmem0_3_load_req = readreq i1 @_ssdm_op_ReadReq.m_axi.i32P1A, i32 %gmem0_3_addr, i64 1" [kernel.cpp:19]   --->   Operation 224 'readreq' 'gmem0_3_load_req' <Predicate = true> <Delay = 7.30> <CoreInst = "m_axi">   --->   Core 111 'm_axi' <Latency = 6> <II = 1> <Delay = 1.00> <Adapter> <Opcode : 'read' 'write' 'readreq' 'writereq' 'writeresp'>
ST_4 : Operation 225 [69/71] (7.30ns)   --->   "%gmem1_1_load_req = readreq i1 @_ssdm_op_ReadReq.m_axi.i32P1A, i32 %gmem1_1_addr, i64 1" [kernel.cpp:19]   --->   Operation 225 'readreq' 'gmem1_1_load_req' <Predicate = true> <Delay = 7.30> <CoreInst = "m_axi">   --->   Core 111 'm_axi' <Latency = 6> <II = 1> <Delay = 1.00> <Adapter> <Opcode : 'read' 'write' 'readreq' 'writereq' 'writeresp'>
ST_4 : Operation 226 [69/71] (7.30ns)   --->   "%gmem1_2_load_req = readreq i1 @_ssdm_op_ReadReq.m_axi.i32P1A, i32 %gmem1_2_addr, i64 1" [kernel.cpp:19]   --->   Operation 226 'readreq' 'gmem1_2_load_req' <Predicate = true> <Delay = 7.30> <CoreInst = "m_axi">   --->   Core 111 'm_axi' <Latency = 6> <II = 1> <Delay = 1.00> <Adapter> <Opcode : 'read' 'write' 'readreq' 'writereq' 'writeresp'>
ST_4 : Operation 227 [69/71] (7.30ns)   --->   "%gmem1_3_load_req = readreq i1 @_ssdm_op_ReadReq.m_axi.i32P1A, i32 %gmem1_3_addr, i64 1" [kernel.cpp:19]   --->   Operation 227 'readreq' 'gmem1_3_load_req' <Predicate = true> <Delay = 7.30> <CoreInst = "m_axi">   --->   Core 111 'm_axi' <Latency = 6> <II = 1> <Delay = 1.00> <Adapter> <Opcode : 'read' 'write' 'readreq' 'writereq' 'writeresp'>

State 5 <SV = 4> <Delay = 7.30>
ST_5 : Operation 228 [68/71] (7.30ns)   --->   "%gmem0_0_load_req = readreq i1 @_ssdm_op_ReadReq.m_axi.i32P1A, i32 %gmem0_0_addr, i64 1" [kernel.cpp:19]   --->   Operation 228 'readreq' 'gmem0_0_load_req' <Predicate = true> <Delay = 7.30> <CoreInst = "m_axi">   --->   Core 111 'm_axi' <Latency = 6> <II = 1> <Delay = 1.00> <Adapter> <Opcode : 'read' 'write' 'readreq' 'writereq' 'writeresp'>
ST_5 : Operation 229 [68/71] (7.30ns)   --->   "%gmem1_0_load_req = readreq i1 @_ssdm_op_ReadReq.m_axi.i32P1A, i32 %gmem1_0_addr, i64 1" [kernel.cpp:19]   --->   Operation 229 'readreq' 'gmem1_0_load_req' <Predicate = true> <Delay = 7.30> <CoreInst = "m_axi">   --->   Core 111 'm_axi' <Latency = 6> <II = 1> <Delay = 1.00> <Adapter> <Opcode : 'read' 'write' 'readreq' 'writereq' 'writeresp'>
ST_5 : Operation 230 [68/71] (7.30ns)   --->   "%gmem0_1_load_req = readreq i1 @_ssdm_op_ReadReq.m_axi.i32P1A, i32 %gmem0_1_addr, i64 1" [kernel.cpp:19]   --->   Operation 230 'readreq' 'gmem0_1_load_req' <Predicate = true> <Delay = 7.30> <CoreInst = "m_axi">   --->   Core 111 'm_axi' <Latency = 6> <II = 1> <Delay = 1.00> <Adapter> <Opcode : 'read' 'write' 'readreq' 'writereq' 'writeresp'>
ST_5 : Operation 231 [68/71] (7.30ns)   --->   "%gmem0_2_load_req = readreq i1 @_ssdm_op_ReadReq.m_axi.i32P1A, i32 %gmem0_2_addr, i64 1" [kernel.cpp:19]   --->   Operation 231 'readreq' 'gmem0_2_load_req' <Predicate = true> <Delay = 7.30> <CoreInst = "m_axi">   --->   Core 111 'm_axi' <Latency = 6> <II = 1> <Delay = 1.00> <Adapter> <Opcode : 'read' 'write' 'readreq' 'writereq' 'writeresp'>
ST_5 : Operation 232 [68/71] (7.30ns)   --->   "%gmem0_3_load_req = readreq i1 @_ssdm_op_ReadReq.m_axi.i32P1A, i32 %gmem0_3_addr, i64 1" [kernel.cpp:19]   --->   Operation 232 'readreq' 'gmem0_3_load_req' <Predicate = true> <Delay = 7.30> <CoreInst = "m_axi">   --->   Core 111 'm_axi' <Latency = 6> <II = 1> <Delay = 1.00> <Adapter> <Opcode : 'read' 'write' 'readreq' 'writereq' 'writeresp'>
ST_5 : Operation 233 [68/71] (7.30ns)   --->   "%gmem1_1_load_req = readreq i1 @_ssdm_op_ReadReq.m_axi.i32P1A, i32 %gmem1_1_addr, i64 1" [kernel.cpp:19]   --->   Operation 233 'readreq' 'gmem1_1_load_req' <Predicate = true> <Delay = 7.30> <CoreInst = "m_axi">   --->   Core 111 'm_axi' <Latency = 6> <II = 1> <Delay = 1.00> <Adapter> <Opcode : 'read' 'write' 'readreq' 'writereq' 'writeresp'>
ST_5 : Operation 234 [68/71] (7.30ns)   --->   "%gmem1_2_load_req = readreq i1 @_ssdm_op_ReadReq.m_axi.i32P1A, i32 %gmem1_2_addr, i64 1" [kernel.cpp:19]   --->   Operation 234 'readreq' 'gmem1_2_load_req' <Predicate = true> <Delay = 7.30> <CoreInst = "m_axi">   --->   Core 111 'm_axi' <Latency = 6> <II = 1> <Delay = 1.00> <Adapter> <Opcode : 'read' 'write' 'readreq' 'writereq' 'writeresp'>
ST_5 : Operation 235 [68/71] (7.30ns)   --->   "%gmem1_3_load_req = readreq i1 @_ssdm_op_ReadReq.m_axi.i32P1A, i32 %gmem1_3_addr, i64 1" [kernel.cpp:19]   --->   Operation 235 'readreq' 'gmem1_3_load_req' <Predicate = true> <Delay = 7.30> <CoreInst = "m_axi">   --->   Core 111 'm_axi' <Latency = 6> <II = 1> <Delay = 1.00> <Adapter> <Opcode : 'read' 'write' 'readreq' 'writereq' 'writeresp'>

State 6 <SV = 5> <Delay = 7.30>
ST_6 : Operation 236 [67/71] (7.30ns)   --->   "%gmem0_0_load_req = readreq i1 @_ssdm_op_ReadReq.m_axi.i32P1A, i32 %gmem0_0_addr, i64 1" [kernel.cpp:19]   --->   Operation 236 'readreq' 'gmem0_0_load_req' <Predicate = true> <Delay = 7.30> <CoreInst = "m_axi">   --->   Core 111 'm_axi' <Latency = 6> <II = 1> <Delay = 1.00> <Adapter> <Opcode : 'read' 'write' 'readreq' 'writereq' 'writeresp'>
ST_6 : Operation 237 [67/71] (7.30ns)   --->   "%gmem1_0_load_req = readreq i1 @_ssdm_op_ReadReq.m_axi.i32P1A, i32 %gmem1_0_addr, i64 1" [kernel.cpp:19]   --->   Operation 237 'readreq' 'gmem1_0_load_req' <Predicate = true> <Delay = 7.30> <CoreInst = "m_axi">   --->   Core 111 'm_axi' <Latency = 6> <II = 1> <Delay = 1.00> <Adapter> <Opcode : 'read' 'write' 'readreq' 'writereq' 'writeresp'>
ST_6 : Operation 238 [67/71] (7.30ns)   --->   "%gmem0_1_load_req = readreq i1 @_ssdm_op_ReadReq.m_axi.i32P1A, i32 %gmem0_1_addr, i64 1" [kernel.cpp:19]   --->   Operation 238 'readreq' 'gmem0_1_load_req' <Predicate = true> <Delay = 7.30> <CoreInst = "m_axi">   --->   Core 111 'm_axi' <Latency = 6> <II = 1> <Delay = 1.00> <Adapter> <Opcode : 'read' 'write' 'readreq' 'writereq' 'writeresp'>
ST_6 : Operation 239 [67/71] (7.30ns)   --->   "%gmem0_2_load_req = readreq i1 @_ssdm_op_ReadReq.m_axi.i32P1A, i32 %gmem0_2_addr, i64 1" [kernel.cpp:19]   --->   Operation 239 'readreq' 'gmem0_2_load_req' <Predicate = true> <Delay = 7.30> <CoreInst = "m_axi">   --->   Core 111 'm_axi' <Latency = 6> <II = 1> <Delay = 1.00> <Adapter> <Opcode : 'read' 'write' 'readreq' 'writereq' 'writeresp'>
ST_6 : Operation 240 [67/71] (7.30ns)   --->   "%gmem0_3_load_req = readreq i1 @_ssdm_op_ReadReq.m_axi.i32P1A, i32 %gmem0_3_addr, i64 1" [kernel.cpp:19]   --->   Operation 240 'readreq' 'gmem0_3_load_req' <Predicate = true> <Delay = 7.30> <CoreInst = "m_axi">   --->   Core 111 'm_axi' <Latency = 6> <II = 1> <Delay = 1.00> <Adapter> <Opcode : 'read' 'write' 'readreq' 'writereq' 'writeresp'>
ST_6 : Operation 241 [67/71] (7.30ns)   --->   "%gmem1_1_load_req = readreq i1 @_ssdm_op_ReadReq.m_axi.i32P1A, i32 %gmem1_1_addr, i64 1" [kernel.cpp:19]   --->   Operation 241 'readreq' 'gmem1_1_load_req' <Predicate = true> <Delay = 7.30> <CoreInst = "m_axi">   --->   Core 111 'm_axi' <Latency = 6> <II = 1> <Delay = 1.00> <Adapter> <Opcode : 'read' 'write' 'readreq' 'writereq' 'writeresp'>
ST_6 : Operation 242 [67/71] (7.30ns)   --->   "%gmem1_2_load_req = readreq i1 @_ssdm_op_ReadReq.m_axi.i32P1A, i32 %gmem1_2_addr, i64 1" [kernel.cpp:19]   --->   Operation 242 'readreq' 'gmem1_2_load_req' <Predicate = true> <Delay = 7.30> <CoreInst = "m_axi">   --->   Core 111 'm_axi' <Latency = 6> <II = 1> <Delay = 1.00> <Adapter> <Opcode : 'read' 'write' 'readreq' 'writereq' 'writeresp'>
ST_6 : Operation 243 [67/71] (7.30ns)   --->   "%gmem1_3_load_req = readreq i1 @_ssdm_op_ReadReq.m_axi.i32P1A, i32 %gmem1_3_addr, i64 1" [kernel.cpp:19]   --->   Operation 243 'readreq' 'gmem1_3_load_req' <Predicate = true> <Delay = 7.30> <CoreInst = "m_axi">   --->   Core 111 'm_axi' <Latency = 6> <II = 1> <Delay = 1.00> <Adapter> <Opcode : 'read' 'write' 'readreq' 'writereq' 'writeresp'>

State 7 <SV = 6> <Delay = 7.30>
ST_7 : Operation 244 [66/71] (7.30ns)   --->   "%gmem0_0_load_req = readreq i1 @_ssdm_op_ReadReq.m_axi.i32P1A, i32 %gmem0_0_addr, i64 1" [kernel.cpp:19]   --->   Operation 244 'readreq' 'gmem0_0_load_req' <Predicate = true> <Delay = 7.30> <CoreInst = "m_axi">   --->   Core 111 'm_axi' <Latency = 6> <II = 1> <Delay = 1.00> <Adapter> <Opcode : 'read' 'write' 'readreq' 'writereq' 'writeresp'>
ST_7 : Operation 245 [66/71] (7.30ns)   --->   "%gmem1_0_load_req = readreq i1 @_ssdm_op_ReadReq.m_axi.i32P1A, i32 %gmem1_0_addr, i64 1" [kernel.cpp:19]   --->   Operation 245 'readreq' 'gmem1_0_load_req' <Predicate = true> <Delay = 7.30> <CoreInst = "m_axi">   --->   Core 111 'm_axi' <Latency = 6> <II = 1> <Delay = 1.00> <Adapter> <Opcode : 'read' 'write' 'readreq' 'writereq' 'writeresp'>
ST_7 : Operation 246 [66/71] (7.30ns)   --->   "%gmem0_1_load_req = readreq i1 @_ssdm_op_ReadReq.m_axi.i32P1A, i32 %gmem0_1_addr, i64 1" [kernel.cpp:19]   --->   Operation 246 'readreq' 'gmem0_1_load_req' <Predicate = true> <Delay = 7.30> <CoreInst = "m_axi">   --->   Core 111 'm_axi' <Latency = 6> <II = 1> <Delay = 1.00> <Adapter> <Opcode : 'read' 'write' 'readreq' 'writereq' 'writeresp'>
ST_7 : Operation 247 [66/71] (7.30ns)   --->   "%gmem0_2_load_req = readreq i1 @_ssdm_op_ReadReq.m_axi.i32P1A, i32 %gmem0_2_addr, i64 1" [kernel.cpp:19]   --->   Operation 247 'readreq' 'gmem0_2_load_req' <Predicate = true> <Delay = 7.30> <CoreInst = "m_axi">   --->   Core 111 'm_axi' <Latency = 6> <II = 1> <Delay = 1.00> <Adapter> <Opcode : 'read' 'write' 'readreq' 'writereq' 'writeresp'>
ST_7 : Operation 248 [66/71] (7.30ns)   --->   "%gmem0_3_load_req = readreq i1 @_ssdm_op_ReadReq.m_axi.i32P1A, i32 %gmem0_3_addr, i64 1" [kernel.cpp:19]   --->   Operation 248 'readreq' 'gmem0_3_load_req' <Predicate = true> <Delay = 7.30> <CoreInst = "m_axi">   --->   Core 111 'm_axi' <Latency = 6> <II = 1> <Delay = 1.00> <Adapter> <Opcode : 'read' 'write' 'readreq' 'writereq' 'writeresp'>
ST_7 : Operation 249 [66/71] (7.30ns)   --->   "%gmem1_1_load_req = readreq i1 @_ssdm_op_ReadReq.m_axi.i32P1A, i32 %gmem1_1_addr, i64 1" [kernel.cpp:19]   --->   Operation 249 'readreq' 'gmem1_1_load_req' <Predicate = true> <Delay = 7.30> <CoreInst = "m_axi">   --->   Core 111 'm_axi' <Latency = 6> <II = 1> <Delay = 1.00> <Adapter> <Opcode : 'read' 'write' 'readreq' 'writereq' 'writeresp'>
ST_7 : Operation 250 [66/71] (7.30ns)   --->   "%gmem1_2_load_req = readreq i1 @_ssdm_op_ReadReq.m_axi.i32P1A, i32 %gmem1_2_addr, i64 1" [kernel.cpp:19]   --->   Operation 250 'readreq' 'gmem1_2_load_req' <Predicate = true> <Delay = 7.30> <CoreInst = "m_axi">   --->   Core 111 'm_axi' <Latency = 6> <II = 1> <Delay = 1.00> <Adapter> <Opcode : 'read' 'write' 'readreq' 'writereq' 'writeresp'>
ST_7 : Operation 251 [66/71] (7.30ns)   --->   "%gmem1_3_load_req = readreq i1 @_ssdm_op_ReadReq.m_axi.i32P1A, i32 %gmem1_3_addr, i64 1" [kernel.cpp:19]   --->   Operation 251 'readreq' 'gmem1_3_load_req' <Predicate = true> <Delay = 7.30> <CoreInst = "m_axi">   --->   Core 111 'm_axi' <Latency = 6> <II = 1> <Delay = 1.00> <Adapter> <Opcode : 'read' 'write' 'readreq' 'writereq' 'writeresp'>

State 8 <SV = 7> <Delay = 7.30>
ST_8 : Operation 252 [65/71] (7.30ns)   --->   "%gmem0_0_load_req = readreq i1 @_ssdm_op_ReadReq.m_axi.i32P1A, i32 %gmem0_0_addr, i64 1" [kernel.cpp:19]   --->   Operation 252 'readreq' 'gmem0_0_load_req' <Predicate = true> <Delay = 7.30> <CoreInst = "m_axi">   --->   Core 111 'm_axi' <Latency = 6> <II = 1> <Delay = 1.00> <Adapter> <Opcode : 'read' 'write' 'readreq' 'writereq' 'writeresp'>
ST_8 : Operation 253 [65/71] (7.30ns)   --->   "%gmem1_0_load_req = readreq i1 @_ssdm_op_ReadReq.m_axi.i32P1A, i32 %gmem1_0_addr, i64 1" [kernel.cpp:19]   --->   Operation 253 'readreq' 'gmem1_0_load_req' <Predicate = true> <Delay = 7.30> <CoreInst = "m_axi">   --->   Core 111 'm_axi' <Latency = 6> <II = 1> <Delay = 1.00> <Adapter> <Opcode : 'read' 'write' 'readreq' 'writereq' 'writeresp'>
ST_8 : Operation 254 [65/71] (7.30ns)   --->   "%gmem0_1_load_req = readreq i1 @_ssdm_op_ReadReq.m_axi.i32P1A, i32 %gmem0_1_addr, i64 1" [kernel.cpp:19]   --->   Operation 254 'readreq' 'gmem0_1_load_req' <Predicate = true> <Delay = 7.30> <CoreInst = "m_axi">   --->   Core 111 'm_axi' <Latency = 6> <II = 1> <Delay = 1.00> <Adapter> <Opcode : 'read' 'write' 'readreq' 'writereq' 'writeresp'>
ST_8 : Operation 255 [65/71] (7.30ns)   --->   "%gmem0_2_load_req = readreq i1 @_ssdm_op_ReadReq.m_axi.i32P1A, i32 %gmem0_2_addr, i64 1" [kernel.cpp:19]   --->   Operation 255 'readreq' 'gmem0_2_load_req' <Predicate = true> <Delay = 7.30> <CoreInst = "m_axi">   --->   Core 111 'm_axi' <Latency = 6> <II = 1> <Delay = 1.00> <Adapter> <Opcode : 'read' 'write' 'readreq' 'writereq' 'writeresp'>
ST_8 : Operation 256 [65/71] (7.30ns)   --->   "%gmem0_3_load_req = readreq i1 @_ssdm_op_ReadReq.m_axi.i32P1A, i32 %gmem0_3_addr, i64 1" [kernel.cpp:19]   --->   Operation 256 'readreq' 'gmem0_3_load_req' <Predicate = true> <Delay = 7.30> <CoreInst = "m_axi">   --->   Core 111 'm_axi' <Latency = 6> <II = 1> <Delay = 1.00> <Adapter> <Opcode : 'read' 'write' 'readreq' 'writereq' 'writeresp'>
ST_8 : Operation 257 [65/71] (7.30ns)   --->   "%gmem1_1_load_req = readreq i1 @_ssdm_op_ReadReq.m_axi.i32P1A, i32 %gmem1_1_addr, i64 1" [kernel.cpp:19]   --->   Operation 257 'readreq' 'gmem1_1_load_req' <Predicate = true> <Delay = 7.30> <CoreInst = "m_axi">   --->   Core 111 'm_axi' <Latency = 6> <II = 1> <Delay = 1.00> <Adapter> <Opcode : 'read' 'write' 'readreq' 'writereq' 'writeresp'>
ST_8 : Operation 258 [65/71] (7.30ns)   --->   "%gmem1_2_load_req = readreq i1 @_ssdm_op_ReadReq.m_axi.i32P1A, i32 %gmem1_2_addr, i64 1" [kernel.cpp:19]   --->   Operation 258 'readreq' 'gmem1_2_load_req' <Predicate = true> <Delay = 7.30> <CoreInst = "m_axi">   --->   Core 111 'm_axi' <Latency = 6> <II = 1> <Delay = 1.00> <Adapter> <Opcode : 'read' 'write' 'readreq' 'writereq' 'writeresp'>
ST_8 : Operation 259 [65/71] (7.30ns)   --->   "%gmem1_3_load_req = readreq i1 @_ssdm_op_ReadReq.m_axi.i32P1A, i32 %gmem1_3_addr, i64 1" [kernel.cpp:19]   --->   Operation 259 'readreq' 'gmem1_3_load_req' <Predicate = true> <Delay = 7.30> <CoreInst = "m_axi">   --->   Core 111 'm_axi' <Latency = 6> <II = 1> <Delay = 1.00> <Adapter> <Opcode : 'read' 'write' 'readreq' 'writereq' 'writeresp'>

State 9 <SV = 8> <Delay = 7.30>
ST_9 : Operation 260 [64/71] (7.30ns)   --->   "%gmem0_0_load_req = readreq i1 @_ssdm_op_ReadReq.m_axi.i32P1A, i32 %gmem0_0_addr, i64 1" [kernel.cpp:19]   --->   Operation 260 'readreq' 'gmem0_0_load_req' <Predicate = true> <Delay = 7.30> <CoreInst = "m_axi">   --->   Core 111 'm_axi' <Latency = 6> <II = 1> <Delay = 1.00> <Adapter> <Opcode : 'read' 'write' 'readreq' 'writereq' 'writeresp'>
ST_9 : Operation 261 [64/71] (7.30ns)   --->   "%gmem1_0_load_req = readreq i1 @_ssdm_op_ReadReq.m_axi.i32P1A, i32 %gmem1_0_addr, i64 1" [kernel.cpp:19]   --->   Operation 261 'readreq' 'gmem1_0_load_req' <Predicate = true> <Delay = 7.30> <CoreInst = "m_axi">   --->   Core 111 'm_axi' <Latency = 6> <II = 1> <Delay = 1.00> <Adapter> <Opcode : 'read' 'write' 'readreq' 'writereq' 'writeresp'>
ST_9 : Operation 262 [64/71] (7.30ns)   --->   "%gmem0_1_load_req = readreq i1 @_ssdm_op_ReadReq.m_axi.i32P1A, i32 %gmem0_1_addr, i64 1" [kernel.cpp:19]   --->   Operation 262 'readreq' 'gmem0_1_load_req' <Predicate = true> <Delay = 7.30> <CoreInst = "m_axi">   --->   Core 111 'm_axi' <Latency = 6> <II = 1> <Delay = 1.00> <Adapter> <Opcode : 'read' 'write' 'readreq' 'writereq' 'writeresp'>
ST_9 : Operation 263 [64/71] (7.30ns)   --->   "%gmem0_2_load_req = readreq i1 @_ssdm_op_ReadReq.m_axi.i32P1A, i32 %gmem0_2_addr, i64 1" [kernel.cpp:19]   --->   Operation 263 'readreq' 'gmem0_2_load_req' <Predicate = true> <Delay = 7.30> <CoreInst = "m_axi">   --->   Core 111 'm_axi' <Latency = 6> <II = 1> <Delay = 1.00> <Adapter> <Opcode : 'read' 'write' 'readreq' 'writereq' 'writeresp'>
ST_9 : Operation 264 [64/71] (7.30ns)   --->   "%gmem0_3_load_req = readreq i1 @_ssdm_op_ReadReq.m_axi.i32P1A, i32 %gmem0_3_addr, i64 1" [kernel.cpp:19]   --->   Operation 264 'readreq' 'gmem0_3_load_req' <Predicate = true> <Delay = 7.30> <CoreInst = "m_axi">   --->   Core 111 'm_axi' <Latency = 6> <II = 1> <Delay = 1.00> <Adapter> <Opcode : 'read' 'write' 'readreq' 'writereq' 'writeresp'>
ST_9 : Operation 265 [64/71] (7.30ns)   --->   "%gmem1_1_load_req = readreq i1 @_ssdm_op_ReadReq.m_axi.i32P1A, i32 %gmem1_1_addr, i64 1" [kernel.cpp:19]   --->   Operation 265 'readreq' 'gmem1_1_load_req' <Predicate = true> <Delay = 7.30> <CoreInst = "m_axi">   --->   Core 111 'm_axi' <Latency = 6> <II = 1> <Delay = 1.00> <Adapter> <Opcode : 'read' 'write' 'readreq' 'writereq' 'writeresp'>
ST_9 : Operation 266 [64/71] (7.30ns)   --->   "%gmem1_2_load_req = readreq i1 @_ssdm_op_ReadReq.m_axi.i32P1A, i32 %gmem1_2_addr, i64 1" [kernel.cpp:19]   --->   Operation 266 'readreq' 'gmem1_2_load_req' <Predicate = true> <Delay = 7.30> <CoreInst = "m_axi">   --->   Core 111 'm_axi' <Latency = 6> <II = 1> <Delay = 1.00> <Adapter> <Opcode : 'read' 'write' 'readreq' 'writereq' 'writeresp'>
ST_9 : Operation 267 [64/71] (7.30ns)   --->   "%gmem1_3_load_req = readreq i1 @_ssdm_op_ReadReq.m_axi.i32P1A, i32 %gmem1_3_addr, i64 1" [kernel.cpp:19]   --->   Operation 267 'readreq' 'gmem1_3_load_req' <Predicate = true> <Delay = 7.30> <CoreInst = "m_axi">   --->   Core 111 'm_axi' <Latency = 6> <II = 1> <Delay = 1.00> <Adapter> <Opcode : 'read' 'write' 'readreq' 'writereq' 'writeresp'>

State 10 <SV = 9> <Delay = 7.30>
ST_10 : Operation 268 [63/71] (7.30ns)   --->   "%gmem0_0_load_req = readreq i1 @_ssdm_op_ReadReq.m_axi.i32P1A, i32 %gmem0_0_addr, i64 1" [kernel.cpp:19]   --->   Operation 268 'readreq' 'gmem0_0_load_req' <Predicate = true> <Delay = 7.30> <CoreInst = "m_axi">   --->   Core 111 'm_axi' <Latency = 6> <II = 1> <Delay = 1.00> <Adapter> <Opcode : 'read' 'write' 'readreq' 'writereq' 'writeresp'>
ST_10 : Operation 269 [63/71] (7.30ns)   --->   "%gmem1_0_load_req = readreq i1 @_ssdm_op_ReadReq.m_axi.i32P1A, i32 %gmem1_0_addr, i64 1" [kernel.cpp:19]   --->   Operation 269 'readreq' 'gmem1_0_load_req' <Predicate = true> <Delay = 7.30> <CoreInst = "m_axi">   --->   Core 111 'm_axi' <Latency = 6> <II = 1> <Delay = 1.00> <Adapter> <Opcode : 'read' 'write' 'readreq' 'writereq' 'writeresp'>
ST_10 : Operation 270 [63/71] (7.30ns)   --->   "%gmem0_1_load_req = readreq i1 @_ssdm_op_ReadReq.m_axi.i32P1A, i32 %gmem0_1_addr, i64 1" [kernel.cpp:19]   --->   Operation 270 'readreq' 'gmem0_1_load_req' <Predicate = true> <Delay = 7.30> <CoreInst = "m_axi">   --->   Core 111 'm_axi' <Latency = 6> <II = 1> <Delay = 1.00> <Adapter> <Opcode : 'read' 'write' 'readreq' 'writereq' 'writeresp'>
ST_10 : Operation 271 [63/71] (7.30ns)   --->   "%gmem0_2_load_req = readreq i1 @_ssdm_op_ReadReq.m_axi.i32P1A, i32 %gmem0_2_addr, i64 1" [kernel.cpp:19]   --->   Operation 271 'readreq' 'gmem0_2_load_req' <Predicate = true> <Delay = 7.30> <CoreInst = "m_axi">   --->   Core 111 'm_axi' <Latency = 6> <II = 1> <Delay = 1.00> <Adapter> <Opcode : 'read' 'write' 'readreq' 'writereq' 'writeresp'>
ST_10 : Operation 272 [63/71] (7.30ns)   --->   "%gmem0_3_load_req = readreq i1 @_ssdm_op_ReadReq.m_axi.i32P1A, i32 %gmem0_3_addr, i64 1" [kernel.cpp:19]   --->   Operation 272 'readreq' 'gmem0_3_load_req' <Predicate = true> <Delay = 7.30> <CoreInst = "m_axi">   --->   Core 111 'm_axi' <Latency = 6> <II = 1> <Delay = 1.00> <Adapter> <Opcode : 'read' 'write' 'readreq' 'writereq' 'writeresp'>
ST_10 : Operation 273 [63/71] (7.30ns)   --->   "%gmem1_1_load_req = readreq i1 @_ssdm_op_ReadReq.m_axi.i32P1A, i32 %gmem1_1_addr, i64 1" [kernel.cpp:19]   --->   Operation 273 'readreq' 'gmem1_1_load_req' <Predicate = true> <Delay = 7.30> <CoreInst = "m_axi">   --->   Core 111 'm_axi' <Latency = 6> <II = 1> <Delay = 1.00> <Adapter> <Opcode : 'read' 'write' 'readreq' 'writereq' 'writeresp'>
ST_10 : Operation 274 [63/71] (7.30ns)   --->   "%gmem1_2_load_req = readreq i1 @_ssdm_op_ReadReq.m_axi.i32P1A, i32 %gmem1_2_addr, i64 1" [kernel.cpp:19]   --->   Operation 274 'readreq' 'gmem1_2_load_req' <Predicate = true> <Delay = 7.30> <CoreInst = "m_axi">   --->   Core 111 'm_axi' <Latency = 6> <II = 1> <Delay = 1.00> <Adapter> <Opcode : 'read' 'write' 'readreq' 'writereq' 'writeresp'>
ST_10 : Operation 275 [63/71] (7.30ns)   --->   "%gmem1_3_load_req = readreq i1 @_ssdm_op_ReadReq.m_axi.i32P1A, i32 %gmem1_3_addr, i64 1" [kernel.cpp:19]   --->   Operation 275 'readreq' 'gmem1_3_load_req' <Predicate = true> <Delay = 7.30> <CoreInst = "m_axi">   --->   Core 111 'm_axi' <Latency = 6> <II = 1> <Delay = 1.00> <Adapter> <Opcode : 'read' 'write' 'readreq' 'writereq' 'writeresp'>

State 11 <SV = 10> <Delay = 7.30>
ST_11 : Operation 276 [62/71] (7.30ns)   --->   "%gmem0_0_load_req = readreq i1 @_ssdm_op_ReadReq.m_axi.i32P1A, i32 %gmem0_0_addr, i64 1" [kernel.cpp:19]   --->   Operation 276 'readreq' 'gmem0_0_load_req' <Predicate = true> <Delay = 7.30> <CoreInst = "m_axi">   --->   Core 111 'm_axi' <Latency = 6> <II = 1> <Delay = 1.00> <Adapter> <Opcode : 'read' 'write' 'readreq' 'writereq' 'writeresp'>
ST_11 : Operation 277 [62/71] (7.30ns)   --->   "%gmem1_0_load_req = readreq i1 @_ssdm_op_ReadReq.m_axi.i32P1A, i32 %gmem1_0_addr, i64 1" [kernel.cpp:19]   --->   Operation 277 'readreq' 'gmem1_0_load_req' <Predicate = true> <Delay = 7.30> <CoreInst = "m_axi">   --->   Core 111 'm_axi' <Latency = 6> <II = 1> <Delay = 1.00> <Adapter> <Opcode : 'read' 'write' 'readreq' 'writereq' 'writeresp'>
ST_11 : Operation 278 [62/71] (7.30ns)   --->   "%gmem0_1_load_req = readreq i1 @_ssdm_op_ReadReq.m_axi.i32P1A, i32 %gmem0_1_addr, i64 1" [kernel.cpp:19]   --->   Operation 278 'readreq' 'gmem0_1_load_req' <Predicate = true> <Delay = 7.30> <CoreInst = "m_axi">   --->   Core 111 'm_axi' <Latency = 6> <II = 1> <Delay = 1.00> <Adapter> <Opcode : 'read' 'write' 'readreq' 'writereq' 'writeresp'>
ST_11 : Operation 279 [62/71] (7.30ns)   --->   "%gmem0_2_load_req = readreq i1 @_ssdm_op_ReadReq.m_axi.i32P1A, i32 %gmem0_2_addr, i64 1" [kernel.cpp:19]   --->   Operation 279 'readreq' 'gmem0_2_load_req' <Predicate = true> <Delay = 7.30> <CoreInst = "m_axi">   --->   Core 111 'm_axi' <Latency = 6> <II = 1> <Delay = 1.00> <Adapter> <Opcode : 'read' 'write' 'readreq' 'writereq' 'writeresp'>
ST_11 : Operation 280 [62/71] (7.30ns)   --->   "%gmem0_3_load_req = readreq i1 @_ssdm_op_ReadReq.m_axi.i32P1A, i32 %gmem0_3_addr, i64 1" [kernel.cpp:19]   --->   Operation 280 'readreq' 'gmem0_3_load_req' <Predicate = true> <Delay = 7.30> <CoreInst = "m_axi">   --->   Core 111 'm_axi' <Latency = 6> <II = 1> <Delay = 1.00> <Adapter> <Opcode : 'read' 'write' 'readreq' 'writereq' 'writeresp'>
ST_11 : Operation 281 [62/71] (7.30ns)   --->   "%gmem1_1_load_req = readreq i1 @_ssdm_op_ReadReq.m_axi.i32P1A, i32 %gmem1_1_addr, i64 1" [kernel.cpp:19]   --->   Operation 281 'readreq' 'gmem1_1_load_req' <Predicate = true> <Delay = 7.30> <CoreInst = "m_axi">   --->   Core 111 'm_axi' <Latency = 6> <II = 1> <Delay = 1.00> <Adapter> <Opcode : 'read' 'write' 'readreq' 'writereq' 'writeresp'>
ST_11 : Operation 282 [62/71] (7.30ns)   --->   "%gmem1_2_load_req = readreq i1 @_ssdm_op_ReadReq.m_axi.i32P1A, i32 %gmem1_2_addr, i64 1" [kernel.cpp:19]   --->   Operation 282 'readreq' 'gmem1_2_load_req' <Predicate = true> <Delay = 7.30> <CoreInst = "m_axi">   --->   Core 111 'm_axi' <Latency = 6> <II = 1> <Delay = 1.00> <Adapter> <Opcode : 'read' 'write' 'readreq' 'writereq' 'writeresp'>
ST_11 : Operation 283 [62/71] (7.30ns)   --->   "%gmem1_3_load_req = readreq i1 @_ssdm_op_ReadReq.m_axi.i32P1A, i32 %gmem1_3_addr, i64 1" [kernel.cpp:19]   --->   Operation 283 'readreq' 'gmem1_3_load_req' <Predicate = true> <Delay = 7.30> <CoreInst = "m_axi">   --->   Core 111 'm_axi' <Latency = 6> <II = 1> <Delay = 1.00> <Adapter> <Opcode : 'read' 'write' 'readreq' 'writereq' 'writeresp'>

State 12 <SV = 11> <Delay = 7.30>
ST_12 : Operation 284 [61/71] (7.30ns)   --->   "%gmem0_0_load_req = readreq i1 @_ssdm_op_ReadReq.m_axi.i32P1A, i32 %gmem0_0_addr, i64 1" [kernel.cpp:19]   --->   Operation 284 'readreq' 'gmem0_0_load_req' <Predicate = true> <Delay = 7.30> <CoreInst = "m_axi">   --->   Core 111 'm_axi' <Latency = 6> <II = 1> <Delay = 1.00> <Adapter> <Opcode : 'read' 'write' 'readreq' 'writereq' 'writeresp'>
ST_12 : Operation 285 [61/71] (7.30ns)   --->   "%gmem1_0_load_req = readreq i1 @_ssdm_op_ReadReq.m_axi.i32P1A, i32 %gmem1_0_addr, i64 1" [kernel.cpp:19]   --->   Operation 285 'readreq' 'gmem1_0_load_req' <Predicate = true> <Delay = 7.30> <CoreInst = "m_axi">   --->   Core 111 'm_axi' <Latency = 6> <II = 1> <Delay = 1.00> <Adapter> <Opcode : 'read' 'write' 'readreq' 'writereq' 'writeresp'>
ST_12 : Operation 286 [61/71] (7.30ns)   --->   "%gmem0_1_load_req = readreq i1 @_ssdm_op_ReadReq.m_axi.i32P1A, i32 %gmem0_1_addr, i64 1" [kernel.cpp:19]   --->   Operation 286 'readreq' 'gmem0_1_load_req' <Predicate = true> <Delay = 7.30> <CoreInst = "m_axi">   --->   Core 111 'm_axi' <Latency = 6> <II = 1> <Delay = 1.00> <Adapter> <Opcode : 'read' 'write' 'readreq' 'writereq' 'writeresp'>
ST_12 : Operation 287 [61/71] (7.30ns)   --->   "%gmem0_2_load_req = readreq i1 @_ssdm_op_ReadReq.m_axi.i32P1A, i32 %gmem0_2_addr, i64 1" [kernel.cpp:19]   --->   Operation 287 'readreq' 'gmem0_2_load_req' <Predicate = true> <Delay = 7.30> <CoreInst = "m_axi">   --->   Core 111 'm_axi' <Latency = 6> <II = 1> <Delay = 1.00> <Adapter> <Opcode : 'read' 'write' 'readreq' 'writereq' 'writeresp'>
ST_12 : Operation 288 [61/71] (7.30ns)   --->   "%gmem0_3_load_req = readreq i1 @_ssdm_op_ReadReq.m_axi.i32P1A, i32 %gmem0_3_addr, i64 1" [kernel.cpp:19]   --->   Operation 288 'readreq' 'gmem0_3_load_req' <Predicate = true> <Delay = 7.30> <CoreInst = "m_axi">   --->   Core 111 'm_axi' <Latency = 6> <II = 1> <Delay = 1.00> <Adapter> <Opcode : 'read' 'write' 'readreq' 'writereq' 'writeresp'>
ST_12 : Operation 289 [61/71] (7.30ns)   --->   "%gmem1_1_load_req = readreq i1 @_ssdm_op_ReadReq.m_axi.i32P1A, i32 %gmem1_1_addr, i64 1" [kernel.cpp:19]   --->   Operation 289 'readreq' 'gmem1_1_load_req' <Predicate = true> <Delay = 7.30> <CoreInst = "m_axi">   --->   Core 111 'm_axi' <Latency = 6> <II = 1> <Delay = 1.00> <Adapter> <Opcode : 'read' 'write' 'readreq' 'writereq' 'writeresp'>
ST_12 : Operation 290 [61/71] (7.30ns)   --->   "%gmem1_2_load_req = readreq i1 @_ssdm_op_ReadReq.m_axi.i32P1A, i32 %gmem1_2_addr, i64 1" [kernel.cpp:19]   --->   Operation 290 'readreq' 'gmem1_2_load_req' <Predicate = true> <Delay = 7.30> <CoreInst = "m_axi">   --->   Core 111 'm_axi' <Latency = 6> <II = 1> <Delay = 1.00> <Adapter> <Opcode : 'read' 'write' 'readreq' 'writereq' 'writeresp'>
ST_12 : Operation 291 [61/71] (7.30ns)   --->   "%gmem1_3_load_req = readreq i1 @_ssdm_op_ReadReq.m_axi.i32P1A, i32 %gmem1_3_addr, i64 1" [kernel.cpp:19]   --->   Operation 291 'readreq' 'gmem1_3_load_req' <Predicate = true> <Delay = 7.30> <CoreInst = "m_axi">   --->   Core 111 'm_axi' <Latency = 6> <II = 1> <Delay = 1.00> <Adapter> <Opcode : 'read' 'write' 'readreq' 'writereq' 'writeresp'>

State 13 <SV = 12> <Delay = 7.30>
ST_13 : Operation 292 [60/71] (7.30ns)   --->   "%gmem0_0_load_req = readreq i1 @_ssdm_op_ReadReq.m_axi.i32P1A, i32 %gmem0_0_addr, i64 1" [kernel.cpp:19]   --->   Operation 292 'readreq' 'gmem0_0_load_req' <Predicate = true> <Delay = 7.30> <CoreInst = "m_axi">   --->   Core 111 'm_axi' <Latency = 6> <II = 1> <Delay = 1.00> <Adapter> <Opcode : 'read' 'write' 'readreq' 'writereq' 'writeresp'>
ST_13 : Operation 293 [60/71] (7.30ns)   --->   "%gmem1_0_load_req = readreq i1 @_ssdm_op_ReadReq.m_axi.i32P1A, i32 %gmem1_0_addr, i64 1" [kernel.cpp:19]   --->   Operation 293 'readreq' 'gmem1_0_load_req' <Predicate = true> <Delay = 7.30> <CoreInst = "m_axi">   --->   Core 111 'm_axi' <Latency = 6> <II = 1> <Delay = 1.00> <Adapter> <Opcode : 'read' 'write' 'readreq' 'writereq' 'writeresp'>
ST_13 : Operation 294 [60/71] (7.30ns)   --->   "%gmem0_1_load_req = readreq i1 @_ssdm_op_ReadReq.m_axi.i32P1A, i32 %gmem0_1_addr, i64 1" [kernel.cpp:19]   --->   Operation 294 'readreq' 'gmem0_1_load_req' <Predicate = true> <Delay = 7.30> <CoreInst = "m_axi">   --->   Core 111 'm_axi' <Latency = 6> <II = 1> <Delay = 1.00> <Adapter> <Opcode : 'read' 'write' 'readreq' 'writereq' 'writeresp'>
ST_13 : Operation 295 [60/71] (7.30ns)   --->   "%gmem0_2_load_req = readreq i1 @_ssdm_op_ReadReq.m_axi.i32P1A, i32 %gmem0_2_addr, i64 1" [kernel.cpp:19]   --->   Operation 295 'readreq' 'gmem0_2_load_req' <Predicate = true> <Delay = 7.30> <CoreInst = "m_axi">   --->   Core 111 'm_axi' <Latency = 6> <II = 1> <Delay = 1.00> <Adapter> <Opcode : 'read' 'write' 'readreq' 'writereq' 'writeresp'>
ST_13 : Operation 296 [60/71] (7.30ns)   --->   "%gmem0_3_load_req = readreq i1 @_ssdm_op_ReadReq.m_axi.i32P1A, i32 %gmem0_3_addr, i64 1" [kernel.cpp:19]   --->   Operation 296 'readreq' 'gmem0_3_load_req' <Predicate = true> <Delay = 7.30> <CoreInst = "m_axi">   --->   Core 111 'm_axi' <Latency = 6> <II = 1> <Delay = 1.00> <Adapter> <Opcode : 'read' 'write' 'readreq' 'writereq' 'writeresp'>
ST_13 : Operation 297 [60/71] (7.30ns)   --->   "%gmem1_1_load_req = readreq i1 @_ssdm_op_ReadReq.m_axi.i32P1A, i32 %gmem1_1_addr, i64 1" [kernel.cpp:19]   --->   Operation 297 'readreq' 'gmem1_1_load_req' <Predicate = true> <Delay = 7.30> <CoreInst = "m_axi">   --->   Core 111 'm_axi' <Latency = 6> <II = 1> <Delay = 1.00> <Adapter> <Opcode : 'read' 'write' 'readreq' 'writereq' 'writeresp'>
ST_13 : Operation 298 [60/71] (7.30ns)   --->   "%gmem1_2_load_req = readreq i1 @_ssdm_op_ReadReq.m_axi.i32P1A, i32 %gmem1_2_addr, i64 1" [kernel.cpp:19]   --->   Operation 298 'readreq' 'gmem1_2_load_req' <Predicate = true> <Delay = 7.30> <CoreInst = "m_axi">   --->   Core 111 'm_axi' <Latency = 6> <II = 1> <Delay = 1.00> <Adapter> <Opcode : 'read' 'write' 'readreq' 'writereq' 'writeresp'>
ST_13 : Operation 299 [60/71] (7.30ns)   --->   "%gmem1_3_load_req = readreq i1 @_ssdm_op_ReadReq.m_axi.i32P1A, i32 %gmem1_3_addr, i64 1" [kernel.cpp:19]   --->   Operation 299 'readreq' 'gmem1_3_load_req' <Predicate = true> <Delay = 7.30> <CoreInst = "m_axi">   --->   Core 111 'm_axi' <Latency = 6> <II = 1> <Delay = 1.00> <Adapter> <Opcode : 'read' 'write' 'readreq' 'writereq' 'writeresp'>

State 14 <SV = 13> <Delay = 7.30>
ST_14 : Operation 300 [59/71] (7.30ns)   --->   "%gmem0_0_load_req = readreq i1 @_ssdm_op_ReadReq.m_axi.i32P1A, i32 %gmem0_0_addr, i64 1" [kernel.cpp:19]   --->   Operation 300 'readreq' 'gmem0_0_load_req' <Predicate = true> <Delay = 7.30> <CoreInst = "m_axi">   --->   Core 111 'm_axi' <Latency = 6> <II = 1> <Delay = 1.00> <Adapter> <Opcode : 'read' 'write' 'readreq' 'writereq' 'writeresp'>
ST_14 : Operation 301 [59/71] (7.30ns)   --->   "%gmem1_0_load_req = readreq i1 @_ssdm_op_ReadReq.m_axi.i32P1A, i32 %gmem1_0_addr, i64 1" [kernel.cpp:19]   --->   Operation 301 'readreq' 'gmem1_0_load_req' <Predicate = true> <Delay = 7.30> <CoreInst = "m_axi">   --->   Core 111 'm_axi' <Latency = 6> <II = 1> <Delay = 1.00> <Adapter> <Opcode : 'read' 'write' 'readreq' 'writereq' 'writeresp'>
ST_14 : Operation 302 [59/71] (7.30ns)   --->   "%gmem0_1_load_req = readreq i1 @_ssdm_op_ReadReq.m_axi.i32P1A, i32 %gmem0_1_addr, i64 1" [kernel.cpp:19]   --->   Operation 302 'readreq' 'gmem0_1_load_req' <Predicate = true> <Delay = 7.30> <CoreInst = "m_axi">   --->   Core 111 'm_axi' <Latency = 6> <II = 1> <Delay = 1.00> <Adapter> <Opcode : 'read' 'write' 'readreq' 'writereq' 'writeresp'>
ST_14 : Operation 303 [59/71] (7.30ns)   --->   "%gmem0_2_load_req = readreq i1 @_ssdm_op_ReadReq.m_axi.i32P1A, i32 %gmem0_2_addr, i64 1" [kernel.cpp:19]   --->   Operation 303 'readreq' 'gmem0_2_load_req' <Predicate = true> <Delay = 7.30> <CoreInst = "m_axi">   --->   Core 111 'm_axi' <Latency = 6> <II = 1> <Delay = 1.00> <Adapter> <Opcode : 'read' 'write' 'readreq' 'writereq' 'writeresp'>
ST_14 : Operation 304 [59/71] (7.30ns)   --->   "%gmem0_3_load_req = readreq i1 @_ssdm_op_ReadReq.m_axi.i32P1A, i32 %gmem0_3_addr, i64 1" [kernel.cpp:19]   --->   Operation 304 'readreq' 'gmem0_3_load_req' <Predicate = true> <Delay = 7.30> <CoreInst = "m_axi">   --->   Core 111 'm_axi' <Latency = 6> <II = 1> <Delay = 1.00> <Adapter> <Opcode : 'read' 'write' 'readreq' 'writereq' 'writeresp'>
ST_14 : Operation 305 [59/71] (7.30ns)   --->   "%gmem1_1_load_req = readreq i1 @_ssdm_op_ReadReq.m_axi.i32P1A, i32 %gmem1_1_addr, i64 1" [kernel.cpp:19]   --->   Operation 305 'readreq' 'gmem1_1_load_req' <Predicate = true> <Delay = 7.30> <CoreInst = "m_axi">   --->   Core 111 'm_axi' <Latency = 6> <II = 1> <Delay = 1.00> <Adapter> <Opcode : 'read' 'write' 'readreq' 'writereq' 'writeresp'>
ST_14 : Operation 306 [59/71] (7.30ns)   --->   "%gmem1_2_load_req = readreq i1 @_ssdm_op_ReadReq.m_axi.i32P1A, i32 %gmem1_2_addr, i64 1" [kernel.cpp:19]   --->   Operation 306 'readreq' 'gmem1_2_load_req' <Predicate = true> <Delay = 7.30> <CoreInst = "m_axi">   --->   Core 111 'm_axi' <Latency = 6> <II = 1> <Delay = 1.00> <Adapter> <Opcode : 'read' 'write' 'readreq' 'writereq' 'writeresp'>
ST_14 : Operation 307 [59/71] (7.30ns)   --->   "%gmem1_3_load_req = readreq i1 @_ssdm_op_ReadReq.m_axi.i32P1A, i32 %gmem1_3_addr, i64 1" [kernel.cpp:19]   --->   Operation 307 'readreq' 'gmem1_3_load_req' <Predicate = true> <Delay = 7.30> <CoreInst = "m_axi">   --->   Core 111 'm_axi' <Latency = 6> <II = 1> <Delay = 1.00> <Adapter> <Opcode : 'read' 'write' 'readreq' 'writereq' 'writeresp'>

State 15 <SV = 14> <Delay = 7.30>
ST_15 : Operation 308 [58/71] (7.30ns)   --->   "%gmem0_0_load_req = readreq i1 @_ssdm_op_ReadReq.m_axi.i32P1A, i32 %gmem0_0_addr, i64 1" [kernel.cpp:19]   --->   Operation 308 'readreq' 'gmem0_0_load_req' <Predicate = true> <Delay = 7.30> <CoreInst = "m_axi">   --->   Core 111 'm_axi' <Latency = 6> <II = 1> <Delay = 1.00> <Adapter> <Opcode : 'read' 'write' 'readreq' 'writereq' 'writeresp'>
ST_15 : Operation 309 [58/71] (7.30ns)   --->   "%gmem1_0_load_req = readreq i1 @_ssdm_op_ReadReq.m_axi.i32P1A, i32 %gmem1_0_addr, i64 1" [kernel.cpp:19]   --->   Operation 309 'readreq' 'gmem1_0_load_req' <Predicate = true> <Delay = 7.30> <CoreInst = "m_axi">   --->   Core 111 'm_axi' <Latency = 6> <II = 1> <Delay = 1.00> <Adapter> <Opcode : 'read' 'write' 'readreq' 'writereq' 'writeresp'>
ST_15 : Operation 310 [58/71] (7.30ns)   --->   "%gmem0_1_load_req = readreq i1 @_ssdm_op_ReadReq.m_axi.i32P1A, i32 %gmem0_1_addr, i64 1" [kernel.cpp:19]   --->   Operation 310 'readreq' 'gmem0_1_load_req' <Predicate = true> <Delay = 7.30> <CoreInst = "m_axi">   --->   Core 111 'm_axi' <Latency = 6> <II = 1> <Delay = 1.00> <Adapter> <Opcode : 'read' 'write' 'readreq' 'writereq' 'writeresp'>
ST_15 : Operation 311 [58/71] (7.30ns)   --->   "%gmem0_2_load_req = readreq i1 @_ssdm_op_ReadReq.m_axi.i32P1A, i32 %gmem0_2_addr, i64 1" [kernel.cpp:19]   --->   Operation 311 'readreq' 'gmem0_2_load_req' <Predicate = true> <Delay = 7.30> <CoreInst = "m_axi">   --->   Core 111 'm_axi' <Latency = 6> <II = 1> <Delay = 1.00> <Adapter> <Opcode : 'read' 'write' 'readreq' 'writereq' 'writeresp'>
ST_15 : Operation 312 [58/71] (7.30ns)   --->   "%gmem0_3_load_req = readreq i1 @_ssdm_op_ReadReq.m_axi.i32P1A, i32 %gmem0_3_addr, i64 1" [kernel.cpp:19]   --->   Operation 312 'readreq' 'gmem0_3_load_req' <Predicate = true> <Delay = 7.30> <CoreInst = "m_axi">   --->   Core 111 'm_axi' <Latency = 6> <II = 1> <Delay = 1.00> <Adapter> <Opcode : 'read' 'write' 'readreq' 'writereq' 'writeresp'>
ST_15 : Operation 313 [58/71] (7.30ns)   --->   "%gmem1_1_load_req = readreq i1 @_ssdm_op_ReadReq.m_axi.i32P1A, i32 %gmem1_1_addr, i64 1" [kernel.cpp:19]   --->   Operation 313 'readreq' 'gmem1_1_load_req' <Predicate = true> <Delay = 7.30> <CoreInst = "m_axi">   --->   Core 111 'm_axi' <Latency = 6> <II = 1> <Delay = 1.00> <Adapter> <Opcode : 'read' 'write' 'readreq' 'writereq' 'writeresp'>
ST_15 : Operation 314 [58/71] (7.30ns)   --->   "%gmem1_2_load_req = readreq i1 @_ssdm_op_ReadReq.m_axi.i32P1A, i32 %gmem1_2_addr, i64 1" [kernel.cpp:19]   --->   Operation 314 'readreq' 'gmem1_2_load_req' <Predicate = true> <Delay = 7.30> <CoreInst = "m_axi">   --->   Core 111 'm_axi' <Latency = 6> <II = 1> <Delay = 1.00> <Adapter> <Opcode : 'read' 'write' 'readreq' 'writereq' 'writeresp'>
ST_15 : Operation 315 [58/71] (7.30ns)   --->   "%gmem1_3_load_req = readreq i1 @_ssdm_op_ReadReq.m_axi.i32P1A, i32 %gmem1_3_addr, i64 1" [kernel.cpp:19]   --->   Operation 315 'readreq' 'gmem1_3_load_req' <Predicate = true> <Delay = 7.30> <CoreInst = "m_axi">   --->   Core 111 'm_axi' <Latency = 6> <II = 1> <Delay = 1.00> <Adapter> <Opcode : 'read' 'write' 'readreq' 'writereq' 'writeresp'>

State 16 <SV = 15> <Delay = 7.30>
ST_16 : Operation 316 [57/71] (7.30ns)   --->   "%gmem0_0_load_req = readreq i1 @_ssdm_op_ReadReq.m_axi.i32P1A, i32 %gmem0_0_addr, i64 1" [kernel.cpp:19]   --->   Operation 316 'readreq' 'gmem0_0_load_req' <Predicate = true> <Delay = 7.30> <CoreInst = "m_axi">   --->   Core 111 'm_axi' <Latency = 6> <II = 1> <Delay = 1.00> <Adapter> <Opcode : 'read' 'write' 'readreq' 'writereq' 'writeresp'>
ST_16 : Operation 317 [57/71] (7.30ns)   --->   "%gmem1_0_load_req = readreq i1 @_ssdm_op_ReadReq.m_axi.i32P1A, i32 %gmem1_0_addr, i64 1" [kernel.cpp:19]   --->   Operation 317 'readreq' 'gmem1_0_load_req' <Predicate = true> <Delay = 7.30> <CoreInst = "m_axi">   --->   Core 111 'm_axi' <Latency = 6> <II = 1> <Delay = 1.00> <Adapter> <Opcode : 'read' 'write' 'readreq' 'writereq' 'writeresp'>
ST_16 : Operation 318 [57/71] (7.30ns)   --->   "%gmem0_1_load_req = readreq i1 @_ssdm_op_ReadReq.m_axi.i32P1A, i32 %gmem0_1_addr, i64 1" [kernel.cpp:19]   --->   Operation 318 'readreq' 'gmem0_1_load_req' <Predicate = true> <Delay = 7.30> <CoreInst = "m_axi">   --->   Core 111 'm_axi' <Latency = 6> <II = 1> <Delay = 1.00> <Adapter> <Opcode : 'read' 'write' 'readreq' 'writereq' 'writeresp'>
ST_16 : Operation 319 [57/71] (7.30ns)   --->   "%gmem0_2_load_req = readreq i1 @_ssdm_op_ReadReq.m_axi.i32P1A, i32 %gmem0_2_addr, i64 1" [kernel.cpp:19]   --->   Operation 319 'readreq' 'gmem0_2_load_req' <Predicate = true> <Delay = 7.30> <CoreInst = "m_axi">   --->   Core 111 'm_axi' <Latency = 6> <II = 1> <Delay = 1.00> <Adapter> <Opcode : 'read' 'write' 'readreq' 'writereq' 'writeresp'>
ST_16 : Operation 320 [57/71] (7.30ns)   --->   "%gmem0_3_load_req = readreq i1 @_ssdm_op_ReadReq.m_axi.i32P1A, i32 %gmem0_3_addr, i64 1" [kernel.cpp:19]   --->   Operation 320 'readreq' 'gmem0_3_load_req' <Predicate = true> <Delay = 7.30> <CoreInst = "m_axi">   --->   Core 111 'm_axi' <Latency = 6> <II = 1> <Delay = 1.00> <Adapter> <Opcode : 'read' 'write' 'readreq' 'writereq' 'writeresp'>
ST_16 : Operation 321 [57/71] (7.30ns)   --->   "%gmem1_1_load_req = readreq i1 @_ssdm_op_ReadReq.m_axi.i32P1A, i32 %gmem1_1_addr, i64 1" [kernel.cpp:19]   --->   Operation 321 'readreq' 'gmem1_1_load_req' <Predicate = true> <Delay = 7.30> <CoreInst = "m_axi">   --->   Core 111 'm_axi' <Latency = 6> <II = 1> <Delay = 1.00> <Adapter> <Opcode : 'read' 'write' 'readreq' 'writereq' 'writeresp'>
ST_16 : Operation 322 [57/71] (7.30ns)   --->   "%gmem1_2_load_req = readreq i1 @_ssdm_op_ReadReq.m_axi.i32P1A, i32 %gmem1_2_addr, i64 1" [kernel.cpp:19]   --->   Operation 322 'readreq' 'gmem1_2_load_req' <Predicate = true> <Delay = 7.30> <CoreInst = "m_axi">   --->   Core 111 'm_axi' <Latency = 6> <II = 1> <Delay = 1.00> <Adapter> <Opcode : 'read' 'write' 'readreq' 'writereq' 'writeresp'>
ST_16 : Operation 323 [57/71] (7.30ns)   --->   "%gmem1_3_load_req = readreq i1 @_ssdm_op_ReadReq.m_axi.i32P1A, i32 %gmem1_3_addr, i64 1" [kernel.cpp:19]   --->   Operation 323 'readreq' 'gmem1_3_load_req' <Predicate = true> <Delay = 7.30> <CoreInst = "m_axi">   --->   Core 111 'm_axi' <Latency = 6> <II = 1> <Delay = 1.00> <Adapter> <Opcode : 'read' 'write' 'readreq' 'writereq' 'writeresp'>

State 17 <SV = 16> <Delay = 7.30>
ST_17 : Operation 324 [56/71] (7.30ns)   --->   "%gmem0_0_load_req = readreq i1 @_ssdm_op_ReadReq.m_axi.i32P1A, i32 %gmem0_0_addr, i64 1" [kernel.cpp:19]   --->   Operation 324 'readreq' 'gmem0_0_load_req' <Predicate = true> <Delay = 7.30> <CoreInst = "m_axi">   --->   Core 111 'm_axi' <Latency = 6> <II = 1> <Delay = 1.00> <Adapter> <Opcode : 'read' 'write' 'readreq' 'writereq' 'writeresp'>
ST_17 : Operation 325 [56/71] (7.30ns)   --->   "%gmem1_0_load_req = readreq i1 @_ssdm_op_ReadReq.m_axi.i32P1A, i32 %gmem1_0_addr, i64 1" [kernel.cpp:19]   --->   Operation 325 'readreq' 'gmem1_0_load_req' <Predicate = true> <Delay = 7.30> <CoreInst = "m_axi">   --->   Core 111 'm_axi' <Latency = 6> <II = 1> <Delay = 1.00> <Adapter> <Opcode : 'read' 'write' 'readreq' 'writereq' 'writeresp'>
ST_17 : Operation 326 [56/71] (7.30ns)   --->   "%gmem0_1_load_req = readreq i1 @_ssdm_op_ReadReq.m_axi.i32P1A, i32 %gmem0_1_addr, i64 1" [kernel.cpp:19]   --->   Operation 326 'readreq' 'gmem0_1_load_req' <Predicate = true> <Delay = 7.30> <CoreInst = "m_axi">   --->   Core 111 'm_axi' <Latency = 6> <II = 1> <Delay = 1.00> <Adapter> <Opcode : 'read' 'write' 'readreq' 'writereq' 'writeresp'>
ST_17 : Operation 327 [56/71] (7.30ns)   --->   "%gmem0_2_load_req = readreq i1 @_ssdm_op_ReadReq.m_axi.i32P1A, i32 %gmem0_2_addr, i64 1" [kernel.cpp:19]   --->   Operation 327 'readreq' 'gmem0_2_load_req' <Predicate = true> <Delay = 7.30> <CoreInst = "m_axi">   --->   Core 111 'm_axi' <Latency = 6> <II = 1> <Delay = 1.00> <Adapter> <Opcode : 'read' 'write' 'readreq' 'writereq' 'writeresp'>
ST_17 : Operation 328 [56/71] (7.30ns)   --->   "%gmem0_3_load_req = readreq i1 @_ssdm_op_ReadReq.m_axi.i32P1A, i32 %gmem0_3_addr, i64 1" [kernel.cpp:19]   --->   Operation 328 'readreq' 'gmem0_3_load_req' <Predicate = true> <Delay = 7.30> <CoreInst = "m_axi">   --->   Core 111 'm_axi' <Latency = 6> <II = 1> <Delay = 1.00> <Adapter> <Opcode : 'read' 'write' 'readreq' 'writereq' 'writeresp'>
ST_17 : Operation 329 [56/71] (7.30ns)   --->   "%gmem1_1_load_req = readreq i1 @_ssdm_op_ReadReq.m_axi.i32P1A, i32 %gmem1_1_addr, i64 1" [kernel.cpp:19]   --->   Operation 329 'readreq' 'gmem1_1_load_req' <Predicate = true> <Delay = 7.30> <CoreInst = "m_axi">   --->   Core 111 'm_axi' <Latency = 6> <II = 1> <Delay = 1.00> <Adapter> <Opcode : 'read' 'write' 'readreq' 'writereq' 'writeresp'>
ST_17 : Operation 330 [56/71] (7.30ns)   --->   "%gmem1_2_load_req = readreq i1 @_ssdm_op_ReadReq.m_axi.i32P1A, i32 %gmem1_2_addr, i64 1" [kernel.cpp:19]   --->   Operation 330 'readreq' 'gmem1_2_load_req' <Predicate = true> <Delay = 7.30> <CoreInst = "m_axi">   --->   Core 111 'm_axi' <Latency = 6> <II = 1> <Delay = 1.00> <Adapter> <Opcode : 'read' 'write' 'readreq' 'writereq' 'writeresp'>
ST_17 : Operation 331 [56/71] (7.30ns)   --->   "%gmem1_3_load_req = readreq i1 @_ssdm_op_ReadReq.m_axi.i32P1A, i32 %gmem1_3_addr, i64 1" [kernel.cpp:19]   --->   Operation 331 'readreq' 'gmem1_3_load_req' <Predicate = true> <Delay = 7.30> <CoreInst = "m_axi">   --->   Core 111 'm_axi' <Latency = 6> <II = 1> <Delay = 1.00> <Adapter> <Opcode : 'read' 'write' 'readreq' 'writereq' 'writeresp'>

State 18 <SV = 17> <Delay = 7.30>
ST_18 : Operation 332 [55/71] (7.30ns)   --->   "%gmem0_0_load_req = readreq i1 @_ssdm_op_ReadReq.m_axi.i32P1A, i32 %gmem0_0_addr, i64 1" [kernel.cpp:19]   --->   Operation 332 'readreq' 'gmem0_0_load_req' <Predicate = true> <Delay = 7.30> <CoreInst = "m_axi">   --->   Core 111 'm_axi' <Latency = 6> <II = 1> <Delay = 1.00> <Adapter> <Opcode : 'read' 'write' 'readreq' 'writereq' 'writeresp'>
ST_18 : Operation 333 [55/71] (7.30ns)   --->   "%gmem1_0_load_req = readreq i1 @_ssdm_op_ReadReq.m_axi.i32P1A, i32 %gmem1_0_addr, i64 1" [kernel.cpp:19]   --->   Operation 333 'readreq' 'gmem1_0_load_req' <Predicate = true> <Delay = 7.30> <CoreInst = "m_axi">   --->   Core 111 'm_axi' <Latency = 6> <II = 1> <Delay = 1.00> <Adapter> <Opcode : 'read' 'write' 'readreq' 'writereq' 'writeresp'>
ST_18 : Operation 334 [55/71] (7.30ns)   --->   "%gmem0_1_load_req = readreq i1 @_ssdm_op_ReadReq.m_axi.i32P1A, i32 %gmem0_1_addr, i64 1" [kernel.cpp:19]   --->   Operation 334 'readreq' 'gmem0_1_load_req' <Predicate = true> <Delay = 7.30> <CoreInst = "m_axi">   --->   Core 111 'm_axi' <Latency = 6> <II = 1> <Delay = 1.00> <Adapter> <Opcode : 'read' 'write' 'readreq' 'writereq' 'writeresp'>
ST_18 : Operation 335 [55/71] (7.30ns)   --->   "%gmem0_2_load_req = readreq i1 @_ssdm_op_ReadReq.m_axi.i32P1A, i32 %gmem0_2_addr, i64 1" [kernel.cpp:19]   --->   Operation 335 'readreq' 'gmem0_2_load_req' <Predicate = true> <Delay = 7.30> <CoreInst = "m_axi">   --->   Core 111 'm_axi' <Latency = 6> <II = 1> <Delay = 1.00> <Adapter> <Opcode : 'read' 'write' 'readreq' 'writereq' 'writeresp'>
ST_18 : Operation 336 [55/71] (7.30ns)   --->   "%gmem0_3_load_req = readreq i1 @_ssdm_op_ReadReq.m_axi.i32P1A, i32 %gmem0_3_addr, i64 1" [kernel.cpp:19]   --->   Operation 336 'readreq' 'gmem0_3_load_req' <Predicate = true> <Delay = 7.30> <CoreInst = "m_axi">   --->   Core 111 'm_axi' <Latency = 6> <II = 1> <Delay = 1.00> <Adapter> <Opcode : 'read' 'write' 'readreq' 'writereq' 'writeresp'>
ST_18 : Operation 337 [55/71] (7.30ns)   --->   "%gmem1_1_load_req = readreq i1 @_ssdm_op_ReadReq.m_axi.i32P1A, i32 %gmem1_1_addr, i64 1" [kernel.cpp:19]   --->   Operation 337 'readreq' 'gmem1_1_load_req' <Predicate = true> <Delay = 7.30> <CoreInst = "m_axi">   --->   Core 111 'm_axi' <Latency = 6> <II = 1> <Delay = 1.00> <Adapter> <Opcode : 'read' 'write' 'readreq' 'writereq' 'writeresp'>
ST_18 : Operation 338 [55/71] (7.30ns)   --->   "%gmem1_2_load_req = readreq i1 @_ssdm_op_ReadReq.m_axi.i32P1A, i32 %gmem1_2_addr, i64 1" [kernel.cpp:19]   --->   Operation 338 'readreq' 'gmem1_2_load_req' <Predicate = true> <Delay = 7.30> <CoreInst = "m_axi">   --->   Core 111 'm_axi' <Latency = 6> <II = 1> <Delay = 1.00> <Adapter> <Opcode : 'read' 'write' 'readreq' 'writereq' 'writeresp'>
ST_18 : Operation 339 [55/71] (7.30ns)   --->   "%gmem1_3_load_req = readreq i1 @_ssdm_op_ReadReq.m_axi.i32P1A, i32 %gmem1_3_addr, i64 1" [kernel.cpp:19]   --->   Operation 339 'readreq' 'gmem1_3_load_req' <Predicate = true> <Delay = 7.30> <CoreInst = "m_axi">   --->   Core 111 'm_axi' <Latency = 6> <II = 1> <Delay = 1.00> <Adapter> <Opcode : 'read' 'write' 'readreq' 'writereq' 'writeresp'>

State 19 <SV = 18> <Delay = 7.30>
ST_19 : Operation 340 [54/71] (7.30ns)   --->   "%gmem0_0_load_req = readreq i1 @_ssdm_op_ReadReq.m_axi.i32P1A, i32 %gmem0_0_addr, i64 1" [kernel.cpp:19]   --->   Operation 340 'readreq' 'gmem0_0_load_req' <Predicate = true> <Delay = 7.30> <CoreInst = "m_axi">   --->   Core 111 'm_axi' <Latency = 6> <II = 1> <Delay = 1.00> <Adapter> <Opcode : 'read' 'write' 'readreq' 'writereq' 'writeresp'>
ST_19 : Operation 341 [54/71] (7.30ns)   --->   "%gmem1_0_load_req = readreq i1 @_ssdm_op_ReadReq.m_axi.i32P1A, i32 %gmem1_0_addr, i64 1" [kernel.cpp:19]   --->   Operation 341 'readreq' 'gmem1_0_load_req' <Predicate = true> <Delay = 7.30> <CoreInst = "m_axi">   --->   Core 111 'm_axi' <Latency = 6> <II = 1> <Delay = 1.00> <Adapter> <Opcode : 'read' 'write' 'readreq' 'writereq' 'writeresp'>
ST_19 : Operation 342 [54/71] (7.30ns)   --->   "%gmem0_1_load_req = readreq i1 @_ssdm_op_ReadReq.m_axi.i32P1A, i32 %gmem0_1_addr, i64 1" [kernel.cpp:19]   --->   Operation 342 'readreq' 'gmem0_1_load_req' <Predicate = true> <Delay = 7.30> <CoreInst = "m_axi">   --->   Core 111 'm_axi' <Latency = 6> <II = 1> <Delay = 1.00> <Adapter> <Opcode : 'read' 'write' 'readreq' 'writereq' 'writeresp'>
ST_19 : Operation 343 [54/71] (7.30ns)   --->   "%gmem0_2_load_req = readreq i1 @_ssdm_op_ReadReq.m_axi.i32P1A, i32 %gmem0_2_addr, i64 1" [kernel.cpp:19]   --->   Operation 343 'readreq' 'gmem0_2_load_req' <Predicate = true> <Delay = 7.30> <CoreInst = "m_axi">   --->   Core 111 'm_axi' <Latency = 6> <II = 1> <Delay = 1.00> <Adapter> <Opcode : 'read' 'write' 'readreq' 'writereq' 'writeresp'>
ST_19 : Operation 344 [54/71] (7.30ns)   --->   "%gmem0_3_load_req = readreq i1 @_ssdm_op_ReadReq.m_axi.i32P1A, i32 %gmem0_3_addr, i64 1" [kernel.cpp:19]   --->   Operation 344 'readreq' 'gmem0_3_load_req' <Predicate = true> <Delay = 7.30> <CoreInst = "m_axi">   --->   Core 111 'm_axi' <Latency = 6> <II = 1> <Delay = 1.00> <Adapter> <Opcode : 'read' 'write' 'readreq' 'writereq' 'writeresp'>
ST_19 : Operation 345 [54/71] (7.30ns)   --->   "%gmem1_1_load_req = readreq i1 @_ssdm_op_ReadReq.m_axi.i32P1A, i32 %gmem1_1_addr, i64 1" [kernel.cpp:19]   --->   Operation 345 'readreq' 'gmem1_1_load_req' <Predicate = true> <Delay = 7.30> <CoreInst = "m_axi">   --->   Core 111 'm_axi' <Latency = 6> <II = 1> <Delay = 1.00> <Adapter> <Opcode : 'read' 'write' 'readreq' 'writereq' 'writeresp'>
ST_19 : Operation 346 [54/71] (7.30ns)   --->   "%gmem1_2_load_req = readreq i1 @_ssdm_op_ReadReq.m_axi.i32P1A, i32 %gmem1_2_addr, i64 1" [kernel.cpp:19]   --->   Operation 346 'readreq' 'gmem1_2_load_req' <Predicate = true> <Delay = 7.30> <CoreInst = "m_axi">   --->   Core 111 'm_axi' <Latency = 6> <II = 1> <Delay = 1.00> <Adapter> <Opcode : 'read' 'write' 'readreq' 'writereq' 'writeresp'>
ST_19 : Operation 347 [54/71] (7.30ns)   --->   "%gmem1_3_load_req = readreq i1 @_ssdm_op_ReadReq.m_axi.i32P1A, i32 %gmem1_3_addr, i64 1" [kernel.cpp:19]   --->   Operation 347 'readreq' 'gmem1_3_load_req' <Predicate = true> <Delay = 7.30> <CoreInst = "m_axi">   --->   Core 111 'm_axi' <Latency = 6> <II = 1> <Delay = 1.00> <Adapter> <Opcode : 'read' 'write' 'readreq' 'writereq' 'writeresp'>

State 20 <SV = 19> <Delay = 7.30>
ST_20 : Operation 348 [53/71] (7.30ns)   --->   "%gmem0_0_load_req = readreq i1 @_ssdm_op_ReadReq.m_axi.i32P1A, i32 %gmem0_0_addr, i64 1" [kernel.cpp:19]   --->   Operation 348 'readreq' 'gmem0_0_load_req' <Predicate = true> <Delay = 7.30> <CoreInst = "m_axi">   --->   Core 111 'm_axi' <Latency = 6> <II = 1> <Delay = 1.00> <Adapter> <Opcode : 'read' 'write' 'readreq' 'writereq' 'writeresp'>
ST_20 : Operation 349 [53/71] (7.30ns)   --->   "%gmem1_0_load_req = readreq i1 @_ssdm_op_ReadReq.m_axi.i32P1A, i32 %gmem1_0_addr, i64 1" [kernel.cpp:19]   --->   Operation 349 'readreq' 'gmem1_0_load_req' <Predicate = true> <Delay = 7.30> <CoreInst = "m_axi">   --->   Core 111 'm_axi' <Latency = 6> <II = 1> <Delay = 1.00> <Adapter> <Opcode : 'read' 'write' 'readreq' 'writereq' 'writeresp'>
ST_20 : Operation 350 [53/71] (7.30ns)   --->   "%gmem0_1_load_req = readreq i1 @_ssdm_op_ReadReq.m_axi.i32P1A, i32 %gmem0_1_addr, i64 1" [kernel.cpp:19]   --->   Operation 350 'readreq' 'gmem0_1_load_req' <Predicate = true> <Delay = 7.30> <CoreInst = "m_axi">   --->   Core 111 'm_axi' <Latency = 6> <II = 1> <Delay = 1.00> <Adapter> <Opcode : 'read' 'write' 'readreq' 'writereq' 'writeresp'>
ST_20 : Operation 351 [53/71] (7.30ns)   --->   "%gmem0_2_load_req = readreq i1 @_ssdm_op_ReadReq.m_axi.i32P1A, i32 %gmem0_2_addr, i64 1" [kernel.cpp:19]   --->   Operation 351 'readreq' 'gmem0_2_load_req' <Predicate = true> <Delay = 7.30> <CoreInst = "m_axi">   --->   Core 111 'm_axi' <Latency = 6> <II = 1> <Delay = 1.00> <Adapter> <Opcode : 'read' 'write' 'readreq' 'writereq' 'writeresp'>
ST_20 : Operation 352 [53/71] (7.30ns)   --->   "%gmem0_3_load_req = readreq i1 @_ssdm_op_ReadReq.m_axi.i32P1A, i32 %gmem0_3_addr, i64 1" [kernel.cpp:19]   --->   Operation 352 'readreq' 'gmem0_3_load_req' <Predicate = true> <Delay = 7.30> <CoreInst = "m_axi">   --->   Core 111 'm_axi' <Latency = 6> <II = 1> <Delay = 1.00> <Adapter> <Opcode : 'read' 'write' 'readreq' 'writereq' 'writeresp'>
ST_20 : Operation 353 [53/71] (7.30ns)   --->   "%gmem1_1_load_req = readreq i1 @_ssdm_op_ReadReq.m_axi.i32P1A, i32 %gmem1_1_addr, i64 1" [kernel.cpp:19]   --->   Operation 353 'readreq' 'gmem1_1_load_req' <Predicate = true> <Delay = 7.30> <CoreInst = "m_axi">   --->   Core 111 'm_axi' <Latency = 6> <II = 1> <Delay = 1.00> <Adapter> <Opcode : 'read' 'write' 'readreq' 'writereq' 'writeresp'>
ST_20 : Operation 354 [53/71] (7.30ns)   --->   "%gmem1_2_load_req = readreq i1 @_ssdm_op_ReadReq.m_axi.i32P1A, i32 %gmem1_2_addr, i64 1" [kernel.cpp:19]   --->   Operation 354 'readreq' 'gmem1_2_load_req' <Predicate = true> <Delay = 7.30> <CoreInst = "m_axi">   --->   Core 111 'm_axi' <Latency = 6> <II = 1> <Delay = 1.00> <Adapter> <Opcode : 'read' 'write' 'readreq' 'writereq' 'writeresp'>
ST_20 : Operation 355 [53/71] (7.30ns)   --->   "%gmem1_3_load_req = readreq i1 @_ssdm_op_ReadReq.m_axi.i32P1A, i32 %gmem1_3_addr, i64 1" [kernel.cpp:19]   --->   Operation 355 'readreq' 'gmem1_3_load_req' <Predicate = true> <Delay = 7.30> <CoreInst = "m_axi">   --->   Core 111 'm_axi' <Latency = 6> <II = 1> <Delay = 1.00> <Adapter> <Opcode : 'read' 'write' 'readreq' 'writereq' 'writeresp'>

State 21 <SV = 20> <Delay = 7.30>
ST_21 : Operation 356 [52/71] (7.30ns)   --->   "%gmem0_0_load_req = readreq i1 @_ssdm_op_ReadReq.m_axi.i32P1A, i32 %gmem0_0_addr, i64 1" [kernel.cpp:19]   --->   Operation 356 'readreq' 'gmem0_0_load_req' <Predicate = true> <Delay = 7.30> <CoreInst = "m_axi">   --->   Core 111 'm_axi' <Latency = 6> <II = 1> <Delay = 1.00> <Adapter> <Opcode : 'read' 'write' 'readreq' 'writereq' 'writeresp'>
ST_21 : Operation 357 [52/71] (7.30ns)   --->   "%gmem1_0_load_req = readreq i1 @_ssdm_op_ReadReq.m_axi.i32P1A, i32 %gmem1_0_addr, i64 1" [kernel.cpp:19]   --->   Operation 357 'readreq' 'gmem1_0_load_req' <Predicate = true> <Delay = 7.30> <CoreInst = "m_axi">   --->   Core 111 'm_axi' <Latency = 6> <II = 1> <Delay = 1.00> <Adapter> <Opcode : 'read' 'write' 'readreq' 'writereq' 'writeresp'>
ST_21 : Operation 358 [52/71] (7.30ns)   --->   "%gmem0_1_load_req = readreq i1 @_ssdm_op_ReadReq.m_axi.i32P1A, i32 %gmem0_1_addr, i64 1" [kernel.cpp:19]   --->   Operation 358 'readreq' 'gmem0_1_load_req' <Predicate = true> <Delay = 7.30> <CoreInst = "m_axi">   --->   Core 111 'm_axi' <Latency = 6> <II = 1> <Delay = 1.00> <Adapter> <Opcode : 'read' 'write' 'readreq' 'writereq' 'writeresp'>
ST_21 : Operation 359 [52/71] (7.30ns)   --->   "%gmem0_2_load_req = readreq i1 @_ssdm_op_ReadReq.m_axi.i32P1A, i32 %gmem0_2_addr, i64 1" [kernel.cpp:19]   --->   Operation 359 'readreq' 'gmem0_2_load_req' <Predicate = true> <Delay = 7.30> <CoreInst = "m_axi">   --->   Core 111 'm_axi' <Latency = 6> <II = 1> <Delay = 1.00> <Adapter> <Opcode : 'read' 'write' 'readreq' 'writereq' 'writeresp'>
ST_21 : Operation 360 [52/71] (7.30ns)   --->   "%gmem0_3_load_req = readreq i1 @_ssdm_op_ReadReq.m_axi.i32P1A, i32 %gmem0_3_addr, i64 1" [kernel.cpp:19]   --->   Operation 360 'readreq' 'gmem0_3_load_req' <Predicate = true> <Delay = 7.30> <CoreInst = "m_axi">   --->   Core 111 'm_axi' <Latency = 6> <II = 1> <Delay = 1.00> <Adapter> <Opcode : 'read' 'write' 'readreq' 'writereq' 'writeresp'>
ST_21 : Operation 361 [52/71] (7.30ns)   --->   "%gmem1_1_load_req = readreq i1 @_ssdm_op_ReadReq.m_axi.i32P1A, i32 %gmem1_1_addr, i64 1" [kernel.cpp:19]   --->   Operation 361 'readreq' 'gmem1_1_load_req' <Predicate = true> <Delay = 7.30> <CoreInst = "m_axi">   --->   Core 111 'm_axi' <Latency = 6> <II = 1> <Delay = 1.00> <Adapter> <Opcode : 'read' 'write' 'readreq' 'writereq' 'writeresp'>
ST_21 : Operation 362 [52/71] (7.30ns)   --->   "%gmem1_2_load_req = readreq i1 @_ssdm_op_ReadReq.m_axi.i32P1A, i32 %gmem1_2_addr, i64 1" [kernel.cpp:19]   --->   Operation 362 'readreq' 'gmem1_2_load_req' <Predicate = true> <Delay = 7.30> <CoreInst = "m_axi">   --->   Core 111 'm_axi' <Latency = 6> <II = 1> <Delay = 1.00> <Adapter> <Opcode : 'read' 'write' 'readreq' 'writereq' 'writeresp'>
ST_21 : Operation 363 [52/71] (7.30ns)   --->   "%gmem1_3_load_req = readreq i1 @_ssdm_op_ReadReq.m_axi.i32P1A, i32 %gmem1_3_addr, i64 1" [kernel.cpp:19]   --->   Operation 363 'readreq' 'gmem1_3_load_req' <Predicate = true> <Delay = 7.30> <CoreInst = "m_axi">   --->   Core 111 'm_axi' <Latency = 6> <II = 1> <Delay = 1.00> <Adapter> <Opcode : 'read' 'write' 'readreq' 'writereq' 'writeresp'>

State 22 <SV = 21> <Delay = 7.30>
ST_22 : Operation 364 [51/71] (7.30ns)   --->   "%gmem0_0_load_req = readreq i1 @_ssdm_op_ReadReq.m_axi.i32P1A, i32 %gmem0_0_addr, i64 1" [kernel.cpp:19]   --->   Operation 364 'readreq' 'gmem0_0_load_req' <Predicate = true> <Delay = 7.30> <CoreInst = "m_axi">   --->   Core 111 'm_axi' <Latency = 6> <II = 1> <Delay = 1.00> <Adapter> <Opcode : 'read' 'write' 'readreq' 'writereq' 'writeresp'>
ST_22 : Operation 365 [51/71] (7.30ns)   --->   "%gmem1_0_load_req = readreq i1 @_ssdm_op_ReadReq.m_axi.i32P1A, i32 %gmem1_0_addr, i64 1" [kernel.cpp:19]   --->   Operation 365 'readreq' 'gmem1_0_load_req' <Predicate = true> <Delay = 7.30> <CoreInst = "m_axi">   --->   Core 111 'm_axi' <Latency = 6> <II = 1> <Delay = 1.00> <Adapter> <Opcode : 'read' 'write' 'readreq' 'writereq' 'writeresp'>
ST_22 : Operation 366 [51/71] (7.30ns)   --->   "%gmem0_1_load_req = readreq i1 @_ssdm_op_ReadReq.m_axi.i32P1A, i32 %gmem0_1_addr, i64 1" [kernel.cpp:19]   --->   Operation 366 'readreq' 'gmem0_1_load_req' <Predicate = true> <Delay = 7.30> <CoreInst = "m_axi">   --->   Core 111 'm_axi' <Latency = 6> <II = 1> <Delay = 1.00> <Adapter> <Opcode : 'read' 'write' 'readreq' 'writereq' 'writeresp'>
ST_22 : Operation 367 [51/71] (7.30ns)   --->   "%gmem0_2_load_req = readreq i1 @_ssdm_op_ReadReq.m_axi.i32P1A, i32 %gmem0_2_addr, i64 1" [kernel.cpp:19]   --->   Operation 367 'readreq' 'gmem0_2_load_req' <Predicate = true> <Delay = 7.30> <CoreInst = "m_axi">   --->   Core 111 'm_axi' <Latency = 6> <II = 1> <Delay = 1.00> <Adapter> <Opcode : 'read' 'write' 'readreq' 'writereq' 'writeresp'>
ST_22 : Operation 368 [51/71] (7.30ns)   --->   "%gmem0_3_load_req = readreq i1 @_ssdm_op_ReadReq.m_axi.i32P1A, i32 %gmem0_3_addr, i64 1" [kernel.cpp:19]   --->   Operation 368 'readreq' 'gmem0_3_load_req' <Predicate = true> <Delay = 7.30> <CoreInst = "m_axi">   --->   Core 111 'm_axi' <Latency = 6> <II = 1> <Delay = 1.00> <Adapter> <Opcode : 'read' 'write' 'readreq' 'writereq' 'writeresp'>
ST_22 : Operation 369 [51/71] (7.30ns)   --->   "%gmem1_1_load_req = readreq i1 @_ssdm_op_ReadReq.m_axi.i32P1A, i32 %gmem1_1_addr, i64 1" [kernel.cpp:19]   --->   Operation 369 'readreq' 'gmem1_1_load_req' <Predicate = true> <Delay = 7.30> <CoreInst = "m_axi">   --->   Core 111 'm_axi' <Latency = 6> <II = 1> <Delay = 1.00> <Adapter> <Opcode : 'read' 'write' 'readreq' 'writereq' 'writeresp'>
ST_22 : Operation 370 [51/71] (7.30ns)   --->   "%gmem1_2_load_req = readreq i1 @_ssdm_op_ReadReq.m_axi.i32P1A, i32 %gmem1_2_addr, i64 1" [kernel.cpp:19]   --->   Operation 370 'readreq' 'gmem1_2_load_req' <Predicate = true> <Delay = 7.30> <CoreInst = "m_axi">   --->   Core 111 'm_axi' <Latency = 6> <II = 1> <Delay = 1.00> <Adapter> <Opcode : 'read' 'write' 'readreq' 'writereq' 'writeresp'>
ST_22 : Operation 371 [51/71] (7.30ns)   --->   "%gmem1_3_load_req = readreq i1 @_ssdm_op_ReadReq.m_axi.i32P1A, i32 %gmem1_3_addr, i64 1" [kernel.cpp:19]   --->   Operation 371 'readreq' 'gmem1_3_load_req' <Predicate = true> <Delay = 7.30> <CoreInst = "m_axi">   --->   Core 111 'm_axi' <Latency = 6> <II = 1> <Delay = 1.00> <Adapter> <Opcode : 'read' 'write' 'readreq' 'writereq' 'writeresp'>

State 23 <SV = 22> <Delay = 7.30>
ST_23 : Operation 372 [50/71] (7.30ns)   --->   "%gmem0_0_load_req = readreq i1 @_ssdm_op_ReadReq.m_axi.i32P1A, i32 %gmem0_0_addr, i64 1" [kernel.cpp:19]   --->   Operation 372 'readreq' 'gmem0_0_load_req' <Predicate = true> <Delay = 7.30> <CoreInst = "m_axi">   --->   Core 111 'm_axi' <Latency = 6> <II = 1> <Delay = 1.00> <Adapter> <Opcode : 'read' 'write' 'readreq' 'writereq' 'writeresp'>
ST_23 : Operation 373 [50/71] (7.30ns)   --->   "%gmem1_0_load_req = readreq i1 @_ssdm_op_ReadReq.m_axi.i32P1A, i32 %gmem1_0_addr, i64 1" [kernel.cpp:19]   --->   Operation 373 'readreq' 'gmem1_0_load_req' <Predicate = true> <Delay = 7.30> <CoreInst = "m_axi">   --->   Core 111 'm_axi' <Latency = 6> <II = 1> <Delay = 1.00> <Adapter> <Opcode : 'read' 'write' 'readreq' 'writereq' 'writeresp'>
ST_23 : Operation 374 [50/71] (7.30ns)   --->   "%gmem0_1_load_req = readreq i1 @_ssdm_op_ReadReq.m_axi.i32P1A, i32 %gmem0_1_addr, i64 1" [kernel.cpp:19]   --->   Operation 374 'readreq' 'gmem0_1_load_req' <Predicate = true> <Delay = 7.30> <CoreInst = "m_axi">   --->   Core 111 'm_axi' <Latency = 6> <II = 1> <Delay = 1.00> <Adapter> <Opcode : 'read' 'write' 'readreq' 'writereq' 'writeresp'>
ST_23 : Operation 375 [50/71] (7.30ns)   --->   "%gmem0_2_load_req = readreq i1 @_ssdm_op_ReadReq.m_axi.i32P1A, i32 %gmem0_2_addr, i64 1" [kernel.cpp:19]   --->   Operation 375 'readreq' 'gmem0_2_load_req' <Predicate = true> <Delay = 7.30> <CoreInst = "m_axi">   --->   Core 111 'm_axi' <Latency = 6> <II = 1> <Delay = 1.00> <Adapter> <Opcode : 'read' 'write' 'readreq' 'writereq' 'writeresp'>
ST_23 : Operation 376 [50/71] (7.30ns)   --->   "%gmem0_3_load_req = readreq i1 @_ssdm_op_ReadReq.m_axi.i32P1A, i32 %gmem0_3_addr, i64 1" [kernel.cpp:19]   --->   Operation 376 'readreq' 'gmem0_3_load_req' <Predicate = true> <Delay = 7.30> <CoreInst = "m_axi">   --->   Core 111 'm_axi' <Latency = 6> <II = 1> <Delay = 1.00> <Adapter> <Opcode : 'read' 'write' 'readreq' 'writereq' 'writeresp'>
ST_23 : Operation 377 [50/71] (7.30ns)   --->   "%gmem1_1_load_req = readreq i1 @_ssdm_op_ReadReq.m_axi.i32P1A, i32 %gmem1_1_addr, i64 1" [kernel.cpp:19]   --->   Operation 377 'readreq' 'gmem1_1_load_req' <Predicate = true> <Delay = 7.30> <CoreInst = "m_axi">   --->   Core 111 'm_axi' <Latency = 6> <II = 1> <Delay = 1.00> <Adapter> <Opcode : 'read' 'write' 'readreq' 'writereq' 'writeresp'>
ST_23 : Operation 378 [50/71] (7.30ns)   --->   "%gmem1_2_load_req = readreq i1 @_ssdm_op_ReadReq.m_axi.i32P1A, i32 %gmem1_2_addr, i64 1" [kernel.cpp:19]   --->   Operation 378 'readreq' 'gmem1_2_load_req' <Predicate = true> <Delay = 7.30> <CoreInst = "m_axi">   --->   Core 111 'm_axi' <Latency = 6> <II = 1> <Delay = 1.00> <Adapter> <Opcode : 'read' 'write' 'readreq' 'writereq' 'writeresp'>
ST_23 : Operation 379 [50/71] (7.30ns)   --->   "%gmem1_3_load_req = readreq i1 @_ssdm_op_ReadReq.m_axi.i32P1A, i32 %gmem1_3_addr, i64 1" [kernel.cpp:19]   --->   Operation 379 'readreq' 'gmem1_3_load_req' <Predicate = true> <Delay = 7.30> <CoreInst = "m_axi">   --->   Core 111 'm_axi' <Latency = 6> <II = 1> <Delay = 1.00> <Adapter> <Opcode : 'read' 'write' 'readreq' 'writereq' 'writeresp'>

State 24 <SV = 23> <Delay = 7.30>
ST_24 : Operation 380 [49/71] (7.30ns)   --->   "%gmem0_0_load_req = readreq i1 @_ssdm_op_ReadReq.m_axi.i32P1A, i32 %gmem0_0_addr, i64 1" [kernel.cpp:19]   --->   Operation 380 'readreq' 'gmem0_0_load_req' <Predicate = true> <Delay = 7.30> <CoreInst = "m_axi">   --->   Core 111 'm_axi' <Latency = 6> <II = 1> <Delay = 1.00> <Adapter> <Opcode : 'read' 'write' 'readreq' 'writereq' 'writeresp'>
ST_24 : Operation 381 [49/71] (7.30ns)   --->   "%gmem1_0_load_req = readreq i1 @_ssdm_op_ReadReq.m_axi.i32P1A, i32 %gmem1_0_addr, i64 1" [kernel.cpp:19]   --->   Operation 381 'readreq' 'gmem1_0_load_req' <Predicate = true> <Delay = 7.30> <CoreInst = "m_axi">   --->   Core 111 'm_axi' <Latency = 6> <II = 1> <Delay = 1.00> <Adapter> <Opcode : 'read' 'write' 'readreq' 'writereq' 'writeresp'>
ST_24 : Operation 382 [49/71] (7.30ns)   --->   "%gmem0_1_load_req = readreq i1 @_ssdm_op_ReadReq.m_axi.i32P1A, i32 %gmem0_1_addr, i64 1" [kernel.cpp:19]   --->   Operation 382 'readreq' 'gmem0_1_load_req' <Predicate = true> <Delay = 7.30> <CoreInst = "m_axi">   --->   Core 111 'm_axi' <Latency = 6> <II = 1> <Delay = 1.00> <Adapter> <Opcode : 'read' 'write' 'readreq' 'writereq' 'writeresp'>
ST_24 : Operation 383 [49/71] (7.30ns)   --->   "%gmem0_2_load_req = readreq i1 @_ssdm_op_ReadReq.m_axi.i32P1A, i32 %gmem0_2_addr, i64 1" [kernel.cpp:19]   --->   Operation 383 'readreq' 'gmem0_2_load_req' <Predicate = true> <Delay = 7.30> <CoreInst = "m_axi">   --->   Core 111 'm_axi' <Latency = 6> <II = 1> <Delay = 1.00> <Adapter> <Opcode : 'read' 'write' 'readreq' 'writereq' 'writeresp'>
ST_24 : Operation 384 [49/71] (7.30ns)   --->   "%gmem0_3_load_req = readreq i1 @_ssdm_op_ReadReq.m_axi.i32P1A, i32 %gmem0_3_addr, i64 1" [kernel.cpp:19]   --->   Operation 384 'readreq' 'gmem0_3_load_req' <Predicate = true> <Delay = 7.30> <CoreInst = "m_axi">   --->   Core 111 'm_axi' <Latency = 6> <II = 1> <Delay = 1.00> <Adapter> <Opcode : 'read' 'write' 'readreq' 'writereq' 'writeresp'>
ST_24 : Operation 385 [49/71] (7.30ns)   --->   "%gmem1_1_load_req = readreq i1 @_ssdm_op_ReadReq.m_axi.i32P1A, i32 %gmem1_1_addr, i64 1" [kernel.cpp:19]   --->   Operation 385 'readreq' 'gmem1_1_load_req' <Predicate = true> <Delay = 7.30> <CoreInst = "m_axi">   --->   Core 111 'm_axi' <Latency = 6> <II = 1> <Delay = 1.00> <Adapter> <Opcode : 'read' 'write' 'readreq' 'writereq' 'writeresp'>
ST_24 : Operation 386 [49/71] (7.30ns)   --->   "%gmem1_2_load_req = readreq i1 @_ssdm_op_ReadReq.m_axi.i32P1A, i32 %gmem1_2_addr, i64 1" [kernel.cpp:19]   --->   Operation 386 'readreq' 'gmem1_2_load_req' <Predicate = true> <Delay = 7.30> <CoreInst = "m_axi">   --->   Core 111 'm_axi' <Latency = 6> <II = 1> <Delay = 1.00> <Adapter> <Opcode : 'read' 'write' 'readreq' 'writereq' 'writeresp'>
ST_24 : Operation 387 [49/71] (7.30ns)   --->   "%gmem1_3_load_req = readreq i1 @_ssdm_op_ReadReq.m_axi.i32P1A, i32 %gmem1_3_addr, i64 1" [kernel.cpp:19]   --->   Operation 387 'readreq' 'gmem1_3_load_req' <Predicate = true> <Delay = 7.30> <CoreInst = "m_axi">   --->   Core 111 'm_axi' <Latency = 6> <II = 1> <Delay = 1.00> <Adapter> <Opcode : 'read' 'write' 'readreq' 'writereq' 'writeresp'>

State 25 <SV = 24> <Delay = 7.30>
ST_25 : Operation 388 [48/71] (7.30ns)   --->   "%gmem0_0_load_req = readreq i1 @_ssdm_op_ReadReq.m_axi.i32P1A, i32 %gmem0_0_addr, i64 1" [kernel.cpp:19]   --->   Operation 388 'readreq' 'gmem0_0_load_req' <Predicate = true> <Delay = 7.30> <CoreInst = "m_axi">   --->   Core 111 'm_axi' <Latency = 6> <II = 1> <Delay = 1.00> <Adapter> <Opcode : 'read' 'write' 'readreq' 'writereq' 'writeresp'>
ST_25 : Operation 389 [48/71] (7.30ns)   --->   "%gmem1_0_load_req = readreq i1 @_ssdm_op_ReadReq.m_axi.i32P1A, i32 %gmem1_0_addr, i64 1" [kernel.cpp:19]   --->   Operation 389 'readreq' 'gmem1_0_load_req' <Predicate = true> <Delay = 7.30> <CoreInst = "m_axi">   --->   Core 111 'm_axi' <Latency = 6> <II = 1> <Delay = 1.00> <Adapter> <Opcode : 'read' 'write' 'readreq' 'writereq' 'writeresp'>
ST_25 : Operation 390 [48/71] (7.30ns)   --->   "%gmem0_1_load_req = readreq i1 @_ssdm_op_ReadReq.m_axi.i32P1A, i32 %gmem0_1_addr, i64 1" [kernel.cpp:19]   --->   Operation 390 'readreq' 'gmem0_1_load_req' <Predicate = true> <Delay = 7.30> <CoreInst = "m_axi">   --->   Core 111 'm_axi' <Latency = 6> <II = 1> <Delay = 1.00> <Adapter> <Opcode : 'read' 'write' 'readreq' 'writereq' 'writeresp'>
ST_25 : Operation 391 [48/71] (7.30ns)   --->   "%gmem0_2_load_req = readreq i1 @_ssdm_op_ReadReq.m_axi.i32P1A, i32 %gmem0_2_addr, i64 1" [kernel.cpp:19]   --->   Operation 391 'readreq' 'gmem0_2_load_req' <Predicate = true> <Delay = 7.30> <CoreInst = "m_axi">   --->   Core 111 'm_axi' <Latency = 6> <II = 1> <Delay = 1.00> <Adapter> <Opcode : 'read' 'write' 'readreq' 'writereq' 'writeresp'>
ST_25 : Operation 392 [48/71] (7.30ns)   --->   "%gmem0_3_load_req = readreq i1 @_ssdm_op_ReadReq.m_axi.i32P1A, i32 %gmem0_3_addr, i64 1" [kernel.cpp:19]   --->   Operation 392 'readreq' 'gmem0_3_load_req' <Predicate = true> <Delay = 7.30> <CoreInst = "m_axi">   --->   Core 111 'm_axi' <Latency = 6> <II = 1> <Delay = 1.00> <Adapter> <Opcode : 'read' 'write' 'readreq' 'writereq' 'writeresp'>
ST_25 : Operation 393 [48/71] (7.30ns)   --->   "%gmem1_1_load_req = readreq i1 @_ssdm_op_ReadReq.m_axi.i32P1A, i32 %gmem1_1_addr, i64 1" [kernel.cpp:19]   --->   Operation 393 'readreq' 'gmem1_1_load_req' <Predicate = true> <Delay = 7.30> <CoreInst = "m_axi">   --->   Core 111 'm_axi' <Latency = 6> <II = 1> <Delay = 1.00> <Adapter> <Opcode : 'read' 'write' 'readreq' 'writereq' 'writeresp'>
ST_25 : Operation 394 [48/71] (7.30ns)   --->   "%gmem1_2_load_req = readreq i1 @_ssdm_op_ReadReq.m_axi.i32P1A, i32 %gmem1_2_addr, i64 1" [kernel.cpp:19]   --->   Operation 394 'readreq' 'gmem1_2_load_req' <Predicate = true> <Delay = 7.30> <CoreInst = "m_axi">   --->   Core 111 'm_axi' <Latency = 6> <II = 1> <Delay = 1.00> <Adapter> <Opcode : 'read' 'write' 'readreq' 'writereq' 'writeresp'>
ST_25 : Operation 395 [48/71] (7.30ns)   --->   "%gmem1_3_load_req = readreq i1 @_ssdm_op_ReadReq.m_axi.i32P1A, i32 %gmem1_3_addr, i64 1" [kernel.cpp:19]   --->   Operation 395 'readreq' 'gmem1_3_load_req' <Predicate = true> <Delay = 7.30> <CoreInst = "m_axi">   --->   Core 111 'm_axi' <Latency = 6> <II = 1> <Delay = 1.00> <Adapter> <Opcode : 'read' 'write' 'readreq' 'writereq' 'writeresp'>

State 26 <SV = 25> <Delay = 7.30>
ST_26 : Operation 396 [47/71] (7.30ns)   --->   "%gmem0_0_load_req = readreq i1 @_ssdm_op_ReadReq.m_axi.i32P1A, i32 %gmem0_0_addr, i64 1" [kernel.cpp:19]   --->   Operation 396 'readreq' 'gmem0_0_load_req' <Predicate = true> <Delay = 7.30> <CoreInst = "m_axi">   --->   Core 111 'm_axi' <Latency = 6> <II = 1> <Delay = 1.00> <Adapter> <Opcode : 'read' 'write' 'readreq' 'writereq' 'writeresp'>
ST_26 : Operation 397 [47/71] (7.30ns)   --->   "%gmem1_0_load_req = readreq i1 @_ssdm_op_ReadReq.m_axi.i32P1A, i32 %gmem1_0_addr, i64 1" [kernel.cpp:19]   --->   Operation 397 'readreq' 'gmem1_0_load_req' <Predicate = true> <Delay = 7.30> <CoreInst = "m_axi">   --->   Core 111 'm_axi' <Latency = 6> <II = 1> <Delay = 1.00> <Adapter> <Opcode : 'read' 'write' 'readreq' 'writereq' 'writeresp'>
ST_26 : Operation 398 [47/71] (7.30ns)   --->   "%gmem0_1_load_req = readreq i1 @_ssdm_op_ReadReq.m_axi.i32P1A, i32 %gmem0_1_addr, i64 1" [kernel.cpp:19]   --->   Operation 398 'readreq' 'gmem0_1_load_req' <Predicate = true> <Delay = 7.30> <CoreInst = "m_axi">   --->   Core 111 'm_axi' <Latency = 6> <II = 1> <Delay = 1.00> <Adapter> <Opcode : 'read' 'write' 'readreq' 'writereq' 'writeresp'>
ST_26 : Operation 399 [47/71] (7.30ns)   --->   "%gmem0_2_load_req = readreq i1 @_ssdm_op_ReadReq.m_axi.i32P1A, i32 %gmem0_2_addr, i64 1" [kernel.cpp:19]   --->   Operation 399 'readreq' 'gmem0_2_load_req' <Predicate = true> <Delay = 7.30> <CoreInst = "m_axi">   --->   Core 111 'm_axi' <Latency = 6> <II = 1> <Delay = 1.00> <Adapter> <Opcode : 'read' 'write' 'readreq' 'writereq' 'writeresp'>
ST_26 : Operation 400 [47/71] (7.30ns)   --->   "%gmem0_3_load_req = readreq i1 @_ssdm_op_ReadReq.m_axi.i32P1A, i32 %gmem0_3_addr, i64 1" [kernel.cpp:19]   --->   Operation 400 'readreq' 'gmem0_3_load_req' <Predicate = true> <Delay = 7.30> <CoreInst = "m_axi">   --->   Core 111 'm_axi' <Latency = 6> <II = 1> <Delay = 1.00> <Adapter> <Opcode : 'read' 'write' 'readreq' 'writereq' 'writeresp'>
ST_26 : Operation 401 [47/71] (7.30ns)   --->   "%gmem1_1_load_req = readreq i1 @_ssdm_op_ReadReq.m_axi.i32P1A, i32 %gmem1_1_addr, i64 1" [kernel.cpp:19]   --->   Operation 401 'readreq' 'gmem1_1_load_req' <Predicate = true> <Delay = 7.30> <CoreInst = "m_axi">   --->   Core 111 'm_axi' <Latency = 6> <II = 1> <Delay = 1.00> <Adapter> <Opcode : 'read' 'write' 'readreq' 'writereq' 'writeresp'>
ST_26 : Operation 402 [47/71] (7.30ns)   --->   "%gmem1_2_load_req = readreq i1 @_ssdm_op_ReadReq.m_axi.i32P1A, i32 %gmem1_2_addr, i64 1" [kernel.cpp:19]   --->   Operation 402 'readreq' 'gmem1_2_load_req' <Predicate = true> <Delay = 7.30> <CoreInst = "m_axi">   --->   Core 111 'm_axi' <Latency = 6> <II = 1> <Delay = 1.00> <Adapter> <Opcode : 'read' 'write' 'readreq' 'writereq' 'writeresp'>
ST_26 : Operation 403 [47/71] (7.30ns)   --->   "%gmem1_3_load_req = readreq i1 @_ssdm_op_ReadReq.m_axi.i32P1A, i32 %gmem1_3_addr, i64 1" [kernel.cpp:19]   --->   Operation 403 'readreq' 'gmem1_3_load_req' <Predicate = true> <Delay = 7.30> <CoreInst = "m_axi">   --->   Core 111 'm_axi' <Latency = 6> <II = 1> <Delay = 1.00> <Adapter> <Opcode : 'read' 'write' 'readreq' 'writereq' 'writeresp'>

State 27 <SV = 26> <Delay = 7.30>
ST_27 : Operation 404 [46/71] (7.30ns)   --->   "%gmem0_0_load_req = readreq i1 @_ssdm_op_ReadReq.m_axi.i32P1A, i32 %gmem0_0_addr, i64 1" [kernel.cpp:19]   --->   Operation 404 'readreq' 'gmem0_0_load_req' <Predicate = true> <Delay = 7.30> <CoreInst = "m_axi">   --->   Core 111 'm_axi' <Latency = 6> <II = 1> <Delay = 1.00> <Adapter> <Opcode : 'read' 'write' 'readreq' 'writereq' 'writeresp'>
ST_27 : Operation 405 [46/71] (7.30ns)   --->   "%gmem1_0_load_req = readreq i1 @_ssdm_op_ReadReq.m_axi.i32P1A, i32 %gmem1_0_addr, i64 1" [kernel.cpp:19]   --->   Operation 405 'readreq' 'gmem1_0_load_req' <Predicate = true> <Delay = 7.30> <CoreInst = "m_axi">   --->   Core 111 'm_axi' <Latency = 6> <II = 1> <Delay = 1.00> <Adapter> <Opcode : 'read' 'write' 'readreq' 'writereq' 'writeresp'>
ST_27 : Operation 406 [46/71] (7.30ns)   --->   "%gmem0_1_load_req = readreq i1 @_ssdm_op_ReadReq.m_axi.i32P1A, i32 %gmem0_1_addr, i64 1" [kernel.cpp:19]   --->   Operation 406 'readreq' 'gmem0_1_load_req' <Predicate = true> <Delay = 7.30> <CoreInst = "m_axi">   --->   Core 111 'm_axi' <Latency = 6> <II = 1> <Delay = 1.00> <Adapter> <Opcode : 'read' 'write' 'readreq' 'writereq' 'writeresp'>
ST_27 : Operation 407 [46/71] (7.30ns)   --->   "%gmem0_2_load_req = readreq i1 @_ssdm_op_ReadReq.m_axi.i32P1A, i32 %gmem0_2_addr, i64 1" [kernel.cpp:19]   --->   Operation 407 'readreq' 'gmem0_2_load_req' <Predicate = true> <Delay = 7.30> <CoreInst = "m_axi">   --->   Core 111 'm_axi' <Latency = 6> <II = 1> <Delay = 1.00> <Adapter> <Opcode : 'read' 'write' 'readreq' 'writereq' 'writeresp'>
ST_27 : Operation 408 [46/71] (7.30ns)   --->   "%gmem0_3_load_req = readreq i1 @_ssdm_op_ReadReq.m_axi.i32P1A, i32 %gmem0_3_addr, i64 1" [kernel.cpp:19]   --->   Operation 408 'readreq' 'gmem0_3_load_req' <Predicate = true> <Delay = 7.30> <CoreInst = "m_axi">   --->   Core 111 'm_axi' <Latency = 6> <II = 1> <Delay = 1.00> <Adapter> <Opcode : 'read' 'write' 'readreq' 'writereq' 'writeresp'>
ST_27 : Operation 409 [46/71] (7.30ns)   --->   "%gmem1_1_load_req = readreq i1 @_ssdm_op_ReadReq.m_axi.i32P1A, i32 %gmem1_1_addr, i64 1" [kernel.cpp:19]   --->   Operation 409 'readreq' 'gmem1_1_load_req' <Predicate = true> <Delay = 7.30> <CoreInst = "m_axi">   --->   Core 111 'm_axi' <Latency = 6> <II = 1> <Delay = 1.00> <Adapter> <Opcode : 'read' 'write' 'readreq' 'writereq' 'writeresp'>
ST_27 : Operation 410 [46/71] (7.30ns)   --->   "%gmem1_2_load_req = readreq i1 @_ssdm_op_ReadReq.m_axi.i32P1A, i32 %gmem1_2_addr, i64 1" [kernel.cpp:19]   --->   Operation 410 'readreq' 'gmem1_2_load_req' <Predicate = true> <Delay = 7.30> <CoreInst = "m_axi">   --->   Core 111 'm_axi' <Latency = 6> <II = 1> <Delay = 1.00> <Adapter> <Opcode : 'read' 'write' 'readreq' 'writereq' 'writeresp'>
ST_27 : Operation 411 [46/71] (7.30ns)   --->   "%gmem1_3_load_req = readreq i1 @_ssdm_op_ReadReq.m_axi.i32P1A, i32 %gmem1_3_addr, i64 1" [kernel.cpp:19]   --->   Operation 411 'readreq' 'gmem1_3_load_req' <Predicate = true> <Delay = 7.30> <CoreInst = "m_axi">   --->   Core 111 'm_axi' <Latency = 6> <II = 1> <Delay = 1.00> <Adapter> <Opcode : 'read' 'write' 'readreq' 'writereq' 'writeresp'>

State 28 <SV = 27> <Delay = 7.30>
ST_28 : Operation 412 [45/71] (7.30ns)   --->   "%gmem0_0_load_req = readreq i1 @_ssdm_op_ReadReq.m_axi.i32P1A, i32 %gmem0_0_addr, i64 1" [kernel.cpp:19]   --->   Operation 412 'readreq' 'gmem0_0_load_req' <Predicate = true> <Delay = 7.30> <CoreInst = "m_axi">   --->   Core 111 'm_axi' <Latency = 6> <II = 1> <Delay = 1.00> <Adapter> <Opcode : 'read' 'write' 'readreq' 'writereq' 'writeresp'>
ST_28 : Operation 413 [45/71] (7.30ns)   --->   "%gmem1_0_load_req = readreq i1 @_ssdm_op_ReadReq.m_axi.i32P1A, i32 %gmem1_0_addr, i64 1" [kernel.cpp:19]   --->   Operation 413 'readreq' 'gmem1_0_load_req' <Predicate = true> <Delay = 7.30> <CoreInst = "m_axi">   --->   Core 111 'm_axi' <Latency = 6> <II = 1> <Delay = 1.00> <Adapter> <Opcode : 'read' 'write' 'readreq' 'writereq' 'writeresp'>
ST_28 : Operation 414 [45/71] (7.30ns)   --->   "%gmem0_1_load_req = readreq i1 @_ssdm_op_ReadReq.m_axi.i32P1A, i32 %gmem0_1_addr, i64 1" [kernel.cpp:19]   --->   Operation 414 'readreq' 'gmem0_1_load_req' <Predicate = true> <Delay = 7.30> <CoreInst = "m_axi">   --->   Core 111 'm_axi' <Latency = 6> <II = 1> <Delay = 1.00> <Adapter> <Opcode : 'read' 'write' 'readreq' 'writereq' 'writeresp'>
ST_28 : Operation 415 [45/71] (7.30ns)   --->   "%gmem0_2_load_req = readreq i1 @_ssdm_op_ReadReq.m_axi.i32P1A, i32 %gmem0_2_addr, i64 1" [kernel.cpp:19]   --->   Operation 415 'readreq' 'gmem0_2_load_req' <Predicate = true> <Delay = 7.30> <CoreInst = "m_axi">   --->   Core 111 'm_axi' <Latency = 6> <II = 1> <Delay = 1.00> <Adapter> <Opcode : 'read' 'write' 'readreq' 'writereq' 'writeresp'>
ST_28 : Operation 416 [45/71] (7.30ns)   --->   "%gmem0_3_load_req = readreq i1 @_ssdm_op_ReadReq.m_axi.i32P1A, i32 %gmem0_3_addr, i64 1" [kernel.cpp:19]   --->   Operation 416 'readreq' 'gmem0_3_load_req' <Predicate = true> <Delay = 7.30> <CoreInst = "m_axi">   --->   Core 111 'm_axi' <Latency = 6> <II = 1> <Delay = 1.00> <Adapter> <Opcode : 'read' 'write' 'readreq' 'writereq' 'writeresp'>
ST_28 : Operation 417 [45/71] (7.30ns)   --->   "%gmem1_1_load_req = readreq i1 @_ssdm_op_ReadReq.m_axi.i32P1A, i32 %gmem1_1_addr, i64 1" [kernel.cpp:19]   --->   Operation 417 'readreq' 'gmem1_1_load_req' <Predicate = true> <Delay = 7.30> <CoreInst = "m_axi">   --->   Core 111 'm_axi' <Latency = 6> <II = 1> <Delay = 1.00> <Adapter> <Opcode : 'read' 'write' 'readreq' 'writereq' 'writeresp'>
ST_28 : Operation 418 [45/71] (7.30ns)   --->   "%gmem1_2_load_req = readreq i1 @_ssdm_op_ReadReq.m_axi.i32P1A, i32 %gmem1_2_addr, i64 1" [kernel.cpp:19]   --->   Operation 418 'readreq' 'gmem1_2_load_req' <Predicate = true> <Delay = 7.30> <CoreInst = "m_axi">   --->   Core 111 'm_axi' <Latency = 6> <II = 1> <Delay = 1.00> <Adapter> <Opcode : 'read' 'write' 'readreq' 'writereq' 'writeresp'>
ST_28 : Operation 419 [45/71] (7.30ns)   --->   "%gmem1_3_load_req = readreq i1 @_ssdm_op_ReadReq.m_axi.i32P1A, i32 %gmem1_3_addr, i64 1" [kernel.cpp:19]   --->   Operation 419 'readreq' 'gmem1_3_load_req' <Predicate = true> <Delay = 7.30> <CoreInst = "m_axi">   --->   Core 111 'm_axi' <Latency = 6> <II = 1> <Delay = 1.00> <Adapter> <Opcode : 'read' 'write' 'readreq' 'writereq' 'writeresp'>

State 29 <SV = 28> <Delay = 7.30>
ST_29 : Operation 420 [44/71] (7.30ns)   --->   "%gmem0_0_load_req = readreq i1 @_ssdm_op_ReadReq.m_axi.i32P1A, i32 %gmem0_0_addr, i64 1" [kernel.cpp:19]   --->   Operation 420 'readreq' 'gmem0_0_load_req' <Predicate = true> <Delay = 7.30> <CoreInst = "m_axi">   --->   Core 111 'm_axi' <Latency = 6> <II = 1> <Delay = 1.00> <Adapter> <Opcode : 'read' 'write' 'readreq' 'writereq' 'writeresp'>
ST_29 : Operation 421 [44/71] (7.30ns)   --->   "%gmem1_0_load_req = readreq i1 @_ssdm_op_ReadReq.m_axi.i32P1A, i32 %gmem1_0_addr, i64 1" [kernel.cpp:19]   --->   Operation 421 'readreq' 'gmem1_0_load_req' <Predicate = true> <Delay = 7.30> <CoreInst = "m_axi">   --->   Core 111 'm_axi' <Latency = 6> <II = 1> <Delay = 1.00> <Adapter> <Opcode : 'read' 'write' 'readreq' 'writereq' 'writeresp'>
ST_29 : Operation 422 [44/71] (7.30ns)   --->   "%gmem0_1_load_req = readreq i1 @_ssdm_op_ReadReq.m_axi.i32P1A, i32 %gmem0_1_addr, i64 1" [kernel.cpp:19]   --->   Operation 422 'readreq' 'gmem0_1_load_req' <Predicate = true> <Delay = 7.30> <CoreInst = "m_axi">   --->   Core 111 'm_axi' <Latency = 6> <II = 1> <Delay = 1.00> <Adapter> <Opcode : 'read' 'write' 'readreq' 'writereq' 'writeresp'>
ST_29 : Operation 423 [44/71] (7.30ns)   --->   "%gmem0_2_load_req = readreq i1 @_ssdm_op_ReadReq.m_axi.i32P1A, i32 %gmem0_2_addr, i64 1" [kernel.cpp:19]   --->   Operation 423 'readreq' 'gmem0_2_load_req' <Predicate = true> <Delay = 7.30> <CoreInst = "m_axi">   --->   Core 111 'm_axi' <Latency = 6> <II = 1> <Delay = 1.00> <Adapter> <Opcode : 'read' 'write' 'readreq' 'writereq' 'writeresp'>
ST_29 : Operation 424 [44/71] (7.30ns)   --->   "%gmem0_3_load_req = readreq i1 @_ssdm_op_ReadReq.m_axi.i32P1A, i32 %gmem0_3_addr, i64 1" [kernel.cpp:19]   --->   Operation 424 'readreq' 'gmem0_3_load_req' <Predicate = true> <Delay = 7.30> <CoreInst = "m_axi">   --->   Core 111 'm_axi' <Latency = 6> <II = 1> <Delay = 1.00> <Adapter> <Opcode : 'read' 'write' 'readreq' 'writereq' 'writeresp'>
ST_29 : Operation 425 [44/71] (7.30ns)   --->   "%gmem1_1_load_req = readreq i1 @_ssdm_op_ReadReq.m_axi.i32P1A, i32 %gmem1_1_addr, i64 1" [kernel.cpp:19]   --->   Operation 425 'readreq' 'gmem1_1_load_req' <Predicate = true> <Delay = 7.30> <CoreInst = "m_axi">   --->   Core 111 'm_axi' <Latency = 6> <II = 1> <Delay = 1.00> <Adapter> <Opcode : 'read' 'write' 'readreq' 'writereq' 'writeresp'>
ST_29 : Operation 426 [44/71] (7.30ns)   --->   "%gmem1_2_load_req = readreq i1 @_ssdm_op_ReadReq.m_axi.i32P1A, i32 %gmem1_2_addr, i64 1" [kernel.cpp:19]   --->   Operation 426 'readreq' 'gmem1_2_load_req' <Predicate = true> <Delay = 7.30> <CoreInst = "m_axi">   --->   Core 111 'm_axi' <Latency = 6> <II = 1> <Delay = 1.00> <Adapter> <Opcode : 'read' 'write' 'readreq' 'writereq' 'writeresp'>
ST_29 : Operation 427 [44/71] (7.30ns)   --->   "%gmem1_3_load_req = readreq i1 @_ssdm_op_ReadReq.m_axi.i32P1A, i32 %gmem1_3_addr, i64 1" [kernel.cpp:19]   --->   Operation 427 'readreq' 'gmem1_3_load_req' <Predicate = true> <Delay = 7.30> <CoreInst = "m_axi">   --->   Core 111 'm_axi' <Latency = 6> <II = 1> <Delay = 1.00> <Adapter> <Opcode : 'read' 'write' 'readreq' 'writereq' 'writeresp'>

State 30 <SV = 29> <Delay = 7.30>
ST_30 : Operation 428 [43/71] (7.30ns)   --->   "%gmem0_0_load_req = readreq i1 @_ssdm_op_ReadReq.m_axi.i32P1A, i32 %gmem0_0_addr, i64 1" [kernel.cpp:19]   --->   Operation 428 'readreq' 'gmem0_0_load_req' <Predicate = true> <Delay = 7.30> <CoreInst = "m_axi">   --->   Core 111 'm_axi' <Latency = 6> <II = 1> <Delay = 1.00> <Adapter> <Opcode : 'read' 'write' 'readreq' 'writereq' 'writeresp'>
ST_30 : Operation 429 [43/71] (7.30ns)   --->   "%gmem1_0_load_req = readreq i1 @_ssdm_op_ReadReq.m_axi.i32P1A, i32 %gmem1_0_addr, i64 1" [kernel.cpp:19]   --->   Operation 429 'readreq' 'gmem1_0_load_req' <Predicate = true> <Delay = 7.30> <CoreInst = "m_axi">   --->   Core 111 'm_axi' <Latency = 6> <II = 1> <Delay = 1.00> <Adapter> <Opcode : 'read' 'write' 'readreq' 'writereq' 'writeresp'>
ST_30 : Operation 430 [43/71] (7.30ns)   --->   "%gmem0_1_load_req = readreq i1 @_ssdm_op_ReadReq.m_axi.i32P1A, i32 %gmem0_1_addr, i64 1" [kernel.cpp:19]   --->   Operation 430 'readreq' 'gmem0_1_load_req' <Predicate = true> <Delay = 7.30> <CoreInst = "m_axi">   --->   Core 111 'm_axi' <Latency = 6> <II = 1> <Delay = 1.00> <Adapter> <Opcode : 'read' 'write' 'readreq' 'writereq' 'writeresp'>
ST_30 : Operation 431 [43/71] (7.30ns)   --->   "%gmem0_2_load_req = readreq i1 @_ssdm_op_ReadReq.m_axi.i32P1A, i32 %gmem0_2_addr, i64 1" [kernel.cpp:19]   --->   Operation 431 'readreq' 'gmem0_2_load_req' <Predicate = true> <Delay = 7.30> <CoreInst = "m_axi">   --->   Core 111 'm_axi' <Latency = 6> <II = 1> <Delay = 1.00> <Adapter> <Opcode : 'read' 'write' 'readreq' 'writereq' 'writeresp'>
ST_30 : Operation 432 [43/71] (7.30ns)   --->   "%gmem0_3_load_req = readreq i1 @_ssdm_op_ReadReq.m_axi.i32P1A, i32 %gmem0_3_addr, i64 1" [kernel.cpp:19]   --->   Operation 432 'readreq' 'gmem0_3_load_req' <Predicate = true> <Delay = 7.30> <CoreInst = "m_axi">   --->   Core 111 'm_axi' <Latency = 6> <II = 1> <Delay = 1.00> <Adapter> <Opcode : 'read' 'write' 'readreq' 'writereq' 'writeresp'>
ST_30 : Operation 433 [43/71] (7.30ns)   --->   "%gmem1_1_load_req = readreq i1 @_ssdm_op_ReadReq.m_axi.i32P1A, i32 %gmem1_1_addr, i64 1" [kernel.cpp:19]   --->   Operation 433 'readreq' 'gmem1_1_load_req' <Predicate = true> <Delay = 7.30> <CoreInst = "m_axi">   --->   Core 111 'm_axi' <Latency = 6> <II = 1> <Delay = 1.00> <Adapter> <Opcode : 'read' 'write' 'readreq' 'writereq' 'writeresp'>
ST_30 : Operation 434 [43/71] (7.30ns)   --->   "%gmem1_2_load_req = readreq i1 @_ssdm_op_ReadReq.m_axi.i32P1A, i32 %gmem1_2_addr, i64 1" [kernel.cpp:19]   --->   Operation 434 'readreq' 'gmem1_2_load_req' <Predicate = true> <Delay = 7.30> <CoreInst = "m_axi">   --->   Core 111 'm_axi' <Latency = 6> <II = 1> <Delay = 1.00> <Adapter> <Opcode : 'read' 'write' 'readreq' 'writereq' 'writeresp'>
ST_30 : Operation 435 [43/71] (7.30ns)   --->   "%gmem1_3_load_req = readreq i1 @_ssdm_op_ReadReq.m_axi.i32P1A, i32 %gmem1_3_addr, i64 1" [kernel.cpp:19]   --->   Operation 435 'readreq' 'gmem1_3_load_req' <Predicate = true> <Delay = 7.30> <CoreInst = "m_axi">   --->   Core 111 'm_axi' <Latency = 6> <II = 1> <Delay = 1.00> <Adapter> <Opcode : 'read' 'write' 'readreq' 'writereq' 'writeresp'>

State 31 <SV = 30> <Delay = 7.30>
ST_31 : Operation 436 [42/71] (7.30ns)   --->   "%gmem0_0_load_req = readreq i1 @_ssdm_op_ReadReq.m_axi.i32P1A, i32 %gmem0_0_addr, i64 1" [kernel.cpp:19]   --->   Operation 436 'readreq' 'gmem0_0_load_req' <Predicate = true> <Delay = 7.30> <CoreInst = "m_axi">   --->   Core 111 'm_axi' <Latency = 6> <II = 1> <Delay = 1.00> <Adapter> <Opcode : 'read' 'write' 'readreq' 'writereq' 'writeresp'>
ST_31 : Operation 437 [42/71] (7.30ns)   --->   "%gmem1_0_load_req = readreq i1 @_ssdm_op_ReadReq.m_axi.i32P1A, i32 %gmem1_0_addr, i64 1" [kernel.cpp:19]   --->   Operation 437 'readreq' 'gmem1_0_load_req' <Predicate = true> <Delay = 7.30> <CoreInst = "m_axi">   --->   Core 111 'm_axi' <Latency = 6> <II = 1> <Delay = 1.00> <Adapter> <Opcode : 'read' 'write' 'readreq' 'writereq' 'writeresp'>
ST_31 : Operation 438 [42/71] (7.30ns)   --->   "%gmem0_1_load_req = readreq i1 @_ssdm_op_ReadReq.m_axi.i32P1A, i32 %gmem0_1_addr, i64 1" [kernel.cpp:19]   --->   Operation 438 'readreq' 'gmem0_1_load_req' <Predicate = true> <Delay = 7.30> <CoreInst = "m_axi">   --->   Core 111 'm_axi' <Latency = 6> <II = 1> <Delay = 1.00> <Adapter> <Opcode : 'read' 'write' 'readreq' 'writereq' 'writeresp'>
ST_31 : Operation 439 [42/71] (7.30ns)   --->   "%gmem0_2_load_req = readreq i1 @_ssdm_op_ReadReq.m_axi.i32P1A, i32 %gmem0_2_addr, i64 1" [kernel.cpp:19]   --->   Operation 439 'readreq' 'gmem0_2_load_req' <Predicate = true> <Delay = 7.30> <CoreInst = "m_axi">   --->   Core 111 'm_axi' <Latency = 6> <II = 1> <Delay = 1.00> <Adapter> <Opcode : 'read' 'write' 'readreq' 'writereq' 'writeresp'>
ST_31 : Operation 440 [42/71] (7.30ns)   --->   "%gmem0_3_load_req = readreq i1 @_ssdm_op_ReadReq.m_axi.i32P1A, i32 %gmem0_3_addr, i64 1" [kernel.cpp:19]   --->   Operation 440 'readreq' 'gmem0_3_load_req' <Predicate = true> <Delay = 7.30> <CoreInst = "m_axi">   --->   Core 111 'm_axi' <Latency = 6> <II = 1> <Delay = 1.00> <Adapter> <Opcode : 'read' 'write' 'readreq' 'writereq' 'writeresp'>
ST_31 : Operation 441 [42/71] (7.30ns)   --->   "%gmem1_1_load_req = readreq i1 @_ssdm_op_ReadReq.m_axi.i32P1A, i32 %gmem1_1_addr, i64 1" [kernel.cpp:19]   --->   Operation 441 'readreq' 'gmem1_1_load_req' <Predicate = true> <Delay = 7.30> <CoreInst = "m_axi">   --->   Core 111 'm_axi' <Latency = 6> <II = 1> <Delay = 1.00> <Adapter> <Opcode : 'read' 'write' 'readreq' 'writereq' 'writeresp'>
ST_31 : Operation 442 [42/71] (7.30ns)   --->   "%gmem1_2_load_req = readreq i1 @_ssdm_op_ReadReq.m_axi.i32P1A, i32 %gmem1_2_addr, i64 1" [kernel.cpp:19]   --->   Operation 442 'readreq' 'gmem1_2_load_req' <Predicate = true> <Delay = 7.30> <CoreInst = "m_axi">   --->   Core 111 'm_axi' <Latency = 6> <II = 1> <Delay = 1.00> <Adapter> <Opcode : 'read' 'write' 'readreq' 'writereq' 'writeresp'>
ST_31 : Operation 443 [42/71] (7.30ns)   --->   "%gmem1_3_load_req = readreq i1 @_ssdm_op_ReadReq.m_axi.i32P1A, i32 %gmem1_3_addr, i64 1" [kernel.cpp:19]   --->   Operation 443 'readreq' 'gmem1_3_load_req' <Predicate = true> <Delay = 7.30> <CoreInst = "m_axi">   --->   Core 111 'm_axi' <Latency = 6> <II = 1> <Delay = 1.00> <Adapter> <Opcode : 'read' 'write' 'readreq' 'writereq' 'writeresp'>

State 32 <SV = 31> <Delay = 7.30>
ST_32 : Operation 444 [41/71] (7.30ns)   --->   "%gmem0_0_load_req = readreq i1 @_ssdm_op_ReadReq.m_axi.i32P1A, i32 %gmem0_0_addr, i64 1" [kernel.cpp:19]   --->   Operation 444 'readreq' 'gmem0_0_load_req' <Predicate = true> <Delay = 7.30> <CoreInst = "m_axi">   --->   Core 111 'm_axi' <Latency = 6> <II = 1> <Delay = 1.00> <Adapter> <Opcode : 'read' 'write' 'readreq' 'writereq' 'writeresp'>
ST_32 : Operation 445 [41/71] (7.30ns)   --->   "%gmem1_0_load_req = readreq i1 @_ssdm_op_ReadReq.m_axi.i32P1A, i32 %gmem1_0_addr, i64 1" [kernel.cpp:19]   --->   Operation 445 'readreq' 'gmem1_0_load_req' <Predicate = true> <Delay = 7.30> <CoreInst = "m_axi">   --->   Core 111 'm_axi' <Latency = 6> <II = 1> <Delay = 1.00> <Adapter> <Opcode : 'read' 'write' 'readreq' 'writereq' 'writeresp'>
ST_32 : Operation 446 [41/71] (7.30ns)   --->   "%gmem0_1_load_req = readreq i1 @_ssdm_op_ReadReq.m_axi.i32P1A, i32 %gmem0_1_addr, i64 1" [kernel.cpp:19]   --->   Operation 446 'readreq' 'gmem0_1_load_req' <Predicate = true> <Delay = 7.30> <CoreInst = "m_axi">   --->   Core 111 'm_axi' <Latency = 6> <II = 1> <Delay = 1.00> <Adapter> <Opcode : 'read' 'write' 'readreq' 'writereq' 'writeresp'>
ST_32 : Operation 447 [41/71] (7.30ns)   --->   "%gmem0_2_load_req = readreq i1 @_ssdm_op_ReadReq.m_axi.i32P1A, i32 %gmem0_2_addr, i64 1" [kernel.cpp:19]   --->   Operation 447 'readreq' 'gmem0_2_load_req' <Predicate = true> <Delay = 7.30> <CoreInst = "m_axi">   --->   Core 111 'm_axi' <Latency = 6> <II = 1> <Delay = 1.00> <Adapter> <Opcode : 'read' 'write' 'readreq' 'writereq' 'writeresp'>
ST_32 : Operation 448 [41/71] (7.30ns)   --->   "%gmem0_3_load_req = readreq i1 @_ssdm_op_ReadReq.m_axi.i32P1A, i32 %gmem0_3_addr, i64 1" [kernel.cpp:19]   --->   Operation 448 'readreq' 'gmem0_3_load_req' <Predicate = true> <Delay = 7.30> <CoreInst = "m_axi">   --->   Core 111 'm_axi' <Latency = 6> <II = 1> <Delay = 1.00> <Adapter> <Opcode : 'read' 'write' 'readreq' 'writereq' 'writeresp'>
ST_32 : Operation 449 [41/71] (7.30ns)   --->   "%gmem1_1_load_req = readreq i1 @_ssdm_op_ReadReq.m_axi.i32P1A, i32 %gmem1_1_addr, i64 1" [kernel.cpp:19]   --->   Operation 449 'readreq' 'gmem1_1_load_req' <Predicate = true> <Delay = 7.30> <CoreInst = "m_axi">   --->   Core 111 'm_axi' <Latency = 6> <II = 1> <Delay = 1.00> <Adapter> <Opcode : 'read' 'write' 'readreq' 'writereq' 'writeresp'>
ST_32 : Operation 450 [41/71] (7.30ns)   --->   "%gmem1_2_load_req = readreq i1 @_ssdm_op_ReadReq.m_axi.i32P1A, i32 %gmem1_2_addr, i64 1" [kernel.cpp:19]   --->   Operation 450 'readreq' 'gmem1_2_load_req' <Predicate = true> <Delay = 7.30> <CoreInst = "m_axi">   --->   Core 111 'm_axi' <Latency = 6> <II = 1> <Delay = 1.00> <Adapter> <Opcode : 'read' 'write' 'readreq' 'writereq' 'writeresp'>
ST_32 : Operation 451 [41/71] (7.30ns)   --->   "%gmem1_3_load_req = readreq i1 @_ssdm_op_ReadReq.m_axi.i32P1A, i32 %gmem1_3_addr, i64 1" [kernel.cpp:19]   --->   Operation 451 'readreq' 'gmem1_3_load_req' <Predicate = true> <Delay = 7.30> <CoreInst = "m_axi">   --->   Core 111 'm_axi' <Latency = 6> <II = 1> <Delay = 1.00> <Adapter> <Opcode : 'read' 'write' 'readreq' 'writereq' 'writeresp'>

State 33 <SV = 32> <Delay = 7.30>
ST_33 : Operation 452 [40/71] (7.30ns)   --->   "%gmem0_0_load_req = readreq i1 @_ssdm_op_ReadReq.m_axi.i32P1A, i32 %gmem0_0_addr, i64 1" [kernel.cpp:19]   --->   Operation 452 'readreq' 'gmem0_0_load_req' <Predicate = true> <Delay = 7.30> <CoreInst = "m_axi">   --->   Core 111 'm_axi' <Latency = 6> <II = 1> <Delay = 1.00> <Adapter> <Opcode : 'read' 'write' 'readreq' 'writereq' 'writeresp'>
ST_33 : Operation 453 [40/71] (7.30ns)   --->   "%gmem1_0_load_req = readreq i1 @_ssdm_op_ReadReq.m_axi.i32P1A, i32 %gmem1_0_addr, i64 1" [kernel.cpp:19]   --->   Operation 453 'readreq' 'gmem1_0_load_req' <Predicate = true> <Delay = 7.30> <CoreInst = "m_axi">   --->   Core 111 'm_axi' <Latency = 6> <II = 1> <Delay = 1.00> <Adapter> <Opcode : 'read' 'write' 'readreq' 'writereq' 'writeresp'>
ST_33 : Operation 454 [40/71] (7.30ns)   --->   "%gmem0_1_load_req = readreq i1 @_ssdm_op_ReadReq.m_axi.i32P1A, i32 %gmem0_1_addr, i64 1" [kernel.cpp:19]   --->   Operation 454 'readreq' 'gmem0_1_load_req' <Predicate = true> <Delay = 7.30> <CoreInst = "m_axi">   --->   Core 111 'm_axi' <Latency = 6> <II = 1> <Delay = 1.00> <Adapter> <Opcode : 'read' 'write' 'readreq' 'writereq' 'writeresp'>
ST_33 : Operation 455 [40/71] (7.30ns)   --->   "%gmem0_2_load_req = readreq i1 @_ssdm_op_ReadReq.m_axi.i32P1A, i32 %gmem0_2_addr, i64 1" [kernel.cpp:19]   --->   Operation 455 'readreq' 'gmem0_2_load_req' <Predicate = true> <Delay = 7.30> <CoreInst = "m_axi">   --->   Core 111 'm_axi' <Latency = 6> <II = 1> <Delay = 1.00> <Adapter> <Opcode : 'read' 'write' 'readreq' 'writereq' 'writeresp'>
ST_33 : Operation 456 [40/71] (7.30ns)   --->   "%gmem0_3_load_req = readreq i1 @_ssdm_op_ReadReq.m_axi.i32P1A, i32 %gmem0_3_addr, i64 1" [kernel.cpp:19]   --->   Operation 456 'readreq' 'gmem0_3_load_req' <Predicate = true> <Delay = 7.30> <CoreInst = "m_axi">   --->   Core 111 'm_axi' <Latency = 6> <II = 1> <Delay = 1.00> <Adapter> <Opcode : 'read' 'write' 'readreq' 'writereq' 'writeresp'>
ST_33 : Operation 457 [40/71] (7.30ns)   --->   "%gmem1_1_load_req = readreq i1 @_ssdm_op_ReadReq.m_axi.i32P1A, i32 %gmem1_1_addr, i64 1" [kernel.cpp:19]   --->   Operation 457 'readreq' 'gmem1_1_load_req' <Predicate = true> <Delay = 7.30> <CoreInst = "m_axi">   --->   Core 111 'm_axi' <Latency = 6> <II = 1> <Delay = 1.00> <Adapter> <Opcode : 'read' 'write' 'readreq' 'writereq' 'writeresp'>
ST_33 : Operation 458 [40/71] (7.30ns)   --->   "%gmem1_2_load_req = readreq i1 @_ssdm_op_ReadReq.m_axi.i32P1A, i32 %gmem1_2_addr, i64 1" [kernel.cpp:19]   --->   Operation 458 'readreq' 'gmem1_2_load_req' <Predicate = true> <Delay = 7.30> <CoreInst = "m_axi">   --->   Core 111 'm_axi' <Latency = 6> <II = 1> <Delay = 1.00> <Adapter> <Opcode : 'read' 'write' 'readreq' 'writereq' 'writeresp'>
ST_33 : Operation 459 [40/71] (7.30ns)   --->   "%gmem1_3_load_req = readreq i1 @_ssdm_op_ReadReq.m_axi.i32P1A, i32 %gmem1_3_addr, i64 1" [kernel.cpp:19]   --->   Operation 459 'readreq' 'gmem1_3_load_req' <Predicate = true> <Delay = 7.30> <CoreInst = "m_axi">   --->   Core 111 'm_axi' <Latency = 6> <II = 1> <Delay = 1.00> <Adapter> <Opcode : 'read' 'write' 'readreq' 'writereq' 'writeresp'>

State 34 <SV = 33> <Delay = 7.30>
ST_34 : Operation 460 [39/71] (7.30ns)   --->   "%gmem0_0_load_req = readreq i1 @_ssdm_op_ReadReq.m_axi.i32P1A, i32 %gmem0_0_addr, i64 1" [kernel.cpp:19]   --->   Operation 460 'readreq' 'gmem0_0_load_req' <Predicate = true> <Delay = 7.30> <CoreInst = "m_axi">   --->   Core 111 'm_axi' <Latency = 6> <II = 1> <Delay = 1.00> <Adapter> <Opcode : 'read' 'write' 'readreq' 'writereq' 'writeresp'>
ST_34 : Operation 461 [39/71] (7.30ns)   --->   "%gmem1_0_load_req = readreq i1 @_ssdm_op_ReadReq.m_axi.i32P1A, i32 %gmem1_0_addr, i64 1" [kernel.cpp:19]   --->   Operation 461 'readreq' 'gmem1_0_load_req' <Predicate = true> <Delay = 7.30> <CoreInst = "m_axi">   --->   Core 111 'm_axi' <Latency = 6> <II = 1> <Delay = 1.00> <Adapter> <Opcode : 'read' 'write' 'readreq' 'writereq' 'writeresp'>
ST_34 : Operation 462 [39/71] (7.30ns)   --->   "%gmem0_1_load_req = readreq i1 @_ssdm_op_ReadReq.m_axi.i32P1A, i32 %gmem0_1_addr, i64 1" [kernel.cpp:19]   --->   Operation 462 'readreq' 'gmem0_1_load_req' <Predicate = true> <Delay = 7.30> <CoreInst = "m_axi">   --->   Core 111 'm_axi' <Latency = 6> <II = 1> <Delay = 1.00> <Adapter> <Opcode : 'read' 'write' 'readreq' 'writereq' 'writeresp'>
ST_34 : Operation 463 [39/71] (7.30ns)   --->   "%gmem0_2_load_req = readreq i1 @_ssdm_op_ReadReq.m_axi.i32P1A, i32 %gmem0_2_addr, i64 1" [kernel.cpp:19]   --->   Operation 463 'readreq' 'gmem0_2_load_req' <Predicate = true> <Delay = 7.30> <CoreInst = "m_axi">   --->   Core 111 'm_axi' <Latency = 6> <II = 1> <Delay = 1.00> <Adapter> <Opcode : 'read' 'write' 'readreq' 'writereq' 'writeresp'>
ST_34 : Operation 464 [39/71] (7.30ns)   --->   "%gmem0_3_load_req = readreq i1 @_ssdm_op_ReadReq.m_axi.i32P1A, i32 %gmem0_3_addr, i64 1" [kernel.cpp:19]   --->   Operation 464 'readreq' 'gmem0_3_load_req' <Predicate = true> <Delay = 7.30> <CoreInst = "m_axi">   --->   Core 111 'm_axi' <Latency = 6> <II = 1> <Delay = 1.00> <Adapter> <Opcode : 'read' 'write' 'readreq' 'writereq' 'writeresp'>
ST_34 : Operation 465 [39/71] (7.30ns)   --->   "%gmem1_1_load_req = readreq i1 @_ssdm_op_ReadReq.m_axi.i32P1A, i32 %gmem1_1_addr, i64 1" [kernel.cpp:19]   --->   Operation 465 'readreq' 'gmem1_1_load_req' <Predicate = true> <Delay = 7.30> <CoreInst = "m_axi">   --->   Core 111 'm_axi' <Latency = 6> <II = 1> <Delay = 1.00> <Adapter> <Opcode : 'read' 'write' 'readreq' 'writereq' 'writeresp'>
ST_34 : Operation 466 [39/71] (7.30ns)   --->   "%gmem1_2_load_req = readreq i1 @_ssdm_op_ReadReq.m_axi.i32P1A, i32 %gmem1_2_addr, i64 1" [kernel.cpp:19]   --->   Operation 466 'readreq' 'gmem1_2_load_req' <Predicate = true> <Delay = 7.30> <CoreInst = "m_axi">   --->   Core 111 'm_axi' <Latency = 6> <II = 1> <Delay = 1.00> <Adapter> <Opcode : 'read' 'write' 'readreq' 'writereq' 'writeresp'>
ST_34 : Operation 467 [39/71] (7.30ns)   --->   "%gmem1_3_load_req = readreq i1 @_ssdm_op_ReadReq.m_axi.i32P1A, i32 %gmem1_3_addr, i64 1" [kernel.cpp:19]   --->   Operation 467 'readreq' 'gmem1_3_load_req' <Predicate = true> <Delay = 7.30> <CoreInst = "m_axi">   --->   Core 111 'm_axi' <Latency = 6> <II = 1> <Delay = 1.00> <Adapter> <Opcode : 'read' 'write' 'readreq' 'writereq' 'writeresp'>

State 35 <SV = 34> <Delay = 7.30>
ST_35 : Operation 468 [38/71] (7.30ns)   --->   "%gmem0_0_load_req = readreq i1 @_ssdm_op_ReadReq.m_axi.i32P1A, i32 %gmem0_0_addr, i64 1" [kernel.cpp:19]   --->   Operation 468 'readreq' 'gmem0_0_load_req' <Predicate = true> <Delay = 7.30> <CoreInst = "m_axi">   --->   Core 111 'm_axi' <Latency = 6> <II = 1> <Delay = 1.00> <Adapter> <Opcode : 'read' 'write' 'readreq' 'writereq' 'writeresp'>
ST_35 : Operation 469 [38/71] (7.30ns)   --->   "%gmem1_0_load_req = readreq i1 @_ssdm_op_ReadReq.m_axi.i32P1A, i32 %gmem1_0_addr, i64 1" [kernel.cpp:19]   --->   Operation 469 'readreq' 'gmem1_0_load_req' <Predicate = true> <Delay = 7.30> <CoreInst = "m_axi">   --->   Core 111 'm_axi' <Latency = 6> <II = 1> <Delay = 1.00> <Adapter> <Opcode : 'read' 'write' 'readreq' 'writereq' 'writeresp'>
ST_35 : Operation 470 [38/71] (7.30ns)   --->   "%gmem0_1_load_req = readreq i1 @_ssdm_op_ReadReq.m_axi.i32P1A, i32 %gmem0_1_addr, i64 1" [kernel.cpp:19]   --->   Operation 470 'readreq' 'gmem0_1_load_req' <Predicate = true> <Delay = 7.30> <CoreInst = "m_axi">   --->   Core 111 'm_axi' <Latency = 6> <II = 1> <Delay = 1.00> <Adapter> <Opcode : 'read' 'write' 'readreq' 'writereq' 'writeresp'>
ST_35 : Operation 471 [38/71] (7.30ns)   --->   "%gmem0_2_load_req = readreq i1 @_ssdm_op_ReadReq.m_axi.i32P1A, i32 %gmem0_2_addr, i64 1" [kernel.cpp:19]   --->   Operation 471 'readreq' 'gmem0_2_load_req' <Predicate = true> <Delay = 7.30> <CoreInst = "m_axi">   --->   Core 111 'm_axi' <Latency = 6> <II = 1> <Delay = 1.00> <Adapter> <Opcode : 'read' 'write' 'readreq' 'writereq' 'writeresp'>
ST_35 : Operation 472 [38/71] (7.30ns)   --->   "%gmem0_3_load_req = readreq i1 @_ssdm_op_ReadReq.m_axi.i32P1A, i32 %gmem0_3_addr, i64 1" [kernel.cpp:19]   --->   Operation 472 'readreq' 'gmem0_3_load_req' <Predicate = true> <Delay = 7.30> <CoreInst = "m_axi">   --->   Core 111 'm_axi' <Latency = 6> <II = 1> <Delay = 1.00> <Adapter> <Opcode : 'read' 'write' 'readreq' 'writereq' 'writeresp'>
ST_35 : Operation 473 [38/71] (7.30ns)   --->   "%gmem1_1_load_req = readreq i1 @_ssdm_op_ReadReq.m_axi.i32P1A, i32 %gmem1_1_addr, i64 1" [kernel.cpp:19]   --->   Operation 473 'readreq' 'gmem1_1_load_req' <Predicate = true> <Delay = 7.30> <CoreInst = "m_axi">   --->   Core 111 'm_axi' <Latency = 6> <II = 1> <Delay = 1.00> <Adapter> <Opcode : 'read' 'write' 'readreq' 'writereq' 'writeresp'>
ST_35 : Operation 474 [38/71] (7.30ns)   --->   "%gmem1_2_load_req = readreq i1 @_ssdm_op_ReadReq.m_axi.i32P1A, i32 %gmem1_2_addr, i64 1" [kernel.cpp:19]   --->   Operation 474 'readreq' 'gmem1_2_load_req' <Predicate = true> <Delay = 7.30> <CoreInst = "m_axi">   --->   Core 111 'm_axi' <Latency = 6> <II = 1> <Delay = 1.00> <Adapter> <Opcode : 'read' 'write' 'readreq' 'writereq' 'writeresp'>
ST_35 : Operation 475 [38/71] (7.30ns)   --->   "%gmem1_3_load_req = readreq i1 @_ssdm_op_ReadReq.m_axi.i32P1A, i32 %gmem1_3_addr, i64 1" [kernel.cpp:19]   --->   Operation 475 'readreq' 'gmem1_3_load_req' <Predicate = true> <Delay = 7.30> <CoreInst = "m_axi">   --->   Core 111 'm_axi' <Latency = 6> <II = 1> <Delay = 1.00> <Adapter> <Opcode : 'read' 'write' 'readreq' 'writereq' 'writeresp'>

State 36 <SV = 35> <Delay = 7.30>
ST_36 : Operation 476 [37/71] (7.30ns)   --->   "%gmem0_0_load_req = readreq i1 @_ssdm_op_ReadReq.m_axi.i32P1A, i32 %gmem0_0_addr, i64 1" [kernel.cpp:19]   --->   Operation 476 'readreq' 'gmem0_0_load_req' <Predicate = true> <Delay = 7.30> <CoreInst = "m_axi">   --->   Core 111 'm_axi' <Latency = 6> <II = 1> <Delay = 1.00> <Adapter> <Opcode : 'read' 'write' 'readreq' 'writereq' 'writeresp'>
ST_36 : Operation 477 [37/71] (7.30ns)   --->   "%gmem1_0_load_req = readreq i1 @_ssdm_op_ReadReq.m_axi.i32P1A, i32 %gmem1_0_addr, i64 1" [kernel.cpp:19]   --->   Operation 477 'readreq' 'gmem1_0_load_req' <Predicate = true> <Delay = 7.30> <CoreInst = "m_axi">   --->   Core 111 'm_axi' <Latency = 6> <II = 1> <Delay = 1.00> <Adapter> <Opcode : 'read' 'write' 'readreq' 'writereq' 'writeresp'>
ST_36 : Operation 478 [37/71] (7.30ns)   --->   "%gmem0_1_load_req = readreq i1 @_ssdm_op_ReadReq.m_axi.i32P1A, i32 %gmem0_1_addr, i64 1" [kernel.cpp:19]   --->   Operation 478 'readreq' 'gmem0_1_load_req' <Predicate = true> <Delay = 7.30> <CoreInst = "m_axi">   --->   Core 111 'm_axi' <Latency = 6> <II = 1> <Delay = 1.00> <Adapter> <Opcode : 'read' 'write' 'readreq' 'writereq' 'writeresp'>
ST_36 : Operation 479 [37/71] (7.30ns)   --->   "%gmem0_2_load_req = readreq i1 @_ssdm_op_ReadReq.m_axi.i32P1A, i32 %gmem0_2_addr, i64 1" [kernel.cpp:19]   --->   Operation 479 'readreq' 'gmem0_2_load_req' <Predicate = true> <Delay = 7.30> <CoreInst = "m_axi">   --->   Core 111 'm_axi' <Latency = 6> <II = 1> <Delay = 1.00> <Adapter> <Opcode : 'read' 'write' 'readreq' 'writereq' 'writeresp'>
ST_36 : Operation 480 [37/71] (7.30ns)   --->   "%gmem0_3_load_req = readreq i1 @_ssdm_op_ReadReq.m_axi.i32P1A, i32 %gmem0_3_addr, i64 1" [kernel.cpp:19]   --->   Operation 480 'readreq' 'gmem0_3_load_req' <Predicate = true> <Delay = 7.30> <CoreInst = "m_axi">   --->   Core 111 'm_axi' <Latency = 6> <II = 1> <Delay = 1.00> <Adapter> <Opcode : 'read' 'write' 'readreq' 'writereq' 'writeresp'>
ST_36 : Operation 481 [37/71] (7.30ns)   --->   "%gmem1_1_load_req = readreq i1 @_ssdm_op_ReadReq.m_axi.i32P1A, i32 %gmem1_1_addr, i64 1" [kernel.cpp:19]   --->   Operation 481 'readreq' 'gmem1_1_load_req' <Predicate = true> <Delay = 7.30> <CoreInst = "m_axi">   --->   Core 111 'm_axi' <Latency = 6> <II = 1> <Delay = 1.00> <Adapter> <Opcode : 'read' 'write' 'readreq' 'writereq' 'writeresp'>
ST_36 : Operation 482 [37/71] (7.30ns)   --->   "%gmem1_2_load_req = readreq i1 @_ssdm_op_ReadReq.m_axi.i32P1A, i32 %gmem1_2_addr, i64 1" [kernel.cpp:19]   --->   Operation 482 'readreq' 'gmem1_2_load_req' <Predicate = true> <Delay = 7.30> <CoreInst = "m_axi">   --->   Core 111 'm_axi' <Latency = 6> <II = 1> <Delay = 1.00> <Adapter> <Opcode : 'read' 'write' 'readreq' 'writereq' 'writeresp'>
ST_36 : Operation 483 [37/71] (7.30ns)   --->   "%gmem1_3_load_req = readreq i1 @_ssdm_op_ReadReq.m_axi.i32P1A, i32 %gmem1_3_addr, i64 1" [kernel.cpp:19]   --->   Operation 483 'readreq' 'gmem1_3_load_req' <Predicate = true> <Delay = 7.30> <CoreInst = "m_axi">   --->   Core 111 'm_axi' <Latency = 6> <II = 1> <Delay = 1.00> <Adapter> <Opcode : 'read' 'write' 'readreq' 'writereq' 'writeresp'>

State 37 <SV = 36> <Delay = 7.30>
ST_37 : Operation 484 [36/71] (7.30ns)   --->   "%gmem0_0_load_req = readreq i1 @_ssdm_op_ReadReq.m_axi.i32P1A, i32 %gmem0_0_addr, i64 1" [kernel.cpp:19]   --->   Operation 484 'readreq' 'gmem0_0_load_req' <Predicate = true> <Delay = 7.30> <CoreInst = "m_axi">   --->   Core 111 'm_axi' <Latency = 6> <II = 1> <Delay = 1.00> <Adapter> <Opcode : 'read' 'write' 'readreq' 'writereq' 'writeresp'>
ST_37 : Operation 485 [36/71] (7.30ns)   --->   "%gmem1_0_load_req = readreq i1 @_ssdm_op_ReadReq.m_axi.i32P1A, i32 %gmem1_0_addr, i64 1" [kernel.cpp:19]   --->   Operation 485 'readreq' 'gmem1_0_load_req' <Predicate = true> <Delay = 7.30> <CoreInst = "m_axi">   --->   Core 111 'm_axi' <Latency = 6> <II = 1> <Delay = 1.00> <Adapter> <Opcode : 'read' 'write' 'readreq' 'writereq' 'writeresp'>
ST_37 : Operation 486 [36/71] (7.30ns)   --->   "%gmem0_1_load_req = readreq i1 @_ssdm_op_ReadReq.m_axi.i32P1A, i32 %gmem0_1_addr, i64 1" [kernel.cpp:19]   --->   Operation 486 'readreq' 'gmem0_1_load_req' <Predicate = true> <Delay = 7.30> <CoreInst = "m_axi">   --->   Core 111 'm_axi' <Latency = 6> <II = 1> <Delay = 1.00> <Adapter> <Opcode : 'read' 'write' 'readreq' 'writereq' 'writeresp'>
ST_37 : Operation 487 [36/71] (7.30ns)   --->   "%gmem0_2_load_req = readreq i1 @_ssdm_op_ReadReq.m_axi.i32P1A, i32 %gmem0_2_addr, i64 1" [kernel.cpp:19]   --->   Operation 487 'readreq' 'gmem0_2_load_req' <Predicate = true> <Delay = 7.30> <CoreInst = "m_axi">   --->   Core 111 'm_axi' <Latency = 6> <II = 1> <Delay = 1.00> <Adapter> <Opcode : 'read' 'write' 'readreq' 'writereq' 'writeresp'>
ST_37 : Operation 488 [36/71] (7.30ns)   --->   "%gmem0_3_load_req = readreq i1 @_ssdm_op_ReadReq.m_axi.i32P1A, i32 %gmem0_3_addr, i64 1" [kernel.cpp:19]   --->   Operation 488 'readreq' 'gmem0_3_load_req' <Predicate = true> <Delay = 7.30> <CoreInst = "m_axi">   --->   Core 111 'm_axi' <Latency = 6> <II = 1> <Delay = 1.00> <Adapter> <Opcode : 'read' 'write' 'readreq' 'writereq' 'writeresp'>
ST_37 : Operation 489 [36/71] (7.30ns)   --->   "%gmem1_1_load_req = readreq i1 @_ssdm_op_ReadReq.m_axi.i32P1A, i32 %gmem1_1_addr, i64 1" [kernel.cpp:19]   --->   Operation 489 'readreq' 'gmem1_1_load_req' <Predicate = true> <Delay = 7.30> <CoreInst = "m_axi">   --->   Core 111 'm_axi' <Latency = 6> <II = 1> <Delay = 1.00> <Adapter> <Opcode : 'read' 'write' 'readreq' 'writereq' 'writeresp'>
ST_37 : Operation 490 [36/71] (7.30ns)   --->   "%gmem1_2_load_req = readreq i1 @_ssdm_op_ReadReq.m_axi.i32P1A, i32 %gmem1_2_addr, i64 1" [kernel.cpp:19]   --->   Operation 490 'readreq' 'gmem1_2_load_req' <Predicate = true> <Delay = 7.30> <CoreInst = "m_axi">   --->   Core 111 'm_axi' <Latency = 6> <II = 1> <Delay = 1.00> <Adapter> <Opcode : 'read' 'write' 'readreq' 'writereq' 'writeresp'>
ST_37 : Operation 491 [36/71] (7.30ns)   --->   "%gmem1_3_load_req = readreq i1 @_ssdm_op_ReadReq.m_axi.i32P1A, i32 %gmem1_3_addr, i64 1" [kernel.cpp:19]   --->   Operation 491 'readreq' 'gmem1_3_load_req' <Predicate = true> <Delay = 7.30> <CoreInst = "m_axi">   --->   Core 111 'm_axi' <Latency = 6> <II = 1> <Delay = 1.00> <Adapter> <Opcode : 'read' 'write' 'readreq' 'writereq' 'writeresp'>

State 38 <SV = 37> <Delay = 7.30>
ST_38 : Operation 492 [35/71] (7.30ns)   --->   "%gmem0_0_load_req = readreq i1 @_ssdm_op_ReadReq.m_axi.i32P1A, i32 %gmem0_0_addr, i64 1" [kernel.cpp:19]   --->   Operation 492 'readreq' 'gmem0_0_load_req' <Predicate = true> <Delay = 7.30> <CoreInst = "m_axi">   --->   Core 111 'm_axi' <Latency = 6> <II = 1> <Delay = 1.00> <Adapter> <Opcode : 'read' 'write' 'readreq' 'writereq' 'writeresp'>
ST_38 : Operation 493 [35/71] (7.30ns)   --->   "%gmem1_0_load_req = readreq i1 @_ssdm_op_ReadReq.m_axi.i32P1A, i32 %gmem1_0_addr, i64 1" [kernel.cpp:19]   --->   Operation 493 'readreq' 'gmem1_0_load_req' <Predicate = true> <Delay = 7.30> <CoreInst = "m_axi">   --->   Core 111 'm_axi' <Latency = 6> <II = 1> <Delay = 1.00> <Adapter> <Opcode : 'read' 'write' 'readreq' 'writereq' 'writeresp'>
ST_38 : Operation 494 [35/71] (7.30ns)   --->   "%gmem0_1_load_req = readreq i1 @_ssdm_op_ReadReq.m_axi.i32P1A, i32 %gmem0_1_addr, i64 1" [kernel.cpp:19]   --->   Operation 494 'readreq' 'gmem0_1_load_req' <Predicate = true> <Delay = 7.30> <CoreInst = "m_axi">   --->   Core 111 'm_axi' <Latency = 6> <II = 1> <Delay = 1.00> <Adapter> <Opcode : 'read' 'write' 'readreq' 'writereq' 'writeresp'>
ST_38 : Operation 495 [35/71] (7.30ns)   --->   "%gmem0_2_load_req = readreq i1 @_ssdm_op_ReadReq.m_axi.i32P1A, i32 %gmem0_2_addr, i64 1" [kernel.cpp:19]   --->   Operation 495 'readreq' 'gmem0_2_load_req' <Predicate = true> <Delay = 7.30> <CoreInst = "m_axi">   --->   Core 111 'm_axi' <Latency = 6> <II = 1> <Delay = 1.00> <Adapter> <Opcode : 'read' 'write' 'readreq' 'writereq' 'writeresp'>
ST_38 : Operation 496 [35/71] (7.30ns)   --->   "%gmem0_3_load_req = readreq i1 @_ssdm_op_ReadReq.m_axi.i32P1A, i32 %gmem0_3_addr, i64 1" [kernel.cpp:19]   --->   Operation 496 'readreq' 'gmem0_3_load_req' <Predicate = true> <Delay = 7.30> <CoreInst = "m_axi">   --->   Core 111 'm_axi' <Latency = 6> <II = 1> <Delay = 1.00> <Adapter> <Opcode : 'read' 'write' 'readreq' 'writereq' 'writeresp'>
ST_38 : Operation 497 [35/71] (7.30ns)   --->   "%gmem1_1_load_req = readreq i1 @_ssdm_op_ReadReq.m_axi.i32P1A, i32 %gmem1_1_addr, i64 1" [kernel.cpp:19]   --->   Operation 497 'readreq' 'gmem1_1_load_req' <Predicate = true> <Delay = 7.30> <CoreInst = "m_axi">   --->   Core 111 'm_axi' <Latency = 6> <II = 1> <Delay = 1.00> <Adapter> <Opcode : 'read' 'write' 'readreq' 'writereq' 'writeresp'>
ST_38 : Operation 498 [35/71] (7.30ns)   --->   "%gmem1_2_load_req = readreq i1 @_ssdm_op_ReadReq.m_axi.i32P1A, i32 %gmem1_2_addr, i64 1" [kernel.cpp:19]   --->   Operation 498 'readreq' 'gmem1_2_load_req' <Predicate = true> <Delay = 7.30> <CoreInst = "m_axi">   --->   Core 111 'm_axi' <Latency = 6> <II = 1> <Delay = 1.00> <Adapter> <Opcode : 'read' 'write' 'readreq' 'writereq' 'writeresp'>
ST_38 : Operation 499 [35/71] (7.30ns)   --->   "%gmem1_3_load_req = readreq i1 @_ssdm_op_ReadReq.m_axi.i32P1A, i32 %gmem1_3_addr, i64 1" [kernel.cpp:19]   --->   Operation 499 'readreq' 'gmem1_3_load_req' <Predicate = true> <Delay = 7.30> <CoreInst = "m_axi">   --->   Core 111 'm_axi' <Latency = 6> <II = 1> <Delay = 1.00> <Adapter> <Opcode : 'read' 'write' 'readreq' 'writereq' 'writeresp'>

State 39 <SV = 38> <Delay = 7.30>
ST_39 : Operation 500 [34/71] (7.30ns)   --->   "%gmem0_0_load_req = readreq i1 @_ssdm_op_ReadReq.m_axi.i32P1A, i32 %gmem0_0_addr, i64 1" [kernel.cpp:19]   --->   Operation 500 'readreq' 'gmem0_0_load_req' <Predicate = true> <Delay = 7.30> <CoreInst = "m_axi">   --->   Core 111 'm_axi' <Latency = 6> <II = 1> <Delay = 1.00> <Adapter> <Opcode : 'read' 'write' 'readreq' 'writereq' 'writeresp'>
ST_39 : Operation 501 [34/71] (7.30ns)   --->   "%gmem1_0_load_req = readreq i1 @_ssdm_op_ReadReq.m_axi.i32P1A, i32 %gmem1_0_addr, i64 1" [kernel.cpp:19]   --->   Operation 501 'readreq' 'gmem1_0_load_req' <Predicate = true> <Delay = 7.30> <CoreInst = "m_axi">   --->   Core 111 'm_axi' <Latency = 6> <II = 1> <Delay = 1.00> <Adapter> <Opcode : 'read' 'write' 'readreq' 'writereq' 'writeresp'>
ST_39 : Operation 502 [34/71] (7.30ns)   --->   "%gmem0_1_load_req = readreq i1 @_ssdm_op_ReadReq.m_axi.i32P1A, i32 %gmem0_1_addr, i64 1" [kernel.cpp:19]   --->   Operation 502 'readreq' 'gmem0_1_load_req' <Predicate = true> <Delay = 7.30> <CoreInst = "m_axi">   --->   Core 111 'm_axi' <Latency = 6> <II = 1> <Delay = 1.00> <Adapter> <Opcode : 'read' 'write' 'readreq' 'writereq' 'writeresp'>
ST_39 : Operation 503 [34/71] (7.30ns)   --->   "%gmem0_2_load_req = readreq i1 @_ssdm_op_ReadReq.m_axi.i32P1A, i32 %gmem0_2_addr, i64 1" [kernel.cpp:19]   --->   Operation 503 'readreq' 'gmem0_2_load_req' <Predicate = true> <Delay = 7.30> <CoreInst = "m_axi">   --->   Core 111 'm_axi' <Latency = 6> <II = 1> <Delay = 1.00> <Adapter> <Opcode : 'read' 'write' 'readreq' 'writereq' 'writeresp'>
ST_39 : Operation 504 [34/71] (7.30ns)   --->   "%gmem0_3_load_req = readreq i1 @_ssdm_op_ReadReq.m_axi.i32P1A, i32 %gmem0_3_addr, i64 1" [kernel.cpp:19]   --->   Operation 504 'readreq' 'gmem0_3_load_req' <Predicate = true> <Delay = 7.30> <CoreInst = "m_axi">   --->   Core 111 'm_axi' <Latency = 6> <II = 1> <Delay = 1.00> <Adapter> <Opcode : 'read' 'write' 'readreq' 'writereq' 'writeresp'>
ST_39 : Operation 505 [34/71] (7.30ns)   --->   "%gmem1_1_load_req = readreq i1 @_ssdm_op_ReadReq.m_axi.i32P1A, i32 %gmem1_1_addr, i64 1" [kernel.cpp:19]   --->   Operation 505 'readreq' 'gmem1_1_load_req' <Predicate = true> <Delay = 7.30> <CoreInst = "m_axi">   --->   Core 111 'm_axi' <Latency = 6> <II = 1> <Delay = 1.00> <Adapter> <Opcode : 'read' 'write' 'readreq' 'writereq' 'writeresp'>
ST_39 : Operation 506 [34/71] (7.30ns)   --->   "%gmem1_2_load_req = readreq i1 @_ssdm_op_ReadReq.m_axi.i32P1A, i32 %gmem1_2_addr, i64 1" [kernel.cpp:19]   --->   Operation 506 'readreq' 'gmem1_2_load_req' <Predicate = true> <Delay = 7.30> <CoreInst = "m_axi">   --->   Core 111 'm_axi' <Latency = 6> <II = 1> <Delay = 1.00> <Adapter> <Opcode : 'read' 'write' 'readreq' 'writereq' 'writeresp'>
ST_39 : Operation 507 [34/71] (7.30ns)   --->   "%gmem1_3_load_req = readreq i1 @_ssdm_op_ReadReq.m_axi.i32P1A, i32 %gmem1_3_addr, i64 1" [kernel.cpp:19]   --->   Operation 507 'readreq' 'gmem1_3_load_req' <Predicate = true> <Delay = 7.30> <CoreInst = "m_axi">   --->   Core 111 'm_axi' <Latency = 6> <II = 1> <Delay = 1.00> <Adapter> <Opcode : 'read' 'write' 'readreq' 'writereq' 'writeresp'>

State 40 <SV = 39> <Delay = 7.30>
ST_40 : Operation 508 [33/71] (7.30ns)   --->   "%gmem0_0_load_req = readreq i1 @_ssdm_op_ReadReq.m_axi.i32P1A, i32 %gmem0_0_addr, i64 1" [kernel.cpp:19]   --->   Operation 508 'readreq' 'gmem0_0_load_req' <Predicate = true> <Delay = 7.30> <CoreInst = "m_axi">   --->   Core 111 'm_axi' <Latency = 6> <II = 1> <Delay = 1.00> <Adapter> <Opcode : 'read' 'write' 'readreq' 'writereq' 'writeresp'>
ST_40 : Operation 509 [33/71] (7.30ns)   --->   "%gmem1_0_load_req = readreq i1 @_ssdm_op_ReadReq.m_axi.i32P1A, i32 %gmem1_0_addr, i64 1" [kernel.cpp:19]   --->   Operation 509 'readreq' 'gmem1_0_load_req' <Predicate = true> <Delay = 7.30> <CoreInst = "m_axi">   --->   Core 111 'm_axi' <Latency = 6> <II = 1> <Delay = 1.00> <Adapter> <Opcode : 'read' 'write' 'readreq' 'writereq' 'writeresp'>
ST_40 : Operation 510 [33/71] (7.30ns)   --->   "%gmem0_1_load_req = readreq i1 @_ssdm_op_ReadReq.m_axi.i32P1A, i32 %gmem0_1_addr, i64 1" [kernel.cpp:19]   --->   Operation 510 'readreq' 'gmem0_1_load_req' <Predicate = true> <Delay = 7.30> <CoreInst = "m_axi">   --->   Core 111 'm_axi' <Latency = 6> <II = 1> <Delay = 1.00> <Adapter> <Opcode : 'read' 'write' 'readreq' 'writereq' 'writeresp'>
ST_40 : Operation 511 [33/71] (7.30ns)   --->   "%gmem0_2_load_req = readreq i1 @_ssdm_op_ReadReq.m_axi.i32P1A, i32 %gmem0_2_addr, i64 1" [kernel.cpp:19]   --->   Operation 511 'readreq' 'gmem0_2_load_req' <Predicate = true> <Delay = 7.30> <CoreInst = "m_axi">   --->   Core 111 'm_axi' <Latency = 6> <II = 1> <Delay = 1.00> <Adapter> <Opcode : 'read' 'write' 'readreq' 'writereq' 'writeresp'>
ST_40 : Operation 512 [33/71] (7.30ns)   --->   "%gmem0_3_load_req = readreq i1 @_ssdm_op_ReadReq.m_axi.i32P1A, i32 %gmem0_3_addr, i64 1" [kernel.cpp:19]   --->   Operation 512 'readreq' 'gmem0_3_load_req' <Predicate = true> <Delay = 7.30> <CoreInst = "m_axi">   --->   Core 111 'm_axi' <Latency = 6> <II = 1> <Delay = 1.00> <Adapter> <Opcode : 'read' 'write' 'readreq' 'writereq' 'writeresp'>
ST_40 : Operation 513 [33/71] (7.30ns)   --->   "%gmem1_1_load_req = readreq i1 @_ssdm_op_ReadReq.m_axi.i32P1A, i32 %gmem1_1_addr, i64 1" [kernel.cpp:19]   --->   Operation 513 'readreq' 'gmem1_1_load_req' <Predicate = true> <Delay = 7.30> <CoreInst = "m_axi">   --->   Core 111 'm_axi' <Latency = 6> <II = 1> <Delay = 1.00> <Adapter> <Opcode : 'read' 'write' 'readreq' 'writereq' 'writeresp'>
ST_40 : Operation 514 [33/71] (7.30ns)   --->   "%gmem1_2_load_req = readreq i1 @_ssdm_op_ReadReq.m_axi.i32P1A, i32 %gmem1_2_addr, i64 1" [kernel.cpp:19]   --->   Operation 514 'readreq' 'gmem1_2_load_req' <Predicate = true> <Delay = 7.30> <CoreInst = "m_axi">   --->   Core 111 'm_axi' <Latency = 6> <II = 1> <Delay = 1.00> <Adapter> <Opcode : 'read' 'write' 'readreq' 'writereq' 'writeresp'>
ST_40 : Operation 515 [33/71] (7.30ns)   --->   "%gmem1_3_load_req = readreq i1 @_ssdm_op_ReadReq.m_axi.i32P1A, i32 %gmem1_3_addr, i64 1" [kernel.cpp:19]   --->   Operation 515 'readreq' 'gmem1_3_load_req' <Predicate = true> <Delay = 7.30> <CoreInst = "m_axi">   --->   Core 111 'm_axi' <Latency = 6> <II = 1> <Delay = 1.00> <Adapter> <Opcode : 'read' 'write' 'readreq' 'writereq' 'writeresp'>

State 41 <SV = 40> <Delay = 7.30>
ST_41 : Operation 516 [32/71] (7.30ns)   --->   "%gmem0_0_load_req = readreq i1 @_ssdm_op_ReadReq.m_axi.i32P1A, i32 %gmem0_0_addr, i64 1" [kernel.cpp:19]   --->   Operation 516 'readreq' 'gmem0_0_load_req' <Predicate = true> <Delay = 7.30> <CoreInst = "m_axi">   --->   Core 111 'm_axi' <Latency = 6> <II = 1> <Delay = 1.00> <Adapter> <Opcode : 'read' 'write' 'readreq' 'writereq' 'writeresp'>
ST_41 : Operation 517 [32/71] (7.30ns)   --->   "%gmem1_0_load_req = readreq i1 @_ssdm_op_ReadReq.m_axi.i32P1A, i32 %gmem1_0_addr, i64 1" [kernel.cpp:19]   --->   Operation 517 'readreq' 'gmem1_0_load_req' <Predicate = true> <Delay = 7.30> <CoreInst = "m_axi">   --->   Core 111 'm_axi' <Latency = 6> <II = 1> <Delay = 1.00> <Adapter> <Opcode : 'read' 'write' 'readreq' 'writereq' 'writeresp'>
ST_41 : Operation 518 [32/71] (7.30ns)   --->   "%gmem0_1_load_req = readreq i1 @_ssdm_op_ReadReq.m_axi.i32P1A, i32 %gmem0_1_addr, i64 1" [kernel.cpp:19]   --->   Operation 518 'readreq' 'gmem0_1_load_req' <Predicate = true> <Delay = 7.30> <CoreInst = "m_axi">   --->   Core 111 'm_axi' <Latency = 6> <II = 1> <Delay = 1.00> <Adapter> <Opcode : 'read' 'write' 'readreq' 'writereq' 'writeresp'>
ST_41 : Operation 519 [32/71] (7.30ns)   --->   "%gmem0_2_load_req = readreq i1 @_ssdm_op_ReadReq.m_axi.i32P1A, i32 %gmem0_2_addr, i64 1" [kernel.cpp:19]   --->   Operation 519 'readreq' 'gmem0_2_load_req' <Predicate = true> <Delay = 7.30> <CoreInst = "m_axi">   --->   Core 111 'm_axi' <Latency = 6> <II = 1> <Delay = 1.00> <Adapter> <Opcode : 'read' 'write' 'readreq' 'writereq' 'writeresp'>
ST_41 : Operation 520 [32/71] (7.30ns)   --->   "%gmem0_3_load_req = readreq i1 @_ssdm_op_ReadReq.m_axi.i32P1A, i32 %gmem0_3_addr, i64 1" [kernel.cpp:19]   --->   Operation 520 'readreq' 'gmem0_3_load_req' <Predicate = true> <Delay = 7.30> <CoreInst = "m_axi">   --->   Core 111 'm_axi' <Latency = 6> <II = 1> <Delay = 1.00> <Adapter> <Opcode : 'read' 'write' 'readreq' 'writereq' 'writeresp'>
ST_41 : Operation 521 [32/71] (7.30ns)   --->   "%gmem1_1_load_req = readreq i1 @_ssdm_op_ReadReq.m_axi.i32P1A, i32 %gmem1_1_addr, i64 1" [kernel.cpp:19]   --->   Operation 521 'readreq' 'gmem1_1_load_req' <Predicate = true> <Delay = 7.30> <CoreInst = "m_axi">   --->   Core 111 'm_axi' <Latency = 6> <II = 1> <Delay = 1.00> <Adapter> <Opcode : 'read' 'write' 'readreq' 'writereq' 'writeresp'>
ST_41 : Operation 522 [32/71] (7.30ns)   --->   "%gmem1_2_load_req = readreq i1 @_ssdm_op_ReadReq.m_axi.i32P1A, i32 %gmem1_2_addr, i64 1" [kernel.cpp:19]   --->   Operation 522 'readreq' 'gmem1_2_load_req' <Predicate = true> <Delay = 7.30> <CoreInst = "m_axi">   --->   Core 111 'm_axi' <Latency = 6> <II = 1> <Delay = 1.00> <Adapter> <Opcode : 'read' 'write' 'readreq' 'writereq' 'writeresp'>
ST_41 : Operation 523 [32/71] (7.30ns)   --->   "%gmem1_3_load_req = readreq i1 @_ssdm_op_ReadReq.m_axi.i32P1A, i32 %gmem1_3_addr, i64 1" [kernel.cpp:19]   --->   Operation 523 'readreq' 'gmem1_3_load_req' <Predicate = true> <Delay = 7.30> <CoreInst = "m_axi">   --->   Core 111 'm_axi' <Latency = 6> <II = 1> <Delay = 1.00> <Adapter> <Opcode : 'read' 'write' 'readreq' 'writereq' 'writeresp'>

State 42 <SV = 41> <Delay = 7.30>
ST_42 : Operation 524 [31/71] (7.30ns)   --->   "%gmem0_0_load_req = readreq i1 @_ssdm_op_ReadReq.m_axi.i32P1A, i32 %gmem0_0_addr, i64 1" [kernel.cpp:19]   --->   Operation 524 'readreq' 'gmem0_0_load_req' <Predicate = true> <Delay = 7.30> <CoreInst = "m_axi">   --->   Core 111 'm_axi' <Latency = 6> <II = 1> <Delay = 1.00> <Adapter> <Opcode : 'read' 'write' 'readreq' 'writereq' 'writeresp'>
ST_42 : Operation 525 [31/71] (7.30ns)   --->   "%gmem1_0_load_req = readreq i1 @_ssdm_op_ReadReq.m_axi.i32P1A, i32 %gmem1_0_addr, i64 1" [kernel.cpp:19]   --->   Operation 525 'readreq' 'gmem1_0_load_req' <Predicate = true> <Delay = 7.30> <CoreInst = "m_axi">   --->   Core 111 'm_axi' <Latency = 6> <II = 1> <Delay = 1.00> <Adapter> <Opcode : 'read' 'write' 'readreq' 'writereq' 'writeresp'>
ST_42 : Operation 526 [31/71] (7.30ns)   --->   "%gmem0_1_load_req = readreq i1 @_ssdm_op_ReadReq.m_axi.i32P1A, i32 %gmem0_1_addr, i64 1" [kernel.cpp:19]   --->   Operation 526 'readreq' 'gmem0_1_load_req' <Predicate = true> <Delay = 7.30> <CoreInst = "m_axi">   --->   Core 111 'm_axi' <Latency = 6> <II = 1> <Delay = 1.00> <Adapter> <Opcode : 'read' 'write' 'readreq' 'writereq' 'writeresp'>
ST_42 : Operation 527 [31/71] (7.30ns)   --->   "%gmem0_2_load_req = readreq i1 @_ssdm_op_ReadReq.m_axi.i32P1A, i32 %gmem0_2_addr, i64 1" [kernel.cpp:19]   --->   Operation 527 'readreq' 'gmem0_2_load_req' <Predicate = true> <Delay = 7.30> <CoreInst = "m_axi">   --->   Core 111 'm_axi' <Latency = 6> <II = 1> <Delay = 1.00> <Adapter> <Opcode : 'read' 'write' 'readreq' 'writereq' 'writeresp'>
ST_42 : Operation 528 [31/71] (7.30ns)   --->   "%gmem0_3_load_req = readreq i1 @_ssdm_op_ReadReq.m_axi.i32P1A, i32 %gmem0_3_addr, i64 1" [kernel.cpp:19]   --->   Operation 528 'readreq' 'gmem0_3_load_req' <Predicate = true> <Delay = 7.30> <CoreInst = "m_axi">   --->   Core 111 'm_axi' <Latency = 6> <II = 1> <Delay = 1.00> <Adapter> <Opcode : 'read' 'write' 'readreq' 'writereq' 'writeresp'>
ST_42 : Operation 529 [31/71] (7.30ns)   --->   "%gmem1_1_load_req = readreq i1 @_ssdm_op_ReadReq.m_axi.i32P1A, i32 %gmem1_1_addr, i64 1" [kernel.cpp:19]   --->   Operation 529 'readreq' 'gmem1_1_load_req' <Predicate = true> <Delay = 7.30> <CoreInst = "m_axi">   --->   Core 111 'm_axi' <Latency = 6> <II = 1> <Delay = 1.00> <Adapter> <Opcode : 'read' 'write' 'readreq' 'writereq' 'writeresp'>
ST_42 : Operation 530 [31/71] (7.30ns)   --->   "%gmem1_2_load_req = readreq i1 @_ssdm_op_ReadReq.m_axi.i32P1A, i32 %gmem1_2_addr, i64 1" [kernel.cpp:19]   --->   Operation 530 'readreq' 'gmem1_2_load_req' <Predicate = true> <Delay = 7.30> <CoreInst = "m_axi">   --->   Core 111 'm_axi' <Latency = 6> <II = 1> <Delay = 1.00> <Adapter> <Opcode : 'read' 'write' 'readreq' 'writereq' 'writeresp'>
ST_42 : Operation 531 [31/71] (7.30ns)   --->   "%gmem1_3_load_req = readreq i1 @_ssdm_op_ReadReq.m_axi.i32P1A, i32 %gmem1_3_addr, i64 1" [kernel.cpp:19]   --->   Operation 531 'readreq' 'gmem1_3_load_req' <Predicate = true> <Delay = 7.30> <CoreInst = "m_axi">   --->   Core 111 'm_axi' <Latency = 6> <II = 1> <Delay = 1.00> <Adapter> <Opcode : 'read' 'write' 'readreq' 'writereq' 'writeresp'>

State 43 <SV = 42> <Delay = 7.30>
ST_43 : Operation 532 [30/71] (7.30ns)   --->   "%gmem0_0_load_req = readreq i1 @_ssdm_op_ReadReq.m_axi.i32P1A, i32 %gmem0_0_addr, i64 1" [kernel.cpp:19]   --->   Operation 532 'readreq' 'gmem0_0_load_req' <Predicate = true> <Delay = 7.30> <CoreInst = "m_axi">   --->   Core 111 'm_axi' <Latency = 6> <II = 1> <Delay = 1.00> <Adapter> <Opcode : 'read' 'write' 'readreq' 'writereq' 'writeresp'>
ST_43 : Operation 533 [30/71] (7.30ns)   --->   "%gmem1_0_load_req = readreq i1 @_ssdm_op_ReadReq.m_axi.i32P1A, i32 %gmem1_0_addr, i64 1" [kernel.cpp:19]   --->   Operation 533 'readreq' 'gmem1_0_load_req' <Predicate = true> <Delay = 7.30> <CoreInst = "m_axi">   --->   Core 111 'm_axi' <Latency = 6> <II = 1> <Delay = 1.00> <Adapter> <Opcode : 'read' 'write' 'readreq' 'writereq' 'writeresp'>
ST_43 : Operation 534 [30/71] (7.30ns)   --->   "%gmem0_1_load_req = readreq i1 @_ssdm_op_ReadReq.m_axi.i32P1A, i32 %gmem0_1_addr, i64 1" [kernel.cpp:19]   --->   Operation 534 'readreq' 'gmem0_1_load_req' <Predicate = true> <Delay = 7.30> <CoreInst = "m_axi">   --->   Core 111 'm_axi' <Latency = 6> <II = 1> <Delay = 1.00> <Adapter> <Opcode : 'read' 'write' 'readreq' 'writereq' 'writeresp'>
ST_43 : Operation 535 [30/71] (7.30ns)   --->   "%gmem0_2_load_req = readreq i1 @_ssdm_op_ReadReq.m_axi.i32P1A, i32 %gmem0_2_addr, i64 1" [kernel.cpp:19]   --->   Operation 535 'readreq' 'gmem0_2_load_req' <Predicate = true> <Delay = 7.30> <CoreInst = "m_axi">   --->   Core 111 'm_axi' <Latency = 6> <II = 1> <Delay = 1.00> <Adapter> <Opcode : 'read' 'write' 'readreq' 'writereq' 'writeresp'>
ST_43 : Operation 536 [30/71] (7.30ns)   --->   "%gmem0_3_load_req = readreq i1 @_ssdm_op_ReadReq.m_axi.i32P1A, i32 %gmem0_3_addr, i64 1" [kernel.cpp:19]   --->   Operation 536 'readreq' 'gmem0_3_load_req' <Predicate = true> <Delay = 7.30> <CoreInst = "m_axi">   --->   Core 111 'm_axi' <Latency = 6> <II = 1> <Delay = 1.00> <Adapter> <Opcode : 'read' 'write' 'readreq' 'writereq' 'writeresp'>
ST_43 : Operation 537 [30/71] (7.30ns)   --->   "%gmem1_1_load_req = readreq i1 @_ssdm_op_ReadReq.m_axi.i32P1A, i32 %gmem1_1_addr, i64 1" [kernel.cpp:19]   --->   Operation 537 'readreq' 'gmem1_1_load_req' <Predicate = true> <Delay = 7.30> <CoreInst = "m_axi">   --->   Core 111 'm_axi' <Latency = 6> <II = 1> <Delay = 1.00> <Adapter> <Opcode : 'read' 'write' 'readreq' 'writereq' 'writeresp'>
ST_43 : Operation 538 [30/71] (7.30ns)   --->   "%gmem1_2_load_req = readreq i1 @_ssdm_op_ReadReq.m_axi.i32P1A, i32 %gmem1_2_addr, i64 1" [kernel.cpp:19]   --->   Operation 538 'readreq' 'gmem1_2_load_req' <Predicate = true> <Delay = 7.30> <CoreInst = "m_axi">   --->   Core 111 'm_axi' <Latency = 6> <II = 1> <Delay = 1.00> <Adapter> <Opcode : 'read' 'write' 'readreq' 'writereq' 'writeresp'>
ST_43 : Operation 539 [30/71] (7.30ns)   --->   "%gmem1_3_load_req = readreq i1 @_ssdm_op_ReadReq.m_axi.i32P1A, i32 %gmem1_3_addr, i64 1" [kernel.cpp:19]   --->   Operation 539 'readreq' 'gmem1_3_load_req' <Predicate = true> <Delay = 7.30> <CoreInst = "m_axi">   --->   Core 111 'm_axi' <Latency = 6> <II = 1> <Delay = 1.00> <Adapter> <Opcode : 'read' 'write' 'readreq' 'writereq' 'writeresp'>

State 44 <SV = 43> <Delay = 7.30>
ST_44 : Operation 540 [29/71] (7.30ns)   --->   "%gmem0_0_load_req = readreq i1 @_ssdm_op_ReadReq.m_axi.i32P1A, i32 %gmem0_0_addr, i64 1" [kernel.cpp:19]   --->   Operation 540 'readreq' 'gmem0_0_load_req' <Predicate = true> <Delay = 7.30> <CoreInst = "m_axi">   --->   Core 111 'm_axi' <Latency = 6> <II = 1> <Delay = 1.00> <Adapter> <Opcode : 'read' 'write' 'readreq' 'writereq' 'writeresp'>
ST_44 : Operation 541 [29/71] (7.30ns)   --->   "%gmem1_0_load_req = readreq i1 @_ssdm_op_ReadReq.m_axi.i32P1A, i32 %gmem1_0_addr, i64 1" [kernel.cpp:19]   --->   Operation 541 'readreq' 'gmem1_0_load_req' <Predicate = true> <Delay = 7.30> <CoreInst = "m_axi">   --->   Core 111 'm_axi' <Latency = 6> <II = 1> <Delay = 1.00> <Adapter> <Opcode : 'read' 'write' 'readreq' 'writereq' 'writeresp'>
ST_44 : Operation 542 [29/71] (7.30ns)   --->   "%gmem0_1_load_req = readreq i1 @_ssdm_op_ReadReq.m_axi.i32P1A, i32 %gmem0_1_addr, i64 1" [kernel.cpp:19]   --->   Operation 542 'readreq' 'gmem0_1_load_req' <Predicate = true> <Delay = 7.30> <CoreInst = "m_axi">   --->   Core 111 'm_axi' <Latency = 6> <II = 1> <Delay = 1.00> <Adapter> <Opcode : 'read' 'write' 'readreq' 'writereq' 'writeresp'>
ST_44 : Operation 543 [29/71] (7.30ns)   --->   "%gmem0_2_load_req = readreq i1 @_ssdm_op_ReadReq.m_axi.i32P1A, i32 %gmem0_2_addr, i64 1" [kernel.cpp:19]   --->   Operation 543 'readreq' 'gmem0_2_load_req' <Predicate = true> <Delay = 7.30> <CoreInst = "m_axi">   --->   Core 111 'm_axi' <Latency = 6> <II = 1> <Delay = 1.00> <Adapter> <Opcode : 'read' 'write' 'readreq' 'writereq' 'writeresp'>
ST_44 : Operation 544 [29/71] (7.30ns)   --->   "%gmem0_3_load_req = readreq i1 @_ssdm_op_ReadReq.m_axi.i32P1A, i32 %gmem0_3_addr, i64 1" [kernel.cpp:19]   --->   Operation 544 'readreq' 'gmem0_3_load_req' <Predicate = true> <Delay = 7.30> <CoreInst = "m_axi">   --->   Core 111 'm_axi' <Latency = 6> <II = 1> <Delay = 1.00> <Adapter> <Opcode : 'read' 'write' 'readreq' 'writereq' 'writeresp'>
ST_44 : Operation 545 [29/71] (7.30ns)   --->   "%gmem1_1_load_req = readreq i1 @_ssdm_op_ReadReq.m_axi.i32P1A, i32 %gmem1_1_addr, i64 1" [kernel.cpp:19]   --->   Operation 545 'readreq' 'gmem1_1_load_req' <Predicate = true> <Delay = 7.30> <CoreInst = "m_axi">   --->   Core 111 'm_axi' <Latency = 6> <II = 1> <Delay = 1.00> <Adapter> <Opcode : 'read' 'write' 'readreq' 'writereq' 'writeresp'>
ST_44 : Operation 546 [29/71] (7.30ns)   --->   "%gmem1_2_load_req = readreq i1 @_ssdm_op_ReadReq.m_axi.i32P1A, i32 %gmem1_2_addr, i64 1" [kernel.cpp:19]   --->   Operation 546 'readreq' 'gmem1_2_load_req' <Predicate = true> <Delay = 7.30> <CoreInst = "m_axi">   --->   Core 111 'm_axi' <Latency = 6> <II = 1> <Delay = 1.00> <Adapter> <Opcode : 'read' 'write' 'readreq' 'writereq' 'writeresp'>
ST_44 : Operation 547 [29/71] (7.30ns)   --->   "%gmem1_3_load_req = readreq i1 @_ssdm_op_ReadReq.m_axi.i32P1A, i32 %gmem1_3_addr, i64 1" [kernel.cpp:19]   --->   Operation 547 'readreq' 'gmem1_3_load_req' <Predicate = true> <Delay = 7.30> <CoreInst = "m_axi">   --->   Core 111 'm_axi' <Latency = 6> <II = 1> <Delay = 1.00> <Adapter> <Opcode : 'read' 'write' 'readreq' 'writereq' 'writeresp'>

State 45 <SV = 44> <Delay = 7.30>
ST_45 : Operation 548 [28/71] (7.30ns)   --->   "%gmem0_0_load_req = readreq i1 @_ssdm_op_ReadReq.m_axi.i32P1A, i32 %gmem0_0_addr, i64 1" [kernel.cpp:19]   --->   Operation 548 'readreq' 'gmem0_0_load_req' <Predicate = true> <Delay = 7.30> <CoreInst = "m_axi">   --->   Core 111 'm_axi' <Latency = 6> <II = 1> <Delay = 1.00> <Adapter> <Opcode : 'read' 'write' 'readreq' 'writereq' 'writeresp'>
ST_45 : Operation 549 [28/71] (7.30ns)   --->   "%gmem1_0_load_req = readreq i1 @_ssdm_op_ReadReq.m_axi.i32P1A, i32 %gmem1_0_addr, i64 1" [kernel.cpp:19]   --->   Operation 549 'readreq' 'gmem1_0_load_req' <Predicate = true> <Delay = 7.30> <CoreInst = "m_axi">   --->   Core 111 'm_axi' <Latency = 6> <II = 1> <Delay = 1.00> <Adapter> <Opcode : 'read' 'write' 'readreq' 'writereq' 'writeresp'>
ST_45 : Operation 550 [28/71] (7.30ns)   --->   "%gmem0_1_load_req = readreq i1 @_ssdm_op_ReadReq.m_axi.i32P1A, i32 %gmem0_1_addr, i64 1" [kernel.cpp:19]   --->   Operation 550 'readreq' 'gmem0_1_load_req' <Predicate = true> <Delay = 7.30> <CoreInst = "m_axi">   --->   Core 111 'm_axi' <Latency = 6> <II = 1> <Delay = 1.00> <Adapter> <Opcode : 'read' 'write' 'readreq' 'writereq' 'writeresp'>
ST_45 : Operation 551 [28/71] (7.30ns)   --->   "%gmem0_2_load_req = readreq i1 @_ssdm_op_ReadReq.m_axi.i32P1A, i32 %gmem0_2_addr, i64 1" [kernel.cpp:19]   --->   Operation 551 'readreq' 'gmem0_2_load_req' <Predicate = true> <Delay = 7.30> <CoreInst = "m_axi">   --->   Core 111 'm_axi' <Latency = 6> <II = 1> <Delay = 1.00> <Adapter> <Opcode : 'read' 'write' 'readreq' 'writereq' 'writeresp'>
ST_45 : Operation 552 [28/71] (7.30ns)   --->   "%gmem0_3_load_req = readreq i1 @_ssdm_op_ReadReq.m_axi.i32P1A, i32 %gmem0_3_addr, i64 1" [kernel.cpp:19]   --->   Operation 552 'readreq' 'gmem0_3_load_req' <Predicate = true> <Delay = 7.30> <CoreInst = "m_axi">   --->   Core 111 'm_axi' <Latency = 6> <II = 1> <Delay = 1.00> <Adapter> <Opcode : 'read' 'write' 'readreq' 'writereq' 'writeresp'>
ST_45 : Operation 553 [28/71] (7.30ns)   --->   "%gmem1_1_load_req = readreq i1 @_ssdm_op_ReadReq.m_axi.i32P1A, i32 %gmem1_1_addr, i64 1" [kernel.cpp:19]   --->   Operation 553 'readreq' 'gmem1_1_load_req' <Predicate = true> <Delay = 7.30> <CoreInst = "m_axi">   --->   Core 111 'm_axi' <Latency = 6> <II = 1> <Delay = 1.00> <Adapter> <Opcode : 'read' 'write' 'readreq' 'writereq' 'writeresp'>
ST_45 : Operation 554 [28/71] (7.30ns)   --->   "%gmem1_2_load_req = readreq i1 @_ssdm_op_ReadReq.m_axi.i32P1A, i32 %gmem1_2_addr, i64 1" [kernel.cpp:19]   --->   Operation 554 'readreq' 'gmem1_2_load_req' <Predicate = true> <Delay = 7.30> <CoreInst = "m_axi">   --->   Core 111 'm_axi' <Latency = 6> <II = 1> <Delay = 1.00> <Adapter> <Opcode : 'read' 'write' 'readreq' 'writereq' 'writeresp'>
ST_45 : Operation 555 [28/71] (7.30ns)   --->   "%gmem1_3_load_req = readreq i1 @_ssdm_op_ReadReq.m_axi.i32P1A, i32 %gmem1_3_addr, i64 1" [kernel.cpp:19]   --->   Operation 555 'readreq' 'gmem1_3_load_req' <Predicate = true> <Delay = 7.30> <CoreInst = "m_axi">   --->   Core 111 'm_axi' <Latency = 6> <II = 1> <Delay = 1.00> <Adapter> <Opcode : 'read' 'write' 'readreq' 'writereq' 'writeresp'>

State 46 <SV = 45> <Delay = 7.30>
ST_46 : Operation 556 [27/71] (7.30ns)   --->   "%gmem0_0_load_req = readreq i1 @_ssdm_op_ReadReq.m_axi.i32P1A, i32 %gmem0_0_addr, i64 1" [kernel.cpp:19]   --->   Operation 556 'readreq' 'gmem0_0_load_req' <Predicate = true> <Delay = 7.30> <CoreInst = "m_axi">   --->   Core 111 'm_axi' <Latency = 6> <II = 1> <Delay = 1.00> <Adapter> <Opcode : 'read' 'write' 'readreq' 'writereq' 'writeresp'>
ST_46 : Operation 557 [27/71] (7.30ns)   --->   "%gmem1_0_load_req = readreq i1 @_ssdm_op_ReadReq.m_axi.i32P1A, i32 %gmem1_0_addr, i64 1" [kernel.cpp:19]   --->   Operation 557 'readreq' 'gmem1_0_load_req' <Predicate = true> <Delay = 7.30> <CoreInst = "m_axi">   --->   Core 111 'm_axi' <Latency = 6> <II = 1> <Delay = 1.00> <Adapter> <Opcode : 'read' 'write' 'readreq' 'writereq' 'writeresp'>
ST_46 : Operation 558 [27/71] (7.30ns)   --->   "%gmem0_1_load_req = readreq i1 @_ssdm_op_ReadReq.m_axi.i32P1A, i32 %gmem0_1_addr, i64 1" [kernel.cpp:19]   --->   Operation 558 'readreq' 'gmem0_1_load_req' <Predicate = true> <Delay = 7.30> <CoreInst = "m_axi">   --->   Core 111 'm_axi' <Latency = 6> <II = 1> <Delay = 1.00> <Adapter> <Opcode : 'read' 'write' 'readreq' 'writereq' 'writeresp'>
ST_46 : Operation 559 [27/71] (7.30ns)   --->   "%gmem0_2_load_req = readreq i1 @_ssdm_op_ReadReq.m_axi.i32P1A, i32 %gmem0_2_addr, i64 1" [kernel.cpp:19]   --->   Operation 559 'readreq' 'gmem0_2_load_req' <Predicate = true> <Delay = 7.30> <CoreInst = "m_axi">   --->   Core 111 'm_axi' <Latency = 6> <II = 1> <Delay = 1.00> <Adapter> <Opcode : 'read' 'write' 'readreq' 'writereq' 'writeresp'>
ST_46 : Operation 560 [27/71] (7.30ns)   --->   "%gmem0_3_load_req = readreq i1 @_ssdm_op_ReadReq.m_axi.i32P1A, i32 %gmem0_3_addr, i64 1" [kernel.cpp:19]   --->   Operation 560 'readreq' 'gmem0_3_load_req' <Predicate = true> <Delay = 7.30> <CoreInst = "m_axi">   --->   Core 111 'm_axi' <Latency = 6> <II = 1> <Delay = 1.00> <Adapter> <Opcode : 'read' 'write' 'readreq' 'writereq' 'writeresp'>
ST_46 : Operation 561 [27/71] (7.30ns)   --->   "%gmem1_1_load_req = readreq i1 @_ssdm_op_ReadReq.m_axi.i32P1A, i32 %gmem1_1_addr, i64 1" [kernel.cpp:19]   --->   Operation 561 'readreq' 'gmem1_1_load_req' <Predicate = true> <Delay = 7.30> <CoreInst = "m_axi">   --->   Core 111 'm_axi' <Latency = 6> <II = 1> <Delay = 1.00> <Adapter> <Opcode : 'read' 'write' 'readreq' 'writereq' 'writeresp'>
ST_46 : Operation 562 [27/71] (7.30ns)   --->   "%gmem1_2_load_req = readreq i1 @_ssdm_op_ReadReq.m_axi.i32P1A, i32 %gmem1_2_addr, i64 1" [kernel.cpp:19]   --->   Operation 562 'readreq' 'gmem1_2_load_req' <Predicate = true> <Delay = 7.30> <CoreInst = "m_axi">   --->   Core 111 'm_axi' <Latency = 6> <II = 1> <Delay = 1.00> <Adapter> <Opcode : 'read' 'write' 'readreq' 'writereq' 'writeresp'>
ST_46 : Operation 563 [27/71] (7.30ns)   --->   "%gmem1_3_load_req = readreq i1 @_ssdm_op_ReadReq.m_axi.i32P1A, i32 %gmem1_3_addr, i64 1" [kernel.cpp:19]   --->   Operation 563 'readreq' 'gmem1_3_load_req' <Predicate = true> <Delay = 7.30> <CoreInst = "m_axi">   --->   Core 111 'm_axi' <Latency = 6> <II = 1> <Delay = 1.00> <Adapter> <Opcode : 'read' 'write' 'readreq' 'writereq' 'writeresp'>

State 47 <SV = 46> <Delay = 7.30>
ST_47 : Operation 564 [26/71] (7.30ns)   --->   "%gmem0_0_load_req = readreq i1 @_ssdm_op_ReadReq.m_axi.i32P1A, i32 %gmem0_0_addr, i64 1" [kernel.cpp:19]   --->   Operation 564 'readreq' 'gmem0_0_load_req' <Predicate = true> <Delay = 7.30> <CoreInst = "m_axi">   --->   Core 111 'm_axi' <Latency = 6> <II = 1> <Delay = 1.00> <Adapter> <Opcode : 'read' 'write' 'readreq' 'writereq' 'writeresp'>
ST_47 : Operation 565 [26/71] (7.30ns)   --->   "%gmem1_0_load_req = readreq i1 @_ssdm_op_ReadReq.m_axi.i32P1A, i32 %gmem1_0_addr, i64 1" [kernel.cpp:19]   --->   Operation 565 'readreq' 'gmem1_0_load_req' <Predicate = true> <Delay = 7.30> <CoreInst = "m_axi">   --->   Core 111 'm_axi' <Latency = 6> <II = 1> <Delay = 1.00> <Adapter> <Opcode : 'read' 'write' 'readreq' 'writereq' 'writeresp'>
ST_47 : Operation 566 [26/71] (7.30ns)   --->   "%gmem0_1_load_req = readreq i1 @_ssdm_op_ReadReq.m_axi.i32P1A, i32 %gmem0_1_addr, i64 1" [kernel.cpp:19]   --->   Operation 566 'readreq' 'gmem0_1_load_req' <Predicate = true> <Delay = 7.30> <CoreInst = "m_axi">   --->   Core 111 'm_axi' <Latency = 6> <II = 1> <Delay = 1.00> <Adapter> <Opcode : 'read' 'write' 'readreq' 'writereq' 'writeresp'>
ST_47 : Operation 567 [26/71] (7.30ns)   --->   "%gmem0_2_load_req = readreq i1 @_ssdm_op_ReadReq.m_axi.i32P1A, i32 %gmem0_2_addr, i64 1" [kernel.cpp:19]   --->   Operation 567 'readreq' 'gmem0_2_load_req' <Predicate = true> <Delay = 7.30> <CoreInst = "m_axi">   --->   Core 111 'm_axi' <Latency = 6> <II = 1> <Delay = 1.00> <Adapter> <Opcode : 'read' 'write' 'readreq' 'writereq' 'writeresp'>
ST_47 : Operation 568 [26/71] (7.30ns)   --->   "%gmem0_3_load_req = readreq i1 @_ssdm_op_ReadReq.m_axi.i32P1A, i32 %gmem0_3_addr, i64 1" [kernel.cpp:19]   --->   Operation 568 'readreq' 'gmem0_3_load_req' <Predicate = true> <Delay = 7.30> <CoreInst = "m_axi">   --->   Core 111 'm_axi' <Latency = 6> <II = 1> <Delay = 1.00> <Adapter> <Opcode : 'read' 'write' 'readreq' 'writereq' 'writeresp'>
ST_47 : Operation 569 [26/71] (7.30ns)   --->   "%gmem1_1_load_req = readreq i1 @_ssdm_op_ReadReq.m_axi.i32P1A, i32 %gmem1_1_addr, i64 1" [kernel.cpp:19]   --->   Operation 569 'readreq' 'gmem1_1_load_req' <Predicate = true> <Delay = 7.30> <CoreInst = "m_axi">   --->   Core 111 'm_axi' <Latency = 6> <II = 1> <Delay = 1.00> <Adapter> <Opcode : 'read' 'write' 'readreq' 'writereq' 'writeresp'>
ST_47 : Operation 570 [26/71] (7.30ns)   --->   "%gmem1_2_load_req = readreq i1 @_ssdm_op_ReadReq.m_axi.i32P1A, i32 %gmem1_2_addr, i64 1" [kernel.cpp:19]   --->   Operation 570 'readreq' 'gmem1_2_load_req' <Predicate = true> <Delay = 7.30> <CoreInst = "m_axi">   --->   Core 111 'm_axi' <Latency = 6> <II = 1> <Delay = 1.00> <Adapter> <Opcode : 'read' 'write' 'readreq' 'writereq' 'writeresp'>
ST_47 : Operation 571 [26/71] (7.30ns)   --->   "%gmem1_3_load_req = readreq i1 @_ssdm_op_ReadReq.m_axi.i32P1A, i32 %gmem1_3_addr, i64 1" [kernel.cpp:19]   --->   Operation 571 'readreq' 'gmem1_3_load_req' <Predicate = true> <Delay = 7.30> <CoreInst = "m_axi">   --->   Core 111 'm_axi' <Latency = 6> <II = 1> <Delay = 1.00> <Adapter> <Opcode : 'read' 'write' 'readreq' 'writereq' 'writeresp'>

State 48 <SV = 47> <Delay = 7.30>
ST_48 : Operation 572 [25/71] (7.30ns)   --->   "%gmem0_0_load_req = readreq i1 @_ssdm_op_ReadReq.m_axi.i32P1A, i32 %gmem0_0_addr, i64 1" [kernel.cpp:19]   --->   Operation 572 'readreq' 'gmem0_0_load_req' <Predicate = true> <Delay = 7.30> <CoreInst = "m_axi">   --->   Core 111 'm_axi' <Latency = 6> <II = 1> <Delay = 1.00> <Adapter> <Opcode : 'read' 'write' 'readreq' 'writereq' 'writeresp'>
ST_48 : Operation 573 [25/71] (7.30ns)   --->   "%gmem1_0_load_req = readreq i1 @_ssdm_op_ReadReq.m_axi.i32P1A, i32 %gmem1_0_addr, i64 1" [kernel.cpp:19]   --->   Operation 573 'readreq' 'gmem1_0_load_req' <Predicate = true> <Delay = 7.30> <CoreInst = "m_axi">   --->   Core 111 'm_axi' <Latency = 6> <II = 1> <Delay = 1.00> <Adapter> <Opcode : 'read' 'write' 'readreq' 'writereq' 'writeresp'>
ST_48 : Operation 574 [25/71] (7.30ns)   --->   "%gmem0_1_load_req = readreq i1 @_ssdm_op_ReadReq.m_axi.i32P1A, i32 %gmem0_1_addr, i64 1" [kernel.cpp:19]   --->   Operation 574 'readreq' 'gmem0_1_load_req' <Predicate = true> <Delay = 7.30> <CoreInst = "m_axi">   --->   Core 111 'm_axi' <Latency = 6> <II = 1> <Delay = 1.00> <Adapter> <Opcode : 'read' 'write' 'readreq' 'writereq' 'writeresp'>
ST_48 : Operation 575 [25/71] (7.30ns)   --->   "%gmem0_2_load_req = readreq i1 @_ssdm_op_ReadReq.m_axi.i32P1A, i32 %gmem0_2_addr, i64 1" [kernel.cpp:19]   --->   Operation 575 'readreq' 'gmem0_2_load_req' <Predicate = true> <Delay = 7.30> <CoreInst = "m_axi">   --->   Core 111 'm_axi' <Latency = 6> <II = 1> <Delay = 1.00> <Adapter> <Opcode : 'read' 'write' 'readreq' 'writereq' 'writeresp'>
ST_48 : Operation 576 [25/71] (7.30ns)   --->   "%gmem0_3_load_req = readreq i1 @_ssdm_op_ReadReq.m_axi.i32P1A, i32 %gmem0_3_addr, i64 1" [kernel.cpp:19]   --->   Operation 576 'readreq' 'gmem0_3_load_req' <Predicate = true> <Delay = 7.30> <CoreInst = "m_axi">   --->   Core 111 'm_axi' <Latency = 6> <II = 1> <Delay = 1.00> <Adapter> <Opcode : 'read' 'write' 'readreq' 'writereq' 'writeresp'>
ST_48 : Operation 577 [25/71] (7.30ns)   --->   "%gmem1_1_load_req = readreq i1 @_ssdm_op_ReadReq.m_axi.i32P1A, i32 %gmem1_1_addr, i64 1" [kernel.cpp:19]   --->   Operation 577 'readreq' 'gmem1_1_load_req' <Predicate = true> <Delay = 7.30> <CoreInst = "m_axi">   --->   Core 111 'm_axi' <Latency = 6> <II = 1> <Delay = 1.00> <Adapter> <Opcode : 'read' 'write' 'readreq' 'writereq' 'writeresp'>
ST_48 : Operation 578 [25/71] (7.30ns)   --->   "%gmem1_2_load_req = readreq i1 @_ssdm_op_ReadReq.m_axi.i32P1A, i32 %gmem1_2_addr, i64 1" [kernel.cpp:19]   --->   Operation 578 'readreq' 'gmem1_2_load_req' <Predicate = true> <Delay = 7.30> <CoreInst = "m_axi">   --->   Core 111 'm_axi' <Latency = 6> <II = 1> <Delay = 1.00> <Adapter> <Opcode : 'read' 'write' 'readreq' 'writereq' 'writeresp'>
ST_48 : Operation 579 [25/71] (7.30ns)   --->   "%gmem1_3_load_req = readreq i1 @_ssdm_op_ReadReq.m_axi.i32P1A, i32 %gmem1_3_addr, i64 1" [kernel.cpp:19]   --->   Operation 579 'readreq' 'gmem1_3_load_req' <Predicate = true> <Delay = 7.30> <CoreInst = "m_axi">   --->   Core 111 'm_axi' <Latency = 6> <II = 1> <Delay = 1.00> <Adapter> <Opcode : 'read' 'write' 'readreq' 'writereq' 'writeresp'>

State 49 <SV = 48> <Delay = 7.30>
ST_49 : Operation 580 [24/71] (7.30ns)   --->   "%gmem0_0_load_req = readreq i1 @_ssdm_op_ReadReq.m_axi.i32P1A, i32 %gmem0_0_addr, i64 1" [kernel.cpp:19]   --->   Operation 580 'readreq' 'gmem0_0_load_req' <Predicate = true> <Delay = 7.30> <CoreInst = "m_axi">   --->   Core 111 'm_axi' <Latency = 6> <II = 1> <Delay = 1.00> <Adapter> <Opcode : 'read' 'write' 'readreq' 'writereq' 'writeresp'>
ST_49 : Operation 581 [24/71] (7.30ns)   --->   "%gmem1_0_load_req = readreq i1 @_ssdm_op_ReadReq.m_axi.i32P1A, i32 %gmem1_0_addr, i64 1" [kernel.cpp:19]   --->   Operation 581 'readreq' 'gmem1_0_load_req' <Predicate = true> <Delay = 7.30> <CoreInst = "m_axi">   --->   Core 111 'm_axi' <Latency = 6> <II = 1> <Delay = 1.00> <Adapter> <Opcode : 'read' 'write' 'readreq' 'writereq' 'writeresp'>
ST_49 : Operation 582 [24/71] (7.30ns)   --->   "%gmem0_1_load_req = readreq i1 @_ssdm_op_ReadReq.m_axi.i32P1A, i32 %gmem0_1_addr, i64 1" [kernel.cpp:19]   --->   Operation 582 'readreq' 'gmem0_1_load_req' <Predicate = true> <Delay = 7.30> <CoreInst = "m_axi">   --->   Core 111 'm_axi' <Latency = 6> <II = 1> <Delay = 1.00> <Adapter> <Opcode : 'read' 'write' 'readreq' 'writereq' 'writeresp'>
ST_49 : Operation 583 [24/71] (7.30ns)   --->   "%gmem0_2_load_req = readreq i1 @_ssdm_op_ReadReq.m_axi.i32P1A, i32 %gmem0_2_addr, i64 1" [kernel.cpp:19]   --->   Operation 583 'readreq' 'gmem0_2_load_req' <Predicate = true> <Delay = 7.30> <CoreInst = "m_axi">   --->   Core 111 'm_axi' <Latency = 6> <II = 1> <Delay = 1.00> <Adapter> <Opcode : 'read' 'write' 'readreq' 'writereq' 'writeresp'>
ST_49 : Operation 584 [24/71] (7.30ns)   --->   "%gmem0_3_load_req = readreq i1 @_ssdm_op_ReadReq.m_axi.i32P1A, i32 %gmem0_3_addr, i64 1" [kernel.cpp:19]   --->   Operation 584 'readreq' 'gmem0_3_load_req' <Predicate = true> <Delay = 7.30> <CoreInst = "m_axi">   --->   Core 111 'm_axi' <Latency = 6> <II = 1> <Delay = 1.00> <Adapter> <Opcode : 'read' 'write' 'readreq' 'writereq' 'writeresp'>
ST_49 : Operation 585 [24/71] (7.30ns)   --->   "%gmem1_1_load_req = readreq i1 @_ssdm_op_ReadReq.m_axi.i32P1A, i32 %gmem1_1_addr, i64 1" [kernel.cpp:19]   --->   Operation 585 'readreq' 'gmem1_1_load_req' <Predicate = true> <Delay = 7.30> <CoreInst = "m_axi">   --->   Core 111 'm_axi' <Latency = 6> <II = 1> <Delay = 1.00> <Adapter> <Opcode : 'read' 'write' 'readreq' 'writereq' 'writeresp'>
ST_49 : Operation 586 [24/71] (7.30ns)   --->   "%gmem1_2_load_req = readreq i1 @_ssdm_op_ReadReq.m_axi.i32P1A, i32 %gmem1_2_addr, i64 1" [kernel.cpp:19]   --->   Operation 586 'readreq' 'gmem1_2_load_req' <Predicate = true> <Delay = 7.30> <CoreInst = "m_axi">   --->   Core 111 'm_axi' <Latency = 6> <II = 1> <Delay = 1.00> <Adapter> <Opcode : 'read' 'write' 'readreq' 'writereq' 'writeresp'>
ST_49 : Operation 587 [24/71] (7.30ns)   --->   "%gmem1_3_load_req = readreq i1 @_ssdm_op_ReadReq.m_axi.i32P1A, i32 %gmem1_3_addr, i64 1" [kernel.cpp:19]   --->   Operation 587 'readreq' 'gmem1_3_load_req' <Predicate = true> <Delay = 7.30> <CoreInst = "m_axi">   --->   Core 111 'm_axi' <Latency = 6> <II = 1> <Delay = 1.00> <Adapter> <Opcode : 'read' 'write' 'readreq' 'writereq' 'writeresp'>

State 50 <SV = 49> <Delay = 7.30>
ST_50 : Operation 588 [23/71] (7.30ns)   --->   "%gmem0_0_load_req = readreq i1 @_ssdm_op_ReadReq.m_axi.i32P1A, i32 %gmem0_0_addr, i64 1" [kernel.cpp:19]   --->   Operation 588 'readreq' 'gmem0_0_load_req' <Predicate = true> <Delay = 7.30> <CoreInst = "m_axi">   --->   Core 111 'm_axi' <Latency = 6> <II = 1> <Delay = 1.00> <Adapter> <Opcode : 'read' 'write' 'readreq' 'writereq' 'writeresp'>
ST_50 : Operation 589 [23/71] (7.30ns)   --->   "%gmem1_0_load_req = readreq i1 @_ssdm_op_ReadReq.m_axi.i32P1A, i32 %gmem1_0_addr, i64 1" [kernel.cpp:19]   --->   Operation 589 'readreq' 'gmem1_0_load_req' <Predicate = true> <Delay = 7.30> <CoreInst = "m_axi">   --->   Core 111 'm_axi' <Latency = 6> <II = 1> <Delay = 1.00> <Adapter> <Opcode : 'read' 'write' 'readreq' 'writereq' 'writeresp'>
ST_50 : Operation 590 [23/71] (7.30ns)   --->   "%gmem0_1_load_req = readreq i1 @_ssdm_op_ReadReq.m_axi.i32P1A, i32 %gmem0_1_addr, i64 1" [kernel.cpp:19]   --->   Operation 590 'readreq' 'gmem0_1_load_req' <Predicate = true> <Delay = 7.30> <CoreInst = "m_axi">   --->   Core 111 'm_axi' <Latency = 6> <II = 1> <Delay = 1.00> <Adapter> <Opcode : 'read' 'write' 'readreq' 'writereq' 'writeresp'>
ST_50 : Operation 591 [23/71] (7.30ns)   --->   "%gmem0_2_load_req = readreq i1 @_ssdm_op_ReadReq.m_axi.i32P1A, i32 %gmem0_2_addr, i64 1" [kernel.cpp:19]   --->   Operation 591 'readreq' 'gmem0_2_load_req' <Predicate = true> <Delay = 7.30> <CoreInst = "m_axi">   --->   Core 111 'm_axi' <Latency = 6> <II = 1> <Delay = 1.00> <Adapter> <Opcode : 'read' 'write' 'readreq' 'writereq' 'writeresp'>
ST_50 : Operation 592 [23/71] (7.30ns)   --->   "%gmem0_3_load_req = readreq i1 @_ssdm_op_ReadReq.m_axi.i32P1A, i32 %gmem0_3_addr, i64 1" [kernel.cpp:19]   --->   Operation 592 'readreq' 'gmem0_3_load_req' <Predicate = true> <Delay = 7.30> <CoreInst = "m_axi">   --->   Core 111 'm_axi' <Latency = 6> <II = 1> <Delay = 1.00> <Adapter> <Opcode : 'read' 'write' 'readreq' 'writereq' 'writeresp'>
ST_50 : Operation 593 [23/71] (7.30ns)   --->   "%gmem1_1_load_req = readreq i1 @_ssdm_op_ReadReq.m_axi.i32P1A, i32 %gmem1_1_addr, i64 1" [kernel.cpp:19]   --->   Operation 593 'readreq' 'gmem1_1_load_req' <Predicate = true> <Delay = 7.30> <CoreInst = "m_axi">   --->   Core 111 'm_axi' <Latency = 6> <II = 1> <Delay = 1.00> <Adapter> <Opcode : 'read' 'write' 'readreq' 'writereq' 'writeresp'>
ST_50 : Operation 594 [23/71] (7.30ns)   --->   "%gmem1_2_load_req = readreq i1 @_ssdm_op_ReadReq.m_axi.i32P1A, i32 %gmem1_2_addr, i64 1" [kernel.cpp:19]   --->   Operation 594 'readreq' 'gmem1_2_load_req' <Predicate = true> <Delay = 7.30> <CoreInst = "m_axi">   --->   Core 111 'm_axi' <Latency = 6> <II = 1> <Delay = 1.00> <Adapter> <Opcode : 'read' 'write' 'readreq' 'writereq' 'writeresp'>
ST_50 : Operation 595 [23/71] (7.30ns)   --->   "%gmem1_3_load_req = readreq i1 @_ssdm_op_ReadReq.m_axi.i32P1A, i32 %gmem1_3_addr, i64 1" [kernel.cpp:19]   --->   Operation 595 'readreq' 'gmem1_3_load_req' <Predicate = true> <Delay = 7.30> <CoreInst = "m_axi">   --->   Core 111 'm_axi' <Latency = 6> <II = 1> <Delay = 1.00> <Adapter> <Opcode : 'read' 'write' 'readreq' 'writereq' 'writeresp'>

State 51 <SV = 50> <Delay = 7.30>
ST_51 : Operation 596 [22/71] (7.30ns)   --->   "%gmem0_0_load_req = readreq i1 @_ssdm_op_ReadReq.m_axi.i32P1A, i32 %gmem0_0_addr, i64 1" [kernel.cpp:19]   --->   Operation 596 'readreq' 'gmem0_0_load_req' <Predicate = true> <Delay = 7.30> <CoreInst = "m_axi">   --->   Core 111 'm_axi' <Latency = 6> <II = 1> <Delay = 1.00> <Adapter> <Opcode : 'read' 'write' 'readreq' 'writereq' 'writeresp'>
ST_51 : Operation 597 [22/71] (7.30ns)   --->   "%gmem1_0_load_req = readreq i1 @_ssdm_op_ReadReq.m_axi.i32P1A, i32 %gmem1_0_addr, i64 1" [kernel.cpp:19]   --->   Operation 597 'readreq' 'gmem1_0_load_req' <Predicate = true> <Delay = 7.30> <CoreInst = "m_axi">   --->   Core 111 'm_axi' <Latency = 6> <II = 1> <Delay = 1.00> <Adapter> <Opcode : 'read' 'write' 'readreq' 'writereq' 'writeresp'>
ST_51 : Operation 598 [22/71] (7.30ns)   --->   "%gmem0_1_load_req = readreq i1 @_ssdm_op_ReadReq.m_axi.i32P1A, i32 %gmem0_1_addr, i64 1" [kernel.cpp:19]   --->   Operation 598 'readreq' 'gmem0_1_load_req' <Predicate = true> <Delay = 7.30> <CoreInst = "m_axi">   --->   Core 111 'm_axi' <Latency = 6> <II = 1> <Delay = 1.00> <Adapter> <Opcode : 'read' 'write' 'readreq' 'writereq' 'writeresp'>
ST_51 : Operation 599 [22/71] (7.30ns)   --->   "%gmem0_2_load_req = readreq i1 @_ssdm_op_ReadReq.m_axi.i32P1A, i32 %gmem0_2_addr, i64 1" [kernel.cpp:19]   --->   Operation 599 'readreq' 'gmem0_2_load_req' <Predicate = true> <Delay = 7.30> <CoreInst = "m_axi">   --->   Core 111 'm_axi' <Latency = 6> <II = 1> <Delay = 1.00> <Adapter> <Opcode : 'read' 'write' 'readreq' 'writereq' 'writeresp'>
ST_51 : Operation 600 [22/71] (7.30ns)   --->   "%gmem0_3_load_req = readreq i1 @_ssdm_op_ReadReq.m_axi.i32P1A, i32 %gmem0_3_addr, i64 1" [kernel.cpp:19]   --->   Operation 600 'readreq' 'gmem0_3_load_req' <Predicate = true> <Delay = 7.30> <CoreInst = "m_axi">   --->   Core 111 'm_axi' <Latency = 6> <II = 1> <Delay = 1.00> <Adapter> <Opcode : 'read' 'write' 'readreq' 'writereq' 'writeresp'>
ST_51 : Operation 601 [22/71] (7.30ns)   --->   "%gmem1_1_load_req = readreq i1 @_ssdm_op_ReadReq.m_axi.i32P1A, i32 %gmem1_1_addr, i64 1" [kernel.cpp:19]   --->   Operation 601 'readreq' 'gmem1_1_load_req' <Predicate = true> <Delay = 7.30> <CoreInst = "m_axi">   --->   Core 111 'm_axi' <Latency = 6> <II = 1> <Delay = 1.00> <Adapter> <Opcode : 'read' 'write' 'readreq' 'writereq' 'writeresp'>
ST_51 : Operation 602 [22/71] (7.30ns)   --->   "%gmem1_2_load_req = readreq i1 @_ssdm_op_ReadReq.m_axi.i32P1A, i32 %gmem1_2_addr, i64 1" [kernel.cpp:19]   --->   Operation 602 'readreq' 'gmem1_2_load_req' <Predicate = true> <Delay = 7.30> <CoreInst = "m_axi">   --->   Core 111 'm_axi' <Latency = 6> <II = 1> <Delay = 1.00> <Adapter> <Opcode : 'read' 'write' 'readreq' 'writereq' 'writeresp'>
ST_51 : Operation 603 [22/71] (7.30ns)   --->   "%gmem1_3_load_req = readreq i1 @_ssdm_op_ReadReq.m_axi.i32P1A, i32 %gmem1_3_addr, i64 1" [kernel.cpp:19]   --->   Operation 603 'readreq' 'gmem1_3_load_req' <Predicate = true> <Delay = 7.30> <CoreInst = "m_axi">   --->   Core 111 'm_axi' <Latency = 6> <II = 1> <Delay = 1.00> <Adapter> <Opcode : 'read' 'write' 'readreq' 'writereq' 'writeresp'>

State 52 <SV = 51> <Delay = 7.30>
ST_52 : Operation 604 [21/71] (7.30ns)   --->   "%gmem0_0_load_req = readreq i1 @_ssdm_op_ReadReq.m_axi.i32P1A, i32 %gmem0_0_addr, i64 1" [kernel.cpp:19]   --->   Operation 604 'readreq' 'gmem0_0_load_req' <Predicate = true> <Delay = 7.30> <CoreInst = "m_axi">   --->   Core 111 'm_axi' <Latency = 6> <II = 1> <Delay = 1.00> <Adapter> <Opcode : 'read' 'write' 'readreq' 'writereq' 'writeresp'>
ST_52 : Operation 605 [21/71] (7.30ns)   --->   "%gmem1_0_load_req = readreq i1 @_ssdm_op_ReadReq.m_axi.i32P1A, i32 %gmem1_0_addr, i64 1" [kernel.cpp:19]   --->   Operation 605 'readreq' 'gmem1_0_load_req' <Predicate = true> <Delay = 7.30> <CoreInst = "m_axi">   --->   Core 111 'm_axi' <Latency = 6> <II = 1> <Delay = 1.00> <Adapter> <Opcode : 'read' 'write' 'readreq' 'writereq' 'writeresp'>
ST_52 : Operation 606 [21/71] (7.30ns)   --->   "%gmem0_1_load_req = readreq i1 @_ssdm_op_ReadReq.m_axi.i32P1A, i32 %gmem0_1_addr, i64 1" [kernel.cpp:19]   --->   Operation 606 'readreq' 'gmem0_1_load_req' <Predicate = true> <Delay = 7.30> <CoreInst = "m_axi">   --->   Core 111 'm_axi' <Latency = 6> <II = 1> <Delay = 1.00> <Adapter> <Opcode : 'read' 'write' 'readreq' 'writereq' 'writeresp'>
ST_52 : Operation 607 [21/71] (7.30ns)   --->   "%gmem0_2_load_req = readreq i1 @_ssdm_op_ReadReq.m_axi.i32P1A, i32 %gmem0_2_addr, i64 1" [kernel.cpp:19]   --->   Operation 607 'readreq' 'gmem0_2_load_req' <Predicate = true> <Delay = 7.30> <CoreInst = "m_axi">   --->   Core 111 'm_axi' <Latency = 6> <II = 1> <Delay = 1.00> <Adapter> <Opcode : 'read' 'write' 'readreq' 'writereq' 'writeresp'>
ST_52 : Operation 608 [21/71] (7.30ns)   --->   "%gmem0_3_load_req = readreq i1 @_ssdm_op_ReadReq.m_axi.i32P1A, i32 %gmem0_3_addr, i64 1" [kernel.cpp:19]   --->   Operation 608 'readreq' 'gmem0_3_load_req' <Predicate = true> <Delay = 7.30> <CoreInst = "m_axi">   --->   Core 111 'm_axi' <Latency = 6> <II = 1> <Delay = 1.00> <Adapter> <Opcode : 'read' 'write' 'readreq' 'writereq' 'writeresp'>
ST_52 : Operation 609 [21/71] (7.30ns)   --->   "%gmem1_1_load_req = readreq i1 @_ssdm_op_ReadReq.m_axi.i32P1A, i32 %gmem1_1_addr, i64 1" [kernel.cpp:19]   --->   Operation 609 'readreq' 'gmem1_1_load_req' <Predicate = true> <Delay = 7.30> <CoreInst = "m_axi">   --->   Core 111 'm_axi' <Latency = 6> <II = 1> <Delay = 1.00> <Adapter> <Opcode : 'read' 'write' 'readreq' 'writereq' 'writeresp'>
ST_52 : Operation 610 [21/71] (7.30ns)   --->   "%gmem1_2_load_req = readreq i1 @_ssdm_op_ReadReq.m_axi.i32P1A, i32 %gmem1_2_addr, i64 1" [kernel.cpp:19]   --->   Operation 610 'readreq' 'gmem1_2_load_req' <Predicate = true> <Delay = 7.30> <CoreInst = "m_axi">   --->   Core 111 'm_axi' <Latency = 6> <II = 1> <Delay = 1.00> <Adapter> <Opcode : 'read' 'write' 'readreq' 'writereq' 'writeresp'>
ST_52 : Operation 611 [21/71] (7.30ns)   --->   "%gmem1_3_load_req = readreq i1 @_ssdm_op_ReadReq.m_axi.i32P1A, i32 %gmem1_3_addr, i64 1" [kernel.cpp:19]   --->   Operation 611 'readreq' 'gmem1_3_load_req' <Predicate = true> <Delay = 7.30> <CoreInst = "m_axi">   --->   Core 111 'm_axi' <Latency = 6> <II = 1> <Delay = 1.00> <Adapter> <Opcode : 'read' 'write' 'readreq' 'writereq' 'writeresp'>

State 53 <SV = 52> <Delay = 7.30>
ST_53 : Operation 612 [20/71] (7.30ns)   --->   "%gmem0_0_load_req = readreq i1 @_ssdm_op_ReadReq.m_axi.i32P1A, i32 %gmem0_0_addr, i64 1" [kernel.cpp:19]   --->   Operation 612 'readreq' 'gmem0_0_load_req' <Predicate = true> <Delay = 7.30> <CoreInst = "m_axi">   --->   Core 111 'm_axi' <Latency = 6> <II = 1> <Delay = 1.00> <Adapter> <Opcode : 'read' 'write' 'readreq' 'writereq' 'writeresp'>
ST_53 : Operation 613 [20/71] (7.30ns)   --->   "%gmem1_0_load_req = readreq i1 @_ssdm_op_ReadReq.m_axi.i32P1A, i32 %gmem1_0_addr, i64 1" [kernel.cpp:19]   --->   Operation 613 'readreq' 'gmem1_0_load_req' <Predicate = true> <Delay = 7.30> <CoreInst = "m_axi">   --->   Core 111 'm_axi' <Latency = 6> <II = 1> <Delay = 1.00> <Adapter> <Opcode : 'read' 'write' 'readreq' 'writereq' 'writeresp'>
ST_53 : Operation 614 [20/71] (7.30ns)   --->   "%gmem0_1_load_req = readreq i1 @_ssdm_op_ReadReq.m_axi.i32P1A, i32 %gmem0_1_addr, i64 1" [kernel.cpp:19]   --->   Operation 614 'readreq' 'gmem0_1_load_req' <Predicate = true> <Delay = 7.30> <CoreInst = "m_axi">   --->   Core 111 'm_axi' <Latency = 6> <II = 1> <Delay = 1.00> <Adapter> <Opcode : 'read' 'write' 'readreq' 'writereq' 'writeresp'>
ST_53 : Operation 615 [20/71] (7.30ns)   --->   "%gmem0_2_load_req = readreq i1 @_ssdm_op_ReadReq.m_axi.i32P1A, i32 %gmem0_2_addr, i64 1" [kernel.cpp:19]   --->   Operation 615 'readreq' 'gmem0_2_load_req' <Predicate = true> <Delay = 7.30> <CoreInst = "m_axi">   --->   Core 111 'm_axi' <Latency = 6> <II = 1> <Delay = 1.00> <Adapter> <Opcode : 'read' 'write' 'readreq' 'writereq' 'writeresp'>
ST_53 : Operation 616 [20/71] (7.30ns)   --->   "%gmem0_3_load_req = readreq i1 @_ssdm_op_ReadReq.m_axi.i32P1A, i32 %gmem0_3_addr, i64 1" [kernel.cpp:19]   --->   Operation 616 'readreq' 'gmem0_3_load_req' <Predicate = true> <Delay = 7.30> <CoreInst = "m_axi">   --->   Core 111 'm_axi' <Latency = 6> <II = 1> <Delay = 1.00> <Adapter> <Opcode : 'read' 'write' 'readreq' 'writereq' 'writeresp'>
ST_53 : Operation 617 [20/71] (7.30ns)   --->   "%gmem1_1_load_req = readreq i1 @_ssdm_op_ReadReq.m_axi.i32P1A, i32 %gmem1_1_addr, i64 1" [kernel.cpp:19]   --->   Operation 617 'readreq' 'gmem1_1_load_req' <Predicate = true> <Delay = 7.30> <CoreInst = "m_axi">   --->   Core 111 'm_axi' <Latency = 6> <II = 1> <Delay = 1.00> <Adapter> <Opcode : 'read' 'write' 'readreq' 'writereq' 'writeresp'>
ST_53 : Operation 618 [20/71] (7.30ns)   --->   "%gmem1_2_load_req = readreq i1 @_ssdm_op_ReadReq.m_axi.i32P1A, i32 %gmem1_2_addr, i64 1" [kernel.cpp:19]   --->   Operation 618 'readreq' 'gmem1_2_load_req' <Predicate = true> <Delay = 7.30> <CoreInst = "m_axi">   --->   Core 111 'm_axi' <Latency = 6> <II = 1> <Delay = 1.00> <Adapter> <Opcode : 'read' 'write' 'readreq' 'writereq' 'writeresp'>
ST_53 : Operation 619 [20/71] (7.30ns)   --->   "%gmem1_3_load_req = readreq i1 @_ssdm_op_ReadReq.m_axi.i32P1A, i32 %gmem1_3_addr, i64 1" [kernel.cpp:19]   --->   Operation 619 'readreq' 'gmem1_3_load_req' <Predicate = true> <Delay = 7.30> <CoreInst = "m_axi">   --->   Core 111 'm_axi' <Latency = 6> <II = 1> <Delay = 1.00> <Adapter> <Opcode : 'read' 'write' 'readreq' 'writereq' 'writeresp'>

State 54 <SV = 53> <Delay = 7.30>
ST_54 : Operation 620 [19/71] (7.30ns)   --->   "%gmem0_0_load_req = readreq i1 @_ssdm_op_ReadReq.m_axi.i32P1A, i32 %gmem0_0_addr, i64 1" [kernel.cpp:19]   --->   Operation 620 'readreq' 'gmem0_0_load_req' <Predicate = true> <Delay = 7.30> <CoreInst = "m_axi">   --->   Core 111 'm_axi' <Latency = 6> <II = 1> <Delay = 1.00> <Adapter> <Opcode : 'read' 'write' 'readreq' 'writereq' 'writeresp'>
ST_54 : Operation 621 [19/71] (7.30ns)   --->   "%gmem1_0_load_req = readreq i1 @_ssdm_op_ReadReq.m_axi.i32P1A, i32 %gmem1_0_addr, i64 1" [kernel.cpp:19]   --->   Operation 621 'readreq' 'gmem1_0_load_req' <Predicate = true> <Delay = 7.30> <CoreInst = "m_axi">   --->   Core 111 'm_axi' <Latency = 6> <II = 1> <Delay = 1.00> <Adapter> <Opcode : 'read' 'write' 'readreq' 'writereq' 'writeresp'>
ST_54 : Operation 622 [19/71] (7.30ns)   --->   "%gmem0_1_load_req = readreq i1 @_ssdm_op_ReadReq.m_axi.i32P1A, i32 %gmem0_1_addr, i64 1" [kernel.cpp:19]   --->   Operation 622 'readreq' 'gmem0_1_load_req' <Predicate = true> <Delay = 7.30> <CoreInst = "m_axi">   --->   Core 111 'm_axi' <Latency = 6> <II = 1> <Delay = 1.00> <Adapter> <Opcode : 'read' 'write' 'readreq' 'writereq' 'writeresp'>
ST_54 : Operation 623 [19/71] (7.30ns)   --->   "%gmem0_2_load_req = readreq i1 @_ssdm_op_ReadReq.m_axi.i32P1A, i32 %gmem0_2_addr, i64 1" [kernel.cpp:19]   --->   Operation 623 'readreq' 'gmem0_2_load_req' <Predicate = true> <Delay = 7.30> <CoreInst = "m_axi">   --->   Core 111 'm_axi' <Latency = 6> <II = 1> <Delay = 1.00> <Adapter> <Opcode : 'read' 'write' 'readreq' 'writereq' 'writeresp'>
ST_54 : Operation 624 [19/71] (7.30ns)   --->   "%gmem0_3_load_req = readreq i1 @_ssdm_op_ReadReq.m_axi.i32P1A, i32 %gmem0_3_addr, i64 1" [kernel.cpp:19]   --->   Operation 624 'readreq' 'gmem0_3_load_req' <Predicate = true> <Delay = 7.30> <CoreInst = "m_axi">   --->   Core 111 'm_axi' <Latency = 6> <II = 1> <Delay = 1.00> <Adapter> <Opcode : 'read' 'write' 'readreq' 'writereq' 'writeresp'>
ST_54 : Operation 625 [19/71] (7.30ns)   --->   "%gmem1_1_load_req = readreq i1 @_ssdm_op_ReadReq.m_axi.i32P1A, i32 %gmem1_1_addr, i64 1" [kernel.cpp:19]   --->   Operation 625 'readreq' 'gmem1_1_load_req' <Predicate = true> <Delay = 7.30> <CoreInst = "m_axi">   --->   Core 111 'm_axi' <Latency = 6> <II = 1> <Delay = 1.00> <Adapter> <Opcode : 'read' 'write' 'readreq' 'writereq' 'writeresp'>
ST_54 : Operation 626 [19/71] (7.30ns)   --->   "%gmem1_2_load_req = readreq i1 @_ssdm_op_ReadReq.m_axi.i32P1A, i32 %gmem1_2_addr, i64 1" [kernel.cpp:19]   --->   Operation 626 'readreq' 'gmem1_2_load_req' <Predicate = true> <Delay = 7.30> <CoreInst = "m_axi">   --->   Core 111 'm_axi' <Latency = 6> <II = 1> <Delay = 1.00> <Adapter> <Opcode : 'read' 'write' 'readreq' 'writereq' 'writeresp'>
ST_54 : Operation 627 [19/71] (7.30ns)   --->   "%gmem1_3_load_req = readreq i1 @_ssdm_op_ReadReq.m_axi.i32P1A, i32 %gmem1_3_addr, i64 1" [kernel.cpp:19]   --->   Operation 627 'readreq' 'gmem1_3_load_req' <Predicate = true> <Delay = 7.30> <CoreInst = "m_axi">   --->   Core 111 'm_axi' <Latency = 6> <II = 1> <Delay = 1.00> <Adapter> <Opcode : 'read' 'write' 'readreq' 'writereq' 'writeresp'>

State 55 <SV = 54> <Delay = 7.30>
ST_55 : Operation 628 [18/71] (7.30ns)   --->   "%gmem0_0_load_req = readreq i1 @_ssdm_op_ReadReq.m_axi.i32P1A, i32 %gmem0_0_addr, i64 1" [kernel.cpp:19]   --->   Operation 628 'readreq' 'gmem0_0_load_req' <Predicate = true> <Delay = 7.30> <CoreInst = "m_axi">   --->   Core 111 'm_axi' <Latency = 6> <II = 1> <Delay = 1.00> <Adapter> <Opcode : 'read' 'write' 'readreq' 'writereq' 'writeresp'>
ST_55 : Operation 629 [18/71] (7.30ns)   --->   "%gmem1_0_load_req = readreq i1 @_ssdm_op_ReadReq.m_axi.i32P1A, i32 %gmem1_0_addr, i64 1" [kernel.cpp:19]   --->   Operation 629 'readreq' 'gmem1_0_load_req' <Predicate = true> <Delay = 7.30> <CoreInst = "m_axi">   --->   Core 111 'm_axi' <Latency = 6> <II = 1> <Delay = 1.00> <Adapter> <Opcode : 'read' 'write' 'readreq' 'writereq' 'writeresp'>
ST_55 : Operation 630 [18/71] (7.30ns)   --->   "%gmem0_1_load_req = readreq i1 @_ssdm_op_ReadReq.m_axi.i32P1A, i32 %gmem0_1_addr, i64 1" [kernel.cpp:19]   --->   Operation 630 'readreq' 'gmem0_1_load_req' <Predicate = true> <Delay = 7.30> <CoreInst = "m_axi">   --->   Core 111 'm_axi' <Latency = 6> <II = 1> <Delay = 1.00> <Adapter> <Opcode : 'read' 'write' 'readreq' 'writereq' 'writeresp'>
ST_55 : Operation 631 [18/71] (7.30ns)   --->   "%gmem0_2_load_req = readreq i1 @_ssdm_op_ReadReq.m_axi.i32P1A, i32 %gmem0_2_addr, i64 1" [kernel.cpp:19]   --->   Operation 631 'readreq' 'gmem0_2_load_req' <Predicate = true> <Delay = 7.30> <CoreInst = "m_axi">   --->   Core 111 'm_axi' <Latency = 6> <II = 1> <Delay = 1.00> <Adapter> <Opcode : 'read' 'write' 'readreq' 'writereq' 'writeresp'>
ST_55 : Operation 632 [18/71] (7.30ns)   --->   "%gmem0_3_load_req = readreq i1 @_ssdm_op_ReadReq.m_axi.i32P1A, i32 %gmem0_3_addr, i64 1" [kernel.cpp:19]   --->   Operation 632 'readreq' 'gmem0_3_load_req' <Predicate = true> <Delay = 7.30> <CoreInst = "m_axi">   --->   Core 111 'm_axi' <Latency = 6> <II = 1> <Delay = 1.00> <Adapter> <Opcode : 'read' 'write' 'readreq' 'writereq' 'writeresp'>
ST_55 : Operation 633 [18/71] (7.30ns)   --->   "%gmem1_1_load_req = readreq i1 @_ssdm_op_ReadReq.m_axi.i32P1A, i32 %gmem1_1_addr, i64 1" [kernel.cpp:19]   --->   Operation 633 'readreq' 'gmem1_1_load_req' <Predicate = true> <Delay = 7.30> <CoreInst = "m_axi">   --->   Core 111 'm_axi' <Latency = 6> <II = 1> <Delay = 1.00> <Adapter> <Opcode : 'read' 'write' 'readreq' 'writereq' 'writeresp'>
ST_55 : Operation 634 [18/71] (7.30ns)   --->   "%gmem1_2_load_req = readreq i1 @_ssdm_op_ReadReq.m_axi.i32P1A, i32 %gmem1_2_addr, i64 1" [kernel.cpp:19]   --->   Operation 634 'readreq' 'gmem1_2_load_req' <Predicate = true> <Delay = 7.30> <CoreInst = "m_axi">   --->   Core 111 'm_axi' <Latency = 6> <II = 1> <Delay = 1.00> <Adapter> <Opcode : 'read' 'write' 'readreq' 'writereq' 'writeresp'>
ST_55 : Operation 635 [18/71] (7.30ns)   --->   "%gmem1_3_load_req = readreq i1 @_ssdm_op_ReadReq.m_axi.i32P1A, i32 %gmem1_3_addr, i64 1" [kernel.cpp:19]   --->   Operation 635 'readreq' 'gmem1_3_load_req' <Predicate = true> <Delay = 7.30> <CoreInst = "m_axi">   --->   Core 111 'm_axi' <Latency = 6> <II = 1> <Delay = 1.00> <Adapter> <Opcode : 'read' 'write' 'readreq' 'writereq' 'writeresp'>

State 56 <SV = 55> <Delay = 7.30>
ST_56 : Operation 636 [17/71] (7.30ns)   --->   "%gmem0_0_load_req = readreq i1 @_ssdm_op_ReadReq.m_axi.i32P1A, i32 %gmem0_0_addr, i64 1" [kernel.cpp:19]   --->   Operation 636 'readreq' 'gmem0_0_load_req' <Predicate = true> <Delay = 7.30> <CoreInst = "m_axi">   --->   Core 111 'm_axi' <Latency = 6> <II = 1> <Delay = 1.00> <Adapter> <Opcode : 'read' 'write' 'readreq' 'writereq' 'writeresp'>
ST_56 : Operation 637 [17/71] (7.30ns)   --->   "%gmem1_0_load_req = readreq i1 @_ssdm_op_ReadReq.m_axi.i32P1A, i32 %gmem1_0_addr, i64 1" [kernel.cpp:19]   --->   Operation 637 'readreq' 'gmem1_0_load_req' <Predicate = true> <Delay = 7.30> <CoreInst = "m_axi">   --->   Core 111 'm_axi' <Latency = 6> <II = 1> <Delay = 1.00> <Adapter> <Opcode : 'read' 'write' 'readreq' 'writereq' 'writeresp'>
ST_56 : Operation 638 [17/71] (7.30ns)   --->   "%gmem0_1_load_req = readreq i1 @_ssdm_op_ReadReq.m_axi.i32P1A, i32 %gmem0_1_addr, i64 1" [kernel.cpp:19]   --->   Operation 638 'readreq' 'gmem0_1_load_req' <Predicate = true> <Delay = 7.30> <CoreInst = "m_axi">   --->   Core 111 'm_axi' <Latency = 6> <II = 1> <Delay = 1.00> <Adapter> <Opcode : 'read' 'write' 'readreq' 'writereq' 'writeresp'>
ST_56 : Operation 639 [17/71] (7.30ns)   --->   "%gmem0_2_load_req = readreq i1 @_ssdm_op_ReadReq.m_axi.i32P1A, i32 %gmem0_2_addr, i64 1" [kernel.cpp:19]   --->   Operation 639 'readreq' 'gmem0_2_load_req' <Predicate = true> <Delay = 7.30> <CoreInst = "m_axi">   --->   Core 111 'm_axi' <Latency = 6> <II = 1> <Delay = 1.00> <Adapter> <Opcode : 'read' 'write' 'readreq' 'writereq' 'writeresp'>
ST_56 : Operation 640 [17/71] (7.30ns)   --->   "%gmem0_3_load_req = readreq i1 @_ssdm_op_ReadReq.m_axi.i32P1A, i32 %gmem0_3_addr, i64 1" [kernel.cpp:19]   --->   Operation 640 'readreq' 'gmem0_3_load_req' <Predicate = true> <Delay = 7.30> <CoreInst = "m_axi">   --->   Core 111 'm_axi' <Latency = 6> <II = 1> <Delay = 1.00> <Adapter> <Opcode : 'read' 'write' 'readreq' 'writereq' 'writeresp'>
ST_56 : Operation 641 [17/71] (7.30ns)   --->   "%gmem1_1_load_req = readreq i1 @_ssdm_op_ReadReq.m_axi.i32P1A, i32 %gmem1_1_addr, i64 1" [kernel.cpp:19]   --->   Operation 641 'readreq' 'gmem1_1_load_req' <Predicate = true> <Delay = 7.30> <CoreInst = "m_axi">   --->   Core 111 'm_axi' <Latency = 6> <II = 1> <Delay = 1.00> <Adapter> <Opcode : 'read' 'write' 'readreq' 'writereq' 'writeresp'>
ST_56 : Operation 642 [17/71] (7.30ns)   --->   "%gmem1_2_load_req = readreq i1 @_ssdm_op_ReadReq.m_axi.i32P1A, i32 %gmem1_2_addr, i64 1" [kernel.cpp:19]   --->   Operation 642 'readreq' 'gmem1_2_load_req' <Predicate = true> <Delay = 7.30> <CoreInst = "m_axi">   --->   Core 111 'm_axi' <Latency = 6> <II = 1> <Delay = 1.00> <Adapter> <Opcode : 'read' 'write' 'readreq' 'writereq' 'writeresp'>
ST_56 : Operation 643 [17/71] (7.30ns)   --->   "%gmem1_3_load_req = readreq i1 @_ssdm_op_ReadReq.m_axi.i32P1A, i32 %gmem1_3_addr, i64 1" [kernel.cpp:19]   --->   Operation 643 'readreq' 'gmem1_3_load_req' <Predicate = true> <Delay = 7.30> <CoreInst = "m_axi">   --->   Core 111 'm_axi' <Latency = 6> <II = 1> <Delay = 1.00> <Adapter> <Opcode : 'read' 'write' 'readreq' 'writereq' 'writeresp'>

State 57 <SV = 56> <Delay = 7.30>
ST_57 : Operation 644 [16/71] (7.30ns)   --->   "%gmem0_0_load_req = readreq i1 @_ssdm_op_ReadReq.m_axi.i32P1A, i32 %gmem0_0_addr, i64 1" [kernel.cpp:19]   --->   Operation 644 'readreq' 'gmem0_0_load_req' <Predicate = true> <Delay = 7.30> <CoreInst = "m_axi">   --->   Core 111 'm_axi' <Latency = 6> <II = 1> <Delay = 1.00> <Adapter> <Opcode : 'read' 'write' 'readreq' 'writereq' 'writeresp'>
ST_57 : Operation 645 [16/71] (7.30ns)   --->   "%gmem1_0_load_req = readreq i1 @_ssdm_op_ReadReq.m_axi.i32P1A, i32 %gmem1_0_addr, i64 1" [kernel.cpp:19]   --->   Operation 645 'readreq' 'gmem1_0_load_req' <Predicate = true> <Delay = 7.30> <CoreInst = "m_axi">   --->   Core 111 'm_axi' <Latency = 6> <II = 1> <Delay = 1.00> <Adapter> <Opcode : 'read' 'write' 'readreq' 'writereq' 'writeresp'>
ST_57 : Operation 646 [16/71] (7.30ns)   --->   "%gmem0_1_load_req = readreq i1 @_ssdm_op_ReadReq.m_axi.i32P1A, i32 %gmem0_1_addr, i64 1" [kernel.cpp:19]   --->   Operation 646 'readreq' 'gmem0_1_load_req' <Predicate = true> <Delay = 7.30> <CoreInst = "m_axi">   --->   Core 111 'm_axi' <Latency = 6> <II = 1> <Delay = 1.00> <Adapter> <Opcode : 'read' 'write' 'readreq' 'writereq' 'writeresp'>
ST_57 : Operation 647 [16/71] (7.30ns)   --->   "%gmem0_2_load_req = readreq i1 @_ssdm_op_ReadReq.m_axi.i32P1A, i32 %gmem0_2_addr, i64 1" [kernel.cpp:19]   --->   Operation 647 'readreq' 'gmem0_2_load_req' <Predicate = true> <Delay = 7.30> <CoreInst = "m_axi">   --->   Core 111 'm_axi' <Latency = 6> <II = 1> <Delay = 1.00> <Adapter> <Opcode : 'read' 'write' 'readreq' 'writereq' 'writeresp'>
ST_57 : Operation 648 [16/71] (7.30ns)   --->   "%gmem0_3_load_req = readreq i1 @_ssdm_op_ReadReq.m_axi.i32P1A, i32 %gmem0_3_addr, i64 1" [kernel.cpp:19]   --->   Operation 648 'readreq' 'gmem0_3_load_req' <Predicate = true> <Delay = 7.30> <CoreInst = "m_axi">   --->   Core 111 'm_axi' <Latency = 6> <II = 1> <Delay = 1.00> <Adapter> <Opcode : 'read' 'write' 'readreq' 'writereq' 'writeresp'>
ST_57 : Operation 649 [16/71] (7.30ns)   --->   "%gmem1_1_load_req = readreq i1 @_ssdm_op_ReadReq.m_axi.i32P1A, i32 %gmem1_1_addr, i64 1" [kernel.cpp:19]   --->   Operation 649 'readreq' 'gmem1_1_load_req' <Predicate = true> <Delay = 7.30> <CoreInst = "m_axi">   --->   Core 111 'm_axi' <Latency = 6> <II = 1> <Delay = 1.00> <Adapter> <Opcode : 'read' 'write' 'readreq' 'writereq' 'writeresp'>
ST_57 : Operation 650 [16/71] (7.30ns)   --->   "%gmem1_2_load_req = readreq i1 @_ssdm_op_ReadReq.m_axi.i32P1A, i32 %gmem1_2_addr, i64 1" [kernel.cpp:19]   --->   Operation 650 'readreq' 'gmem1_2_load_req' <Predicate = true> <Delay = 7.30> <CoreInst = "m_axi">   --->   Core 111 'm_axi' <Latency = 6> <II = 1> <Delay = 1.00> <Adapter> <Opcode : 'read' 'write' 'readreq' 'writereq' 'writeresp'>
ST_57 : Operation 651 [16/71] (7.30ns)   --->   "%gmem1_3_load_req = readreq i1 @_ssdm_op_ReadReq.m_axi.i32P1A, i32 %gmem1_3_addr, i64 1" [kernel.cpp:19]   --->   Operation 651 'readreq' 'gmem1_3_load_req' <Predicate = true> <Delay = 7.30> <CoreInst = "m_axi">   --->   Core 111 'm_axi' <Latency = 6> <II = 1> <Delay = 1.00> <Adapter> <Opcode : 'read' 'write' 'readreq' 'writereq' 'writeresp'>

State 58 <SV = 57> <Delay = 7.30>
ST_58 : Operation 652 [15/71] (7.30ns)   --->   "%gmem0_0_load_req = readreq i1 @_ssdm_op_ReadReq.m_axi.i32P1A, i32 %gmem0_0_addr, i64 1" [kernel.cpp:19]   --->   Operation 652 'readreq' 'gmem0_0_load_req' <Predicate = true> <Delay = 7.30> <CoreInst = "m_axi">   --->   Core 111 'm_axi' <Latency = 6> <II = 1> <Delay = 1.00> <Adapter> <Opcode : 'read' 'write' 'readreq' 'writereq' 'writeresp'>
ST_58 : Operation 653 [15/71] (7.30ns)   --->   "%gmem1_0_load_req = readreq i1 @_ssdm_op_ReadReq.m_axi.i32P1A, i32 %gmem1_0_addr, i64 1" [kernel.cpp:19]   --->   Operation 653 'readreq' 'gmem1_0_load_req' <Predicate = true> <Delay = 7.30> <CoreInst = "m_axi">   --->   Core 111 'm_axi' <Latency = 6> <II = 1> <Delay = 1.00> <Adapter> <Opcode : 'read' 'write' 'readreq' 'writereq' 'writeresp'>
ST_58 : Operation 654 [15/71] (7.30ns)   --->   "%gmem0_1_load_req = readreq i1 @_ssdm_op_ReadReq.m_axi.i32P1A, i32 %gmem0_1_addr, i64 1" [kernel.cpp:19]   --->   Operation 654 'readreq' 'gmem0_1_load_req' <Predicate = true> <Delay = 7.30> <CoreInst = "m_axi">   --->   Core 111 'm_axi' <Latency = 6> <II = 1> <Delay = 1.00> <Adapter> <Opcode : 'read' 'write' 'readreq' 'writereq' 'writeresp'>
ST_58 : Operation 655 [15/71] (7.30ns)   --->   "%gmem0_2_load_req = readreq i1 @_ssdm_op_ReadReq.m_axi.i32P1A, i32 %gmem0_2_addr, i64 1" [kernel.cpp:19]   --->   Operation 655 'readreq' 'gmem0_2_load_req' <Predicate = true> <Delay = 7.30> <CoreInst = "m_axi">   --->   Core 111 'm_axi' <Latency = 6> <II = 1> <Delay = 1.00> <Adapter> <Opcode : 'read' 'write' 'readreq' 'writereq' 'writeresp'>
ST_58 : Operation 656 [15/71] (7.30ns)   --->   "%gmem0_3_load_req = readreq i1 @_ssdm_op_ReadReq.m_axi.i32P1A, i32 %gmem0_3_addr, i64 1" [kernel.cpp:19]   --->   Operation 656 'readreq' 'gmem0_3_load_req' <Predicate = true> <Delay = 7.30> <CoreInst = "m_axi">   --->   Core 111 'm_axi' <Latency = 6> <II = 1> <Delay = 1.00> <Adapter> <Opcode : 'read' 'write' 'readreq' 'writereq' 'writeresp'>
ST_58 : Operation 657 [15/71] (7.30ns)   --->   "%gmem1_1_load_req = readreq i1 @_ssdm_op_ReadReq.m_axi.i32P1A, i32 %gmem1_1_addr, i64 1" [kernel.cpp:19]   --->   Operation 657 'readreq' 'gmem1_1_load_req' <Predicate = true> <Delay = 7.30> <CoreInst = "m_axi">   --->   Core 111 'm_axi' <Latency = 6> <II = 1> <Delay = 1.00> <Adapter> <Opcode : 'read' 'write' 'readreq' 'writereq' 'writeresp'>
ST_58 : Operation 658 [15/71] (7.30ns)   --->   "%gmem1_2_load_req = readreq i1 @_ssdm_op_ReadReq.m_axi.i32P1A, i32 %gmem1_2_addr, i64 1" [kernel.cpp:19]   --->   Operation 658 'readreq' 'gmem1_2_load_req' <Predicate = true> <Delay = 7.30> <CoreInst = "m_axi">   --->   Core 111 'm_axi' <Latency = 6> <II = 1> <Delay = 1.00> <Adapter> <Opcode : 'read' 'write' 'readreq' 'writereq' 'writeresp'>
ST_58 : Operation 659 [15/71] (7.30ns)   --->   "%gmem1_3_load_req = readreq i1 @_ssdm_op_ReadReq.m_axi.i32P1A, i32 %gmem1_3_addr, i64 1" [kernel.cpp:19]   --->   Operation 659 'readreq' 'gmem1_3_load_req' <Predicate = true> <Delay = 7.30> <CoreInst = "m_axi">   --->   Core 111 'm_axi' <Latency = 6> <II = 1> <Delay = 1.00> <Adapter> <Opcode : 'read' 'write' 'readreq' 'writereq' 'writeresp'>

State 59 <SV = 58> <Delay = 7.30>
ST_59 : Operation 660 [14/71] (7.30ns)   --->   "%gmem0_0_load_req = readreq i1 @_ssdm_op_ReadReq.m_axi.i32P1A, i32 %gmem0_0_addr, i64 1" [kernel.cpp:19]   --->   Operation 660 'readreq' 'gmem0_0_load_req' <Predicate = true> <Delay = 7.30> <CoreInst = "m_axi">   --->   Core 111 'm_axi' <Latency = 6> <II = 1> <Delay = 1.00> <Adapter> <Opcode : 'read' 'write' 'readreq' 'writereq' 'writeresp'>
ST_59 : Operation 661 [14/71] (7.30ns)   --->   "%gmem1_0_load_req = readreq i1 @_ssdm_op_ReadReq.m_axi.i32P1A, i32 %gmem1_0_addr, i64 1" [kernel.cpp:19]   --->   Operation 661 'readreq' 'gmem1_0_load_req' <Predicate = true> <Delay = 7.30> <CoreInst = "m_axi">   --->   Core 111 'm_axi' <Latency = 6> <II = 1> <Delay = 1.00> <Adapter> <Opcode : 'read' 'write' 'readreq' 'writereq' 'writeresp'>
ST_59 : Operation 662 [14/71] (7.30ns)   --->   "%gmem0_1_load_req = readreq i1 @_ssdm_op_ReadReq.m_axi.i32P1A, i32 %gmem0_1_addr, i64 1" [kernel.cpp:19]   --->   Operation 662 'readreq' 'gmem0_1_load_req' <Predicate = true> <Delay = 7.30> <CoreInst = "m_axi">   --->   Core 111 'm_axi' <Latency = 6> <II = 1> <Delay = 1.00> <Adapter> <Opcode : 'read' 'write' 'readreq' 'writereq' 'writeresp'>
ST_59 : Operation 663 [14/71] (7.30ns)   --->   "%gmem0_2_load_req = readreq i1 @_ssdm_op_ReadReq.m_axi.i32P1A, i32 %gmem0_2_addr, i64 1" [kernel.cpp:19]   --->   Operation 663 'readreq' 'gmem0_2_load_req' <Predicate = true> <Delay = 7.30> <CoreInst = "m_axi">   --->   Core 111 'm_axi' <Latency = 6> <II = 1> <Delay = 1.00> <Adapter> <Opcode : 'read' 'write' 'readreq' 'writereq' 'writeresp'>
ST_59 : Operation 664 [14/71] (7.30ns)   --->   "%gmem0_3_load_req = readreq i1 @_ssdm_op_ReadReq.m_axi.i32P1A, i32 %gmem0_3_addr, i64 1" [kernel.cpp:19]   --->   Operation 664 'readreq' 'gmem0_3_load_req' <Predicate = true> <Delay = 7.30> <CoreInst = "m_axi">   --->   Core 111 'm_axi' <Latency = 6> <II = 1> <Delay = 1.00> <Adapter> <Opcode : 'read' 'write' 'readreq' 'writereq' 'writeresp'>
ST_59 : Operation 665 [14/71] (7.30ns)   --->   "%gmem1_1_load_req = readreq i1 @_ssdm_op_ReadReq.m_axi.i32P1A, i32 %gmem1_1_addr, i64 1" [kernel.cpp:19]   --->   Operation 665 'readreq' 'gmem1_1_load_req' <Predicate = true> <Delay = 7.30> <CoreInst = "m_axi">   --->   Core 111 'm_axi' <Latency = 6> <II = 1> <Delay = 1.00> <Adapter> <Opcode : 'read' 'write' 'readreq' 'writereq' 'writeresp'>
ST_59 : Operation 666 [14/71] (7.30ns)   --->   "%gmem1_2_load_req = readreq i1 @_ssdm_op_ReadReq.m_axi.i32P1A, i32 %gmem1_2_addr, i64 1" [kernel.cpp:19]   --->   Operation 666 'readreq' 'gmem1_2_load_req' <Predicate = true> <Delay = 7.30> <CoreInst = "m_axi">   --->   Core 111 'm_axi' <Latency = 6> <II = 1> <Delay = 1.00> <Adapter> <Opcode : 'read' 'write' 'readreq' 'writereq' 'writeresp'>
ST_59 : Operation 667 [14/71] (7.30ns)   --->   "%gmem1_3_load_req = readreq i1 @_ssdm_op_ReadReq.m_axi.i32P1A, i32 %gmem1_3_addr, i64 1" [kernel.cpp:19]   --->   Operation 667 'readreq' 'gmem1_3_load_req' <Predicate = true> <Delay = 7.30> <CoreInst = "m_axi">   --->   Core 111 'm_axi' <Latency = 6> <II = 1> <Delay = 1.00> <Adapter> <Opcode : 'read' 'write' 'readreq' 'writereq' 'writeresp'>

State 60 <SV = 59> <Delay = 7.30>
ST_60 : Operation 668 [13/71] (7.30ns)   --->   "%gmem0_0_load_req = readreq i1 @_ssdm_op_ReadReq.m_axi.i32P1A, i32 %gmem0_0_addr, i64 1" [kernel.cpp:19]   --->   Operation 668 'readreq' 'gmem0_0_load_req' <Predicate = true> <Delay = 7.30> <CoreInst = "m_axi">   --->   Core 111 'm_axi' <Latency = 6> <II = 1> <Delay = 1.00> <Adapter> <Opcode : 'read' 'write' 'readreq' 'writereq' 'writeresp'>
ST_60 : Operation 669 [13/71] (7.30ns)   --->   "%gmem1_0_load_req = readreq i1 @_ssdm_op_ReadReq.m_axi.i32P1A, i32 %gmem1_0_addr, i64 1" [kernel.cpp:19]   --->   Operation 669 'readreq' 'gmem1_0_load_req' <Predicate = true> <Delay = 7.30> <CoreInst = "m_axi">   --->   Core 111 'm_axi' <Latency = 6> <II = 1> <Delay = 1.00> <Adapter> <Opcode : 'read' 'write' 'readreq' 'writereq' 'writeresp'>
ST_60 : Operation 670 [13/71] (7.30ns)   --->   "%gmem0_1_load_req = readreq i1 @_ssdm_op_ReadReq.m_axi.i32P1A, i32 %gmem0_1_addr, i64 1" [kernel.cpp:19]   --->   Operation 670 'readreq' 'gmem0_1_load_req' <Predicate = true> <Delay = 7.30> <CoreInst = "m_axi">   --->   Core 111 'm_axi' <Latency = 6> <II = 1> <Delay = 1.00> <Adapter> <Opcode : 'read' 'write' 'readreq' 'writereq' 'writeresp'>
ST_60 : Operation 671 [13/71] (7.30ns)   --->   "%gmem0_2_load_req = readreq i1 @_ssdm_op_ReadReq.m_axi.i32P1A, i32 %gmem0_2_addr, i64 1" [kernel.cpp:19]   --->   Operation 671 'readreq' 'gmem0_2_load_req' <Predicate = true> <Delay = 7.30> <CoreInst = "m_axi">   --->   Core 111 'm_axi' <Latency = 6> <II = 1> <Delay = 1.00> <Adapter> <Opcode : 'read' 'write' 'readreq' 'writereq' 'writeresp'>
ST_60 : Operation 672 [13/71] (7.30ns)   --->   "%gmem0_3_load_req = readreq i1 @_ssdm_op_ReadReq.m_axi.i32P1A, i32 %gmem0_3_addr, i64 1" [kernel.cpp:19]   --->   Operation 672 'readreq' 'gmem0_3_load_req' <Predicate = true> <Delay = 7.30> <CoreInst = "m_axi">   --->   Core 111 'm_axi' <Latency = 6> <II = 1> <Delay = 1.00> <Adapter> <Opcode : 'read' 'write' 'readreq' 'writereq' 'writeresp'>
ST_60 : Operation 673 [13/71] (7.30ns)   --->   "%gmem1_1_load_req = readreq i1 @_ssdm_op_ReadReq.m_axi.i32P1A, i32 %gmem1_1_addr, i64 1" [kernel.cpp:19]   --->   Operation 673 'readreq' 'gmem1_1_load_req' <Predicate = true> <Delay = 7.30> <CoreInst = "m_axi">   --->   Core 111 'm_axi' <Latency = 6> <II = 1> <Delay = 1.00> <Adapter> <Opcode : 'read' 'write' 'readreq' 'writereq' 'writeresp'>
ST_60 : Operation 674 [13/71] (7.30ns)   --->   "%gmem1_2_load_req = readreq i1 @_ssdm_op_ReadReq.m_axi.i32P1A, i32 %gmem1_2_addr, i64 1" [kernel.cpp:19]   --->   Operation 674 'readreq' 'gmem1_2_load_req' <Predicate = true> <Delay = 7.30> <CoreInst = "m_axi">   --->   Core 111 'm_axi' <Latency = 6> <II = 1> <Delay = 1.00> <Adapter> <Opcode : 'read' 'write' 'readreq' 'writereq' 'writeresp'>
ST_60 : Operation 675 [13/71] (7.30ns)   --->   "%gmem1_3_load_req = readreq i1 @_ssdm_op_ReadReq.m_axi.i32P1A, i32 %gmem1_3_addr, i64 1" [kernel.cpp:19]   --->   Operation 675 'readreq' 'gmem1_3_load_req' <Predicate = true> <Delay = 7.30> <CoreInst = "m_axi">   --->   Core 111 'm_axi' <Latency = 6> <II = 1> <Delay = 1.00> <Adapter> <Opcode : 'read' 'write' 'readreq' 'writereq' 'writeresp'>

State 61 <SV = 60> <Delay = 7.30>
ST_61 : Operation 676 [12/71] (7.30ns)   --->   "%gmem0_0_load_req = readreq i1 @_ssdm_op_ReadReq.m_axi.i32P1A, i32 %gmem0_0_addr, i64 1" [kernel.cpp:19]   --->   Operation 676 'readreq' 'gmem0_0_load_req' <Predicate = true> <Delay = 7.30> <CoreInst = "m_axi">   --->   Core 111 'm_axi' <Latency = 6> <II = 1> <Delay = 1.00> <Adapter> <Opcode : 'read' 'write' 'readreq' 'writereq' 'writeresp'>
ST_61 : Operation 677 [12/71] (7.30ns)   --->   "%gmem1_0_load_req = readreq i1 @_ssdm_op_ReadReq.m_axi.i32P1A, i32 %gmem1_0_addr, i64 1" [kernel.cpp:19]   --->   Operation 677 'readreq' 'gmem1_0_load_req' <Predicate = true> <Delay = 7.30> <CoreInst = "m_axi">   --->   Core 111 'm_axi' <Latency = 6> <II = 1> <Delay = 1.00> <Adapter> <Opcode : 'read' 'write' 'readreq' 'writereq' 'writeresp'>
ST_61 : Operation 678 [12/71] (7.30ns)   --->   "%gmem0_1_load_req = readreq i1 @_ssdm_op_ReadReq.m_axi.i32P1A, i32 %gmem0_1_addr, i64 1" [kernel.cpp:19]   --->   Operation 678 'readreq' 'gmem0_1_load_req' <Predicate = true> <Delay = 7.30> <CoreInst = "m_axi">   --->   Core 111 'm_axi' <Latency = 6> <II = 1> <Delay = 1.00> <Adapter> <Opcode : 'read' 'write' 'readreq' 'writereq' 'writeresp'>
ST_61 : Operation 679 [12/71] (7.30ns)   --->   "%gmem0_2_load_req = readreq i1 @_ssdm_op_ReadReq.m_axi.i32P1A, i32 %gmem0_2_addr, i64 1" [kernel.cpp:19]   --->   Operation 679 'readreq' 'gmem0_2_load_req' <Predicate = true> <Delay = 7.30> <CoreInst = "m_axi">   --->   Core 111 'm_axi' <Latency = 6> <II = 1> <Delay = 1.00> <Adapter> <Opcode : 'read' 'write' 'readreq' 'writereq' 'writeresp'>
ST_61 : Operation 680 [12/71] (7.30ns)   --->   "%gmem0_3_load_req = readreq i1 @_ssdm_op_ReadReq.m_axi.i32P1A, i32 %gmem0_3_addr, i64 1" [kernel.cpp:19]   --->   Operation 680 'readreq' 'gmem0_3_load_req' <Predicate = true> <Delay = 7.30> <CoreInst = "m_axi">   --->   Core 111 'm_axi' <Latency = 6> <II = 1> <Delay = 1.00> <Adapter> <Opcode : 'read' 'write' 'readreq' 'writereq' 'writeresp'>
ST_61 : Operation 681 [12/71] (7.30ns)   --->   "%gmem1_1_load_req = readreq i1 @_ssdm_op_ReadReq.m_axi.i32P1A, i32 %gmem1_1_addr, i64 1" [kernel.cpp:19]   --->   Operation 681 'readreq' 'gmem1_1_load_req' <Predicate = true> <Delay = 7.30> <CoreInst = "m_axi">   --->   Core 111 'm_axi' <Latency = 6> <II = 1> <Delay = 1.00> <Adapter> <Opcode : 'read' 'write' 'readreq' 'writereq' 'writeresp'>
ST_61 : Operation 682 [12/71] (7.30ns)   --->   "%gmem1_2_load_req = readreq i1 @_ssdm_op_ReadReq.m_axi.i32P1A, i32 %gmem1_2_addr, i64 1" [kernel.cpp:19]   --->   Operation 682 'readreq' 'gmem1_2_load_req' <Predicate = true> <Delay = 7.30> <CoreInst = "m_axi">   --->   Core 111 'm_axi' <Latency = 6> <II = 1> <Delay = 1.00> <Adapter> <Opcode : 'read' 'write' 'readreq' 'writereq' 'writeresp'>
ST_61 : Operation 683 [12/71] (7.30ns)   --->   "%gmem1_3_load_req = readreq i1 @_ssdm_op_ReadReq.m_axi.i32P1A, i32 %gmem1_3_addr, i64 1" [kernel.cpp:19]   --->   Operation 683 'readreq' 'gmem1_3_load_req' <Predicate = true> <Delay = 7.30> <CoreInst = "m_axi">   --->   Core 111 'm_axi' <Latency = 6> <II = 1> <Delay = 1.00> <Adapter> <Opcode : 'read' 'write' 'readreq' 'writereq' 'writeresp'>

State 62 <SV = 61> <Delay = 7.30>
ST_62 : Operation 684 [11/71] (7.30ns)   --->   "%gmem0_0_load_req = readreq i1 @_ssdm_op_ReadReq.m_axi.i32P1A, i32 %gmem0_0_addr, i64 1" [kernel.cpp:19]   --->   Operation 684 'readreq' 'gmem0_0_load_req' <Predicate = true> <Delay = 7.30> <CoreInst = "m_axi">   --->   Core 111 'm_axi' <Latency = 6> <II = 1> <Delay = 1.00> <Adapter> <Opcode : 'read' 'write' 'readreq' 'writereq' 'writeresp'>
ST_62 : Operation 685 [11/71] (7.30ns)   --->   "%gmem1_0_load_req = readreq i1 @_ssdm_op_ReadReq.m_axi.i32P1A, i32 %gmem1_0_addr, i64 1" [kernel.cpp:19]   --->   Operation 685 'readreq' 'gmem1_0_load_req' <Predicate = true> <Delay = 7.30> <CoreInst = "m_axi">   --->   Core 111 'm_axi' <Latency = 6> <II = 1> <Delay = 1.00> <Adapter> <Opcode : 'read' 'write' 'readreq' 'writereq' 'writeresp'>
ST_62 : Operation 686 [11/71] (7.30ns)   --->   "%gmem0_1_load_req = readreq i1 @_ssdm_op_ReadReq.m_axi.i32P1A, i32 %gmem0_1_addr, i64 1" [kernel.cpp:19]   --->   Operation 686 'readreq' 'gmem0_1_load_req' <Predicate = true> <Delay = 7.30> <CoreInst = "m_axi">   --->   Core 111 'm_axi' <Latency = 6> <II = 1> <Delay = 1.00> <Adapter> <Opcode : 'read' 'write' 'readreq' 'writereq' 'writeresp'>
ST_62 : Operation 687 [11/71] (7.30ns)   --->   "%gmem0_2_load_req = readreq i1 @_ssdm_op_ReadReq.m_axi.i32P1A, i32 %gmem0_2_addr, i64 1" [kernel.cpp:19]   --->   Operation 687 'readreq' 'gmem0_2_load_req' <Predicate = true> <Delay = 7.30> <CoreInst = "m_axi">   --->   Core 111 'm_axi' <Latency = 6> <II = 1> <Delay = 1.00> <Adapter> <Opcode : 'read' 'write' 'readreq' 'writereq' 'writeresp'>
ST_62 : Operation 688 [11/71] (7.30ns)   --->   "%gmem0_3_load_req = readreq i1 @_ssdm_op_ReadReq.m_axi.i32P1A, i32 %gmem0_3_addr, i64 1" [kernel.cpp:19]   --->   Operation 688 'readreq' 'gmem0_3_load_req' <Predicate = true> <Delay = 7.30> <CoreInst = "m_axi">   --->   Core 111 'm_axi' <Latency = 6> <II = 1> <Delay = 1.00> <Adapter> <Opcode : 'read' 'write' 'readreq' 'writereq' 'writeresp'>
ST_62 : Operation 689 [11/71] (7.30ns)   --->   "%gmem1_1_load_req = readreq i1 @_ssdm_op_ReadReq.m_axi.i32P1A, i32 %gmem1_1_addr, i64 1" [kernel.cpp:19]   --->   Operation 689 'readreq' 'gmem1_1_load_req' <Predicate = true> <Delay = 7.30> <CoreInst = "m_axi">   --->   Core 111 'm_axi' <Latency = 6> <II = 1> <Delay = 1.00> <Adapter> <Opcode : 'read' 'write' 'readreq' 'writereq' 'writeresp'>
ST_62 : Operation 690 [11/71] (7.30ns)   --->   "%gmem1_2_load_req = readreq i1 @_ssdm_op_ReadReq.m_axi.i32P1A, i32 %gmem1_2_addr, i64 1" [kernel.cpp:19]   --->   Operation 690 'readreq' 'gmem1_2_load_req' <Predicate = true> <Delay = 7.30> <CoreInst = "m_axi">   --->   Core 111 'm_axi' <Latency = 6> <II = 1> <Delay = 1.00> <Adapter> <Opcode : 'read' 'write' 'readreq' 'writereq' 'writeresp'>
ST_62 : Operation 691 [11/71] (7.30ns)   --->   "%gmem1_3_load_req = readreq i1 @_ssdm_op_ReadReq.m_axi.i32P1A, i32 %gmem1_3_addr, i64 1" [kernel.cpp:19]   --->   Operation 691 'readreq' 'gmem1_3_load_req' <Predicate = true> <Delay = 7.30> <CoreInst = "m_axi">   --->   Core 111 'm_axi' <Latency = 6> <II = 1> <Delay = 1.00> <Adapter> <Opcode : 'read' 'write' 'readreq' 'writereq' 'writeresp'>

State 63 <SV = 62> <Delay = 7.30>
ST_63 : Operation 692 [10/71] (7.30ns)   --->   "%gmem0_0_load_req = readreq i1 @_ssdm_op_ReadReq.m_axi.i32P1A, i32 %gmem0_0_addr, i64 1" [kernel.cpp:19]   --->   Operation 692 'readreq' 'gmem0_0_load_req' <Predicate = true> <Delay = 7.30> <CoreInst = "m_axi">   --->   Core 111 'm_axi' <Latency = 6> <II = 1> <Delay = 1.00> <Adapter> <Opcode : 'read' 'write' 'readreq' 'writereq' 'writeresp'>
ST_63 : Operation 693 [10/71] (7.30ns)   --->   "%gmem1_0_load_req = readreq i1 @_ssdm_op_ReadReq.m_axi.i32P1A, i32 %gmem1_0_addr, i64 1" [kernel.cpp:19]   --->   Operation 693 'readreq' 'gmem1_0_load_req' <Predicate = true> <Delay = 7.30> <CoreInst = "m_axi">   --->   Core 111 'm_axi' <Latency = 6> <II = 1> <Delay = 1.00> <Adapter> <Opcode : 'read' 'write' 'readreq' 'writereq' 'writeresp'>
ST_63 : Operation 694 [10/71] (7.30ns)   --->   "%gmem0_1_load_req = readreq i1 @_ssdm_op_ReadReq.m_axi.i32P1A, i32 %gmem0_1_addr, i64 1" [kernel.cpp:19]   --->   Operation 694 'readreq' 'gmem0_1_load_req' <Predicate = true> <Delay = 7.30> <CoreInst = "m_axi">   --->   Core 111 'm_axi' <Latency = 6> <II = 1> <Delay = 1.00> <Adapter> <Opcode : 'read' 'write' 'readreq' 'writereq' 'writeresp'>
ST_63 : Operation 695 [10/71] (7.30ns)   --->   "%gmem0_2_load_req = readreq i1 @_ssdm_op_ReadReq.m_axi.i32P1A, i32 %gmem0_2_addr, i64 1" [kernel.cpp:19]   --->   Operation 695 'readreq' 'gmem0_2_load_req' <Predicate = true> <Delay = 7.30> <CoreInst = "m_axi">   --->   Core 111 'm_axi' <Latency = 6> <II = 1> <Delay = 1.00> <Adapter> <Opcode : 'read' 'write' 'readreq' 'writereq' 'writeresp'>
ST_63 : Operation 696 [10/71] (7.30ns)   --->   "%gmem0_3_load_req = readreq i1 @_ssdm_op_ReadReq.m_axi.i32P1A, i32 %gmem0_3_addr, i64 1" [kernel.cpp:19]   --->   Operation 696 'readreq' 'gmem0_3_load_req' <Predicate = true> <Delay = 7.30> <CoreInst = "m_axi">   --->   Core 111 'm_axi' <Latency = 6> <II = 1> <Delay = 1.00> <Adapter> <Opcode : 'read' 'write' 'readreq' 'writereq' 'writeresp'>
ST_63 : Operation 697 [10/71] (7.30ns)   --->   "%gmem1_1_load_req = readreq i1 @_ssdm_op_ReadReq.m_axi.i32P1A, i32 %gmem1_1_addr, i64 1" [kernel.cpp:19]   --->   Operation 697 'readreq' 'gmem1_1_load_req' <Predicate = true> <Delay = 7.30> <CoreInst = "m_axi">   --->   Core 111 'm_axi' <Latency = 6> <II = 1> <Delay = 1.00> <Adapter> <Opcode : 'read' 'write' 'readreq' 'writereq' 'writeresp'>
ST_63 : Operation 698 [10/71] (7.30ns)   --->   "%gmem1_2_load_req = readreq i1 @_ssdm_op_ReadReq.m_axi.i32P1A, i32 %gmem1_2_addr, i64 1" [kernel.cpp:19]   --->   Operation 698 'readreq' 'gmem1_2_load_req' <Predicate = true> <Delay = 7.30> <CoreInst = "m_axi">   --->   Core 111 'm_axi' <Latency = 6> <II = 1> <Delay = 1.00> <Adapter> <Opcode : 'read' 'write' 'readreq' 'writereq' 'writeresp'>
ST_63 : Operation 699 [10/71] (7.30ns)   --->   "%gmem1_3_load_req = readreq i1 @_ssdm_op_ReadReq.m_axi.i32P1A, i32 %gmem1_3_addr, i64 1" [kernel.cpp:19]   --->   Operation 699 'readreq' 'gmem1_3_load_req' <Predicate = true> <Delay = 7.30> <CoreInst = "m_axi">   --->   Core 111 'm_axi' <Latency = 6> <II = 1> <Delay = 1.00> <Adapter> <Opcode : 'read' 'write' 'readreq' 'writereq' 'writeresp'>

State 64 <SV = 63> <Delay = 7.30>
ST_64 : Operation 700 [9/71] (7.30ns)   --->   "%gmem0_0_load_req = readreq i1 @_ssdm_op_ReadReq.m_axi.i32P1A, i32 %gmem0_0_addr, i64 1" [kernel.cpp:19]   --->   Operation 700 'readreq' 'gmem0_0_load_req' <Predicate = true> <Delay = 7.30> <CoreInst = "m_axi">   --->   Core 111 'm_axi' <Latency = 6> <II = 1> <Delay = 1.00> <Adapter> <Opcode : 'read' 'write' 'readreq' 'writereq' 'writeresp'>
ST_64 : Operation 701 [9/71] (7.30ns)   --->   "%gmem1_0_load_req = readreq i1 @_ssdm_op_ReadReq.m_axi.i32P1A, i32 %gmem1_0_addr, i64 1" [kernel.cpp:19]   --->   Operation 701 'readreq' 'gmem1_0_load_req' <Predicate = true> <Delay = 7.30> <CoreInst = "m_axi">   --->   Core 111 'm_axi' <Latency = 6> <II = 1> <Delay = 1.00> <Adapter> <Opcode : 'read' 'write' 'readreq' 'writereq' 'writeresp'>
ST_64 : Operation 702 [9/71] (7.30ns)   --->   "%gmem0_1_load_req = readreq i1 @_ssdm_op_ReadReq.m_axi.i32P1A, i32 %gmem0_1_addr, i64 1" [kernel.cpp:19]   --->   Operation 702 'readreq' 'gmem0_1_load_req' <Predicate = true> <Delay = 7.30> <CoreInst = "m_axi">   --->   Core 111 'm_axi' <Latency = 6> <II = 1> <Delay = 1.00> <Adapter> <Opcode : 'read' 'write' 'readreq' 'writereq' 'writeresp'>
ST_64 : Operation 703 [9/71] (7.30ns)   --->   "%gmem0_2_load_req = readreq i1 @_ssdm_op_ReadReq.m_axi.i32P1A, i32 %gmem0_2_addr, i64 1" [kernel.cpp:19]   --->   Operation 703 'readreq' 'gmem0_2_load_req' <Predicate = true> <Delay = 7.30> <CoreInst = "m_axi">   --->   Core 111 'm_axi' <Latency = 6> <II = 1> <Delay = 1.00> <Adapter> <Opcode : 'read' 'write' 'readreq' 'writereq' 'writeresp'>
ST_64 : Operation 704 [9/71] (7.30ns)   --->   "%gmem0_3_load_req = readreq i1 @_ssdm_op_ReadReq.m_axi.i32P1A, i32 %gmem0_3_addr, i64 1" [kernel.cpp:19]   --->   Operation 704 'readreq' 'gmem0_3_load_req' <Predicate = true> <Delay = 7.30> <CoreInst = "m_axi">   --->   Core 111 'm_axi' <Latency = 6> <II = 1> <Delay = 1.00> <Adapter> <Opcode : 'read' 'write' 'readreq' 'writereq' 'writeresp'>
ST_64 : Operation 705 [9/71] (7.30ns)   --->   "%gmem1_1_load_req = readreq i1 @_ssdm_op_ReadReq.m_axi.i32P1A, i32 %gmem1_1_addr, i64 1" [kernel.cpp:19]   --->   Operation 705 'readreq' 'gmem1_1_load_req' <Predicate = true> <Delay = 7.30> <CoreInst = "m_axi">   --->   Core 111 'm_axi' <Latency = 6> <II = 1> <Delay = 1.00> <Adapter> <Opcode : 'read' 'write' 'readreq' 'writereq' 'writeresp'>
ST_64 : Operation 706 [9/71] (7.30ns)   --->   "%gmem1_2_load_req = readreq i1 @_ssdm_op_ReadReq.m_axi.i32P1A, i32 %gmem1_2_addr, i64 1" [kernel.cpp:19]   --->   Operation 706 'readreq' 'gmem1_2_load_req' <Predicate = true> <Delay = 7.30> <CoreInst = "m_axi">   --->   Core 111 'm_axi' <Latency = 6> <II = 1> <Delay = 1.00> <Adapter> <Opcode : 'read' 'write' 'readreq' 'writereq' 'writeresp'>
ST_64 : Operation 707 [9/71] (7.30ns)   --->   "%gmem1_3_load_req = readreq i1 @_ssdm_op_ReadReq.m_axi.i32P1A, i32 %gmem1_3_addr, i64 1" [kernel.cpp:19]   --->   Operation 707 'readreq' 'gmem1_3_load_req' <Predicate = true> <Delay = 7.30> <CoreInst = "m_axi">   --->   Core 111 'm_axi' <Latency = 6> <II = 1> <Delay = 1.00> <Adapter> <Opcode : 'read' 'write' 'readreq' 'writereq' 'writeresp'>

State 65 <SV = 64> <Delay = 7.30>
ST_65 : Operation 708 [8/71] (7.30ns)   --->   "%gmem0_0_load_req = readreq i1 @_ssdm_op_ReadReq.m_axi.i32P1A, i32 %gmem0_0_addr, i64 1" [kernel.cpp:19]   --->   Operation 708 'readreq' 'gmem0_0_load_req' <Predicate = true> <Delay = 7.30> <CoreInst = "m_axi">   --->   Core 111 'm_axi' <Latency = 6> <II = 1> <Delay = 1.00> <Adapter> <Opcode : 'read' 'write' 'readreq' 'writereq' 'writeresp'>
ST_65 : Operation 709 [8/71] (7.30ns)   --->   "%gmem1_0_load_req = readreq i1 @_ssdm_op_ReadReq.m_axi.i32P1A, i32 %gmem1_0_addr, i64 1" [kernel.cpp:19]   --->   Operation 709 'readreq' 'gmem1_0_load_req' <Predicate = true> <Delay = 7.30> <CoreInst = "m_axi">   --->   Core 111 'm_axi' <Latency = 6> <II = 1> <Delay = 1.00> <Adapter> <Opcode : 'read' 'write' 'readreq' 'writereq' 'writeresp'>
ST_65 : Operation 710 [8/71] (7.30ns)   --->   "%gmem0_1_load_req = readreq i1 @_ssdm_op_ReadReq.m_axi.i32P1A, i32 %gmem0_1_addr, i64 1" [kernel.cpp:19]   --->   Operation 710 'readreq' 'gmem0_1_load_req' <Predicate = true> <Delay = 7.30> <CoreInst = "m_axi">   --->   Core 111 'm_axi' <Latency = 6> <II = 1> <Delay = 1.00> <Adapter> <Opcode : 'read' 'write' 'readreq' 'writereq' 'writeresp'>
ST_65 : Operation 711 [8/71] (7.30ns)   --->   "%gmem0_2_load_req = readreq i1 @_ssdm_op_ReadReq.m_axi.i32P1A, i32 %gmem0_2_addr, i64 1" [kernel.cpp:19]   --->   Operation 711 'readreq' 'gmem0_2_load_req' <Predicate = true> <Delay = 7.30> <CoreInst = "m_axi">   --->   Core 111 'm_axi' <Latency = 6> <II = 1> <Delay = 1.00> <Adapter> <Opcode : 'read' 'write' 'readreq' 'writereq' 'writeresp'>
ST_65 : Operation 712 [8/71] (7.30ns)   --->   "%gmem0_3_load_req = readreq i1 @_ssdm_op_ReadReq.m_axi.i32P1A, i32 %gmem0_3_addr, i64 1" [kernel.cpp:19]   --->   Operation 712 'readreq' 'gmem0_3_load_req' <Predicate = true> <Delay = 7.30> <CoreInst = "m_axi">   --->   Core 111 'm_axi' <Latency = 6> <II = 1> <Delay = 1.00> <Adapter> <Opcode : 'read' 'write' 'readreq' 'writereq' 'writeresp'>
ST_65 : Operation 713 [8/71] (7.30ns)   --->   "%gmem1_1_load_req = readreq i1 @_ssdm_op_ReadReq.m_axi.i32P1A, i32 %gmem1_1_addr, i64 1" [kernel.cpp:19]   --->   Operation 713 'readreq' 'gmem1_1_load_req' <Predicate = true> <Delay = 7.30> <CoreInst = "m_axi">   --->   Core 111 'm_axi' <Latency = 6> <II = 1> <Delay = 1.00> <Adapter> <Opcode : 'read' 'write' 'readreq' 'writereq' 'writeresp'>
ST_65 : Operation 714 [8/71] (7.30ns)   --->   "%gmem1_2_load_req = readreq i1 @_ssdm_op_ReadReq.m_axi.i32P1A, i32 %gmem1_2_addr, i64 1" [kernel.cpp:19]   --->   Operation 714 'readreq' 'gmem1_2_load_req' <Predicate = true> <Delay = 7.30> <CoreInst = "m_axi">   --->   Core 111 'm_axi' <Latency = 6> <II = 1> <Delay = 1.00> <Adapter> <Opcode : 'read' 'write' 'readreq' 'writereq' 'writeresp'>
ST_65 : Operation 715 [8/71] (7.30ns)   --->   "%gmem1_3_load_req = readreq i1 @_ssdm_op_ReadReq.m_axi.i32P1A, i32 %gmem1_3_addr, i64 1" [kernel.cpp:19]   --->   Operation 715 'readreq' 'gmem1_3_load_req' <Predicate = true> <Delay = 7.30> <CoreInst = "m_axi">   --->   Core 111 'm_axi' <Latency = 6> <II = 1> <Delay = 1.00> <Adapter> <Opcode : 'read' 'write' 'readreq' 'writereq' 'writeresp'>

State 66 <SV = 65> <Delay = 7.30>
ST_66 : Operation 716 [7/71] (7.30ns)   --->   "%gmem0_0_load_req = readreq i1 @_ssdm_op_ReadReq.m_axi.i32P1A, i32 %gmem0_0_addr, i64 1" [kernel.cpp:19]   --->   Operation 716 'readreq' 'gmem0_0_load_req' <Predicate = true> <Delay = 7.30> <CoreInst = "m_axi">   --->   Core 111 'm_axi' <Latency = 6> <II = 1> <Delay = 1.00> <Adapter> <Opcode : 'read' 'write' 'readreq' 'writereq' 'writeresp'>
ST_66 : Operation 717 [7/71] (7.30ns)   --->   "%gmem1_0_load_req = readreq i1 @_ssdm_op_ReadReq.m_axi.i32P1A, i32 %gmem1_0_addr, i64 1" [kernel.cpp:19]   --->   Operation 717 'readreq' 'gmem1_0_load_req' <Predicate = true> <Delay = 7.30> <CoreInst = "m_axi">   --->   Core 111 'm_axi' <Latency = 6> <II = 1> <Delay = 1.00> <Adapter> <Opcode : 'read' 'write' 'readreq' 'writereq' 'writeresp'>
ST_66 : Operation 718 [7/71] (7.30ns)   --->   "%gmem0_1_load_req = readreq i1 @_ssdm_op_ReadReq.m_axi.i32P1A, i32 %gmem0_1_addr, i64 1" [kernel.cpp:19]   --->   Operation 718 'readreq' 'gmem0_1_load_req' <Predicate = true> <Delay = 7.30> <CoreInst = "m_axi">   --->   Core 111 'm_axi' <Latency = 6> <II = 1> <Delay = 1.00> <Adapter> <Opcode : 'read' 'write' 'readreq' 'writereq' 'writeresp'>
ST_66 : Operation 719 [7/71] (7.30ns)   --->   "%gmem0_2_load_req = readreq i1 @_ssdm_op_ReadReq.m_axi.i32P1A, i32 %gmem0_2_addr, i64 1" [kernel.cpp:19]   --->   Operation 719 'readreq' 'gmem0_2_load_req' <Predicate = true> <Delay = 7.30> <CoreInst = "m_axi">   --->   Core 111 'm_axi' <Latency = 6> <II = 1> <Delay = 1.00> <Adapter> <Opcode : 'read' 'write' 'readreq' 'writereq' 'writeresp'>
ST_66 : Operation 720 [7/71] (7.30ns)   --->   "%gmem0_3_load_req = readreq i1 @_ssdm_op_ReadReq.m_axi.i32P1A, i32 %gmem0_3_addr, i64 1" [kernel.cpp:19]   --->   Operation 720 'readreq' 'gmem0_3_load_req' <Predicate = true> <Delay = 7.30> <CoreInst = "m_axi">   --->   Core 111 'm_axi' <Latency = 6> <II = 1> <Delay = 1.00> <Adapter> <Opcode : 'read' 'write' 'readreq' 'writereq' 'writeresp'>
ST_66 : Operation 721 [7/71] (7.30ns)   --->   "%gmem1_1_load_req = readreq i1 @_ssdm_op_ReadReq.m_axi.i32P1A, i32 %gmem1_1_addr, i64 1" [kernel.cpp:19]   --->   Operation 721 'readreq' 'gmem1_1_load_req' <Predicate = true> <Delay = 7.30> <CoreInst = "m_axi">   --->   Core 111 'm_axi' <Latency = 6> <II = 1> <Delay = 1.00> <Adapter> <Opcode : 'read' 'write' 'readreq' 'writereq' 'writeresp'>
ST_66 : Operation 722 [7/71] (7.30ns)   --->   "%gmem1_2_load_req = readreq i1 @_ssdm_op_ReadReq.m_axi.i32P1A, i32 %gmem1_2_addr, i64 1" [kernel.cpp:19]   --->   Operation 722 'readreq' 'gmem1_2_load_req' <Predicate = true> <Delay = 7.30> <CoreInst = "m_axi">   --->   Core 111 'm_axi' <Latency = 6> <II = 1> <Delay = 1.00> <Adapter> <Opcode : 'read' 'write' 'readreq' 'writereq' 'writeresp'>
ST_66 : Operation 723 [7/71] (7.30ns)   --->   "%gmem1_3_load_req = readreq i1 @_ssdm_op_ReadReq.m_axi.i32P1A, i32 %gmem1_3_addr, i64 1" [kernel.cpp:19]   --->   Operation 723 'readreq' 'gmem1_3_load_req' <Predicate = true> <Delay = 7.30> <CoreInst = "m_axi">   --->   Core 111 'm_axi' <Latency = 6> <II = 1> <Delay = 1.00> <Adapter> <Opcode : 'read' 'write' 'readreq' 'writereq' 'writeresp'>

State 67 <SV = 66> <Delay = 7.30>
ST_67 : Operation 724 [6/71] (7.30ns)   --->   "%gmem0_0_load_req = readreq i1 @_ssdm_op_ReadReq.m_axi.i32P1A, i32 %gmem0_0_addr, i64 1" [kernel.cpp:19]   --->   Operation 724 'readreq' 'gmem0_0_load_req' <Predicate = true> <Delay = 7.30> <CoreInst = "m_axi">   --->   Core 111 'm_axi' <Latency = 6> <II = 1> <Delay = 1.00> <Adapter> <Opcode : 'read' 'write' 'readreq' 'writereq' 'writeresp'>
ST_67 : Operation 725 [6/71] (7.30ns)   --->   "%gmem1_0_load_req = readreq i1 @_ssdm_op_ReadReq.m_axi.i32P1A, i32 %gmem1_0_addr, i64 1" [kernel.cpp:19]   --->   Operation 725 'readreq' 'gmem1_0_load_req' <Predicate = true> <Delay = 7.30> <CoreInst = "m_axi">   --->   Core 111 'm_axi' <Latency = 6> <II = 1> <Delay = 1.00> <Adapter> <Opcode : 'read' 'write' 'readreq' 'writereq' 'writeresp'>
ST_67 : Operation 726 [6/71] (7.30ns)   --->   "%gmem0_1_load_req = readreq i1 @_ssdm_op_ReadReq.m_axi.i32P1A, i32 %gmem0_1_addr, i64 1" [kernel.cpp:19]   --->   Operation 726 'readreq' 'gmem0_1_load_req' <Predicate = true> <Delay = 7.30> <CoreInst = "m_axi">   --->   Core 111 'm_axi' <Latency = 6> <II = 1> <Delay = 1.00> <Adapter> <Opcode : 'read' 'write' 'readreq' 'writereq' 'writeresp'>
ST_67 : Operation 727 [6/71] (7.30ns)   --->   "%gmem0_2_load_req = readreq i1 @_ssdm_op_ReadReq.m_axi.i32P1A, i32 %gmem0_2_addr, i64 1" [kernel.cpp:19]   --->   Operation 727 'readreq' 'gmem0_2_load_req' <Predicate = true> <Delay = 7.30> <CoreInst = "m_axi">   --->   Core 111 'm_axi' <Latency = 6> <II = 1> <Delay = 1.00> <Adapter> <Opcode : 'read' 'write' 'readreq' 'writereq' 'writeresp'>
ST_67 : Operation 728 [6/71] (7.30ns)   --->   "%gmem0_3_load_req = readreq i1 @_ssdm_op_ReadReq.m_axi.i32P1A, i32 %gmem0_3_addr, i64 1" [kernel.cpp:19]   --->   Operation 728 'readreq' 'gmem0_3_load_req' <Predicate = true> <Delay = 7.30> <CoreInst = "m_axi">   --->   Core 111 'm_axi' <Latency = 6> <II = 1> <Delay = 1.00> <Adapter> <Opcode : 'read' 'write' 'readreq' 'writereq' 'writeresp'>
ST_67 : Operation 729 [6/71] (7.30ns)   --->   "%gmem1_1_load_req = readreq i1 @_ssdm_op_ReadReq.m_axi.i32P1A, i32 %gmem1_1_addr, i64 1" [kernel.cpp:19]   --->   Operation 729 'readreq' 'gmem1_1_load_req' <Predicate = true> <Delay = 7.30> <CoreInst = "m_axi">   --->   Core 111 'm_axi' <Latency = 6> <II = 1> <Delay = 1.00> <Adapter> <Opcode : 'read' 'write' 'readreq' 'writereq' 'writeresp'>
ST_67 : Operation 730 [6/71] (7.30ns)   --->   "%gmem1_2_load_req = readreq i1 @_ssdm_op_ReadReq.m_axi.i32P1A, i32 %gmem1_2_addr, i64 1" [kernel.cpp:19]   --->   Operation 730 'readreq' 'gmem1_2_load_req' <Predicate = true> <Delay = 7.30> <CoreInst = "m_axi">   --->   Core 111 'm_axi' <Latency = 6> <II = 1> <Delay = 1.00> <Adapter> <Opcode : 'read' 'write' 'readreq' 'writereq' 'writeresp'>
ST_67 : Operation 731 [6/71] (7.30ns)   --->   "%gmem1_3_load_req = readreq i1 @_ssdm_op_ReadReq.m_axi.i32P1A, i32 %gmem1_3_addr, i64 1" [kernel.cpp:19]   --->   Operation 731 'readreq' 'gmem1_3_load_req' <Predicate = true> <Delay = 7.30> <CoreInst = "m_axi">   --->   Core 111 'm_axi' <Latency = 6> <II = 1> <Delay = 1.00> <Adapter> <Opcode : 'read' 'write' 'readreq' 'writereq' 'writeresp'>

State 68 <SV = 67> <Delay = 7.30>
ST_68 : Operation 732 [5/71] (7.30ns)   --->   "%gmem0_0_load_req = readreq i1 @_ssdm_op_ReadReq.m_axi.i32P1A, i32 %gmem0_0_addr, i64 1" [kernel.cpp:19]   --->   Operation 732 'readreq' 'gmem0_0_load_req' <Predicate = true> <Delay = 7.30> <CoreInst = "m_axi">   --->   Core 111 'm_axi' <Latency = 6> <II = 1> <Delay = 1.00> <Adapter> <Opcode : 'read' 'write' 'readreq' 'writereq' 'writeresp'>
ST_68 : Operation 733 [5/71] (7.30ns)   --->   "%gmem1_0_load_req = readreq i1 @_ssdm_op_ReadReq.m_axi.i32P1A, i32 %gmem1_0_addr, i64 1" [kernel.cpp:19]   --->   Operation 733 'readreq' 'gmem1_0_load_req' <Predicate = true> <Delay = 7.30> <CoreInst = "m_axi">   --->   Core 111 'm_axi' <Latency = 6> <II = 1> <Delay = 1.00> <Adapter> <Opcode : 'read' 'write' 'readreq' 'writereq' 'writeresp'>
ST_68 : Operation 734 [5/71] (7.30ns)   --->   "%gmem0_1_load_req = readreq i1 @_ssdm_op_ReadReq.m_axi.i32P1A, i32 %gmem0_1_addr, i64 1" [kernel.cpp:19]   --->   Operation 734 'readreq' 'gmem0_1_load_req' <Predicate = true> <Delay = 7.30> <CoreInst = "m_axi">   --->   Core 111 'm_axi' <Latency = 6> <II = 1> <Delay = 1.00> <Adapter> <Opcode : 'read' 'write' 'readreq' 'writereq' 'writeresp'>
ST_68 : Operation 735 [5/71] (7.30ns)   --->   "%gmem0_2_load_req = readreq i1 @_ssdm_op_ReadReq.m_axi.i32P1A, i32 %gmem0_2_addr, i64 1" [kernel.cpp:19]   --->   Operation 735 'readreq' 'gmem0_2_load_req' <Predicate = true> <Delay = 7.30> <CoreInst = "m_axi">   --->   Core 111 'm_axi' <Latency = 6> <II = 1> <Delay = 1.00> <Adapter> <Opcode : 'read' 'write' 'readreq' 'writereq' 'writeresp'>
ST_68 : Operation 736 [5/71] (7.30ns)   --->   "%gmem0_3_load_req = readreq i1 @_ssdm_op_ReadReq.m_axi.i32P1A, i32 %gmem0_3_addr, i64 1" [kernel.cpp:19]   --->   Operation 736 'readreq' 'gmem0_3_load_req' <Predicate = true> <Delay = 7.30> <CoreInst = "m_axi">   --->   Core 111 'm_axi' <Latency = 6> <II = 1> <Delay = 1.00> <Adapter> <Opcode : 'read' 'write' 'readreq' 'writereq' 'writeresp'>
ST_68 : Operation 737 [5/71] (7.30ns)   --->   "%gmem1_1_load_req = readreq i1 @_ssdm_op_ReadReq.m_axi.i32P1A, i32 %gmem1_1_addr, i64 1" [kernel.cpp:19]   --->   Operation 737 'readreq' 'gmem1_1_load_req' <Predicate = true> <Delay = 7.30> <CoreInst = "m_axi">   --->   Core 111 'm_axi' <Latency = 6> <II = 1> <Delay = 1.00> <Adapter> <Opcode : 'read' 'write' 'readreq' 'writereq' 'writeresp'>
ST_68 : Operation 738 [5/71] (7.30ns)   --->   "%gmem1_2_load_req = readreq i1 @_ssdm_op_ReadReq.m_axi.i32P1A, i32 %gmem1_2_addr, i64 1" [kernel.cpp:19]   --->   Operation 738 'readreq' 'gmem1_2_load_req' <Predicate = true> <Delay = 7.30> <CoreInst = "m_axi">   --->   Core 111 'm_axi' <Latency = 6> <II = 1> <Delay = 1.00> <Adapter> <Opcode : 'read' 'write' 'readreq' 'writereq' 'writeresp'>
ST_68 : Operation 739 [5/71] (7.30ns)   --->   "%gmem1_3_load_req = readreq i1 @_ssdm_op_ReadReq.m_axi.i32P1A, i32 %gmem1_3_addr, i64 1" [kernel.cpp:19]   --->   Operation 739 'readreq' 'gmem1_3_load_req' <Predicate = true> <Delay = 7.30> <CoreInst = "m_axi">   --->   Core 111 'm_axi' <Latency = 6> <II = 1> <Delay = 1.00> <Adapter> <Opcode : 'read' 'write' 'readreq' 'writereq' 'writeresp'>

State 69 <SV = 68> <Delay = 7.30>
ST_69 : Operation 740 [4/71] (7.30ns)   --->   "%gmem0_0_load_req = readreq i1 @_ssdm_op_ReadReq.m_axi.i32P1A, i32 %gmem0_0_addr, i64 1" [kernel.cpp:19]   --->   Operation 740 'readreq' 'gmem0_0_load_req' <Predicate = true> <Delay = 7.30> <CoreInst = "m_axi">   --->   Core 111 'm_axi' <Latency = 6> <II = 1> <Delay = 1.00> <Adapter> <Opcode : 'read' 'write' 'readreq' 'writereq' 'writeresp'>
ST_69 : Operation 741 [4/71] (7.30ns)   --->   "%gmem1_0_load_req = readreq i1 @_ssdm_op_ReadReq.m_axi.i32P1A, i32 %gmem1_0_addr, i64 1" [kernel.cpp:19]   --->   Operation 741 'readreq' 'gmem1_0_load_req' <Predicate = true> <Delay = 7.30> <CoreInst = "m_axi">   --->   Core 111 'm_axi' <Latency = 6> <II = 1> <Delay = 1.00> <Adapter> <Opcode : 'read' 'write' 'readreq' 'writereq' 'writeresp'>
ST_69 : Operation 742 [4/71] (7.30ns)   --->   "%gmem0_1_load_req = readreq i1 @_ssdm_op_ReadReq.m_axi.i32P1A, i32 %gmem0_1_addr, i64 1" [kernel.cpp:19]   --->   Operation 742 'readreq' 'gmem0_1_load_req' <Predicate = true> <Delay = 7.30> <CoreInst = "m_axi">   --->   Core 111 'm_axi' <Latency = 6> <II = 1> <Delay = 1.00> <Adapter> <Opcode : 'read' 'write' 'readreq' 'writereq' 'writeresp'>
ST_69 : Operation 743 [4/71] (7.30ns)   --->   "%gmem0_2_load_req = readreq i1 @_ssdm_op_ReadReq.m_axi.i32P1A, i32 %gmem0_2_addr, i64 1" [kernel.cpp:19]   --->   Operation 743 'readreq' 'gmem0_2_load_req' <Predicate = true> <Delay = 7.30> <CoreInst = "m_axi">   --->   Core 111 'm_axi' <Latency = 6> <II = 1> <Delay = 1.00> <Adapter> <Opcode : 'read' 'write' 'readreq' 'writereq' 'writeresp'>
ST_69 : Operation 744 [4/71] (7.30ns)   --->   "%gmem0_3_load_req = readreq i1 @_ssdm_op_ReadReq.m_axi.i32P1A, i32 %gmem0_3_addr, i64 1" [kernel.cpp:19]   --->   Operation 744 'readreq' 'gmem0_3_load_req' <Predicate = true> <Delay = 7.30> <CoreInst = "m_axi">   --->   Core 111 'm_axi' <Latency = 6> <II = 1> <Delay = 1.00> <Adapter> <Opcode : 'read' 'write' 'readreq' 'writereq' 'writeresp'>
ST_69 : Operation 745 [4/71] (7.30ns)   --->   "%gmem1_1_load_req = readreq i1 @_ssdm_op_ReadReq.m_axi.i32P1A, i32 %gmem1_1_addr, i64 1" [kernel.cpp:19]   --->   Operation 745 'readreq' 'gmem1_1_load_req' <Predicate = true> <Delay = 7.30> <CoreInst = "m_axi">   --->   Core 111 'm_axi' <Latency = 6> <II = 1> <Delay = 1.00> <Adapter> <Opcode : 'read' 'write' 'readreq' 'writereq' 'writeresp'>
ST_69 : Operation 746 [4/71] (7.30ns)   --->   "%gmem1_2_load_req = readreq i1 @_ssdm_op_ReadReq.m_axi.i32P1A, i32 %gmem1_2_addr, i64 1" [kernel.cpp:19]   --->   Operation 746 'readreq' 'gmem1_2_load_req' <Predicate = true> <Delay = 7.30> <CoreInst = "m_axi">   --->   Core 111 'm_axi' <Latency = 6> <II = 1> <Delay = 1.00> <Adapter> <Opcode : 'read' 'write' 'readreq' 'writereq' 'writeresp'>
ST_69 : Operation 747 [4/71] (7.30ns)   --->   "%gmem1_3_load_req = readreq i1 @_ssdm_op_ReadReq.m_axi.i32P1A, i32 %gmem1_3_addr, i64 1" [kernel.cpp:19]   --->   Operation 747 'readreq' 'gmem1_3_load_req' <Predicate = true> <Delay = 7.30> <CoreInst = "m_axi">   --->   Core 111 'm_axi' <Latency = 6> <II = 1> <Delay = 1.00> <Adapter> <Opcode : 'read' 'write' 'readreq' 'writereq' 'writeresp'>

State 70 <SV = 69> <Delay = 7.30>
ST_70 : Operation 748 [3/71] (7.30ns)   --->   "%gmem0_0_load_req = readreq i1 @_ssdm_op_ReadReq.m_axi.i32P1A, i32 %gmem0_0_addr, i64 1" [kernel.cpp:19]   --->   Operation 748 'readreq' 'gmem0_0_load_req' <Predicate = true> <Delay = 7.30> <CoreInst = "m_axi">   --->   Core 111 'm_axi' <Latency = 6> <II = 1> <Delay = 1.00> <Adapter> <Opcode : 'read' 'write' 'readreq' 'writereq' 'writeresp'>
ST_70 : Operation 749 [3/71] (7.30ns)   --->   "%gmem1_0_load_req = readreq i1 @_ssdm_op_ReadReq.m_axi.i32P1A, i32 %gmem1_0_addr, i64 1" [kernel.cpp:19]   --->   Operation 749 'readreq' 'gmem1_0_load_req' <Predicate = true> <Delay = 7.30> <CoreInst = "m_axi">   --->   Core 111 'm_axi' <Latency = 6> <II = 1> <Delay = 1.00> <Adapter> <Opcode : 'read' 'write' 'readreq' 'writereq' 'writeresp'>
ST_70 : Operation 750 [3/71] (7.30ns)   --->   "%gmem0_1_load_req = readreq i1 @_ssdm_op_ReadReq.m_axi.i32P1A, i32 %gmem0_1_addr, i64 1" [kernel.cpp:19]   --->   Operation 750 'readreq' 'gmem0_1_load_req' <Predicate = true> <Delay = 7.30> <CoreInst = "m_axi">   --->   Core 111 'm_axi' <Latency = 6> <II = 1> <Delay = 1.00> <Adapter> <Opcode : 'read' 'write' 'readreq' 'writereq' 'writeresp'>
ST_70 : Operation 751 [3/71] (7.30ns)   --->   "%gmem0_2_load_req = readreq i1 @_ssdm_op_ReadReq.m_axi.i32P1A, i32 %gmem0_2_addr, i64 1" [kernel.cpp:19]   --->   Operation 751 'readreq' 'gmem0_2_load_req' <Predicate = true> <Delay = 7.30> <CoreInst = "m_axi">   --->   Core 111 'm_axi' <Latency = 6> <II = 1> <Delay = 1.00> <Adapter> <Opcode : 'read' 'write' 'readreq' 'writereq' 'writeresp'>
ST_70 : Operation 752 [3/71] (7.30ns)   --->   "%gmem0_3_load_req = readreq i1 @_ssdm_op_ReadReq.m_axi.i32P1A, i32 %gmem0_3_addr, i64 1" [kernel.cpp:19]   --->   Operation 752 'readreq' 'gmem0_3_load_req' <Predicate = true> <Delay = 7.30> <CoreInst = "m_axi">   --->   Core 111 'm_axi' <Latency = 6> <II = 1> <Delay = 1.00> <Adapter> <Opcode : 'read' 'write' 'readreq' 'writereq' 'writeresp'>
ST_70 : Operation 753 [3/71] (7.30ns)   --->   "%gmem1_1_load_req = readreq i1 @_ssdm_op_ReadReq.m_axi.i32P1A, i32 %gmem1_1_addr, i64 1" [kernel.cpp:19]   --->   Operation 753 'readreq' 'gmem1_1_load_req' <Predicate = true> <Delay = 7.30> <CoreInst = "m_axi">   --->   Core 111 'm_axi' <Latency = 6> <II = 1> <Delay = 1.00> <Adapter> <Opcode : 'read' 'write' 'readreq' 'writereq' 'writeresp'>
ST_70 : Operation 754 [3/71] (7.30ns)   --->   "%gmem1_2_load_req = readreq i1 @_ssdm_op_ReadReq.m_axi.i32P1A, i32 %gmem1_2_addr, i64 1" [kernel.cpp:19]   --->   Operation 754 'readreq' 'gmem1_2_load_req' <Predicate = true> <Delay = 7.30> <CoreInst = "m_axi">   --->   Core 111 'm_axi' <Latency = 6> <II = 1> <Delay = 1.00> <Adapter> <Opcode : 'read' 'write' 'readreq' 'writereq' 'writeresp'>
ST_70 : Operation 755 [3/71] (7.30ns)   --->   "%gmem1_3_load_req = readreq i1 @_ssdm_op_ReadReq.m_axi.i32P1A, i32 %gmem1_3_addr, i64 1" [kernel.cpp:19]   --->   Operation 755 'readreq' 'gmem1_3_load_req' <Predicate = true> <Delay = 7.30> <CoreInst = "m_axi">   --->   Core 111 'm_axi' <Latency = 6> <II = 1> <Delay = 1.00> <Adapter> <Opcode : 'read' 'write' 'readreq' 'writereq' 'writeresp'>

State 71 <SV = 70> <Delay = 7.30>
ST_71 : Operation 756 [2/71] (7.30ns)   --->   "%gmem0_0_load_req = readreq i1 @_ssdm_op_ReadReq.m_axi.i32P1A, i32 %gmem0_0_addr, i64 1" [kernel.cpp:19]   --->   Operation 756 'readreq' 'gmem0_0_load_req' <Predicate = true> <Delay = 7.30> <CoreInst = "m_axi">   --->   Core 111 'm_axi' <Latency = 6> <II = 1> <Delay = 1.00> <Adapter> <Opcode : 'read' 'write' 'readreq' 'writereq' 'writeresp'>
ST_71 : Operation 757 [2/71] (7.30ns)   --->   "%gmem1_0_load_req = readreq i1 @_ssdm_op_ReadReq.m_axi.i32P1A, i32 %gmem1_0_addr, i64 1" [kernel.cpp:19]   --->   Operation 757 'readreq' 'gmem1_0_load_req' <Predicate = true> <Delay = 7.30> <CoreInst = "m_axi">   --->   Core 111 'm_axi' <Latency = 6> <II = 1> <Delay = 1.00> <Adapter> <Opcode : 'read' 'write' 'readreq' 'writereq' 'writeresp'>
ST_71 : Operation 758 [2/71] (7.30ns)   --->   "%gmem0_1_load_req = readreq i1 @_ssdm_op_ReadReq.m_axi.i32P1A, i32 %gmem0_1_addr, i64 1" [kernel.cpp:19]   --->   Operation 758 'readreq' 'gmem0_1_load_req' <Predicate = true> <Delay = 7.30> <CoreInst = "m_axi">   --->   Core 111 'm_axi' <Latency = 6> <II = 1> <Delay = 1.00> <Adapter> <Opcode : 'read' 'write' 'readreq' 'writereq' 'writeresp'>
ST_71 : Operation 759 [2/71] (7.30ns)   --->   "%gmem0_2_load_req = readreq i1 @_ssdm_op_ReadReq.m_axi.i32P1A, i32 %gmem0_2_addr, i64 1" [kernel.cpp:19]   --->   Operation 759 'readreq' 'gmem0_2_load_req' <Predicate = true> <Delay = 7.30> <CoreInst = "m_axi">   --->   Core 111 'm_axi' <Latency = 6> <II = 1> <Delay = 1.00> <Adapter> <Opcode : 'read' 'write' 'readreq' 'writereq' 'writeresp'>
ST_71 : Operation 760 [2/71] (7.30ns)   --->   "%gmem0_3_load_req = readreq i1 @_ssdm_op_ReadReq.m_axi.i32P1A, i32 %gmem0_3_addr, i64 1" [kernel.cpp:19]   --->   Operation 760 'readreq' 'gmem0_3_load_req' <Predicate = true> <Delay = 7.30> <CoreInst = "m_axi">   --->   Core 111 'm_axi' <Latency = 6> <II = 1> <Delay = 1.00> <Adapter> <Opcode : 'read' 'write' 'readreq' 'writereq' 'writeresp'>
ST_71 : Operation 761 [2/71] (7.30ns)   --->   "%gmem1_1_load_req = readreq i1 @_ssdm_op_ReadReq.m_axi.i32P1A, i32 %gmem1_1_addr, i64 1" [kernel.cpp:19]   --->   Operation 761 'readreq' 'gmem1_1_load_req' <Predicate = true> <Delay = 7.30> <CoreInst = "m_axi">   --->   Core 111 'm_axi' <Latency = 6> <II = 1> <Delay = 1.00> <Adapter> <Opcode : 'read' 'write' 'readreq' 'writereq' 'writeresp'>
ST_71 : Operation 762 [2/71] (7.30ns)   --->   "%gmem1_2_load_req = readreq i1 @_ssdm_op_ReadReq.m_axi.i32P1A, i32 %gmem1_2_addr, i64 1" [kernel.cpp:19]   --->   Operation 762 'readreq' 'gmem1_2_load_req' <Predicate = true> <Delay = 7.30> <CoreInst = "m_axi">   --->   Core 111 'm_axi' <Latency = 6> <II = 1> <Delay = 1.00> <Adapter> <Opcode : 'read' 'write' 'readreq' 'writereq' 'writeresp'>
ST_71 : Operation 763 [2/71] (7.30ns)   --->   "%gmem1_3_load_req = readreq i1 @_ssdm_op_ReadReq.m_axi.i32P1A, i32 %gmem1_3_addr, i64 1" [kernel.cpp:19]   --->   Operation 763 'readreq' 'gmem1_3_load_req' <Predicate = true> <Delay = 7.30> <CoreInst = "m_axi">   --->   Core 111 'm_axi' <Latency = 6> <II = 1> <Delay = 1.00> <Adapter> <Opcode : 'read' 'write' 'readreq' 'writereq' 'writeresp'>

State 72 <SV = 71> <Delay = 7.30>
ST_72 : Operation 764 [1/71] (7.30ns)   --->   "%gmem0_0_load_req = readreq i1 @_ssdm_op_ReadReq.m_axi.i32P1A, i32 %gmem0_0_addr, i64 1" [kernel.cpp:19]   --->   Operation 764 'readreq' 'gmem0_0_load_req' <Predicate = true> <Delay = 7.30> <CoreInst = "m_axi">   --->   Core 111 'm_axi' <Latency = 6> <II = 1> <Delay = 1.00> <Adapter> <Opcode : 'read' 'write' 'readreq' 'writereq' 'writeresp'>
ST_72 : Operation 765 [1/71] (7.30ns)   --->   "%gmem1_0_load_req = readreq i1 @_ssdm_op_ReadReq.m_axi.i32P1A, i32 %gmem1_0_addr, i64 1" [kernel.cpp:19]   --->   Operation 765 'readreq' 'gmem1_0_load_req' <Predicate = true> <Delay = 7.30> <CoreInst = "m_axi">   --->   Core 111 'm_axi' <Latency = 6> <II = 1> <Delay = 1.00> <Adapter> <Opcode : 'read' 'write' 'readreq' 'writereq' 'writeresp'>
ST_72 : Operation 766 [1/71] (7.30ns)   --->   "%gmem0_1_load_req = readreq i1 @_ssdm_op_ReadReq.m_axi.i32P1A, i32 %gmem0_1_addr, i64 1" [kernel.cpp:19]   --->   Operation 766 'readreq' 'gmem0_1_load_req' <Predicate = true> <Delay = 7.30> <CoreInst = "m_axi">   --->   Core 111 'm_axi' <Latency = 6> <II = 1> <Delay = 1.00> <Adapter> <Opcode : 'read' 'write' 'readreq' 'writereq' 'writeresp'>
ST_72 : Operation 767 [1/71] (7.30ns)   --->   "%gmem0_2_load_req = readreq i1 @_ssdm_op_ReadReq.m_axi.i32P1A, i32 %gmem0_2_addr, i64 1" [kernel.cpp:19]   --->   Operation 767 'readreq' 'gmem0_2_load_req' <Predicate = true> <Delay = 7.30> <CoreInst = "m_axi">   --->   Core 111 'm_axi' <Latency = 6> <II = 1> <Delay = 1.00> <Adapter> <Opcode : 'read' 'write' 'readreq' 'writereq' 'writeresp'>
ST_72 : Operation 768 [1/71] (7.30ns)   --->   "%gmem0_3_load_req = readreq i1 @_ssdm_op_ReadReq.m_axi.i32P1A, i32 %gmem0_3_addr, i64 1" [kernel.cpp:19]   --->   Operation 768 'readreq' 'gmem0_3_load_req' <Predicate = true> <Delay = 7.30> <CoreInst = "m_axi">   --->   Core 111 'm_axi' <Latency = 6> <II = 1> <Delay = 1.00> <Adapter> <Opcode : 'read' 'write' 'readreq' 'writereq' 'writeresp'>
ST_72 : Operation 769 [1/71] (7.30ns)   --->   "%gmem1_1_load_req = readreq i1 @_ssdm_op_ReadReq.m_axi.i32P1A, i32 %gmem1_1_addr, i64 1" [kernel.cpp:19]   --->   Operation 769 'readreq' 'gmem1_1_load_req' <Predicate = true> <Delay = 7.30> <CoreInst = "m_axi">   --->   Core 111 'm_axi' <Latency = 6> <II = 1> <Delay = 1.00> <Adapter> <Opcode : 'read' 'write' 'readreq' 'writereq' 'writeresp'>
ST_72 : Operation 770 [1/71] (7.30ns)   --->   "%gmem1_2_load_req = readreq i1 @_ssdm_op_ReadReq.m_axi.i32P1A, i32 %gmem1_2_addr, i64 1" [kernel.cpp:19]   --->   Operation 770 'readreq' 'gmem1_2_load_req' <Predicate = true> <Delay = 7.30> <CoreInst = "m_axi">   --->   Core 111 'm_axi' <Latency = 6> <II = 1> <Delay = 1.00> <Adapter> <Opcode : 'read' 'write' 'readreq' 'writereq' 'writeresp'>
ST_72 : Operation 771 [1/71] (7.30ns)   --->   "%gmem1_3_load_req = readreq i1 @_ssdm_op_ReadReq.m_axi.i32P1A, i32 %gmem1_3_addr, i64 1" [kernel.cpp:19]   --->   Operation 771 'readreq' 'gmem1_3_load_req' <Predicate = true> <Delay = 7.30> <CoreInst = "m_axi">   --->   Core 111 'm_axi' <Latency = 6> <II = 1> <Delay = 1.00> <Adapter> <Opcode : 'read' 'write' 'readreq' 'writereq' 'writeresp'>

State 73 <SV = 72> <Delay = 7.30>
ST_73 : Operation 772 [1/1] (7.30ns)   --->   "%gmem0_0_addr_read = read i32 @_ssdm_op_Read.m_axi.i32P1A, i32 %gmem0_0_addr" [kernel.cpp:19]   --->   Operation 772 'read' 'gmem0_0_addr_read' <Predicate = true> <Delay = 7.30> <CoreInst = "m_axi">   --->   Core 111 'm_axi' <Latency = 3> <II = 1> <Delay = 1.00> <Adapter> <Opcode : 'read' 'write' 'readreq' 'writereq' 'writeresp'>
ST_73 : Operation 773 [1/1] (7.30ns)   --->   "%gmem1_0_addr_read = read i32 @_ssdm_op_Read.m_axi.i32P1A, i32 %gmem1_0_addr" [kernel.cpp:19]   --->   Operation 773 'read' 'gmem1_0_addr_read' <Predicate = true> <Delay = 7.30> <CoreInst = "m_axi">   --->   Core 111 'm_axi' <Latency = 3> <II = 1> <Delay = 1.00> <Adapter> <Opcode : 'read' 'write' 'readreq' 'writereq' 'writeresp'>
ST_73 : Operation 774 [1/1] (7.30ns)   --->   "%gmem0_1_addr_read = read i32 @_ssdm_op_Read.m_axi.i32P1A, i32 %gmem0_1_addr" [kernel.cpp:19]   --->   Operation 774 'read' 'gmem0_1_addr_read' <Predicate = true> <Delay = 7.30> <CoreInst = "m_axi">   --->   Core 111 'm_axi' <Latency = 3> <II = 1> <Delay = 1.00> <Adapter> <Opcode : 'read' 'write' 'readreq' 'writereq' 'writeresp'>
ST_73 : Operation 775 [1/1] (7.30ns)   --->   "%gmem0_2_addr_read = read i32 @_ssdm_op_Read.m_axi.i32P1A, i32 %gmem0_2_addr" [kernel.cpp:19]   --->   Operation 775 'read' 'gmem0_2_addr_read' <Predicate = true> <Delay = 7.30> <CoreInst = "m_axi">   --->   Core 111 'm_axi' <Latency = 3> <II = 1> <Delay = 1.00> <Adapter> <Opcode : 'read' 'write' 'readreq' 'writereq' 'writeresp'>
ST_73 : Operation 776 [1/1] (7.30ns)   --->   "%gmem0_3_addr_read = read i32 @_ssdm_op_Read.m_axi.i32P1A, i32 %gmem0_3_addr" [kernel.cpp:19]   --->   Operation 776 'read' 'gmem0_3_addr_read' <Predicate = true> <Delay = 7.30> <CoreInst = "m_axi">   --->   Core 111 'm_axi' <Latency = 3> <II = 1> <Delay = 1.00> <Adapter> <Opcode : 'read' 'write' 'readreq' 'writereq' 'writeresp'>
ST_73 : Operation 777 [1/1] (7.30ns)   --->   "%gmem1_1_addr_read = read i32 @_ssdm_op_Read.m_axi.i32P1A, i32 %gmem1_1_addr" [kernel.cpp:19]   --->   Operation 777 'read' 'gmem1_1_addr_read' <Predicate = true> <Delay = 7.30> <CoreInst = "m_axi">   --->   Core 111 'm_axi' <Latency = 3> <II = 1> <Delay = 1.00> <Adapter> <Opcode : 'read' 'write' 'readreq' 'writereq' 'writeresp'>
ST_73 : Operation 778 [1/1] (7.30ns)   --->   "%gmem1_2_addr_read = read i32 @_ssdm_op_Read.m_axi.i32P1A, i32 %gmem1_2_addr" [kernel.cpp:19]   --->   Operation 778 'read' 'gmem1_2_addr_read' <Predicate = true> <Delay = 7.30> <CoreInst = "m_axi">   --->   Core 111 'm_axi' <Latency = 3> <II = 1> <Delay = 1.00> <Adapter> <Opcode : 'read' 'write' 'readreq' 'writereq' 'writeresp'>
ST_73 : Operation 779 [1/1] (7.30ns)   --->   "%gmem1_3_addr_read = read i32 @_ssdm_op_Read.m_axi.i32P1A, i32 %gmem1_3_addr" [kernel.cpp:19]   --->   Operation 779 'read' 'gmem1_3_addr_read' <Predicate = true> <Delay = 7.30> <CoreInst = "m_axi">   --->   Core 111 'm_axi' <Latency = 3> <II = 1> <Delay = 1.00> <Adapter> <Opcode : 'read' 'write' 'readreq' 'writereq' 'writeresp'>

State 74 <SV = 73> <Delay = 1.58>
ST_74 : Operation 780 [1/1] (0.00ns)   --->   "%spectopmodule_ln5 = spectopmodule void @_ssdm_op_SpecTopModule, void @empty_29" [kernel.cpp:5]   --->   Operation 780 'spectopmodule' 'spectopmodule_ln5' <Predicate = true> <Delay = 0.00>
ST_74 : Operation 781 [1/1] (0.00ns)   --->   "%specinterface_ln5 = specinterface void @_ssdm_op_SpecInterface, i32 0, void @empty_30, i32 0, i32 0, void @empty_24, i32 0, i32 0, void @empty_24, void @empty_24, void @empty_24, i32 0, i32 0, i32 0, i32 0, void @empty_24, void @empty_24, i32 4294967295, i32 0, i32 0" [kernel.cpp:5]   --->   Operation 781 'specinterface' 'specinterface_ln5' <Predicate = true> <Delay = 0.00>
ST_74 : Operation 782 [1/1] (0.00ns)   --->   "%specinterface_ln0 = specinterface void @_ssdm_op_SpecInterface, i32 %gmem0_0, void @empty_15, i32 0, i32 0, void @empty_24, i32 64, i32 0, void @empty_8, void @empty_0, void @empty_24, i32 16, i32 16, i32 16, i32 16, void @empty_24, void @empty_24, i32 4294967295, i32 0, i32 0"   --->   Operation 782 'specinterface' 'specinterface_ln0' <Predicate = true> <Delay = 0.00>
ST_74 : Operation 783 [1/1] (0.00ns)   --->   "%specbitsmap_ln0 = specbitsmap void @_ssdm_op_SpecBitsMap, i32 %gmem0_0"   --->   Operation 783 'specbitsmap' 'specbitsmap_ln0' <Predicate = true> <Delay = 0.00>
ST_74 : Operation 784 [1/1] (0.00ns)   --->   "%specinterface_ln0 = specinterface void @_ssdm_op_SpecInterface, i32 %gmem0_1, void @empty_15, i32 0, i32 0, void @empty_24, i32 64, i32 0, void @empty_1, void @empty_0, void @empty_24, i32 16, i32 16, i32 16, i32 16, void @empty_24, void @empty_24, i32 4294967295, i32 0, i32 0"   --->   Operation 784 'specinterface' 'specinterface_ln0' <Predicate = true> <Delay = 0.00>
ST_74 : Operation 785 [1/1] (0.00ns)   --->   "%specbitsmap_ln0 = specbitsmap void @_ssdm_op_SpecBitsMap, i32 %gmem0_1"   --->   Operation 785 'specbitsmap' 'specbitsmap_ln0' <Predicate = true> <Delay = 0.00>
ST_74 : Operation 786 [1/1] (0.00ns)   --->   "%specinterface_ln0 = specinterface void @_ssdm_op_SpecInterface, i32 %gmem0_2, void @empty_15, i32 0, i32 0, void @empty_24, i32 64, i32 0, void @empty_2, void @empty_0, void @empty_24, i32 16, i32 16, i32 16, i32 16, void @empty_24, void @empty_24, i32 4294967295, i32 0, i32 0"   --->   Operation 786 'specinterface' 'specinterface_ln0' <Predicate = true> <Delay = 0.00>
ST_74 : Operation 787 [1/1] (0.00ns)   --->   "%specbitsmap_ln0 = specbitsmap void @_ssdm_op_SpecBitsMap, i32 %gmem0_2"   --->   Operation 787 'specbitsmap' 'specbitsmap_ln0' <Predicate = true> <Delay = 0.00>
ST_74 : Operation 788 [1/1] (0.00ns)   --->   "%specinterface_ln0 = specinterface void @_ssdm_op_SpecInterface, i32 %gmem0_3, void @empty_15, i32 0, i32 0, void @empty_24, i32 64, i32 0, void @empty_3, void @empty_0, void @empty_24, i32 16, i32 16, i32 16, i32 16, void @empty_24, void @empty_24, i32 4294967295, i32 0, i32 0"   --->   Operation 788 'specinterface' 'specinterface_ln0' <Predicate = true> <Delay = 0.00>
ST_74 : Operation 789 [1/1] (0.00ns)   --->   "%specbitsmap_ln0 = specbitsmap void @_ssdm_op_SpecBitsMap, i32 %gmem0_3"   --->   Operation 789 'specbitsmap' 'specbitsmap_ln0' <Predicate = true> <Delay = 0.00>
ST_74 : Operation 790 [1/1] (0.00ns)   --->   "%specinterface_ln0 = specinterface void @_ssdm_op_SpecInterface, i32 %gmem1_0, void @empty_15, i32 0, i32 0, void @empty_24, i32 64, i32 0, void @empty_32, void @empty_0, void @empty_24, i32 16, i32 16, i32 16, i32 16, void @empty_24, void @empty_24, i32 4294967295, i32 0, i32 0"   --->   Operation 790 'specinterface' 'specinterface_ln0' <Predicate = true> <Delay = 0.00>
ST_74 : Operation 791 [1/1] (0.00ns)   --->   "%specbitsmap_ln0 = specbitsmap void @_ssdm_op_SpecBitsMap, i32 %gmem1_0"   --->   Operation 791 'specbitsmap' 'specbitsmap_ln0' <Predicate = true> <Delay = 0.00>
ST_74 : Operation 792 [1/1] (0.00ns)   --->   "%specinterface_ln0 = specinterface void @_ssdm_op_SpecInterface, i32 %gmem1_1, void @empty_15, i32 0, i32 0, void @empty_24, i32 64, i32 0, void @empty_5, void @empty_0, void @empty_24, i32 16, i32 16, i32 16, i32 16, void @empty_24, void @empty_24, i32 4294967295, i32 0, i32 0"   --->   Operation 792 'specinterface' 'specinterface_ln0' <Predicate = true> <Delay = 0.00>
ST_74 : Operation 793 [1/1] (0.00ns)   --->   "%specbitsmap_ln0 = specbitsmap void @_ssdm_op_SpecBitsMap, i32 %gmem1_1"   --->   Operation 793 'specbitsmap' 'specbitsmap_ln0' <Predicate = true> <Delay = 0.00>
ST_74 : Operation 794 [1/1] (0.00ns)   --->   "%specinterface_ln0 = specinterface void @_ssdm_op_SpecInterface, i32 %gmem1_2, void @empty_15, i32 0, i32 0, void @empty_24, i32 64, i32 0, void @empty_14, void @empty_0, void @empty_24, i32 16, i32 16, i32 16, i32 16, void @empty_24, void @empty_24, i32 4294967295, i32 0, i32 0"   --->   Operation 794 'specinterface' 'specinterface_ln0' <Predicate = true> <Delay = 0.00>
ST_74 : Operation 795 [1/1] (0.00ns)   --->   "%specbitsmap_ln0 = specbitsmap void @_ssdm_op_SpecBitsMap, i32 %gmem1_2"   --->   Operation 795 'specbitsmap' 'specbitsmap_ln0' <Predicate = true> <Delay = 0.00>
ST_74 : Operation 796 [1/1] (0.00ns)   --->   "%specinterface_ln0 = specinterface void @_ssdm_op_SpecInterface, i32 %gmem1_3, void @empty_15, i32 0, i32 0, void @empty_24, i32 64, i32 0, void @empty_7, void @empty_0, void @empty_24, i32 16, i32 16, i32 16, i32 16, void @empty_24, void @empty_24, i32 4294967295, i32 0, i32 0"   --->   Operation 796 'specinterface' 'specinterface_ln0' <Predicate = true> <Delay = 0.00>
ST_74 : Operation 797 [1/1] (0.00ns)   --->   "%specbitsmap_ln0 = specbitsmap void @_ssdm_op_SpecBitsMap, i32 %gmem1_3"   --->   Operation 797 'specbitsmap' 'specbitsmap_ln0' <Predicate = true> <Delay = 0.00>
ST_74 : Operation 798 [1/1] (0.00ns)   --->   "%specinterface_ln0 = specinterface void @_ssdm_op_SpecInterface, i64 %gmem2_0, void @empty_15, i32 0, i32 0, void @empty_24, i32 64, i32 0, void @empty, void @empty_0, void @empty_24, i32 16, i32 16, i32 16, i32 16, void @empty_24, void @empty_24, i32 4294967295, i32 0, i32 0"   --->   Operation 798 'specinterface' 'specinterface_ln0' <Predicate = true> <Delay = 0.00>
ST_74 : Operation 799 [1/1] (0.00ns)   --->   "%specbitsmap_ln0 = specbitsmap void @_ssdm_op_SpecBitsMap, i64 %gmem2_0"   --->   Operation 799 'specbitsmap' 'specbitsmap_ln0' <Predicate = true> <Delay = 0.00>
ST_74 : Operation 800 [1/1] (0.00ns)   --->   "%specinterface_ln0 = specinterface void @_ssdm_op_SpecInterface, i64 %gmem2_1, void @empty_15, i32 0, i32 0, void @empty_24, i32 64, i32 0, void @empty_9, void @empty_0, void @empty_24, i32 16, i32 16, i32 16, i32 16, void @empty_24, void @empty_24, i32 4294967295, i32 0, i32 0"   --->   Operation 800 'specinterface' 'specinterface_ln0' <Predicate = true> <Delay = 0.00>
ST_74 : Operation 801 [1/1] (0.00ns)   --->   "%specbitsmap_ln0 = specbitsmap void @_ssdm_op_SpecBitsMap, i64 %gmem2_1"   --->   Operation 801 'specbitsmap' 'specbitsmap_ln0' <Predicate = true> <Delay = 0.00>
ST_74 : Operation 802 [1/1] (0.00ns)   --->   "%specinterface_ln0 = specinterface void @_ssdm_op_SpecInterface, i64 %gmem2_2, void @empty_15, i32 0, i32 0, void @empty_24, i32 64, i32 0, void @empty_10, void @empty_0, void @empty_24, i32 16, i32 16, i32 16, i32 16, void @empty_24, void @empty_24, i32 4294967295, i32 0, i32 0"   --->   Operation 802 'specinterface' 'specinterface_ln0' <Predicate = true> <Delay = 0.00>
ST_74 : Operation 803 [1/1] (0.00ns)   --->   "%specbitsmap_ln0 = specbitsmap void @_ssdm_op_SpecBitsMap, i64 %gmem2_2"   --->   Operation 803 'specbitsmap' 'specbitsmap_ln0' <Predicate = true> <Delay = 0.00>
ST_74 : Operation 804 [1/1] (0.00ns)   --->   "%specinterface_ln0 = specinterface void @_ssdm_op_SpecInterface, i64 %gmem2_3, void @empty_15, i32 0, i32 0, void @empty_24, i32 64, i32 0, void @empty_11, void @empty_0, void @empty_24, i32 16, i32 16, i32 16, i32 16, void @empty_24, void @empty_24, i32 4294967295, i32 0, i32 0"   --->   Operation 804 'specinterface' 'specinterface_ln0' <Predicate = true> <Delay = 0.00>
ST_74 : Operation 805 [1/1] (0.00ns)   --->   "%specbitsmap_ln0 = specbitsmap void @_ssdm_op_SpecBitsMap, i64 %gmem2_3"   --->   Operation 805 'specbitsmap' 'specbitsmap_ln0' <Predicate = true> <Delay = 0.00>
ST_74 : Operation 806 [1/1] (0.00ns)   --->   "%specinterface_ln0 = specinterface void @_ssdm_op_SpecInterface, i64 %a_0, void @empty_12, i32 0, i32 0, void @empty_24, i32 0, i32 0, void @empty_4, void @empty_6, void @empty_24, i32 0, i32 0, i32 0, i32 0, void @empty_24, void @empty_25, i32 4294967295, i32 0, i32 0"   --->   Operation 806 'specinterface' 'specinterface_ln0' <Predicate = true> <Delay = 0.00>
ST_74 : Operation 807 [1/1] (0.00ns)   --->   "%specinterface_ln0 = specinterface void @_ssdm_op_SpecInterface, i64 %a_0, void @empty_17, i32 0, i32 0, void @empty_24, i32 0, i32 0, void @empty_24, void @empty_24, void @empty_24, i32 0, i32 0, i32 0, i32 0, void @empty_24, void @empty_25, i32 4294967295, i32 0, i32 0"   --->   Operation 807 'specinterface' 'specinterface_ln0' <Predicate = true> <Delay = 0.00>
ST_74 : Operation 808 [1/1] (0.00ns)   --->   "%specinterface_ln0 = specinterface void @_ssdm_op_SpecInterface, i64 %a_1, void @empty_12, i32 0, i32 0, void @empty_24, i32 0, i32 0, void @empty_4, void @empty_18, void @empty_24, i32 0, i32 0, i32 0, i32 0, void @empty_24, void @empty_25, i32 4294967295, i32 0, i32 0"   --->   Operation 808 'specinterface' 'specinterface_ln0' <Predicate = true> <Delay = 0.00>
ST_74 : Operation 809 [1/1] (0.00ns)   --->   "%specinterface_ln0 = specinterface void @_ssdm_op_SpecInterface, i64 %a_1, void @empty_17, i32 0, i32 0, void @empty_24, i32 0, i32 0, void @empty_24, void @empty_24, void @empty_24, i32 0, i32 0, i32 0, i32 0, void @empty_24, void @empty_25, i32 4294967295, i32 0, i32 0"   --->   Operation 809 'specinterface' 'specinterface_ln0' <Predicate = true> <Delay = 0.00>
ST_74 : Operation 810 [1/1] (0.00ns)   --->   "%specinterface_ln0 = specinterface void @_ssdm_op_SpecInterface, i64 %a_2, void @empty_12, i32 0, i32 0, void @empty_24, i32 0, i32 0, void @empty_4, void @empty_19, void @empty_24, i32 0, i32 0, i32 0, i32 0, void @empty_24, void @empty_25, i32 4294967295, i32 0, i32 0"   --->   Operation 810 'specinterface' 'specinterface_ln0' <Predicate = true> <Delay = 0.00>
ST_74 : Operation 811 [1/1] (0.00ns)   --->   "%specinterface_ln0 = specinterface void @_ssdm_op_SpecInterface, i64 %a_2, void @empty_17, i32 0, i32 0, void @empty_24, i32 0, i32 0, void @empty_24, void @empty_24, void @empty_24, i32 0, i32 0, i32 0, i32 0, void @empty_24, void @empty_25, i32 4294967295, i32 0, i32 0"   --->   Operation 811 'specinterface' 'specinterface_ln0' <Predicate = true> <Delay = 0.00>
ST_74 : Operation 812 [1/1] (0.00ns)   --->   "%specinterface_ln0 = specinterface void @_ssdm_op_SpecInterface, i64 %a_3, void @empty_12, i32 0, i32 0, void @empty_24, i32 0, i32 0, void @empty_4, void @empty_20, void @empty_24, i32 0, i32 0, i32 0, i32 0, void @empty_24, void @empty_25, i32 4294967295, i32 0, i32 0"   --->   Operation 812 'specinterface' 'specinterface_ln0' <Predicate = true> <Delay = 0.00>
ST_74 : Operation 813 [1/1] (0.00ns)   --->   "%specinterface_ln0 = specinterface void @_ssdm_op_SpecInterface, i64 %a_3, void @empty_17, i32 0, i32 0, void @empty_24, i32 0, i32 0, void @empty_24, void @empty_24, void @empty_24, i32 0, i32 0, i32 0, i32 0, void @empty_24, void @empty_25, i32 4294967295, i32 0, i32 0"   --->   Operation 813 'specinterface' 'specinterface_ln0' <Predicate = true> <Delay = 0.00>
ST_74 : Operation 814 [1/1] (0.00ns)   --->   "%specinterface_ln0 = specinterface void @_ssdm_op_SpecInterface, i64 %b_0, void @empty_12, i32 0, i32 0, void @empty_24, i32 0, i32 0, void @empty_4, void @empty_21, void @empty_24, i32 0, i32 0, i32 0, i32 0, void @empty_24, void @empty_25, i32 4294967295, i32 0, i32 0"   --->   Operation 814 'specinterface' 'specinterface_ln0' <Predicate = true> <Delay = 0.00>
ST_74 : Operation 815 [1/1] (0.00ns)   --->   "%specinterface_ln0 = specinterface void @_ssdm_op_SpecInterface, i64 %b_0, void @empty_17, i32 0, i32 0, void @empty_24, i32 0, i32 0, void @empty_24, void @empty_24, void @empty_24, i32 0, i32 0, i32 0, i32 0, void @empty_24, void @empty_25, i32 4294967295, i32 0, i32 0"   --->   Operation 815 'specinterface' 'specinterface_ln0' <Predicate = true> <Delay = 0.00>
ST_74 : Operation 816 [1/1] (0.00ns)   --->   "%specinterface_ln0 = specinterface void @_ssdm_op_SpecInterface, i64 %b_1, void @empty_12, i32 0, i32 0, void @empty_24, i32 0, i32 0, void @empty_4, void @empty_31, void @empty_24, i32 0, i32 0, i32 0, i32 0, void @empty_24, void @empty_25, i32 4294967295, i32 0, i32 0"   --->   Operation 816 'specinterface' 'specinterface_ln0' <Predicate = true> <Delay = 0.00>
ST_74 : Operation 817 [1/1] (0.00ns)   --->   "%specinterface_ln0 = specinterface void @_ssdm_op_SpecInterface, i64 %b_1, void @empty_17, i32 0, i32 0, void @empty_24, i32 0, i32 0, void @empty_24, void @empty_24, void @empty_24, i32 0, i32 0, i32 0, i32 0, void @empty_24, void @empty_25, i32 4294967295, i32 0, i32 0"   --->   Operation 817 'specinterface' 'specinterface_ln0' <Predicate = true> <Delay = 0.00>
ST_74 : Operation 818 [1/1] (0.00ns)   --->   "%specinterface_ln0 = specinterface void @_ssdm_op_SpecInterface, i64 %b_2, void @empty_12, i32 0, i32 0, void @empty_24, i32 0, i32 0, void @empty_4, void @empty_23, void @empty_24, i32 0, i32 0, i32 0, i32 0, void @empty_24, void @empty_25, i32 4294967295, i32 0, i32 0"   --->   Operation 818 'specinterface' 'specinterface_ln0' <Predicate = true> <Delay = 0.00>
ST_74 : Operation 819 [1/1] (0.00ns)   --->   "%specinterface_ln0 = specinterface void @_ssdm_op_SpecInterface, i64 %b_2, void @empty_17, i32 0, i32 0, void @empty_24, i32 0, i32 0, void @empty_24, void @empty_24, void @empty_24, i32 0, i32 0, i32 0, i32 0, void @empty_24, void @empty_25, i32 4294967295, i32 0, i32 0"   --->   Operation 819 'specinterface' 'specinterface_ln0' <Predicate = true> <Delay = 0.00>
ST_74 : Operation 820 [1/1] (0.00ns)   --->   "%specinterface_ln0 = specinterface void @_ssdm_op_SpecInterface, i64 %b_3, void @empty_12, i32 0, i32 0, void @empty_24, i32 0, i32 0, void @empty_4, void @empty_13, void @empty_24, i32 0, i32 0, i32 0, i32 0, void @empty_24, void @empty_25, i32 4294967295, i32 0, i32 0"   --->   Operation 820 'specinterface' 'specinterface_ln0' <Predicate = true> <Delay = 0.00>
ST_74 : Operation 821 [1/1] (0.00ns)   --->   "%specinterface_ln0 = specinterface void @_ssdm_op_SpecInterface, i64 %b_3, void @empty_17, i32 0, i32 0, void @empty_24, i32 0, i32 0, void @empty_24, void @empty_24, void @empty_24, i32 0, i32 0, i32 0, i32 0, void @empty_24, void @empty_25, i32 4294967295, i32 0, i32 0"   --->   Operation 821 'specinterface' 'specinterface_ln0' <Predicate = true> <Delay = 0.00>
ST_74 : Operation 822 [1/1] (0.00ns)   --->   "%specinterface_ln0 = specinterface void @_ssdm_op_SpecInterface, i64 %c_0, void @empty_12, i32 0, i32 0, void @empty_24, i32 0, i32 0, void @empty_4, void @empty_16, void @empty_24, i32 0, i32 0, i32 0, i32 0, void @empty_24, void @empty_25, i32 4294967295, i32 0, i32 0"   --->   Operation 822 'specinterface' 'specinterface_ln0' <Predicate = true> <Delay = 0.00>
ST_74 : Operation 823 [1/1] (0.00ns)   --->   "%specinterface_ln0 = specinterface void @_ssdm_op_SpecInterface, i64 %c_0, void @empty_17, i32 0, i32 0, void @empty_24, i32 0, i32 0, void @empty_24, void @empty_24, void @empty_24, i32 0, i32 0, i32 0, i32 0, void @empty_24, void @empty_25, i32 4294967295, i32 0, i32 0"   --->   Operation 823 'specinterface' 'specinterface_ln0' <Predicate = true> <Delay = 0.00>
ST_74 : Operation 824 [1/1] (0.00ns)   --->   "%specinterface_ln0 = specinterface void @_ssdm_op_SpecInterface, i64 %c_1, void @empty_12, i32 0, i32 0, void @empty_24, i32 0, i32 0, void @empty_4, void @empty_26, void @empty_24, i32 0, i32 0, i32 0, i32 0, void @empty_24, void @empty_25, i32 4294967295, i32 0, i32 0"   --->   Operation 824 'specinterface' 'specinterface_ln0' <Predicate = true> <Delay = 0.00>
ST_74 : Operation 825 [1/1] (0.00ns)   --->   "%specinterface_ln0 = specinterface void @_ssdm_op_SpecInterface, i64 %c_1, void @empty_17, i32 0, i32 0, void @empty_24, i32 0, i32 0, void @empty_24, void @empty_24, void @empty_24, i32 0, i32 0, i32 0, i32 0, void @empty_24, void @empty_25, i32 4294967295, i32 0, i32 0"   --->   Operation 825 'specinterface' 'specinterface_ln0' <Predicate = true> <Delay = 0.00>
ST_74 : Operation 826 [1/1] (0.00ns)   --->   "%specinterface_ln0 = specinterface void @_ssdm_op_SpecInterface, i64 %c_2, void @empty_12, i32 0, i32 0, void @empty_24, i32 0, i32 0, void @empty_4, void @empty_27, void @empty_24, i32 0, i32 0, i32 0, i32 0, void @empty_24, void @empty_25, i32 4294967295, i32 0, i32 0"   --->   Operation 826 'specinterface' 'specinterface_ln0' <Predicate = true> <Delay = 0.00>
ST_74 : Operation 827 [1/1] (0.00ns)   --->   "%specinterface_ln0 = specinterface void @_ssdm_op_SpecInterface, i64 %c_2, void @empty_17, i32 0, i32 0, void @empty_24, i32 0, i32 0, void @empty_24, void @empty_24, void @empty_24, i32 0, i32 0, i32 0, i32 0, void @empty_24, void @empty_25, i32 4294967295, i32 0, i32 0"   --->   Operation 827 'specinterface' 'specinterface_ln0' <Predicate = true> <Delay = 0.00>
ST_74 : Operation 828 [1/1] (0.00ns)   --->   "%specinterface_ln0 = specinterface void @_ssdm_op_SpecInterface, i64 %c_3, void @empty_12, i32 0, i32 0, void @empty_24, i32 0, i32 0, void @empty_4, void @empty_28, void @empty_24, i32 0, i32 0, i32 0, i32 0, void @empty_24, void @empty_25, i32 4294967295, i32 0, i32 0"   --->   Operation 828 'specinterface' 'specinterface_ln0' <Predicate = true> <Delay = 0.00>
ST_74 : Operation 829 [1/1] (0.00ns)   --->   "%specinterface_ln0 = specinterface void @_ssdm_op_SpecInterface, i64 %c_3, void @empty_17, i32 0, i32 0, void @empty_24, i32 0, i32 0, void @empty_24, void @empty_24, void @empty_24, i32 0, i32 0, i32 0, i32 0, void @empty_24, void @empty_25, i32 4294967295, i32 0, i32 0"   --->   Operation 829 'specinterface' 'specinterface_ln0' <Predicate = true> <Delay = 0.00>
ST_74 : Operation 830 [1/1] (0.00ns)   --->   "%specinterface_ln0 = specinterface void @_ssdm_op_SpecInterface, i32 0, void @empty_12, i32 0, i32 0, void @empty_24, i32 0, i32 0, void @empty_4, void @empty_24, void @empty_24, i32 0, i32 0, i32 0, i32 0, void @empty_24, void @empty_24, i32 4294967295, i32 0, i32 0"   --->   Operation 830 'specinterface' 'specinterface_ln0' <Predicate = true> <Delay = 0.00>
ST_74 : Operation 831 [1/1] (0.00ns)   --->   "%p_cast_cast = sext i61 %p_cast" [kernel.cpp:5]   --->   Operation 831 'sext' 'p_cast_cast' <Predicate = true> <Delay = 0.00>
ST_74 : Operation 832 [1/1] (0.00ns)   --->   "%gmem2_3_addr = getelementptr i64 %gmem2_3, i64 %p_cast_cast" [kernel.cpp:5]   --->   Operation 832 'getelementptr' 'gmem2_3_addr' <Predicate = true> <Delay = 0.00>
ST_74 : Operation 833 [1/1] (0.00ns)   --->   "%p_cast1_cast = sext i61 %p_cast1" [kernel.cpp:5]   --->   Operation 833 'sext' 'p_cast1_cast' <Predicate = true> <Delay = 0.00>
ST_74 : Operation 834 [1/1] (0.00ns)   --->   "%gmem2_2_addr = getelementptr i64 %gmem2_2, i64 %p_cast1_cast" [kernel.cpp:5]   --->   Operation 834 'getelementptr' 'gmem2_2_addr' <Predicate = true> <Delay = 0.00>
ST_74 : Operation 835 [1/1] (0.00ns)   --->   "%p_cast2_cast = sext i61 %p_cast2" [kernel.cpp:5]   --->   Operation 835 'sext' 'p_cast2_cast' <Predicate = true> <Delay = 0.00>
ST_74 : Operation 836 [1/1] (0.00ns)   --->   "%gmem2_1_addr = getelementptr i64 %gmem2_1, i64 %p_cast2_cast" [kernel.cpp:5]   --->   Operation 836 'getelementptr' 'gmem2_1_addr' <Predicate = true> <Delay = 0.00>
ST_74 : Operation 837 [1/1] (0.00ns)   --->   "%p_cast3_cast = sext i61 %p_cast3" [kernel.cpp:5]   --->   Operation 837 'sext' 'p_cast3_cast' <Predicate = true> <Delay = 0.00>
ST_74 : Operation 838 [1/1] (0.00ns)   --->   "%gmem2_0_addr = getelementptr i64 %gmem2_0, i64 %p_cast3_cast" [kernel.cpp:5]   --->   Operation 838 'getelementptr' 'gmem2_0_addr' <Predicate = true> <Delay = 0.00>
ST_74 : Operation 839 [1/1] (1.58ns)   --->   "%store_ln19 = store i32 %gmem1_3_addr_read, i32 %shiftreg289" [kernel.cpp:19]   --->   Operation 839 'store' 'store_ln19' <Predicate = true> <Delay = 1.58>
ST_74 : Operation 840 [1/1] (1.58ns)   --->   "%store_ln19 = store i32 %gmem1_2_addr_read, i32 %shiftreg268" [kernel.cpp:19]   --->   Operation 840 'store' 'store_ln19' <Predicate = true> <Delay = 1.58>
ST_74 : Operation 841 [1/1] (1.58ns)   --->   "%store_ln19 = store i32 %gmem1_1_addr_read, i32 %shiftreg247" [kernel.cpp:19]   --->   Operation 841 'store' 'store_ln19' <Predicate = true> <Delay = 1.58>
ST_74 : Operation 842 [1/1] (1.58ns)   --->   "%store_ln19 = store i32 %gmem0_3_addr_read, i32 %shiftreg226" [kernel.cpp:19]   --->   Operation 842 'store' 'store_ln19' <Predicate = true> <Delay = 1.58>
ST_74 : Operation 843 [1/1] (1.58ns)   --->   "%store_ln19 = store i32 %gmem0_2_addr_read, i32 %shiftreg205" [kernel.cpp:19]   --->   Operation 843 'store' 'store_ln19' <Predicate = true> <Delay = 1.58>
ST_74 : Operation 844 [1/1] (1.58ns)   --->   "%store_ln19 = store i32 %gmem0_1_addr_read, i32 %shiftreg184" [kernel.cpp:19]   --->   Operation 844 'store' 'store_ln19' <Predicate = true> <Delay = 1.58>
ST_74 : Operation 845 [1/1] (1.58ns)   --->   "%store_ln19 = store i32 %gmem1_0_addr_read, i32 %shiftreg163" [kernel.cpp:19]   --->   Operation 845 'store' 'store_ln19' <Predicate = true> <Delay = 1.58>
ST_74 : Operation 846 [1/1] (1.58ns)   --->   "%store_ln19 = store i32 %gmem0_0_addr_read, i32 %shiftreg2" [kernel.cpp:19]   --->   Operation 846 'store' 'store_ln19' <Predicate = true> <Delay = 1.58>
ST_74 : Operation 847 [1/1] (0.00ns)   --->   "%br_ln19 = br void %for.body.split" [kernel.cpp:19]   --->   Operation 847 'br' 'br_ln19' <Predicate = true> <Delay = 0.00>

State 75 <SV = 74> <Delay = 3.45>
ST_75 : Operation 848 [1/1] (0.00ns)   --->   "%i1_load = load i5 %i1" [kernel.cpp:19]   --->   Operation 848 'load' 'i1_load' <Predicate = true> <Delay = 0.00>
ST_75 : Operation 849 [1/1] (0.00ns)   --->   "%shiftreg2_load = load i32 %shiftreg2" [kernel.cpp:22]   --->   Operation 849 'load' 'shiftreg2_load' <Predicate = true> <Delay = 0.00>
ST_75 : Operation 850 [1/1] (0.00ns)   --->   "%shiftreg163_load = load i32 %shiftreg163" [kernel.cpp:22]   --->   Operation 850 'load' 'shiftreg163_load' <Predicate = true> <Delay = 0.00>
ST_75 : Operation 851 [1/1] (0.00ns)   --->   "%shiftreg184_load = load i32 %shiftreg184" [kernel.cpp:22]   --->   Operation 851 'load' 'shiftreg184_load' <Predicate = true> <Delay = 0.00>
ST_75 : Operation 852 [1/1] (0.00ns)   --->   "%shiftreg205_load = load i32 %shiftreg205" [kernel.cpp:22]   --->   Operation 852 'load' 'shiftreg205_load' <Predicate = true> <Delay = 0.00>
ST_75 : Operation 853 [1/1] (0.00ns)   --->   "%shiftreg226_load = load i32 %shiftreg226" [kernel.cpp:22]   --->   Operation 853 'load' 'shiftreg226_load' <Predicate = true> <Delay = 0.00>
ST_75 : Operation 854 [1/1] (0.00ns)   --->   "%shiftreg247_load = load i32 %shiftreg247" [kernel.cpp:22]   --->   Operation 854 'load' 'shiftreg247_load' <Predicate = true> <Delay = 0.00>
ST_75 : Operation 855 [1/1] (0.00ns)   --->   "%shiftreg268_load = load i32 %shiftreg268" [kernel.cpp:22]   --->   Operation 855 'load' 'shiftreg268_load' <Predicate = true> <Delay = 0.00>
ST_75 : Operation 856 [1/1] (0.00ns)   --->   "%shiftreg289_load = load i32 %shiftreg289" [kernel.cpp:22]   --->   Operation 856 'load' 'shiftreg289_load' <Predicate = true> <Delay = 0.00>
ST_75 : Operation 857 [1/1] (0.00ns)   --->   "%shiftreg3010_load = load i64 %shiftreg3010" [kernel.cpp:22]   --->   Operation 857 'load' 'shiftreg3010_load' <Predicate = true> <Delay = 0.00>
ST_75 : Operation 858 [1/1] (0.00ns)   --->   "%shiftreg3212_load = load i64 %shiftreg3212" [kernel.cpp:22]   --->   Operation 858 'load' 'shiftreg3212_load' <Predicate = true> <Delay = 0.00>
ST_75 : Operation 859 [1/1] (0.00ns)   --->   "%shiftreg3414_load = load i64 %shiftreg3414" [kernel.cpp:22]   --->   Operation 859 'load' 'shiftreg3414_load' <Predicate = true> <Delay = 0.00>
ST_75 : Operation 860 [1/1] (0.00ns)   --->   "%shiftreg3616_load = load i64 %shiftreg3616" [kernel.cpp:22]   --->   Operation 860 'load' 'shiftreg3616_load' <Predicate = true> <Delay = 0.00>
ST_75 : Operation 861 [1/1] (0.00ns)   --->   "%specpipeline_ln20 = specpipeline void @_ssdm_op_SpecPipeline, i32 4, i32 0, i32 0, i32 0, void @empty_24" [kernel.cpp:20]   --->   Operation 861 'specpipeline' 'specpipeline_ln20' <Predicate = true> <Delay = 0.00>
ST_75 : Operation 862 [1/1] (0.00ns)   --->   "%speclooptripcount_ln19 = speclooptripcount void @_ssdm_op_SpecLoopTripCount, i64 4, i64 4, i64 4" [kernel.cpp:19]   --->   Operation 862 'speclooptripcount' 'speclooptripcount_ln19' <Predicate = true> <Delay = 0.00>
ST_75 : Operation 863 [1/1] (0.00ns)   --->   "%specloopname_ln19 = specloopname void @_ssdm_op_SpecLoopName, void @empty_22" [kernel.cpp:19]   --->   Operation 863 'specloopname' 'specloopname_ln19' <Predicate = true> <Delay = 0.00>
ST_75 : Operation 864 [1/1] (0.00ns)   --->   "%lshr_ln = partselect i24 @_ssdm_op_PartSelect.i24.i32.i32.i32, i32 %shiftreg2_load, i32 8, i32 31" [kernel.cpp:22]   --->   Operation 864 'partselect' 'lshr_ln' <Predicate = true> <Delay = 0.00>
ST_75 : Operation 865 [1/1] (0.00ns)   --->   "%zext_ln22 = zext i24 %lshr_ln" [kernel.cpp:22]   --->   Operation 865 'zext' 'zext_ln22' <Predicate = true> <Delay = 0.00>
ST_75 : Operation 866 [1/1] (0.00ns)   --->   "%lshr_ln22_1 = partselect i24 @_ssdm_op_PartSelect.i24.i32.i32.i32, i32 %shiftreg163_load, i32 8, i32 31" [kernel.cpp:22]   --->   Operation 866 'partselect' 'lshr_ln22_1' <Predicate = true> <Delay = 0.00>
ST_75 : Operation 867 [1/1] (0.00ns)   --->   "%zext_ln22_1 = zext i24 %lshr_ln22_1" [kernel.cpp:22]   --->   Operation 867 'zext' 'zext_ln22_1' <Predicate = true> <Delay = 0.00>
ST_75 : Operation 868 [1/1] (0.00ns)   --->   "%trunc_ln22 = trunc i32 %shiftreg2_load" [kernel.cpp:22]   --->   Operation 868 'trunc' 'trunc_ln22' <Predicate = true> <Delay = 0.00>
ST_75 : Operation 869 [1/1] (0.00ns)   --->   "%trunc_ln22_1 = trunc i32 %shiftreg163_load" [kernel.cpp:22]   --->   Operation 869 'trunc' 'trunc_ln22_1' <Predicate = true> <Delay = 0.00>
ST_75 : Operation 870 [1/1] (1.87ns)   --->   "%add_ln22 = add i7 %trunc_ln22_1, i7 %trunc_ln22" [kernel.cpp:22]   --->   Operation 870 'add' 'add_ln22' <Predicate = true> <Delay = 1.87> <CoreInst = "Adder">   --->   Core 1 'Adder' <Latency = 0> <II = 1> <Delay = 1.87> <FuncUnit> <Opcode : 'add' 'sub'> <InPorts = 2> <OutPorts = 1>
ST_75 : Operation 871 [1/1] (0.00ns)   --->   "%lshr_ln22_2 = partselect i24 @_ssdm_op_PartSelect.i24.i32.i32.i32, i32 %shiftreg184_load, i32 8, i32 31" [kernel.cpp:22]   --->   Operation 871 'partselect' 'lshr_ln22_2' <Predicate = true> <Delay = 0.00>
ST_75 : Operation 872 [1/1] (0.00ns)   --->   "%zext_ln22_2 = zext i24 %lshr_ln22_2" [kernel.cpp:22]   --->   Operation 872 'zext' 'zext_ln22_2' <Predicate = true> <Delay = 0.00>
ST_75 : Operation 873 [1/1] (0.00ns)   --->   "%lshr_ln22_3 = partselect i24 @_ssdm_op_PartSelect.i24.i32.i32.i32, i32 %shiftreg205_load, i32 8, i32 31" [kernel.cpp:22]   --->   Operation 873 'partselect' 'lshr_ln22_3' <Predicate = true> <Delay = 0.00>
ST_75 : Operation 874 [1/1] (0.00ns)   --->   "%zext_ln22_3 = zext i24 %lshr_ln22_3" [kernel.cpp:22]   --->   Operation 874 'zext' 'zext_ln22_3' <Predicate = true> <Delay = 0.00>
ST_75 : Operation 875 [1/1] (0.00ns)   --->   "%lshr_ln22_4 = partselect i24 @_ssdm_op_PartSelect.i24.i32.i32.i32, i32 %shiftreg226_load, i32 8, i32 31" [kernel.cpp:22]   --->   Operation 875 'partselect' 'lshr_ln22_4' <Predicate = true> <Delay = 0.00>
ST_75 : Operation 876 [1/1] (0.00ns)   --->   "%zext_ln22_4 = zext i24 %lshr_ln22_4" [kernel.cpp:22]   --->   Operation 876 'zext' 'zext_ln22_4' <Predicate = true> <Delay = 0.00>
ST_75 : Operation 877 [1/1] (0.00ns)   --->   "%lshr_ln22_5 = partselect i24 @_ssdm_op_PartSelect.i24.i32.i32.i32, i32 %shiftreg247_load, i32 8, i32 31" [kernel.cpp:22]   --->   Operation 877 'partselect' 'lshr_ln22_5' <Predicate = true> <Delay = 0.00>
ST_75 : Operation 878 [1/1] (0.00ns)   --->   "%zext_ln22_5 = zext i24 %lshr_ln22_5" [kernel.cpp:22]   --->   Operation 878 'zext' 'zext_ln22_5' <Predicate = true> <Delay = 0.00>
ST_75 : Operation 879 [1/1] (0.00ns)   --->   "%trunc_ln22_2 = trunc i32 %shiftreg184_load" [kernel.cpp:22]   --->   Operation 879 'trunc' 'trunc_ln22_2' <Predicate = true> <Delay = 0.00>
ST_75 : Operation 880 [1/1] (0.00ns)   --->   "%trunc_ln22_3 = trunc i32 %shiftreg247_load" [kernel.cpp:22]   --->   Operation 880 'trunc' 'trunc_ln22_3' <Predicate = true> <Delay = 0.00>
ST_75 : Operation 881 [1/1] (1.87ns)   --->   "%add_ln22_1 = add i7 %trunc_ln22_3, i7 %trunc_ln22_2" [kernel.cpp:22]   --->   Operation 881 'add' 'add_ln22_1' <Predicate = true> <Delay = 1.87> <CoreInst = "Adder">   --->   Core 1 'Adder' <Latency = 0> <II = 1> <Delay = 1.87> <FuncUnit> <Opcode : 'add' 'sub'> <InPorts = 2> <OutPorts = 1>
ST_75 : Operation 882 [1/1] (0.00ns)   --->   "%lshr_ln22_6 = partselect i24 @_ssdm_op_PartSelect.i24.i32.i32.i32, i32 %shiftreg268_load, i32 8, i32 31" [kernel.cpp:22]   --->   Operation 882 'partselect' 'lshr_ln22_6' <Predicate = true> <Delay = 0.00>
ST_75 : Operation 883 [1/1] (0.00ns)   --->   "%zext_ln22_6 = zext i24 %lshr_ln22_6" [kernel.cpp:22]   --->   Operation 883 'zext' 'zext_ln22_6' <Predicate = true> <Delay = 0.00>
ST_75 : Operation 884 [1/1] (0.00ns)   --->   "%trunc_ln22_4 = trunc i32 %shiftreg205_load" [kernel.cpp:22]   --->   Operation 884 'trunc' 'trunc_ln22_4' <Predicate = true> <Delay = 0.00>
ST_75 : Operation 885 [1/1] (0.00ns)   --->   "%trunc_ln22_5 = trunc i32 %shiftreg268_load" [kernel.cpp:22]   --->   Operation 885 'trunc' 'trunc_ln22_5' <Predicate = true> <Delay = 0.00>
ST_75 : Operation 886 [1/1] (1.87ns)   --->   "%add_ln22_2 = add i7 %trunc_ln22_5, i7 %trunc_ln22_4" [kernel.cpp:22]   --->   Operation 886 'add' 'add_ln22_2' <Predicate = true> <Delay = 1.87> <CoreInst = "Adder">   --->   Core 1 'Adder' <Latency = 0> <II = 1> <Delay = 1.87> <FuncUnit> <Opcode : 'add' 'sub'> <InPorts = 2> <OutPorts = 1>
ST_75 : Operation 887 [1/1] (0.00ns)   --->   "%lshr_ln22_7 = partselect i24 @_ssdm_op_PartSelect.i24.i32.i32.i32, i32 %shiftreg289_load, i32 8, i32 31" [kernel.cpp:22]   --->   Operation 887 'partselect' 'lshr_ln22_7' <Predicate = true> <Delay = 0.00>
ST_75 : Operation 888 [1/1] (0.00ns)   --->   "%zext_ln22_7 = zext i24 %lshr_ln22_7" [kernel.cpp:22]   --->   Operation 888 'zext' 'zext_ln22_7' <Predicate = true> <Delay = 0.00>
ST_75 : Operation 889 [1/1] (0.00ns)   --->   "%trunc_ln22_6 = trunc i32 %shiftreg226_load" [kernel.cpp:22]   --->   Operation 889 'trunc' 'trunc_ln22_6' <Predicate = true> <Delay = 0.00>
ST_75 : Operation 890 [1/1] (0.00ns)   --->   "%trunc_ln22_7 = trunc i32 %shiftreg289_load" [kernel.cpp:22]   --->   Operation 890 'trunc' 'trunc_ln22_7' <Predicate = true> <Delay = 0.00>
ST_75 : Operation 891 [1/1] (1.87ns)   --->   "%add_ln22_3 = add i7 %trunc_ln22_7, i7 %trunc_ln22_6" [kernel.cpp:22]   --->   Operation 891 'add' 'add_ln22_3' <Predicate = true> <Delay = 1.87> <CoreInst = "Adder">   --->   Core 1 'Adder' <Latency = 0> <II = 1> <Delay = 1.87> <FuncUnit> <Opcode : 'add' 'sub'> <InPorts = 2> <OutPorts = 1>
ST_75 : Operation 892 [1/1] (0.00ns)   --->   "%lshr_ln22_8 = partselect i48 @_ssdm_op_PartSelect.i48.i64.i32.i32, i64 %shiftreg3010_load, i32 16, i32 63" [kernel.cpp:22]   --->   Operation 892 'partselect' 'lshr_ln22_8' <Predicate = true> <Delay = 0.00>
ST_75 : Operation 893 [1/1] (0.00ns)   --->   "%or_ln = bitconcatenate i64 @_ssdm_op_BitConcatenate.i64.i7.i9.i48, i7 %add_ln22, i9 0, i48 %lshr_ln22_8" [kernel.cpp:22]   --->   Operation 893 'bitconcatenate' 'or_ln' <Predicate = true> <Delay = 0.00>
ST_75 : Operation 894 [1/1] (0.00ns)   --->   "%lshr_ln22_9 = partselect i48 @_ssdm_op_PartSelect.i48.i64.i32.i32, i64 %shiftreg3212_load, i32 16, i32 63" [kernel.cpp:22]   --->   Operation 894 'partselect' 'lshr_ln22_9' <Predicate = true> <Delay = 0.00>
ST_75 : Operation 895 [1/1] (0.00ns)   --->   "%or_ln22_1 = bitconcatenate i64 @_ssdm_op_BitConcatenate.i64.i7.i9.i48, i7 %add_ln22_1, i9 0, i48 %lshr_ln22_9" [kernel.cpp:22]   --->   Operation 895 'bitconcatenate' 'or_ln22_1' <Predicate = true> <Delay = 0.00>
ST_75 : Operation 896 [1/1] (0.00ns)   --->   "%lshr_ln22_s = partselect i48 @_ssdm_op_PartSelect.i48.i64.i32.i32, i64 %shiftreg3414_load, i32 16, i32 63" [kernel.cpp:22]   --->   Operation 896 'partselect' 'lshr_ln22_s' <Predicate = true> <Delay = 0.00>
ST_75 : Operation 897 [1/1] (0.00ns)   --->   "%or_ln22_2 = bitconcatenate i64 @_ssdm_op_BitConcatenate.i64.i7.i9.i48, i7 %add_ln22_2, i9 0, i48 %lshr_ln22_s" [kernel.cpp:22]   --->   Operation 897 'bitconcatenate' 'or_ln22_2' <Predicate = true> <Delay = 0.00>
ST_75 : Operation 898 [1/1] (0.00ns)   --->   "%lshr_ln22_10 = partselect i48 @_ssdm_op_PartSelect.i48.i64.i32.i32, i64 %shiftreg3616_load, i32 16, i32 63" [kernel.cpp:22]   --->   Operation 898 'partselect' 'lshr_ln22_10' <Predicate = true> <Delay = 0.00>
ST_75 : Operation 899 [1/1] (0.00ns)   --->   "%or_ln22_3 = bitconcatenate i64 @_ssdm_op_BitConcatenate.i64.i7.i9.i48, i7 %add_ln22_3, i9 0, i48 %lshr_ln22_10" [kernel.cpp:22]   --->   Operation 899 'bitconcatenate' 'or_ln22_3' <Predicate = true> <Delay = 0.00>
ST_75 : Operation 900 [1/1] (1.78ns)   --->   "%i = add i5 %i1_load, i5 4" [kernel.cpp:19]   --->   Operation 900 'add' 'i' <Predicate = true> <Delay = 1.78> <CoreInst = "Adder">   --->   Core 1 'Adder' <Latency = 0> <II = 1> <Delay = 1.78> <FuncUnit> <Opcode : 'add' 'sub'> <InPorts = 2> <OutPorts = 1>
ST_75 : Operation 901 [1/1] (0.00ns)   --->   "%tmp = bitselect i1 @_ssdm_op_BitSelect.i1.i5.i32, i5 %i, i32 4" [kernel.cpp:19]   --->   Operation 901 'bitselect' 'tmp' <Predicate = true> <Delay = 0.00>
ST_75 : Operation 902 [1/1] (1.58ns)   --->   "%store_ln22 = store i64 %or_ln22_3, i64 %shiftreg3616" [kernel.cpp:22]   --->   Operation 902 'store' 'store_ln22' <Predicate = true> <Delay = 1.58>
ST_75 : Operation 903 [1/1] (1.58ns)   --->   "%store_ln22 = store i64 %or_ln22_2, i64 %shiftreg3414" [kernel.cpp:22]   --->   Operation 903 'store' 'store_ln22' <Predicate = true> <Delay = 1.58>
ST_75 : Operation 904 [1/1] (1.58ns)   --->   "%store_ln22 = store i64 %or_ln22_1, i64 %shiftreg3212" [kernel.cpp:22]   --->   Operation 904 'store' 'store_ln22' <Predicate = true> <Delay = 1.58>
ST_75 : Operation 905 [1/1] (1.58ns)   --->   "%store_ln22 = store i64 %or_ln, i64 %shiftreg3010" [kernel.cpp:22]   --->   Operation 905 'store' 'store_ln22' <Predicate = true> <Delay = 1.58>
ST_75 : Operation 906 [1/1] (1.58ns)   --->   "%store_ln22 = store i32 %zext_ln22_7, i32 %shiftreg289" [kernel.cpp:22]   --->   Operation 906 'store' 'store_ln22' <Predicate = true> <Delay = 1.58>
ST_75 : Operation 907 [1/1] (1.58ns)   --->   "%store_ln22 = store i32 %zext_ln22_6, i32 %shiftreg268" [kernel.cpp:22]   --->   Operation 907 'store' 'store_ln22' <Predicate = true> <Delay = 1.58>
ST_75 : Operation 908 [1/1] (1.58ns)   --->   "%store_ln22 = store i32 %zext_ln22_5, i32 %shiftreg247" [kernel.cpp:22]   --->   Operation 908 'store' 'store_ln22' <Predicate = true> <Delay = 1.58>
ST_75 : Operation 909 [1/1] (1.58ns)   --->   "%store_ln22 = store i32 %zext_ln22_4, i32 %shiftreg226" [kernel.cpp:22]   --->   Operation 909 'store' 'store_ln22' <Predicate = true> <Delay = 1.58>
ST_75 : Operation 910 [1/1] (1.58ns)   --->   "%store_ln22 = store i32 %zext_ln22_3, i32 %shiftreg205" [kernel.cpp:22]   --->   Operation 910 'store' 'store_ln22' <Predicate = true> <Delay = 1.58>
ST_75 : Operation 911 [1/1] (1.58ns)   --->   "%store_ln22 = store i32 %zext_ln22_2, i32 %shiftreg184" [kernel.cpp:22]   --->   Operation 911 'store' 'store_ln22' <Predicate = true> <Delay = 1.58>
ST_75 : Operation 912 [1/1] (1.58ns)   --->   "%store_ln22 = store i32 %zext_ln22_1, i32 %shiftreg163" [kernel.cpp:22]   --->   Operation 912 'store' 'store_ln22' <Predicate = true> <Delay = 1.58>
ST_75 : Operation 913 [1/1] (1.58ns)   --->   "%store_ln22 = store i32 %zext_ln22, i32 %shiftreg2" [kernel.cpp:22]   --->   Operation 913 'store' 'store_ln22' <Predicate = true> <Delay = 1.58>
ST_75 : Operation 914 [1/1] (1.58ns)   --->   "%store_ln19 = store i5 %i, i5 %i1" [kernel.cpp:19]   --->   Operation 914 'store' 'store_ln19' <Predicate = true> <Delay = 1.58>
ST_75 : Operation 915 [1/1] (0.00ns)   --->   "%br_ln19 = br i1 %tmp, void %for.body.split, void %for.end" [kernel.cpp:19]   --->   Operation 915 'br' 'br_ln19' <Predicate = true> <Delay = 0.00>

State 76 <SV = 75> <Delay = 7.30>
ST_76 : Operation 916 [1/1] (7.30ns)   --->   "%gmem2_0_addr_req = writereq i1 @_ssdm_op_WriteReq.m_axi.i64P1A, i64 %gmem2_0_addr, i64 1" [kernel.cpp:24]   --->   Operation 916 'writereq' 'gmem2_0_addr_req' <Predicate = true> <Delay = 7.30> <CoreInst = "m_axi">   --->   Core 111 'm_axi' <Latency = 9> <II = 1> <Delay = 1.00> <Adapter> <Opcode : 'read' 'write' 'readreq' 'writereq' 'writeresp'>
ST_76 : Operation 917 [1/1] (7.30ns)   --->   "%gmem2_1_addr_req = writereq i1 @_ssdm_op_WriteReq.m_axi.i64P1A, i64 %gmem2_1_addr, i64 1" [kernel.cpp:24]   --->   Operation 917 'writereq' 'gmem2_1_addr_req' <Predicate = true> <Delay = 7.30> <CoreInst = "m_axi">   --->   Core 111 'm_axi' <Latency = 9> <II = 1> <Delay = 1.00> <Adapter> <Opcode : 'read' 'write' 'readreq' 'writereq' 'writeresp'>
ST_76 : Operation 918 [1/1] (7.30ns)   --->   "%gmem2_2_addr_req = writereq i1 @_ssdm_op_WriteReq.m_axi.i64P1A, i64 %gmem2_2_addr, i64 1" [kernel.cpp:24]   --->   Operation 918 'writereq' 'gmem2_2_addr_req' <Predicate = true> <Delay = 7.30> <CoreInst = "m_axi">   --->   Core 111 'm_axi' <Latency = 9> <II = 1> <Delay = 1.00> <Adapter> <Opcode : 'read' 'write' 'readreq' 'writereq' 'writeresp'>
ST_76 : Operation 919 [1/1] (7.30ns)   --->   "%gmem2_3_addr_req = writereq i1 @_ssdm_op_WriteReq.m_axi.i64P1A, i64 %gmem2_3_addr, i64 1" [kernel.cpp:24]   --->   Operation 919 'writereq' 'gmem2_3_addr_req' <Predicate = true> <Delay = 7.30> <CoreInst = "m_axi">   --->   Core 111 'm_axi' <Latency = 9> <II = 1> <Delay = 1.00> <Adapter> <Opcode : 'read' 'write' 'readreq' 'writereq' 'writeresp'>

State 77 <SV = 76> <Delay = 7.30>
ST_77 : Operation 920 [1/1] (7.30ns)   --->   "%write_ln24 = write void @_ssdm_op_Write.m_axi.i64P1A, i64 %gmem2_0_addr, i64 %or_ln, i8 255" [kernel.cpp:24]   --->   Operation 920 'write' 'write_ln24' <Predicate = true> <Delay = 7.30> <CoreInst = "m_axi">   --->   Core 111 'm_axi' <Latency = 5> <II = 1> <Delay = 1.00> <Adapter> <Opcode : 'read' 'write' 'readreq' 'writereq' 'writeresp'>
ST_77 : Operation 921 [1/1] (7.30ns)   --->   "%write_ln24 = write void @_ssdm_op_Write.m_axi.i64P1A, i64 %gmem2_1_addr, i64 %or_ln22_1, i8 255" [kernel.cpp:24]   --->   Operation 921 'write' 'write_ln24' <Predicate = true> <Delay = 7.30> <CoreInst = "m_axi">   --->   Core 111 'm_axi' <Latency = 5> <II = 1> <Delay = 1.00> <Adapter> <Opcode : 'read' 'write' 'readreq' 'writereq' 'writeresp'>
ST_77 : Operation 922 [1/1] (7.30ns)   --->   "%write_ln24 = write void @_ssdm_op_Write.m_axi.i64P1A, i64 %gmem2_2_addr, i64 %or_ln22_2, i8 255" [kernel.cpp:24]   --->   Operation 922 'write' 'write_ln24' <Predicate = true> <Delay = 7.30> <CoreInst = "m_axi">   --->   Core 111 'm_axi' <Latency = 5> <II = 1> <Delay = 1.00> <Adapter> <Opcode : 'read' 'write' 'readreq' 'writereq' 'writeresp'>
ST_77 : Operation 923 [1/1] (7.30ns)   --->   "%write_ln24 = write void @_ssdm_op_Write.m_axi.i64P1A, i64 %gmem2_3_addr, i64 %or_ln22_3, i8 255" [kernel.cpp:24]   --->   Operation 923 'write' 'write_ln24' <Predicate = true> <Delay = 7.30> <CoreInst = "m_axi">   --->   Core 111 'm_axi' <Latency = 5> <II = 1> <Delay = 1.00> <Adapter> <Opcode : 'read' 'write' 'readreq' 'writereq' 'writeresp'>

State 78 <SV = 77> <Delay = 7.30>
ST_78 : Operation 924 [68/68] (7.30ns)   --->   "%gmem2_0_addr_resp = writeresp i1 @_ssdm_op_WriteResp.m_axi.i64P1A, i64 %gmem2_0_addr" [kernel.cpp:24]   --->   Operation 924 'writeresp' 'gmem2_0_addr_resp' <Predicate = true> <Delay = 7.30> <CoreInst = "m_axi">   --->   Core 111 'm_axi' <Latency = 3> <II = 1> <Delay = 1.00> <Adapter> <Opcode : 'read' 'write' 'readreq' 'writereq' 'writeresp'>
ST_78 : Operation 925 [68/68] (7.30ns)   --->   "%gmem2_1_addr_resp = writeresp i1 @_ssdm_op_WriteResp.m_axi.i64P1A, i64 %gmem2_1_addr" [kernel.cpp:24]   --->   Operation 925 'writeresp' 'gmem2_1_addr_resp' <Predicate = true> <Delay = 7.30> <CoreInst = "m_axi">   --->   Core 111 'm_axi' <Latency = 3> <II = 1> <Delay = 1.00> <Adapter> <Opcode : 'read' 'write' 'readreq' 'writereq' 'writeresp'>
ST_78 : Operation 926 [68/68] (7.30ns)   --->   "%gmem2_2_addr_resp = writeresp i1 @_ssdm_op_WriteResp.m_axi.i64P1A, i64 %gmem2_2_addr" [kernel.cpp:24]   --->   Operation 926 'writeresp' 'gmem2_2_addr_resp' <Predicate = true> <Delay = 7.30> <CoreInst = "m_axi">   --->   Core 111 'm_axi' <Latency = 3> <II = 1> <Delay = 1.00> <Adapter> <Opcode : 'read' 'write' 'readreq' 'writereq' 'writeresp'>
ST_78 : Operation 927 [68/68] (7.30ns)   --->   "%gmem2_3_addr_resp = writeresp i1 @_ssdm_op_WriteResp.m_axi.i64P1A, i64 %gmem2_3_addr" [kernel.cpp:24]   --->   Operation 927 'writeresp' 'gmem2_3_addr_resp' <Predicate = true> <Delay = 7.30> <CoreInst = "m_axi">   --->   Core 111 'm_axi' <Latency = 3> <II = 1> <Delay = 1.00> <Adapter> <Opcode : 'read' 'write' 'readreq' 'writereq' 'writeresp'>

State 79 <SV = 78> <Delay = 7.30>
ST_79 : Operation 928 [67/68] (7.30ns)   --->   "%gmem2_0_addr_resp = writeresp i1 @_ssdm_op_WriteResp.m_axi.i64P1A, i64 %gmem2_0_addr" [kernel.cpp:24]   --->   Operation 928 'writeresp' 'gmem2_0_addr_resp' <Predicate = true> <Delay = 7.30> <CoreInst = "m_axi">   --->   Core 111 'm_axi' <Latency = 3> <II = 1> <Delay = 1.00> <Adapter> <Opcode : 'read' 'write' 'readreq' 'writereq' 'writeresp'>
ST_79 : Operation 929 [67/68] (7.30ns)   --->   "%gmem2_1_addr_resp = writeresp i1 @_ssdm_op_WriteResp.m_axi.i64P1A, i64 %gmem2_1_addr" [kernel.cpp:24]   --->   Operation 929 'writeresp' 'gmem2_1_addr_resp' <Predicate = true> <Delay = 7.30> <CoreInst = "m_axi">   --->   Core 111 'm_axi' <Latency = 3> <II = 1> <Delay = 1.00> <Adapter> <Opcode : 'read' 'write' 'readreq' 'writereq' 'writeresp'>
ST_79 : Operation 930 [67/68] (7.30ns)   --->   "%gmem2_2_addr_resp = writeresp i1 @_ssdm_op_WriteResp.m_axi.i64P1A, i64 %gmem2_2_addr" [kernel.cpp:24]   --->   Operation 930 'writeresp' 'gmem2_2_addr_resp' <Predicate = true> <Delay = 7.30> <CoreInst = "m_axi">   --->   Core 111 'm_axi' <Latency = 3> <II = 1> <Delay = 1.00> <Adapter> <Opcode : 'read' 'write' 'readreq' 'writereq' 'writeresp'>
ST_79 : Operation 931 [67/68] (7.30ns)   --->   "%gmem2_3_addr_resp = writeresp i1 @_ssdm_op_WriteResp.m_axi.i64P1A, i64 %gmem2_3_addr" [kernel.cpp:24]   --->   Operation 931 'writeresp' 'gmem2_3_addr_resp' <Predicate = true> <Delay = 7.30> <CoreInst = "m_axi">   --->   Core 111 'm_axi' <Latency = 3> <II = 1> <Delay = 1.00> <Adapter> <Opcode : 'read' 'write' 'readreq' 'writereq' 'writeresp'>

State 80 <SV = 79> <Delay = 7.30>
ST_80 : Operation 932 [66/68] (7.30ns)   --->   "%gmem2_0_addr_resp = writeresp i1 @_ssdm_op_WriteResp.m_axi.i64P1A, i64 %gmem2_0_addr" [kernel.cpp:24]   --->   Operation 932 'writeresp' 'gmem2_0_addr_resp' <Predicate = true> <Delay = 7.30> <CoreInst = "m_axi">   --->   Core 111 'm_axi' <Latency = 3> <II = 1> <Delay = 1.00> <Adapter> <Opcode : 'read' 'write' 'readreq' 'writereq' 'writeresp'>
ST_80 : Operation 933 [66/68] (7.30ns)   --->   "%gmem2_1_addr_resp = writeresp i1 @_ssdm_op_WriteResp.m_axi.i64P1A, i64 %gmem2_1_addr" [kernel.cpp:24]   --->   Operation 933 'writeresp' 'gmem2_1_addr_resp' <Predicate = true> <Delay = 7.30> <CoreInst = "m_axi">   --->   Core 111 'm_axi' <Latency = 3> <II = 1> <Delay = 1.00> <Adapter> <Opcode : 'read' 'write' 'readreq' 'writereq' 'writeresp'>
ST_80 : Operation 934 [66/68] (7.30ns)   --->   "%gmem2_2_addr_resp = writeresp i1 @_ssdm_op_WriteResp.m_axi.i64P1A, i64 %gmem2_2_addr" [kernel.cpp:24]   --->   Operation 934 'writeresp' 'gmem2_2_addr_resp' <Predicate = true> <Delay = 7.30> <CoreInst = "m_axi">   --->   Core 111 'm_axi' <Latency = 3> <II = 1> <Delay = 1.00> <Adapter> <Opcode : 'read' 'write' 'readreq' 'writereq' 'writeresp'>
ST_80 : Operation 935 [66/68] (7.30ns)   --->   "%gmem2_3_addr_resp = writeresp i1 @_ssdm_op_WriteResp.m_axi.i64P1A, i64 %gmem2_3_addr" [kernel.cpp:24]   --->   Operation 935 'writeresp' 'gmem2_3_addr_resp' <Predicate = true> <Delay = 7.30> <CoreInst = "m_axi">   --->   Core 111 'm_axi' <Latency = 3> <II = 1> <Delay = 1.00> <Adapter> <Opcode : 'read' 'write' 'readreq' 'writereq' 'writeresp'>

State 81 <SV = 80> <Delay = 7.30>
ST_81 : Operation 936 [65/68] (7.30ns)   --->   "%gmem2_0_addr_resp = writeresp i1 @_ssdm_op_WriteResp.m_axi.i64P1A, i64 %gmem2_0_addr" [kernel.cpp:24]   --->   Operation 936 'writeresp' 'gmem2_0_addr_resp' <Predicate = true> <Delay = 7.30> <CoreInst = "m_axi">   --->   Core 111 'm_axi' <Latency = 3> <II = 1> <Delay = 1.00> <Adapter> <Opcode : 'read' 'write' 'readreq' 'writereq' 'writeresp'>
ST_81 : Operation 937 [65/68] (7.30ns)   --->   "%gmem2_1_addr_resp = writeresp i1 @_ssdm_op_WriteResp.m_axi.i64P1A, i64 %gmem2_1_addr" [kernel.cpp:24]   --->   Operation 937 'writeresp' 'gmem2_1_addr_resp' <Predicate = true> <Delay = 7.30> <CoreInst = "m_axi">   --->   Core 111 'm_axi' <Latency = 3> <II = 1> <Delay = 1.00> <Adapter> <Opcode : 'read' 'write' 'readreq' 'writereq' 'writeresp'>
ST_81 : Operation 938 [65/68] (7.30ns)   --->   "%gmem2_2_addr_resp = writeresp i1 @_ssdm_op_WriteResp.m_axi.i64P1A, i64 %gmem2_2_addr" [kernel.cpp:24]   --->   Operation 938 'writeresp' 'gmem2_2_addr_resp' <Predicate = true> <Delay = 7.30> <CoreInst = "m_axi">   --->   Core 111 'm_axi' <Latency = 3> <II = 1> <Delay = 1.00> <Adapter> <Opcode : 'read' 'write' 'readreq' 'writereq' 'writeresp'>
ST_81 : Operation 939 [65/68] (7.30ns)   --->   "%gmem2_3_addr_resp = writeresp i1 @_ssdm_op_WriteResp.m_axi.i64P1A, i64 %gmem2_3_addr" [kernel.cpp:24]   --->   Operation 939 'writeresp' 'gmem2_3_addr_resp' <Predicate = true> <Delay = 7.30> <CoreInst = "m_axi">   --->   Core 111 'm_axi' <Latency = 3> <II = 1> <Delay = 1.00> <Adapter> <Opcode : 'read' 'write' 'readreq' 'writereq' 'writeresp'>

State 82 <SV = 81> <Delay = 7.30>
ST_82 : Operation 940 [64/68] (7.30ns)   --->   "%gmem2_0_addr_resp = writeresp i1 @_ssdm_op_WriteResp.m_axi.i64P1A, i64 %gmem2_0_addr" [kernel.cpp:24]   --->   Operation 940 'writeresp' 'gmem2_0_addr_resp' <Predicate = true> <Delay = 7.30> <CoreInst = "m_axi">   --->   Core 111 'm_axi' <Latency = 3> <II = 1> <Delay = 1.00> <Adapter> <Opcode : 'read' 'write' 'readreq' 'writereq' 'writeresp'>
ST_82 : Operation 941 [64/68] (7.30ns)   --->   "%gmem2_1_addr_resp = writeresp i1 @_ssdm_op_WriteResp.m_axi.i64P1A, i64 %gmem2_1_addr" [kernel.cpp:24]   --->   Operation 941 'writeresp' 'gmem2_1_addr_resp' <Predicate = true> <Delay = 7.30> <CoreInst = "m_axi">   --->   Core 111 'm_axi' <Latency = 3> <II = 1> <Delay = 1.00> <Adapter> <Opcode : 'read' 'write' 'readreq' 'writereq' 'writeresp'>
ST_82 : Operation 942 [64/68] (7.30ns)   --->   "%gmem2_2_addr_resp = writeresp i1 @_ssdm_op_WriteResp.m_axi.i64P1A, i64 %gmem2_2_addr" [kernel.cpp:24]   --->   Operation 942 'writeresp' 'gmem2_2_addr_resp' <Predicate = true> <Delay = 7.30> <CoreInst = "m_axi">   --->   Core 111 'm_axi' <Latency = 3> <II = 1> <Delay = 1.00> <Adapter> <Opcode : 'read' 'write' 'readreq' 'writereq' 'writeresp'>
ST_82 : Operation 943 [64/68] (7.30ns)   --->   "%gmem2_3_addr_resp = writeresp i1 @_ssdm_op_WriteResp.m_axi.i64P1A, i64 %gmem2_3_addr" [kernel.cpp:24]   --->   Operation 943 'writeresp' 'gmem2_3_addr_resp' <Predicate = true> <Delay = 7.30> <CoreInst = "m_axi">   --->   Core 111 'm_axi' <Latency = 3> <II = 1> <Delay = 1.00> <Adapter> <Opcode : 'read' 'write' 'readreq' 'writereq' 'writeresp'>

State 83 <SV = 82> <Delay = 7.30>
ST_83 : Operation 944 [63/68] (7.30ns)   --->   "%gmem2_0_addr_resp = writeresp i1 @_ssdm_op_WriteResp.m_axi.i64P1A, i64 %gmem2_0_addr" [kernel.cpp:24]   --->   Operation 944 'writeresp' 'gmem2_0_addr_resp' <Predicate = true> <Delay = 7.30> <CoreInst = "m_axi">   --->   Core 111 'm_axi' <Latency = 3> <II = 1> <Delay = 1.00> <Adapter> <Opcode : 'read' 'write' 'readreq' 'writereq' 'writeresp'>
ST_83 : Operation 945 [63/68] (7.30ns)   --->   "%gmem2_1_addr_resp = writeresp i1 @_ssdm_op_WriteResp.m_axi.i64P1A, i64 %gmem2_1_addr" [kernel.cpp:24]   --->   Operation 945 'writeresp' 'gmem2_1_addr_resp' <Predicate = true> <Delay = 7.30> <CoreInst = "m_axi">   --->   Core 111 'm_axi' <Latency = 3> <II = 1> <Delay = 1.00> <Adapter> <Opcode : 'read' 'write' 'readreq' 'writereq' 'writeresp'>
ST_83 : Operation 946 [63/68] (7.30ns)   --->   "%gmem2_2_addr_resp = writeresp i1 @_ssdm_op_WriteResp.m_axi.i64P1A, i64 %gmem2_2_addr" [kernel.cpp:24]   --->   Operation 946 'writeresp' 'gmem2_2_addr_resp' <Predicate = true> <Delay = 7.30> <CoreInst = "m_axi">   --->   Core 111 'm_axi' <Latency = 3> <II = 1> <Delay = 1.00> <Adapter> <Opcode : 'read' 'write' 'readreq' 'writereq' 'writeresp'>
ST_83 : Operation 947 [63/68] (7.30ns)   --->   "%gmem2_3_addr_resp = writeresp i1 @_ssdm_op_WriteResp.m_axi.i64P1A, i64 %gmem2_3_addr" [kernel.cpp:24]   --->   Operation 947 'writeresp' 'gmem2_3_addr_resp' <Predicate = true> <Delay = 7.30> <CoreInst = "m_axi">   --->   Core 111 'm_axi' <Latency = 3> <II = 1> <Delay = 1.00> <Adapter> <Opcode : 'read' 'write' 'readreq' 'writereq' 'writeresp'>

State 84 <SV = 83> <Delay = 7.30>
ST_84 : Operation 948 [62/68] (7.30ns)   --->   "%gmem2_0_addr_resp = writeresp i1 @_ssdm_op_WriteResp.m_axi.i64P1A, i64 %gmem2_0_addr" [kernel.cpp:24]   --->   Operation 948 'writeresp' 'gmem2_0_addr_resp' <Predicate = true> <Delay = 7.30> <CoreInst = "m_axi">   --->   Core 111 'm_axi' <Latency = 3> <II = 1> <Delay = 1.00> <Adapter> <Opcode : 'read' 'write' 'readreq' 'writereq' 'writeresp'>
ST_84 : Operation 949 [62/68] (7.30ns)   --->   "%gmem2_1_addr_resp = writeresp i1 @_ssdm_op_WriteResp.m_axi.i64P1A, i64 %gmem2_1_addr" [kernel.cpp:24]   --->   Operation 949 'writeresp' 'gmem2_1_addr_resp' <Predicate = true> <Delay = 7.30> <CoreInst = "m_axi">   --->   Core 111 'm_axi' <Latency = 3> <II = 1> <Delay = 1.00> <Adapter> <Opcode : 'read' 'write' 'readreq' 'writereq' 'writeresp'>
ST_84 : Operation 950 [62/68] (7.30ns)   --->   "%gmem2_2_addr_resp = writeresp i1 @_ssdm_op_WriteResp.m_axi.i64P1A, i64 %gmem2_2_addr" [kernel.cpp:24]   --->   Operation 950 'writeresp' 'gmem2_2_addr_resp' <Predicate = true> <Delay = 7.30> <CoreInst = "m_axi">   --->   Core 111 'm_axi' <Latency = 3> <II = 1> <Delay = 1.00> <Adapter> <Opcode : 'read' 'write' 'readreq' 'writereq' 'writeresp'>
ST_84 : Operation 951 [62/68] (7.30ns)   --->   "%gmem2_3_addr_resp = writeresp i1 @_ssdm_op_WriteResp.m_axi.i64P1A, i64 %gmem2_3_addr" [kernel.cpp:24]   --->   Operation 951 'writeresp' 'gmem2_3_addr_resp' <Predicate = true> <Delay = 7.30> <CoreInst = "m_axi">   --->   Core 111 'm_axi' <Latency = 3> <II = 1> <Delay = 1.00> <Adapter> <Opcode : 'read' 'write' 'readreq' 'writereq' 'writeresp'>

State 85 <SV = 84> <Delay = 7.30>
ST_85 : Operation 952 [61/68] (7.30ns)   --->   "%gmem2_0_addr_resp = writeresp i1 @_ssdm_op_WriteResp.m_axi.i64P1A, i64 %gmem2_0_addr" [kernel.cpp:24]   --->   Operation 952 'writeresp' 'gmem2_0_addr_resp' <Predicate = true> <Delay = 7.30> <CoreInst = "m_axi">   --->   Core 111 'm_axi' <Latency = 3> <II = 1> <Delay = 1.00> <Adapter> <Opcode : 'read' 'write' 'readreq' 'writereq' 'writeresp'>
ST_85 : Operation 953 [61/68] (7.30ns)   --->   "%gmem2_1_addr_resp = writeresp i1 @_ssdm_op_WriteResp.m_axi.i64P1A, i64 %gmem2_1_addr" [kernel.cpp:24]   --->   Operation 953 'writeresp' 'gmem2_1_addr_resp' <Predicate = true> <Delay = 7.30> <CoreInst = "m_axi">   --->   Core 111 'm_axi' <Latency = 3> <II = 1> <Delay = 1.00> <Adapter> <Opcode : 'read' 'write' 'readreq' 'writereq' 'writeresp'>
ST_85 : Operation 954 [61/68] (7.30ns)   --->   "%gmem2_2_addr_resp = writeresp i1 @_ssdm_op_WriteResp.m_axi.i64P1A, i64 %gmem2_2_addr" [kernel.cpp:24]   --->   Operation 954 'writeresp' 'gmem2_2_addr_resp' <Predicate = true> <Delay = 7.30> <CoreInst = "m_axi">   --->   Core 111 'm_axi' <Latency = 3> <II = 1> <Delay = 1.00> <Adapter> <Opcode : 'read' 'write' 'readreq' 'writereq' 'writeresp'>
ST_85 : Operation 955 [61/68] (7.30ns)   --->   "%gmem2_3_addr_resp = writeresp i1 @_ssdm_op_WriteResp.m_axi.i64P1A, i64 %gmem2_3_addr" [kernel.cpp:24]   --->   Operation 955 'writeresp' 'gmem2_3_addr_resp' <Predicate = true> <Delay = 7.30> <CoreInst = "m_axi">   --->   Core 111 'm_axi' <Latency = 3> <II = 1> <Delay = 1.00> <Adapter> <Opcode : 'read' 'write' 'readreq' 'writereq' 'writeresp'>

State 86 <SV = 85> <Delay = 7.30>
ST_86 : Operation 956 [60/68] (7.30ns)   --->   "%gmem2_0_addr_resp = writeresp i1 @_ssdm_op_WriteResp.m_axi.i64P1A, i64 %gmem2_0_addr" [kernel.cpp:24]   --->   Operation 956 'writeresp' 'gmem2_0_addr_resp' <Predicate = true> <Delay = 7.30> <CoreInst = "m_axi">   --->   Core 111 'm_axi' <Latency = 3> <II = 1> <Delay = 1.00> <Adapter> <Opcode : 'read' 'write' 'readreq' 'writereq' 'writeresp'>
ST_86 : Operation 957 [60/68] (7.30ns)   --->   "%gmem2_1_addr_resp = writeresp i1 @_ssdm_op_WriteResp.m_axi.i64P1A, i64 %gmem2_1_addr" [kernel.cpp:24]   --->   Operation 957 'writeresp' 'gmem2_1_addr_resp' <Predicate = true> <Delay = 7.30> <CoreInst = "m_axi">   --->   Core 111 'm_axi' <Latency = 3> <II = 1> <Delay = 1.00> <Adapter> <Opcode : 'read' 'write' 'readreq' 'writereq' 'writeresp'>
ST_86 : Operation 958 [60/68] (7.30ns)   --->   "%gmem2_2_addr_resp = writeresp i1 @_ssdm_op_WriteResp.m_axi.i64P1A, i64 %gmem2_2_addr" [kernel.cpp:24]   --->   Operation 958 'writeresp' 'gmem2_2_addr_resp' <Predicate = true> <Delay = 7.30> <CoreInst = "m_axi">   --->   Core 111 'm_axi' <Latency = 3> <II = 1> <Delay = 1.00> <Adapter> <Opcode : 'read' 'write' 'readreq' 'writereq' 'writeresp'>
ST_86 : Operation 959 [60/68] (7.30ns)   --->   "%gmem2_3_addr_resp = writeresp i1 @_ssdm_op_WriteResp.m_axi.i64P1A, i64 %gmem2_3_addr" [kernel.cpp:24]   --->   Operation 959 'writeresp' 'gmem2_3_addr_resp' <Predicate = true> <Delay = 7.30> <CoreInst = "m_axi">   --->   Core 111 'm_axi' <Latency = 3> <II = 1> <Delay = 1.00> <Adapter> <Opcode : 'read' 'write' 'readreq' 'writereq' 'writeresp'>

State 87 <SV = 86> <Delay = 7.30>
ST_87 : Operation 960 [59/68] (7.30ns)   --->   "%gmem2_0_addr_resp = writeresp i1 @_ssdm_op_WriteResp.m_axi.i64P1A, i64 %gmem2_0_addr" [kernel.cpp:24]   --->   Operation 960 'writeresp' 'gmem2_0_addr_resp' <Predicate = true> <Delay = 7.30> <CoreInst = "m_axi">   --->   Core 111 'm_axi' <Latency = 3> <II = 1> <Delay = 1.00> <Adapter> <Opcode : 'read' 'write' 'readreq' 'writereq' 'writeresp'>
ST_87 : Operation 961 [59/68] (7.30ns)   --->   "%gmem2_1_addr_resp = writeresp i1 @_ssdm_op_WriteResp.m_axi.i64P1A, i64 %gmem2_1_addr" [kernel.cpp:24]   --->   Operation 961 'writeresp' 'gmem2_1_addr_resp' <Predicate = true> <Delay = 7.30> <CoreInst = "m_axi">   --->   Core 111 'm_axi' <Latency = 3> <II = 1> <Delay = 1.00> <Adapter> <Opcode : 'read' 'write' 'readreq' 'writereq' 'writeresp'>
ST_87 : Operation 962 [59/68] (7.30ns)   --->   "%gmem2_2_addr_resp = writeresp i1 @_ssdm_op_WriteResp.m_axi.i64P1A, i64 %gmem2_2_addr" [kernel.cpp:24]   --->   Operation 962 'writeresp' 'gmem2_2_addr_resp' <Predicate = true> <Delay = 7.30> <CoreInst = "m_axi">   --->   Core 111 'm_axi' <Latency = 3> <II = 1> <Delay = 1.00> <Adapter> <Opcode : 'read' 'write' 'readreq' 'writereq' 'writeresp'>
ST_87 : Operation 963 [59/68] (7.30ns)   --->   "%gmem2_3_addr_resp = writeresp i1 @_ssdm_op_WriteResp.m_axi.i64P1A, i64 %gmem2_3_addr" [kernel.cpp:24]   --->   Operation 963 'writeresp' 'gmem2_3_addr_resp' <Predicate = true> <Delay = 7.30> <CoreInst = "m_axi">   --->   Core 111 'm_axi' <Latency = 3> <II = 1> <Delay = 1.00> <Adapter> <Opcode : 'read' 'write' 'readreq' 'writereq' 'writeresp'>

State 88 <SV = 87> <Delay = 7.30>
ST_88 : Operation 964 [58/68] (7.30ns)   --->   "%gmem2_0_addr_resp = writeresp i1 @_ssdm_op_WriteResp.m_axi.i64P1A, i64 %gmem2_0_addr" [kernel.cpp:24]   --->   Operation 964 'writeresp' 'gmem2_0_addr_resp' <Predicate = true> <Delay = 7.30> <CoreInst = "m_axi">   --->   Core 111 'm_axi' <Latency = 3> <II = 1> <Delay = 1.00> <Adapter> <Opcode : 'read' 'write' 'readreq' 'writereq' 'writeresp'>
ST_88 : Operation 965 [58/68] (7.30ns)   --->   "%gmem2_1_addr_resp = writeresp i1 @_ssdm_op_WriteResp.m_axi.i64P1A, i64 %gmem2_1_addr" [kernel.cpp:24]   --->   Operation 965 'writeresp' 'gmem2_1_addr_resp' <Predicate = true> <Delay = 7.30> <CoreInst = "m_axi">   --->   Core 111 'm_axi' <Latency = 3> <II = 1> <Delay = 1.00> <Adapter> <Opcode : 'read' 'write' 'readreq' 'writereq' 'writeresp'>
ST_88 : Operation 966 [58/68] (7.30ns)   --->   "%gmem2_2_addr_resp = writeresp i1 @_ssdm_op_WriteResp.m_axi.i64P1A, i64 %gmem2_2_addr" [kernel.cpp:24]   --->   Operation 966 'writeresp' 'gmem2_2_addr_resp' <Predicate = true> <Delay = 7.30> <CoreInst = "m_axi">   --->   Core 111 'm_axi' <Latency = 3> <II = 1> <Delay = 1.00> <Adapter> <Opcode : 'read' 'write' 'readreq' 'writereq' 'writeresp'>
ST_88 : Operation 967 [58/68] (7.30ns)   --->   "%gmem2_3_addr_resp = writeresp i1 @_ssdm_op_WriteResp.m_axi.i64P1A, i64 %gmem2_3_addr" [kernel.cpp:24]   --->   Operation 967 'writeresp' 'gmem2_3_addr_resp' <Predicate = true> <Delay = 7.30> <CoreInst = "m_axi">   --->   Core 111 'm_axi' <Latency = 3> <II = 1> <Delay = 1.00> <Adapter> <Opcode : 'read' 'write' 'readreq' 'writereq' 'writeresp'>

State 89 <SV = 88> <Delay = 7.30>
ST_89 : Operation 968 [57/68] (7.30ns)   --->   "%gmem2_0_addr_resp = writeresp i1 @_ssdm_op_WriteResp.m_axi.i64P1A, i64 %gmem2_0_addr" [kernel.cpp:24]   --->   Operation 968 'writeresp' 'gmem2_0_addr_resp' <Predicate = true> <Delay = 7.30> <CoreInst = "m_axi">   --->   Core 111 'm_axi' <Latency = 3> <II = 1> <Delay = 1.00> <Adapter> <Opcode : 'read' 'write' 'readreq' 'writereq' 'writeresp'>
ST_89 : Operation 969 [57/68] (7.30ns)   --->   "%gmem2_1_addr_resp = writeresp i1 @_ssdm_op_WriteResp.m_axi.i64P1A, i64 %gmem2_1_addr" [kernel.cpp:24]   --->   Operation 969 'writeresp' 'gmem2_1_addr_resp' <Predicate = true> <Delay = 7.30> <CoreInst = "m_axi">   --->   Core 111 'm_axi' <Latency = 3> <II = 1> <Delay = 1.00> <Adapter> <Opcode : 'read' 'write' 'readreq' 'writereq' 'writeresp'>
ST_89 : Operation 970 [57/68] (7.30ns)   --->   "%gmem2_2_addr_resp = writeresp i1 @_ssdm_op_WriteResp.m_axi.i64P1A, i64 %gmem2_2_addr" [kernel.cpp:24]   --->   Operation 970 'writeresp' 'gmem2_2_addr_resp' <Predicate = true> <Delay = 7.30> <CoreInst = "m_axi">   --->   Core 111 'm_axi' <Latency = 3> <II = 1> <Delay = 1.00> <Adapter> <Opcode : 'read' 'write' 'readreq' 'writereq' 'writeresp'>
ST_89 : Operation 971 [57/68] (7.30ns)   --->   "%gmem2_3_addr_resp = writeresp i1 @_ssdm_op_WriteResp.m_axi.i64P1A, i64 %gmem2_3_addr" [kernel.cpp:24]   --->   Operation 971 'writeresp' 'gmem2_3_addr_resp' <Predicate = true> <Delay = 7.30> <CoreInst = "m_axi">   --->   Core 111 'm_axi' <Latency = 3> <II = 1> <Delay = 1.00> <Adapter> <Opcode : 'read' 'write' 'readreq' 'writereq' 'writeresp'>

State 90 <SV = 89> <Delay = 7.30>
ST_90 : Operation 972 [56/68] (7.30ns)   --->   "%gmem2_0_addr_resp = writeresp i1 @_ssdm_op_WriteResp.m_axi.i64P1A, i64 %gmem2_0_addr" [kernel.cpp:24]   --->   Operation 972 'writeresp' 'gmem2_0_addr_resp' <Predicate = true> <Delay = 7.30> <CoreInst = "m_axi">   --->   Core 111 'm_axi' <Latency = 3> <II = 1> <Delay = 1.00> <Adapter> <Opcode : 'read' 'write' 'readreq' 'writereq' 'writeresp'>
ST_90 : Operation 973 [56/68] (7.30ns)   --->   "%gmem2_1_addr_resp = writeresp i1 @_ssdm_op_WriteResp.m_axi.i64P1A, i64 %gmem2_1_addr" [kernel.cpp:24]   --->   Operation 973 'writeresp' 'gmem2_1_addr_resp' <Predicate = true> <Delay = 7.30> <CoreInst = "m_axi">   --->   Core 111 'm_axi' <Latency = 3> <II = 1> <Delay = 1.00> <Adapter> <Opcode : 'read' 'write' 'readreq' 'writereq' 'writeresp'>
ST_90 : Operation 974 [56/68] (7.30ns)   --->   "%gmem2_2_addr_resp = writeresp i1 @_ssdm_op_WriteResp.m_axi.i64P1A, i64 %gmem2_2_addr" [kernel.cpp:24]   --->   Operation 974 'writeresp' 'gmem2_2_addr_resp' <Predicate = true> <Delay = 7.30> <CoreInst = "m_axi">   --->   Core 111 'm_axi' <Latency = 3> <II = 1> <Delay = 1.00> <Adapter> <Opcode : 'read' 'write' 'readreq' 'writereq' 'writeresp'>
ST_90 : Operation 975 [56/68] (7.30ns)   --->   "%gmem2_3_addr_resp = writeresp i1 @_ssdm_op_WriteResp.m_axi.i64P1A, i64 %gmem2_3_addr" [kernel.cpp:24]   --->   Operation 975 'writeresp' 'gmem2_3_addr_resp' <Predicate = true> <Delay = 7.30> <CoreInst = "m_axi">   --->   Core 111 'm_axi' <Latency = 3> <II = 1> <Delay = 1.00> <Adapter> <Opcode : 'read' 'write' 'readreq' 'writereq' 'writeresp'>

State 91 <SV = 90> <Delay = 7.30>
ST_91 : Operation 976 [55/68] (7.30ns)   --->   "%gmem2_0_addr_resp = writeresp i1 @_ssdm_op_WriteResp.m_axi.i64P1A, i64 %gmem2_0_addr" [kernel.cpp:24]   --->   Operation 976 'writeresp' 'gmem2_0_addr_resp' <Predicate = true> <Delay = 7.30> <CoreInst = "m_axi">   --->   Core 111 'm_axi' <Latency = 3> <II = 1> <Delay = 1.00> <Adapter> <Opcode : 'read' 'write' 'readreq' 'writereq' 'writeresp'>
ST_91 : Operation 977 [55/68] (7.30ns)   --->   "%gmem2_1_addr_resp = writeresp i1 @_ssdm_op_WriteResp.m_axi.i64P1A, i64 %gmem2_1_addr" [kernel.cpp:24]   --->   Operation 977 'writeresp' 'gmem2_1_addr_resp' <Predicate = true> <Delay = 7.30> <CoreInst = "m_axi">   --->   Core 111 'm_axi' <Latency = 3> <II = 1> <Delay = 1.00> <Adapter> <Opcode : 'read' 'write' 'readreq' 'writereq' 'writeresp'>
ST_91 : Operation 978 [55/68] (7.30ns)   --->   "%gmem2_2_addr_resp = writeresp i1 @_ssdm_op_WriteResp.m_axi.i64P1A, i64 %gmem2_2_addr" [kernel.cpp:24]   --->   Operation 978 'writeresp' 'gmem2_2_addr_resp' <Predicate = true> <Delay = 7.30> <CoreInst = "m_axi">   --->   Core 111 'm_axi' <Latency = 3> <II = 1> <Delay = 1.00> <Adapter> <Opcode : 'read' 'write' 'readreq' 'writereq' 'writeresp'>
ST_91 : Operation 979 [55/68] (7.30ns)   --->   "%gmem2_3_addr_resp = writeresp i1 @_ssdm_op_WriteResp.m_axi.i64P1A, i64 %gmem2_3_addr" [kernel.cpp:24]   --->   Operation 979 'writeresp' 'gmem2_3_addr_resp' <Predicate = true> <Delay = 7.30> <CoreInst = "m_axi">   --->   Core 111 'm_axi' <Latency = 3> <II = 1> <Delay = 1.00> <Adapter> <Opcode : 'read' 'write' 'readreq' 'writereq' 'writeresp'>

State 92 <SV = 91> <Delay = 7.30>
ST_92 : Operation 980 [54/68] (7.30ns)   --->   "%gmem2_0_addr_resp = writeresp i1 @_ssdm_op_WriteResp.m_axi.i64P1A, i64 %gmem2_0_addr" [kernel.cpp:24]   --->   Operation 980 'writeresp' 'gmem2_0_addr_resp' <Predicate = true> <Delay = 7.30> <CoreInst = "m_axi">   --->   Core 111 'm_axi' <Latency = 3> <II = 1> <Delay = 1.00> <Adapter> <Opcode : 'read' 'write' 'readreq' 'writereq' 'writeresp'>
ST_92 : Operation 981 [54/68] (7.30ns)   --->   "%gmem2_1_addr_resp = writeresp i1 @_ssdm_op_WriteResp.m_axi.i64P1A, i64 %gmem2_1_addr" [kernel.cpp:24]   --->   Operation 981 'writeresp' 'gmem2_1_addr_resp' <Predicate = true> <Delay = 7.30> <CoreInst = "m_axi">   --->   Core 111 'm_axi' <Latency = 3> <II = 1> <Delay = 1.00> <Adapter> <Opcode : 'read' 'write' 'readreq' 'writereq' 'writeresp'>
ST_92 : Operation 982 [54/68] (7.30ns)   --->   "%gmem2_2_addr_resp = writeresp i1 @_ssdm_op_WriteResp.m_axi.i64P1A, i64 %gmem2_2_addr" [kernel.cpp:24]   --->   Operation 982 'writeresp' 'gmem2_2_addr_resp' <Predicate = true> <Delay = 7.30> <CoreInst = "m_axi">   --->   Core 111 'm_axi' <Latency = 3> <II = 1> <Delay = 1.00> <Adapter> <Opcode : 'read' 'write' 'readreq' 'writereq' 'writeresp'>
ST_92 : Operation 983 [54/68] (7.30ns)   --->   "%gmem2_3_addr_resp = writeresp i1 @_ssdm_op_WriteResp.m_axi.i64P1A, i64 %gmem2_3_addr" [kernel.cpp:24]   --->   Operation 983 'writeresp' 'gmem2_3_addr_resp' <Predicate = true> <Delay = 7.30> <CoreInst = "m_axi">   --->   Core 111 'm_axi' <Latency = 3> <II = 1> <Delay = 1.00> <Adapter> <Opcode : 'read' 'write' 'readreq' 'writereq' 'writeresp'>

State 93 <SV = 92> <Delay = 7.30>
ST_93 : Operation 984 [53/68] (7.30ns)   --->   "%gmem2_0_addr_resp = writeresp i1 @_ssdm_op_WriteResp.m_axi.i64P1A, i64 %gmem2_0_addr" [kernel.cpp:24]   --->   Operation 984 'writeresp' 'gmem2_0_addr_resp' <Predicate = true> <Delay = 7.30> <CoreInst = "m_axi">   --->   Core 111 'm_axi' <Latency = 3> <II = 1> <Delay = 1.00> <Adapter> <Opcode : 'read' 'write' 'readreq' 'writereq' 'writeresp'>
ST_93 : Operation 985 [53/68] (7.30ns)   --->   "%gmem2_1_addr_resp = writeresp i1 @_ssdm_op_WriteResp.m_axi.i64P1A, i64 %gmem2_1_addr" [kernel.cpp:24]   --->   Operation 985 'writeresp' 'gmem2_1_addr_resp' <Predicate = true> <Delay = 7.30> <CoreInst = "m_axi">   --->   Core 111 'm_axi' <Latency = 3> <II = 1> <Delay = 1.00> <Adapter> <Opcode : 'read' 'write' 'readreq' 'writereq' 'writeresp'>
ST_93 : Operation 986 [53/68] (7.30ns)   --->   "%gmem2_2_addr_resp = writeresp i1 @_ssdm_op_WriteResp.m_axi.i64P1A, i64 %gmem2_2_addr" [kernel.cpp:24]   --->   Operation 986 'writeresp' 'gmem2_2_addr_resp' <Predicate = true> <Delay = 7.30> <CoreInst = "m_axi">   --->   Core 111 'm_axi' <Latency = 3> <II = 1> <Delay = 1.00> <Adapter> <Opcode : 'read' 'write' 'readreq' 'writereq' 'writeresp'>
ST_93 : Operation 987 [53/68] (7.30ns)   --->   "%gmem2_3_addr_resp = writeresp i1 @_ssdm_op_WriteResp.m_axi.i64P1A, i64 %gmem2_3_addr" [kernel.cpp:24]   --->   Operation 987 'writeresp' 'gmem2_3_addr_resp' <Predicate = true> <Delay = 7.30> <CoreInst = "m_axi">   --->   Core 111 'm_axi' <Latency = 3> <II = 1> <Delay = 1.00> <Adapter> <Opcode : 'read' 'write' 'readreq' 'writereq' 'writeresp'>

State 94 <SV = 93> <Delay = 7.30>
ST_94 : Operation 988 [52/68] (7.30ns)   --->   "%gmem2_0_addr_resp = writeresp i1 @_ssdm_op_WriteResp.m_axi.i64P1A, i64 %gmem2_0_addr" [kernel.cpp:24]   --->   Operation 988 'writeresp' 'gmem2_0_addr_resp' <Predicate = true> <Delay = 7.30> <CoreInst = "m_axi">   --->   Core 111 'm_axi' <Latency = 3> <II = 1> <Delay = 1.00> <Adapter> <Opcode : 'read' 'write' 'readreq' 'writereq' 'writeresp'>
ST_94 : Operation 989 [52/68] (7.30ns)   --->   "%gmem2_1_addr_resp = writeresp i1 @_ssdm_op_WriteResp.m_axi.i64P1A, i64 %gmem2_1_addr" [kernel.cpp:24]   --->   Operation 989 'writeresp' 'gmem2_1_addr_resp' <Predicate = true> <Delay = 7.30> <CoreInst = "m_axi">   --->   Core 111 'm_axi' <Latency = 3> <II = 1> <Delay = 1.00> <Adapter> <Opcode : 'read' 'write' 'readreq' 'writereq' 'writeresp'>
ST_94 : Operation 990 [52/68] (7.30ns)   --->   "%gmem2_2_addr_resp = writeresp i1 @_ssdm_op_WriteResp.m_axi.i64P1A, i64 %gmem2_2_addr" [kernel.cpp:24]   --->   Operation 990 'writeresp' 'gmem2_2_addr_resp' <Predicate = true> <Delay = 7.30> <CoreInst = "m_axi">   --->   Core 111 'm_axi' <Latency = 3> <II = 1> <Delay = 1.00> <Adapter> <Opcode : 'read' 'write' 'readreq' 'writereq' 'writeresp'>
ST_94 : Operation 991 [52/68] (7.30ns)   --->   "%gmem2_3_addr_resp = writeresp i1 @_ssdm_op_WriteResp.m_axi.i64P1A, i64 %gmem2_3_addr" [kernel.cpp:24]   --->   Operation 991 'writeresp' 'gmem2_3_addr_resp' <Predicate = true> <Delay = 7.30> <CoreInst = "m_axi">   --->   Core 111 'm_axi' <Latency = 3> <II = 1> <Delay = 1.00> <Adapter> <Opcode : 'read' 'write' 'readreq' 'writereq' 'writeresp'>

State 95 <SV = 94> <Delay = 7.30>
ST_95 : Operation 992 [51/68] (7.30ns)   --->   "%gmem2_0_addr_resp = writeresp i1 @_ssdm_op_WriteResp.m_axi.i64P1A, i64 %gmem2_0_addr" [kernel.cpp:24]   --->   Operation 992 'writeresp' 'gmem2_0_addr_resp' <Predicate = true> <Delay = 7.30> <CoreInst = "m_axi">   --->   Core 111 'm_axi' <Latency = 3> <II = 1> <Delay = 1.00> <Adapter> <Opcode : 'read' 'write' 'readreq' 'writereq' 'writeresp'>
ST_95 : Operation 993 [51/68] (7.30ns)   --->   "%gmem2_1_addr_resp = writeresp i1 @_ssdm_op_WriteResp.m_axi.i64P1A, i64 %gmem2_1_addr" [kernel.cpp:24]   --->   Operation 993 'writeresp' 'gmem2_1_addr_resp' <Predicate = true> <Delay = 7.30> <CoreInst = "m_axi">   --->   Core 111 'm_axi' <Latency = 3> <II = 1> <Delay = 1.00> <Adapter> <Opcode : 'read' 'write' 'readreq' 'writereq' 'writeresp'>
ST_95 : Operation 994 [51/68] (7.30ns)   --->   "%gmem2_2_addr_resp = writeresp i1 @_ssdm_op_WriteResp.m_axi.i64P1A, i64 %gmem2_2_addr" [kernel.cpp:24]   --->   Operation 994 'writeresp' 'gmem2_2_addr_resp' <Predicate = true> <Delay = 7.30> <CoreInst = "m_axi">   --->   Core 111 'm_axi' <Latency = 3> <II = 1> <Delay = 1.00> <Adapter> <Opcode : 'read' 'write' 'readreq' 'writereq' 'writeresp'>
ST_95 : Operation 995 [51/68] (7.30ns)   --->   "%gmem2_3_addr_resp = writeresp i1 @_ssdm_op_WriteResp.m_axi.i64P1A, i64 %gmem2_3_addr" [kernel.cpp:24]   --->   Operation 995 'writeresp' 'gmem2_3_addr_resp' <Predicate = true> <Delay = 7.30> <CoreInst = "m_axi">   --->   Core 111 'm_axi' <Latency = 3> <II = 1> <Delay = 1.00> <Adapter> <Opcode : 'read' 'write' 'readreq' 'writereq' 'writeresp'>

State 96 <SV = 95> <Delay = 7.30>
ST_96 : Operation 996 [50/68] (7.30ns)   --->   "%gmem2_0_addr_resp = writeresp i1 @_ssdm_op_WriteResp.m_axi.i64P1A, i64 %gmem2_0_addr" [kernel.cpp:24]   --->   Operation 996 'writeresp' 'gmem2_0_addr_resp' <Predicate = true> <Delay = 7.30> <CoreInst = "m_axi">   --->   Core 111 'm_axi' <Latency = 3> <II = 1> <Delay = 1.00> <Adapter> <Opcode : 'read' 'write' 'readreq' 'writereq' 'writeresp'>
ST_96 : Operation 997 [50/68] (7.30ns)   --->   "%gmem2_1_addr_resp = writeresp i1 @_ssdm_op_WriteResp.m_axi.i64P1A, i64 %gmem2_1_addr" [kernel.cpp:24]   --->   Operation 997 'writeresp' 'gmem2_1_addr_resp' <Predicate = true> <Delay = 7.30> <CoreInst = "m_axi">   --->   Core 111 'm_axi' <Latency = 3> <II = 1> <Delay = 1.00> <Adapter> <Opcode : 'read' 'write' 'readreq' 'writereq' 'writeresp'>
ST_96 : Operation 998 [50/68] (7.30ns)   --->   "%gmem2_2_addr_resp = writeresp i1 @_ssdm_op_WriteResp.m_axi.i64P1A, i64 %gmem2_2_addr" [kernel.cpp:24]   --->   Operation 998 'writeresp' 'gmem2_2_addr_resp' <Predicate = true> <Delay = 7.30> <CoreInst = "m_axi">   --->   Core 111 'm_axi' <Latency = 3> <II = 1> <Delay = 1.00> <Adapter> <Opcode : 'read' 'write' 'readreq' 'writereq' 'writeresp'>
ST_96 : Operation 999 [50/68] (7.30ns)   --->   "%gmem2_3_addr_resp = writeresp i1 @_ssdm_op_WriteResp.m_axi.i64P1A, i64 %gmem2_3_addr" [kernel.cpp:24]   --->   Operation 999 'writeresp' 'gmem2_3_addr_resp' <Predicate = true> <Delay = 7.30> <CoreInst = "m_axi">   --->   Core 111 'm_axi' <Latency = 3> <II = 1> <Delay = 1.00> <Adapter> <Opcode : 'read' 'write' 'readreq' 'writereq' 'writeresp'>

State 97 <SV = 96> <Delay = 7.30>
ST_97 : Operation 1000 [49/68] (7.30ns)   --->   "%gmem2_0_addr_resp = writeresp i1 @_ssdm_op_WriteResp.m_axi.i64P1A, i64 %gmem2_0_addr" [kernel.cpp:24]   --->   Operation 1000 'writeresp' 'gmem2_0_addr_resp' <Predicate = true> <Delay = 7.30> <CoreInst = "m_axi">   --->   Core 111 'm_axi' <Latency = 3> <II = 1> <Delay = 1.00> <Adapter> <Opcode : 'read' 'write' 'readreq' 'writereq' 'writeresp'>
ST_97 : Operation 1001 [49/68] (7.30ns)   --->   "%gmem2_1_addr_resp = writeresp i1 @_ssdm_op_WriteResp.m_axi.i64P1A, i64 %gmem2_1_addr" [kernel.cpp:24]   --->   Operation 1001 'writeresp' 'gmem2_1_addr_resp' <Predicate = true> <Delay = 7.30> <CoreInst = "m_axi">   --->   Core 111 'm_axi' <Latency = 3> <II = 1> <Delay = 1.00> <Adapter> <Opcode : 'read' 'write' 'readreq' 'writereq' 'writeresp'>
ST_97 : Operation 1002 [49/68] (7.30ns)   --->   "%gmem2_2_addr_resp = writeresp i1 @_ssdm_op_WriteResp.m_axi.i64P1A, i64 %gmem2_2_addr" [kernel.cpp:24]   --->   Operation 1002 'writeresp' 'gmem2_2_addr_resp' <Predicate = true> <Delay = 7.30> <CoreInst = "m_axi">   --->   Core 111 'm_axi' <Latency = 3> <II = 1> <Delay = 1.00> <Adapter> <Opcode : 'read' 'write' 'readreq' 'writereq' 'writeresp'>
ST_97 : Operation 1003 [49/68] (7.30ns)   --->   "%gmem2_3_addr_resp = writeresp i1 @_ssdm_op_WriteResp.m_axi.i64P1A, i64 %gmem2_3_addr" [kernel.cpp:24]   --->   Operation 1003 'writeresp' 'gmem2_3_addr_resp' <Predicate = true> <Delay = 7.30> <CoreInst = "m_axi">   --->   Core 111 'm_axi' <Latency = 3> <II = 1> <Delay = 1.00> <Adapter> <Opcode : 'read' 'write' 'readreq' 'writereq' 'writeresp'>

State 98 <SV = 97> <Delay = 7.30>
ST_98 : Operation 1004 [48/68] (7.30ns)   --->   "%gmem2_0_addr_resp = writeresp i1 @_ssdm_op_WriteResp.m_axi.i64P1A, i64 %gmem2_0_addr" [kernel.cpp:24]   --->   Operation 1004 'writeresp' 'gmem2_0_addr_resp' <Predicate = true> <Delay = 7.30> <CoreInst = "m_axi">   --->   Core 111 'm_axi' <Latency = 3> <II = 1> <Delay = 1.00> <Adapter> <Opcode : 'read' 'write' 'readreq' 'writereq' 'writeresp'>
ST_98 : Operation 1005 [48/68] (7.30ns)   --->   "%gmem2_1_addr_resp = writeresp i1 @_ssdm_op_WriteResp.m_axi.i64P1A, i64 %gmem2_1_addr" [kernel.cpp:24]   --->   Operation 1005 'writeresp' 'gmem2_1_addr_resp' <Predicate = true> <Delay = 7.30> <CoreInst = "m_axi">   --->   Core 111 'm_axi' <Latency = 3> <II = 1> <Delay = 1.00> <Adapter> <Opcode : 'read' 'write' 'readreq' 'writereq' 'writeresp'>
ST_98 : Operation 1006 [48/68] (7.30ns)   --->   "%gmem2_2_addr_resp = writeresp i1 @_ssdm_op_WriteResp.m_axi.i64P1A, i64 %gmem2_2_addr" [kernel.cpp:24]   --->   Operation 1006 'writeresp' 'gmem2_2_addr_resp' <Predicate = true> <Delay = 7.30> <CoreInst = "m_axi">   --->   Core 111 'm_axi' <Latency = 3> <II = 1> <Delay = 1.00> <Adapter> <Opcode : 'read' 'write' 'readreq' 'writereq' 'writeresp'>
ST_98 : Operation 1007 [48/68] (7.30ns)   --->   "%gmem2_3_addr_resp = writeresp i1 @_ssdm_op_WriteResp.m_axi.i64P1A, i64 %gmem2_3_addr" [kernel.cpp:24]   --->   Operation 1007 'writeresp' 'gmem2_3_addr_resp' <Predicate = true> <Delay = 7.30> <CoreInst = "m_axi">   --->   Core 111 'm_axi' <Latency = 3> <II = 1> <Delay = 1.00> <Adapter> <Opcode : 'read' 'write' 'readreq' 'writereq' 'writeresp'>

State 99 <SV = 98> <Delay = 7.30>
ST_99 : Operation 1008 [47/68] (7.30ns)   --->   "%gmem2_0_addr_resp = writeresp i1 @_ssdm_op_WriteResp.m_axi.i64P1A, i64 %gmem2_0_addr" [kernel.cpp:24]   --->   Operation 1008 'writeresp' 'gmem2_0_addr_resp' <Predicate = true> <Delay = 7.30> <CoreInst = "m_axi">   --->   Core 111 'm_axi' <Latency = 3> <II = 1> <Delay = 1.00> <Adapter> <Opcode : 'read' 'write' 'readreq' 'writereq' 'writeresp'>
ST_99 : Operation 1009 [47/68] (7.30ns)   --->   "%gmem2_1_addr_resp = writeresp i1 @_ssdm_op_WriteResp.m_axi.i64P1A, i64 %gmem2_1_addr" [kernel.cpp:24]   --->   Operation 1009 'writeresp' 'gmem2_1_addr_resp' <Predicate = true> <Delay = 7.30> <CoreInst = "m_axi">   --->   Core 111 'm_axi' <Latency = 3> <II = 1> <Delay = 1.00> <Adapter> <Opcode : 'read' 'write' 'readreq' 'writereq' 'writeresp'>
ST_99 : Operation 1010 [47/68] (7.30ns)   --->   "%gmem2_2_addr_resp = writeresp i1 @_ssdm_op_WriteResp.m_axi.i64P1A, i64 %gmem2_2_addr" [kernel.cpp:24]   --->   Operation 1010 'writeresp' 'gmem2_2_addr_resp' <Predicate = true> <Delay = 7.30> <CoreInst = "m_axi">   --->   Core 111 'm_axi' <Latency = 3> <II = 1> <Delay = 1.00> <Adapter> <Opcode : 'read' 'write' 'readreq' 'writereq' 'writeresp'>
ST_99 : Operation 1011 [47/68] (7.30ns)   --->   "%gmem2_3_addr_resp = writeresp i1 @_ssdm_op_WriteResp.m_axi.i64P1A, i64 %gmem2_3_addr" [kernel.cpp:24]   --->   Operation 1011 'writeresp' 'gmem2_3_addr_resp' <Predicate = true> <Delay = 7.30> <CoreInst = "m_axi">   --->   Core 111 'm_axi' <Latency = 3> <II = 1> <Delay = 1.00> <Adapter> <Opcode : 'read' 'write' 'readreq' 'writereq' 'writeresp'>

State 100 <SV = 99> <Delay = 7.30>
ST_100 : Operation 1012 [46/68] (7.30ns)   --->   "%gmem2_0_addr_resp = writeresp i1 @_ssdm_op_WriteResp.m_axi.i64P1A, i64 %gmem2_0_addr" [kernel.cpp:24]   --->   Operation 1012 'writeresp' 'gmem2_0_addr_resp' <Predicate = true> <Delay = 7.30> <CoreInst = "m_axi">   --->   Core 111 'm_axi' <Latency = 3> <II = 1> <Delay = 1.00> <Adapter> <Opcode : 'read' 'write' 'readreq' 'writereq' 'writeresp'>
ST_100 : Operation 1013 [46/68] (7.30ns)   --->   "%gmem2_1_addr_resp = writeresp i1 @_ssdm_op_WriteResp.m_axi.i64P1A, i64 %gmem2_1_addr" [kernel.cpp:24]   --->   Operation 1013 'writeresp' 'gmem2_1_addr_resp' <Predicate = true> <Delay = 7.30> <CoreInst = "m_axi">   --->   Core 111 'm_axi' <Latency = 3> <II = 1> <Delay = 1.00> <Adapter> <Opcode : 'read' 'write' 'readreq' 'writereq' 'writeresp'>
ST_100 : Operation 1014 [46/68] (7.30ns)   --->   "%gmem2_2_addr_resp = writeresp i1 @_ssdm_op_WriteResp.m_axi.i64P1A, i64 %gmem2_2_addr" [kernel.cpp:24]   --->   Operation 1014 'writeresp' 'gmem2_2_addr_resp' <Predicate = true> <Delay = 7.30> <CoreInst = "m_axi">   --->   Core 111 'm_axi' <Latency = 3> <II = 1> <Delay = 1.00> <Adapter> <Opcode : 'read' 'write' 'readreq' 'writereq' 'writeresp'>
ST_100 : Operation 1015 [46/68] (7.30ns)   --->   "%gmem2_3_addr_resp = writeresp i1 @_ssdm_op_WriteResp.m_axi.i64P1A, i64 %gmem2_3_addr" [kernel.cpp:24]   --->   Operation 1015 'writeresp' 'gmem2_3_addr_resp' <Predicate = true> <Delay = 7.30> <CoreInst = "m_axi">   --->   Core 111 'm_axi' <Latency = 3> <II = 1> <Delay = 1.00> <Adapter> <Opcode : 'read' 'write' 'readreq' 'writereq' 'writeresp'>

State 101 <SV = 100> <Delay = 7.30>
ST_101 : Operation 1016 [45/68] (7.30ns)   --->   "%gmem2_0_addr_resp = writeresp i1 @_ssdm_op_WriteResp.m_axi.i64P1A, i64 %gmem2_0_addr" [kernel.cpp:24]   --->   Operation 1016 'writeresp' 'gmem2_0_addr_resp' <Predicate = true> <Delay = 7.30> <CoreInst = "m_axi">   --->   Core 111 'm_axi' <Latency = 3> <II = 1> <Delay = 1.00> <Adapter> <Opcode : 'read' 'write' 'readreq' 'writereq' 'writeresp'>
ST_101 : Operation 1017 [45/68] (7.30ns)   --->   "%gmem2_1_addr_resp = writeresp i1 @_ssdm_op_WriteResp.m_axi.i64P1A, i64 %gmem2_1_addr" [kernel.cpp:24]   --->   Operation 1017 'writeresp' 'gmem2_1_addr_resp' <Predicate = true> <Delay = 7.30> <CoreInst = "m_axi">   --->   Core 111 'm_axi' <Latency = 3> <II = 1> <Delay = 1.00> <Adapter> <Opcode : 'read' 'write' 'readreq' 'writereq' 'writeresp'>
ST_101 : Operation 1018 [45/68] (7.30ns)   --->   "%gmem2_2_addr_resp = writeresp i1 @_ssdm_op_WriteResp.m_axi.i64P1A, i64 %gmem2_2_addr" [kernel.cpp:24]   --->   Operation 1018 'writeresp' 'gmem2_2_addr_resp' <Predicate = true> <Delay = 7.30> <CoreInst = "m_axi">   --->   Core 111 'm_axi' <Latency = 3> <II = 1> <Delay = 1.00> <Adapter> <Opcode : 'read' 'write' 'readreq' 'writereq' 'writeresp'>
ST_101 : Operation 1019 [45/68] (7.30ns)   --->   "%gmem2_3_addr_resp = writeresp i1 @_ssdm_op_WriteResp.m_axi.i64P1A, i64 %gmem2_3_addr" [kernel.cpp:24]   --->   Operation 1019 'writeresp' 'gmem2_3_addr_resp' <Predicate = true> <Delay = 7.30> <CoreInst = "m_axi">   --->   Core 111 'm_axi' <Latency = 3> <II = 1> <Delay = 1.00> <Adapter> <Opcode : 'read' 'write' 'readreq' 'writereq' 'writeresp'>

State 102 <SV = 101> <Delay = 7.30>
ST_102 : Operation 1020 [44/68] (7.30ns)   --->   "%gmem2_0_addr_resp = writeresp i1 @_ssdm_op_WriteResp.m_axi.i64P1A, i64 %gmem2_0_addr" [kernel.cpp:24]   --->   Operation 1020 'writeresp' 'gmem2_0_addr_resp' <Predicate = true> <Delay = 7.30> <CoreInst = "m_axi">   --->   Core 111 'm_axi' <Latency = 3> <II = 1> <Delay = 1.00> <Adapter> <Opcode : 'read' 'write' 'readreq' 'writereq' 'writeresp'>
ST_102 : Operation 1021 [44/68] (7.30ns)   --->   "%gmem2_1_addr_resp = writeresp i1 @_ssdm_op_WriteResp.m_axi.i64P1A, i64 %gmem2_1_addr" [kernel.cpp:24]   --->   Operation 1021 'writeresp' 'gmem2_1_addr_resp' <Predicate = true> <Delay = 7.30> <CoreInst = "m_axi">   --->   Core 111 'm_axi' <Latency = 3> <II = 1> <Delay = 1.00> <Adapter> <Opcode : 'read' 'write' 'readreq' 'writereq' 'writeresp'>
ST_102 : Operation 1022 [44/68] (7.30ns)   --->   "%gmem2_2_addr_resp = writeresp i1 @_ssdm_op_WriteResp.m_axi.i64P1A, i64 %gmem2_2_addr" [kernel.cpp:24]   --->   Operation 1022 'writeresp' 'gmem2_2_addr_resp' <Predicate = true> <Delay = 7.30> <CoreInst = "m_axi">   --->   Core 111 'm_axi' <Latency = 3> <II = 1> <Delay = 1.00> <Adapter> <Opcode : 'read' 'write' 'readreq' 'writereq' 'writeresp'>
ST_102 : Operation 1023 [44/68] (7.30ns)   --->   "%gmem2_3_addr_resp = writeresp i1 @_ssdm_op_WriteResp.m_axi.i64P1A, i64 %gmem2_3_addr" [kernel.cpp:24]   --->   Operation 1023 'writeresp' 'gmem2_3_addr_resp' <Predicate = true> <Delay = 7.30> <CoreInst = "m_axi">   --->   Core 111 'm_axi' <Latency = 3> <II = 1> <Delay = 1.00> <Adapter> <Opcode : 'read' 'write' 'readreq' 'writereq' 'writeresp'>

State 103 <SV = 102> <Delay = 7.30>
ST_103 : Operation 1024 [43/68] (7.30ns)   --->   "%gmem2_0_addr_resp = writeresp i1 @_ssdm_op_WriteResp.m_axi.i64P1A, i64 %gmem2_0_addr" [kernel.cpp:24]   --->   Operation 1024 'writeresp' 'gmem2_0_addr_resp' <Predicate = true> <Delay = 7.30> <CoreInst = "m_axi">   --->   Core 111 'm_axi' <Latency = 3> <II = 1> <Delay = 1.00> <Adapter> <Opcode : 'read' 'write' 'readreq' 'writereq' 'writeresp'>
ST_103 : Operation 1025 [43/68] (7.30ns)   --->   "%gmem2_1_addr_resp = writeresp i1 @_ssdm_op_WriteResp.m_axi.i64P1A, i64 %gmem2_1_addr" [kernel.cpp:24]   --->   Operation 1025 'writeresp' 'gmem2_1_addr_resp' <Predicate = true> <Delay = 7.30> <CoreInst = "m_axi">   --->   Core 111 'm_axi' <Latency = 3> <II = 1> <Delay = 1.00> <Adapter> <Opcode : 'read' 'write' 'readreq' 'writereq' 'writeresp'>
ST_103 : Operation 1026 [43/68] (7.30ns)   --->   "%gmem2_2_addr_resp = writeresp i1 @_ssdm_op_WriteResp.m_axi.i64P1A, i64 %gmem2_2_addr" [kernel.cpp:24]   --->   Operation 1026 'writeresp' 'gmem2_2_addr_resp' <Predicate = true> <Delay = 7.30> <CoreInst = "m_axi">   --->   Core 111 'm_axi' <Latency = 3> <II = 1> <Delay = 1.00> <Adapter> <Opcode : 'read' 'write' 'readreq' 'writereq' 'writeresp'>
ST_103 : Operation 1027 [43/68] (7.30ns)   --->   "%gmem2_3_addr_resp = writeresp i1 @_ssdm_op_WriteResp.m_axi.i64P1A, i64 %gmem2_3_addr" [kernel.cpp:24]   --->   Operation 1027 'writeresp' 'gmem2_3_addr_resp' <Predicate = true> <Delay = 7.30> <CoreInst = "m_axi">   --->   Core 111 'm_axi' <Latency = 3> <II = 1> <Delay = 1.00> <Adapter> <Opcode : 'read' 'write' 'readreq' 'writereq' 'writeresp'>

State 104 <SV = 103> <Delay = 7.30>
ST_104 : Operation 1028 [42/68] (7.30ns)   --->   "%gmem2_0_addr_resp = writeresp i1 @_ssdm_op_WriteResp.m_axi.i64P1A, i64 %gmem2_0_addr" [kernel.cpp:24]   --->   Operation 1028 'writeresp' 'gmem2_0_addr_resp' <Predicate = true> <Delay = 7.30> <CoreInst = "m_axi">   --->   Core 111 'm_axi' <Latency = 3> <II = 1> <Delay = 1.00> <Adapter> <Opcode : 'read' 'write' 'readreq' 'writereq' 'writeresp'>
ST_104 : Operation 1029 [42/68] (7.30ns)   --->   "%gmem2_1_addr_resp = writeresp i1 @_ssdm_op_WriteResp.m_axi.i64P1A, i64 %gmem2_1_addr" [kernel.cpp:24]   --->   Operation 1029 'writeresp' 'gmem2_1_addr_resp' <Predicate = true> <Delay = 7.30> <CoreInst = "m_axi">   --->   Core 111 'm_axi' <Latency = 3> <II = 1> <Delay = 1.00> <Adapter> <Opcode : 'read' 'write' 'readreq' 'writereq' 'writeresp'>
ST_104 : Operation 1030 [42/68] (7.30ns)   --->   "%gmem2_2_addr_resp = writeresp i1 @_ssdm_op_WriteResp.m_axi.i64P1A, i64 %gmem2_2_addr" [kernel.cpp:24]   --->   Operation 1030 'writeresp' 'gmem2_2_addr_resp' <Predicate = true> <Delay = 7.30> <CoreInst = "m_axi">   --->   Core 111 'm_axi' <Latency = 3> <II = 1> <Delay = 1.00> <Adapter> <Opcode : 'read' 'write' 'readreq' 'writereq' 'writeresp'>
ST_104 : Operation 1031 [42/68] (7.30ns)   --->   "%gmem2_3_addr_resp = writeresp i1 @_ssdm_op_WriteResp.m_axi.i64P1A, i64 %gmem2_3_addr" [kernel.cpp:24]   --->   Operation 1031 'writeresp' 'gmem2_3_addr_resp' <Predicate = true> <Delay = 7.30> <CoreInst = "m_axi">   --->   Core 111 'm_axi' <Latency = 3> <II = 1> <Delay = 1.00> <Adapter> <Opcode : 'read' 'write' 'readreq' 'writereq' 'writeresp'>

State 105 <SV = 104> <Delay = 7.30>
ST_105 : Operation 1032 [41/68] (7.30ns)   --->   "%gmem2_0_addr_resp = writeresp i1 @_ssdm_op_WriteResp.m_axi.i64P1A, i64 %gmem2_0_addr" [kernel.cpp:24]   --->   Operation 1032 'writeresp' 'gmem2_0_addr_resp' <Predicate = true> <Delay = 7.30> <CoreInst = "m_axi">   --->   Core 111 'm_axi' <Latency = 3> <II = 1> <Delay = 1.00> <Adapter> <Opcode : 'read' 'write' 'readreq' 'writereq' 'writeresp'>
ST_105 : Operation 1033 [41/68] (7.30ns)   --->   "%gmem2_1_addr_resp = writeresp i1 @_ssdm_op_WriteResp.m_axi.i64P1A, i64 %gmem2_1_addr" [kernel.cpp:24]   --->   Operation 1033 'writeresp' 'gmem2_1_addr_resp' <Predicate = true> <Delay = 7.30> <CoreInst = "m_axi">   --->   Core 111 'm_axi' <Latency = 3> <II = 1> <Delay = 1.00> <Adapter> <Opcode : 'read' 'write' 'readreq' 'writereq' 'writeresp'>
ST_105 : Operation 1034 [41/68] (7.30ns)   --->   "%gmem2_2_addr_resp = writeresp i1 @_ssdm_op_WriteResp.m_axi.i64P1A, i64 %gmem2_2_addr" [kernel.cpp:24]   --->   Operation 1034 'writeresp' 'gmem2_2_addr_resp' <Predicate = true> <Delay = 7.30> <CoreInst = "m_axi">   --->   Core 111 'm_axi' <Latency = 3> <II = 1> <Delay = 1.00> <Adapter> <Opcode : 'read' 'write' 'readreq' 'writereq' 'writeresp'>
ST_105 : Operation 1035 [41/68] (7.30ns)   --->   "%gmem2_3_addr_resp = writeresp i1 @_ssdm_op_WriteResp.m_axi.i64P1A, i64 %gmem2_3_addr" [kernel.cpp:24]   --->   Operation 1035 'writeresp' 'gmem2_3_addr_resp' <Predicate = true> <Delay = 7.30> <CoreInst = "m_axi">   --->   Core 111 'm_axi' <Latency = 3> <II = 1> <Delay = 1.00> <Adapter> <Opcode : 'read' 'write' 'readreq' 'writereq' 'writeresp'>

State 106 <SV = 105> <Delay = 7.30>
ST_106 : Operation 1036 [40/68] (7.30ns)   --->   "%gmem2_0_addr_resp = writeresp i1 @_ssdm_op_WriteResp.m_axi.i64P1A, i64 %gmem2_0_addr" [kernel.cpp:24]   --->   Operation 1036 'writeresp' 'gmem2_0_addr_resp' <Predicate = true> <Delay = 7.30> <CoreInst = "m_axi">   --->   Core 111 'm_axi' <Latency = 3> <II = 1> <Delay = 1.00> <Adapter> <Opcode : 'read' 'write' 'readreq' 'writereq' 'writeresp'>
ST_106 : Operation 1037 [40/68] (7.30ns)   --->   "%gmem2_1_addr_resp = writeresp i1 @_ssdm_op_WriteResp.m_axi.i64P1A, i64 %gmem2_1_addr" [kernel.cpp:24]   --->   Operation 1037 'writeresp' 'gmem2_1_addr_resp' <Predicate = true> <Delay = 7.30> <CoreInst = "m_axi">   --->   Core 111 'm_axi' <Latency = 3> <II = 1> <Delay = 1.00> <Adapter> <Opcode : 'read' 'write' 'readreq' 'writereq' 'writeresp'>
ST_106 : Operation 1038 [40/68] (7.30ns)   --->   "%gmem2_2_addr_resp = writeresp i1 @_ssdm_op_WriteResp.m_axi.i64P1A, i64 %gmem2_2_addr" [kernel.cpp:24]   --->   Operation 1038 'writeresp' 'gmem2_2_addr_resp' <Predicate = true> <Delay = 7.30> <CoreInst = "m_axi">   --->   Core 111 'm_axi' <Latency = 3> <II = 1> <Delay = 1.00> <Adapter> <Opcode : 'read' 'write' 'readreq' 'writereq' 'writeresp'>
ST_106 : Operation 1039 [40/68] (7.30ns)   --->   "%gmem2_3_addr_resp = writeresp i1 @_ssdm_op_WriteResp.m_axi.i64P1A, i64 %gmem2_3_addr" [kernel.cpp:24]   --->   Operation 1039 'writeresp' 'gmem2_3_addr_resp' <Predicate = true> <Delay = 7.30> <CoreInst = "m_axi">   --->   Core 111 'm_axi' <Latency = 3> <II = 1> <Delay = 1.00> <Adapter> <Opcode : 'read' 'write' 'readreq' 'writereq' 'writeresp'>

State 107 <SV = 106> <Delay = 7.30>
ST_107 : Operation 1040 [39/68] (7.30ns)   --->   "%gmem2_0_addr_resp = writeresp i1 @_ssdm_op_WriteResp.m_axi.i64P1A, i64 %gmem2_0_addr" [kernel.cpp:24]   --->   Operation 1040 'writeresp' 'gmem2_0_addr_resp' <Predicate = true> <Delay = 7.30> <CoreInst = "m_axi">   --->   Core 111 'm_axi' <Latency = 3> <II = 1> <Delay = 1.00> <Adapter> <Opcode : 'read' 'write' 'readreq' 'writereq' 'writeresp'>
ST_107 : Operation 1041 [39/68] (7.30ns)   --->   "%gmem2_1_addr_resp = writeresp i1 @_ssdm_op_WriteResp.m_axi.i64P1A, i64 %gmem2_1_addr" [kernel.cpp:24]   --->   Operation 1041 'writeresp' 'gmem2_1_addr_resp' <Predicate = true> <Delay = 7.30> <CoreInst = "m_axi">   --->   Core 111 'm_axi' <Latency = 3> <II = 1> <Delay = 1.00> <Adapter> <Opcode : 'read' 'write' 'readreq' 'writereq' 'writeresp'>
ST_107 : Operation 1042 [39/68] (7.30ns)   --->   "%gmem2_2_addr_resp = writeresp i1 @_ssdm_op_WriteResp.m_axi.i64P1A, i64 %gmem2_2_addr" [kernel.cpp:24]   --->   Operation 1042 'writeresp' 'gmem2_2_addr_resp' <Predicate = true> <Delay = 7.30> <CoreInst = "m_axi">   --->   Core 111 'm_axi' <Latency = 3> <II = 1> <Delay = 1.00> <Adapter> <Opcode : 'read' 'write' 'readreq' 'writereq' 'writeresp'>
ST_107 : Operation 1043 [39/68] (7.30ns)   --->   "%gmem2_3_addr_resp = writeresp i1 @_ssdm_op_WriteResp.m_axi.i64P1A, i64 %gmem2_3_addr" [kernel.cpp:24]   --->   Operation 1043 'writeresp' 'gmem2_3_addr_resp' <Predicate = true> <Delay = 7.30> <CoreInst = "m_axi">   --->   Core 111 'm_axi' <Latency = 3> <II = 1> <Delay = 1.00> <Adapter> <Opcode : 'read' 'write' 'readreq' 'writereq' 'writeresp'>

State 108 <SV = 107> <Delay = 7.30>
ST_108 : Operation 1044 [38/68] (7.30ns)   --->   "%gmem2_0_addr_resp = writeresp i1 @_ssdm_op_WriteResp.m_axi.i64P1A, i64 %gmem2_0_addr" [kernel.cpp:24]   --->   Operation 1044 'writeresp' 'gmem2_0_addr_resp' <Predicate = true> <Delay = 7.30> <CoreInst = "m_axi">   --->   Core 111 'm_axi' <Latency = 3> <II = 1> <Delay = 1.00> <Adapter> <Opcode : 'read' 'write' 'readreq' 'writereq' 'writeresp'>
ST_108 : Operation 1045 [38/68] (7.30ns)   --->   "%gmem2_1_addr_resp = writeresp i1 @_ssdm_op_WriteResp.m_axi.i64P1A, i64 %gmem2_1_addr" [kernel.cpp:24]   --->   Operation 1045 'writeresp' 'gmem2_1_addr_resp' <Predicate = true> <Delay = 7.30> <CoreInst = "m_axi">   --->   Core 111 'm_axi' <Latency = 3> <II = 1> <Delay = 1.00> <Adapter> <Opcode : 'read' 'write' 'readreq' 'writereq' 'writeresp'>
ST_108 : Operation 1046 [38/68] (7.30ns)   --->   "%gmem2_2_addr_resp = writeresp i1 @_ssdm_op_WriteResp.m_axi.i64P1A, i64 %gmem2_2_addr" [kernel.cpp:24]   --->   Operation 1046 'writeresp' 'gmem2_2_addr_resp' <Predicate = true> <Delay = 7.30> <CoreInst = "m_axi">   --->   Core 111 'm_axi' <Latency = 3> <II = 1> <Delay = 1.00> <Adapter> <Opcode : 'read' 'write' 'readreq' 'writereq' 'writeresp'>
ST_108 : Operation 1047 [38/68] (7.30ns)   --->   "%gmem2_3_addr_resp = writeresp i1 @_ssdm_op_WriteResp.m_axi.i64P1A, i64 %gmem2_3_addr" [kernel.cpp:24]   --->   Operation 1047 'writeresp' 'gmem2_3_addr_resp' <Predicate = true> <Delay = 7.30> <CoreInst = "m_axi">   --->   Core 111 'm_axi' <Latency = 3> <II = 1> <Delay = 1.00> <Adapter> <Opcode : 'read' 'write' 'readreq' 'writereq' 'writeresp'>

State 109 <SV = 108> <Delay = 7.30>
ST_109 : Operation 1048 [37/68] (7.30ns)   --->   "%gmem2_0_addr_resp = writeresp i1 @_ssdm_op_WriteResp.m_axi.i64P1A, i64 %gmem2_0_addr" [kernel.cpp:24]   --->   Operation 1048 'writeresp' 'gmem2_0_addr_resp' <Predicate = true> <Delay = 7.30> <CoreInst = "m_axi">   --->   Core 111 'm_axi' <Latency = 3> <II = 1> <Delay = 1.00> <Adapter> <Opcode : 'read' 'write' 'readreq' 'writereq' 'writeresp'>
ST_109 : Operation 1049 [37/68] (7.30ns)   --->   "%gmem2_1_addr_resp = writeresp i1 @_ssdm_op_WriteResp.m_axi.i64P1A, i64 %gmem2_1_addr" [kernel.cpp:24]   --->   Operation 1049 'writeresp' 'gmem2_1_addr_resp' <Predicate = true> <Delay = 7.30> <CoreInst = "m_axi">   --->   Core 111 'm_axi' <Latency = 3> <II = 1> <Delay = 1.00> <Adapter> <Opcode : 'read' 'write' 'readreq' 'writereq' 'writeresp'>
ST_109 : Operation 1050 [37/68] (7.30ns)   --->   "%gmem2_2_addr_resp = writeresp i1 @_ssdm_op_WriteResp.m_axi.i64P1A, i64 %gmem2_2_addr" [kernel.cpp:24]   --->   Operation 1050 'writeresp' 'gmem2_2_addr_resp' <Predicate = true> <Delay = 7.30> <CoreInst = "m_axi">   --->   Core 111 'm_axi' <Latency = 3> <II = 1> <Delay = 1.00> <Adapter> <Opcode : 'read' 'write' 'readreq' 'writereq' 'writeresp'>
ST_109 : Operation 1051 [37/68] (7.30ns)   --->   "%gmem2_3_addr_resp = writeresp i1 @_ssdm_op_WriteResp.m_axi.i64P1A, i64 %gmem2_3_addr" [kernel.cpp:24]   --->   Operation 1051 'writeresp' 'gmem2_3_addr_resp' <Predicate = true> <Delay = 7.30> <CoreInst = "m_axi">   --->   Core 111 'm_axi' <Latency = 3> <II = 1> <Delay = 1.00> <Adapter> <Opcode : 'read' 'write' 'readreq' 'writereq' 'writeresp'>

State 110 <SV = 109> <Delay = 7.30>
ST_110 : Operation 1052 [36/68] (7.30ns)   --->   "%gmem2_0_addr_resp = writeresp i1 @_ssdm_op_WriteResp.m_axi.i64P1A, i64 %gmem2_0_addr" [kernel.cpp:24]   --->   Operation 1052 'writeresp' 'gmem2_0_addr_resp' <Predicate = true> <Delay = 7.30> <CoreInst = "m_axi">   --->   Core 111 'm_axi' <Latency = 3> <II = 1> <Delay = 1.00> <Adapter> <Opcode : 'read' 'write' 'readreq' 'writereq' 'writeresp'>
ST_110 : Operation 1053 [36/68] (7.30ns)   --->   "%gmem2_1_addr_resp = writeresp i1 @_ssdm_op_WriteResp.m_axi.i64P1A, i64 %gmem2_1_addr" [kernel.cpp:24]   --->   Operation 1053 'writeresp' 'gmem2_1_addr_resp' <Predicate = true> <Delay = 7.30> <CoreInst = "m_axi">   --->   Core 111 'm_axi' <Latency = 3> <II = 1> <Delay = 1.00> <Adapter> <Opcode : 'read' 'write' 'readreq' 'writereq' 'writeresp'>
ST_110 : Operation 1054 [36/68] (7.30ns)   --->   "%gmem2_2_addr_resp = writeresp i1 @_ssdm_op_WriteResp.m_axi.i64P1A, i64 %gmem2_2_addr" [kernel.cpp:24]   --->   Operation 1054 'writeresp' 'gmem2_2_addr_resp' <Predicate = true> <Delay = 7.30> <CoreInst = "m_axi">   --->   Core 111 'm_axi' <Latency = 3> <II = 1> <Delay = 1.00> <Adapter> <Opcode : 'read' 'write' 'readreq' 'writereq' 'writeresp'>
ST_110 : Operation 1055 [36/68] (7.30ns)   --->   "%gmem2_3_addr_resp = writeresp i1 @_ssdm_op_WriteResp.m_axi.i64P1A, i64 %gmem2_3_addr" [kernel.cpp:24]   --->   Operation 1055 'writeresp' 'gmem2_3_addr_resp' <Predicate = true> <Delay = 7.30> <CoreInst = "m_axi">   --->   Core 111 'm_axi' <Latency = 3> <II = 1> <Delay = 1.00> <Adapter> <Opcode : 'read' 'write' 'readreq' 'writereq' 'writeresp'>

State 111 <SV = 110> <Delay = 7.30>
ST_111 : Operation 1056 [35/68] (7.30ns)   --->   "%gmem2_0_addr_resp = writeresp i1 @_ssdm_op_WriteResp.m_axi.i64P1A, i64 %gmem2_0_addr" [kernel.cpp:24]   --->   Operation 1056 'writeresp' 'gmem2_0_addr_resp' <Predicate = true> <Delay = 7.30> <CoreInst = "m_axi">   --->   Core 111 'm_axi' <Latency = 3> <II = 1> <Delay = 1.00> <Adapter> <Opcode : 'read' 'write' 'readreq' 'writereq' 'writeresp'>
ST_111 : Operation 1057 [35/68] (7.30ns)   --->   "%gmem2_1_addr_resp = writeresp i1 @_ssdm_op_WriteResp.m_axi.i64P1A, i64 %gmem2_1_addr" [kernel.cpp:24]   --->   Operation 1057 'writeresp' 'gmem2_1_addr_resp' <Predicate = true> <Delay = 7.30> <CoreInst = "m_axi">   --->   Core 111 'm_axi' <Latency = 3> <II = 1> <Delay = 1.00> <Adapter> <Opcode : 'read' 'write' 'readreq' 'writereq' 'writeresp'>
ST_111 : Operation 1058 [35/68] (7.30ns)   --->   "%gmem2_2_addr_resp = writeresp i1 @_ssdm_op_WriteResp.m_axi.i64P1A, i64 %gmem2_2_addr" [kernel.cpp:24]   --->   Operation 1058 'writeresp' 'gmem2_2_addr_resp' <Predicate = true> <Delay = 7.30> <CoreInst = "m_axi">   --->   Core 111 'm_axi' <Latency = 3> <II = 1> <Delay = 1.00> <Adapter> <Opcode : 'read' 'write' 'readreq' 'writereq' 'writeresp'>
ST_111 : Operation 1059 [35/68] (7.30ns)   --->   "%gmem2_3_addr_resp = writeresp i1 @_ssdm_op_WriteResp.m_axi.i64P1A, i64 %gmem2_3_addr" [kernel.cpp:24]   --->   Operation 1059 'writeresp' 'gmem2_3_addr_resp' <Predicate = true> <Delay = 7.30> <CoreInst = "m_axi">   --->   Core 111 'm_axi' <Latency = 3> <II = 1> <Delay = 1.00> <Adapter> <Opcode : 'read' 'write' 'readreq' 'writereq' 'writeresp'>

State 112 <SV = 111> <Delay = 7.30>
ST_112 : Operation 1060 [34/68] (7.30ns)   --->   "%gmem2_0_addr_resp = writeresp i1 @_ssdm_op_WriteResp.m_axi.i64P1A, i64 %gmem2_0_addr" [kernel.cpp:24]   --->   Operation 1060 'writeresp' 'gmem2_0_addr_resp' <Predicate = true> <Delay = 7.30> <CoreInst = "m_axi">   --->   Core 111 'm_axi' <Latency = 3> <II = 1> <Delay = 1.00> <Adapter> <Opcode : 'read' 'write' 'readreq' 'writereq' 'writeresp'>
ST_112 : Operation 1061 [34/68] (7.30ns)   --->   "%gmem2_1_addr_resp = writeresp i1 @_ssdm_op_WriteResp.m_axi.i64P1A, i64 %gmem2_1_addr" [kernel.cpp:24]   --->   Operation 1061 'writeresp' 'gmem2_1_addr_resp' <Predicate = true> <Delay = 7.30> <CoreInst = "m_axi">   --->   Core 111 'm_axi' <Latency = 3> <II = 1> <Delay = 1.00> <Adapter> <Opcode : 'read' 'write' 'readreq' 'writereq' 'writeresp'>
ST_112 : Operation 1062 [34/68] (7.30ns)   --->   "%gmem2_2_addr_resp = writeresp i1 @_ssdm_op_WriteResp.m_axi.i64P1A, i64 %gmem2_2_addr" [kernel.cpp:24]   --->   Operation 1062 'writeresp' 'gmem2_2_addr_resp' <Predicate = true> <Delay = 7.30> <CoreInst = "m_axi">   --->   Core 111 'm_axi' <Latency = 3> <II = 1> <Delay = 1.00> <Adapter> <Opcode : 'read' 'write' 'readreq' 'writereq' 'writeresp'>
ST_112 : Operation 1063 [34/68] (7.30ns)   --->   "%gmem2_3_addr_resp = writeresp i1 @_ssdm_op_WriteResp.m_axi.i64P1A, i64 %gmem2_3_addr" [kernel.cpp:24]   --->   Operation 1063 'writeresp' 'gmem2_3_addr_resp' <Predicate = true> <Delay = 7.30> <CoreInst = "m_axi">   --->   Core 111 'm_axi' <Latency = 3> <II = 1> <Delay = 1.00> <Adapter> <Opcode : 'read' 'write' 'readreq' 'writereq' 'writeresp'>

State 113 <SV = 112> <Delay = 7.30>
ST_113 : Operation 1064 [33/68] (7.30ns)   --->   "%gmem2_0_addr_resp = writeresp i1 @_ssdm_op_WriteResp.m_axi.i64P1A, i64 %gmem2_0_addr" [kernel.cpp:24]   --->   Operation 1064 'writeresp' 'gmem2_0_addr_resp' <Predicate = true> <Delay = 7.30> <CoreInst = "m_axi">   --->   Core 111 'm_axi' <Latency = 3> <II = 1> <Delay = 1.00> <Adapter> <Opcode : 'read' 'write' 'readreq' 'writereq' 'writeresp'>
ST_113 : Operation 1065 [33/68] (7.30ns)   --->   "%gmem2_1_addr_resp = writeresp i1 @_ssdm_op_WriteResp.m_axi.i64P1A, i64 %gmem2_1_addr" [kernel.cpp:24]   --->   Operation 1065 'writeresp' 'gmem2_1_addr_resp' <Predicate = true> <Delay = 7.30> <CoreInst = "m_axi">   --->   Core 111 'm_axi' <Latency = 3> <II = 1> <Delay = 1.00> <Adapter> <Opcode : 'read' 'write' 'readreq' 'writereq' 'writeresp'>
ST_113 : Operation 1066 [33/68] (7.30ns)   --->   "%gmem2_2_addr_resp = writeresp i1 @_ssdm_op_WriteResp.m_axi.i64P1A, i64 %gmem2_2_addr" [kernel.cpp:24]   --->   Operation 1066 'writeresp' 'gmem2_2_addr_resp' <Predicate = true> <Delay = 7.30> <CoreInst = "m_axi">   --->   Core 111 'm_axi' <Latency = 3> <II = 1> <Delay = 1.00> <Adapter> <Opcode : 'read' 'write' 'readreq' 'writereq' 'writeresp'>
ST_113 : Operation 1067 [33/68] (7.30ns)   --->   "%gmem2_3_addr_resp = writeresp i1 @_ssdm_op_WriteResp.m_axi.i64P1A, i64 %gmem2_3_addr" [kernel.cpp:24]   --->   Operation 1067 'writeresp' 'gmem2_3_addr_resp' <Predicate = true> <Delay = 7.30> <CoreInst = "m_axi">   --->   Core 111 'm_axi' <Latency = 3> <II = 1> <Delay = 1.00> <Adapter> <Opcode : 'read' 'write' 'readreq' 'writereq' 'writeresp'>

State 114 <SV = 113> <Delay = 7.30>
ST_114 : Operation 1068 [32/68] (7.30ns)   --->   "%gmem2_0_addr_resp = writeresp i1 @_ssdm_op_WriteResp.m_axi.i64P1A, i64 %gmem2_0_addr" [kernel.cpp:24]   --->   Operation 1068 'writeresp' 'gmem2_0_addr_resp' <Predicate = true> <Delay = 7.30> <CoreInst = "m_axi">   --->   Core 111 'm_axi' <Latency = 3> <II = 1> <Delay = 1.00> <Adapter> <Opcode : 'read' 'write' 'readreq' 'writereq' 'writeresp'>
ST_114 : Operation 1069 [32/68] (7.30ns)   --->   "%gmem2_1_addr_resp = writeresp i1 @_ssdm_op_WriteResp.m_axi.i64P1A, i64 %gmem2_1_addr" [kernel.cpp:24]   --->   Operation 1069 'writeresp' 'gmem2_1_addr_resp' <Predicate = true> <Delay = 7.30> <CoreInst = "m_axi">   --->   Core 111 'm_axi' <Latency = 3> <II = 1> <Delay = 1.00> <Adapter> <Opcode : 'read' 'write' 'readreq' 'writereq' 'writeresp'>
ST_114 : Operation 1070 [32/68] (7.30ns)   --->   "%gmem2_2_addr_resp = writeresp i1 @_ssdm_op_WriteResp.m_axi.i64P1A, i64 %gmem2_2_addr" [kernel.cpp:24]   --->   Operation 1070 'writeresp' 'gmem2_2_addr_resp' <Predicate = true> <Delay = 7.30> <CoreInst = "m_axi">   --->   Core 111 'm_axi' <Latency = 3> <II = 1> <Delay = 1.00> <Adapter> <Opcode : 'read' 'write' 'readreq' 'writereq' 'writeresp'>
ST_114 : Operation 1071 [32/68] (7.30ns)   --->   "%gmem2_3_addr_resp = writeresp i1 @_ssdm_op_WriteResp.m_axi.i64P1A, i64 %gmem2_3_addr" [kernel.cpp:24]   --->   Operation 1071 'writeresp' 'gmem2_3_addr_resp' <Predicate = true> <Delay = 7.30> <CoreInst = "m_axi">   --->   Core 111 'm_axi' <Latency = 3> <II = 1> <Delay = 1.00> <Adapter> <Opcode : 'read' 'write' 'readreq' 'writereq' 'writeresp'>

State 115 <SV = 114> <Delay = 7.30>
ST_115 : Operation 1072 [31/68] (7.30ns)   --->   "%gmem2_0_addr_resp = writeresp i1 @_ssdm_op_WriteResp.m_axi.i64P1A, i64 %gmem2_0_addr" [kernel.cpp:24]   --->   Operation 1072 'writeresp' 'gmem2_0_addr_resp' <Predicate = true> <Delay = 7.30> <CoreInst = "m_axi">   --->   Core 111 'm_axi' <Latency = 3> <II = 1> <Delay = 1.00> <Adapter> <Opcode : 'read' 'write' 'readreq' 'writereq' 'writeresp'>
ST_115 : Operation 1073 [31/68] (7.30ns)   --->   "%gmem2_1_addr_resp = writeresp i1 @_ssdm_op_WriteResp.m_axi.i64P1A, i64 %gmem2_1_addr" [kernel.cpp:24]   --->   Operation 1073 'writeresp' 'gmem2_1_addr_resp' <Predicate = true> <Delay = 7.30> <CoreInst = "m_axi">   --->   Core 111 'm_axi' <Latency = 3> <II = 1> <Delay = 1.00> <Adapter> <Opcode : 'read' 'write' 'readreq' 'writereq' 'writeresp'>
ST_115 : Operation 1074 [31/68] (7.30ns)   --->   "%gmem2_2_addr_resp = writeresp i1 @_ssdm_op_WriteResp.m_axi.i64P1A, i64 %gmem2_2_addr" [kernel.cpp:24]   --->   Operation 1074 'writeresp' 'gmem2_2_addr_resp' <Predicate = true> <Delay = 7.30> <CoreInst = "m_axi">   --->   Core 111 'm_axi' <Latency = 3> <II = 1> <Delay = 1.00> <Adapter> <Opcode : 'read' 'write' 'readreq' 'writereq' 'writeresp'>
ST_115 : Operation 1075 [31/68] (7.30ns)   --->   "%gmem2_3_addr_resp = writeresp i1 @_ssdm_op_WriteResp.m_axi.i64P1A, i64 %gmem2_3_addr" [kernel.cpp:24]   --->   Operation 1075 'writeresp' 'gmem2_3_addr_resp' <Predicate = true> <Delay = 7.30> <CoreInst = "m_axi">   --->   Core 111 'm_axi' <Latency = 3> <II = 1> <Delay = 1.00> <Adapter> <Opcode : 'read' 'write' 'readreq' 'writereq' 'writeresp'>

State 116 <SV = 115> <Delay = 7.30>
ST_116 : Operation 1076 [30/68] (7.30ns)   --->   "%gmem2_0_addr_resp = writeresp i1 @_ssdm_op_WriteResp.m_axi.i64P1A, i64 %gmem2_0_addr" [kernel.cpp:24]   --->   Operation 1076 'writeresp' 'gmem2_0_addr_resp' <Predicate = true> <Delay = 7.30> <CoreInst = "m_axi">   --->   Core 111 'm_axi' <Latency = 3> <II = 1> <Delay = 1.00> <Adapter> <Opcode : 'read' 'write' 'readreq' 'writereq' 'writeresp'>
ST_116 : Operation 1077 [30/68] (7.30ns)   --->   "%gmem2_1_addr_resp = writeresp i1 @_ssdm_op_WriteResp.m_axi.i64P1A, i64 %gmem2_1_addr" [kernel.cpp:24]   --->   Operation 1077 'writeresp' 'gmem2_1_addr_resp' <Predicate = true> <Delay = 7.30> <CoreInst = "m_axi">   --->   Core 111 'm_axi' <Latency = 3> <II = 1> <Delay = 1.00> <Adapter> <Opcode : 'read' 'write' 'readreq' 'writereq' 'writeresp'>
ST_116 : Operation 1078 [30/68] (7.30ns)   --->   "%gmem2_2_addr_resp = writeresp i1 @_ssdm_op_WriteResp.m_axi.i64P1A, i64 %gmem2_2_addr" [kernel.cpp:24]   --->   Operation 1078 'writeresp' 'gmem2_2_addr_resp' <Predicate = true> <Delay = 7.30> <CoreInst = "m_axi">   --->   Core 111 'm_axi' <Latency = 3> <II = 1> <Delay = 1.00> <Adapter> <Opcode : 'read' 'write' 'readreq' 'writereq' 'writeresp'>
ST_116 : Operation 1079 [30/68] (7.30ns)   --->   "%gmem2_3_addr_resp = writeresp i1 @_ssdm_op_WriteResp.m_axi.i64P1A, i64 %gmem2_3_addr" [kernel.cpp:24]   --->   Operation 1079 'writeresp' 'gmem2_3_addr_resp' <Predicate = true> <Delay = 7.30> <CoreInst = "m_axi">   --->   Core 111 'm_axi' <Latency = 3> <II = 1> <Delay = 1.00> <Adapter> <Opcode : 'read' 'write' 'readreq' 'writereq' 'writeresp'>

State 117 <SV = 116> <Delay = 7.30>
ST_117 : Operation 1080 [29/68] (7.30ns)   --->   "%gmem2_0_addr_resp = writeresp i1 @_ssdm_op_WriteResp.m_axi.i64P1A, i64 %gmem2_0_addr" [kernel.cpp:24]   --->   Operation 1080 'writeresp' 'gmem2_0_addr_resp' <Predicate = true> <Delay = 7.30> <CoreInst = "m_axi">   --->   Core 111 'm_axi' <Latency = 3> <II = 1> <Delay = 1.00> <Adapter> <Opcode : 'read' 'write' 'readreq' 'writereq' 'writeresp'>
ST_117 : Operation 1081 [29/68] (7.30ns)   --->   "%gmem2_1_addr_resp = writeresp i1 @_ssdm_op_WriteResp.m_axi.i64P1A, i64 %gmem2_1_addr" [kernel.cpp:24]   --->   Operation 1081 'writeresp' 'gmem2_1_addr_resp' <Predicate = true> <Delay = 7.30> <CoreInst = "m_axi">   --->   Core 111 'm_axi' <Latency = 3> <II = 1> <Delay = 1.00> <Adapter> <Opcode : 'read' 'write' 'readreq' 'writereq' 'writeresp'>
ST_117 : Operation 1082 [29/68] (7.30ns)   --->   "%gmem2_2_addr_resp = writeresp i1 @_ssdm_op_WriteResp.m_axi.i64P1A, i64 %gmem2_2_addr" [kernel.cpp:24]   --->   Operation 1082 'writeresp' 'gmem2_2_addr_resp' <Predicate = true> <Delay = 7.30> <CoreInst = "m_axi">   --->   Core 111 'm_axi' <Latency = 3> <II = 1> <Delay = 1.00> <Adapter> <Opcode : 'read' 'write' 'readreq' 'writereq' 'writeresp'>
ST_117 : Operation 1083 [29/68] (7.30ns)   --->   "%gmem2_3_addr_resp = writeresp i1 @_ssdm_op_WriteResp.m_axi.i64P1A, i64 %gmem2_3_addr" [kernel.cpp:24]   --->   Operation 1083 'writeresp' 'gmem2_3_addr_resp' <Predicate = true> <Delay = 7.30> <CoreInst = "m_axi">   --->   Core 111 'm_axi' <Latency = 3> <II = 1> <Delay = 1.00> <Adapter> <Opcode : 'read' 'write' 'readreq' 'writereq' 'writeresp'>

State 118 <SV = 117> <Delay = 7.30>
ST_118 : Operation 1084 [28/68] (7.30ns)   --->   "%gmem2_0_addr_resp = writeresp i1 @_ssdm_op_WriteResp.m_axi.i64P1A, i64 %gmem2_0_addr" [kernel.cpp:24]   --->   Operation 1084 'writeresp' 'gmem2_0_addr_resp' <Predicate = true> <Delay = 7.30> <CoreInst = "m_axi">   --->   Core 111 'm_axi' <Latency = 3> <II = 1> <Delay = 1.00> <Adapter> <Opcode : 'read' 'write' 'readreq' 'writereq' 'writeresp'>
ST_118 : Operation 1085 [28/68] (7.30ns)   --->   "%gmem2_1_addr_resp = writeresp i1 @_ssdm_op_WriteResp.m_axi.i64P1A, i64 %gmem2_1_addr" [kernel.cpp:24]   --->   Operation 1085 'writeresp' 'gmem2_1_addr_resp' <Predicate = true> <Delay = 7.30> <CoreInst = "m_axi">   --->   Core 111 'm_axi' <Latency = 3> <II = 1> <Delay = 1.00> <Adapter> <Opcode : 'read' 'write' 'readreq' 'writereq' 'writeresp'>
ST_118 : Operation 1086 [28/68] (7.30ns)   --->   "%gmem2_2_addr_resp = writeresp i1 @_ssdm_op_WriteResp.m_axi.i64P1A, i64 %gmem2_2_addr" [kernel.cpp:24]   --->   Operation 1086 'writeresp' 'gmem2_2_addr_resp' <Predicate = true> <Delay = 7.30> <CoreInst = "m_axi">   --->   Core 111 'm_axi' <Latency = 3> <II = 1> <Delay = 1.00> <Adapter> <Opcode : 'read' 'write' 'readreq' 'writereq' 'writeresp'>
ST_118 : Operation 1087 [28/68] (7.30ns)   --->   "%gmem2_3_addr_resp = writeresp i1 @_ssdm_op_WriteResp.m_axi.i64P1A, i64 %gmem2_3_addr" [kernel.cpp:24]   --->   Operation 1087 'writeresp' 'gmem2_3_addr_resp' <Predicate = true> <Delay = 7.30> <CoreInst = "m_axi">   --->   Core 111 'm_axi' <Latency = 3> <II = 1> <Delay = 1.00> <Adapter> <Opcode : 'read' 'write' 'readreq' 'writereq' 'writeresp'>

State 119 <SV = 118> <Delay = 7.30>
ST_119 : Operation 1088 [27/68] (7.30ns)   --->   "%gmem2_0_addr_resp = writeresp i1 @_ssdm_op_WriteResp.m_axi.i64P1A, i64 %gmem2_0_addr" [kernel.cpp:24]   --->   Operation 1088 'writeresp' 'gmem2_0_addr_resp' <Predicate = true> <Delay = 7.30> <CoreInst = "m_axi">   --->   Core 111 'm_axi' <Latency = 3> <II = 1> <Delay = 1.00> <Adapter> <Opcode : 'read' 'write' 'readreq' 'writereq' 'writeresp'>
ST_119 : Operation 1089 [27/68] (7.30ns)   --->   "%gmem2_1_addr_resp = writeresp i1 @_ssdm_op_WriteResp.m_axi.i64P1A, i64 %gmem2_1_addr" [kernel.cpp:24]   --->   Operation 1089 'writeresp' 'gmem2_1_addr_resp' <Predicate = true> <Delay = 7.30> <CoreInst = "m_axi">   --->   Core 111 'm_axi' <Latency = 3> <II = 1> <Delay = 1.00> <Adapter> <Opcode : 'read' 'write' 'readreq' 'writereq' 'writeresp'>
ST_119 : Operation 1090 [27/68] (7.30ns)   --->   "%gmem2_2_addr_resp = writeresp i1 @_ssdm_op_WriteResp.m_axi.i64P1A, i64 %gmem2_2_addr" [kernel.cpp:24]   --->   Operation 1090 'writeresp' 'gmem2_2_addr_resp' <Predicate = true> <Delay = 7.30> <CoreInst = "m_axi">   --->   Core 111 'm_axi' <Latency = 3> <II = 1> <Delay = 1.00> <Adapter> <Opcode : 'read' 'write' 'readreq' 'writereq' 'writeresp'>
ST_119 : Operation 1091 [27/68] (7.30ns)   --->   "%gmem2_3_addr_resp = writeresp i1 @_ssdm_op_WriteResp.m_axi.i64P1A, i64 %gmem2_3_addr" [kernel.cpp:24]   --->   Operation 1091 'writeresp' 'gmem2_3_addr_resp' <Predicate = true> <Delay = 7.30> <CoreInst = "m_axi">   --->   Core 111 'm_axi' <Latency = 3> <II = 1> <Delay = 1.00> <Adapter> <Opcode : 'read' 'write' 'readreq' 'writereq' 'writeresp'>

State 120 <SV = 119> <Delay = 7.30>
ST_120 : Operation 1092 [26/68] (7.30ns)   --->   "%gmem2_0_addr_resp = writeresp i1 @_ssdm_op_WriteResp.m_axi.i64P1A, i64 %gmem2_0_addr" [kernel.cpp:24]   --->   Operation 1092 'writeresp' 'gmem2_0_addr_resp' <Predicate = true> <Delay = 7.30> <CoreInst = "m_axi">   --->   Core 111 'm_axi' <Latency = 3> <II = 1> <Delay = 1.00> <Adapter> <Opcode : 'read' 'write' 'readreq' 'writereq' 'writeresp'>
ST_120 : Operation 1093 [26/68] (7.30ns)   --->   "%gmem2_1_addr_resp = writeresp i1 @_ssdm_op_WriteResp.m_axi.i64P1A, i64 %gmem2_1_addr" [kernel.cpp:24]   --->   Operation 1093 'writeresp' 'gmem2_1_addr_resp' <Predicate = true> <Delay = 7.30> <CoreInst = "m_axi">   --->   Core 111 'm_axi' <Latency = 3> <II = 1> <Delay = 1.00> <Adapter> <Opcode : 'read' 'write' 'readreq' 'writereq' 'writeresp'>
ST_120 : Operation 1094 [26/68] (7.30ns)   --->   "%gmem2_2_addr_resp = writeresp i1 @_ssdm_op_WriteResp.m_axi.i64P1A, i64 %gmem2_2_addr" [kernel.cpp:24]   --->   Operation 1094 'writeresp' 'gmem2_2_addr_resp' <Predicate = true> <Delay = 7.30> <CoreInst = "m_axi">   --->   Core 111 'm_axi' <Latency = 3> <II = 1> <Delay = 1.00> <Adapter> <Opcode : 'read' 'write' 'readreq' 'writereq' 'writeresp'>
ST_120 : Operation 1095 [26/68] (7.30ns)   --->   "%gmem2_3_addr_resp = writeresp i1 @_ssdm_op_WriteResp.m_axi.i64P1A, i64 %gmem2_3_addr" [kernel.cpp:24]   --->   Operation 1095 'writeresp' 'gmem2_3_addr_resp' <Predicate = true> <Delay = 7.30> <CoreInst = "m_axi">   --->   Core 111 'm_axi' <Latency = 3> <II = 1> <Delay = 1.00> <Adapter> <Opcode : 'read' 'write' 'readreq' 'writereq' 'writeresp'>

State 121 <SV = 120> <Delay = 7.30>
ST_121 : Operation 1096 [25/68] (7.30ns)   --->   "%gmem2_0_addr_resp = writeresp i1 @_ssdm_op_WriteResp.m_axi.i64P1A, i64 %gmem2_0_addr" [kernel.cpp:24]   --->   Operation 1096 'writeresp' 'gmem2_0_addr_resp' <Predicate = true> <Delay = 7.30> <CoreInst = "m_axi">   --->   Core 111 'm_axi' <Latency = 3> <II = 1> <Delay = 1.00> <Adapter> <Opcode : 'read' 'write' 'readreq' 'writereq' 'writeresp'>
ST_121 : Operation 1097 [25/68] (7.30ns)   --->   "%gmem2_1_addr_resp = writeresp i1 @_ssdm_op_WriteResp.m_axi.i64P1A, i64 %gmem2_1_addr" [kernel.cpp:24]   --->   Operation 1097 'writeresp' 'gmem2_1_addr_resp' <Predicate = true> <Delay = 7.30> <CoreInst = "m_axi">   --->   Core 111 'm_axi' <Latency = 3> <II = 1> <Delay = 1.00> <Adapter> <Opcode : 'read' 'write' 'readreq' 'writereq' 'writeresp'>
ST_121 : Operation 1098 [25/68] (7.30ns)   --->   "%gmem2_2_addr_resp = writeresp i1 @_ssdm_op_WriteResp.m_axi.i64P1A, i64 %gmem2_2_addr" [kernel.cpp:24]   --->   Operation 1098 'writeresp' 'gmem2_2_addr_resp' <Predicate = true> <Delay = 7.30> <CoreInst = "m_axi">   --->   Core 111 'm_axi' <Latency = 3> <II = 1> <Delay = 1.00> <Adapter> <Opcode : 'read' 'write' 'readreq' 'writereq' 'writeresp'>
ST_121 : Operation 1099 [25/68] (7.30ns)   --->   "%gmem2_3_addr_resp = writeresp i1 @_ssdm_op_WriteResp.m_axi.i64P1A, i64 %gmem2_3_addr" [kernel.cpp:24]   --->   Operation 1099 'writeresp' 'gmem2_3_addr_resp' <Predicate = true> <Delay = 7.30> <CoreInst = "m_axi">   --->   Core 111 'm_axi' <Latency = 3> <II = 1> <Delay = 1.00> <Adapter> <Opcode : 'read' 'write' 'readreq' 'writereq' 'writeresp'>

State 122 <SV = 121> <Delay = 7.30>
ST_122 : Operation 1100 [24/68] (7.30ns)   --->   "%gmem2_0_addr_resp = writeresp i1 @_ssdm_op_WriteResp.m_axi.i64P1A, i64 %gmem2_0_addr" [kernel.cpp:24]   --->   Operation 1100 'writeresp' 'gmem2_0_addr_resp' <Predicate = true> <Delay = 7.30> <CoreInst = "m_axi">   --->   Core 111 'm_axi' <Latency = 3> <II = 1> <Delay = 1.00> <Adapter> <Opcode : 'read' 'write' 'readreq' 'writereq' 'writeresp'>
ST_122 : Operation 1101 [24/68] (7.30ns)   --->   "%gmem2_1_addr_resp = writeresp i1 @_ssdm_op_WriteResp.m_axi.i64P1A, i64 %gmem2_1_addr" [kernel.cpp:24]   --->   Operation 1101 'writeresp' 'gmem2_1_addr_resp' <Predicate = true> <Delay = 7.30> <CoreInst = "m_axi">   --->   Core 111 'm_axi' <Latency = 3> <II = 1> <Delay = 1.00> <Adapter> <Opcode : 'read' 'write' 'readreq' 'writereq' 'writeresp'>
ST_122 : Operation 1102 [24/68] (7.30ns)   --->   "%gmem2_2_addr_resp = writeresp i1 @_ssdm_op_WriteResp.m_axi.i64P1A, i64 %gmem2_2_addr" [kernel.cpp:24]   --->   Operation 1102 'writeresp' 'gmem2_2_addr_resp' <Predicate = true> <Delay = 7.30> <CoreInst = "m_axi">   --->   Core 111 'm_axi' <Latency = 3> <II = 1> <Delay = 1.00> <Adapter> <Opcode : 'read' 'write' 'readreq' 'writereq' 'writeresp'>
ST_122 : Operation 1103 [24/68] (7.30ns)   --->   "%gmem2_3_addr_resp = writeresp i1 @_ssdm_op_WriteResp.m_axi.i64P1A, i64 %gmem2_3_addr" [kernel.cpp:24]   --->   Operation 1103 'writeresp' 'gmem2_3_addr_resp' <Predicate = true> <Delay = 7.30> <CoreInst = "m_axi">   --->   Core 111 'm_axi' <Latency = 3> <II = 1> <Delay = 1.00> <Adapter> <Opcode : 'read' 'write' 'readreq' 'writereq' 'writeresp'>

State 123 <SV = 122> <Delay = 7.30>
ST_123 : Operation 1104 [23/68] (7.30ns)   --->   "%gmem2_0_addr_resp = writeresp i1 @_ssdm_op_WriteResp.m_axi.i64P1A, i64 %gmem2_0_addr" [kernel.cpp:24]   --->   Operation 1104 'writeresp' 'gmem2_0_addr_resp' <Predicate = true> <Delay = 7.30> <CoreInst = "m_axi">   --->   Core 111 'm_axi' <Latency = 3> <II = 1> <Delay = 1.00> <Adapter> <Opcode : 'read' 'write' 'readreq' 'writereq' 'writeresp'>
ST_123 : Operation 1105 [23/68] (7.30ns)   --->   "%gmem2_1_addr_resp = writeresp i1 @_ssdm_op_WriteResp.m_axi.i64P1A, i64 %gmem2_1_addr" [kernel.cpp:24]   --->   Operation 1105 'writeresp' 'gmem2_1_addr_resp' <Predicate = true> <Delay = 7.30> <CoreInst = "m_axi">   --->   Core 111 'm_axi' <Latency = 3> <II = 1> <Delay = 1.00> <Adapter> <Opcode : 'read' 'write' 'readreq' 'writereq' 'writeresp'>
ST_123 : Operation 1106 [23/68] (7.30ns)   --->   "%gmem2_2_addr_resp = writeresp i1 @_ssdm_op_WriteResp.m_axi.i64P1A, i64 %gmem2_2_addr" [kernel.cpp:24]   --->   Operation 1106 'writeresp' 'gmem2_2_addr_resp' <Predicate = true> <Delay = 7.30> <CoreInst = "m_axi">   --->   Core 111 'm_axi' <Latency = 3> <II = 1> <Delay = 1.00> <Adapter> <Opcode : 'read' 'write' 'readreq' 'writereq' 'writeresp'>
ST_123 : Operation 1107 [23/68] (7.30ns)   --->   "%gmem2_3_addr_resp = writeresp i1 @_ssdm_op_WriteResp.m_axi.i64P1A, i64 %gmem2_3_addr" [kernel.cpp:24]   --->   Operation 1107 'writeresp' 'gmem2_3_addr_resp' <Predicate = true> <Delay = 7.30> <CoreInst = "m_axi">   --->   Core 111 'm_axi' <Latency = 3> <II = 1> <Delay = 1.00> <Adapter> <Opcode : 'read' 'write' 'readreq' 'writereq' 'writeresp'>

State 124 <SV = 123> <Delay = 7.30>
ST_124 : Operation 1108 [22/68] (7.30ns)   --->   "%gmem2_0_addr_resp = writeresp i1 @_ssdm_op_WriteResp.m_axi.i64P1A, i64 %gmem2_0_addr" [kernel.cpp:24]   --->   Operation 1108 'writeresp' 'gmem2_0_addr_resp' <Predicate = true> <Delay = 7.30> <CoreInst = "m_axi">   --->   Core 111 'm_axi' <Latency = 3> <II = 1> <Delay = 1.00> <Adapter> <Opcode : 'read' 'write' 'readreq' 'writereq' 'writeresp'>
ST_124 : Operation 1109 [22/68] (7.30ns)   --->   "%gmem2_1_addr_resp = writeresp i1 @_ssdm_op_WriteResp.m_axi.i64P1A, i64 %gmem2_1_addr" [kernel.cpp:24]   --->   Operation 1109 'writeresp' 'gmem2_1_addr_resp' <Predicate = true> <Delay = 7.30> <CoreInst = "m_axi">   --->   Core 111 'm_axi' <Latency = 3> <II = 1> <Delay = 1.00> <Adapter> <Opcode : 'read' 'write' 'readreq' 'writereq' 'writeresp'>
ST_124 : Operation 1110 [22/68] (7.30ns)   --->   "%gmem2_2_addr_resp = writeresp i1 @_ssdm_op_WriteResp.m_axi.i64P1A, i64 %gmem2_2_addr" [kernel.cpp:24]   --->   Operation 1110 'writeresp' 'gmem2_2_addr_resp' <Predicate = true> <Delay = 7.30> <CoreInst = "m_axi">   --->   Core 111 'm_axi' <Latency = 3> <II = 1> <Delay = 1.00> <Adapter> <Opcode : 'read' 'write' 'readreq' 'writereq' 'writeresp'>
ST_124 : Operation 1111 [22/68] (7.30ns)   --->   "%gmem2_3_addr_resp = writeresp i1 @_ssdm_op_WriteResp.m_axi.i64P1A, i64 %gmem2_3_addr" [kernel.cpp:24]   --->   Operation 1111 'writeresp' 'gmem2_3_addr_resp' <Predicate = true> <Delay = 7.30> <CoreInst = "m_axi">   --->   Core 111 'm_axi' <Latency = 3> <II = 1> <Delay = 1.00> <Adapter> <Opcode : 'read' 'write' 'readreq' 'writereq' 'writeresp'>

State 125 <SV = 124> <Delay = 7.30>
ST_125 : Operation 1112 [21/68] (7.30ns)   --->   "%gmem2_0_addr_resp = writeresp i1 @_ssdm_op_WriteResp.m_axi.i64P1A, i64 %gmem2_0_addr" [kernel.cpp:24]   --->   Operation 1112 'writeresp' 'gmem2_0_addr_resp' <Predicate = true> <Delay = 7.30> <CoreInst = "m_axi">   --->   Core 111 'm_axi' <Latency = 3> <II = 1> <Delay = 1.00> <Adapter> <Opcode : 'read' 'write' 'readreq' 'writereq' 'writeresp'>
ST_125 : Operation 1113 [21/68] (7.30ns)   --->   "%gmem2_1_addr_resp = writeresp i1 @_ssdm_op_WriteResp.m_axi.i64P1A, i64 %gmem2_1_addr" [kernel.cpp:24]   --->   Operation 1113 'writeresp' 'gmem2_1_addr_resp' <Predicate = true> <Delay = 7.30> <CoreInst = "m_axi">   --->   Core 111 'm_axi' <Latency = 3> <II = 1> <Delay = 1.00> <Adapter> <Opcode : 'read' 'write' 'readreq' 'writereq' 'writeresp'>
ST_125 : Operation 1114 [21/68] (7.30ns)   --->   "%gmem2_2_addr_resp = writeresp i1 @_ssdm_op_WriteResp.m_axi.i64P1A, i64 %gmem2_2_addr" [kernel.cpp:24]   --->   Operation 1114 'writeresp' 'gmem2_2_addr_resp' <Predicate = true> <Delay = 7.30> <CoreInst = "m_axi">   --->   Core 111 'm_axi' <Latency = 3> <II = 1> <Delay = 1.00> <Adapter> <Opcode : 'read' 'write' 'readreq' 'writereq' 'writeresp'>
ST_125 : Operation 1115 [21/68] (7.30ns)   --->   "%gmem2_3_addr_resp = writeresp i1 @_ssdm_op_WriteResp.m_axi.i64P1A, i64 %gmem2_3_addr" [kernel.cpp:24]   --->   Operation 1115 'writeresp' 'gmem2_3_addr_resp' <Predicate = true> <Delay = 7.30> <CoreInst = "m_axi">   --->   Core 111 'm_axi' <Latency = 3> <II = 1> <Delay = 1.00> <Adapter> <Opcode : 'read' 'write' 'readreq' 'writereq' 'writeresp'>

State 126 <SV = 125> <Delay = 7.30>
ST_126 : Operation 1116 [20/68] (7.30ns)   --->   "%gmem2_0_addr_resp = writeresp i1 @_ssdm_op_WriteResp.m_axi.i64P1A, i64 %gmem2_0_addr" [kernel.cpp:24]   --->   Operation 1116 'writeresp' 'gmem2_0_addr_resp' <Predicate = true> <Delay = 7.30> <CoreInst = "m_axi">   --->   Core 111 'm_axi' <Latency = 3> <II = 1> <Delay = 1.00> <Adapter> <Opcode : 'read' 'write' 'readreq' 'writereq' 'writeresp'>
ST_126 : Operation 1117 [20/68] (7.30ns)   --->   "%gmem2_1_addr_resp = writeresp i1 @_ssdm_op_WriteResp.m_axi.i64P1A, i64 %gmem2_1_addr" [kernel.cpp:24]   --->   Operation 1117 'writeresp' 'gmem2_1_addr_resp' <Predicate = true> <Delay = 7.30> <CoreInst = "m_axi">   --->   Core 111 'm_axi' <Latency = 3> <II = 1> <Delay = 1.00> <Adapter> <Opcode : 'read' 'write' 'readreq' 'writereq' 'writeresp'>
ST_126 : Operation 1118 [20/68] (7.30ns)   --->   "%gmem2_2_addr_resp = writeresp i1 @_ssdm_op_WriteResp.m_axi.i64P1A, i64 %gmem2_2_addr" [kernel.cpp:24]   --->   Operation 1118 'writeresp' 'gmem2_2_addr_resp' <Predicate = true> <Delay = 7.30> <CoreInst = "m_axi">   --->   Core 111 'm_axi' <Latency = 3> <II = 1> <Delay = 1.00> <Adapter> <Opcode : 'read' 'write' 'readreq' 'writereq' 'writeresp'>
ST_126 : Operation 1119 [20/68] (7.30ns)   --->   "%gmem2_3_addr_resp = writeresp i1 @_ssdm_op_WriteResp.m_axi.i64P1A, i64 %gmem2_3_addr" [kernel.cpp:24]   --->   Operation 1119 'writeresp' 'gmem2_3_addr_resp' <Predicate = true> <Delay = 7.30> <CoreInst = "m_axi">   --->   Core 111 'm_axi' <Latency = 3> <II = 1> <Delay = 1.00> <Adapter> <Opcode : 'read' 'write' 'readreq' 'writereq' 'writeresp'>

State 127 <SV = 126> <Delay = 7.30>
ST_127 : Operation 1120 [19/68] (7.30ns)   --->   "%gmem2_0_addr_resp = writeresp i1 @_ssdm_op_WriteResp.m_axi.i64P1A, i64 %gmem2_0_addr" [kernel.cpp:24]   --->   Operation 1120 'writeresp' 'gmem2_0_addr_resp' <Predicate = true> <Delay = 7.30> <CoreInst = "m_axi">   --->   Core 111 'm_axi' <Latency = 3> <II = 1> <Delay = 1.00> <Adapter> <Opcode : 'read' 'write' 'readreq' 'writereq' 'writeresp'>
ST_127 : Operation 1121 [19/68] (7.30ns)   --->   "%gmem2_1_addr_resp = writeresp i1 @_ssdm_op_WriteResp.m_axi.i64P1A, i64 %gmem2_1_addr" [kernel.cpp:24]   --->   Operation 1121 'writeresp' 'gmem2_1_addr_resp' <Predicate = true> <Delay = 7.30> <CoreInst = "m_axi">   --->   Core 111 'm_axi' <Latency = 3> <II = 1> <Delay = 1.00> <Adapter> <Opcode : 'read' 'write' 'readreq' 'writereq' 'writeresp'>
ST_127 : Operation 1122 [19/68] (7.30ns)   --->   "%gmem2_2_addr_resp = writeresp i1 @_ssdm_op_WriteResp.m_axi.i64P1A, i64 %gmem2_2_addr" [kernel.cpp:24]   --->   Operation 1122 'writeresp' 'gmem2_2_addr_resp' <Predicate = true> <Delay = 7.30> <CoreInst = "m_axi">   --->   Core 111 'm_axi' <Latency = 3> <II = 1> <Delay = 1.00> <Adapter> <Opcode : 'read' 'write' 'readreq' 'writereq' 'writeresp'>
ST_127 : Operation 1123 [19/68] (7.30ns)   --->   "%gmem2_3_addr_resp = writeresp i1 @_ssdm_op_WriteResp.m_axi.i64P1A, i64 %gmem2_3_addr" [kernel.cpp:24]   --->   Operation 1123 'writeresp' 'gmem2_3_addr_resp' <Predicate = true> <Delay = 7.30> <CoreInst = "m_axi">   --->   Core 111 'm_axi' <Latency = 3> <II = 1> <Delay = 1.00> <Adapter> <Opcode : 'read' 'write' 'readreq' 'writereq' 'writeresp'>

State 128 <SV = 127> <Delay = 7.30>
ST_128 : Operation 1124 [18/68] (7.30ns)   --->   "%gmem2_0_addr_resp = writeresp i1 @_ssdm_op_WriteResp.m_axi.i64P1A, i64 %gmem2_0_addr" [kernel.cpp:24]   --->   Operation 1124 'writeresp' 'gmem2_0_addr_resp' <Predicate = true> <Delay = 7.30> <CoreInst = "m_axi">   --->   Core 111 'm_axi' <Latency = 3> <II = 1> <Delay = 1.00> <Adapter> <Opcode : 'read' 'write' 'readreq' 'writereq' 'writeresp'>
ST_128 : Operation 1125 [18/68] (7.30ns)   --->   "%gmem2_1_addr_resp = writeresp i1 @_ssdm_op_WriteResp.m_axi.i64P1A, i64 %gmem2_1_addr" [kernel.cpp:24]   --->   Operation 1125 'writeresp' 'gmem2_1_addr_resp' <Predicate = true> <Delay = 7.30> <CoreInst = "m_axi">   --->   Core 111 'm_axi' <Latency = 3> <II = 1> <Delay = 1.00> <Adapter> <Opcode : 'read' 'write' 'readreq' 'writereq' 'writeresp'>
ST_128 : Operation 1126 [18/68] (7.30ns)   --->   "%gmem2_2_addr_resp = writeresp i1 @_ssdm_op_WriteResp.m_axi.i64P1A, i64 %gmem2_2_addr" [kernel.cpp:24]   --->   Operation 1126 'writeresp' 'gmem2_2_addr_resp' <Predicate = true> <Delay = 7.30> <CoreInst = "m_axi">   --->   Core 111 'm_axi' <Latency = 3> <II = 1> <Delay = 1.00> <Adapter> <Opcode : 'read' 'write' 'readreq' 'writereq' 'writeresp'>
ST_128 : Operation 1127 [18/68] (7.30ns)   --->   "%gmem2_3_addr_resp = writeresp i1 @_ssdm_op_WriteResp.m_axi.i64P1A, i64 %gmem2_3_addr" [kernel.cpp:24]   --->   Operation 1127 'writeresp' 'gmem2_3_addr_resp' <Predicate = true> <Delay = 7.30> <CoreInst = "m_axi">   --->   Core 111 'm_axi' <Latency = 3> <II = 1> <Delay = 1.00> <Adapter> <Opcode : 'read' 'write' 'readreq' 'writereq' 'writeresp'>

State 129 <SV = 128> <Delay = 7.30>
ST_129 : Operation 1128 [17/68] (7.30ns)   --->   "%gmem2_0_addr_resp = writeresp i1 @_ssdm_op_WriteResp.m_axi.i64P1A, i64 %gmem2_0_addr" [kernel.cpp:24]   --->   Operation 1128 'writeresp' 'gmem2_0_addr_resp' <Predicate = true> <Delay = 7.30> <CoreInst = "m_axi">   --->   Core 111 'm_axi' <Latency = 3> <II = 1> <Delay = 1.00> <Adapter> <Opcode : 'read' 'write' 'readreq' 'writereq' 'writeresp'>
ST_129 : Operation 1129 [17/68] (7.30ns)   --->   "%gmem2_1_addr_resp = writeresp i1 @_ssdm_op_WriteResp.m_axi.i64P1A, i64 %gmem2_1_addr" [kernel.cpp:24]   --->   Operation 1129 'writeresp' 'gmem2_1_addr_resp' <Predicate = true> <Delay = 7.30> <CoreInst = "m_axi">   --->   Core 111 'm_axi' <Latency = 3> <II = 1> <Delay = 1.00> <Adapter> <Opcode : 'read' 'write' 'readreq' 'writereq' 'writeresp'>
ST_129 : Operation 1130 [17/68] (7.30ns)   --->   "%gmem2_2_addr_resp = writeresp i1 @_ssdm_op_WriteResp.m_axi.i64P1A, i64 %gmem2_2_addr" [kernel.cpp:24]   --->   Operation 1130 'writeresp' 'gmem2_2_addr_resp' <Predicate = true> <Delay = 7.30> <CoreInst = "m_axi">   --->   Core 111 'm_axi' <Latency = 3> <II = 1> <Delay = 1.00> <Adapter> <Opcode : 'read' 'write' 'readreq' 'writereq' 'writeresp'>
ST_129 : Operation 1131 [17/68] (7.30ns)   --->   "%gmem2_3_addr_resp = writeresp i1 @_ssdm_op_WriteResp.m_axi.i64P1A, i64 %gmem2_3_addr" [kernel.cpp:24]   --->   Operation 1131 'writeresp' 'gmem2_3_addr_resp' <Predicate = true> <Delay = 7.30> <CoreInst = "m_axi">   --->   Core 111 'm_axi' <Latency = 3> <II = 1> <Delay = 1.00> <Adapter> <Opcode : 'read' 'write' 'readreq' 'writereq' 'writeresp'>

State 130 <SV = 129> <Delay = 7.30>
ST_130 : Operation 1132 [16/68] (7.30ns)   --->   "%gmem2_0_addr_resp = writeresp i1 @_ssdm_op_WriteResp.m_axi.i64P1A, i64 %gmem2_0_addr" [kernel.cpp:24]   --->   Operation 1132 'writeresp' 'gmem2_0_addr_resp' <Predicate = true> <Delay = 7.30> <CoreInst = "m_axi">   --->   Core 111 'm_axi' <Latency = 3> <II = 1> <Delay = 1.00> <Adapter> <Opcode : 'read' 'write' 'readreq' 'writereq' 'writeresp'>
ST_130 : Operation 1133 [16/68] (7.30ns)   --->   "%gmem2_1_addr_resp = writeresp i1 @_ssdm_op_WriteResp.m_axi.i64P1A, i64 %gmem2_1_addr" [kernel.cpp:24]   --->   Operation 1133 'writeresp' 'gmem2_1_addr_resp' <Predicate = true> <Delay = 7.30> <CoreInst = "m_axi">   --->   Core 111 'm_axi' <Latency = 3> <II = 1> <Delay = 1.00> <Adapter> <Opcode : 'read' 'write' 'readreq' 'writereq' 'writeresp'>
ST_130 : Operation 1134 [16/68] (7.30ns)   --->   "%gmem2_2_addr_resp = writeresp i1 @_ssdm_op_WriteResp.m_axi.i64P1A, i64 %gmem2_2_addr" [kernel.cpp:24]   --->   Operation 1134 'writeresp' 'gmem2_2_addr_resp' <Predicate = true> <Delay = 7.30> <CoreInst = "m_axi">   --->   Core 111 'm_axi' <Latency = 3> <II = 1> <Delay = 1.00> <Adapter> <Opcode : 'read' 'write' 'readreq' 'writereq' 'writeresp'>
ST_130 : Operation 1135 [16/68] (7.30ns)   --->   "%gmem2_3_addr_resp = writeresp i1 @_ssdm_op_WriteResp.m_axi.i64P1A, i64 %gmem2_3_addr" [kernel.cpp:24]   --->   Operation 1135 'writeresp' 'gmem2_3_addr_resp' <Predicate = true> <Delay = 7.30> <CoreInst = "m_axi">   --->   Core 111 'm_axi' <Latency = 3> <II = 1> <Delay = 1.00> <Adapter> <Opcode : 'read' 'write' 'readreq' 'writereq' 'writeresp'>

State 131 <SV = 130> <Delay = 7.30>
ST_131 : Operation 1136 [15/68] (7.30ns)   --->   "%gmem2_0_addr_resp = writeresp i1 @_ssdm_op_WriteResp.m_axi.i64P1A, i64 %gmem2_0_addr" [kernel.cpp:24]   --->   Operation 1136 'writeresp' 'gmem2_0_addr_resp' <Predicate = true> <Delay = 7.30> <CoreInst = "m_axi">   --->   Core 111 'm_axi' <Latency = 3> <II = 1> <Delay = 1.00> <Adapter> <Opcode : 'read' 'write' 'readreq' 'writereq' 'writeresp'>
ST_131 : Operation 1137 [15/68] (7.30ns)   --->   "%gmem2_1_addr_resp = writeresp i1 @_ssdm_op_WriteResp.m_axi.i64P1A, i64 %gmem2_1_addr" [kernel.cpp:24]   --->   Operation 1137 'writeresp' 'gmem2_1_addr_resp' <Predicate = true> <Delay = 7.30> <CoreInst = "m_axi">   --->   Core 111 'm_axi' <Latency = 3> <II = 1> <Delay = 1.00> <Adapter> <Opcode : 'read' 'write' 'readreq' 'writereq' 'writeresp'>
ST_131 : Operation 1138 [15/68] (7.30ns)   --->   "%gmem2_2_addr_resp = writeresp i1 @_ssdm_op_WriteResp.m_axi.i64P1A, i64 %gmem2_2_addr" [kernel.cpp:24]   --->   Operation 1138 'writeresp' 'gmem2_2_addr_resp' <Predicate = true> <Delay = 7.30> <CoreInst = "m_axi">   --->   Core 111 'm_axi' <Latency = 3> <II = 1> <Delay = 1.00> <Adapter> <Opcode : 'read' 'write' 'readreq' 'writereq' 'writeresp'>
ST_131 : Operation 1139 [15/68] (7.30ns)   --->   "%gmem2_3_addr_resp = writeresp i1 @_ssdm_op_WriteResp.m_axi.i64P1A, i64 %gmem2_3_addr" [kernel.cpp:24]   --->   Operation 1139 'writeresp' 'gmem2_3_addr_resp' <Predicate = true> <Delay = 7.30> <CoreInst = "m_axi">   --->   Core 111 'm_axi' <Latency = 3> <II = 1> <Delay = 1.00> <Adapter> <Opcode : 'read' 'write' 'readreq' 'writereq' 'writeresp'>

State 132 <SV = 131> <Delay = 7.30>
ST_132 : Operation 1140 [14/68] (7.30ns)   --->   "%gmem2_0_addr_resp = writeresp i1 @_ssdm_op_WriteResp.m_axi.i64P1A, i64 %gmem2_0_addr" [kernel.cpp:24]   --->   Operation 1140 'writeresp' 'gmem2_0_addr_resp' <Predicate = true> <Delay = 7.30> <CoreInst = "m_axi">   --->   Core 111 'm_axi' <Latency = 3> <II = 1> <Delay = 1.00> <Adapter> <Opcode : 'read' 'write' 'readreq' 'writereq' 'writeresp'>
ST_132 : Operation 1141 [14/68] (7.30ns)   --->   "%gmem2_1_addr_resp = writeresp i1 @_ssdm_op_WriteResp.m_axi.i64P1A, i64 %gmem2_1_addr" [kernel.cpp:24]   --->   Operation 1141 'writeresp' 'gmem2_1_addr_resp' <Predicate = true> <Delay = 7.30> <CoreInst = "m_axi">   --->   Core 111 'm_axi' <Latency = 3> <II = 1> <Delay = 1.00> <Adapter> <Opcode : 'read' 'write' 'readreq' 'writereq' 'writeresp'>
ST_132 : Operation 1142 [14/68] (7.30ns)   --->   "%gmem2_2_addr_resp = writeresp i1 @_ssdm_op_WriteResp.m_axi.i64P1A, i64 %gmem2_2_addr" [kernel.cpp:24]   --->   Operation 1142 'writeresp' 'gmem2_2_addr_resp' <Predicate = true> <Delay = 7.30> <CoreInst = "m_axi">   --->   Core 111 'm_axi' <Latency = 3> <II = 1> <Delay = 1.00> <Adapter> <Opcode : 'read' 'write' 'readreq' 'writereq' 'writeresp'>
ST_132 : Operation 1143 [14/68] (7.30ns)   --->   "%gmem2_3_addr_resp = writeresp i1 @_ssdm_op_WriteResp.m_axi.i64P1A, i64 %gmem2_3_addr" [kernel.cpp:24]   --->   Operation 1143 'writeresp' 'gmem2_3_addr_resp' <Predicate = true> <Delay = 7.30> <CoreInst = "m_axi">   --->   Core 111 'm_axi' <Latency = 3> <II = 1> <Delay = 1.00> <Adapter> <Opcode : 'read' 'write' 'readreq' 'writereq' 'writeresp'>

State 133 <SV = 132> <Delay = 7.30>
ST_133 : Operation 1144 [13/68] (7.30ns)   --->   "%gmem2_0_addr_resp = writeresp i1 @_ssdm_op_WriteResp.m_axi.i64P1A, i64 %gmem2_0_addr" [kernel.cpp:24]   --->   Operation 1144 'writeresp' 'gmem2_0_addr_resp' <Predicate = true> <Delay = 7.30> <CoreInst = "m_axi">   --->   Core 111 'm_axi' <Latency = 3> <II = 1> <Delay = 1.00> <Adapter> <Opcode : 'read' 'write' 'readreq' 'writereq' 'writeresp'>
ST_133 : Operation 1145 [13/68] (7.30ns)   --->   "%gmem2_1_addr_resp = writeresp i1 @_ssdm_op_WriteResp.m_axi.i64P1A, i64 %gmem2_1_addr" [kernel.cpp:24]   --->   Operation 1145 'writeresp' 'gmem2_1_addr_resp' <Predicate = true> <Delay = 7.30> <CoreInst = "m_axi">   --->   Core 111 'm_axi' <Latency = 3> <II = 1> <Delay = 1.00> <Adapter> <Opcode : 'read' 'write' 'readreq' 'writereq' 'writeresp'>
ST_133 : Operation 1146 [13/68] (7.30ns)   --->   "%gmem2_2_addr_resp = writeresp i1 @_ssdm_op_WriteResp.m_axi.i64P1A, i64 %gmem2_2_addr" [kernel.cpp:24]   --->   Operation 1146 'writeresp' 'gmem2_2_addr_resp' <Predicate = true> <Delay = 7.30> <CoreInst = "m_axi">   --->   Core 111 'm_axi' <Latency = 3> <II = 1> <Delay = 1.00> <Adapter> <Opcode : 'read' 'write' 'readreq' 'writereq' 'writeresp'>
ST_133 : Operation 1147 [13/68] (7.30ns)   --->   "%gmem2_3_addr_resp = writeresp i1 @_ssdm_op_WriteResp.m_axi.i64P1A, i64 %gmem2_3_addr" [kernel.cpp:24]   --->   Operation 1147 'writeresp' 'gmem2_3_addr_resp' <Predicate = true> <Delay = 7.30> <CoreInst = "m_axi">   --->   Core 111 'm_axi' <Latency = 3> <II = 1> <Delay = 1.00> <Adapter> <Opcode : 'read' 'write' 'readreq' 'writereq' 'writeresp'>

State 134 <SV = 133> <Delay = 7.30>
ST_134 : Operation 1148 [12/68] (7.30ns)   --->   "%gmem2_0_addr_resp = writeresp i1 @_ssdm_op_WriteResp.m_axi.i64P1A, i64 %gmem2_0_addr" [kernel.cpp:24]   --->   Operation 1148 'writeresp' 'gmem2_0_addr_resp' <Predicate = true> <Delay = 7.30> <CoreInst = "m_axi">   --->   Core 111 'm_axi' <Latency = 3> <II = 1> <Delay = 1.00> <Adapter> <Opcode : 'read' 'write' 'readreq' 'writereq' 'writeresp'>
ST_134 : Operation 1149 [12/68] (7.30ns)   --->   "%gmem2_1_addr_resp = writeresp i1 @_ssdm_op_WriteResp.m_axi.i64P1A, i64 %gmem2_1_addr" [kernel.cpp:24]   --->   Operation 1149 'writeresp' 'gmem2_1_addr_resp' <Predicate = true> <Delay = 7.30> <CoreInst = "m_axi">   --->   Core 111 'm_axi' <Latency = 3> <II = 1> <Delay = 1.00> <Adapter> <Opcode : 'read' 'write' 'readreq' 'writereq' 'writeresp'>
ST_134 : Operation 1150 [12/68] (7.30ns)   --->   "%gmem2_2_addr_resp = writeresp i1 @_ssdm_op_WriteResp.m_axi.i64P1A, i64 %gmem2_2_addr" [kernel.cpp:24]   --->   Operation 1150 'writeresp' 'gmem2_2_addr_resp' <Predicate = true> <Delay = 7.30> <CoreInst = "m_axi">   --->   Core 111 'm_axi' <Latency = 3> <II = 1> <Delay = 1.00> <Adapter> <Opcode : 'read' 'write' 'readreq' 'writereq' 'writeresp'>
ST_134 : Operation 1151 [12/68] (7.30ns)   --->   "%gmem2_3_addr_resp = writeresp i1 @_ssdm_op_WriteResp.m_axi.i64P1A, i64 %gmem2_3_addr" [kernel.cpp:24]   --->   Operation 1151 'writeresp' 'gmem2_3_addr_resp' <Predicate = true> <Delay = 7.30> <CoreInst = "m_axi">   --->   Core 111 'm_axi' <Latency = 3> <II = 1> <Delay = 1.00> <Adapter> <Opcode : 'read' 'write' 'readreq' 'writereq' 'writeresp'>

State 135 <SV = 134> <Delay = 7.30>
ST_135 : Operation 1152 [11/68] (7.30ns)   --->   "%gmem2_0_addr_resp = writeresp i1 @_ssdm_op_WriteResp.m_axi.i64P1A, i64 %gmem2_0_addr" [kernel.cpp:24]   --->   Operation 1152 'writeresp' 'gmem2_0_addr_resp' <Predicate = true> <Delay = 7.30> <CoreInst = "m_axi">   --->   Core 111 'm_axi' <Latency = 3> <II = 1> <Delay = 1.00> <Adapter> <Opcode : 'read' 'write' 'readreq' 'writereq' 'writeresp'>
ST_135 : Operation 1153 [11/68] (7.30ns)   --->   "%gmem2_1_addr_resp = writeresp i1 @_ssdm_op_WriteResp.m_axi.i64P1A, i64 %gmem2_1_addr" [kernel.cpp:24]   --->   Operation 1153 'writeresp' 'gmem2_1_addr_resp' <Predicate = true> <Delay = 7.30> <CoreInst = "m_axi">   --->   Core 111 'm_axi' <Latency = 3> <II = 1> <Delay = 1.00> <Adapter> <Opcode : 'read' 'write' 'readreq' 'writereq' 'writeresp'>
ST_135 : Operation 1154 [11/68] (7.30ns)   --->   "%gmem2_2_addr_resp = writeresp i1 @_ssdm_op_WriteResp.m_axi.i64P1A, i64 %gmem2_2_addr" [kernel.cpp:24]   --->   Operation 1154 'writeresp' 'gmem2_2_addr_resp' <Predicate = true> <Delay = 7.30> <CoreInst = "m_axi">   --->   Core 111 'm_axi' <Latency = 3> <II = 1> <Delay = 1.00> <Adapter> <Opcode : 'read' 'write' 'readreq' 'writereq' 'writeresp'>
ST_135 : Operation 1155 [11/68] (7.30ns)   --->   "%gmem2_3_addr_resp = writeresp i1 @_ssdm_op_WriteResp.m_axi.i64P1A, i64 %gmem2_3_addr" [kernel.cpp:24]   --->   Operation 1155 'writeresp' 'gmem2_3_addr_resp' <Predicate = true> <Delay = 7.30> <CoreInst = "m_axi">   --->   Core 111 'm_axi' <Latency = 3> <II = 1> <Delay = 1.00> <Adapter> <Opcode : 'read' 'write' 'readreq' 'writereq' 'writeresp'>

State 136 <SV = 135> <Delay = 7.30>
ST_136 : Operation 1156 [10/68] (7.30ns)   --->   "%gmem2_0_addr_resp = writeresp i1 @_ssdm_op_WriteResp.m_axi.i64P1A, i64 %gmem2_0_addr" [kernel.cpp:24]   --->   Operation 1156 'writeresp' 'gmem2_0_addr_resp' <Predicate = true> <Delay = 7.30> <CoreInst = "m_axi">   --->   Core 111 'm_axi' <Latency = 3> <II = 1> <Delay = 1.00> <Adapter> <Opcode : 'read' 'write' 'readreq' 'writereq' 'writeresp'>
ST_136 : Operation 1157 [10/68] (7.30ns)   --->   "%gmem2_1_addr_resp = writeresp i1 @_ssdm_op_WriteResp.m_axi.i64P1A, i64 %gmem2_1_addr" [kernel.cpp:24]   --->   Operation 1157 'writeresp' 'gmem2_1_addr_resp' <Predicate = true> <Delay = 7.30> <CoreInst = "m_axi">   --->   Core 111 'm_axi' <Latency = 3> <II = 1> <Delay = 1.00> <Adapter> <Opcode : 'read' 'write' 'readreq' 'writereq' 'writeresp'>
ST_136 : Operation 1158 [10/68] (7.30ns)   --->   "%gmem2_2_addr_resp = writeresp i1 @_ssdm_op_WriteResp.m_axi.i64P1A, i64 %gmem2_2_addr" [kernel.cpp:24]   --->   Operation 1158 'writeresp' 'gmem2_2_addr_resp' <Predicate = true> <Delay = 7.30> <CoreInst = "m_axi">   --->   Core 111 'm_axi' <Latency = 3> <II = 1> <Delay = 1.00> <Adapter> <Opcode : 'read' 'write' 'readreq' 'writereq' 'writeresp'>
ST_136 : Operation 1159 [10/68] (7.30ns)   --->   "%gmem2_3_addr_resp = writeresp i1 @_ssdm_op_WriteResp.m_axi.i64P1A, i64 %gmem2_3_addr" [kernel.cpp:24]   --->   Operation 1159 'writeresp' 'gmem2_3_addr_resp' <Predicate = true> <Delay = 7.30> <CoreInst = "m_axi">   --->   Core 111 'm_axi' <Latency = 3> <II = 1> <Delay = 1.00> <Adapter> <Opcode : 'read' 'write' 'readreq' 'writereq' 'writeresp'>

State 137 <SV = 136> <Delay = 7.30>
ST_137 : Operation 1160 [9/68] (7.30ns)   --->   "%gmem2_0_addr_resp = writeresp i1 @_ssdm_op_WriteResp.m_axi.i64P1A, i64 %gmem2_0_addr" [kernel.cpp:24]   --->   Operation 1160 'writeresp' 'gmem2_0_addr_resp' <Predicate = true> <Delay = 7.30> <CoreInst = "m_axi">   --->   Core 111 'm_axi' <Latency = 3> <II = 1> <Delay = 1.00> <Adapter> <Opcode : 'read' 'write' 'readreq' 'writereq' 'writeresp'>
ST_137 : Operation 1161 [9/68] (7.30ns)   --->   "%gmem2_1_addr_resp = writeresp i1 @_ssdm_op_WriteResp.m_axi.i64P1A, i64 %gmem2_1_addr" [kernel.cpp:24]   --->   Operation 1161 'writeresp' 'gmem2_1_addr_resp' <Predicate = true> <Delay = 7.30> <CoreInst = "m_axi">   --->   Core 111 'm_axi' <Latency = 3> <II = 1> <Delay = 1.00> <Adapter> <Opcode : 'read' 'write' 'readreq' 'writereq' 'writeresp'>
ST_137 : Operation 1162 [9/68] (7.30ns)   --->   "%gmem2_2_addr_resp = writeresp i1 @_ssdm_op_WriteResp.m_axi.i64P1A, i64 %gmem2_2_addr" [kernel.cpp:24]   --->   Operation 1162 'writeresp' 'gmem2_2_addr_resp' <Predicate = true> <Delay = 7.30> <CoreInst = "m_axi">   --->   Core 111 'm_axi' <Latency = 3> <II = 1> <Delay = 1.00> <Adapter> <Opcode : 'read' 'write' 'readreq' 'writereq' 'writeresp'>
ST_137 : Operation 1163 [9/68] (7.30ns)   --->   "%gmem2_3_addr_resp = writeresp i1 @_ssdm_op_WriteResp.m_axi.i64P1A, i64 %gmem2_3_addr" [kernel.cpp:24]   --->   Operation 1163 'writeresp' 'gmem2_3_addr_resp' <Predicate = true> <Delay = 7.30> <CoreInst = "m_axi">   --->   Core 111 'm_axi' <Latency = 3> <II = 1> <Delay = 1.00> <Adapter> <Opcode : 'read' 'write' 'readreq' 'writereq' 'writeresp'>

State 138 <SV = 137> <Delay = 7.30>
ST_138 : Operation 1164 [8/68] (7.30ns)   --->   "%gmem2_0_addr_resp = writeresp i1 @_ssdm_op_WriteResp.m_axi.i64P1A, i64 %gmem2_0_addr" [kernel.cpp:24]   --->   Operation 1164 'writeresp' 'gmem2_0_addr_resp' <Predicate = true> <Delay = 7.30> <CoreInst = "m_axi">   --->   Core 111 'm_axi' <Latency = 3> <II = 1> <Delay = 1.00> <Adapter> <Opcode : 'read' 'write' 'readreq' 'writereq' 'writeresp'>
ST_138 : Operation 1165 [8/68] (7.30ns)   --->   "%gmem2_1_addr_resp = writeresp i1 @_ssdm_op_WriteResp.m_axi.i64P1A, i64 %gmem2_1_addr" [kernel.cpp:24]   --->   Operation 1165 'writeresp' 'gmem2_1_addr_resp' <Predicate = true> <Delay = 7.30> <CoreInst = "m_axi">   --->   Core 111 'm_axi' <Latency = 3> <II = 1> <Delay = 1.00> <Adapter> <Opcode : 'read' 'write' 'readreq' 'writereq' 'writeresp'>
ST_138 : Operation 1166 [8/68] (7.30ns)   --->   "%gmem2_2_addr_resp = writeresp i1 @_ssdm_op_WriteResp.m_axi.i64P1A, i64 %gmem2_2_addr" [kernel.cpp:24]   --->   Operation 1166 'writeresp' 'gmem2_2_addr_resp' <Predicate = true> <Delay = 7.30> <CoreInst = "m_axi">   --->   Core 111 'm_axi' <Latency = 3> <II = 1> <Delay = 1.00> <Adapter> <Opcode : 'read' 'write' 'readreq' 'writereq' 'writeresp'>
ST_138 : Operation 1167 [8/68] (7.30ns)   --->   "%gmem2_3_addr_resp = writeresp i1 @_ssdm_op_WriteResp.m_axi.i64P1A, i64 %gmem2_3_addr" [kernel.cpp:24]   --->   Operation 1167 'writeresp' 'gmem2_3_addr_resp' <Predicate = true> <Delay = 7.30> <CoreInst = "m_axi">   --->   Core 111 'm_axi' <Latency = 3> <II = 1> <Delay = 1.00> <Adapter> <Opcode : 'read' 'write' 'readreq' 'writereq' 'writeresp'>

State 139 <SV = 138> <Delay = 7.30>
ST_139 : Operation 1168 [7/68] (7.30ns)   --->   "%gmem2_0_addr_resp = writeresp i1 @_ssdm_op_WriteResp.m_axi.i64P1A, i64 %gmem2_0_addr" [kernel.cpp:24]   --->   Operation 1168 'writeresp' 'gmem2_0_addr_resp' <Predicate = true> <Delay = 7.30> <CoreInst = "m_axi">   --->   Core 111 'm_axi' <Latency = 3> <II = 1> <Delay = 1.00> <Adapter> <Opcode : 'read' 'write' 'readreq' 'writereq' 'writeresp'>
ST_139 : Operation 1169 [7/68] (7.30ns)   --->   "%gmem2_1_addr_resp = writeresp i1 @_ssdm_op_WriteResp.m_axi.i64P1A, i64 %gmem2_1_addr" [kernel.cpp:24]   --->   Operation 1169 'writeresp' 'gmem2_1_addr_resp' <Predicate = true> <Delay = 7.30> <CoreInst = "m_axi">   --->   Core 111 'm_axi' <Latency = 3> <II = 1> <Delay = 1.00> <Adapter> <Opcode : 'read' 'write' 'readreq' 'writereq' 'writeresp'>
ST_139 : Operation 1170 [7/68] (7.30ns)   --->   "%gmem2_2_addr_resp = writeresp i1 @_ssdm_op_WriteResp.m_axi.i64P1A, i64 %gmem2_2_addr" [kernel.cpp:24]   --->   Operation 1170 'writeresp' 'gmem2_2_addr_resp' <Predicate = true> <Delay = 7.30> <CoreInst = "m_axi">   --->   Core 111 'm_axi' <Latency = 3> <II = 1> <Delay = 1.00> <Adapter> <Opcode : 'read' 'write' 'readreq' 'writereq' 'writeresp'>
ST_139 : Operation 1171 [7/68] (7.30ns)   --->   "%gmem2_3_addr_resp = writeresp i1 @_ssdm_op_WriteResp.m_axi.i64P1A, i64 %gmem2_3_addr" [kernel.cpp:24]   --->   Operation 1171 'writeresp' 'gmem2_3_addr_resp' <Predicate = true> <Delay = 7.30> <CoreInst = "m_axi">   --->   Core 111 'm_axi' <Latency = 3> <II = 1> <Delay = 1.00> <Adapter> <Opcode : 'read' 'write' 'readreq' 'writereq' 'writeresp'>

State 140 <SV = 139> <Delay = 7.30>
ST_140 : Operation 1172 [6/68] (7.30ns)   --->   "%gmem2_0_addr_resp = writeresp i1 @_ssdm_op_WriteResp.m_axi.i64P1A, i64 %gmem2_0_addr" [kernel.cpp:24]   --->   Operation 1172 'writeresp' 'gmem2_0_addr_resp' <Predicate = true> <Delay = 7.30> <CoreInst = "m_axi">   --->   Core 111 'm_axi' <Latency = 3> <II = 1> <Delay = 1.00> <Adapter> <Opcode : 'read' 'write' 'readreq' 'writereq' 'writeresp'>
ST_140 : Operation 1173 [6/68] (7.30ns)   --->   "%gmem2_1_addr_resp = writeresp i1 @_ssdm_op_WriteResp.m_axi.i64P1A, i64 %gmem2_1_addr" [kernel.cpp:24]   --->   Operation 1173 'writeresp' 'gmem2_1_addr_resp' <Predicate = true> <Delay = 7.30> <CoreInst = "m_axi">   --->   Core 111 'm_axi' <Latency = 3> <II = 1> <Delay = 1.00> <Adapter> <Opcode : 'read' 'write' 'readreq' 'writereq' 'writeresp'>
ST_140 : Operation 1174 [6/68] (7.30ns)   --->   "%gmem2_2_addr_resp = writeresp i1 @_ssdm_op_WriteResp.m_axi.i64P1A, i64 %gmem2_2_addr" [kernel.cpp:24]   --->   Operation 1174 'writeresp' 'gmem2_2_addr_resp' <Predicate = true> <Delay = 7.30> <CoreInst = "m_axi">   --->   Core 111 'm_axi' <Latency = 3> <II = 1> <Delay = 1.00> <Adapter> <Opcode : 'read' 'write' 'readreq' 'writereq' 'writeresp'>
ST_140 : Operation 1175 [6/68] (7.30ns)   --->   "%gmem2_3_addr_resp = writeresp i1 @_ssdm_op_WriteResp.m_axi.i64P1A, i64 %gmem2_3_addr" [kernel.cpp:24]   --->   Operation 1175 'writeresp' 'gmem2_3_addr_resp' <Predicate = true> <Delay = 7.30> <CoreInst = "m_axi">   --->   Core 111 'm_axi' <Latency = 3> <II = 1> <Delay = 1.00> <Adapter> <Opcode : 'read' 'write' 'readreq' 'writereq' 'writeresp'>

State 141 <SV = 140> <Delay = 7.30>
ST_141 : Operation 1176 [5/68] (7.30ns)   --->   "%gmem2_0_addr_resp = writeresp i1 @_ssdm_op_WriteResp.m_axi.i64P1A, i64 %gmem2_0_addr" [kernel.cpp:24]   --->   Operation 1176 'writeresp' 'gmem2_0_addr_resp' <Predicate = true> <Delay = 7.30> <CoreInst = "m_axi">   --->   Core 111 'm_axi' <Latency = 3> <II = 1> <Delay = 1.00> <Adapter> <Opcode : 'read' 'write' 'readreq' 'writereq' 'writeresp'>
ST_141 : Operation 1177 [5/68] (7.30ns)   --->   "%gmem2_1_addr_resp = writeresp i1 @_ssdm_op_WriteResp.m_axi.i64P1A, i64 %gmem2_1_addr" [kernel.cpp:24]   --->   Operation 1177 'writeresp' 'gmem2_1_addr_resp' <Predicate = true> <Delay = 7.30> <CoreInst = "m_axi">   --->   Core 111 'm_axi' <Latency = 3> <II = 1> <Delay = 1.00> <Adapter> <Opcode : 'read' 'write' 'readreq' 'writereq' 'writeresp'>
ST_141 : Operation 1178 [5/68] (7.30ns)   --->   "%gmem2_2_addr_resp = writeresp i1 @_ssdm_op_WriteResp.m_axi.i64P1A, i64 %gmem2_2_addr" [kernel.cpp:24]   --->   Operation 1178 'writeresp' 'gmem2_2_addr_resp' <Predicate = true> <Delay = 7.30> <CoreInst = "m_axi">   --->   Core 111 'm_axi' <Latency = 3> <II = 1> <Delay = 1.00> <Adapter> <Opcode : 'read' 'write' 'readreq' 'writereq' 'writeresp'>
ST_141 : Operation 1179 [5/68] (7.30ns)   --->   "%gmem2_3_addr_resp = writeresp i1 @_ssdm_op_WriteResp.m_axi.i64P1A, i64 %gmem2_3_addr" [kernel.cpp:24]   --->   Operation 1179 'writeresp' 'gmem2_3_addr_resp' <Predicate = true> <Delay = 7.30> <CoreInst = "m_axi">   --->   Core 111 'm_axi' <Latency = 3> <II = 1> <Delay = 1.00> <Adapter> <Opcode : 'read' 'write' 'readreq' 'writereq' 'writeresp'>

State 142 <SV = 141> <Delay = 7.30>
ST_142 : Operation 1180 [4/68] (7.30ns)   --->   "%gmem2_0_addr_resp = writeresp i1 @_ssdm_op_WriteResp.m_axi.i64P1A, i64 %gmem2_0_addr" [kernel.cpp:24]   --->   Operation 1180 'writeresp' 'gmem2_0_addr_resp' <Predicate = true> <Delay = 7.30> <CoreInst = "m_axi">   --->   Core 111 'm_axi' <Latency = 3> <II = 1> <Delay = 1.00> <Adapter> <Opcode : 'read' 'write' 'readreq' 'writereq' 'writeresp'>
ST_142 : Operation 1181 [4/68] (7.30ns)   --->   "%gmem2_1_addr_resp = writeresp i1 @_ssdm_op_WriteResp.m_axi.i64P1A, i64 %gmem2_1_addr" [kernel.cpp:24]   --->   Operation 1181 'writeresp' 'gmem2_1_addr_resp' <Predicate = true> <Delay = 7.30> <CoreInst = "m_axi">   --->   Core 111 'm_axi' <Latency = 3> <II = 1> <Delay = 1.00> <Adapter> <Opcode : 'read' 'write' 'readreq' 'writereq' 'writeresp'>
ST_142 : Operation 1182 [4/68] (7.30ns)   --->   "%gmem2_2_addr_resp = writeresp i1 @_ssdm_op_WriteResp.m_axi.i64P1A, i64 %gmem2_2_addr" [kernel.cpp:24]   --->   Operation 1182 'writeresp' 'gmem2_2_addr_resp' <Predicate = true> <Delay = 7.30> <CoreInst = "m_axi">   --->   Core 111 'm_axi' <Latency = 3> <II = 1> <Delay = 1.00> <Adapter> <Opcode : 'read' 'write' 'readreq' 'writereq' 'writeresp'>
ST_142 : Operation 1183 [4/68] (7.30ns)   --->   "%gmem2_3_addr_resp = writeresp i1 @_ssdm_op_WriteResp.m_axi.i64P1A, i64 %gmem2_3_addr" [kernel.cpp:24]   --->   Operation 1183 'writeresp' 'gmem2_3_addr_resp' <Predicate = true> <Delay = 7.30> <CoreInst = "m_axi">   --->   Core 111 'm_axi' <Latency = 3> <II = 1> <Delay = 1.00> <Adapter> <Opcode : 'read' 'write' 'readreq' 'writereq' 'writeresp'>

State 143 <SV = 142> <Delay = 7.30>
ST_143 : Operation 1184 [3/68] (7.30ns)   --->   "%gmem2_0_addr_resp = writeresp i1 @_ssdm_op_WriteResp.m_axi.i64P1A, i64 %gmem2_0_addr" [kernel.cpp:24]   --->   Operation 1184 'writeresp' 'gmem2_0_addr_resp' <Predicate = true> <Delay = 7.30> <CoreInst = "m_axi">   --->   Core 111 'm_axi' <Latency = 3> <II = 1> <Delay = 1.00> <Adapter> <Opcode : 'read' 'write' 'readreq' 'writereq' 'writeresp'>
ST_143 : Operation 1185 [3/68] (7.30ns)   --->   "%gmem2_1_addr_resp = writeresp i1 @_ssdm_op_WriteResp.m_axi.i64P1A, i64 %gmem2_1_addr" [kernel.cpp:24]   --->   Operation 1185 'writeresp' 'gmem2_1_addr_resp' <Predicate = true> <Delay = 7.30> <CoreInst = "m_axi">   --->   Core 111 'm_axi' <Latency = 3> <II = 1> <Delay = 1.00> <Adapter> <Opcode : 'read' 'write' 'readreq' 'writereq' 'writeresp'>
ST_143 : Operation 1186 [3/68] (7.30ns)   --->   "%gmem2_2_addr_resp = writeresp i1 @_ssdm_op_WriteResp.m_axi.i64P1A, i64 %gmem2_2_addr" [kernel.cpp:24]   --->   Operation 1186 'writeresp' 'gmem2_2_addr_resp' <Predicate = true> <Delay = 7.30> <CoreInst = "m_axi">   --->   Core 111 'm_axi' <Latency = 3> <II = 1> <Delay = 1.00> <Adapter> <Opcode : 'read' 'write' 'readreq' 'writereq' 'writeresp'>
ST_143 : Operation 1187 [3/68] (7.30ns)   --->   "%gmem2_3_addr_resp = writeresp i1 @_ssdm_op_WriteResp.m_axi.i64P1A, i64 %gmem2_3_addr" [kernel.cpp:24]   --->   Operation 1187 'writeresp' 'gmem2_3_addr_resp' <Predicate = true> <Delay = 7.30> <CoreInst = "m_axi">   --->   Core 111 'm_axi' <Latency = 3> <II = 1> <Delay = 1.00> <Adapter> <Opcode : 'read' 'write' 'readreq' 'writereq' 'writeresp'>

State 144 <SV = 143> <Delay = 7.30>
ST_144 : Operation 1188 [2/68] (7.30ns)   --->   "%gmem2_0_addr_resp = writeresp i1 @_ssdm_op_WriteResp.m_axi.i64P1A, i64 %gmem2_0_addr" [kernel.cpp:24]   --->   Operation 1188 'writeresp' 'gmem2_0_addr_resp' <Predicate = true> <Delay = 7.30> <CoreInst = "m_axi">   --->   Core 111 'm_axi' <Latency = 3> <II = 1> <Delay = 1.00> <Adapter> <Opcode : 'read' 'write' 'readreq' 'writereq' 'writeresp'>
ST_144 : Operation 1189 [2/68] (7.30ns)   --->   "%gmem2_1_addr_resp = writeresp i1 @_ssdm_op_WriteResp.m_axi.i64P1A, i64 %gmem2_1_addr" [kernel.cpp:24]   --->   Operation 1189 'writeresp' 'gmem2_1_addr_resp' <Predicate = true> <Delay = 7.30> <CoreInst = "m_axi">   --->   Core 111 'm_axi' <Latency = 3> <II = 1> <Delay = 1.00> <Adapter> <Opcode : 'read' 'write' 'readreq' 'writereq' 'writeresp'>
ST_144 : Operation 1190 [2/68] (7.30ns)   --->   "%gmem2_2_addr_resp = writeresp i1 @_ssdm_op_WriteResp.m_axi.i64P1A, i64 %gmem2_2_addr" [kernel.cpp:24]   --->   Operation 1190 'writeresp' 'gmem2_2_addr_resp' <Predicate = true> <Delay = 7.30> <CoreInst = "m_axi">   --->   Core 111 'm_axi' <Latency = 3> <II = 1> <Delay = 1.00> <Adapter> <Opcode : 'read' 'write' 'readreq' 'writereq' 'writeresp'>
ST_144 : Operation 1191 [2/68] (7.30ns)   --->   "%gmem2_3_addr_resp = writeresp i1 @_ssdm_op_WriteResp.m_axi.i64P1A, i64 %gmem2_3_addr" [kernel.cpp:24]   --->   Operation 1191 'writeresp' 'gmem2_3_addr_resp' <Predicate = true> <Delay = 7.30> <CoreInst = "m_axi">   --->   Core 111 'm_axi' <Latency = 3> <II = 1> <Delay = 1.00> <Adapter> <Opcode : 'read' 'write' 'readreq' 'writereq' 'writeresp'>

State 145 <SV = 144> <Delay = 7.30>
ST_145 : Operation 1192 [1/68] (7.30ns)   --->   "%gmem2_0_addr_resp = writeresp i1 @_ssdm_op_WriteResp.m_axi.i64P1A, i64 %gmem2_0_addr" [kernel.cpp:24]   --->   Operation 1192 'writeresp' 'gmem2_0_addr_resp' <Predicate = true> <Delay = 7.30> <CoreInst = "m_axi">   --->   Core 111 'm_axi' <Latency = 3> <II = 1> <Delay = 1.00> <Adapter> <Opcode : 'read' 'write' 'readreq' 'writereq' 'writeresp'>
ST_145 : Operation 1193 [1/68] (7.30ns)   --->   "%gmem2_1_addr_resp = writeresp i1 @_ssdm_op_WriteResp.m_axi.i64P1A, i64 %gmem2_1_addr" [kernel.cpp:24]   --->   Operation 1193 'writeresp' 'gmem2_1_addr_resp' <Predicate = true> <Delay = 7.30> <CoreInst = "m_axi">   --->   Core 111 'm_axi' <Latency = 3> <II = 1> <Delay = 1.00> <Adapter> <Opcode : 'read' 'write' 'readreq' 'writereq' 'writeresp'>
ST_145 : Operation 1194 [1/68] (7.30ns)   --->   "%gmem2_2_addr_resp = writeresp i1 @_ssdm_op_WriteResp.m_axi.i64P1A, i64 %gmem2_2_addr" [kernel.cpp:24]   --->   Operation 1194 'writeresp' 'gmem2_2_addr_resp' <Predicate = true> <Delay = 7.30> <CoreInst = "m_axi">   --->   Core 111 'm_axi' <Latency = 3> <II = 1> <Delay = 1.00> <Adapter> <Opcode : 'read' 'write' 'readreq' 'writereq' 'writeresp'>
ST_145 : Operation 1195 [1/68] (7.30ns)   --->   "%gmem2_3_addr_resp = writeresp i1 @_ssdm_op_WriteResp.m_axi.i64P1A, i64 %gmem2_3_addr" [kernel.cpp:24]   --->   Operation 1195 'writeresp' 'gmem2_3_addr_resp' <Predicate = true> <Delay = 7.30> <CoreInst = "m_axi">   --->   Core 111 'm_axi' <Latency = 3> <II = 1> <Delay = 1.00> <Adapter> <Opcode : 'read' 'write' 'readreq' 'writereq' 'writeresp'>
ST_145 : Operation 1196 [1/1] (0.00ns)   --->   "%ret_ln24 = ret" [kernel.cpp:24]   --->   Operation 1196 'ret' 'ret_ln24' <Predicate = true> <Delay = 0.00>


============================================================
+ Verbose Summary: Binding
============================================================
STG Binding: 
---------------- STG Properties BEGIN ----------------
- Is combinational: 0
- Is one-state seq: 0
- Is datapath-only: 0
- Is pipelined: 0
- Is top level: 1
Port [ Return ] is wired: 1; IO mode=ap_ctrl_chain:ce=0
Port [ gmem0_0]:  wired=1; compound=1; hidden=0; nouse=0; global=0; static=0; extern=0; dir=0; type=4; pingpong=0; private_global=0; IO mode=m_axi:ce=0
Port [ gmem0_1]:  wired=1; compound=1; hidden=0; nouse=0; global=0; static=0; extern=0; dir=0; type=4; pingpong=0; private_global=0; IO mode=m_axi:ce=0
Port [ gmem0_2]:  wired=1; compound=1; hidden=0; nouse=0; global=0; static=0; extern=0; dir=0; type=4; pingpong=0; private_global=0; IO mode=m_axi:ce=0
Port [ gmem0_3]:  wired=1; compound=1; hidden=0; nouse=0; global=0; static=0; extern=0; dir=0; type=4; pingpong=0; private_global=0; IO mode=m_axi:ce=0
Port [ gmem1_0]:  wired=1; compound=1; hidden=0; nouse=0; global=0; static=0; extern=0; dir=0; type=4; pingpong=0; private_global=0; IO mode=m_axi:ce=0
Port [ gmem1_1]:  wired=1; compound=1; hidden=0; nouse=0; global=0; static=0; extern=0; dir=0; type=4; pingpong=0; private_global=0; IO mode=m_axi:ce=0
Port [ gmem1_2]:  wired=1; compound=1; hidden=0; nouse=0; global=0; static=0; extern=0; dir=0; type=4; pingpong=0; private_global=0; IO mode=m_axi:ce=0
Port [ gmem1_3]:  wired=1; compound=1; hidden=0; nouse=0; global=0; static=0; extern=0; dir=0; type=4; pingpong=0; private_global=0; IO mode=m_axi:ce=0
Port [ gmem2_0]:  wired=1; compound=1; hidden=0; nouse=0; global=0; static=0; extern=0; dir=1; type=4; pingpong=0; private_global=0; IO mode=m_axi:ce=0
Port [ gmem2_1]:  wired=1; compound=1; hidden=0; nouse=0; global=0; static=0; extern=0; dir=1; type=4; pingpong=0; private_global=0; IO mode=m_axi:ce=0
Port [ gmem2_2]:  wired=1; compound=1; hidden=0; nouse=0; global=0; static=0; extern=0; dir=1; type=4; pingpong=0; private_global=0; IO mode=m_axi:ce=0
Port [ gmem2_3]:  wired=1; compound=1; hidden=0; nouse=0; global=0; static=0; extern=0; dir=1; type=4; pingpong=0; private_global=0; IO mode=m_axi:ce=0
Port [ a_0]:  wired=1; compound=0; hidden=0; nouse=0; global=0; static=0; extern=0; dir=0; type=0; pingpong=0; private_global=0; IO mode=ap_none:ce=0
Port [ a_1]:  wired=1; compound=0; hidden=0; nouse=0; global=0; static=0; extern=0; dir=0; type=0; pingpong=0; private_global=0; IO mode=ap_none:ce=0
Port [ a_2]:  wired=1; compound=0; hidden=0; nouse=0; global=0; static=0; extern=0; dir=0; type=0; pingpong=0; private_global=0; IO mode=ap_none:ce=0
Port [ a_3]:  wired=1; compound=0; hidden=0; nouse=0; global=0; static=0; extern=0; dir=0; type=0; pingpong=0; private_global=0; IO mode=ap_none:ce=0
Port [ b_0]:  wired=1; compound=0; hidden=0; nouse=0; global=0; static=0; extern=0; dir=0; type=0; pingpong=0; private_global=0; IO mode=ap_none:ce=0
Port [ b_1]:  wired=1; compound=0; hidden=0; nouse=0; global=0; static=0; extern=0; dir=0; type=0; pingpong=0; private_global=0; IO mode=ap_none:ce=0
Port [ b_2]:  wired=1; compound=0; hidden=0; nouse=0; global=0; static=0; extern=0; dir=0; type=0; pingpong=0; private_global=0; IO mode=ap_none:ce=0
Port [ b_3]:  wired=1; compound=0; hidden=0; nouse=0; global=0; static=0; extern=0; dir=0; type=0; pingpong=0; private_global=0; IO mode=ap_none:ce=0
Port [ c_0]:  wired=1; compound=0; hidden=0; nouse=0; global=0; static=0; extern=0; dir=0; type=0; pingpong=0; private_global=0; IO mode=ap_none:ce=0
Port [ c_1]:  wired=1; compound=0; hidden=0; nouse=0; global=0; static=0; extern=0; dir=0; type=0; pingpong=0; private_global=0; IO mode=ap_none:ce=0
Port [ c_2]:  wired=1; compound=0; hidden=0; nouse=0; global=0; static=0; extern=0; dir=0; type=0; pingpong=0; private_global=0; IO mode=ap_none:ce=0
Port [ c_3]:  wired=1; compound=0; hidden=0; nouse=0; global=0; static=0; extern=0; dir=0; type=0; pingpong=0; private_global=0; IO mode=ap_none:ce=0
---------------- STG Properties END ------------------

---------------- Datapath Model BEGIN ----------------

<LifeTime>
<method=bitvector/>
i1                     (alloca           ) [ 01111111111111111111111111111111111111111111111111111111111111111111111111110000000000000000000000000000000000000000000000000000000000000000000000]
shiftreg2              (alloca           ) [ 00111111111111111111111111111111111111111111111111111111111111111111111111110000000000000000000000000000000000000000000000000000000000000000000000]
shiftreg163            (alloca           ) [ 00111111111111111111111111111111111111111111111111111111111111111111111111110000000000000000000000000000000000000000000000000000000000000000000000]
shiftreg184            (alloca           ) [ 00111111111111111111111111111111111111111111111111111111111111111111111111110000000000000000000000000000000000000000000000000000000000000000000000]
shiftreg205            (alloca           ) [ 00111111111111111111111111111111111111111111111111111111111111111111111111110000000000000000000000000000000000000000000000000000000000000000000000]
shiftreg226            (alloca           ) [ 00111111111111111111111111111111111111111111111111111111111111111111111111110000000000000000000000000000000000000000000000000000000000000000000000]
shiftreg247            (alloca           ) [ 00111111111111111111111111111111111111111111111111111111111111111111111111110000000000000000000000000000000000000000000000000000000000000000000000]
shiftreg268            (alloca           ) [ 00111111111111111111111111111111111111111111111111111111111111111111111111110000000000000000000000000000000000000000000000000000000000000000000000]
shiftreg289            (alloca           ) [ 00111111111111111111111111111111111111111111111111111111111111111111111111110000000000000000000000000000000000000000000000000000000000000000000000]
shiftreg3010           (alloca           ) [ 01111111111111111111111111111111111111111111111111111111111111111111111111110000000000000000000000000000000000000000000000000000000000000000000000]
shiftreg3212           (alloca           ) [ 01111111111111111111111111111111111111111111111111111111111111111111111111110000000000000000000000000000000000000000000000000000000000000000000000]
shiftreg3414           (alloca           ) [ 01111111111111111111111111111111111111111111111111111111111111111111111111110000000000000000000000000000000000000000000000000000000000000000000000]
shiftreg3616           (alloca           ) [ 01111111111111111111111111111111111111111111111111111111111111111111111111110000000000000000000000000000000000000000000000000000000000000000000000]
c_3_read               (read             ) [ 00000000000000000000000000000000000000000000000000000000000000000000000000000000000000000000000000000000000000000000000000000000000000000000000000]
c_2_read               (read             ) [ 00000000000000000000000000000000000000000000000000000000000000000000000000000000000000000000000000000000000000000000000000000000000000000000000000]
c_1_read               (read             ) [ 00000000000000000000000000000000000000000000000000000000000000000000000000000000000000000000000000000000000000000000000000000000000000000000000000]
c_0_read               (read             ) [ 00000000000000000000000000000000000000000000000000000000000000000000000000000000000000000000000000000000000000000000000000000000000000000000000000]
b_3_read               (read             ) [ 00000000000000000000000000000000000000000000000000000000000000000000000000000000000000000000000000000000000000000000000000000000000000000000000000]
b_2_read               (read             ) [ 00000000000000000000000000000000000000000000000000000000000000000000000000000000000000000000000000000000000000000000000000000000000000000000000000]
b_1_read               (read             ) [ 00000000000000000000000000000000000000000000000000000000000000000000000000000000000000000000000000000000000000000000000000000000000000000000000000]
b_0_read               (read             ) [ 00000000000000000000000000000000000000000000000000000000000000000000000000000000000000000000000000000000000000000000000000000000000000000000000000]
a_3_read               (read             ) [ 00000000000000000000000000000000000000000000000000000000000000000000000000000000000000000000000000000000000000000000000000000000000000000000000000]
a_2_read               (read             ) [ 00000000000000000000000000000000000000000000000000000000000000000000000000000000000000000000000000000000000000000000000000000000000000000000000000]
a_1_read               (read             ) [ 00000000000000000000000000000000000000000000000000000000000000000000000000000000000000000000000000000000000000000000000000000000000000000000000000]
a_0_read               (read             ) [ 00000000000000000000000000000000000000000000000000000000000000000000000000000000000000000000000000000000000000000000000000000000000000000000000000]
trunc_ln               (partselect       ) [ 00000000000000000000000000000000000000000000000000000000000000000000000000000000000000000000000000000000000000000000000000000000000000000000000000]
sext_ln19              (sext             ) [ 00000000000000000000000000000000000000000000000000000000000000000000000000000000000000000000000000000000000000000000000000000000000000000000000000]
gmem0_0_addr           (getelementptr    ) [ 00111111111111111111111111111111111111111111111111111111111111111111111111000000000000000000000000000000000000000000000000000000000000000000000000]
trunc_ln19_1           (partselect       ) [ 00000000000000000000000000000000000000000000000000000000000000000000000000000000000000000000000000000000000000000000000000000000000000000000000000]
sext_ln19_1            (sext             ) [ 00000000000000000000000000000000000000000000000000000000000000000000000000000000000000000000000000000000000000000000000000000000000000000000000000]
gmem1_0_addr           (getelementptr    ) [ 00111111111111111111111111111111111111111111111111111111111111111111111111000000000000000000000000000000000000000000000000000000000000000000000000]
trunc_ln19_2           (partselect       ) [ 00000000000000000000000000000000000000000000000000000000000000000000000000000000000000000000000000000000000000000000000000000000000000000000000000]
sext_ln19_2            (sext             ) [ 00000000000000000000000000000000000000000000000000000000000000000000000000000000000000000000000000000000000000000000000000000000000000000000000000]
gmem0_1_addr           (getelementptr    ) [ 00111111111111111111111111111111111111111111111111111111111111111111111111000000000000000000000000000000000000000000000000000000000000000000000000]
trunc_ln19_3           (partselect       ) [ 00000000000000000000000000000000000000000000000000000000000000000000000000000000000000000000000000000000000000000000000000000000000000000000000000]
sext_ln19_3            (sext             ) [ 00000000000000000000000000000000000000000000000000000000000000000000000000000000000000000000000000000000000000000000000000000000000000000000000000]
gmem0_2_addr           (getelementptr    ) [ 00111111111111111111111111111111111111111111111111111111111111111111111111000000000000000000000000000000000000000000000000000000000000000000000000]
trunc_ln19_4           (partselect       ) [ 00000000000000000000000000000000000000000000000000000000000000000000000000000000000000000000000000000000000000000000000000000000000000000000000000]
sext_ln19_4            (sext             ) [ 00000000000000000000000000000000000000000000000000000000000000000000000000000000000000000000000000000000000000000000000000000000000000000000000000]
gmem0_3_addr           (getelementptr    ) [ 00111111111111111111111111111111111111111111111111111111111111111111111111000000000000000000000000000000000000000000000000000000000000000000000000]
trunc_ln19_5           (partselect       ) [ 00000000000000000000000000000000000000000000000000000000000000000000000000000000000000000000000000000000000000000000000000000000000000000000000000]
sext_ln19_5            (sext             ) [ 00000000000000000000000000000000000000000000000000000000000000000000000000000000000000000000000000000000000000000000000000000000000000000000000000]
gmem1_1_addr           (getelementptr    ) [ 00111111111111111111111111111111111111111111111111111111111111111111111111000000000000000000000000000000000000000000000000000000000000000000000000]
trunc_ln19_6           (partselect       ) [ 00000000000000000000000000000000000000000000000000000000000000000000000000000000000000000000000000000000000000000000000000000000000000000000000000]
sext_ln19_6            (sext             ) [ 00000000000000000000000000000000000000000000000000000000000000000000000000000000000000000000000000000000000000000000000000000000000000000000000000]
gmem1_2_addr           (getelementptr    ) [ 00111111111111111111111111111111111111111111111111111111111111111111111111000000000000000000000000000000000000000000000000000000000000000000000000]
trunc_ln19_7           (partselect       ) [ 00000000000000000000000000000000000000000000000000000000000000000000000000000000000000000000000000000000000000000000000000000000000000000000000000]
sext_ln19_7            (sext             ) [ 00000000000000000000000000000000000000000000000000000000000000000000000000000000000000000000000000000000000000000000000000000000000000000000000000]
gmem1_3_addr           (getelementptr    ) [ 00111111111111111111111111111111111111111111111111111111111111111111111111000000000000000000000000000000000000000000000000000000000000000000000000]
p_cast                 (partselect       ) [ 00111111111111111111111111111111111111111111111111111111111111111111111111100000000000000000000000000000000000000000000000000000000000000000000000]
p_cast1                (partselect       ) [ 00111111111111111111111111111111111111111111111111111111111111111111111111100000000000000000000000000000000000000000000000000000000000000000000000]
p_cast2                (partselect       ) [ 00111111111111111111111111111111111111111111111111111111111111111111111111100000000000000000000000000000000000000000000000000000000000000000000000]
p_cast3                (partselect       ) [ 00111111111111111111111111111111111111111111111111111111111111111111111111100000000000000000000000000000000000000000000000000000000000000000000000]
store_ln0              (store            ) [ 00000000000000000000000000000000000000000000000000000000000000000000000000000000000000000000000000000000000000000000000000000000000000000000000000]
store_ln0              (store            ) [ 00000000000000000000000000000000000000000000000000000000000000000000000000000000000000000000000000000000000000000000000000000000000000000000000000]
store_ln0              (store            ) [ 00000000000000000000000000000000000000000000000000000000000000000000000000000000000000000000000000000000000000000000000000000000000000000000000000]
store_ln0              (store            ) [ 00000000000000000000000000000000000000000000000000000000000000000000000000000000000000000000000000000000000000000000000000000000000000000000000000]
store_ln0              (store            ) [ 00000000000000000000000000000000000000000000000000000000000000000000000000000000000000000000000000000000000000000000000000000000000000000000000000]
gmem0_0_load_req       (readreq          ) [ 00000000000000000000000000000000000000000000000000000000000000000000000000000000000000000000000000000000000000000000000000000000000000000000000000]
gmem1_0_load_req       (readreq          ) [ 00000000000000000000000000000000000000000000000000000000000000000000000000000000000000000000000000000000000000000000000000000000000000000000000000]
gmem0_1_load_req       (readreq          ) [ 00000000000000000000000000000000000000000000000000000000000000000000000000000000000000000000000000000000000000000000000000000000000000000000000000]
gmem0_2_load_req       (readreq          ) [ 00000000000000000000000000000000000000000000000000000000000000000000000000000000000000000000000000000000000000000000000000000000000000000000000000]
gmem0_3_load_req       (readreq          ) [ 00000000000000000000000000000000000000000000000000000000000000000000000000000000000000000000000000000000000000000000000000000000000000000000000000]
gmem1_1_load_req       (readreq          ) [ 00000000000000000000000000000000000000000000000000000000000000000000000000000000000000000000000000000000000000000000000000000000000000000000000000]
gmem1_2_load_req       (readreq          ) [ 00000000000000000000000000000000000000000000000000000000000000000000000000000000000000000000000000000000000000000000000000000000000000000000000000]
gmem1_3_load_req       (readreq          ) [ 00000000000000000000000000000000000000000000000000000000000000000000000000000000000000000000000000000000000000000000000000000000000000000000000000]
gmem0_0_addr_read      (read             ) [ 00000000000000000000000000000000000000000000000000000000000000000000000000100000000000000000000000000000000000000000000000000000000000000000000000]
gmem1_0_addr_read      (read             ) [ 00000000000000000000000000000000000000000000000000000000000000000000000000100000000000000000000000000000000000000000000000000000000000000000000000]
gmem0_1_addr_read      (read             ) [ 00000000000000000000000000000000000000000000000000000000000000000000000000100000000000000000000000000000000000000000000000000000000000000000000000]
gmem0_2_addr_read      (read             ) [ 00000000000000000000000000000000000000000000000000000000000000000000000000100000000000000000000000000000000000000000000000000000000000000000000000]
gmem0_3_addr_read      (read             ) [ 00000000000000000000000000000000000000000000000000000000000000000000000000100000000000000000000000000000000000000000000000000000000000000000000000]
gmem1_1_addr_read      (read             ) [ 00000000000000000000000000000000000000000000000000000000000000000000000000100000000000000000000000000000000000000000000000000000000000000000000000]
gmem1_2_addr_read      (read             ) [ 00000000000000000000000000000000000000000000000000000000000000000000000000100000000000000000000000000000000000000000000000000000000000000000000000]
gmem1_3_addr_read      (read             ) [ 00000000000000000000000000000000000000000000000000000000000000000000000000100000000000000000000000000000000000000000000000000000000000000000000000]
spectopmodule_ln5      (spectopmodule    ) [ 00000000000000000000000000000000000000000000000000000000000000000000000000000000000000000000000000000000000000000000000000000000000000000000000000]
specinterface_ln5      (specinterface    ) [ 00000000000000000000000000000000000000000000000000000000000000000000000000000000000000000000000000000000000000000000000000000000000000000000000000]
specinterface_ln0      (specinterface    ) [ 00000000000000000000000000000000000000000000000000000000000000000000000000000000000000000000000000000000000000000000000000000000000000000000000000]
specbitsmap_ln0        (specbitsmap      ) [ 00000000000000000000000000000000000000000000000000000000000000000000000000000000000000000000000000000000000000000000000000000000000000000000000000]
specinterface_ln0      (specinterface    ) [ 00000000000000000000000000000000000000000000000000000000000000000000000000000000000000000000000000000000000000000000000000000000000000000000000000]
specbitsmap_ln0        (specbitsmap      ) [ 00000000000000000000000000000000000000000000000000000000000000000000000000000000000000000000000000000000000000000000000000000000000000000000000000]
specinterface_ln0      (specinterface    ) [ 00000000000000000000000000000000000000000000000000000000000000000000000000000000000000000000000000000000000000000000000000000000000000000000000000]
specbitsmap_ln0        (specbitsmap      ) [ 00000000000000000000000000000000000000000000000000000000000000000000000000000000000000000000000000000000000000000000000000000000000000000000000000]
specinterface_ln0      (specinterface    ) [ 00000000000000000000000000000000000000000000000000000000000000000000000000000000000000000000000000000000000000000000000000000000000000000000000000]
specbitsmap_ln0        (specbitsmap      ) [ 00000000000000000000000000000000000000000000000000000000000000000000000000000000000000000000000000000000000000000000000000000000000000000000000000]
specinterface_ln0      (specinterface    ) [ 00000000000000000000000000000000000000000000000000000000000000000000000000000000000000000000000000000000000000000000000000000000000000000000000000]
specbitsmap_ln0        (specbitsmap      ) [ 00000000000000000000000000000000000000000000000000000000000000000000000000000000000000000000000000000000000000000000000000000000000000000000000000]
specinterface_ln0      (specinterface    ) [ 00000000000000000000000000000000000000000000000000000000000000000000000000000000000000000000000000000000000000000000000000000000000000000000000000]
specbitsmap_ln0        (specbitsmap      ) [ 00000000000000000000000000000000000000000000000000000000000000000000000000000000000000000000000000000000000000000000000000000000000000000000000000]
specinterface_ln0      (specinterface    ) [ 00000000000000000000000000000000000000000000000000000000000000000000000000000000000000000000000000000000000000000000000000000000000000000000000000]
specbitsmap_ln0        (specbitsmap      ) [ 00000000000000000000000000000000000000000000000000000000000000000000000000000000000000000000000000000000000000000000000000000000000000000000000000]
specinterface_ln0      (specinterface    ) [ 00000000000000000000000000000000000000000000000000000000000000000000000000000000000000000000000000000000000000000000000000000000000000000000000000]
specbitsmap_ln0        (specbitsmap      ) [ 00000000000000000000000000000000000000000000000000000000000000000000000000000000000000000000000000000000000000000000000000000000000000000000000000]
specinterface_ln0      (specinterface    ) [ 00000000000000000000000000000000000000000000000000000000000000000000000000000000000000000000000000000000000000000000000000000000000000000000000000]
specbitsmap_ln0        (specbitsmap      ) [ 00000000000000000000000000000000000000000000000000000000000000000000000000000000000000000000000000000000000000000000000000000000000000000000000000]
specinterface_ln0      (specinterface    ) [ 00000000000000000000000000000000000000000000000000000000000000000000000000000000000000000000000000000000000000000000000000000000000000000000000000]
specbitsmap_ln0        (specbitsmap      ) [ 00000000000000000000000000000000000000000000000000000000000000000000000000000000000000000000000000000000000000000000000000000000000000000000000000]
specinterface_ln0      (specinterface    ) [ 00000000000000000000000000000000000000000000000000000000000000000000000000000000000000000000000000000000000000000000000000000000000000000000000000]
specbitsmap_ln0        (specbitsmap      ) [ 00000000000000000000000000000000000000000000000000000000000000000000000000000000000000000000000000000000000000000000000000000000000000000000000000]
specinterface_ln0      (specinterface    ) [ 00000000000000000000000000000000000000000000000000000000000000000000000000000000000000000000000000000000000000000000000000000000000000000000000000]
specbitsmap_ln0        (specbitsmap      ) [ 00000000000000000000000000000000000000000000000000000000000000000000000000000000000000000000000000000000000000000000000000000000000000000000000000]
specinterface_ln0      (specinterface    ) [ 00000000000000000000000000000000000000000000000000000000000000000000000000000000000000000000000000000000000000000000000000000000000000000000000000]
specinterface_ln0      (specinterface    ) [ 00000000000000000000000000000000000000000000000000000000000000000000000000000000000000000000000000000000000000000000000000000000000000000000000000]
specinterface_ln0      (specinterface    ) [ 00000000000000000000000000000000000000000000000000000000000000000000000000000000000000000000000000000000000000000000000000000000000000000000000000]
specinterface_ln0      (specinterface    ) [ 00000000000000000000000000000000000000000000000000000000000000000000000000000000000000000000000000000000000000000000000000000000000000000000000000]
specinterface_ln0      (specinterface    ) [ 00000000000000000000000000000000000000000000000000000000000000000000000000000000000000000000000000000000000000000000000000000000000000000000000000]
specinterface_ln0      (specinterface    ) [ 00000000000000000000000000000000000000000000000000000000000000000000000000000000000000000000000000000000000000000000000000000000000000000000000000]
specinterface_ln0      (specinterface    ) [ 00000000000000000000000000000000000000000000000000000000000000000000000000000000000000000000000000000000000000000000000000000000000000000000000000]
specinterface_ln0      (specinterface    ) [ 00000000000000000000000000000000000000000000000000000000000000000000000000000000000000000000000000000000000000000000000000000000000000000000000000]
specinterface_ln0      (specinterface    ) [ 00000000000000000000000000000000000000000000000000000000000000000000000000000000000000000000000000000000000000000000000000000000000000000000000000]
specinterface_ln0      (specinterface    ) [ 00000000000000000000000000000000000000000000000000000000000000000000000000000000000000000000000000000000000000000000000000000000000000000000000000]
specinterface_ln0      (specinterface    ) [ 00000000000000000000000000000000000000000000000000000000000000000000000000000000000000000000000000000000000000000000000000000000000000000000000000]
specinterface_ln0      (specinterface    ) [ 00000000000000000000000000000000000000000000000000000000000000000000000000000000000000000000000000000000000000000000000000000000000000000000000000]
specinterface_ln0      (specinterface    ) [ 00000000000000000000000000000000000000000000000000000000000000000000000000000000000000000000000000000000000000000000000000000000000000000000000000]
specinterface_ln0      (specinterface    ) [ 00000000000000000000000000000000000000000000000000000000000000000000000000000000000000000000000000000000000000000000000000000000000000000000000000]
specinterface_ln0      (specinterface    ) [ 00000000000000000000000000000000000000000000000000000000000000000000000000000000000000000000000000000000000000000000000000000000000000000000000000]
specinterface_ln0      (specinterface    ) [ 00000000000000000000000000000000000000000000000000000000000000000000000000000000000000000000000000000000000000000000000000000000000000000000000000]
specinterface_ln0      (specinterface    ) [ 00000000000000000000000000000000000000000000000000000000000000000000000000000000000000000000000000000000000000000000000000000000000000000000000000]
specinterface_ln0      (specinterface    ) [ 00000000000000000000000000000000000000000000000000000000000000000000000000000000000000000000000000000000000000000000000000000000000000000000000000]
specinterface_ln0      (specinterface    ) [ 00000000000000000000000000000000000000000000000000000000000000000000000000000000000000000000000000000000000000000000000000000000000000000000000000]
specinterface_ln0      (specinterface    ) [ 00000000000000000000000000000000000000000000000000000000000000000000000000000000000000000000000000000000000000000000000000000000000000000000000000]
specinterface_ln0      (specinterface    ) [ 00000000000000000000000000000000000000000000000000000000000000000000000000000000000000000000000000000000000000000000000000000000000000000000000000]
specinterface_ln0      (specinterface    ) [ 00000000000000000000000000000000000000000000000000000000000000000000000000000000000000000000000000000000000000000000000000000000000000000000000000]
specinterface_ln0      (specinterface    ) [ 00000000000000000000000000000000000000000000000000000000000000000000000000000000000000000000000000000000000000000000000000000000000000000000000000]
specinterface_ln0      (specinterface    ) [ 00000000000000000000000000000000000000000000000000000000000000000000000000000000000000000000000000000000000000000000000000000000000000000000000000]
specinterface_ln0      (specinterface    ) [ 00000000000000000000000000000000000000000000000000000000000000000000000000000000000000000000000000000000000000000000000000000000000000000000000000]
p_cast_cast            (sext             ) [ 00000000000000000000000000000000000000000000000000000000000000000000000000000000000000000000000000000000000000000000000000000000000000000000000000]
gmem2_3_addr           (getelementptr    ) [ 00000000000000000000000000000000000000000000000000000000000000000000000000011111111111111111111111111111111111111111111111111111111111111111111111]
p_cast1_cast           (sext             ) [ 00000000000000000000000000000000000000000000000000000000000000000000000000000000000000000000000000000000000000000000000000000000000000000000000000]
gmem2_2_addr           (getelementptr    ) [ 00000000000000000000000000000000000000000000000000000000000000000000000000011111111111111111111111111111111111111111111111111111111111111111111111]
p_cast2_cast           (sext             ) [ 00000000000000000000000000000000000000000000000000000000000000000000000000000000000000000000000000000000000000000000000000000000000000000000000000]
gmem2_1_addr           (getelementptr    ) [ 00000000000000000000000000000000000000000000000000000000000000000000000000011111111111111111111111111111111111111111111111111111111111111111111111]
p_cast3_cast           (sext             ) [ 00000000000000000000000000000000000000000000000000000000000000000000000000000000000000000000000000000000000000000000000000000000000000000000000000]
gmem2_0_addr           (getelementptr    ) [ 00000000000000000000000000000000000000000000000000000000000000000000000000011111111111111111111111111111111111111111111111111111111111111111111111]
store_ln19             (store            ) [ 00000000000000000000000000000000000000000000000000000000000000000000000000000000000000000000000000000000000000000000000000000000000000000000000000]
store_ln19             (store            ) [ 00000000000000000000000000000000000000000000000000000000000000000000000000000000000000000000000000000000000000000000000000000000000000000000000000]
store_ln19             (store            ) [ 00000000000000000000000000000000000000000000000000000000000000000000000000000000000000000000000000000000000000000000000000000000000000000000000000]
store_ln19             (store            ) [ 00000000000000000000000000000000000000000000000000000000000000000000000000000000000000000000000000000000000000000000000000000000000000000000000000]
store_ln19             (store            ) [ 00000000000000000000000000000000000000000000000000000000000000000000000000000000000000000000000000000000000000000000000000000000000000000000000000]
store_ln19             (store            ) [ 00000000000000000000000000000000000000000000000000000000000000000000000000000000000000000000000000000000000000000000000000000000000000000000000000]
store_ln19             (store            ) [ 00000000000000000000000000000000000000000000000000000000000000000000000000000000000000000000000000000000000000000000000000000000000000000000000000]
store_ln19             (store            ) [ 00000000000000000000000000000000000000000000000000000000000000000000000000000000000000000000000000000000000000000000000000000000000000000000000000]
br_ln19                (br               ) [ 00000000000000000000000000000000000000000000000000000000000000000000000000000000000000000000000000000000000000000000000000000000000000000000000000]
i1_load                (load             ) [ 00000000000000000000000000000000000000000000000000000000000000000000000000000000000000000000000000000000000000000000000000000000000000000000000000]
shiftreg2_load         (load             ) [ 00000000000000000000000000000000000000000000000000000000000000000000000000000000000000000000000000000000000000000000000000000000000000000000000000]
shiftreg163_load       (load             ) [ 00000000000000000000000000000000000000000000000000000000000000000000000000000000000000000000000000000000000000000000000000000000000000000000000000]
shiftreg184_load       (load             ) [ 00000000000000000000000000000000000000000000000000000000000000000000000000000000000000000000000000000000000000000000000000000000000000000000000000]
shiftreg205_load       (load             ) [ 00000000000000000000000000000000000000000000000000000000000000000000000000000000000000000000000000000000000000000000000000000000000000000000000000]
shiftreg226_load       (load             ) [ 00000000000000000000000000000000000000000000000000000000000000000000000000000000000000000000000000000000000000000000000000000000000000000000000000]
shiftreg247_load       (load             ) [ 00000000000000000000000000000000000000000000000000000000000000000000000000000000000000000000000000000000000000000000000000000000000000000000000000]
shiftreg268_load       (load             ) [ 00000000000000000000000000000000000000000000000000000000000000000000000000000000000000000000000000000000000000000000000000000000000000000000000000]
shiftreg289_load       (load             ) [ 00000000000000000000000000000000000000000000000000000000000000000000000000000000000000000000000000000000000000000000000000000000000000000000000000]
shiftreg3010_load      (load             ) [ 00000000000000000000000000000000000000000000000000000000000000000000000000000000000000000000000000000000000000000000000000000000000000000000000000]
shiftreg3212_load      (load             ) [ 00000000000000000000000000000000000000000000000000000000000000000000000000000000000000000000000000000000000000000000000000000000000000000000000000]
shiftreg3414_load      (load             ) [ 00000000000000000000000000000000000000000000000000000000000000000000000000000000000000000000000000000000000000000000000000000000000000000000000000]
shiftreg3616_load      (load             ) [ 00000000000000000000000000000000000000000000000000000000000000000000000000000000000000000000000000000000000000000000000000000000000000000000000000]
specpipeline_ln20      (specpipeline     ) [ 00000000000000000000000000000000000000000000000000000000000000000000000000000000000000000000000000000000000000000000000000000000000000000000000000]
speclooptripcount_ln19 (speclooptripcount) [ 00000000000000000000000000000000000000000000000000000000000000000000000000000000000000000000000000000000000000000000000000000000000000000000000000]
specloopname_ln19      (specloopname     ) [ 00000000000000000000000000000000000000000000000000000000000000000000000000000000000000000000000000000000000000000000000000000000000000000000000000]
lshr_ln                (partselect       ) [ 00000000000000000000000000000000000000000000000000000000000000000000000000000000000000000000000000000000000000000000000000000000000000000000000000]
zext_ln22              (zext             ) [ 00000000000000000000000000000000000000000000000000000000000000000000000000000000000000000000000000000000000000000000000000000000000000000000000000]
lshr_ln22_1            (partselect       ) [ 00000000000000000000000000000000000000000000000000000000000000000000000000000000000000000000000000000000000000000000000000000000000000000000000000]
zext_ln22_1            (zext             ) [ 00000000000000000000000000000000000000000000000000000000000000000000000000000000000000000000000000000000000000000000000000000000000000000000000000]
trunc_ln22             (trunc            ) [ 00000000000000000000000000000000000000000000000000000000000000000000000000000000000000000000000000000000000000000000000000000000000000000000000000]
trunc_ln22_1           (trunc            ) [ 00000000000000000000000000000000000000000000000000000000000000000000000000000000000000000000000000000000000000000000000000000000000000000000000000]
add_ln22               (add              ) [ 00000000000000000000000000000000000000000000000000000000000000000000000000000000000000000000000000000000000000000000000000000000000000000000000000]
lshr_ln22_2            (partselect       ) [ 00000000000000000000000000000000000000000000000000000000000000000000000000000000000000000000000000000000000000000000000000000000000000000000000000]
zext_ln22_2            (zext             ) [ 00000000000000000000000000000000000000000000000000000000000000000000000000000000000000000000000000000000000000000000000000000000000000000000000000]
lshr_ln22_3            (partselect       ) [ 00000000000000000000000000000000000000000000000000000000000000000000000000000000000000000000000000000000000000000000000000000000000000000000000000]
zext_ln22_3            (zext             ) [ 00000000000000000000000000000000000000000000000000000000000000000000000000000000000000000000000000000000000000000000000000000000000000000000000000]
lshr_ln22_4            (partselect       ) [ 00000000000000000000000000000000000000000000000000000000000000000000000000000000000000000000000000000000000000000000000000000000000000000000000000]
zext_ln22_4            (zext             ) [ 00000000000000000000000000000000000000000000000000000000000000000000000000000000000000000000000000000000000000000000000000000000000000000000000000]
lshr_ln22_5            (partselect       ) [ 00000000000000000000000000000000000000000000000000000000000000000000000000000000000000000000000000000000000000000000000000000000000000000000000000]
zext_ln22_5            (zext             ) [ 00000000000000000000000000000000000000000000000000000000000000000000000000000000000000000000000000000000000000000000000000000000000000000000000000]
trunc_ln22_2           (trunc            ) [ 00000000000000000000000000000000000000000000000000000000000000000000000000000000000000000000000000000000000000000000000000000000000000000000000000]
trunc_ln22_3           (trunc            ) [ 00000000000000000000000000000000000000000000000000000000000000000000000000000000000000000000000000000000000000000000000000000000000000000000000000]
add_ln22_1             (add              ) [ 00000000000000000000000000000000000000000000000000000000000000000000000000000000000000000000000000000000000000000000000000000000000000000000000000]
lshr_ln22_6            (partselect       ) [ 00000000000000000000000000000000000000000000000000000000000000000000000000000000000000000000000000000000000000000000000000000000000000000000000000]
zext_ln22_6            (zext             ) [ 00000000000000000000000000000000000000000000000000000000000000000000000000000000000000000000000000000000000000000000000000000000000000000000000000]
trunc_ln22_4           (trunc            ) [ 00000000000000000000000000000000000000000000000000000000000000000000000000000000000000000000000000000000000000000000000000000000000000000000000000]
trunc_ln22_5           (trunc            ) [ 00000000000000000000000000000000000000000000000000000000000000000000000000000000000000000000000000000000000000000000000000000000000000000000000000]
add_ln22_2             (add              ) [ 00000000000000000000000000000000000000000000000000000000000000000000000000000000000000000000000000000000000000000000000000000000000000000000000000]
lshr_ln22_7            (partselect       ) [ 00000000000000000000000000000000000000000000000000000000000000000000000000000000000000000000000000000000000000000000000000000000000000000000000000]
zext_ln22_7            (zext             ) [ 00000000000000000000000000000000000000000000000000000000000000000000000000000000000000000000000000000000000000000000000000000000000000000000000000]
trunc_ln22_6           (trunc            ) [ 00000000000000000000000000000000000000000000000000000000000000000000000000000000000000000000000000000000000000000000000000000000000000000000000000]
trunc_ln22_7           (trunc            ) [ 00000000000000000000000000000000000000000000000000000000000000000000000000000000000000000000000000000000000000000000000000000000000000000000000000]
add_ln22_3             (add              ) [ 00000000000000000000000000000000000000000000000000000000000000000000000000000000000000000000000000000000000000000000000000000000000000000000000000]
lshr_ln22_8            (partselect       ) [ 00000000000000000000000000000000000000000000000000000000000000000000000000000000000000000000000000000000000000000000000000000000000000000000000000]
or_ln                  (bitconcatenate   ) [ 00000000000000000000000000000000000000000000000000000000000000000000000000001100000000000000000000000000000000000000000000000000000000000000000000]
lshr_ln22_9            (partselect       ) [ 00000000000000000000000000000000000000000000000000000000000000000000000000000000000000000000000000000000000000000000000000000000000000000000000000]
or_ln22_1              (bitconcatenate   ) [ 00000000000000000000000000000000000000000000000000000000000000000000000000001100000000000000000000000000000000000000000000000000000000000000000000]
lshr_ln22_s            (partselect       ) [ 00000000000000000000000000000000000000000000000000000000000000000000000000000000000000000000000000000000000000000000000000000000000000000000000000]
or_ln22_2              (bitconcatenate   ) [ 00000000000000000000000000000000000000000000000000000000000000000000000000001100000000000000000000000000000000000000000000000000000000000000000000]
lshr_ln22_10           (partselect       ) [ 00000000000000000000000000000000000000000000000000000000000000000000000000000000000000000000000000000000000000000000000000000000000000000000000000]
or_ln22_3              (bitconcatenate   ) [ 00000000000000000000000000000000000000000000000000000000000000000000000000001100000000000000000000000000000000000000000000000000000000000000000000]
i                      (add              ) [ 00000000000000000000000000000000000000000000000000000000000000000000000000000000000000000000000000000000000000000000000000000000000000000000000000]
tmp                    (bitselect        ) [ 00000000000000000000000000000000000000000000000000000000000000000000000000010000000000000000000000000000000000000000000000000000000000000000000000]
store_ln22             (store            ) [ 00000000000000000000000000000000000000000000000000000000000000000000000000000000000000000000000000000000000000000000000000000000000000000000000000]
store_ln22             (store            ) [ 00000000000000000000000000000000000000000000000000000000000000000000000000000000000000000000000000000000000000000000000000000000000000000000000000]
store_ln22             (store            ) [ 00000000000000000000000000000000000000000000000000000000000000000000000000000000000000000000000000000000000000000000000000000000000000000000000000]
store_ln22             (store            ) [ 00000000000000000000000000000000000000000000000000000000000000000000000000000000000000000000000000000000000000000000000000000000000000000000000000]
store_ln22             (store            ) [ 00000000000000000000000000000000000000000000000000000000000000000000000000000000000000000000000000000000000000000000000000000000000000000000000000]
store_ln22             (store            ) [ 00000000000000000000000000000000000000000000000000000000000000000000000000000000000000000000000000000000000000000000000000000000000000000000000000]
store_ln22             (store            ) [ 00000000000000000000000000000000000000000000000000000000000000000000000000000000000000000000000000000000000000000000000000000000000000000000000000]
store_ln22             (store            ) [ 00000000000000000000000000000000000000000000000000000000000000000000000000000000000000000000000000000000000000000000000000000000000000000000000000]
store_ln22             (store            ) [ 00000000000000000000000000000000000000000000000000000000000000000000000000000000000000000000000000000000000000000000000000000000000000000000000000]
store_ln22             (store            ) [ 00000000000000000000000000000000000000000000000000000000000000000000000000000000000000000000000000000000000000000000000000000000000000000000000000]
store_ln22             (store            ) [ 00000000000000000000000000000000000000000000000000000000000000000000000000000000000000000000000000000000000000000000000000000000000000000000000000]
store_ln22             (store            ) [ 00000000000000000000000000000000000000000000000000000000000000000000000000000000000000000000000000000000000000000000000000000000000000000000000000]
store_ln19             (store            ) [ 00000000000000000000000000000000000000000000000000000000000000000000000000000000000000000000000000000000000000000000000000000000000000000000000000]
br_ln19                (br               ) [ 00000000000000000000000000000000000000000000000000000000000000000000000000000000000000000000000000000000000000000000000000000000000000000000000000]
gmem2_0_addr_req       (writereq         ) [ 00000000000000000000000000000000000000000000000000000000000000000000000000000000000000000000000000000000000000000000000000000000000000000000000000]
gmem2_1_addr_req       (writereq         ) [ 00000000000000000000000000000000000000000000000000000000000000000000000000000000000000000000000000000000000000000000000000000000000000000000000000]
gmem2_2_addr_req       (writereq         ) [ 00000000000000000000000000000000000000000000000000000000000000000000000000000000000000000000000000000000000000000000000000000000000000000000000000]
gmem2_3_addr_req       (writereq         ) [ 00000000000000000000000000000000000000000000000000000000000000000000000000000000000000000000000000000000000000000000000000000000000000000000000000]
write_ln24             (write            ) [ 00000000000000000000000000000000000000000000000000000000000000000000000000000000000000000000000000000000000000000000000000000000000000000000000000]
write_ln24             (write            ) [ 00000000000000000000000000000000000000000000000000000000000000000000000000000000000000000000000000000000000000000000000000000000000000000000000000]
write_ln24             (write            ) [ 00000000000000000000000000000000000000000000000000000000000000000000000000000000000000000000000000000000000000000000000000000000000000000000000000]
write_ln24             (write            ) [ 00000000000000000000000000000000000000000000000000000000000000000000000000000000000000000000000000000000000000000000000000000000000000000000000000]
gmem2_0_addr_resp      (writeresp        ) [ 00000000000000000000000000000000000000000000000000000000000000000000000000000000000000000000000000000000000000000000000000000000000000000000000000]
gmem2_1_addr_resp      (writeresp        ) [ 00000000000000000000000000000000000000000000000000000000000000000000000000000000000000000000000000000000000000000000000000000000000000000000000000]
gmem2_2_addr_resp      (writeresp        ) [ 00000000000000000000000000000000000000000000000000000000000000000000000000000000000000000000000000000000000000000000000000000000000000000000000000]
gmem2_3_addr_resp      (writeresp        ) [ 00000000000000000000000000000000000000000000000000000000000000000000000000000000000000000000000000000000000000000000000000000000000000000000000000]
ret_ln24               (ret              ) [ 00000000000000000000000000000000000000000000000000000000000000000000000000000000000000000000000000000000000000000000000000000000000000000000000000]
</LifeTime>

<model>

<comp_list>
<comp id="0" class="1000" name="gmem0_0">
<pin_list>
<pin id="1" dir="1" index="0" bw="1" slack="0"/>
</pin_list>
<bind>
<StgValue><ssdm name="gmem0_0"/><MemPortTyVec>0 </MemPortTyVec>
</StgValue>
</bind>
</comp>

<comp id="2" class="1000" name="gmem0_1">
<pin_list>
<pin id="3" dir="1" index="0" bw="1" slack="0"/>
</pin_list>
<bind>
<StgValue><ssdm name="gmem0_1"/><MemPortTyVec>0 </MemPortTyVec>
</StgValue>
</bind>
</comp>

<comp id="4" class="1000" name="gmem0_2">
<pin_list>
<pin id="5" dir="1" index="0" bw="1" slack="0"/>
</pin_list>
<bind>
<StgValue><ssdm name="gmem0_2"/><MemPortTyVec>0 </MemPortTyVec>
</StgValue>
</bind>
</comp>

<comp id="6" class="1000" name="gmem0_3">
<pin_list>
<pin id="7" dir="1" index="0" bw="1" slack="0"/>
</pin_list>
<bind>
<StgValue><ssdm name="gmem0_3"/><MemPortTyVec>0 </MemPortTyVec>
</StgValue>
</bind>
</comp>

<comp id="8" class="1000" name="gmem1_0">
<pin_list>
<pin id="9" dir="1" index="0" bw="1" slack="0"/>
</pin_list>
<bind>
<StgValue><ssdm name="gmem1_0"/><MemPortTyVec>0 </MemPortTyVec>
</StgValue>
</bind>
</comp>

<comp id="10" class="1000" name="gmem1_1">
<pin_list>
<pin id="11" dir="1" index="0" bw="1" slack="0"/>
</pin_list>
<bind>
<StgValue><ssdm name="gmem1_1"/><MemPortTyVec>0 </MemPortTyVec>
</StgValue>
</bind>
</comp>

<comp id="12" class="1000" name="gmem1_2">
<pin_list>
<pin id="13" dir="1" index="0" bw="1" slack="0"/>
</pin_list>
<bind>
<StgValue><ssdm name="gmem1_2"/><MemPortTyVec>0 </MemPortTyVec>
</StgValue>
</bind>
</comp>

<comp id="14" class="1000" name="gmem1_3">
<pin_list>
<pin id="15" dir="1" index="0" bw="1" slack="0"/>
</pin_list>
<bind>
<StgValue><ssdm name="gmem1_3"/><MemPortTyVec>0 </MemPortTyVec>
</StgValue>
</bind>
</comp>

<comp id="16" class="1000" name="gmem2_0">
<pin_list>
<pin id="17" dir="1" index="0" bw="1" slack="0"/>
</pin_list>
<bind>
<StgValue><ssdm name="gmem2_0"/><MemPortTyVec>1 </MemPortTyVec>
</StgValue>
</bind>
</comp>

<comp id="18" class="1000" name="gmem2_1">
<pin_list>
<pin id="19" dir="1" index="0" bw="1" slack="0"/>
</pin_list>
<bind>
<StgValue><ssdm name="gmem2_1"/><MemPortTyVec>1 </MemPortTyVec>
</StgValue>
</bind>
</comp>

<comp id="20" class="1000" name="gmem2_2">
<pin_list>
<pin id="21" dir="1" index="0" bw="1" slack="0"/>
</pin_list>
<bind>
<StgValue><ssdm name="gmem2_2"/><MemPortTyVec>1 </MemPortTyVec>
</StgValue>
</bind>
</comp>

<comp id="22" class="1000" name="gmem2_3">
<pin_list>
<pin id="23" dir="1" index="0" bw="1" slack="0"/>
</pin_list>
<bind>
<StgValue><ssdm name="gmem2_3"/><MemPortTyVec>1 </MemPortTyVec>
</StgValue>
</bind>
</comp>

<comp id="24" class="1000" name="a_0">
<pin_list>
<pin id="25" dir="1" index="0" bw="1" slack="0"/>
</pin_list>
<bind>
<StgValue><ssdm name="a_0"/></StgValue>
</bind>
</comp>

<comp id="26" class="1000" name="a_1">
<pin_list>
<pin id="27" dir="1" index="0" bw="1" slack="0"/>
</pin_list>
<bind>
<StgValue><ssdm name="a_1"/></StgValue>
</bind>
</comp>

<comp id="28" class="1000" name="a_2">
<pin_list>
<pin id="29" dir="1" index="0" bw="1" slack="0"/>
</pin_list>
<bind>
<StgValue><ssdm name="a_2"/></StgValue>
</bind>
</comp>

<comp id="30" class="1000" name="a_3">
<pin_list>
<pin id="31" dir="1" index="0" bw="1" slack="0"/>
</pin_list>
<bind>
<StgValue><ssdm name="a_3"/></StgValue>
</bind>
</comp>

<comp id="32" class="1000" name="b_0">
<pin_list>
<pin id="33" dir="1" index="0" bw="1" slack="0"/>
</pin_list>
<bind>
<StgValue><ssdm name="b_0"/></StgValue>
</bind>
</comp>

<comp id="34" class="1000" name="b_1">
<pin_list>
<pin id="35" dir="1" index="0" bw="1" slack="0"/>
</pin_list>
<bind>
<StgValue><ssdm name="b_1"/></StgValue>
</bind>
</comp>

<comp id="36" class="1000" name="b_2">
<pin_list>
<pin id="37" dir="1" index="0" bw="1" slack="0"/>
</pin_list>
<bind>
<StgValue><ssdm name="b_2"/></StgValue>
</bind>
</comp>

<comp id="38" class="1000" name="b_3">
<pin_list>
<pin id="39" dir="1" index="0" bw="1" slack="0"/>
</pin_list>
<bind>
<StgValue><ssdm name="b_3"/></StgValue>
</bind>
</comp>

<comp id="40" class="1000" name="c_0">
<pin_list>
<pin id="41" dir="1" index="0" bw="1" slack="0"/>
</pin_list>
<bind>
<StgValue><ssdm name="c_0"/></StgValue>
</bind>
</comp>

<comp id="42" class="1000" name="c_1">
<pin_list>
<pin id="43" dir="1" index="0" bw="1" slack="0"/>
</pin_list>
<bind>
<StgValue><ssdm name="c_1"/></StgValue>
</bind>
</comp>

<comp id="44" class="1000" name="c_2">
<pin_list>
<pin id="45" dir="1" index="0" bw="1" slack="0"/>
</pin_list>
<bind>
<StgValue><ssdm name="c_2"/></StgValue>
</bind>
</comp>

<comp id="46" class="1000" name="c_3">
<pin_list>
<pin id="47" dir="1" index="0" bw="1" slack="0"/>
</pin_list>
<bind>
<StgValue><ssdm name="c_3"/></StgValue>
</bind>
</comp>

<comp id="48" class="1001" name="const_48">
<pin_list>
<pin id="49" dir="1" index="0" bw="1" slack="0"/>
</pin_list>
<bind>
<StgValue><ssdm name=""/></StgValue>
</bind>
</comp>

<comp id="50" class="1001" name="const_50">
<pin_list>
<pin id="51" dir="1" index="0" bw="1" slack="0"/>
</pin_list>
<bind>
<StgValue><ssdm name="_ssdm_op_Read.s_axilite.i64"/></StgValue>
</bind>
</comp>

<comp id="52" class="1001" name="const_52">
<pin_list>
<pin id="53" dir="1" index="0" bw="1" slack="0"/>
</pin_list>
<bind>
<StgValue><ssdm name="_ssdm_op_PartSelect.i62.i64.i32.i32"/></StgValue>
</bind>
</comp>

<comp id="54" class="1001" name="const_54">
<pin_list>
<pin id="55" dir="1" index="0" bw="1" slack="0"/>
</pin_list>
<bind>
<StgValue><ssdm name=""/></StgValue>
</bind>
</comp>

<comp id="56" class="1001" name="const_56">
<pin_list>
<pin id="57" dir="1" index="0" bw="1" slack="0"/>
</pin_list>
<bind>
<StgValue><ssdm name=""/></StgValue>
</bind>
</comp>

<comp id="58" class="1001" name="const_58">
<pin_list>
<pin id="59" dir="1" index="0" bw="1" slack="0"/>
</pin_list>
<bind>
<StgValue><ssdm name="_ssdm_op_PartSelect.i61.i64.i32.i32"/></StgValue>
</bind>
</comp>

<comp id="60" class="1001" name="const_60">
<pin_list>
<pin id="61" dir="1" index="0" bw="1" slack="0"/>
</pin_list>
<bind>
<StgValue><ssdm name=""/></StgValue>
</bind>
</comp>

<comp id="62" class="1001" name="const_62">
<pin_list>
<pin id="63" dir="1" index="0" bw="1" slack="0"/>
</pin_list>
<bind>
<StgValue><ssdm name=""/></StgValue>
</bind>
</comp>

<comp id="64" class="1001" name="const_64">
<pin_list>
<pin id="65" dir="1" index="0" bw="1" slack="0"/>
</pin_list>
<bind>
<StgValue><ssdm name=""/></StgValue>
</bind>
</comp>

<comp id="66" class="1001" name="const_66">
<pin_list>
<pin id="67" dir="1" index="0" bw="1" slack="0"/>
</pin_list>
<bind>
<StgValue><ssdm name="_ssdm_op_ReadReq.m_axi.i32P1A"/></StgValue>
</bind>
</comp>

<comp id="68" class="1001" name="const_68">
<pin_list>
<pin id="69" dir="1" index="0" bw="1" slack="0"/>
</pin_list>
<bind>
<StgValue><ssdm name=""/></StgValue>
</bind>
</comp>

<comp id="70" class="1001" name="const_70">
<pin_list>
<pin id="71" dir="1" index="0" bw="1" slack="0"/>
</pin_list>
<bind>
<StgValue><ssdm name="_ssdm_op_Read.m_axi.i32P1A"/></StgValue>
</bind>
</comp>

<comp id="72" class="1001" name="const_72">
<pin_list>
<pin id="73" dir="1" index="0" bw="1" slack="2147483647"/>
</pin_list>
<bind>
<StgValue><ssdm name="_ssdm_op_SpecTopModule"/></StgValue>
</bind>
</comp>

<comp id="74" class="1001" name="const_74">
<pin_list>
<pin id="75" dir="1" index="0" bw="1" slack="2147483647"/>
</pin_list>
<bind>
<StgValue><ssdm name="empty_29"/></StgValue>
</bind>
</comp>

<comp id="76" class="1001" name="const_76">
<pin_list>
<pin id="77" dir="1" index="0" bw="1" slack="2147483647"/>
</pin_list>
<bind>
<StgValue><ssdm name="_ssdm_op_SpecInterface"/></StgValue>
</bind>
</comp>

<comp id="78" class="1001" name="const_78">
<pin_list>
<pin id="79" dir="1" index="0" bw="1" slack="2147483647"/>
</pin_list>
<bind>
<StgValue><ssdm name=""/></StgValue>
</bind>
</comp>

<comp id="80" class="1001" name="const_80">
<pin_list>
<pin id="81" dir="1" index="0" bw="1" slack="2147483647"/>
</pin_list>
<bind>
<StgValue><ssdm name="empty_30"/></StgValue>
</bind>
</comp>

<comp id="82" class="1001" name="const_82">
<pin_list>
<pin id="83" dir="1" index="0" bw="1" slack="2147483647"/>
</pin_list>
<bind>
<StgValue><ssdm name="empty_24"/></StgValue>
</bind>
</comp>

<comp id="84" class="1001" name="const_84">
<pin_list>
<pin id="85" dir="1" index="0" bw="1" slack="2147483647"/>
</pin_list>
<bind>
<StgValue><ssdm name=""/></StgValue>
</bind>
</comp>

<comp id="86" class="1001" name="const_86">
<pin_list>
<pin id="87" dir="1" index="0" bw="1" slack="2147483647"/>
</pin_list>
<bind>
<StgValue><ssdm name="empty_15"/></StgValue>
</bind>
</comp>

<comp id="88" class="1001" name="const_88">
<pin_list>
<pin id="89" dir="1" index="0" bw="1" slack="2147483647"/>
</pin_list>
<bind>
<StgValue><ssdm name=""/></StgValue>
</bind>
</comp>

<comp id="90" class="1001" name="const_90">
<pin_list>
<pin id="91" dir="1" index="0" bw="1" slack="2147483647"/>
</pin_list>
<bind>
<StgValue><ssdm name="empty_8"/></StgValue>
</bind>
</comp>

<comp id="92" class="1001" name="const_92">
<pin_list>
<pin id="93" dir="1" index="0" bw="1" slack="2147483647"/>
</pin_list>
<bind>
<StgValue><ssdm name="empty_0"/></StgValue>
</bind>
</comp>

<comp id="94" class="1001" name="const_94">
<pin_list>
<pin id="95" dir="1" index="0" bw="1" slack="0"/>
</pin_list>
<bind>
<StgValue><ssdm name=""/></StgValue>
</bind>
</comp>

<comp id="96" class="1001" name="const_96">
<pin_list>
<pin id="97" dir="1" index="0" bw="1" slack="2147483647"/>
</pin_list>
<bind>
<StgValue><ssdm name="_ssdm_op_SpecBitsMap"/></StgValue>
</bind>
</comp>

<comp id="98" class="1001" name="const_98">
<pin_list>
<pin id="99" dir="1" index="0" bw="1" slack="2147483647"/>
</pin_list>
<bind>
<StgValue><ssdm name="empty_1"/></StgValue>
</bind>
</comp>

<comp id="100" class="1001" name="const_100">
<pin_list>
<pin id="101" dir="1" index="0" bw="1" slack="2147483647"/>
</pin_list>
<bind>
<StgValue><ssdm name="empty_2"/></StgValue>
</bind>
</comp>

<comp id="102" class="1001" name="const_102">
<pin_list>
<pin id="103" dir="1" index="0" bw="1" slack="2147483647"/>
</pin_list>
<bind>
<StgValue><ssdm name="empty_3"/></StgValue>
</bind>
</comp>

<comp id="104" class="1001" name="const_104">
<pin_list>
<pin id="105" dir="1" index="0" bw="1" slack="2147483647"/>
</pin_list>
<bind>
<StgValue><ssdm name="empty_32"/></StgValue>
</bind>
</comp>

<comp id="106" class="1001" name="const_106">
<pin_list>
<pin id="107" dir="1" index="0" bw="1" slack="2147483647"/>
</pin_list>
<bind>
<StgValue><ssdm name="empty_5"/></StgValue>
</bind>
</comp>

<comp id="108" class="1001" name="const_108">
<pin_list>
<pin id="109" dir="1" index="0" bw="1" slack="2147483647"/>
</pin_list>
<bind>
<StgValue><ssdm name="empty_14"/></StgValue>
</bind>
</comp>

<comp id="110" class="1001" name="const_110">
<pin_list>
<pin id="111" dir="1" index="0" bw="1" slack="2147483647"/>
</pin_list>
<bind>
<StgValue><ssdm name="empty_7"/></StgValue>
</bind>
</comp>

<comp id="112" class="1001" name="const_112">
<pin_list>
<pin id="113" dir="1" index="0" bw="1" slack="2147483647"/>
</pin_list>
<bind>
<StgValue><ssdm name="empty"/></StgValue>
</bind>
</comp>

<comp id="114" class="1001" name="const_114">
<pin_list>
<pin id="115" dir="1" index="0" bw="1" slack="2147483647"/>
</pin_list>
<bind>
<StgValue><ssdm name="empty_9"/></StgValue>
</bind>
</comp>

<comp id="116" class="1001" name="const_116">
<pin_list>
<pin id="117" dir="1" index="0" bw="1" slack="2147483647"/>
</pin_list>
<bind>
<StgValue><ssdm name="empty_10"/></StgValue>
</bind>
</comp>

<comp id="118" class="1001" name="const_118">
<pin_list>
<pin id="119" dir="1" index="0" bw="1" slack="2147483647"/>
</pin_list>
<bind>
<StgValue><ssdm name="empty_11"/></StgValue>
</bind>
</comp>

<comp id="120" class="1001" name="const_120">
<pin_list>
<pin id="121" dir="1" index="0" bw="1" slack="2147483647"/>
</pin_list>
<bind>
<StgValue><ssdm name="empty_12"/></StgValue>
</bind>
</comp>

<comp id="122" class="1001" name="const_122">
<pin_list>
<pin id="123" dir="1" index="0" bw="1" slack="2147483647"/>
</pin_list>
<bind>
<StgValue><ssdm name="empty_4"/></StgValue>
</bind>
</comp>

<comp id="124" class="1001" name="const_124">
<pin_list>
<pin id="125" dir="1" index="0" bw="1" slack="2147483647"/>
</pin_list>
<bind>
<StgValue><ssdm name="empty_6"/></StgValue>
</bind>
</comp>

<comp id="126" class="1001" name="const_126">
<pin_list>
<pin id="127" dir="1" index="0" bw="1" slack="2147483647"/>
</pin_list>
<bind>
<StgValue><ssdm name="empty_25"/></StgValue>
</bind>
</comp>

<comp id="128" class="1001" name="const_128">
<pin_list>
<pin id="129" dir="1" index="0" bw="1" slack="2147483647"/>
</pin_list>
<bind>
<StgValue><ssdm name="empty_17"/></StgValue>
</bind>
</comp>

<comp id="130" class="1001" name="const_130">
<pin_list>
<pin id="131" dir="1" index="0" bw="1" slack="2147483647"/>
</pin_list>
<bind>
<StgValue><ssdm name="empty_18"/></StgValue>
</bind>
</comp>

<comp id="132" class="1001" name="const_132">
<pin_list>
<pin id="133" dir="1" index="0" bw="1" slack="2147483647"/>
</pin_list>
<bind>
<StgValue><ssdm name="empty_19"/></StgValue>
</bind>
</comp>

<comp id="134" class="1001" name="const_134">
<pin_list>
<pin id="135" dir="1" index="0" bw="1" slack="2147483647"/>
</pin_list>
<bind>
<StgValue><ssdm name="empty_20"/></StgValue>
</bind>
</comp>

<comp id="136" class="1001" name="const_136">
<pin_list>
<pin id="137" dir="1" index="0" bw="1" slack="2147483647"/>
</pin_list>
<bind>
<StgValue><ssdm name="empty_21"/></StgValue>
</bind>
</comp>

<comp id="138" class="1001" name="const_138">
<pin_list>
<pin id="139" dir="1" index="0" bw="1" slack="2147483647"/>
</pin_list>
<bind>
<StgValue><ssdm name="empty_31"/></StgValue>
</bind>
</comp>

<comp id="140" class="1001" name="const_140">
<pin_list>
<pin id="141" dir="1" index="0" bw="1" slack="2147483647"/>
</pin_list>
<bind>
<StgValue><ssdm name="empty_23"/></StgValue>
</bind>
</comp>

<comp id="142" class="1001" name="const_142">
<pin_list>
<pin id="143" dir="1" index="0" bw="1" slack="2147483647"/>
</pin_list>
<bind>
<StgValue><ssdm name="empty_13"/></StgValue>
</bind>
</comp>

<comp id="144" class="1001" name="const_144">
<pin_list>
<pin id="145" dir="1" index="0" bw="1" slack="2147483647"/>
</pin_list>
<bind>
<StgValue><ssdm name="empty_16"/></StgValue>
</bind>
</comp>

<comp id="146" class="1001" name="const_146">
<pin_list>
<pin id="147" dir="1" index="0" bw="1" slack="2147483647"/>
</pin_list>
<bind>
<StgValue><ssdm name="empty_26"/></StgValue>
</bind>
</comp>

<comp id="148" class="1001" name="const_148">
<pin_list>
<pin id="149" dir="1" index="0" bw="1" slack="2147483647"/>
</pin_list>
<bind>
<StgValue><ssdm name="empty_27"/></StgValue>
</bind>
</comp>

<comp id="150" class="1001" name="const_150">
<pin_list>
<pin id="151" dir="1" index="0" bw="1" slack="2147483647"/>
</pin_list>
<bind>
<StgValue><ssdm name="empty_28"/></StgValue>
</bind>
</comp>

<comp id="152" class="1001" name="const_152">
<pin_list>
<pin id="153" dir="1" index="0" bw="1" slack="2147483647"/>
</pin_list>
<bind>
<StgValue><ssdm name="_ssdm_op_SpecPipeline"/></StgValue>
</bind>
</comp>

<comp id="154" class="1001" name="const_154">
<pin_list>
<pin id="155" dir="1" index="0" bw="1" slack="0"/>
</pin_list>
<bind>
<StgValue><ssdm name=""/></StgValue>
</bind>
</comp>

<comp id="156" class="1001" name="const_156">
<pin_list>
<pin id="157" dir="1" index="0" bw="1" slack="2147483647"/>
</pin_list>
<bind>
<StgValue><ssdm name="_ssdm_op_SpecLoopTripCount"/></StgValue>
</bind>
</comp>

<comp id="158" class="1001" name="const_158">
<pin_list>
<pin id="159" dir="1" index="0" bw="1" slack="2147483647"/>
</pin_list>
<bind>
<StgValue><ssdm name=""/></StgValue>
</bind>
</comp>

<comp id="160" class="1001" name="const_160">
<pin_list>
<pin id="161" dir="1" index="0" bw="1" slack="2147483647"/>
</pin_list>
<bind>
<StgValue><ssdm name="_ssdm_op_SpecLoopName"/></StgValue>
</bind>
</comp>

<comp id="162" class="1001" name="const_162">
<pin_list>
<pin id="163" dir="1" index="0" bw="1" slack="2147483647"/>
</pin_list>
<bind>
<StgValue><ssdm name="empty_22"/></StgValue>
</bind>
</comp>

<comp id="164" class="1001" name="const_164">
<pin_list>
<pin id="165" dir="1" index="0" bw="1" slack="0"/>
</pin_list>
<bind>
<StgValue><ssdm name="_ssdm_op_PartSelect.i24.i32.i32.i32"/></StgValue>
</bind>
</comp>

<comp id="166" class="1001" name="const_166">
<pin_list>
<pin id="167" dir="1" index="0" bw="1" slack="0"/>
</pin_list>
<bind>
<StgValue><ssdm name=""/></StgValue>
</bind>
</comp>

<comp id="168" class="1001" name="const_168">
<pin_list>
<pin id="169" dir="1" index="0" bw="1" slack="0"/>
</pin_list>
<bind>
<StgValue><ssdm name=""/></StgValue>
</bind>
</comp>

<comp id="170" class="1001" name="const_170">
<pin_list>
<pin id="171" dir="1" index="0" bw="1" slack="0"/>
</pin_list>
<bind>
<StgValue><ssdm name="_ssdm_op_PartSelect.i48.i64.i32.i32"/></StgValue>
</bind>
</comp>

<comp id="172" class="1001" name="const_172">
<pin_list>
<pin id="173" dir="1" index="0" bw="1" slack="0"/>
</pin_list>
<bind>
<StgValue><ssdm name="_ssdm_op_BitConcatenate.i64.i7.i9.i48"/></StgValue>
</bind>
</comp>

<comp id="174" class="1001" name="const_174">
<pin_list>
<pin id="175" dir="1" index="0" bw="1" slack="0"/>
</pin_list>
<bind>
<StgValue><ssdm name=""/></StgValue>
</bind>
</comp>

<comp id="176" class="1001" name="const_176">
<pin_list>
<pin id="177" dir="1" index="0" bw="1" slack="0"/>
</pin_list>
<bind>
<StgValue><ssdm name=""/></StgValue>
</bind>
</comp>

<comp id="178" class="1001" name="const_178">
<pin_list>
<pin id="179" dir="1" index="0" bw="1" slack="0"/>
</pin_list>
<bind>
<StgValue><ssdm name="_ssdm_op_BitSelect.i1.i5.i32"/></StgValue>
</bind>
</comp>

<comp id="180" class="1001" name="const_180">
<pin_list>
<pin id="181" dir="1" index="0" bw="1" slack="0"/>
</pin_list>
<bind>
<StgValue><ssdm name="_ssdm_op_WriteReq.m_axi.i64P1A"/></StgValue>
</bind>
</comp>

<comp id="182" class="1001" name="const_182">
<pin_list>
<pin id="183" dir="1" index="0" bw="1" slack="0"/>
</pin_list>
<bind>
<StgValue><ssdm name="_ssdm_op_Write.m_axi.i64P1A"/></StgValue>
</bind>
</comp>

<comp id="184" class="1001" name="const_184">
<pin_list>
<pin id="185" dir="1" index="0" bw="1" slack="0"/>
</pin_list>
<bind>
<StgValue><ssdm name=""/></StgValue>
</bind>
</comp>

<comp id="186" class="1001" name="const_186">
<pin_list>
<pin id="187" dir="1" index="0" bw="1" slack="0"/>
</pin_list>
<bind>
<StgValue><ssdm name="_ssdm_op_WriteResp.m_axi.i64P1A"/></StgValue>
</bind>
</comp>

<comp id="188" class="1004" name="i1_fu_188">
<pin_list>
<pin id="189" dir="0" index="0" bw="1" slack="0"/>
<pin id="190" dir="1" index="1" bw="5" slack="0"/>
</pin_list>
<bind>
<opcode="alloca(26) " fcode="alloca"/>
<opset="i1/1 "/>
</bind>
</comp>

<comp id="192" class="1004" name="shiftreg2_fu_192">
<pin_list>
<pin id="193" dir="0" index="0" bw="1" slack="0"/>
<pin id="194" dir="1" index="1" bw="32" slack="73"/>
</pin_list>
<bind>
<opcode="alloca(26) " fcode="alloca"/>
<opset="shiftreg2/1 "/>
</bind>
</comp>

<comp id="196" class="1004" name="shiftreg163_fu_196">
<pin_list>
<pin id="197" dir="0" index="0" bw="1" slack="0"/>
<pin id="198" dir="1" index="1" bw="32" slack="73"/>
</pin_list>
<bind>
<opcode="alloca(26) " fcode="alloca"/>
<opset="shiftreg163/1 "/>
</bind>
</comp>

<comp id="200" class="1004" name="shiftreg184_fu_200">
<pin_list>
<pin id="201" dir="0" index="0" bw="1" slack="0"/>
<pin id="202" dir="1" index="1" bw="32" slack="73"/>
</pin_list>
<bind>
<opcode="alloca(26) " fcode="alloca"/>
<opset="shiftreg184/1 "/>
</bind>
</comp>

<comp id="204" class="1004" name="shiftreg205_fu_204">
<pin_list>
<pin id="205" dir="0" index="0" bw="1" slack="0"/>
<pin id="206" dir="1" index="1" bw="32" slack="73"/>
</pin_list>
<bind>
<opcode="alloca(26) " fcode="alloca"/>
<opset="shiftreg205/1 "/>
</bind>
</comp>

<comp id="208" class="1004" name="shiftreg226_fu_208">
<pin_list>
<pin id="209" dir="0" index="0" bw="1" slack="0"/>
<pin id="210" dir="1" index="1" bw="32" slack="73"/>
</pin_list>
<bind>
<opcode="alloca(26) " fcode="alloca"/>
<opset="shiftreg226/1 "/>
</bind>
</comp>

<comp id="212" class="1004" name="shiftreg247_fu_212">
<pin_list>
<pin id="213" dir="0" index="0" bw="1" slack="0"/>
<pin id="214" dir="1" index="1" bw="32" slack="73"/>
</pin_list>
<bind>
<opcode="alloca(26) " fcode="alloca"/>
<opset="shiftreg247/1 "/>
</bind>
</comp>

<comp id="216" class="1004" name="shiftreg268_fu_216">
<pin_list>
<pin id="217" dir="0" index="0" bw="1" slack="0"/>
<pin id="218" dir="1" index="1" bw="32" slack="73"/>
</pin_list>
<bind>
<opcode="alloca(26) " fcode="alloca"/>
<opset="shiftreg268/1 "/>
</bind>
</comp>

<comp id="220" class="1004" name="shiftreg289_fu_220">
<pin_list>
<pin id="221" dir="0" index="0" bw="1" slack="0"/>
<pin id="222" dir="1" index="1" bw="32" slack="73"/>
</pin_list>
<bind>
<opcode="alloca(26) " fcode="alloca"/>
<opset="shiftreg289/1 "/>
</bind>
</comp>

<comp id="224" class="1004" name="shiftreg3010_fu_224">
<pin_list>
<pin id="225" dir="0" index="0" bw="1" slack="0"/>
<pin id="226" dir="1" index="1" bw="64" slack="0"/>
</pin_list>
<bind>
<opcode="alloca(26) " fcode="alloca"/>
<opset="shiftreg3010/1 "/>
</bind>
</comp>

<comp id="228" class="1004" name="shiftreg3212_fu_228">
<pin_list>
<pin id="229" dir="0" index="0" bw="1" slack="0"/>
<pin id="230" dir="1" index="1" bw="64" slack="0"/>
</pin_list>
<bind>
<opcode="alloca(26) " fcode="alloca"/>
<opset="shiftreg3212/1 "/>
</bind>
</comp>

<comp id="232" class="1004" name="shiftreg3414_fu_232">
<pin_list>
<pin id="233" dir="0" index="0" bw="1" slack="0"/>
<pin id="234" dir="1" index="1" bw="64" slack="0"/>
</pin_list>
<bind>
<opcode="alloca(26) " fcode="alloca"/>
<opset="shiftreg3414/1 "/>
</bind>
</comp>

<comp id="236" class="1004" name="shiftreg3616_fu_236">
<pin_list>
<pin id="237" dir="0" index="0" bw="1" slack="0"/>
<pin id="238" dir="1" index="1" bw="64" slack="0"/>
</pin_list>
<bind>
<opcode="alloca(26) " fcode="alloca"/>
<opset="shiftreg3616/1 "/>
</bind>
</comp>

<comp id="240" class="1004" name="c_3_read_read_fu_240">
<pin_list>
<pin id="241" dir="0" index="0" bw="64" slack="0"/>
<pin id="242" dir="0" index="1" bw="64" slack="0"/>
<pin id="243" dir="1" index="2" bw="64" slack="0"/>
</pin_list>
<bind>
<opcode="read(1150) " fcode="read"/>
<opset="c_3_read/1 "/>
</bind>
</comp>

<comp id="246" class="1004" name="c_2_read_read_fu_246">
<pin_list>
<pin id="247" dir="0" index="0" bw="64" slack="0"/>
<pin id="248" dir="0" index="1" bw="64" slack="0"/>
<pin id="249" dir="1" index="2" bw="64" slack="0"/>
</pin_list>
<bind>
<opcode="read(1150) " fcode="read"/>
<opset="c_2_read/1 "/>
</bind>
</comp>

<comp id="252" class="1004" name="c_1_read_read_fu_252">
<pin_list>
<pin id="253" dir="0" index="0" bw="64" slack="0"/>
<pin id="254" dir="0" index="1" bw="64" slack="0"/>
<pin id="255" dir="1" index="2" bw="64" slack="0"/>
</pin_list>
<bind>
<opcode="read(1150) " fcode="read"/>
<opset="c_1_read/1 "/>
</bind>
</comp>

<comp id="258" class="1004" name="c_0_read_read_fu_258">
<pin_list>
<pin id="259" dir="0" index="0" bw="64" slack="0"/>
<pin id="260" dir="0" index="1" bw="64" slack="0"/>
<pin id="261" dir="1" index="2" bw="64" slack="0"/>
</pin_list>
<bind>
<opcode="read(1150) " fcode="read"/>
<opset="c_0_read/1 "/>
</bind>
</comp>

<comp id="264" class="1004" name="b_3_read_read_fu_264">
<pin_list>
<pin id="265" dir="0" index="0" bw="64" slack="0"/>
<pin id="266" dir="0" index="1" bw="64" slack="0"/>
<pin id="267" dir="1" index="2" bw="64" slack="0"/>
</pin_list>
<bind>
<opcode="read(1150) " fcode="read"/>
<opset="b_3_read/1 "/>
</bind>
</comp>

<comp id="270" class="1004" name="b_2_read_read_fu_270">
<pin_list>
<pin id="271" dir="0" index="0" bw="64" slack="0"/>
<pin id="272" dir="0" index="1" bw="64" slack="0"/>
<pin id="273" dir="1" index="2" bw="64" slack="0"/>
</pin_list>
<bind>
<opcode="read(1150) " fcode="read"/>
<opset="b_2_read/1 "/>
</bind>
</comp>

<comp id="276" class="1004" name="b_1_read_read_fu_276">
<pin_list>
<pin id="277" dir="0" index="0" bw="64" slack="0"/>
<pin id="278" dir="0" index="1" bw="64" slack="0"/>
<pin id="279" dir="1" index="2" bw="64" slack="0"/>
</pin_list>
<bind>
<opcode="read(1150) " fcode="read"/>
<opset="b_1_read/1 "/>
</bind>
</comp>

<comp id="282" class="1004" name="b_0_read_read_fu_282">
<pin_list>
<pin id="283" dir="0" index="0" bw="64" slack="0"/>
<pin id="284" dir="0" index="1" bw="64" slack="0"/>
<pin id="285" dir="1" index="2" bw="64" slack="0"/>
</pin_list>
<bind>
<opcode="read(1150) " fcode="read"/>
<opset="b_0_read/1 "/>
</bind>
</comp>

<comp id="288" class="1004" name="a_3_read_read_fu_288">
<pin_list>
<pin id="289" dir="0" index="0" bw="64" slack="0"/>
<pin id="290" dir="0" index="1" bw="64" slack="0"/>
<pin id="291" dir="1" index="2" bw="64" slack="0"/>
</pin_list>
<bind>
<opcode="read(1150) " fcode="read"/>
<opset="a_3_read/1 "/>
</bind>
</comp>

<comp id="294" class="1004" name="a_2_read_read_fu_294">
<pin_list>
<pin id="295" dir="0" index="0" bw="64" slack="0"/>
<pin id="296" dir="0" index="1" bw="64" slack="0"/>
<pin id="297" dir="1" index="2" bw="64" slack="0"/>
</pin_list>
<bind>
<opcode="read(1150) " fcode="read"/>
<opset="a_2_read/1 "/>
</bind>
</comp>

<comp id="300" class="1004" name="a_1_read_read_fu_300">
<pin_list>
<pin id="301" dir="0" index="0" bw="64" slack="0"/>
<pin id="302" dir="0" index="1" bw="64" slack="0"/>
<pin id="303" dir="1" index="2" bw="64" slack="0"/>
</pin_list>
<bind>
<opcode="read(1150) " fcode="read"/>
<opset="a_1_read/1 "/>
</bind>
</comp>

<comp id="306" class="1004" name="a_0_read_read_fu_306">
<pin_list>
<pin id="307" dir="0" index="0" bw="64" slack="0"/>
<pin id="308" dir="0" index="1" bw="64" slack="0"/>
<pin id="309" dir="1" index="2" bw="64" slack="0"/>
</pin_list>
<bind>
<opcode="read(1150) " fcode="read"/>
<opset="a_0_read/1 "/>
</bind>
</comp>

<comp id="312" class="1004" name="grp_readreq_fu_312">
<pin_list>
<pin id="313" dir="0" index="0" bw="1" slack="0"/>
<pin id="314" dir="0" index="1" bw="32" slack="1"/>
<pin id="315" dir="0" index="2" bw="1" slack="0"/>
<pin id="316" dir="1" index="3" bw="1" slack="2147483647"/>
</pin_list>
<bind>
<opcode="readreq(1154) " fcode="readreq"/>
<opset="gmem0_0_load_req/2 "/>
</bind>
</comp>

<comp id="319" class="1004" name="grp_readreq_fu_319">
<pin_list>
<pin id="320" dir="0" index="0" bw="1" slack="0"/>
<pin id="321" dir="0" index="1" bw="32" slack="1"/>
<pin id="322" dir="0" index="2" bw="1" slack="0"/>
<pin id="323" dir="1" index="3" bw="1" slack="2147483647"/>
</pin_list>
<bind>
<opcode="readreq(1154) " fcode="readreq"/>
<opset="gmem1_0_load_req/2 "/>
</bind>
</comp>

<comp id="326" class="1004" name="grp_readreq_fu_326">
<pin_list>
<pin id="327" dir="0" index="0" bw="1" slack="0"/>
<pin id="328" dir="0" index="1" bw="32" slack="1"/>
<pin id="329" dir="0" index="2" bw="1" slack="0"/>
<pin id="330" dir="1" index="3" bw="1" slack="2147483647"/>
</pin_list>
<bind>
<opcode="readreq(1154) " fcode="readreq"/>
<opset="gmem0_1_load_req/2 "/>
</bind>
</comp>

<comp id="333" class="1004" name="grp_readreq_fu_333">
<pin_list>
<pin id="334" dir="0" index="0" bw="1" slack="0"/>
<pin id="335" dir="0" index="1" bw="32" slack="1"/>
<pin id="336" dir="0" index="2" bw="1" slack="0"/>
<pin id="337" dir="1" index="3" bw="1" slack="2147483647"/>
</pin_list>
<bind>
<opcode="readreq(1154) " fcode="readreq"/>
<opset="gmem0_2_load_req/2 "/>
</bind>
</comp>

<comp id="340" class="1004" name="grp_readreq_fu_340">
<pin_list>
<pin id="341" dir="0" index="0" bw="1" slack="0"/>
<pin id="342" dir="0" index="1" bw="32" slack="1"/>
<pin id="343" dir="0" index="2" bw="1" slack="0"/>
<pin id="344" dir="1" index="3" bw="1" slack="2147483647"/>
</pin_list>
<bind>
<opcode="readreq(1154) " fcode="readreq"/>
<opset="gmem0_3_load_req/2 "/>
</bind>
</comp>

<comp id="347" class="1004" name="grp_readreq_fu_347">
<pin_list>
<pin id="348" dir="0" index="0" bw="1" slack="0"/>
<pin id="349" dir="0" index="1" bw="32" slack="1"/>
<pin id="350" dir="0" index="2" bw="1" slack="0"/>
<pin id="351" dir="1" index="3" bw="1" slack="2147483647"/>
</pin_list>
<bind>
<opcode="readreq(1154) " fcode="readreq"/>
<opset="gmem1_1_load_req/2 "/>
</bind>
</comp>

<comp id="354" class="1004" name="grp_readreq_fu_354">
<pin_list>
<pin id="355" dir="0" index="0" bw="1" slack="0"/>
<pin id="356" dir="0" index="1" bw="32" slack="1"/>
<pin id="357" dir="0" index="2" bw="1" slack="0"/>
<pin id="358" dir="1" index="3" bw="1" slack="2147483647"/>
</pin_list>
<bind>
<opcode="readreq(1154) " fcode="readreq"/>
<opset="gmem1_2_load_req/2 "/>
</bind>
</comp>

<comp id="361" class="1004" name="grp_readreq_fu_361">
<pin_list>
<pin id="362" dir="0" index="0" bw="1" slack="0"/>
<pin id="363" dir="0" index="1" bw="32" slack="1"/>
<pin id="364" dir="0" index="2" bw="1" slack="0"/>
<pin id="365" dir="1" index="3" bw="1" slack="2147483647"/>
</pin_list>
<bind>
<opcode="readreq(1154) " fcode="readreq"/>
<opset="gmem1_3_load_req/2 "/>
</bind>
</comp>

<comp id="368" class="1004" name="gmem0_0_addr_read_read_fu_368">
<pin_list>
<pin id="369" dir="0" index="0" bw="32" slack="0"/>
<pin id="370" dir="0" index="1" bw="32" slack="72"/>
<pin id="371" dir="1" index="2" bw="32" slack="1"/>
</pin_list>
<bind>
<opcode="read(1150) " fcode="read"/>
<opset="gmem0_0_addr_read/73 "/>
</bind>
</comp>

<comp id="373" class="1004" name="gmem1_0_addr_read_read_fu_373">
<pin_list>
<pin id="374" dir="0" index="0" bw="32" slack="0"/>
<pin id="375" dir="0" index="1" bw="32" slack="72"/>
<pin id="376" dir="1" index="2" bw="32" slack="1"/>
</pin_list>
<bind>
<opcode="read(1150) " fcode="read"/>
<opset="gmem1_0_addr_read/73 "/>
</bind>
</comp>

<comp id="378" class="1004" name="gmem0_1_addr_read_read_fu_378">
<pin_list>
<pin id="379" dir="0" index="0" bw="32" slack="0"/>
<pin id="380" dir="0" index="1" bw="32" slack="72"/>
<pin id="381" dir="1" index="2" bw="32" slack="1"/>
</pin_list>
<bind>
<opcode="read(1150) " fcode="read"/>
<opset="gmem0_1_addr_read/73 "/>
</bind>
</comp>

<comp id="383" class="1004" name="gmem0_2_addr_read_read_fu_383">
<pin_list>
<pin id="384" dir="0" index="0" bw="32" slack="0"/>
<pin id="385" dir="0" index="1" bw="32" slack="72"/>
<pin id="386" dir="1" index="2" bw="32" slack="1"/>
</pin_list>
<bind>
<opcode="read(1150) " fcode="read"/>
<opset="gmem0_2_addr_read/73 "/>
</bind>
</comp>

<comp id="388" class="1004" name="gmem0_3_addr_read_read_fu_388">
<pin_list>
<pin id="389" dir="0" index="0" bw="32" slack="0"/>
<pin id="390" dir="0" index="1" bw="32" slack="72"/>
<pin id="391" dir="1" index="2" bw="32" slack="1"/>
</pin_list>
<bind>
<opcode="read(1150) " fcode="read"/>
<opset="gmem0_3_addr_read/73 "/>
</bind>
</comp>

<comp id="393" class="1004" name="gmem1_1_addr_read_read_fu_393">
<pin_list>
<pin id="394" dir="0" index="0" bw="32" slack="0"/>
<pin id="395" dir="0" index="1" bw="32" slack="72"/>
<pin id="396" dir="1" index="2" bw="32" slack="1"/>
</pin_list>
<bind>
<opcode="read(1150) " fcode="read"/>
<opset="gmem1_1_addr_read/73 "/>
</bind>
</comp>

<comp id="398" class="1004" name="gmem1_2_addr_read_read_fu_398">
<pin_list>
<pin id="399" dir="0" index="0" bw="32" slack="0"/>
<pin id="400" dir="0" index="1" bw="32" slack="72"/>
<pin id="401" dir="1" index="2" bw="32" slack="1"/>
</pin_list>
<bind>
<opcode="read(1150) " fcode="read"/>
<opset="gmem1_2_addr_read/73 "/>
</bind>
</comp>

<comp id="403" class="1004" name="gmem1_3_addr_read_read_fu_403">
<pin_list>
<pin id="404" dir="0" index="0" bw="32" slack="0"/>
<pin id="405" dir="0" index="1" bw="32" slack="72"/>
<pin id="406" dir="1" index="2" bw="32" slack="1"/>
</pin_list>
<bind>
<opcode="read(1150) " fcode="read"/>
<opset="gmem1_3_addr_read/73 "/>
</bind>
</comp>

<comp id="408" class="1004" name="gmem2_0_addr_req_writereq_fu_408">
<pin_list>
<pin id="409" dir="0" index="0" bw="1" slack="0"/>
<pin id="410" dir="0" index="1" bw="64" slack="2"/>
<pin id="411" dir="0" index="2" bw="1" slack="0"/>
<pin id="412" dir="1" index="3" bw="1" slack="2147483647"/>
</pin_list>
<bind>
<opcode="writereq(1155) " fcode="writereq"/>
<opset="gmem2_0_addr_req/76 "/>
</bind>
</comp>

<comp id="415" class="1004" name="gmem2_1_addr_req_writereq_fu_415">
<pin_list>
<pin id="416" dir="0" index="0" bw="1" slack="0"/>
<pin id="417" dir="0" index="1" bw="64" slack="2"/>
<pin id="418" dir="0" index="2" bw="1" slack="0"/>
<pin id="419" dir="1" index="3" bw="1" slack="2147483647"/>
</pin_list>
<bind>
<opcode="writereq(1155) " fcode="writereq"/>
<opset="gmem2_1_addr_req/76 "/>
</bind>
</comp>

<comp id="422" class="1004" name="gmem2_2_addr_req_writereq_fu_422">
<pin_list>
<pin id="423" dir="0" index="0" bw="1" slack="0"/>
<pin id="424" dir="0" index="1" bw="64" slack="2"/>
<pin id="425" dir="0" index="2" bw="1" slack="0"/>
<pin id="426" dir="1" index="3" bw="1" slack="2147483647"/>
</pin_list>
<bind>
<opcode="writereq(1155) " fcode="writereq"/>
<opset="gmem2_2_addr_req/76 "/>
</bind>
</comp>

<comp id="429" class="1004" name="gmem2_3_addr_req_writereq_fu_429">
<pin_list>
<pin id="430" dir="0" index="0" bw="1" slack="0"/>
<pin id="431" dir="0" index="1" bw="64" slack="2"/>
<pin id="432" dir="0" index="2" bw="1" slack="0"/>
<pin id="433" dir="1" index="3" bw="1" slack="2147483647"/>
</pin_list>
<bind>
<opcode="writereq(1155) " fcode="writereq"/>
<opset="gmem2_3_addr_req/76 "/>
</bind>
</comp>

<comp id="436" class="1004" name="write_ln24_write_fu_436">
<pin_list>
<pin id="437" dir="0" index="0" bw="0" slack="0"/>
<pin id="438" dir="0" index="1" bw="64" slack="3"/>
<pin id="439" dir="0" index="2" bw="64" slack="2"/>
<pin id="440" dir="0" index="3" bw="1" slack="0"/>
<pin id="441" dir="1" index="4" bw="0" slack="2147483647"/>
</pin_list>
<bind>
<opcode="write(1151) " fcode="write"/>
<opset="write_ln24/77 "/>
</bind>
</comp>

<comp id="444" class="1004" name="write_ln24_write_fu_444">
<pin_list>
<pin id="445" dir="0" index="0" bw="0" slack="0"/>
<pin id="446" dir="0" index="1" bw="64" slack="3"/>
<pin id="447" dir="0" index="2" bw="64" slack="2"/>
<pin id="448" dir="0" index="3" bw="1" slack="0"/>
<pin id="449" dir="1" index="4" bw="0" slack="2147483647"/>
</pin_list>
<bind>
<opcode="write(1151) " fcode="write"/>
<opset="write_ln24/77 "/>
</bind>
</comp>

<comp id="452" class="1004" name="write_ln24_write_fu_452">
<pin_list>
<pin id="453" dir="0" index="0" bw="0" slack="0"/>
<pin id="454" dir="0" index="1" bw="64" slack="3"/>
<pin id="455" dir="0" index="2" bw="64" slack="2"/>
<pin id="456" dir="0" index="3" bw="1" slack="0"/>
<pin id="457" dir="1" index="4" bw="0" slack="2147483647"/>
</pin_list>
<bind>
<opcode="write(1151) " fcode="write"/>
<opset="write_ln24/77 "/>
</bind>
</comp>

<comp id="460" class="1004" name="write_ln24_write_fu_460">
<pin_list>
<pin id="461" dir="0" index="0" bw="0" slack="0"/>
<pin id="462" dir="0" index="1" bw="64" slack="3"/>
<pin id="463" dir="0" index="2" bw="64" slack="2"/>
<pin id="464" dir="0" index="3" bw="1" slack="0"/>
<pin id="465" dir="1" index="4" bw="0" slack="2147483647"/>
</pin_list>
<bind>
<opcode="write(1151) " fcode="write"/>
<opset="write_ln24/77 "/>
</bind>
</comp>

<comp id="468" class="1004" name="grp_writeresp_fu_468">
<pin_list>
<pin id="469" dir="0" index="0" bw="1" slack="0"/>
<pin id="470" dir="0" index="1" bw="64" slack="4"/>
<pin id="471" dir="1" index="2" bw="1" slack="2147483647"/>
</pin_list>
<bind>
<opcode="writeresp(1158) " fcode="writeresp"/>
<opset="gmem2_0_addr_resp/78 "/>
</bind>
</comp>

<comp id="473" class="1004" name="grp_writeresp_fu_473">
<pin_list>
<pin id="474" dir="0" index="0" bw="1" slack="0"/>
<pin id="475" dir="0" index="1" bw="64" slack="4"/>
<pin id="476" dir="1" index="2" bw="1" slack="2147483647"/>
</pin_list>
<bind>
<opcode="writeresp(1158) " fcode="writeresp"/>
<opset="gmem2_1_addr_resp/78 "/>
</bind>
</comp>

<comp id="478" class="1004" name="grp_writeresp_fu_478">
<pin_list>
<pin id="479" dir="0" index="0" bw="1" slack="0"/>
<pin id="480" dir="0" index="1" bw="64" slack="4"/>
<pin id="481" dir="1" index="2" bw="1" slack="2147483647"/>
</pin_list>
<bind>
<opcode="writeresp(1158) " fcode="writeresp"/>
<opset="gmem2_2_addr_resp/78 "/>
</bind>
</comp>

<comp id="483" class="1004" name="grp_writeresp_fu_483">
<pin_list>
<pin id="484" dir="0" index="0" bw="1" slack="0"/>
<pin id="485" dir="0" index="1" bw="64" slack="4"/>
<pin id="486" dir="1" index="2" bw="1" slack="2147483647"/>
</pin_list>
<bind>
<opcode="writeresp(1158) " fcode="writeresp"/>
<opset="gmem2_3_addr_resp/78 "/>
</bind>
</comp>

<comp id="488" class="1004" name="trunc_ln_fu_488">
<pin_list>
<pin id="489" dir="0" index="0" bw="62" slack="0"/>
<pin id="490" dir="0" index="1" bw="64" slack="0"/>
<pin id="491" dir="0" index="2" bw="3" slack="0"/>
<pin id="492" dir="0" index="3" bw="7" slack="0"/>
<pin id="493" dir="1" index="4" bw="62" slack="0"/>
</pin_list>
<bind>
<opcode="partselect(1002) " fcode="partselect"/>
<opset="trunc_ln/1 "/>
</bind>
</comp>

<comp id="498" class="1004" name="sext_ln19_fu_498">
<pin_list>
<pin id="499" dir="0" index="0" bw="62" slack="0"/>
<pin id="500" dir="1" index="1" bw="64" slack="0"/>
</pin_list>
<bind>
<opcode="sext(35) " fcode="sext"/>
<opset="sext_ln19/1 "/>
</bind>
</comp>

<comp id="502" class="1004" name="gmem0_0_addr_fu_502">
<pin_list>
<pin id="503" dir="0" index="0" bw="32" slack="0"/>
<pin id="504" dir="0" index="1" bw="62" slack="0"/>
<pin id="505" dir="1" index="2" bw="32" slack="1"/>
</pin_list>
<bind>
<opcode="getelementptr(29) " fcode="getelementptr"/>
<opset="gmem0_0_addr/1 "/>
</bind>
</comp>

<comp id="508" class="1004" name="trunc_ln19_1_fu_508">
<pin_list>
<pin id="509" dir="0" index="0" bw="62" slack="0"/>
<pin id="510" dir="0" index="1" bw="64" slack="0"/>
<pin id="511" dir="0" index="2" bw="3" slack="0"/>
<pin id="512" dir="0" index="3" bw="7" slack="0"/>
<pin id="513" dir="1" index="4" bw="62" slack="0"/>
</pin_list>
<bind>
<opcode="partselect(1002) " fcode="partselect"/>
<opset="trunc_ln19_1/1 "/>
</bind>
</comp>

<comp id="518" class="1004" name="sext_ln19_1_fu_518">
<pin_list>
<pin id="519" dir="0" index="0" bw="62" slack="0"/>
<pin id="520" dir="1" index="1" bw="64" slack="0"/>
</pin_list>
<bind>
<opcode="sext(35) " fcode="sext"/>
<opset="sext_ln19_1/1 "/>
</bind>
</comp>

<comp id="522" class="1004" name="gmem1_0_addr_fu_522">
<pin_list>
<pin id="523" dir="0" index="0" bw="32" slack="0"/>
<pin id="524" dir="0" index="1" bw="62" slack="0"/>
<pin id="525" dir="1" index="2" bw="32" slack="1"/>
</pin_list>
<bind>
<opcode="getelementptr(29) " fcode="getelementptr"/>
<opset="gmem1_0_addr/1 "/>
</bind>
</comp>

<comp id="528" class="1004" name="trunc_ln19_2_fu_528">
<pin_list>
<pin id="529" dir="0" index="0" bw="62" slack="0"/>
<pin id="530" dir="0" index="1" bw="64" slack="0"/>
<pin id="531" dir="0" index="2" bw="3" slack="0"/>
<pin id="532" dir="0" index="3" bw="7" slack="0"/>
<pin id="533" dir="1" index="4" bw="62" slack="0"/>
</pin_list>
<bind>
<opcode="partselect(1002) " fcode="partselect"/>
<opset="trunc_ln19_2/1 "/>
</bind>
</comp>

<comp id="538" class="1004" name="sext_ln19_2_fu_538">
<pin_list>
<pin id="539" dir="0" index="0" bw="62" slack="0"/>
<pin id="540" dir="1" index="1" bw="64" slack="0"/>
</pin_list>
<bind>
<opcode="sext(35) " fcode="sext"/>
<opset="sext_ln19_2/1 "/>
</bind>
</comp>

<comp id="542" class="1004" name="gmem0_1_addr_fu_542">
<pin_list>
<pin id="543" dir="0" index="0" bw="32" slack="0"/>
<pin id="544" dir="0" index="1" bw="62" slack="0"/>
<pin id="545" dir="1" index="2" bw="32" slack="1"/>
</pin_list>
<bind>
<opcode="getelementptr(29) " fcode="getelementptr"/>
<opset="gmem0_1_addr/1 "/>
</bind>
</comp>

<comp id="548" class="1004" name="trunc_ln19_3_fu_548">
<pin_list>
<pin id="549" dir="0" index="0" bw="62" slack="0"/>
<pin id="550" dir="0" index="1" bw="64" slack="0"/>
<pin id="551" dir="0" index="2" bw="3" slack="0"/>
<pin id="552" dir="0" index="3" bw="7" slack="0"/>
<pin id="553" dir="1" index="4" bw="62" slack="0"/>
</pin_list>
<bind>
<opcode="partselect(1002) " fcode="partselect"/>
<opset="trunc_ln19_3/1 "/>
</bind>
</comp>

<comp id="558" class="1004" name="sext_ln19_3_fu_558">
<pin_list>
<pin id="559" dir="0" index="0" bw="62" slack="0"/>
<pin id="560" dir="1" index="1" bw="64" slack="0"/>
</pin_list>
<bind>
<opcode="sext(35) " fcode="sext"/>
<opset="sext_ln19_3/1 "/>
</bind>
</comp>

<comp id="562" class="1004" name="gmem0_2_addr_fu_562">
<pin_list>
<pin id="563" dir="0" index="0" bw="32" slack="0"/>
<pin id="564" dir="0" index="1" bw="62" slack="0"/>
<pin id="565" dir="1" index="2" bw="32" slack="1"/>
</pin_list>
<bind>
<opcode="getelementptr(29) " fcode="getelementptr"/>
<opset="gmem0_2_addr/1 "/>
</bind>
</comp>

<comp id="568" class="1004" name="trunc_ln19_4_fu_568">
<pin_list>
<pin id="569" dir="0" index="0" bw="62" slack="0"/>
<pin id="570" dir="0" index="1" bw="64" slack="0"/>
<pin id="571" dir="0" index="2" bw="3" slack="0"/>
<pin id="572" dir="0" index="3" bw="7" slack="0"/>
<pin id="573" dir="1" index="4" bw="62" slack="0"/>
</pin_list>
<bind>
<opcode="partselect(1002) " fcode="partselect"/>
<opset="trunc_ln19_4/1 "/>
</bind>
</comp>

<comp id="578" class="1004" name="sext_ln19_4_fu_578">
<pin_list>
<pin id="579" dir="0" index="0" bw="62" slack="0"/>
<pin id="580" dir="1" index="1" bw="64" slack="0"/>
</pin_list>
<bind>
<opcode="sext(35) " fcode="sext"/>
<opset="sext_ln19_4/1 "/>
</bind>
</comp>

<comp id="582" class="1004" name="gmem0_3_addr_fu_582">
<pin_list>
<pin id="583" dir="0" index="0" bw="32" slack="0"/>
<pin id="584" dir="0" index="1" bw="62" slack="0"/>
<pin id="585" dir="1" index="2" bw="32" slack="1"/>
</pin_list>
<bind>
<opcode="getelementptr(29) " fcode="getelementptr"/>
<opset="gmem0_3_addr/1 "/>
</bind>
</comp>

<comp id="588" class="1004" name="trunc_ln19_5_fu_588">
<pin_list>
<pin id="589" dir="0" index="0" bw="62" slack="0"/>
<pin id="590" dir="0" index="1" bw="64" slack="0"/>
<pin id="591" dir="0" index="2" bw="3" slack="0"/>
<pin id="592" dir="0" index="3" bw="7" slack="0"/>
<pin id="593" dir="1" index="4" bw="62" slack="0"/>
</pin_list>
<bind>
<opcode="partselect(1002) " fcode="partselect"/>
<opset="trunc_ln19_5/1 "/>
</bind>
</comp>

<comp id="598" class="1004" name="sext_ln19_5_fu_598">
<pin_list>
<pin id="599" dir="0" index="0" bw="62" slack="0"/>
<pin id="600" dir="1" index="1" bw="64" slack="0"/>
</pin_list>
<bind>
<opcode="sext(35) " fcode="sext"/>
<opset="sext_ln19_5/1 "/>
</bind>
</comp>

<comp id="602" class="1004" name="gmem1_1_addr_fu_602">
<pin_list>
<pin id="603" dir="0" index="0" bw="32" slack="0"/>
<pin id="604" dir="0" index="1" bw="62" slack="0"/>
<pin id="605" dir="1" index="2" bw="32" slack="1"/>
</pin_list>
<bind>
<opcode="getelementptr(29) " fcode="getelementptr"/>
<opset="gmem1_1_addr/1 "/>
</bind>
</comp>

<comp id="608" class="1004" name="trunc_ln19_6_fu_608">
<pin_list>
<pin id="609" dir="0" index="0" bw="62" slack="0"/>
<pin id="610" dir="0" index="1" bw="64" slack="0"/>
<pin id="611" dir="0" index="2" bw="3" slack="0"/>
<pin id="612" dir="0" index="3" bw="7" slack="0"/>
<pin id="613" dir="1" index="4" bw="62" slack="0"/>
</pin_list>
<bind>
<opcode="partselect(1002) " fcode="partselect"/>
<opset="trunc_ln19_6/1 "/>
</bind>
</comp>

<comp id="618" class="1004" name="sext_ln19_6_fu_618">
<pin_list>
<pin id="619" dir="0" index="0" bw="62" slack="0"/>
<pin id="620" dir="1" index="1" bw="64" slack="0"/>
</pin_list>
<bind>
<opcode="sext(35) " fcode="sext"/>
<opset="sext_ln19_6/1 "/>
</bind>
</comp>

<comp id="622" class="1004" name="gmem1_2_addr_fu_622">
<pin_list>
<pin id="623" dir="0" index="0" bw="32" slack="0"/>
<pin id="624" dir="0" index="1" bw="62" slack="0"/>
<pin id="625" dir="1" index="2" bw="32" slack="1"/>
</pin_list>
<bind>
<opcode="getelementptr(29) " fcode="getelementptr"/>
<opset="gmem1_2_addr/1 "/>
</bind>
</comp>

<comp id="628" class="1004" name="trunc_ln19_7_fu_628">
<pin_list>
<pin id="629" dir="0" index="0" bw="62" slack="0"/>
<pin id="630" dir="0" index="1" bw="64" slack="0"/>
<pin id="631" dir="0" index="2" bw="3" slack="0"/>
<pin id="632" dir="0" index="3" bw="7" slack="0"/>
<pin id="633" dir="1" index="4" bw="62" slack="0"/>
</pin_list>
<bind>
<opcode="partselect(1002) " fcode="partselect"/>
<opset="trunc_ln19_7/1 "/>
</bind>
</comp>

<comp id="638" class="1004" name="sext_ln19_7_fu_638">
<pin_list>
<pin id="639" dir="0" index="0" bw="62" slack="0"/>
<pin id="640" dir="1" index="1" bw="64" slack="0"/>
</pin_list>
<bind>
<opcode="sext(35) " fcode="sext"/>
<opset="sext_ln19_7/1 "/>
</bind>
</comp>

<comp id="642" class="1004" name="gmem1_3_addr_fu_642">
<pin_list>
<pin id="643" dir="0" index="0" bw="32" slack="0"/>
<pin id="644" dir="0" index="1" bw="62" slack="0"/>
<pin id="645" dir="1" index="2" bw="32" slack="1"/>
</pin_list>
<bind>
<opcode="getelementptr(29) " fcode="getelementptr"/>
<opset="gmem1_3_addr/1 "/>
</bind>
</comp>

<comp id="648" class="1004" name="p_cast_fu_648">
<pin_list>
<pin id="649" dir="0" index="0" bw="61" slack="0"/>
<pin id="650" dir="0" index="1" bw="64" slack="0"/>
<pin id="651" dir="0" index="2" bw="3" slack="0"/>
<pin id="652" dir="0" index="3" bw="7" slack="0"/>
<pin id="653" dir="1" index="4" bw="61" slack="73"/>
</pin_list>
<bind>
<opcode="partselect(1002) " fcode="partselect"/>
<opset="p_cast/1 "/>
</bind>
</comp>

<comp id="658" class="1004" name="p_cast1_fu_658">
<pin_list>
<pin id="659" dir="0" index="0" bw="61" slack="0"/>
<pin id="660" dir="0" index="1" bw="64" slack="0"/>
<pin id="661" dir="0" index="2" bw="3" slack="0"/>
<pin id="662" dir="0" index="3" bw="7" slack="0"/>
<pin id="663" dir="1" index="4" bw="61" slack="73"/>
</pin_list>
<bind>
<opcode="partselect(1002) " fcode="partselect"/>
<opset="p_cast1/1 "/>
</bind>
</comp>

<comp id="668" class="1004" name="p_cast2_fu_668">
<pin_list>
<pin id="669" dir="0" index="0" bw="61" slack="0"/>
<pin id="670" dir="0" index="1" bw="64" slack="0"/>
<pin id="671" dir="0" index="2" bw="3" slack="0"/>
<pin id="672" dir="0" index="3" bw="7" slack="0"/>
<pin id="673" dir="1" index="4" bw="61" slack="73"/>
</pin_list>
<bind>
<opcode="partselect(1002) " fcode="partselect"/>
<opset="p_cast2/1 "/>
</bind>
</comp>

<comp id="678" class="1004" name="p_cast3_fu_678">
<pin_list>
<pin id="679" dir="0" index="0" bw="61" slack="0"/>
<pin id="680" dir="0" index="1" bw="64" slack="0"/>
<pin id="681" dir="0" index="2" bw="3" slack="0"/>
<pin id="682" dir="0" index="3" bw="7" slack="0"/>
<pin id="683" dir="1" index="4" bw="61" slack="73"/>
</pin_list>
<bind>
<opcode="partselect(1002) " fcode="partselect"/>
<opset="p_cast3/1 "/>
</bind>
</comp>

<comp id="688" class="1004" name="store_ln0_store_fu_688">
<pin_list>
<pin id="689" dir="0" index="0" bw="1" slack="0"/>
<pin id="690" dir="0" index="1" bw="64" slack="0"/>
<pin id="691" dir="1" index="2" bw="0" slack="2147483647"/>
</pin_list>
<bind>
<opcode="store(28) " fcode="store"/>
<opset="store_ln0/1 "/>
</bind>
</comp>

<comp id="693" class="1004" name="store_ln0_store_fu_693">
<pin_list>
<pin id="694" dir="0" index="0" bw="1" slack="0"/>
<pin id="695" dir="0" index="1" bw="64" slack="0"/>
<pin id="696" dir="1" index="2" bw="0" slack="2147483647"/>
</pin_list>
<bind>
<opcode="store(28) " fcode="store"/>
<opset="store_ln0/1 "/>
</bind>
</comp>

<comp id="698" class="1004" name="store_ln0_store_fu_698">
<pin_list>
<pin id="699" dir="0" index="0" bw="1" slack="0"/>
<pin id="700" dir="0" index="1" bw="64" slack="0"/>
<pin id="701" dir="1" index="2" bw="0" slack="2147483647"/>
</pin_list>
<bind>
<opcode="store(28) " fcode="store"/>
<opset="store_ln0/1 "/>
</bind>
</comp>

<comp id="703" class="1004" name="store_ln0_store_fu_703">
<pin_list>
<pin id="704" dir="0" index="0" bw="1" slack="0"/>
<pin id="705" dir="0" index="1" bw="64" slack="0"/>
<pin id="706" dir="1" index="2" bw="0" slack="2147483647"/>
</pin_list>
<bind>
<opcode="store(28) " fcode="store"/>
<opset="store_ln0/1 "/>
</bind>
</comp>

<comp id="708" class="1004" name="store_ln0_store_fu_708">
<pin_list>
<pin id="709" dir="0" index="0" bw="1" slack="0"/>
<pin id="710" dir="0" index="1" bw="5" slack="0"/>
<pin id="711" dir="1" index="2" bw="0" slack="2147483647"/>
</pin_list>
<bind>
<opcode="store(28) " fcode="store"/>
<opset="store_ln0/1 "/>
</bind>
</comp>

<comp id="713" class="1004" name="p_cast_cast_fu_713">
<pin_list>
<pin id="714" dir="0" index="0" bw="61" slack="73"/>
<pin id="715" dir="1" index="1" bw="64" slack="0"/>
</pin_list>
<bind>
<opcode="sext(35) " fcode="sext"/>
<opset="p_cast_cast/74 "/>
</bind>
</comp>

<comp id="716" class="1004" name="gmem2_3_addr_fu_716">
<pin_list>
<pin id="717" dir="0" index="0" bw="64" slack="0"/>
<pin id="718" dir="0" index="1" bw="61" slack="0"/>
<pin id="719" dir="1" index="2" bw="64" slack="2"/>
</pin_list>
<bind>
<opcode="getelementptr(29) " fcode="getelementptr"/>
<opset="gmem2_3_addr/74 "/>
</bind>
</comp>

<comp id="722" class="1004" name="p_cast1_cast_fu_722">
<pin_list>
<pin id="723" dir="0" index="0" bw="61" slack="73"/>
<pin id="724" dir="1" index="1" bw="64" slack="0"/>
</pin_list>
<bind>
<opcode="sext(35) " fcode="sext"/>
<opset="p_cast1_cast/74 "/>
</bind>
</comp>

<comp id="725" class="1004" name="gmem2_2_addr_fu_725">
<pin_list>
<pin id="726" dir="0" index="0" bw="64" slack="0"/>
<pin id="727" dir="0" index="1" bw="61" slack="0"/>
<pin id="728" dir="1" index="2" bw="64" slack="2"/>
</pin_list>
<bind>
<opcode="getelementptr(29) " fcode="getelementptr"/>
<opset="gmem2_2_addr/74 "/>
</bind>
</comp>

<comp id="731" class="1004" name="p_cast2_cast_fu_731">
<pin_list>
<pin id="732" dir="0" index="0" bw="61" slack="73"/>
<pin id="733" dir="1" index="1" bw="64" slack="0"/>
</pin_list>
<bind>
<opcode="sext(35) " fcode="sext"/>
<opset="p_cast2_cast/74 "/>
</bind>
</comp>

<comp id="734" class="1004" name="gmem2_1_addr_fu_734">
<pin_list>
<pin id="735" dir="0" index="0" bw="64" slack="0"/>
<pin id="736" dir="0" index="1" bw="61" slack="0"/>
<pin id="737" dir="1" index="2" bw="64" slack="2"/>
</pin_list>
<bind>
<opcode="getelementptr(29) " fcode="getelementptr"/>
<opset="gmem2_1_addr/74 "/>
</bind>
</comp>

<comp id="740" class="1004" name="p_cast3_cast_fu_740">
<pin_list>
<pin id="741" dir="0" index="0" bw="61" slack="73"/>
<pin id="742" dir="1" index="1" bw="64" slack="0"/>
</pin_list>
<bind>
<opcode="sext(35) " fcode="sext"/>
<opset="p_cast3_cast/74 "/>
</bind>
</comp>

<comp id="743" class="1004" name="gmem2_0_addr_fu_743">
<pin_list>
<pin id="744" dir="0" index="0" bw="64" slack="0"/>
<pin id="745" dir="0" index="1" bw="61" slack="0"/>
<pin id="746" dir="1" index="2" bw="64" slack="2"/>
</pin_list>
<bind>
<opcode="getelementptr(29) " fcode="getelementptr"/>
<opset="gmem2_0_addr/74 "/>
</bind>
</comp>

<comp id="749" class="1004" name="store_ln19_store_fu_749">
<pin_list>
<pin id="750" dir="0" index="0" bw="32" slack="1"/>
<pin id="751" dir="0" index="1" bw="32" slack="73"/>
<pin id="752" dir="1" index="2" bw="0" slack="2147483647"/>
</pin_list>
<bind>
<opcode="store(28) " fcode="store"/>
<opset="store_ln19/74 "/>
</bind>
</comp>

<comp id="753" class="1004" name="store_ln19_store_fu_753">
<pin_list>
<pin id="754" dir="0" index="0" bw="32" slack="1"/>
<pin id="755" dir="0" index="1" bw="32" slack="73"/>
<pin id="756" dir="1" index="2" bw="0" slack="2147483647"/>
</pin_list>
<bind>
<opcode="store(28) " fcode="store"/>
<opset="store_ln19/74 "/>
</bind>
</comp>

<comp id="757" class="1004" name="store_ln19_store_fu_757">
<pin_list>
<pin id="758" dir="0" index="0" bw="32" slack="1"/>
<pin id="759" dir="0" index="1" bw="32" slack="73"/>
<pin id="760" dir="1" index="2" bw="0" slack="2147483647"/>
</pin_list>
<bind>
<opcode="store(28) " fcode="store"/>
<opset="store_ln19/74 "/>
</bind>
</comp>

<comp id="761" class="1004" name="store_ln19_store_fu_761">
<pin_list>
<pin id="762" dir="0" index="0" bw="32" slack="1"/>
<pin id="763" dir="0" index="1" bw="32" slack="73"/>
<pin id="764" dir="1" index="2" bw="0" slack="2147483647"/>
</pin_list>
<bind>
<opcode="store(28) " fcode="store"/>
<opset="store_ln19/74 "/>
</bind>
</comp>

<comp id="765" class="1004" name="store_ln19_store_fu_765">
<pin_list>
<pin id="766" dir="0" index="0" bw="32" slack="1"/>
<pin id="767" dir="0" index="1" bw="32" slack="73"/>
<pin id="768" dir="1" index="2" bw="0" slack="2147483647"/>
</pin_list>
<bind>
<opcode="store(28) " fcode="store"/>
<opset="store_ln19/74 "/>
</bind>
</comp>

<comp id="769" class="1004" name="store_ln19_store_fu_769">
<pin_list>
<pin id="770" dir="0" index="0" bw="32" slack="1"/>
<pin id="771" dir="0" index="1" bw="32" slack="73"/>
<pin id="772" dir="1" index="2" bw="0" slack="2147483647"/>
</pin_list>
<bind>
<opcode="store(28) " fcode="store"/>
<opset="store_ln19/74 "/>
</bind>
</comp>

<comp id="773" class="1004" name="store_ln19_store_fu_773">
<pin_list>
<pin id="774" dir="0" index="0" bw="32" slack="1"/>
<pin id="775" dir="0" index="1" bw="32" slack="73"/>
<pin id="776" dir="1" index="2" bw="0" slack="2147483647"/>
</pin_list>
<bind>
<opcode="store(28) " fcode="store"/>
<opset="store_ln19/74 "/>
</bind>
</comp>

<comp id="777" class="1004" name="store_ln19_store_fu_777">
<pin_list>
<pin id="778" dir="0" index="0" bw="32" slack="1"/>
<pin id="779" dir="0" index="1" bw="32" slack="73"/>
<pin id="780" dir="1" index="2" bw="0" slack="2147483647"/>
</pin_list>
<bind>
<opcode="store(28) " fcode="store"/>
<opset="store_ln19/74 "/>
</bind>
</comp>

<comp id="781" class="1004" name="i1_load_load_fu_781">
<pin_list>
<pin id="782" dir="0" index="0" bw="5" slack="74"/>
<pin id="783" dir="1" index="1" bw="5" slack="0"/>
</pin_list>
<bind>
<opcode="load(27) " fcode="load"/>
<opset="i1_load/75 "/>
</bind>
</comp>

<comp id="784" class="1004" name="shiftreg2_load_load_fu_784">
<pin_list>
<pin id="785" dir="0" index="0" bw="32" slack="74"/>
<pin id="786" dir="1" index="1" bw="32" slack="0"/>
</pin_list>
<bind>
<opcode="load(27) " fcode="load"/>
<opset="shiftreg2_load/75 "/>
</bind>
</comp>

<comp id="787" class="1004" name="shiftreg163_load_load_fu_787">
<pin_list>
<pin id="788" dir="0" index="0" bw="32" slack="74"/>
<pin id="789" dir="1" index="1" bw="32" slack="0"/>
</pin_list>
<bind>
<opcode="load(27) " fcode="load"/>
<opset="shiftreg163_load/75 "/>
</bind>
</comp>

<comp id="790" class="1004" name="shiftreg184_load_load_fu_790">
<pin_list>
<pin id="791" dir="0" index="0" bw="32" slack="74"/>
<pin id="792" dir="1" index="1" bw="32" slack="0"/>
</pin_list>
<bind>
<opcode="load(27) " fcode="load"/>
<opset="shiftreg184_load/75 "/>
</bind>
</comp>

<comp id="793" class="1004" name="shiftreg205_load_load_fu_793">
<pin_list>
<pin id="794" dir="0" index="0" bw="32" slack="74"/>
<pin id="795" dir="1" index="1" bw="32" slack="0"/>
</pin_list>
<bind>
<opcode="load(27) " fcode="load"/>
<opset="shiftreg205_load/75 "/>
</bind>
</comp>

<comp id="796" class="1004" name="shiftreg226_load_load_fu_796">
<pin_list>
<pin id="797" dir="0" index="0" bw="32" slack="74"/>
<pin id="798" dir="1" index="1" bw="32" slack="0"/>
</pin_list>
<bind>
<opcode="load(27) " fcode="load"/>
<opset="shiftreg226_load/75 "/>
</bind>
</comp>

<comp id="799" class="1004" name="shiftreg247_load_load_fu_799">
<pin_list>
<pin id="800" dir="0" index="0" bw="32" slack="74"/>
<pin id="801" dir="1" index="1" bw="32" slack="0"/>
</pin_list>
<bind>
<opcode="load(27) " fcode="load"/>
<opset="shiftreg247_load/75 "/>
</bind>
</comp>

<comp id="802" class="1004" name="shiftreg268_load_load_fu_802">
<pin_list>
<pin id="803" dir="0" index="0" bw="32" slack="74"/>
<pin id="804" dir="1" index="1" bw="32" slack="0"/>
</pin_list>
<bind>
<opcode="load(27) " fcode="load"/>
<opset="shiftreg268_load/75 "/>
</bind>
</comp>

<comp id="805" class="1004" name="shiftreg289_load_load_fu_805">
<pin_list>
<pin id="806" dir="0" index="0" bw="32" slack="74"/>
<pin id="807" dir="1" index="1" bw="32" slack="0"/>
</pin_list>
<bind>
<opcode="load(27) " fcode="load"/>
<opset="shiftreg289_load/75 "/>
</bind>
</comp>

<comp id="808" class="1004" name="shiftreg3010_load_load_fu_808">
<pin_list>
<pin id="809" dir="0" index="0" bw="64" slack="74"/>
<pin id="810" dir="1" index="1" bw="64" slack="0"/>
</pin_list>
<bind>
<opcode="load(27) " fcode="load"/>
<opset="shiftreg3010_load/75 "/>
</bind>
</comp>

<comp id="811" class="1004" name="shiftreg3212_load_load_fu_811">
<pin_list>
<pin id="812" dir="0" index="0" bw="64" slack="74"/>
<pin id="813" dir="1" index="1" bw="64" slack="0"/>
</pin_list>
<bind>
<opcode="load(27) " fcode="load"/>
<opset="shiftreg3212_load/75 "/>
</bind>
</comp>

<comp id="814" class="1004" name="shiftreg3414_load_load_fu_814">
<pin_list>
<pin id="815" dir="0" index="0" bw="64" slack="74"/>
<pin id="816" dir="1" index="1" bw="64" slack="0"/>
</pin_list>
<bind>
<opcode="load(27) " fcode="load"/>
<opset="shiftreg3414_load/75 "/>
</bind>
</comp>

<comp id="817" class="1004" name="shiftreg3616_load_load_fu_817">
<pin_list>
<pin id="818" dir="0" index="0" bw="64" slack="74"/>
<pin id="819" dir="1" index="1" bw="64" slack="0"/>
</pin_list>
<bind>
<opcode="load(27) " fcode="load"/>
<opset="shiftreg3616_load/75 "/>
</bind>
</comp>

<comp id="820" class="1004" name="lshr_ln_fu_820">
<pin_list>
<pin id="821" dir="0" index="0" bw="24" slack="0"/>
<pin id="822" dir="0" index="1" bw="32" slack="0"/>
<pin id="823" dir="0" index="2" bw="5" slack="0"/>
<pin id="824" dir="0" index="3" bw="6" slack="0"/>
<pin id="825" dir="1" index="4" bw="24" slack="0"/>
</pin_list>
<bind>
<opcode="partselect(1002) " fcode="partselect"/>
<opset="lshr_ln/75 "/>
</bind>
</comp>

<comp id="830" class="1004" name="zext_ln22_fu_830">
<pin_list>
<pin id="831" dir="0" index="0" bw="24" slack="0"/>
<pin id="832" dir="1" index="1" bw="32" slack="0"/>
</pin_list>
<bind>
<opcode="zext(34) " fcode="zext"/>
<opset="zext_ln22/75 "/>
</bind>
</comp>

<comp id="834" class="1004" name="lshr_ln22_1_fu_834">
<pin_list>
<pin id="835" dir="0" index="0" bw="24" slack="0"/>
<pin id="836" dir="0" index="1" bw="32" slack="0"/>
<pin id="837" dir="0" index="2" bw="5" slack="0"/>
<pin id="838" dir="0" index="3" bw="6" slack="0"/>
<pin id="839" dir="1" index="4" bw="24" slack="0"/>
</pin_list>
<bind>
<opcode="partselect(1002) " fcode="partselect"/>
<opset="lshr_ln22_1/75 "/>
</bind>
</comp>

<comp id="844" class="1004" name="zext_ln22_1_fu_844">
<pin_list>
<pin id="845" dir="0" index="0" bw="24" slack="0"/>
<pin id="846" dir="1" index="1" bw="32" slack="0"/>
</pin_list>
<bind>
<opcode="zext(34) " fcode="zext"/>
<opset="zext_ln22_1/75 "/>
</bind>
</comp>

<comp id="848" class="1004" name="trunc_ln22_fu_848">
<pin_list>
<pin id="849" dir="0" index="0" bw="32" slack="0"/>
<pin id="850" dir="1" index="1" bw="7" slack="0"/>
</pin_list>
<bind>
<opcode="trunc(33) " fcode="trunc"/>
<opset="trunc_ln22/75 "/>
</bind>
</comp>

<comp id="852" class="1004" name="trunc_ln22_1_fu_852">
<pin_list>
<pin id="853" dir="0" index="0" bw="32" slack="0"/>
<pin id="854" dir="1" index="1" bw="7" slack="0"/>
</pin_list>
<bind>
<opcode="trunc(33) " fcode="trunc"/>
<opset="trunc_ln22_1/75 "/>
</bind>
</comp>

<comp id="856" class="1004" name="add_ln22_fu_856">
<pin_list>
<pin id="857" dir="0" index="0" bw="7" slack="0"/>
<pin id="858" dir="0" index="1" bw="7" slack="0"/>
<pin id="859" dir="1" index="2" bw="7" slack="0"/>
</pin_list>
<bind>
<opcode="add(8) " fcode="add"/>
<opset="add_ln22/75 "/>
</bind>
</comp>

<comp id="862" class="1004" name="lshr_ln22_2_fu_862">
<pin_list>
<pin id="863" dir="0" index="0" bw="24" slack="0"/>
<pin id="864" dir="0" index="1" bw="32" slack="0"/>
<pin id="865" dir="0" index="2" bw="5" slack="0"/>
<pin id="866" dir="0" index="3" bw="6" slack="0"/>
<pin id="867" dir="1" index="4" bw="24" slack="0"/>
</pin_list>
<bind>
<opcode="partselect(1002) " fcode="partselect"/>
<opset="lshr_ln22_2/75 "/>
</bind>
</comp>

<comp id="872" class="1004" name="zext_ln22_2_fu_872">
<pin_list>
<pin id="873" dir="0" index="0" bw="24" slack="0"/>
<pin id="874" dir="1" index="1" bw="32" slack="0"/>
</pin_list>
<bind>
<opcode="zext(34) " fcode="zext"/>
<opset="zext_ln22_2/75 "/>
</bind>
</comp>

<comp id="876" class="1004" name="lshr_ln22_3_fu_876">
<pin_list>
<pin id="877" dir="0" index="0" bw="24" slack="0"/>
<pin id="878" dir="0" index="1" bw="32" slack="0"/>
<pin id="879" dir="0" index="2" bw="5" slack="0"/>
<pin id="880" dir="0" index="3" bw="6" slack="0"/>
<pin id="881" dir="1" index="4" bw="24" slack="0"/>
</pin_list>
<bind>
<opcode="partselect(1002) " fcode="partselect"/>
<opset="lshr_ln22_3/75 "/>
</bind>
</comp>

<comp id="886" class="1004" name="zext_ln22_3_fu_886">
<pin_list>
<pin id="887" dir="0" index="0" bw="24" slack="0"/>
<pin id="888" dir="1" index="1" bw="32" slack="0"/>
</pin_list>
<bind>
<opcode="zext(34) " fcode="zext"/>
<opset="zext_ln22_3/75 "/>
</bind>
</comp>

<comp id="890" class="1004" name="lshr_ln22_4_fu_890">
<pin_list>
<pin id="891" dir="0" index="0" bw="24" slack="0"/>
<pin id="892" dir="0" index="1" bw="32" slack="0"/>
<pin id="893" dir="0" index="2" bw="5" slack="0"/>
<pin id="894" dir="0" index="3" bw="6" slack="0"/>
<pin id="895" dir="1" index="4" bw="24" slack="0"/>
</pin_list>
<bind>
<opcode="partselect(1002) " fcode="partselect"/>
<opset="lshr_ln22_4/75 "/>
</bind>
</comp>

<comp id="900" class="1004" name="zext_ln22_4_fu_900">
<pin_list>
<pin id="901" dir="0" index="0" bw="24" slack="0"/>
<pin id="902" dir="1" index="1" bw="32" slack="0"/>
</pin_list>
<bind>
<opcode="zext(34) " fcode="zext"/>
<opset="zext_ln22_4/75 "/>
</bind>
</comp>

<comp id="904" class="1004" name="lshr_ln22_5_fu_904">
<pin_list>
<pin id="905" dir="0" index="0" bw="24" slack="0"/>
<pin id="906" dir="0" index="1" bw="32" slack="0"/>
<pin id="907" dir="0" index="2" bw="5" slack="0"/>
<pin id="908" dir="0" index="3" bw="6" slack="0"/>
<pin id="909" dir="1" index="4" bw="24" slack="0"/>
</pin_list>
<bind>
<opcode="partselect(1002) " fcode="partselect"/>
<opset="lshr_ln22_5/75 "/>
</bind>
</comp>

<comp id="914" class="1004" name="zext_ln22_5_fu_914">
<pin_list>
<pin id="915" dir="0" index="0" bw="24" slack="0"/>
<pin id="916" dir="1" index="1" bw="32" slack="0"/>
</pin_list>
<bind>
<opcode="zext(34) " fcode="zext"/>
<opset="zext_ln22_5/75 "/>
</bind>
</comp>

<comp id="918" class="1004" name="trunc_ln22_2_fu_918">
<pin_list>
<pin id="919" dir="0" index="0" bw="32" slack="0"/>
<pin id="920" dir="1" index="1" bw="7" slack="0"/>
</pin_list>
<bind>
<opcode="trunc(33) " fcode="trunc"/>
<opset="trunc_ln22_2/75 "/>
</bind>
</comp>

<comp id="922" class="1004" name="trunc_ln22_3_fu_922">
<pin_list>
<pin id="923" dir="0" index="0" bw="32" slack="0"/>
<pin id="924" dir="1" index="1" bw="7" slack="0"/>
</pin_list>
<bind>
<opcode="trunc(33) " fcode="trunc"/>
<opset="trunc_ln22_3/75 "/>
</bind>
</comp>

<comp id="926" class="1004" name="add_ln22_1_fu_926">
<pin_list>
<pin id="927" dir="0" index="0" bw="7" slack="0"/>
<pin id="928" dir="0" index="1" bw="7" slack="0"/>
<pin id="929" dir="1" index="2" bw="7" slack="0"/>
</pin_list>
<bind>
<opcode="add(8) " fcode="add"/>
<opset="add_ln22_1/75 "/>
</bind>
</comp>

<comp id="932" class="1004" name="lshr_ln22_6_fu_932">
<pin_list>
<pin id="933" dir="0" index="0" bw="24" slack="0"/>
<pin id="934" dir="0" index="1" bw="32" slack="0"/>
<pin id="935" dir="0" index="2" bw="5" slack="0"/>
<pin id="936" dir="0" index="3" bw="6" slack="0"/>
<pin id="937" dir="1" index="4" bw="24" slack="0"/>
</pin_list>
<bind>
<opcode="partselect(1002) " fcode="partselect"/>
<opset="lshr_ln22_6/75 "/>
</bind>
</comp>

<comp id="942" class="1004" name="zext_ln22_6_fu_942">
<pin_list>
<pin id="943" dir="0" index="0" bw="24" slack="0"/>
<pin id="944" dir="1" index="1" bw="32" slack="0"/>
</pin_list>
<bind>
<opcode="zext(34) " fcode="zext"/>
<opset="zext_ln22_6/75 "/>
</bind>
</comp>

<comp id="946" class="1004" name="trunc_ln22_4_fu_946">
<pin_list>
<pin id="947" dir="0" index="0" bw="32" slack="0"/>
<pin id="948" dir="1" index="1" bw="7" slack="0"/>
</pin_list>
<bind>
<opcode="trunc(33) " fcode="trunc"/>
<opset="trunc_ln22_4/75 "/>
</bind>
</comp>

<comp id="950" class="1004" name="trunc_ln22_5_fu_950">
<pin_list>
<pin id="951" dir="0" index="0" bw="32" slack="0"/>
<pin id="952" dir="1" index="1" bw="7" slack="0"/>
</pin_list>
<bind>
<opcode="trunc(33) " fcode="trunc"/>
<opset="trunc_ln22_5/75 "/>
</bind>
</comp>

<comp id="954" class="1004" name="add_ln22_2_fu_954">
<pin_list>
<pin id="955" dir="0" index="0" bw="7" slack="0"/>
<pin id="956" dir="0" index="1" bw="7" slack="0"/>
<pin id="957" dir="1" index="2" bw="7" slack="0"/>
</pin_list>
<bind>
<opcode="add(8) " fcode="add"/>
<opset="add_ln22_2/75 "/>
</bind>
</comp>

<comp id="960" class="1004" name="lshr_ln22_7_fu_960">
<pin_list>
<pin id="961" dir="0" index="0" bw="24" slack="0"/>
<pin id="962" dir="0" index="1" bw="32" slack="0"/>
<pin id="963" dir="0" index="2" bw="5" slack="0"/>
<pin id="964" dir="0" index="3" bw="6" slack="0"/>
<pin id="965" dir="1" index="4" bw="24" slack="0"/>
</pin_list>
<bind>
<opcode="partselect(1002) " fcode="partselect"/>
<opset="lshr_ln22_7/75 "/>
</bind>
</comp>

<comp id="970" class="1004" name="zext_ln22_7_fu_970">
<pin_list>
<pin id="971" dir="0" index="0" bw="24" slack="0"/>
<pin id="972" dir="1" index="1" bw="32" slack="0"/>
</pin_list>
<bind>
<opcode="zext(34) " fcode="zext"/>
<opset="zext_ln22_7/75 "/>
</bind>
</comp>

<comp id="974" class="1004" name="trunc_ln22_6_fu_974">
<pin_list>
<pin id="975" dir="0" index="0" bw="32" slack="0"/>
<pin id="976" dir="1" index="1" bw="7" slack="0"/>
</pin_list>
<bind>
<opcode="trunc(33) " fcode="trunc"/>
<opset="trunc_ln22_6/75 "/>
</bind>
</comp>

<comp id="978" class="1004" name="trunc_ln22_7_fu_978">
<pin_list>
<pin id="979" dir="0" index="0" bw="32" slack="0"/>
<pin id="980" dir="1" index="1" bw="7" slack="0"/>
</pin_list>
<bind>
<opcode="trunc(33) " fcode="trunc"/>
<opset="trunc_ln22_7/75 "/>
</bind>
</comp>

<comp id="982" class="1004" name="add_ln22_3_fu_982">
<pin_list>
<pin id="983" dir="0" index="0" bw="7" slack="0"/>
<pin id="984" dir="0" index="1" bw="7" slack="0"/>
<pin id="985" dir="1" index="2" bw="7" slack="0"/>
</pin_list>
<bind>
<opcode="add(8) " fcode="add"/>
<opset="add_ln22_3/75 "/>
</bind>
</comp>

<comp id="988" class="1004" name="lshr_ln22_8_fu_988">
<pin_list>
<pin id="989" dir="0" index="0" bw="48" slack="0"/>
<pin id="990" dir="0" index="1" bw="64" slack="0"/>
<pin id="991" dir="0" index="2" bw="6" slack="0"/>
<pin id="992" dir="0" index="3" bw="7" slack="0"/>
<pin id="993" dir="1" index="4" bw="48" slack="0"/>
</pin_list>
<bind>
<opcode="partselect(1002) " fcode="partselect"/>
<opset="lshr_ln22_8/75 "/>
</bind>
</comp>

<comp id="998" class="1004" name="or_ln_fu_998">
<pin_list>
<pin id="999" dir="0" index="0" bw="64" slack="0"/>
<pin id="1000" dir="0" index="1" bw="7" slack="0"/>
<pin id="1001" dir="0" index="2" bw="1" slack="0"/>
<pin id="1002" dir="0" index="3" bw="48" slack="0"/>
<pin id="1003" dir="1" index="4" bw="64" slack="0"/>
</pin_list>
<bind>
<opcode="bitconcatenate(1004) " fcode="bitconcatenate"/>
<opset="or_ln/75 "/>
</bind>
</comp>

<comp id="1008" class="1004" name="lshr_ln22_9_fu_1008">
<pin_list>
<pin id="1009" dir="0" index="0" bw="48" slack="0"/>
<pin id="1010" dir="0" index="1" bw="64" slack="0"/>
<pin id="1011" dir="0" index="2" bw="6" slack="0"/>
<pin id="1012" dir="0" index="3" bw="7" slack="0"/>
<pin id="1013" dir="1" index="4" bw="48" slack="0"/>
</pin_list>
<bind>
<opcode="partselect(1002) " fcode="partselect"/>
<opset="lshr_ln22_9/75 "/>
</bind>
</comp>

<comp id="1018" class="1004" name="or_ln22_1_fu_1018">
<pin_list>
<pin id="1019" dir="0" index="0" bw="64" slack="0"/>
<pin id="1020" dir="0" index="1" bw="7" slack="0"/>
<pin id="1021" dir="0" index="2" bw="1" slack="0"/>
<pin id="1022" dir="0" index="3" bw="48" slack="0"/>
<pin id="1023" dir="1" index="4" bw="64" slack="0"/>
</pin_list>
<bind>
<opcode="bitconcatenate(1004) " fcode="bitconcatenate"/>
<opset="or_ln22_1/75 "/>
</bind>
</comp>

<comp id="1028" class="1004" name="lshr_ln22_s_fu_1028">
<pin_list>
<pin id="1029" dir="0" index="0" bw="48" slack="0"/>
<pin id="1030" dir="0" index="1" bw="64" slack="0"/>
<pin id="1031" dir="0" index="2" bw="6" slack="0"/>
<pin id="1032" dir="0" index="3" bw="7" slack="0"/>
<pin id="1033" dir="1" index="4" bw="48" slack="0"/>
</pin_list>
<bind>
<opcode="partselect(1002) " fcode="partselect"/>
<opset="lshr_ln22_s/75 "/>
</bind>
</comp>

<comp id="1038" class="1004" name="or_ln22_2_fu_1038">
<pin_list>
<pin id="1039" dir="0" index="0" bw="64" slack="0"/>
<pin id="1040" dir="0" index="1" bw="7" slack="0"/>
<pin id="1041" dir="0" index="2" bw="1" slack="0"/>
<pin id="1042" dir="0" index="3" bw="48" slack="0"/>
<pin id="1043" dir="1" index="4" bw="64" slack="0"/>
</pin_list>
<bind>
<opcode="bitconcatenate(1004) " fcode="bitconcatenate"/>
<opset="or_ln22_2/75 "/>
</bind>
</comp>

<comp id="1048" class="1004" name="lshr_ln22_10_fu_1048">
<pin_list>
<pin id="1049" dir="0" index="0" bw="48" slack="0"/>
<pin id="1050" dir="0" index="1" bw="64" slack="0"/>
<pin id="1051" dir="0" index="2" bw="6" slack="0"/>
<pin id="1052" dir="0" index="3" bw="7" slack="0"/>
<pin id="1053" dir="1" index="4" bw="48" slack="0"/>
</pin_list>
<bind>
<opcode="partselect(1002) " fcode="partselect"/>
<opset="lshr_ln22_10/75 "/>
</bind>
</comp>

<comp id="1058" class="1004" name="or_ln22_3_fu_1058">
<pin_list>
<pin id="1059" dir="0" index="0" bw="64" slack="0"/>
<pin id="1060" dir="0" index="1" bw="7" slack="0"/>
<pin id="1061" dir="0" index="2" bw="1" slack="0"/>
<pin id="1062" dir="0" index="3" bw="48" slack="0"/>
<pin id="1063" dir="1" index="4" bw="64" slack="0"/>
</pin_list>
<bind>
<opcode="bitconcatenate(1004) " fcode="bitconcatenate"/>
<opset="or_ln22_3/75 "/>
</bind>
</comp>

<comp id="1068" class="1004" name="i_fu_1068">
<pin_list>
<pin id="1069" dir="0" index="0" bw="5" slack="0"/>
<pin id="1070" dir="0" index="1" bw="4" slack="0"/>
<pin id="1071" dir="1" index="2" bw="5" slack="0"/>
</pin_list>
<bind>
<opcode="add(8) " fcode="add"/>
<opset="i/75 "/>
</bind>
</comp>

<comp id="1074" class="1004" name="tmp_fu_1074">
<pin_list>
<pin id="1075" dir="0" index="0" bw="1" slack="0"/>
<pin id="1076" dir="0" index="1" bw="5" slack="0"/>
<pin id="1077" dir="0" index="2" bw="4" slack="0"/>
<pin id="1078" dir="1" index="3" bw="1" slack="2147483647"/>
</pin_list>
<bind>
<opcode="bitselect(1000) " fcode="bitselect"/>
<opset="tmp/75 "/>
</bind>
</comp>

<comp id="1082" class="1004" name="store_ln22_store_fu_1082">
<pin_list>
<pin id="1083" dir="0" index="0" bw="64" slack="0"/>
<pin id="1084" dir="0" index="1" bw="64" slack="74"/>
<pin id="1085" dir="1" index="2" bw="0" slack="2147483647"/>
</pin_list>
<bind>
<opcode="store(28) " fcode="store"/>
<opset="store_ln22/75 "/>
</bind>
</comp>

<comp id="1087" class="1004" name="store_ln22_store_fu_1087">
<pin_list>
<pin id="1088" dir="0" index="0" bw="64" slack="0"/>
<pin id="1089" dir="0" index="1" bw="64" slack="74"/>
<pin id="1090" dir="1" index="2" bw="0" slack="2147483647"/>
</pin_list>
<bind>
<opcode="store(28) " fcode="store"/>
<opset="store_ln22/75 "/>
</bind>
</comp>

<comp id="1092" class="1004" name="store_ln22_store_fu_1092">
<pin_list>
<pin id="1093" dir="0" index="0" bw="64" slack="0"/>
<pin id="1094" dir="0" index="1" bw="64" slack="74"/>
<pin id="1095" dir="1" index="2" bw="0" slack="2147483647"/>
</pin_list>
<bind>
<opcode="store(28) " fcode="store"/>
<opset="store_ln22/75 "/>
</bind>
</comp>

<comp id="1097" class="1004" name="store_ln22_store_fu_1097">
<pin_list>
<pin id="1098" dir="0" index="0" bw="64" slack="0"/>
<pin id="1099" dir="0" index="1" bw="64" slack="74"/>
<pin id="1100" dir="1" index="2" bw="0" slack="2147483647"/>
</pin_list>
<bind>
<opcode="store(28) " fcode="store"/>
<opset="store_ln22/75 "/>
</bind>
</comp>

<comp id="1102" class="1004" name="store_ln22_store_fu_1102">
<pin_list>
<pin id="1103" dir="0" index="0" bw="24" slack="0"/>
<pin id="1104" dir="0" index="1" bw="32" slack="74"/>
<pin id="1105" dir="1" index="2" bw="0" slack="2147483647"/>
</pin_list>
<bind>
<opcode="store(28) " fcode="store"/>
<opset="store_ln22/75 "/>
</bind>
</comp>

<comp id="1107" class="1004" name="store_ln22_store_fu_1107">
<pin_list>
<pin id="1108" dir="0" index="0" bw="24" slack="0"/>
<pin id="1109" dir="0" index="1" bw="32" slack="74"/>
<pin id="1110" dir="1" index="2" bw="0" slack="2147483647"/>
</pin_list>
<bind>
<opcode="store(28) " fcode="store"/>
<opset="store_ln22/75 "/>
</bind>
</comp>

<comp id="1112" class="1004" name="store_ln22_store_fu_1112">
<pin_list>
<pin id="1113" dir="0" index="0" bw="24" slack="0"/>
<pin id="1114" dir="0" index="1" bw="32" slack="74"/>
<pin id="1115" dir="1" index="2" bw="0" slack="2147483647"/>
</pin_list>
<bind>
<opcode="store(28) " fcode="store"/>
<opset="store_ln22/75 "/>
</bind>
</comp>

<comp id="1117" class="1004" name="store_ln22_store_fu_1117">
<pin_list>
<pin id="1118" dir="0" index="0" bw="24" slack="0"/>
<pin id="1119" dir="0" index="1" bw="32" slack="74"/>
<pin id="1120" dir="1" index="2" bw="0" slack="2147483647"/>
</pin_list>
<bind>
<opcode="store(28) " fcode="store"/>
<opset="store_ln22/75 "/>
</bind>
</comp>

<comp id="1122" class="1004" name="store_ln22_store_fu_1122">
<pin_list>
<pin id="1123" dir="0" index="0" bw="24" slack="0"/>
<pin id="1124" dir="0" index="1" bw="32" slack="74"/>
<pin id="1125" dir="1" index="2" bw="0" slack="2147483647"/>
</pin_list>
<bind>
<opcode="store(28) " fcode="store"/>
<opset="store_ln22/75 "/>
</bind>
</comp>

<comp id="1127" class="1004" name="store_ln22_store_fu_1127">
<pin_list>
<pin id="1128" dir="0" index="0" bw="24" slack="0"/>
<pin id="1129" dir="0" index="1" bw="32" slack="74"/>
<pin id="1130" dir="1" index="2" bw="0" slack="2147483647"/>
</pin_list>
<bind>
<opcode="store(28) " fcode="store"/>
<opset="store_ln22/75 "/>
</bind>
</comp>

<comp id="1132" class="1004" name="store_ln22_store_fu_1132">
<pin_list>
<pin id="1133" dir="0" index="0" bw="24" slack="0"/>
<pin id="1134" dir="0" index="1" bw="32" slack="74"/>
<pin id="1135" dir="1" index="2" bw="0" slack="2147483647"/>
</pin_list>
<bind>
<opcode="store(28) " fcode="store"/>
<opset="store_ln22/75 "/>
</bind>
</comp>

<comp id="1137" class="1004" name="store_ln22_store_fu_1137">
<pin_list>
<pin id="1138" dir="0" index="0" bw="24" slack="0"/>
<pin id="1139" dir="0" index="1" bw="32" slack="74"/>
<pin id="1140" dir="1" index="2" bw="0" slack="2147483647"/>
</pin_list>
<bind>
<opcode="store(28) " fcode="store"/>
<opset="store_ln22/75 "/>
</bind>
</comp>

<comp id="1142" class="1004" name="store_ln19_store_fu_1142">
<pin_list>
<pin id="1143" dir="0" index="0" bw="5" slack="0"/>
<pin id="1144" dir="0" index="1" bw="5" slack="74"/>
<pin id="1145" dir="1" index="2" bw="0" slack="2147483647"/>
</pin_list>
<bind>
<opcode="store(28) " fcode="store"/>
<opset="store_ln19/75 "/>
</bind>
</comp>

<comp id="1147" class="1005" name="i1_reg_1147">
<pin_list>
<pin id="1148" dir="0" index="0" bw="5" slack="0"/>
<pin id="1149" dir="1" index="1" bw="5" slack="0"/>
</pin_list>
<bind>
<opset="i1 "/>
</bind>
</comp>

<comp id="1154" class="1005" name="shiftreg2_reg_1154">
<pin_list>
<pin id="1155" dir="0" index="0" bw="32" slack="73"/>
<pin id="1156" dir="1" index="1" bw="32" slack="73"/>
</pin_list>
<bind>
<opset="shiftreg2 "/>
</bind>
</comp>

<comp id="1161" class="1005" name="shiftreg163_reg_1161">
<pin_list>
<pin id="1162" dir="0" index="0" bw="32" slack="73"/>
<pin id="1163" dir="1" index="1" bw="32" slack="73"/>
</pin_list>
<bind>
<opset="shiftreg163 "/>
</bind>
</comp>

<comp id="1168" class="1005" name="shiftreg184_reg_1168">
<pin_list>
<pin id="1169" dir="0" index="0" bw="32" slack="73"/>
<pin id="1170" dir="1" index="1" bw="32" slack="73"/>
</pin_list>
<bind>
<opset="shiftreg184 "/>
</bind>
</comp>

<comp id="1175" class="1005" name="shiftreg205_reg_1175">
<pin_list>
<pin id="1176" dir="0" index="0" bw="32" slack="73"/>
<pin id="1177" dir="1" index="1" bw="32" slack="73"/>
</pin_list>
<bind>
<opset="shiftreg205 "/>
</bind>
</comp>

<comp id="1182" class="1005" name="shiftreg226_reg_1182">
<pin_list>
<pin id="1183" dir="0" index="0" bw="32" slack="73"/>
<pin id="1184" dir="1" index="1" bw="32" slack="73"/>
</pin_list>
<bind>
<opset="shiftreg226 "/>
</bind>
</comp>

<comp id="1189" class="1005" name="shiftreg247_reg_1189">
<pin_list>
<pin id="1190" dir="0" index="0" bw="32" slack="73"/>
<pin id="1191" dir="1" index="1" bw="32" slack="73"/>
</pin_list>
<bind>
<opset="shiftreg247 "/>
</bind>
</comp>

<comp id="1196" class="1005" name="shiftreg268_reg_1196">
<pin_list>
<pin id="1197" dir="0" index="0" bw="32" slack="73"/>
<pin id="1198" dir="1" index="1" bw="32" slack="73"/>
</pin_list>
<bind>
<opset="shiftreg268 "/>
</bind>
</comp>

<comp id="1203" class="1005" name="shiftreg289_reg_1203">
<pin_list>
<pin id="1204" dir="0" index="0" bw="32" slack="73"/>
<pin id="1205" dir="1" index="1" bw="32" slack="73"/>
</pin_list>
<bind>
<opset="shiftreg289 "/>
</bind>
</comp>

<comp id="1210" class="1005" name="shiftreg3010_reg_1210">
<pin_list>
<pin id="1211" dir="0" index="0" bw="64" slack="0"/>
<pin id="1212" dir="1" index="1" bw="64" slack="0"/>
</pin_list>
<bind>
<opset="shiftreg3010 "/>
</bind>
</comp>

<comp id="1217" class="1005" name="shiftreg3212_reg_1217">
<pin_list>
<pin id="1218" dir="0" index="0" bw="64" slack="0"/>
<pin id="1219" dir="1" index="1" bw="64" slack="0"/>
</pin_list>
<bind>
<opset="shiftreg3212 "/>
</bind>
</comp>

<comp id="1224" class="1005" name="shiftreg3414_reg_1224">
<pin_list>
<pin id="1225" dir="0" index="0" bw="64" slack="0"/>
<pin id="1226" dir="1" index="1" bw="64" slack="0"/>
</pin_list>
<bind>
<opset="shiftreg3414 "/>
</bind>
</comp>

<comp id="1231" class="1005" name="shiftreg3616_reg_1231">
<pin_list>
<pin id="1232" dir="0" index="0" bw="64" slack="0"/>
<pin id="1233" dir="1" index="1" bw="64" slack="0"/>
</pin_list>
<bind>
<opset="shiftreg3616 "/>
</bind>
</comp>

<comp id="1238" class="1005" name="gmem0_0_addr_reg_1238">
<pin_list>
<pin id="1239" dir="0" index="0" bw="32" slack="1"/>
<pin id="1240" dir="1" index="1" bw="32" slack="1"/>
</pin_list>
<bind>
<opset="gmem0_0_addr "/>
</bind>
</comp>

<comp id="1244" class="1005" name="gmem1_0_addr_reg_1244">
<pin_list>
<pin id="1245" dir="0" index="0" bw="32" slack="1"/>
<pin id="1246" dir="1" index="1" bw="32" slack="1"/>
</pin_list>
<bind>
<opset="gmem1_0_addr "/>
</bind>
</comp>

<comp id="1250" class="1005" name="gmem0_1_addr_reg_1250">
<pin_list>
<pin id="1251" dir="0" index="0" bw="32" slack="1"/>
<pin id="1252" dir="1" index="1" bw="32" slack="1"/>
</pin_list>
<bind>
<opset="gmem0_1_addr "/>
</bind>
</comp>

<comp id="1256" class="1005" name="gmem0_2_addr_reg_1256">
<pin_list>
<pin id="1257" dir="0" index="0" bw="32" slack="1"/>
<pin id="1258" dir="1" index="1" bw="32" slack="1"/>
</pin_list>
<bind>
<opset="gmem0_2_addr "/>
</bind>
</comp>

<comp id="1262" class="1005" name="gmem0_3_addr_reg_1262">
<pin_list>
<pin id="1263" dir="0" index="0" bw="32" slack="1"/>
<pin id="1264" dir="1" index="1" bw="32" slack="1"/>
</pin_list>
<bind>
<opset="gmem0_3_addr "/>
</bind>
</comp>

<comp id="1268" class="1005" name="gmem1_1_addr_reg_1268">
<pin_list>
<pin id="1269" dir="0" index="0" bw="32" slack="1"/>
<pin id="1270" dir="1" index="1" bw="32" slack="1"/>
</pin_list>
<bind>
<opset="gmem1_1_addr "/>
</bind>
</comp>

<comp id="1274" class="1005" name="gmem1_2_addr_reg_1274">
<pin_list>
<pin id="1275" dir="0" index="0" bw="32" slack="1"/>
<pin id="1276" dir="1" index="1" bw="32" slack="1"/>
</pin_list>
<bind>
<opset="gmem1_2_addr "/>
</bind>
</comp>

<comp id="1280" class="1005" name="gmem1_3_addr_reg_1280">
<pin_list>
<pin id="1281" dir="0" index="0" bw="32" slack="1"/>
<pin id="1282" dir="1" index="1" bw="32" slack="1"/>
</pin_list>
<bind>
<opset="gmem1_3_addr "/>
</bind>
</comp>

<comp id="1286" class="1005" name="p_cast_reg_1286">
<pin_list>
<pin id="1287" dir="0" index="0" bw="61" slack="73"/>
<pin id="1288" dir="1" index="1" bw="61" slack="73"/>
</pin_list>
<bind>
<opset="p_cast "/>
</bind>
</comp>

<comp id="1291" class="1005" name="p_cast1_reg_1291">
<pin_list>
<pin id="1292" dir="0" index="0" bw="61" slack="73"/>
<pin id="1293" dir="1" index="1" bw="61" slack="73"/>
</pin_list>
<bind>
<opset="p_cast1 "/>
</bind>
</comp>

<comp id="1296" class="1005" name="p_cast2_reg_1296">
<pin_list>
<pin id="1297" dir="0" index="0" bw="61" slack="73"/>
<pin id="1298" dir="1" index="1" bw="61" slack="73"/>
</pin_list>
<bind>
<opset="p_cast2 "/>
</bind>
</comp>

<comp id="1301" class="1005" name="p_cast3_reg_1301">
<pin_list>
<pin id="1302" dir="0" index="0" bw="61" slack="73"/>
<pin id="1303" dir="1" index="1" bw="61" slack="73"/>
</pin_list>
<bind>
<opset="p_cast3 "/>
</bind>
</comp>

<comp id="1306" class="1005" name="gmem0_0_addr_read_reg_1306">
<pin_list>
<pin id="1307" dir="0" index="0" bw="32" slack="1"/>
<pin id="1308" dir="1" index="1" bw="32" slack="1"/>
</pin_list>
<bind>
<opset="gmem0_0_addr_read "/>
</bind>
</comp>

<comp id="1311" class="1005" name="gmem1_0_addr_read_reg_1311">
<pin_list>
<pin id="1312" dir="0" index="0" bw="32" slack="1"/>
<pin id="1313" dir="1" index="1" bw="32" slack="1"/>
</pin_list>
<bind>
<opset="gmem1_0_addr_read "/>
</bind>
</comp>

<comp id="1316" class="1005" name="gmem0_1_addr_read_reg_1316">
<pin_list>
<pin id="1317" dir="0" index="0" bw="32" slack="1"/>
<pin id="1318" dir="1" index="1" bw="32" slack="1"/>
</pin_list>
<bind>
<opset="gmem0_1_addr_read "/>
</bind>
</comp>

<comp id="1321" class="1005" name="gmem0_2_addr_read_reg_1321">
<pin_list>
<pin id="1322" dir="0" index="0" bw="32" slack="1"/>
<pin id="1323" dir="1" index="1" bw="32" slack="1"/>
</pin_list>
<bind>
<opset="gmem0_2_addr_read "/>
</bind>
</comp>

<comp id="1326" class="1005" name="gmem0_3_addr_read_reg_1326">
<pin_list>
<pin id="1327" dir="0" index="0" bw="32" slack="1"/>
<pin id="1328" dir="1" index="1" bw="32" slack="1"/>
</pin_list>
<bind>
<opset="gmem0_3_addr_read "/>
</bind>
</comp>

<comp id="1331" class="1005" name="gmem1_1_addr_read_reg_1331">
<pin_list>
<pin id="1332" dir="0" index="0" bw="32" slack="1"/>
<pin id="1333" dir="1" index="1" bw="32" slack="1"/>
</pin_list>
<bind>
<opset="gmem1_1_addr_read "/>
</bind>
</comp>

<comp id="1336" class="1005" name="gmem1_2_addr_read_reg_1336">
<pin_list>
<pin id="1337" dir="0" index="0" bw="32" slack="1"/>
<pin id="1338" dir="1" index="1" bw="32" slack="1"/>
</pin_list>
<bind>
<opset="gmem1_2_addr_read "/>
</bind>
</comp>

<comp id="1341" class="1005" name="gmem1_3_addr_read_reg_1341">
<pin_list>
<pin id="1342" dir="0" index="0" bw="32" slack="1"/>
<pin id="1343" dir="1" index="1" bw="32" slack="1"/>
</pin_list>
<bind>
<opset="gmem1_3_addr_read "/>
</bind>
</comp>

<comp id="1346" class="1005" name="gmem2_3_addr_reg_1346">
<pin_list>
<pin id="1347" dir="0" index="0" bw="64" slack="2"/>
<pin id="1348" dir="1" index="1" bw="64" slack="2"/>
</pin_list>
<bind>
<opset="gmem2_3_addr "/>
</bind>
</comp>

<comp id="1353" class="1005" name="gmem2_2_addr_reg_1353">
<pin_list>
<pin id="1354" dir="0" index="0" bw="64" slack="2"/>
<pin id="1355" dir="1" index="1" bw="64" slack="2"/>
</pin_list>
<bind>
<opset="gmem2_2_addr "/>
</bind>
</comp>

<comp id="1360" class="1005" name="gmem2_1_addr_reg_1360">
<pin_list>
<pin id="1361" dir="0" index="0" bw="64" slack="2"/>
<pin id="1362" dir="1" index="1" bw="64" slack="2"/>
</pin_list>
<bind>
<opset="gmem2_1_addr "/>
</bind>
</comp>

<comp id="1367" class="1005" name="gmem2_0_addr_reg_1367">
<pin_list>
<pin id="1368" dir="0" index="0" bw="64" slack="2"/>
<pin id="1369" dir="1" index="1" bw="64" slack="2"/>
</pin_list>
<bind>
<opset="gmem2_0_addr "/>
</bind>
</comp>

<comp id="1374" class="1005" name="or_ln_reg_1374">
<pin_list>
<pin id="1375" dir="0" index="0" bw="64" slack="2"/>
<pin id="1376" dir="1" index="1" bw="64" slack="2"/>
</pin_list>
<bind>
<opset="or_ln "/>
</bind>
</comp>

<comp id="1379" class="1005" name="or_ln22_1_reg_1379">
<pin_list>
<pin id="1380" dir="0" index="0" bw="64" slack="2"/>
<pin id="1381" dir="1" index="1" bw="64" slack="2"/>
</pin_list>
<bind>
<opset="or_ln22_1 "/>
</bind>
</comp>

<comp id="1384" class="1005" name="or_ln22_2_reg_1384">
<pin_list>
<pin id="1385" dir="0" index="0" bw="64" slack="2"/>
<pin id="1386" dir="1" index="1" bw="64" slack="2"/>
</pin_list>
<bind>
<opset="or_ln22_2 "/>
</bind>
</comp>

<comp id="1389" class="1005" name="or_ln22_3_reg_1389">
<pin_list>
<pin id="1390" dir="0" index="0" bw="64" slack="2"/>
<pin id="1391" dir="1" index="1" bw="64" slack="2"/>
</pin_list>
<bind>
<opset="or_ln22_3 "/>
</bind>
</comp>

</comp_list>

<net_list>
<net id="191"><net_src comp="48" pin="0"/><net_sink comp="188" pin=0"/></net>

<net id="195"><net_src comp="48" pin="0"/><net_sink comp="192" pin=0"/></net>

<net id="199"><net_src comp="48" pin="0"/><net_sink comp="196" pin=0"/></net>

<net id="203"><net_src comp="48" pin="0"/><net_sink comp="200" pin=0"/></net>

<net id="207"><net_src comp="48" pin="0"/><net_sink comp="204" pin=0"/></net>

<net id="211"><net_src comp="48" pin="0"/><net_sink comp="208" pin=0"/></net>

<net id="215"><net_src comp="48" pin="0"/><net_sink comp="212" pin=0"/></net>

<net id="219"><net_src comp="48" pin="0"/><net_sink comp="216" pin=0"/></net>

<net id="223"><net_src comp="48" pin="0"/><net_sink comp="220" pin=0"/></net>

<net id="227"><net_src comp="48" pin="0"/><net_sink comp="224" pin=0"/></net>

<net id="231"><net_src comp="48" pin="0"/><net_sink comp="228" pin=0"/></net>

<net id="235"><net_src comp="48" pin="0"/><net_sink comp="232" pin=0"/></net>

<net id="239"><net_src comp="48" pin="0"/><net_sink comp="236" pin=0"/></net>

<net id="244"><net_src comp="50" pin="0"/><net_sink comp="240" pin=0"/></net>

<net id="245"><net_src comp="46" pin="0"/><net_sink comp="240" pin=1"/></net>

<net id="250"><net_src comp="50" pin="0"/><net_sink comp="246" pin=0"/></net>

<net id="251"><net_src comp="44" pin="0"/><net_sink comp="246" pin=1"/></net>

<net id="256"><net_src comp="50" pin="0"/><net_sink comp="252" pin=0"/></net>

<net id="257"><net_src comp="42" pin="0"/><net_sink comp="252" pin=1"/></net>

<net id="262"><net_src comp="50" pin="0"/><net_sink comp="258" pin=0"/></net>

<net id="263"><net_src comp="40" pin="0"/><net_sink comp="258" pin=1"/></net>

<net id="268"><net_src comp="50" pin="0"/><net_sink comp="264" pin=0"/></net>

<net id="269"><net_src comp="38" pin="0"/><net_sink comp="264" pin=1"/></net>

<net id="274"><net_src comp="50" pin="0"/><net_sink comp="270" pin=0"/></net>

<net id="275"><net_src comp="36" pin="0"/><net_sink comp="270" pin=1"/></net>

<net id="280"><net_src comp="50" pin="0"/><net_sink comp="276" pin=0"/></net>

<net id="281"><net_src comp="34" pin="0"/><net_sink comp="276" pin=1"/></net>

<net id="286"><net_src comp="50" pin="0"/><net_sink comp="282" pin=0"/></net>

<net id="287"><net_src comp="32" pin="0"/><net_sink comp="282" pin=1"/></net>

<net id="292"><net_src comp="50" pin="0"/><net_sink comp="288" pin=0"/></net>

<net id="293"><net_src comp="30" pin="0"/><net_sink comp="288" pin=1"/></net>

<net id="298"><net_src comp="50" pin="0"/><net_sink comp="294" pin=0"/></net>

<net id="299"><net_src comp="28" pin="0"/><net_sink comp="294" pin=1"/></net>

<net id="304"><net_src comp="50" pin="0"/><net_sink comp="300" pin=0"/></net>

<net id="305"><net_src comp="26" pin="0"/><net_sink comp="300" pin=1"/></net>

<net id="310"><net_src comp="50" pin="0"/><net_sink comp="306" pin=0"/></net>

<net id="311"><net_src comp="24" pin="0"/><net_sink comp="306" pin=1"/></net>

<net id="317"><net_src comp="66" pin="0"/><net_sink comp="312" pin=0"/></net>

<net id="318"><net_src comp="68" pin="0"/><net_sink comp="312" pin=2"/></net>

<net id="324"><net_src comp="66" pin="0"/><net_sink comp="319" pin=0"/></net>

<net id="325"><net_src comp="68" pin="0"/><net_sink comp="319" pin=2"/></net>

<net id="331"><net_src comp="66" pin="0"/><net_sink comp="326" pin=0"/></net>

<net id="332"><net_src comp="68" pin="0"/><net_sink comp="326" pin=2"/></net>

<net id="338"><net_src comp="66" pin="0"/><net_sink comp="333" pin=0"/></net>

<net id="339"><net_src comp="68" pin="0"/><net_sink comp="333" pin=2"/></net>

<net id="345"><net_src comp="66" pin="0"/><net_sink comp="340" pin=0"/></net>

<net id="346"><net_src comp="68" pin="0"/><net_sink comp="340" pin=2"/></net>

<net id="352"><net_src comp="66" pin="0"/><net_sink comp="347" pin=0"/></net>

<net id="353"><net_src comp="68" pin="0"/><net_sink comp="347" pin=2"/></net>

<net id="359"><net_src comp="66" pin="0"/><net_sink comp="354" pin=0"/></net>

<net id="360"><net_src comp="68" pin="0"/><net_sink comp="354" pin=2"/></net>

<net id="366"><net_src comp="66" pin="0"/><net_sink comp="361" pin=0"/></net>

<net id="367"><net_src comp="68" pin="0"/><net_sink comp="361" pin=2"/></net>

<net id="372"><net_src comp="70" pin="0"/><net_sink comp="368" pin=0"/></net>

<net id="377"><net_src comp="70" pin="0"/><net_sink comp="373" pin=0"/></net>

<net id="382"><net_src comp="70" pin="0"/><net_sink comp="378" pin=0"/></net>

<net id="387"><net_src comp="70" pin="0"/><net_sink comp="383" pin=0"/></net>

<net id="392"><net_src comp="70" pin="0"/><net_sink comp="388" pin=0"/></net>

<net id="397"><net_src comp="70" pin="0"/><net_sink comp="393" pin=0"/></net>

<net id="402"><net_src comp="70" pin="0"/><net_sink comp="398" pin=0"/></net>

<net id="407"><net_src comp="70" pin="0"/><net_sink comp="403" pin=0"/></net>

<net id="413"><net_src comp="180" pin="0"/><net_sink comp="408" pin=0"/></net>

<net id="414"><net_src comp="68" pin="0"/><net_sink comp="408" pin=2"/></net>

<net id="420"><net_src comp="180" pin="0"/><net_sink comp="415" pin=0"/></net>

<net id="421"><net_src comp="68" pin="0"/><net_sink comp="415" pin=2"/></net>

<net id="427"><net_src comp="180" pin="0"/><net_sink comp="422" pin=0"/></net>

<net id="428"><net_src comp="68" pin="0"/><net_sink comp="422" pin=2"/></net>

<net id="434"><net_src comp="180" pin="0"/><net_sink comp="429" pin=0"/></net>

<net id="435"><net_src comp="68" pin="0"/><net_sink comp="429" pin=2"/></net>

<net id="442"><net_src comp="182" pin="0"/><net_sink comp="436" pin=0"/></net>

<net id="443"><net_src comp="184" pin="0"/><net_sink comp="436" pin=3"/></net>

<net id="450"><net_src comp="182" pin="0"/><net_sink comp="444" pin=0"/></net>

<net id="451"><net_src comp="184" pin="0"/><net_sink comp="444" pin=3"/></net>

<net id="458"><net_src comp="182" pin="0"/><net_sink comp="452" pin=0"/></net>

<net id="459"><net_src comp="184" pin="0"/><net_sink comp="452" pin=3"/></net>

<net id="466"><net_src comp="182" pin="0"/><net_sink comp="460" pin=0"/></net>

<net id="467"><net_src comp="184" pin="0"/><net_sink comp="460" pin=3"/></net>

<net id="472"><net_src comp="186" pin="0"/><net_sink comp="468" pin=0"/></net>

<net id="477"><net_src comp="186" pin="0"/><net_sink comp="473" pin=0"/></net>

<net id="482"><net_src comp="186" pin="0"/><net_sink comp="478" pin=0"/></net>

<net id="487"><net_src comp="186" pin="0"/><net_sink comp="483" pin=0"/></net>

<net id="494"><net_src comp="52" pin="0"/><net_sink comp="488" pin=0"/></net>

<net id="495"><net_src comp="306" pin="2"/><net_sink comp="488" pin=1"/></net>

<net id="496"><net_src comp="54" pin="0"/><net_sink comp="488" pin=2"/></net>

<net id="497"><net_src comp="56" pin="0"/><net_sink comp="488" pin=3"/></net>

<net id="501"><net_src comp="488" pin="4"/><net_sink comp="498" pin=0"/></net>

<net id="506"><net_src comp="0" pin="0"/><net_sink comp="502" pin=0"/></net>

<net id="507"><net_src comp="498" pin="1"/><net_sink comp="502" pin=1"/></net>

<net id="514"><net_src comp="52" pin="0"/><net_sink comp="508" pin=0"/></net>

<net id="515"><net_src comp="282" pin="2"/><net_sink comp="508" pin=1"/></net>

<net id="516"><net_src comp="54" pin="0"/><net_sink comp="508" pin=2"/></net>

<net id="517"><net_src comp="56" pin="0"/><net_sink comp="508" pin=3"/></net>

<net id="521"><net_src comp="508" pin="4"/><net_sink comp="518" pin=0"/></net>

<net id="526"><net_src comp="8" pin="0"/><net_sink comp="522" pin=0"/></net>

<net id="527"><net_src comp="518" pin="1"/><net_sink comp="522" pin=1"/></net>

<net id="534"><net_src comp="52" pin="0"/><net_sink comp="528" pin=0"/></net>

<net id="535"><net_src comp="300" pin="2"/><net_sink comp="528" pin=1"/></net>

<net id="536"><net_src comp="54" pin="0"/><net_sink comp="528" pin=2"/></net>

<net id="537"><net_src comp="56" pin="0"/><net_sink comp="528" pin=3"/></net>

<net id="541"><net_src comp="528" pin="4"/><net_sink comp="538" pin=0"/></net>

<net id="546"><net_src comp="2" pin="0"/><net_sink comp="542" pin=0"/></net>

<net id="547"><net_src comp="538" pin="1"/><net_sink comp="542" pin=1"/></net>

<net id="554"><net_src comp="52" pin="0"/><net_sink comp="548" pin=0"/></net>

<net id="555"><net_src comp="294" pin="2"/><net_sink comp="548" pin=1"/></net>

<net id="556"><net_src comp="54" pin="0"/><net_sink comp="548" pin=2"/></net>

<net id="557"><net_src comp="56" pin="0"/><net_sink comp="548" pin=3"/></net>

<net id="561"><net_src comp="548" pin="4"/><net_sink comp="558" pin=0"/></net>

<net id="566"><net_src comp="4" pin="0"/><net_sink comp="562" pin=0"/></net>

<net id="567"><net_src comp="558" pin="1"/><net_sink comp="562" pin=1"/></net>

<net id="574"><net_src comp="52" pin="0"/><net_sink comp="568" pin=0"/></net>

<net id="575"><net_src comp="288" pin="2"/><net_sink comp="568" pin=1"/></net>

<net id="576"><net_src comp="54" pin="0"/><net_sink comp="568" pin=2"/></net>

<net id="577"><net_src comp="56" pin="0"/><net_sink comp="568" pin=3"/></net>

<net id="581"><net_src comp="568" pin="4"/><net_sink comp="578" pin=0"/></net>

<net id="586"><net_src comp="6" pin="0"/><net_sink comp="582" pin=0"/></net>

<net id="587"><net_src comp="578" pin="1"/><net_sink comp="582" pin=1"/></net>

<net id="594"><net_src comp="52" pin="0"/><net_sink comp="588" pin=0"/></net>

<net id="595"><net_src comp="276" pin="2"/><net_sink comp="588" pin=1"/></net>

<net id="596"><net_src comp="54" pin="0"/><net_sink comp="588" pin=2"/></net>

<net id="597"><net_src comp="56" pin="0"/><net_sink comp="588" pin=3"/></net>

<net id="601"><net_src comp="588" pin="4"/><net_sink comp="598" pin=0"/></net>

<net id="606"><net_src comp="10" pin="0"/><net_sink comp="602" pin=0"/></net>

<net id="607"><net_src comp="598" pin="1"/><net_sink comp="602" pin=1"/></net>

<net id="614"><net_src comp="52" pin="0"/><net_sink comp="608" pin=0"/></net>

<net id="615"><net_src comp="270" pin="2"/><net_sink comp="608" pin=1"/></net>

<net id="616"><net_src comp="54" pin="0"/><net_sink comp="608" pin=2"/></net>

<net id="617"><net_src comp="56" pin="0"/><net_sink comp="608" pin=3"/></net>

<net id="621"><net_src comp="608" pin="4"/><net_sink comp="618" pin=0"/></net>

<net id="626"><net_src comp="12" pin="0"/><net_sink comp="622" pin=0"/></net>

<net id="627"><net_src comp="618" pin="1"/><net_sink comp="622" pin=1"/></net>

<net id="634"><net_src comp="52" pin="0"/><net_sink comp="628" pin=0"/></net>

<net id="635"><net_src comp="264" pin="2"/><net_sink comp="628" pin=1"/></net>

<net id="636"><net_src comp="54" pin="0"/><net_sink comp="628" pin=2"/></net>

<net id="637"><net_src comp="56" pin="0"/><net_sink comp="628" pin=3"/></net>

<net id="641"><net_src comp="628" pin="4"/><net_sink comp="638" pin=0"/></net>

<net id="646"><net_src comp="14" pin="0"/><net_sink comp="642" pin=0"/></net>

<net id="647"><net_src comp="638" pin="1"/><net_sink comp="642" pin=1"/></net>

<net id="654"><net_src comp="58" pin="0"/><net_sink comp="648" pin=0"/></net>

<net id="655"><net_src comp="240" pin="2"/><net_sink comp="648" pin=1"/></net>

<net id="656"><net_src comp="60" pin="0"/><net_sink comp="648" pin=2"/></net>

<net id="657"><net_src comp="56" pin="0"/><net_sink comp="648" pin=3"/></net>

<net id="664"><net_src comp="58" pin="0"/><net_sink comp="658" pin=0"/></net>

<net id="665"><net_src comp="246" pin="2"/><net_sink comp="658" pin=1"/></net>

<net id="666"><net_src comp="60" pin="0"/><net_sink comp="658" pin=2"/></net>

<net id="667"><net_src comp="56" pin="0"/><net_sink comp="658" pin=3"/></net>

<net id="674"><net_src comp="58" pin="0"/><net_sink comp="668" pin=0"/></net>

<net id="675"><net_src comp="252" pin="2"/><net_sink comp="668" pin=1"/></net>

<net id="676"><net_src comp="60" pin="0"/><net_sink comp="668" pin=2"/></net>

<net id="677"><net_src comp="56" pin="0"/><net_sink comp="668" pin=3"/></net>

<net id="684"><net_src comp="58" pin="0"/><net_sink comp="678" pin=0"/></net>

<net id="685"><net_src comp="258" pin="2"/><net_sink comp="678" pin=1"/></net>

<net id="686"><net_src comp="60" pin="0"/><net_sink comp="678" pin=2"/></net>

<net id="687"><net_src comp="56" pin="0"/><net_sink comp="678" pin=3"/></net>

<net id="692"><net_src comp="62" pin="0"/><net_sink comp="688" pin=0"/></net>

<net id="697"><net_src comp="62" pin="0"/><net_sink comp="693" pin=0"/></net>

<net id="702"><net_src comp="62" pin="0"/><net_sink comp="698" pin=0"/></net>

<net id="707"><net_src comp="62" pin="0"/><net_sink comp="703" pin=0"/></net>

<net id="712"><net_src comp="64" pin="0"/><net_sink comp="708" pin=0"/></net>

<net id="720"><net_src comp="22" pin="0"/><net_sink comp="716" pin=0"/></net>

<net id="721"><net_src comp="713" pin="1"/><net_sink comp="716" pin=1"/></net>

<net id="729"><net_src comp="20" pin="0"/><net_sink comp="725" pin=0"/></net>

<net id="730"><net_src comp="722" pin="1"/><net_sink comp="725" pin=1"/></net>

<net id="738"><net_src comp="18" pin="0"/><net_sink comp="734" pin=0"/></net>

<net id="739"><net_src comp="731" pin="1"/><net_sink comp="734" pin=1"/></net>

<net id="747"><net_src comp="16" pin="0"/><net_sink comp="743" pin=0"/></net>

<net id="748"><net_src comp="740" pin="1"/><net_sink comp="743" pin=1"/></net>

<net id="826"><net_src comp="164" pin="0"/><net_sink comp="820" pin=0"/></net>

<net id="827"><net_src comp="784" pin="1"/><net_sink comp="820" pin=1"/></net>

<net id="828"><net_src comp="166" pin="0"/><net_sink comp="820" pin=2"/></net>

<net id="829"><net_src comp="168" pin="0"/><net_sink comp="820" pin=3"/></net>

<net id="833"><net_src comp="820" pin="4"/><net_sink comp="830" pin=0"/></net>

<net id="840"><net_src comp="164" pin="0"/><net_sink comp="834" pin=0"/></net>

<net id="841"><net_src comp="787" pin="1"/><net_sink comp="834" pin=1"/></net>

<net id="842"><net_src comp="166" pin="0"/><net_sink comp="834" pin=2"/></net>

<net id="843"><net_src comp="168" pin="0"/><net_sink comp="834" pin=3"/></net>

<net id="847"><net_src comp="834" pin="4"/><net_sink comp="844" pin=0"/></net>

<net id="851"><net_src comp="784" pin="1"/><net_sink comp="848" pin=0"/></net>

<net id="855"><net_src comp="787" pin="1"/><net_sink comp="852" pin=0"/></net>

<net id="860"><net_src comp="852" pin="1"/><net_sink comp="856" pin=0"/></net>

<net id="861"><net_src comp="848" pin="1"/><net_sink comp="856" pin=1"/></net>

<net id="868"><net_src comp="164" pin="0"/><net_sink comp="862" pin=0"/></net>

<net id="869"><net_src comp="790" pin="1"/><net_sink comp="862" pin=1"/></net>

<net id="870"><net_src comp="166" pin="0"/><net_sink comp="862" pin=2"/></net>

<net id="871"><net_src comp="168" pin="0"/><net_sink comp="862" pin=3"/></net>

<net id="875"><net_src comp="862" pin="4"/><net_sink comp="872" pin=0"/></net>

<net id="882"><net_src comp="164" pin="0"/><net_sink comp="876" pin=0"/></net>

<net id="883"><net_src comp="793" pin="1"/><net_sink comp="876" pin=1"/></net>

<net id="884"><net_src comp="166" pin="0"/><net_sink comp="876" pin=2"/></net>

<net id="885"><net_src comp="168" pin="0"/><net_sink comp="876" pin=3"/></net>

<net id="889"><net_src comp="876" pin="4"/><net_sink comp="886" pin=0"/></net>

<net id="896"><net_src comp="164" pin="0"/><net_sink comp="890" pin=0"/></net>

<net id="897"><net_src comp="796" pin="1"/><net_sink comp="890" pin=1"/></net>

<net id="898"><net_src comp="166" pin="0"/><net_sink comp="890" pin=2"/></net>

<net id="899"><net_src comp="168" pin="0"/><net_sink comp="890" pin=3"/></net>

<net id="903"><net_src comp="890" pin="4"/><net_sink comp="900" pin=0"/></net>

<net id="910"><net_src comp="164" pin="0"/><net_sink comp="904" pin=0"/></net>

<net id="911"><net_src comp="799" pin="1"/><net_sink comp="904" pin=1"/></net>

<net id="912"><net_src comp="166" pin="0"/><net_sink comp="904" pin=2"/></net>

<net id="913"><net_src comp="168" pin="0"/><net_sink comp="904" pin=3"/></net>

<net id="917"><net_src comp="904" pin="4"/><net_sink comp="914" pin=0"/></net>

<net id="921"><net_src comp="790" pin="1"/><net_sink comp="918" pin=0"/></net>

<net id="925"><net_src comp="799" pin="1"/><net_sink comp="922" pin=0"/></net>

<net id="930"><net_src comp="922" pin="1"/><net_sink comp="926" pin=0"/></net>

<net id="931"><net_src comp="918" pin="1"/><net_sink comp="926" pin=1"/></net>

<net id="938"><net_src comp="164" pin="0"/><net_sink comp="932" pin=0"/></net>

<net id="939"><net_src comp="802" pin="1"/><net_sink comp="932" pin=1"/></net>

<net id="940"><net_src comp="166" pin="0"/><net_sink comp="932" pin=2"/></net>

<net id="941"><net_src comp="168" pin="0"/><net_sink comp="932" pin=3"/></net>

<net id="945"><net_src comp="932" pin="4"/><net_sink comp="942" pin=0"/></net>

<net id="949"><net_src comp="793" pin="1"/><net_sink comp="946" pin=0"/></net>

<net id="953"><net_src comp="802" pin="1"/><net_sink comp="950" pin=0"/></net>

<net id="958"><net_src comp="950" pin="1"/><net_sink comp="954" pin=0"/></net>

<net id="959"><net_src comp="946" pin="1"/><net_sink comp="954" pin=1"/></net>

<net id="966"><net_src comp="164" pin="0"/><net_sink comp="960" pin=0"/></net>

<net id="967"><net_src comp="805" pin="1"/><net_sink comp="960" pin=1"/></net>

<net id="968"><net_src comp="166" pin="0"/><net_sink comp="960" pin=2"/></net>

<net id="969"><net_src comp="168" pin="0"/><net_sink comp="960" pin=3"/></net>

<net id="973"><net_src comp="960" pin="4"/><net_sink comp="970" pin=0"/></net>

<net id="977"><net_src comp="796" pin="1"/><net_sink comp="974" pin=0"/></net>

<net id="981"><net_src comp="805" pin="1"/><net_sink comp="978" pin=0"/></net>

<net id="986"><net_src comp="978" pin="1"/><net_sink comp="982" pin=0"/></net>

<net id="987"><net_src comp="974" pin="1"/><net_sink comp="982" pin=1"/></net>

<net id="994"><net_src comp="170" pin="0"/><net_sink comp="988" pin=0"/></net>

<net id="995"><net_src comp="808" pin="1"/><net_sink comp="988" pin=1"/></net>

<net id="996"><net_src comp="94" pin="0"/><net_sink comp="988" pin=2"/></net>

<net id="997"><net_src comp="56" pin="0"/><net_sink comp="988" pin=3"/></net>

<net id="1004"><net_src comp="172" pin="0"/><net_sink comp="998" pin=0"/></net>

<net id="1005"><net_src comp="856" pin="2"/><net_sink comp="998" pin=1"/></net>

<net id="1006"><net_src comp="174" pin="0"/><net_sink comp="998" pin=2"/></net>

<net id="1007"><net_src comp="988" pin="4"/><net_sink comp="998" pin=3"/></net>

<net id="1014"><net_src comp="170" pin="0"/><net_sink comp="1008" pin=0"/></net>

<net id="1015"><net_src comp="811" pin="1"/><net_sink comp="1008" pin=1"/></net>

<net id="1016"><net_src comp="94" pin="0"/><net_sink comp="1008" pin=2"/></net>

<net id="1017"><net_src comp="56" pin="0"/><net_sink comp="1008" pin=3"/></net>

<net id="1024"><net_src comp="172" pin="0"/><net_sink comp="1018" pin=0"/></net>

<net id="1025"><net_src comp="926" pin="2"/><net_sink comp="1018" pin=1"/></net>

<net id="1026"><net_src comp="174" pin="0"/><net_sink comp="1018" pin=2"/></net>

<net id="1027"><net_src comp="1008" pin="4"/><net_sink comp="1018" pin=3"/></net>

<net id="1034"><net_src comp="170" pin="0"/><net_sink comp="1028" pin=0"/></net>

<net id="1035"><net_src comp="814" pin="1"/><net_sink comp="1028" pin=1"/></net>

<net id="1036"><net_src comp="94" pin="0"/><net_sink comp="1028" pin=2"/></net>

<net id="1037"><net_src comp="56" pin="0"/><net_sink comp="1028" pin=3"/></net>

<net id="1044"><net_src comp="172" pin="0"/><net_sink comp="1038" pin=0"/></net>

<net id="1045"><net_src comp="954" pin="2"/><net_sink comp="1038" pin=1"/></net>

<net id="1046"><net_src comp="174" pin="0"/><net_sink comp="1038" pin=2"/></net>

<net id="1047"><net_src comp="1028" pin="4"/><net_sink comp="1038" pin=3"/></net>

<net id="1054"><net_src comp="170" pin="0"/><net_sink comp="1048" pin=0"/></net>

<net id="1055"><net_src comp="817" pin="1"/><net_sink comp="1048" pin=1"/></net>

<net id="1056"><net_src comp="94" pin="0"/><net_sink comp="1048" pin=2"/></net>

<net id="1057"><net_src comp="56" pin="0"/><net_sink comp="1048" pin=3"/></net>

<net id="1064"><net_src comp="172" pin="0"/><net_sink comp="1058" pin=0"/></net>

<net id="1065"><net_src comp="982" pin="2"/><net_sink comp="1058" pin=1"/></net>

<net id="1066"><net_src comp="174" pin="0"/><net_sink comp="1058" pin=2"/></net>

<net id="1067"><net_src comp="1048" pin="4"/><net_sink comp="1058" pin=3"/></net>

<net id="1072"><net_src comp="781" pin="1"/><net_sink comp="1068" pin=0"/></net>

<net id="1073"><net_src comp="176" pin="0"/><net_sink comp="1068" pin=1"/></net>

<net id="1079"><net_src comp="178" pin="0"/><net_sink comp="1074" pin=0"/></net>

<net id="1080"><net_src comp="1068" pin="2"/><net_sink comp="1074" pin=1"/></net>

<net id="1081"><net_src comp="154" pin="0"/><net_sink comp="1074" pin=2"/></net>

<net id="1086"><net_src comp="1058" pin="4"/><net_sink comp="1082" pin=0"/></net>

<net id="1091"><net_src comp="1038" pin="4"/><net_sink comp="1087" pin=0"/></net>

<net id="1096"><net_src comp="1018" pin="4"/><net_sink comp="1092" pin=0"/></net>

<net id="1101"><net_src comp="998" pin="4"/><net_sink comp="1097" pin=0"/></net>

<net id="1106"><net_src comp="970" pin="1"/><net_sink comp="1102" pin=0"/></net>

<net id="1111"><net_src comp="942" pin="1"/><net_sink comp="1107" pin=0"/></net>

<net id="1116"><net_src comp="914" pin="1"/><net_sink comp="1112" pin=0"/></net>

<net id="1121"><net_src comp="900" pin="1"/><net_sink comp="1117" pin=0"/></net>

<net id="1126"><net_src comp="886" pin="1"/><net_sink comp="1122" pin=0"/></net>

<net id="1131"><net_src comp="872" pin="1"/><net_sink comp="1127" pin=0"/></net>

<net id="1136"><net_src comp="844" pin="1"/><net_sink comp="1132" pin=0"/></net>

<net id="1141"><net_src comp="830" pin="1"/><net_sink comp="1137" pin=0"/></net>

<net id="1146"><net_src comp="1068" pin="2"/><net_sink comp="1142" pin=0"/></net>

<net id="1150"><net_src comp="188" pin="1"/><net_sink comp="1147" pin=0"/></net>

<net id="1151"><net_src comp="1147" pin="1"/><net_sink comp="708" pin=1"/></net>

<net id="1152"><net_src comp="1147" pin="1"/><net_sink comp="781" pin=0"/></net>

<net id="1153"><net_src comp="1147" pin="1"/><net_sink comp="1142" pin=1"/></net>

<net id="1157"><net_src comp="192" pin="1"/><net_sink comp="1154" pin=0"/></net>

<net id="1158"><net_src comp="1154" pin="1"/><net_sink comp="777" pin=1"/></net>

<net id="1159"><net_src comp="1154" pin="1"/><net_sink comp="784" pin=0"/></net>

<net id="1160"><net_src comp="1154" pin="1"/><net_sink comp="1137" pin=1"/></net>

<net id="1164"><net_src comp="196" pin="1"/><net_sink comp="1161" pin=0"/></net>

<net id="1165"><net_src comp="1161" pin="1"/><net_sink comp="773" pin=1"/></net>

<net id="1166"><net_src comp="1161" pin="1"/><net_sink comp="787" pin=0"/></net>

<net id="1167"><net_src comp="1161" pin="1"/><net_sink comp="1132" pin=1"/></net>

<net id="1171"><net_src comp="200" pin="1"/><net_sink comp="1168" pin=0"/></net>

<net id="1172"><net_src comp="1168" pin="1"/><net_sink comp="769" pin=1"/></net>

<net id="1173"><net_src comp="1168" pin="1"/><net_sink comp="790" pin=0"/></net>

<net id="1174"><net_src comp="1168" pin="1"/><net_sink comp="1127" pin=1"/></net>

<net id="1178"><net_src comp="204" pin="1"/><net_sink comp="1175" pin=0"/></net>

<net id="1179"><net_src comp="1175" pin="1"/><net_sink comp="765" pin=1"/></net>

<net id="1180"><net_src comp="1175" pin="1"/><net_sink comp="793" pin=0"/></net>

<net id="1181"><net_src comp="1175" pin="1"/><net_sink comp="1122" pin=1"/></net>

<net id="1185"><net_src comp="208" pin="1"/><net_sink comp="1182" pin=0"/></net>

<net id="1186"><net_src comp="1182" pin="1"/><net_sink comp="761" pin=1"/></net>

<net id="1187"><net_src comp="1182" pin="1"/><net_sink comp="796" pin=0"/></net>

<net id="1188"><net_src comp="1182" pin="1"/><net_sink comp="1117" pin=1"/></net>

<net id="1192"><net_src comp="212" pin="1"/><net_sink comp="1189" pin=0"/></net>

<net id="1193"><net_src comp="1189" pin="1"/><net_sink comp="757" pin=1"/></net>

<net id="1194"><net_src comp="1189" pin="1"/><net_sink comp="799" pin=0"/></net>

<net id="1195"><net_src comp="1189" pin="1"/><net_sink comp="1112" pin=1"/></net>

<net id="1199"><net_src comp="216" pin="1"/><net_sink comp="1196" pin=0"/></net>

<net id="1200"><net_src comp="1196" pin="1"/><net_sink comp="753" pin=1"/></net>

<net id="1201"><net_src comp="1196" pin="1"/><net_sink comp="802" pin=0"/></net>

<net id="1202"><net_src comp="1196" pin="1"/><net_sink comp="1107" pin=1"/></net>

<net id="1206"><net_src comp="220" pin="1"/><net_sink comp="1203" pin=0"/></net>

<net id="1207"><net_src comp="1203" pin="1"/><net_sink comp="749" pin=1"/></net>

<net id="1208"><net_src comp="1203" pin="1"/><net_sink comp="805" pin=0"/></net>

<net id="1209"><net_src comp="1203" pin="1"/><net_sink comp="1102" pin=1"/></net>

<net id="1213"><net_src comp="224" pin="1"/><net_sink comp="1210" pin=0"/></net>

<net id="1214"><net_src comp="1210" pin="1"/><net_sink comp="703" pin=1"/></net>

<net id="1215"><net_src comp="1210" pin="1"/><net_sink comp="808" pin=0"/></net>

<net id="1216"><net_src comp="1210" pin="1"/><net_sink comp="1097" pin=1"/></net>

<net id="1220"><net_src comp="228" pin="1"/><net_sink comp="1217" pin=0"/></net>

<net id="1221"><net_src comp="1217" pin="1"/><net_sink comp="698" pin=1"/></net>

<net id="1222"><net_src comp="1217" pin="1"/><net_sink comp="811" pin=0"/></net>

<net id="1223"><net_src comp="1217" pin="1"/><net_sink comp="1092" pin=1"/></net>

<net id="1227"><net_src comp="232" pin="1"/><net_sink comp="1224" pin=0"/></net>

<net id="1228"><net_src comp="1224" pin="1"/><net_sink comp="693" pin=1"/></net>

<net id="1229"><net_src comp="1224" pin="1"/><net_sink comp="814" pin=0"/></net>

<net id="1230"><net_src comp="1224" pin="1"/><net_sink comp="1087" pin=1"/></net>

<net id="1234"><net_src comp="236" pin="1"/><net_sink comp="1231" pin=0"/></net>

<net id="1235"><net_src comp="1231" pin="1"/><net_sink comp="688" pin=1"/></net>

<net id="1236"><net_src comp="1231" pin="1"/><net_sink comp="817" pin=0"/></net>

<net id="1237"><net_src comp="1231" pin="1"/><net_sink comp="1082" pin=1"/></net>

<net id="1241"><net_src comp="502" pin="2"/><net_sink comp="1238" pin=0"/></net>

<net id="1242"><net_src comp="1238" pin="1"/><net_sink comp="312" pin=1"/></net>

<net id="1243"><net_src comp="1238" pin="1"/><net_sink comp="368" pin=1"/></net>

<net id="1247"><net_src comp="522" pin="2"/><net_sink comp="1244" pin=0"/></net>

<net id="1248"><net_src comp="1244" pin="1"/><net_sink comp="319" pin=1"/></net>

<net id="1249"><net_src comp="1244" pin="1"/><net_sink comp="373" pin=1"/></net>

<net id="1253"><net_src comp="542" pin="2"/><net_sink comp="1250" pin=0"/></net>

<net id="1254"><net_src comp="1250" pin="1"/><net_sink comp="326" pin=1"/></net>

<net id="1255"><net_src comp="1250" pin="1"/><net_sink comp="378" pin=1"/></net>

<net id="1259"><net_src comp="562" pin="2"/><net_sink comp="1256" pin=0"/></net>

<net id="1260"><net_src comp="1256" pin="1"/><net_sink comp="333" pin=1"/></net>

<net id="1261"><net_src comp="1256" pin="1"/><net_sink comp="383" pin=1"/></net>

<net id="1265"><net_src comp="582" pin="2"/><net_sink comp="1262" pin=0"/></net>

<net id="1266"><net_src comp="1262" pin="1"/><net_sink comp="340" pin=1"/></net>

<net id="1267"><net_src comp="1262" pin="1"/><net_sink comp="388" pin=1"/></net>

<net id="1271"><net_src comp="602" pin="2"/><net_sink comp="1268" pin=0"/></net>

<net id="1272"><net_src comp="1268" pin="1"/><net_sink comp="347" pin=1"/></net>

<net id="1273"><net_src comp="1268" pin="1"/><net_sink comp="393" pin=1"/></net>

<net id="1277"><net_src comp="622" pin="2"/><net_sink comp="1274" pin=0"/></net>

<net id="1278"><net_src comp="1274" pin="1"/><net_sink comp="354" pin=1"/></net>

<net id="1279"><net_src comp="1274" pin="1"/><net_sink comp="398" pin=1"/></net>

<net id="1283"><net_src comp="642" pin="2"/><net_sink comp="1280" pin=0"/></net>

<net id="1284"><net_src comp="1280" pin="1"/><net_sink comp="361" pin=1"/></net>

<net id="1285"><net_src comp="1280" pin="1"/><net_sink comp="403" pin=1"/></net>

<net id="1289"><net_src comp="648" pin="4"/><net_sink comp="1286" pin=0"/></net>

<net id="1290"><net_src comp="1286" pin="1"/><net_sink comp="713" pin=0"/></net>

<net id="1294"><net_src comp="658" pin="4"/><net_sink comp="1291" pin=0"/></net>

<net id="1295"><net_src comp="1291" pin="1"/><net_sink comp="722" pin=0"/></net>

<net id="1299"><net_src comp="668" pin="4"/><net_sink comp="1296" pin=0"/></net>

<net id="1300"><net_src comp="1296" pin="1"/><net_sink comp="731" pin=0"/></net>

<net id="1304"><net_src comp="678" pin="4"/><net_sink comp="1301" pin=0"/></net>

<net id="1305"><net_src comp="1301" pin="1"/><net_sink comp="740" pin=0"/></net>

<net id="1309"><net_src comp="368" pin="2"/><net_sink comp="1306" pin=0"/></net>

<net id="1310"><net_src comp="1306" pin="1"/><net_sink comp="777" pin=0"/></net>

<net id="1314"><net_src comp="373" pin="2"/><net_sink comp="1311" pin=0"/></net>

<net id="1315"><net_src comp="1311" pin="1"/><net_sink comp="773" pin=0"/></net>

<net id="1319"><net_src comp="378" pin="2"/><net_sink comp="1316" pin=0"/></net>

<net id="1320"><net_src comp="1316" pin="1"/><net_sink comp="769" pin=0"/></net>

<net id="1324"><net_src comp="383" pin="2"/><net_sink comp="1321" pin=0"/></net>

<net id="1325"><net_src comp="1321" pin="1"/><net_sink comp="765" pin=0"/></net>

<net id="1329"><net_src comp="388" pin="2"/><net_sink comp="1326" pin=0"/></net>

<net id="1330"><net_src comp="1326" pin="1"/><net_sink comp="761" pin=0"/></net>

<net id="1334"><net_src comp="393" pin="2"/><net_sink comp="1331" pin=0"/></net>

<net id="1335"><net_src comp="1331" pin="1"/><net_sink comp="757" pin=0"/></net>

<net id="1339"><net_src comp="398" pin="2"/><net_sink comp="1336" pin=0"/></net>

<net id="1340"><net_src comp="1336" pin="1"/><net_sink comp="753" pin=0"/></net>

<net id="1344"><net_src comp="403" pin="2"/><net_sink comp="1341" pin=0"/></net>

<net id="1345"><net_src comp="1341" pin="1"/><net_sink comp="749" pin=0"/></net>

<net id="1349"><net_src comp="716" pin="2"/><net_sink comp="1346" pin=0"/></net>

<net id="1350"><net_src comp="1346" pin="1"/><net_sink comp="429" pin=1"/></net>

<net id="1351"><net_src comp="1346" pin="1"/><net_sink comp="460" pin=1"/></net>

<net id="1352"><net_src comp="1346" pin="1"/><net_sink comp="483" pin=1"/></net>

<net id="1356"><net_src comp="725" pin="2"/><net_sink comp="1353" pin=0"/></net>

<net id="1357"><net_src comp="1353" pin="1"/><net_sink comp="422" pin=1"/></net>

<net id="1358"><net_src comp="1353" pin="1"/><net_sink comp="452" pin=1"/></net>

<net id="1359"><net_src comp="1353" pin="1"/><net_sink comp="478" pin=1"/></net>

<net id="1363"><net_src comp="734" pin="2"/><net_sink comp="1360" pin=0"/></net>

<net id="1364"><net_src comp="1360" pin="1"/><net_sink comp="415" pin=1"/></net>

<net id="1365"><net_src comp="1360" pin="1"/><net_sink comp="444" pin=1"/></net>

<net id="1366"><net_src comp="1360" pin="1"/><net_sink comp="473" pin=1"/></net>

<net id="1370"><net_src comp="743" pin="2"/><net_sink comp="1367" pin=0"/></net>

<net id="1371"><net_src comp="1367" pin="1"/><net_sink comp="408" pin=1"/></net>

<net id="1372"><net_src comp="1367" pin="1"/><net_sink comp="436" pin=1"/></net>

<net id="1373"><net_src comp="1367" pin="1"/><net_sink comp="468" pin=1"/></net>

<net id="1377"><net_src comp="998" pin="4"/><net_sink comp="1374" pin=0"/></net>

<net id="1378"><net_src comp="1374" pin="1"/><net_sink comp="436" pin=2"/></net>

<net id="1382"><net_src comp="1018" pin="4"/><net_sink comp="1379" pin=0"/></net>

<net id="1383"><net_src comp="1379" pin="1"/><net_sink comp="444" pin=2"/></net>

<net id="1387"><net_src comp="1038" pin="4"/><net_sink comp="1384" pin=0"/></net>

<net id="1388"><net_src comp="1384" pin="1"/><net_sink comp="452" pin=2"/></net>

<net id="1392"><net_src comp="1058" pin="4"/><net_sink comp="1389" pin=0"/></net>

<net id="1393"><net_src comp="1389" pin="1"/><net_sink comp="460" pin=2"/></net>

</net_list>

</model> 
---------------- Datapath Model END ------------------

* FSMD analyzer results:
  - Output states:
	Port: gmem2_0 | {76 77 78 79 80 81 82 83 84 85 86 87 88 89 90 91 92 93 94 95 96 97 98 99 100 101 102 103 104 105 106 107 108 109 110 111 112 113 114 115 116 117 118 119 120 121 122 123 124 125 126 127 128 129 130 131 132 133 134 135 136 137 138 139 140 141 142 143 144 145 }
	Port: gmem2_1 | {76 77 78 79 80 81 82 83 84 85 86 87 88 89 90 91 92 93 94 95 96 97 98 99 100 101 102 103 104 105 106 107 108 109 110 111 112 113 114 115 116 117 118 119 120 121 122 123 124 125 126 127 128 129 130 131 132 133 134 135 136 137 138 139 140 141 142 143 144 145 }
	Port: gmem2_2 | {76 77 78 79 80 81 82 83 84 85 86 87 88 89 90 91 92 93 94 95 96 97 98 99 100 101 102 103 104 105 106 107 108 109 110 111 112 113 114 115 116 117 118 119 120 121 122 123 124 125 126 127 128 129 130 131 132 133 134 135 136 137 138 139 140 141 142 143 144 145 }
	Port: gmem2_3 | {76 77 78 79 80 81 82 83 84 85 86 87 88 89 90 91 92 93 94 95 96 97 98 99 100 101 102 103 104 105 106 107 108 109 110 111 112 113 114 115 116 117 118 119 120 121 122 123 124 125 126 127 128 129 130 131 132 133 134 135 136 137 138 139 140 141 142 143 144 145 }
 - Input state : 
	Port: kernel : gmem0_0 | {2 3 4 5 6 7 8 9 10 11 12 13 14 15 16 17 18 19 20 21 22 23 24 25 26 27 28 29 30 31 32 33 34 35 36 37 38 39 40 41 42 43 44 45 46 47 48 49 50 51 52 53 54 55 56 57 58 59 60 61 62 63 64 65 66 67 68 69 70 71 72 73 }
	Port: kernel : gmem0_1 | {2 3 4 5 6 7 8 9 10 11 12 13 14 15 16 17 18 19 20 21 22 23 24 25 26 27 28 29 30 31 32 33 34 35 36 37 38 39 40 41 42 43 44 45 46 47 48 49 50 51 52 53 54 55 56 57 58 59 60 61 62 63 64 65 66 67 68 69 70 71 72 73 }
	Port: kernel : gmem0_2 | {2 3 4 5 6 7 8 9 10 11 12 13 14 15 16 17 18 19 20 21 22 23 24 25 26 27 28 29 30 31 32 33 34 35 36 37 38 39 40 41 42 43 44 45 46 47 48 49 50 51 52 53 54 55 56 57 58 59 60 61 62 63 64 65 66 67 68 69 70 71 72 73 }
	Port: kernel : gmem0_3 | {2 3 4 5 6 7 8 9 10 11 12 13 14 15 16 17 18 19 20 21 22 23 24 25 26 27 28 29 30 31 32 33 34 35 36 37 38 39 40 41 42 43 44 45 46 47 48 49 50 51 52 53 54 55 56 57 58 59 60 61 62 63 64 65 66 67 68 69 70 71 72 73 }
	Port: kernel : gmem1_0 | {2 3 4 5 6 7 8 9 10 11 12 13 14 15 16 17 18 19 20 21 22 23 24 25 26 27 28 29 30 31 32 33 34 35 36 37 38 39 40 41 42 43 44 45 46 47 48 49 50 51 52 53 54 55 56 57 58 59 60 61 62 63 64 65 66 67 68 69 70 71 72 73 }
	Port: kernel : gmem1_1 | {2 3 4 5 6 7 8 9 10 11 12 13 14 15 16 17 18 19 20 21 22 23 24 25 26 27 28 29 30 31 32 33 34 35 36 37 38 39 40 41 42 43 44 45 46 47 48 49 50 51 52 53 54 55 56 57 58 59 60 61 62 63 64 65 66 67 68 69 70 71 72 73 }
	Port: kernel : gmem1_2 | {2 3 4 5 6 7 8 9 10 11 12 13 14 15 16 17 18 19 20 21 22 23 24 25 26 27 28 29 30 31 32 33 34 35 36 37 38 39 40 41 42 43 44 45 46 47 48 49 50 51 52 53 54 55 56 57 58 59 60 61 62 63 64 65 66 67 68 69 70 71 72 73 }
	Port: kernel : gmem1_3 | {2 3 4 5 6 7 8 9 10 11 12 13 14 15 16 17 18 19 20 21 22 23 24 25 26 27 28 29 30 31 32 33 34 35 36 37 38 39 40 41 42 43 44 45 46 47 48 49 50 51 52 53 54 55 56 57 58 59 60 61 62 63 64 65 66 67 68 69 70 71 72 73 }
	Port: kernel : a_0 | {1 }
	Port: kernel : a_1 | {1 }
	Port: kernel : a_2 | {1 }
	Port: kernel : a_3 | {1 }
	Port: kernel : b_0 | {1 }
	Port: kernel : b_1 | {1 }
	Port: kernel : b_2 | {1 }
	Port: kernel : b_3 | {1 }
	Port: kernel : c_0 | {1 }
	Port: kernel : c_1 | {1 }
	Port: kernel : c_2 | {1 }
	Port: kernel : c_3 | {1 }
  - Chain level:
	State 1
		sext_ln19 : 1
		gmem0_0_addr : 2
		sext_ln19_1 : 1
		gmem1_0_addr : 2
		sext_ln19_2 : 1
		gmem0_1_addr : 2
		sext_ln19_3 : 1
		gmem0_2_addr : 2
		sext_ln19_4 : 1
		gmem0_3_addr : 2
		sext_ln19_5 : 1
		gmem1_1_addr : 2
		sext_ln19_6 : 1
		gmem1_2_addr : 2
		sext_ln19_7 : 1
		gmem1_3_addr : 2
		store_ln0 : 1
		store_ln0 : 1
		store_ln0 : 1
		store_ln0 : 1
		store_ln0 : 1
	State 2
	State 3
	State 4
	State 5
	State 6
	State 7
	State 8
	State 9
	State 10
	State 11
	State 12
	State 13
	State 14
	State 15
	State 16
	State 17
	State 18
	State 19
	State 20
	State 21
	State 22
	State 23
	State 24
	State 25
	State 26
	State 27
	State 28
	State 29
	State 30
	State 31
	State 32
	State 33
	State 34
	State 35
	State 36
	State 37
	State 38
	State 39
	State 40
	State 41
	State 42
	State 43
	State 44
	State 45
	State 46
	State 47
	State 48
	State 49
	State 50
	State 51
	State 52
	State 53
	State 54
	State 55
	State 56
	State 57
	State 58
	State 59
	State 60
	State 61
	State 62
	State 63
	State 64
	State 65
	State 66
	State 67
	State 68
	State 69
	State 70
	State 71
	State 72
	State 73
	State 74
		gmem2_3_addr : 1
		gmem2_2_addr : 1
		gmem2_1_addr : 1
		gmem2_0_addr : 1
	State 75
		lshr_ln : 1
		zext_ln22 : 2
		lshr_ln22_1 : 1
		zext_ln22_1 : 2
		trunc_ln22 : 1
		trunc_ln22_1 : 1
		add_ln22 : 2
		lshr_ln22_2 : 1
		zext_ln22_2 : 2
		lshr_ln22_3 : 1
		zext_ln22_3 : 2
		lshr_ln22_4 : 1
		zext_ln22_4 : 2
		lshr_ln22_5 : 1
		zext_ln22_5 : 2
		trunc_ln22_2 : 1
		trunc_ln22_3 : 1
		add_ln22_1 : 2
		lshr_ln22_6 : 1
		zext_ln22_6 : 2
		trunc_ln22_4 : 1
		trunc_ln22_5 : 1
		add_ln22_2 : 2
		lshr_ln22_7 : 1
		zext_ln22_7 : 2
		trunc_ln22_6 : 1
		trunc_ln22_7 : 1
		add_ln22_3 : 2
		lshr_ln22_8 : 1
		or_ln : 3
		lshr_ln22_9 : 1
		or_ln22_1 : 3
		lshr_ln22_s : 1
		or_ln22_2 : 3
		lshr_ln22_10 : 1
		or_ln22_3 : 3
		i : 1
		tmp : 2
		store_ln22 : 4
		store_ln22 : 4
		store_ln22 : 4
		store_ln22 : 4
		store_ln22 : 3
		store_ln22 : 3
		store_ln22 : 3
		store_ln22 : 3
		store_ln22 : 3
		store_ln22 : 3
		store_ln22 : 3
		store_ln22 : 3
		store_ln19 : 2
		br_ln19 : 3
	State 76
	State 77
	State 78
	State 79
	State 80
	State 81
	State 82
	State 83
	State 84
	State 85
	State 86
	State 87
	State 88
	State 89
	State 90
	State 91
	State 92
	State 93
	State 94
	State 95
	State 96
	State 97
	State 98
	State 99
	State 100
	State 101
	State 102
	State 103
	State 104
	State 105
	State 106
	State 107
	State 108
	State 109
	State 110
	State 111
	State 112
	State 113
	State 114
	State 115
	State 116
	State 117
	State 118
	State 119
	State 120
	State 121
	State 122
	State 123
	State 124
	State 125
	State 126
	State 127
	State 128
	State 129
	State 130
	State 131
	State 132
	State 133
	State 134
	State 135
	State 136
	State 137
	State 138
	State 139
	State 140
	State 141
	State 142
	State 143
	State 144
	State 145


============================================================
+ Verbose Summary: Datapath Resource usage 
============================================================

* Functional unit list:
|----------|----------------------------------|---------|---------|
| Operation|          Functional Unit         |    FF   |   LUT   |
|----------|----------------------------------|---------|---------|
|          |          add_ln22_fu_856         |    0    |    14   |
|          |         add_ln22_1_fu_926        |    0    |    14   |
|    add   |         add_ln22_2_fu_954        |    0    |    14   |
|          |         add_ln22_3_fu_982        |    0    |    14   |
|          |             i_fu_1068            |    0    |    13   |
|----------|----------------------------------|---------|---------|
|          |       c_3_read_read_fu_240       |    0    |    0    |
|          |       c_2_read_read_fu_246       |    0    |    0    |
|          |       c_1_read_read_fu_252       |    0    |    0    |
|          |       c_0_read_read_fu_258       |    0    |    0    |
|          |       b_3_read_read_fu_264       |    0    |    0    |
|          |       b_2_read_read_fu_270       |    0    |    0    |
|          |       b_1_read_read_fu_276       |    0    |    0    |
|          |       b_0_read_read_fu_282       |    0    |    0    |
|          |       a_3_read_read_fu_288       |    0    |    0    |
|   read   |       a_2_read_read_fu_294       |    0    |    0    |
|          |       a_1_read_read_fu_300       |    0    |    0    |
|          |       a_0_read_read_fu_306       |    0    |    0    |
|          |   gmem0_0_addr_read_read_fu_368  |    0    |    0    |
|          |   gmem1_0_addr_read_read_fu_373  |    0    |    0    |
|          |   gmem0_1_addr_read_read_fu_378  |    0    |    0    |
|          |   gmem0_2_addr_read_read_fu_383  |    0    |    0    |
|          |   gmem0_3_addr_read_read_fu_388  |    0    |    0    |
|          |   gmem1_1_addr_read_read_fu_393  |    0    |    0    |
|          |   gmem1_2_addr_read_read_fu_398  |    0    |    0    |
|          |   gmem1_3_addr_read_read_fu_403  |    0    |    0    |
|----------|----------------------------------|---------|---------|
|          |        grp_readreq_fu_312        |    0    |    0    |
|          |        grp_readreq_fu_319        |    0    |    0    |
|          |        grp_readreq_fu_326        |    0    |    0    |
|  readreq |        grp_readreq_fu_333        |    0    |    0    |
|          |        grp_readreq_fu_340        |    0    |    0    |
|          |        grp_readreq_fu_347        |    0    |    0    |
|          |        grp_readreq_fu_354        |    0    |    0    |
|          |        grp_readreq_fu_361        |    0    |    0    |
|----------|----------------------------------|---------|---------|
|          | gmem2_0_addr_req_writereq_fu_408 |    0    |    0    |
| writereq | gmem2_1_addr_req_writereq_fu_415 |    0    |    0    |
|          | gmem2_2_addr_req_writereq_fu_422 |    0    |    0    |
|          | gmem2_3_addr_req_writereq_fu_429 |    0    |    0    |
|----------|----------------------------------|---------|---------|
|          |      write_ln24_write_fu_436     |    0    |    0    |
|   write  |      write_ln24_write_fu_444     |    0    |    0    |
|          |      write_ln24_write_fu_452     |    0    |    0    |
|          |      write_ln24_write_fu_460     |    0    |    0    |
|----------|----------------------------------|---------|---------|
|          |       grp_writeresp_fu_468       |    0    |    0    |
| writeresp|       grp_writeresp_fu_473       |    0    |    0    |
|          |       grp_writeresp_fu_478       |    0    |    0    |
|          |       grp_writeresp_fu_483       |    0    |    0    |
|----------|----------------------------------|---------|---------|
|          |          trunc_ln_fu_488         |    0    |    0    |
|          |        trunc_ln19_1_fu_508       |    0    |    0    |
|          |        trunc_ln19_2_fu_528       |    0    |    0    |
|          |        trunc_ln19_3_fu_548       |    0    |    0    |
|          |        trunc_ln19_4_fu_568       |    0    |    0    |
|          |        trunc_ln19_5_fu_588       |    0    |    0    |
|          |        trunc_ln19_6_fu_608       |    0    |    0    |
|          |        trunc_ln19_7_fu_628       |    0    |    0    |
|          |           p_cast_fu_648          |    0    |    0    |
|          |          p_cast1_fu_658          |    0    |    0    |
|          |          p_cast2_fu_668          |    0    |    0    |
|partselect|          p_cast3_fu_678          |    0    |    0    |
|          |          lshr_ln_fu_820          |    0    |    0    |
|          |        lshr_ln22_1_fu_834        |    0    |    0    |
|          |        lshr_ln22_2_fu_862        |    0    |    0    |
|          |        lshr_ln22_3_fu_876        |    0    |    0    |
|          |        lshr_ln22_4_fu_890        |    0    |    0    |
|          |        lshr_ln22_5_fu_904        |    0    |    0    |
|          |        lshr_ln22_6_fu_932        |    0    |    0    |
|          |        lshr_ln22_7_fu_960        |    0    |    0    |
|          |        lshr_ln22_8_fu_988        |    0    |    0    |
|          |        lshr_ln22_9_fu_1008       |    0    |    0    |
|          |        lshr_ln22_s_fu_1028       |    0    |    0    |
|          |       lshr_ln22_10_fu_1048       |    0    |    0    |
|----------|----------------------------------|---------|---------|
|          |         sext_ln19_fu_498         |    0    |    0    |
|          |        sext_ln19_1_fu_518        |    0    |    0    |
|          |        sext_ln19_2_fu_538        |    0    |    0    |
|          |        sext_ln19_3_fu_558        |    0    |    0    |
|          |        sext_ln19_4_fu_578        |    0    |    0    |
|   sext   |        sext_ln19_5_fu_598        |    0    |    0    |
|          |        sext_ln19_6_fu_618        |    0    |    0    |
|          |        sext_ln19_7_fu_638        |    0    |    0    |
|          |        p_cast_cast_fu_713        |    0    |    0    |
|          |        p_cast1_cast_fu_722       |    0    |    0    |
|          |        p_cast2_cast_fu_731       |    0    |    0    |
|          |        p_cast3_cast_fu_740       |    0    |    0    |
|----------|----------------------------------|---------|---------|
|          |         zext_ln22_fu_830         |    0    |    0    |
|          |        zext_ln22_1_fu_844        |    0    |    0    |
|          |        zext_ln22_2_fu_872        |    0    |    0    |
|   zext   |        zext_ln22_3_fu_886        |    0    |    0    |
|          |        zext_ln22_4_fu_900        |    0    |    0    |
|          |        zext_ln22_5_fu_914        |    0    |    0    |
|          |        zext_ln22_6_fu_942        |    0    |    0    |
|          |        zext_ln22_7_fu_970        |    0    |    0    |
|----------|----------------------------------|---------|---------|
|          |         trunc_ln22_fu_848        |    0    |    0    |
|          |        trunc_ln22_1_fu_852       |    0    |    0    |
|          |        trunc_ln22_2_fu_918       |    0    |    0    |
|   trunc  |        trunc_ln22_3_fu_922       |    0    |    0    |
|          |        trunc_ln22_4_fu_946       |    0    |    0    |
|          |        trunc_ln22_5_fu_950       |    0    |    0    |
|          |        trunc_ln22_6_fu_974       |    0    |    0    |
|          |        trunc_ln22_7_fu_978       |    0    |    0    |
|----------|----------------------------------|---------|---------|
|          |           or_ln_fu_998           |    0    |    0    |
|bitconcatenate|         or_ln22_1_fu_1018        |    0    |    0    |
|          |         or_ln22_2_fu_1038        |    0    |    0    |
|          |         or_ln22_3_fu_1058        |    0    |    0    |
|----------|----------------------------------|---------|---------|
| bitselect|            tmp_fu_1074           |    0    |    0    |
|----------|----------------------------------|---------|---------|
|   Total  |                                  |    0    |    69   |
|----------|----------------------------------|---------|---------|

Memories:
N/A

* Register list:
+--------------------------+--------+
|                          |   FF   |
+--------------------------+--------+
|gmem0_0_addr_read_reg_1306|   32   |
|   gmem0_0_addr_reg_1238  |   32   |
|gmem0_1_addr_read_reg_1316|   32   |
|   gmem0_1_addr_reg_1250  |   32   |
|gmem0_2_addr_read_reg_1321|   32   |
|   gmem0_2_addr_reg_1256  |   32   |
|gmem0_3_addr_read_reg_1326|   32   |
|   gmem0_3_addr_reg_1262  |   32   |
|gmem1_0_addr_read_reg_1311|   32   |
|   gmem1_0_addr_reg_1244  |   32   |
|gmem1_1_addr_read_reg_1331|   32   |
|   gmem1_1_addr_reg_1268  |   32   |
|gmem1_2_addr_read_reg_1336|   32   |
|   gmem1_2_addr_reg_1274  |   32   |
|gmem1_3_addr_read_reg_1341|   32   |
|   gmem1_3_addr_reg_1280  |   32   |
|   gmem2_0_addr_reg_1367  |   64   |
|   gmem2_1_addr_reg_1360  |   64   |
|   gmem2_2_addr_reg_1353  |   64   |
|   gmem2_3_addr_reg_1346  |   64   |
|        i1_reg_1147       |    5   |
|    or_ln22_1_reg_1379    |   64   |
|    or_ln22_2_reg_1384    |   64   |
|    or_ln22_3_reg_1389    |   64   |
|      or_ln_reg_1374      |   64   |
|     p_cast1_reg_1291     |   61   |
|     p_cast2_reg_1296     |   61   |
|     p_cast3_reg_1301     |   61   |
|      p_cast_reg_1286     |   61   |
|   shiftreg163_reg_1161   |   32   |
|   shiftreg184_reg_1168   |   32   |
|   shiftreg205_reg_1175   |   32   |
|   shiftreg226_reg_1182   |   32   |
|   shiftreg247_reg_1189   |   32   |
|   shiftreg268_reg_1196   |   32   |
|   shiftreg289_reg_1203   |   32   |
|    shiftreg2_reg_1154    |   32   |
|   shiftreg3010_reg_1210  |   64   |
|   shiftreg3212_reg_1217  |   64   |
|   shiftreg3414_reg_1224  |   64   |
|   shiftreg3616_reg_1231  |   64   |
+--------------------------+--------+
|           Total          |  1785  |
+--------------------------+--------+

* Multiplexer (MUX) list: 
|--------|------|------|------|--------|
|  Comp  |  Pin | Size |  BW  | S x BW |
|--------|------|------|------|--------|
|  Total |      |      |      |    0   |
|--------|------|------|------|--------|



* Summary:
+-----------+--------+--------+
|           |   FF   |   LUT  |
+-----------+--------+--------+
|  Function |    0   |   69   |
|   Memory  |    -   |    -   |
|Multiplexer|    -   |    -   |
|  Register |  1785  |    -   |
+-----------+--------+--------+
|   Total   |  1785  |   69   |
+-----------+--------+--------+
